GameNo,Date,Player1,Player2,OppKey,OppRating_Display,RatingType,Result,New,Tot,Exp,Pts
1,2018-01-06,Aishwarya Lutchman Singh,Steve Williams (Cwm),NA,1819,G1,1,1459,0.1,0.1,1
2,2018-01-06,Aishwarya Lutchman Singh,Conor Gay,NA,1814,ECF,0,1456,0.2,0.1,1
3,2018-01-07,Aishwarya Lutchman Singh,Tomasz Miga,NA,1724,W1,0,1451,0.35,0.15,1
4,2018-01-07,Aishwarya Lutchman Singh,Richard Livermore,NA,1719,G1,0,1446,0.5,0.15,1
5,2018-01-08,Aishwarya Lutchman Singh,Dave Mahoney,158,1185,E1,1,1452,1.31,0.81,2
6,2018-01-29,Aishwarya Lutchman Singh,Callum Penny,185,947,E1,1,1455,2.21,0.9,3
7,2018-02-12,Aishwarya Lutchman Singh,Gareth Harding,89,1413,E1,0,1439,2.73,0.52,3
8,2018-02-19,Aishwarya Lutchman Singh,Phil Buttle,24,1497,E1,1,1458,3.14,0.41,4
9,2018-02-20,Aishwarya Lutchman Singh,Muhieddin Hamadah,86,1325,E1,1,1469,3.78,0.64,5
10,2018-03-05,Aishwarya Lutchman Singh,Chris Peters,188,1591,E1,0,1460,4.06,0.28,5
11,2018-03-10,Aishwarya Lutchman Singh,Ifan Rathbone-Jones,NA,1870,N1,0,1457,4.16,0.1,5
12,2018-03-10,Aishwarya Lutchman Singh,Daniel Jaberansari,108,1511,E1,0,1444,4.55,0.39,5
13,2018-03-10,Aishwarya Lutchman Singh,Fred Houldey,NA,850,Est,1,1448,5.45,0.9,6
14,2018-03-11,Aishwarya Lutchman Singh,David McIntosh,NA,1652,G1,0,1441,5.67,0.22,6
15,2018-03-11,Aishwarya Lutchman Singh,Neya Govindaraj,78,1420,E1,0,1424,6.18,0.51,6
16,2018-03-11,Aishwarya Lutchman Singh,Callum Smith,230,1316,E1,1,1435,6.84,0.66,7
17,2018-03-12,Aishwarya Lutchman Singh,John Ryles,215,1606,E1,0,1426,7.11,0.27,7
18,2018-03-27,Aishwarya Lutchman Singh,Bill Davies,47,1306,E1,0.5,1421,7.78,0.67,7.5
19,2018-04-16,Aishwarya Lutchman Singh,Nadi Grewal,82,1410,E1,1,1436,8.31,0.53,8.5
20,2018-04-17,Aishwarya Lutchman Singh,Simon Davis,57,1163,E1,1,1442,9.14,0.83,9.5
21,2018-04-23,Aishwarya Lutchman Singh,Chris Hooper,98,1487,E1,0,1428,9.56,0.42,9.5
22,2018-04-30,Aishwarya Lutchman Singh,Sam White,271,1454,E1,0.5,1429,10.03,0.47,10
1,2018-01-30,Alan MacDonald,Roy Purnell,193,1185,E1,0,968,0.23,0.23,0
1,2018-01-03,Alan Spice,Derek Smith,231,1861,E1,1,2016,0.7,0.7,1
2,2018-01-17,Alan Spice,Steve Curtis,45,2060,E1,1,2025,1.13,0.43,2
3,2018-01-30,Alan Spice,Pete Heaven,93,2111,E1,0,2019,1.49,0.36,2
4,2018-02-14,Alan Spice,Bill Hunt,104,1832,E1,0.5,2015,2.23,0.74,2.5
5,2018-02-26,Alan Spice,John D Thornton,252,1974,E1,0.5,2015,2.78,0.55,3
6,2018-03-14,Alan Spice,Chris Howells,100,1946,E1,0,2005,3.37,0.59,3
7,2018-03-26,Alan Spice,Matthew Davies,NA,1988,W1,0,1997,3.9,0.53,3
8,2018-04-11,Alan Spice,Pete Heaven,93,2111,E1,0,1991,4.26,0.36,3
9,2018-04-26,Alan Spice,Calum Harris,91,1906,E1,0.5,1989,4.9,0.64,3.5
1,2018-02-05,Aled George,Viv Martin,160,1643,E1,0.5,1505,0.31,0.31,0.5
2,2018-02-20,Aled George,Sam Warburton,268,1425,E1,0.5,1502,0.91,0.6,1
3,2018-02-21,Aled George,Russell Dodington,61,1721,E1,0.5,1511,1.13,0.22,1.5
4,2018-03-20,Aled George,John Stephenson,240,1517,E1,0.5,1512,1.6,0.47,2
5,2018-04-16,Aled George,Mark Smith,233,1868,E1,0.5,1525,1.7,0.1,2.5
6,2018-04-17,Aled George,Phil Smith,236,1525,E1,0.5,1526,2.16,0.46,3
7,2018-04-23,Aled George,Mike Servini,221,1582,E1,1,1546,2.54,0.38,4
8,2018-04-25,Aled George,Kam Choo Yin,31,1648,E1,0.5,1552,2.84,0.3,4.5
9,2018-04-30,Aled George,Will Harwood,92,1792,E1,0,1547,2.99,0.15,4.5
10,2018-05-14,Aled George,Leon Jansen van Rensburg,114,1599,E2,0,1536,3.35,0.36,4.5
1,2018-01-03,Alex Bullen,Tom Brown,20,2116,,1,2138,0.52,0.52,1
2,2018-01-04,Alex Bullen,John Waterfield,NA,2027,,0.5,2135,1.16,0.64,1.5
3,2018-01-05,Alex Bullen,Matthew Parry,NA,1981,,1,2140,1.86,0.7,2.5
4,2018-01-06,Alex Bullen,Huw Morcam,NA,1931,,1,2144,2.62,0.76,3.5
5,2018-01-06,Alex Bullen,Peter Ehsandar,63,2054,,1,2150,3.23,0.61,4.5
6,2018-01-07,Alex Bullen,Jonathan Blackburn,NA,2264,,0.5,2153,3.55,0.32,5
7,2018-01-07,Alex Bullen,Tim Kett,134,2304,,0,2149,3.82,0.27,5
8,2018-01-13,Alex Bullen,Akito Oyama,NA,2254,,0,2144,4.15,0.33,5
9,2018-01-14,Alex Bullen,Norman A Hutchinson,NA,2070,,0.5,2142,4.73,0.58,5.5
10,2018-01-17,Alex Bullen,Javier Martin Perez,159,2059,FM,0,2133,5.33,0.6,5.5
11,2018-01-21,Alex Bullen,Alan Young,NA,2075,,0.5,2131,5.91,0.58,6
12,2018-01-24,Alex Bullen,Pete Heaven,93,2111,,0.5,2131,6.44,0.53,6.5
13,2018-01-31,Alex Bullen,Peter Ehsandar,63,2054,,1,2137,7.05,0.61,7.5
14,2018-02-10,Alex Bullen,Donald J Mason,NA,2222,,0.5,2139,7.42,0.37,8
15,2018-02-11,Alex Bullen,Ali R Jaunooby,NA,2206,,1,2149,7.81,0.39,9
16,2018-02-14,Alex Bullen,Matthew Davies,NA,1988,,1,2154,8.5,0.69,10
17,2018-02-21,Alex Bullen,Tom Brown,20,2116,,1,2162,9.02,0.52,11
18,2018-03-14,Alex Bullen,Edward Donovan,62,1855,,1,2164,9.85,0.83,12
19,2018-03-17,Alex Bullen,Alexis M Harakis,NA,2310,,0,2160,10.11,0.26,12
20,2018-03-18,Alex Bullen,Richard J McMichael,NA,2262,CM,1,2171,10.43,0.32,13
21,2018-03-22,Alex Bullen,John Waterfield,NA,2027,,0,2161,11.07,0.64,13
22,2018-03-28,Alex Bullen,Gareth Yeo,283,2000,,0.5,2158,11.75,0.68,13.5
23,2018-03-30,Alex Bullen,Joe Fathallah,67,2020,,0.5,2156,12.4,0.65,14
24,2018-03-30,Alex Bullen,Nigel Ralphs,196,2092,,0,2147,12.95,0.55,14
25,2018-03-31,Alex Bullen,Venetia Sivarajasingam,227,1754,WCM,0,2132,13.85,0.9,14
26,2018-04-01,Alex Bullen,Peter Ehsandar,63,2054,,0.5,2131,14.46,0.61,14.5
27,2018-04-02,Alex Bullen,Imogen Camp,NA,1930,WCM,1,2134,15.22,0.76,15.5
28,2018-04-02,Alex Bullen,Allan Pleasants,NA,2166,,0.5,2135,15.67,0.45,16
29,2018-04-09,Alex Bullen,Ioan Rees,198,2342,FM,0.5,2139,0.23,0.23,0.5
30,2018-04-17,Alex Bullen,Tim Kett,134,2292,,0.5,2143,0.52,0.29,1
31,2018-05-02,Alex Bullen,Alun Smith,229,1563,,1,2144,1.42,0.9,2
32,2018-05-05,Alex Bullen,Jonathan W Arnott,NA,2094,,0,2135,1.98,0.56,2
33,2018-05-06,Alex Bullen,Zaki Harari,NA,1990,,0.5,2132,2.68,0.7,2.5
34,2018-05-07,Alex Bullen,Peter JE Ackley,NA,2126,,0.5,2132,3.19,0.51,3
35,2018-05-20,Alex Bullen,John D Thornton,252,1974,,0.5,2128,3.91,0.72,3.5
36,2018-05-23,Alex Bullen,Steve Lindsay,144,1812,,0.5,2123,4.78,0.87,4
37,2018-05-26,Alex Bullen,Chris Boyd,NA,1920,,1,2126,5.56,0.78,5
38,2018-05-26,Alex Bullen,Peter Martin,NA,2126,,1,2134,6.07,0.51,6
39,2018-05-27,Alex Bullen,Keith C Arkell,NA,2526,GM,0,2132,6.17,0.1,6
40,2018-05-27,Alex Bullen,Peter W Cusick,NA,1982,,0,2121,6.88,0.71,6
41,2018-05-28,Alex Bullen,Graham Bolt,NA,2134,,1,2129,7.38,0.5,7
42,2018-05-28,Alex Bullen,Andrew C Waters,NA,1894,,0,2116,8.18,0.8,7
43,2018-06-04,Alex Bullen,Steve Cunliffe,43,2014,,1,2121,8.85,0.67,8
44,2018-06-13,Alex Bullen,Pete Heaven,93,2156,,0.5,2122,9.32,0.47,8.5
1,2018-01-09,Alun Howell,Peter Ballantyne,10,1689,E1,1,1712,0.52,0.52,1
2,2018-01-15,Alun Howell,Sam Warburton,268,1425,E1,1,1716,1.35,0.83,2
3,2018-01-22,Alun Howell,Roy Thomas,249,1720,E1,0,1704,1.82,0.47,2
4,2018-02-05,Alun Howell,Tom Cooke,39,1665,E1,0.5,1703,2.37,0.55,2.5
5,2018-02-16,Alun Howell,Alan Young,NA,2075,W1,0,1701,2.47,0.1,2.5
6,2018-02-17,Alun Howell,Malcolm Probert,NA,1637,W1,0,1687,3.06,0.59,2.5
7,2018-02-17,Alun Howell,Colin Denham,NA,1659,D1,0.5,1685,3.62,0.56,3
8,2018-02-18,Alun Howell,Bob Hurn,106,1670,E1,0.5,1684,4.16,0.54,3.5
9,2018-02-18,Alun Howell,Leon Jansen van Rensburg,114,1639,E1,1,1694,4.75,0.59,4.5
10,2018-02-19,Alun Howell,Bill Harle,90,1675,E1,0.5,1693,5.29,0.54,5
11,2018-03-13,Alun Howell,David Rovaretti,213,1743,E1,1,1706,5.73,0.44,6
12,2018-03-19,Alun Howell,Steve Lindsay,144,1812,E1,0,1698,6.08,0.35,6
13,2018-04-10,Alun Howell,Jeff Rowland,214,1629,E1,0.5,1696,6.68,0.6,6.5
14,2018-04-16,Alun Howell,Martin Ricketts,202,1384,E1,1,1699,7.55,0.87,7.5
1,2018-01-08,Alun Smith,Nadi Grewal,82,1410,E1,1,1572,0.71,0.71,1
2,2018-01-16,Alun Smith,Daniel Jaberansari,108,1511,E1,0.5,1570,1.28,0.57,1.5
3,2018-01-30,Alun Smith,Kam Choo Yin,31,1648,E1,1,1590,1.66,0.38,2.5
4,2018-02-06,Alun Smith,Dai James,110,1957,E1,0.5,1603,1.76,0.1,3
5,2018-03-07,Alun Smith,Marcell Vesz,263,1631,E1,0.5,1606,2.16,0.4,3.5
6,2018-03-20,Alun Smith,Peter Ballantyne,10,1689,E1,0,1595,2.49,0.33,3.5
7,2018-03-30,Alun Smith,Hefin Jones,NA,1295,N1,1,1601,3.32,0.83,4.5
8,2018-03-30,Alun Smith,Dewi Jones,NA,1636,N1,0.5,1604,3.72,0.4,5
9,2018-03-31,Alun Smith,Chris Peters,188,1591,E1,0.5,1605,4.18,0.46,5.5
10,2018-04-01,Alun Smith,Rosie Christmas,33,1133,E1,1,1608,5.08,0.9,6.5
11,2018-04-02,Alun Smith,Chris Fraser,NA,1622,ECF,1,1627,5.5,0.42,7.5
12,2018-04-02,Alun Smith,Kevin D Langmaid,NA,1518,ECF,1,1641,6.06,0.56,8.5
13,2018-04-09,Alun Smith,Neil Owen,181,1760,E1,0.5,1649,6.3,0.24,9
14,2018-04-17,Alun Smith,Ryan Emmett,64,1619,E1,0.5,1652,6.72,0.42,9.5
15,2018-04-24,Alun Smith,Bob Hurn,106,1669,E2,0,1641,7.07,0.35,9.5
16,2018-05-02,Alun Smith,Alex Bullen,22,2135,E2,0,1638,7.17,0.1,9.5
17,2018-05-15,Alun Smith,Simon Blackmore,15,1640,E1,1,1657,7.56,0.39,10.5
1,2018-01-05,Andrew Di-Vetta,Simon Blackmore,15,1640,E1,1,1798,0.7,0.7,1
2,2018-01-06,Andrew Di-Vetta,Simon Gay,NA,2022,ECF,0.5,1805,0.91,0.21,1.5
3,2018-01-06,Andrew Di-Vetta,Gavin Jones,120,1658,E1,1,1813,1.59,0.68,2.5
4,2018-01-07,Andrew Di-Vetta,Dave Williams,NA,1593,G1,1,1819,2.35,0.76,3.5
5,2018-01-07,Andrew Di-Vetta,Conor Gay,NA,1814,ECF,0,1807,2.82,0.47,3.5
6,2018-01-13,Andrew Di-Vetta,H William Ingham,NA,1886,ECF,1,1822,3.19,0.37,4.5
7,2018-01-13,Andrew Di-Vetta,Chris P Timmins,NA,1958,ECF,0,1816,3.47,0.28,4.5
8,2018-01-13,Andrew Di-Vetta,David C Egginton,NA,1982,ECF,0,1810,3.72,0.25,4.5
9,2018-01-14,Andrew Di-Vetta,Paul Spiller,NA,1942,ECF,0,1803,4.02,0.3,4.5
10,2018-01-14,Andrew Di-Vetta,Jon Fisher,NA,1862,ECF,1,1817,4.42,0.4,5.5
11,2018-01-23,Andrew Di-Vetta,Ken Hannah,88,1735,E1,1,1827,5,0.58,6.5
12,2018-01-26,Andrew Di-Vetta,Philip J Kennedy,NA,1918,ECF,0.5,1831,5.33,0.33,7
13,2018-01-27,Andrew Di-Vetta,Alan W Brusey,NA,2006,ECF,0,1826,5.55,0.22,7
14,2018-01-27,Andrew Di-Vetta,Brendan O'Gorman,NA,1870,ECF,0.5,1828,5.94,0.39,7.5
15,2018-01-28,Andrew Di-Vetta,Ronnie Burton,NA,1894,ECF,1,1844,6.3,0.36,8.5
16,2018-01-28,Andrew Di-Vetta,Ivor S Annetts,NA,1830,ECF,1,1857,6.75,0.45,9.5
17,2018-01-30,Andrew Di-Vetta,Mark Smith,233,1868,E1,0,1848,7.14,0.39,9.5
18,2018-02-12,Andrew Di-Vetta,Chris Fox,72,1726,E1,1,1857,7.73,0.59,10.5
19,2018-02-16,Andrew Di-Vetta,Max French,NA,2078,ECF,0,1854,7.89,0.16,10.5
20,2018-02-17,Andrew Di-Vetta,David Buttell,NA,1792,W1,1,1866,8.39,0.5,11.5
21,2018-02-17,Andrew Di-Vetta,Tom Brown,20,2116,E1,0.5,1875,8.52,0.13,12
22,2018-02-18,Andrew Di-Vetta,Roy Thomas,249,1720,E1,0.5,1872,9.12,0.6,12.5
23,2018-02-18,Andrew Di-Vetta,Robert Taylor,NA,1900,G2,0.5,1876,9.47,0.35,13
24,2018-02-20,Andrew Di-Vetta,Adam Musson,NA,2097,W1,0,1872,9.61,0.14,13
25,2018-03-14,Andrew Di-Vetta,Jeff Rowland,214,1629,E1,0.5,1867,10.33,0.72,13.5
26,2018-03-24,Andrew Di-Vetta,Daniel Farkas,NA,2230,ECF,0,1865,0.1,0.1,0
27,2018-03-25,Andrew Di-Vetta,Ian J Wallis,NA,2078,ECF,0,1859,0.33,0.23,0
28,2018-03-27,Andrew Di-Vetta,David Llewellyn,145,1972,E1,1,1874,0.69,0.36,1
29,2018-03-30,Andrew Di-Vetta,John Cox,40,1424,E1,1,1877,1.59,0.9,2
30,2018-03-30,Andrew Di-Vetta,Dominic V Gibbs,NA,1910,ECF,0.5,1878,2.03,0.44,2.5
31,2018-03-31,Andrew Di-Vetta,Charles Summers,242,1846,E1,1,1890,2.56,0.53,3.5
32,2018-03-31,Andrew Di-Vetta,Chris P Timmins,NA,1958,ECF,0,1881,2.93,0.37,3.5
33,2018-04-01,Andrew Di-Vetta,Nicholas Evans,NA,2042,W1,0,1874,3.2,0.27,3.5
34,2018-04-02,Andrew Di-Vetta,Gareth Yeo,283,2000,E1,0,1867,3.52,0.32,3.5
35,2018-04-02,Andrew Di-Vetta,Bob Hurn,106,1669,E2,0,1848,4.28,0.76,3.5
36,2018-04-10,Andrew Di-Vetta,Tomasz Miga,NA,1724,W1,1,1856,4.97,0.69,4.5
37,2018-04-11,Andrew Di-Vetta,Chris Fox,72,1726,E1,1,1863,5.66,0.69,5.5
38,2018-04-18,Andrew Di-Vetta,Gerry Heap,NA,2168,D1,0,1860,5.8,0.14,5.5
39,2018-04-24,Andrew Di-Vetta,Bence Szakmany,244,1285,E1,1,1862,6.7,0.9,6.5
40,2018-04-30,Andrew Di-Vetta,Chris Howells,100,1946,E1,1,1877,7.09,0.39,7.5
41,2018-05-05,Andrew Di-Vetta,Martin J Clancy,NA,1918,ECF,0,1867,7.52,0.43,7.5
42,2018-05-06,Andrew Di-Vetta,Mark V Taylor,NA,1958,ECF,0.5,1870,7.89,0.37,8
43,2018-05-07,Andrew Di-Vetta,Chris Dixon,NA,1817,G1,0.5,1868,8.46,0.57,8.5
44,2018-05-18,Andrew Di-Vetta,Godfrey TM McCann,NA,1918,ECF,0,1858,8.89,0.43,8.5
45,2018-05-19,Andrew Di-Vetta,Roy K Shapland,NA,1742,ECF,0,1842,9.56,0.67,8.5
46,2018-05-19,Andrew Di-Vetta,Gareth R Williams,NA,1726,ECF,0,1825,10.25,0.69,8.5
47,2018-05-20,Andrew Di-Vetta,Michael F Redmond,NA,1790,ECF,0,1810,10.86,0.61,8.5
48,2018-05-20,Andrew Di-Vetta,Sam Jukes,128,1840,E2,1,1821,11.4,0.54,9.5
49,2018-05-25,Andrew Di-Vetta,Peter K Tart,NA,2006,ECF,0,1814,11.71,0.31,9.5
50,2018-05-26,Andrew Di-Vetta,Nick Burrows,NA,2078,ECF,0,1808,11.94,0.23,9.5
51,2018-05-26,Andrew Di-Vetta,Viktor Jamroz,NA,1886,ECF,0.5,1809,12.41,0.47,10
52,2018-05-27,Andrew Di-Vetta,Timothy J Davis,NA,1958,ECF,0,1800,12.78,0.37,10
53,2018-05-28,Andrew Di-Vetta,Eric D Gardiner,NA,2142,ECF,0.5,1808,12.95,0.17,10.5
54,2018-05-28,Andrew Di-Vetta,Laura J Davidson,NA,1838,ECF,0.5,1807,13.49,0.54,11
1,2018-01-08,Andrew Jeanes,Viv Martin,160,1643,E1,0.5,1682,0.56,0.56,0.5
2,2018-01-18,Andrew Jeanes,Chris Peters,188,1591,E1,0.5,1678,1.19,0.63,1
3,2018-01-22,Andrew Jeanes,Leon Jansen van Rensburg,114,1639,E1,0.5,1677,1.75,0.56,1.5
4,2018-02-06,Andrew Jeanes,Gareth Davies,49,1342,E1,1,1680,2.64,0.89,2.5
5,2018-02-19,Andrew Jeanes,John Ryles,215,1606,E1,0.5,1677,3.25,0.61,3
6,2018-02-27,Andrew Jeanes,Gareth Yeo,283,2000,E1,0,1674,3.38,0.13,3
7,2018-03-05,Andrew Jeanes,Michael Arribas-Ayllon,7,1657,E1,0.5,1673,3.92,0.54,3.5
8,2018-03-06,Andrew Jeanes,Duncan MacDonald,154,1608,E1,0,1659,4.52,0.6,3.5
9,2018-03-29,Andrew Jeanes,Bob Hurn,106,1669,E2,0.5,1658,5.04,0.52,4
10,2018-04-09,Andrew Jeanes,Michael O'Leary,177,1408,E1,1,1662,5.87,0.83,5
11,2018-04-26,Andrew Jeanes,Perry Khanna,135,1950,E1,0,1658,6.04,0.17,5
1,2018-01-02,Andrew Trickey,Emyr Roberts,207,1524,E1,0,1635,0.67,0.67,0
2,2018-01-08,Andrew Trickey,Milo Davies,52,1212,E1,1,1637,1.57,0.9,1
3,2018-02-12,Andrew Trickey,Leon Jansen van Rensburg,114,1639,E1,1,1649,2.09,0.52,2
4,2018-02-27,Andrew Trickey,Tony Gutteridge,85,1474,E1,0,1631,2.82,0.73,2
5,2018-03-05,Andrew Trickey,Sam Warburton,268,1425,E1,0.5,1624,3.61,0.79,2.5
1,2018-01-22,Anish Choudhury,Peter Slater,228,1612,E1,0,1113,0.1,0.1,0
2,2018-01-29,Anish Choudhury,Kevin O'Rourke,178,1133,E1,1,1129,0.58,0.48,1
3,2018-02-09,Anish Choudhury,Ned Glass,NA,1166,ECF-Rapid,0,1116,1.01,0.43,1
4,2018-03-19,Anish Choudhury,Sam Goodfellow,NA,1250,G1,0,1105,1.33,0.32,1
5,2018-03-26,Anish Choudhury,John Callan,27,1249,E1,1,1127,1.65,0.32,2
1,2018-01-25,Anlan Qiu,Toby JB Martin,NA,1574,ECF-Rapid,1,1658,0.6,0.6,1
2,2018-02-09,Anlan Qiu,Jack Blackburn,NA,1382,ECF,0,1638,1.43,0.83,1
3,2018-03-19,Anlan Qiu,Rachel McIntosh,NA,1546,G1,0.5,1634,2.07,0.64,1.5
1,2018-01-05,Anshul Swamy,Yuxuan Wu,282,1200,E1,0,944,0.19,0.19,0
2,2018-01-06,Anshul Swamy,Vedant Lutchman Singh,151,850,E1,1,955,0.83,0.64,1
3,2018-01-06,Anshul Swamy,Joel Chung,NA,1165,W1,0,948,1.05,0.22,1
4,2018-01-07,Anshul Swamy,Ben Jaberansari,107,1024,E1,1,968,1.45,0.4,2
5,2018-01-07,Anshul Swamy,Daniel Chung,NA,1288,W1,0.5,980,1.57,0.12,2.5
6,2018-02-13,Anshul Swamy,Bill Davies,47,1306,E1,0.5,993,1.67,0.1,3
7,2018-02-24,Anshul Swamy,Ellison Smith,232,1379,E1,0,989,1.77,0.1,3
8,2018-02-24,Anshul Swamy,Rhys Matthews,162,1243,E1,1,1017,1.92,0.15,4
9,2018-02-24,Anshul Swamy,Bence Szakmany,244,1285,E1,0,1013,2.04,0.12,4
10,2018-02-25,Anshul Swamy,Daniel Chung,NA,1288,W1,0,1009,2.16,0.12,4
11,2018-02-25,Anshul Swamy,Zachary Bragg,NA,1065,N1,0,998,2.5,0.34,4
12,2018-03-30,Anshul Swamy,Kevin D Langmaid,NA,1518,ECF,0,995,2.6,0.1,4
13,2018-03-31,Anshul Swamy,Marcell Vesz,263,1631,E1,0,992,2.7,0.1,4
14,2018-03-31,Anshul Swamy,Chris P Smith,NA,1446,ECF,0,988,2.8,0.1,4
15,2018-04-01,Anshul Swamy,Jeremy Jones,122,1520,E1,0,985,2.9,0.1,4
16,2018-05-14,Anshul Swamy,Mike Colwill,36,1002,E1,0.5,987,3.33,0.43,4.5
1,2018-01-02,Anthony Baker,Tony Gutteridge,85,1474,E1,1,1564,0.61,0.61,1
2,2018-04-09,Anthony Baker,Mike Maguire,157,1586,E1,0.5,1566,1.06,0.45,1.5
3,2018-05-14,Anthony Baker,Hiya Ray,197,1730,E2,0,1558,1.32,0.26,1.5
1,2018-01-02,Anthony Williams,Bill Davies,47,1306,E1,1,1079,0.19,0.19,1
2,2018-01-08,Anthony Williams,Tom Schuchardt,218,850,E1,1,1087,0.95,0.76,2
3,2018-04-17,Anthony Williams,Vedant Lutchman Singh,151,850,E1,1,1094,1.71,0.76,3
4,2018-05-01,Anthony Williams,Roland Humphries,103,1199,E1,0.5,1101,2.01,0.3,3.5
1,2018-01-16,Aron Calist,Gareth Davies,49,1342,E1,0.5,1328,0.48,0.48,0.5
2,2018-01-25,Aron Calist,Ben Veale,NA,1062,ECF-Rapid,1,1333,1.31,0.83,1.5
3,2018-01-29,Aron Calist,Stephen Lambourne,136,1439,E1,0.5,1338,1.66,0.35,2
4,2018-02-09,Aron Calist,Oliver Griffiths,NA,1478,ECF-Rapid,1,1360,1.96,0.3,3
5,2018-03-13,Aron Calist,Tony Gutteridge,85,1474,E1,1,1383,2.26,0.3,4
6,2018-03-19,Aron Calist,Neil Stevenson,NA,1387,G1,0,1369,2.68,0.42,4
7,2018-04-09,Aron Calist,Muhieddin Hamadah,86,1325,E1,0.5,1369,3.18,0.5,4.5
1,2018-01-06,Ashika Shahameeran,Marque Fernando,69,1250,E1,0,1087,0.29,0.29,0
2,2018-01-06,Ashika Shahameeran,Margaret Baron,NA,850,D1,1,1093,1.1,0.81,1
3,2018-01-07,Ashika Shahameeran,Daniel Chung,NA,1288,W1,0.5,1101,1.35,0.25,1.5
4,2018-01-07,Ashika Shahameeran,Yuxuan Wu,282,1200,E1,0.5,1105,1.71,0.36,2
5,2018-01-16,Ashika Shahameeran,Callum Smith,230,1316,E1,0.5,1114,1.93,0.22,2.5
6,2018-01-20,Ashika Shahameeran,Rebecca Correa,NA,1374,ECF,0,1109,2.09,0.16,2.5
7,2018-01-20,Ashika Shahameeran,Milo Davies,52,1212,E1,0,1098,2.43,0.34,2.5
8,2018-01-20,Ashika Shahameeran,Om Sikaria,NA,1246,ECF,1,1121,2.73,0.3,3.5
9,2018-01-21,Ashika Shahameeran,Amrissa Kaur Johal,NA,1254,ECF-Rapid,0,1111,3.02,0.29,3.5
10,2018-01-21,Ashika Shahameeran,Arjun Vadgama,NA,1350,ECF-Rapid,0,1106,3.2,0.18,3.5
11,2018-02-21,Ashika Shahameeran,David Thorne,251,1330,E1,0.5,1115,3.4,0.2,4
12,2018-03-13,Ashika Shahameeran,Bence Szakmany,244,1285,E1,0.5,1123,3.65,0.25,4.5
13,2018-04-30,Ashika Shahameeran,David Roberts,205,1457,E1,0,1120,3.75,0.1,4.5
14,2018-06-02,Ashika Shahameeran,Jerry Z Zheng,NA,1558,ECF,0,1117,3.85,0.1,4.5
15,2018-06-03,Ashika Shahameeran,Amaan Kassey,NA,1438,ECF-Rapid,0,1113,3.96,0.11,4.5
16,2018-06-03,Ashika Shahameeran,Tashika Arora,NA,1294,ECF,0.5,1122,4.2,0.24,5
1,2018-01-05,Ben Jaberansari,Edward Mason,161,1399,E1,0,1021,0.1,0.1,0
2,2018-01-06,Ben Jaberansari,Dilusha Fernando,68,950,E1,0,1002,0.7,0.6,0
3,2018-01-07,Ben Jaberansari,Anshul Swamy,243,950,E1,0,982,1.3,0.6,0
4,2018-01-07,Ben Jaberansari,Vedant Lutchman Singh,151,850,E1,1,991,2.03,0.73,1
5,2018-01-20,Ben Jaberansari,Zoha Ashraf,NA,1406,ECF,0.5,1004,2.13,0.1,1.5
6,2018-01-20,Ben Jaberansari,Jason Lv,NA,1382,ECF,0,1001,2.23,0.1,1.5
7,2018-01-20,Ben Jaberansari,Prasanna Sivakumar,NA,1486,ECF-Rapid,1,1029,2.33,0.1,2.5
8,2018-01-21,Ben Jaberansari,Lucas Barnett-Harris,NA,1382,ECF,0,1026,2.43,0.1,2.5
9,2018-01-21,Ben Jaberansari,Robert Goodwin,NA,1278,N1,0,1020,2.61,0.18,2.5
10,2018-06-02,Ben Jaberansari,Ben Crosby,NA,1486,ECF-Rapid,0,1017,2.71,0.1,2.5
11,2018-06-02,Ben Jaberansari,Raina Jithendra,NA,1350,ECF,0,1013,2.83,0.12,2.5
12,2018-06-03,Ben Jaberansari,Benny Bacon,NA,1630,ECF-Rapid,0.5,1026,2.93,0.1,3
13,2018-06-03,Ben Jaberansari,Hari Chowdury,NA,1486,ECF-Rapid,0,1023,3.03,0.1,3
1,2018-01-15,Ben Thomas,Justin Morgans,171,1765,E1,0,1995,0.8,0.8,0
2,2018-02-05,Ben Thomas,John Waterfield,NA,2027,G1,0.5,1996,1.27,0.47,0.5
3,2018-02-19,Ben Thomas,Jake Hurley,105,1864,E1,1,2001,1.96,0.69,1.5
4,2018-03-20,Ben Thomas,Jonathan James,111,2005,E1,0.5,2001,2.46,0.5,2
5,2018-04-04,Ben Thomas,Bill Hunt,104,1832,E1,1,2005,3.19,0.73,3
6,2018-04-16,Ben Thomas,Steve Lindsay,144,1812,E1,1,2009,3.95,0.76,4
7,2018-04-30,Ben Thomas,John Stephenson,240,1517,E1,1,2010,4.85,0.9,5
1,2018-01-15,Bence Szakmany,Nadi Grewal,82,1410,E1,1,1306,0.33,0.33,1
2,2018-01-16,Bence Szakmany,Tony Gutteridge,85,1474,E1,0,1298,0.58,0.25,1
3,2018-02-13,Bence Szakmany,Edwin Allen,3,1344,E1,0.5,1301,1,0.42,1.5
4,2018-02-24,Bence Szakmany,Yuxuan Wu,282,1200,E1,0,1281,1.62,0.62,1.5
5,2018-02-24,Bence Szakmany,Lili Evans,NA,850,Est,1,1284,2.52,0.9,2.5
6,2018-02-24,Bence Szakmany,Anshul Swamy,243,950,E1,1,1288,3.4,0.88,3.5
7,2018-02-25,Bence Szakmany,Harry Wood,NA,950,Est,1,1292,4.28,0.88,4.5
8,2018-02-25,Bence Szakmany,Milo Davies,52,1212,E1,0,1273,4.88,0.6,4.5
9,2018-02-25,Bence Szakmany,William Roberts,210,933,E1,1,1276,5.77,0.89,5.5
10,2018-02-27,Bence Szakmany,Nadi Grewal,82,1410,E1,0.5,1282,6.1,0.33,6
11,2018-03-13,Bence Szakmany,Ashika Shahameeran,223,1096,E1,0.5,1274,6.85,0.75,6.5
12,2018-03-19,Bence Szakmany,Dave A Lewis,140,1652,E1,0,1271,6.95,0.1,6.5
13,2018-04-21,Bence Szakmany,Stewart D Day,NA,1350,ECF-Rapid,0.5,1273,7.36,0.41,7
14,2018-04-21,Bence Szakmany,Max Rogers,NA,1206,ECF,0.5,1270,7.97,0.61,7.5
15,2018-04-21,Bence Szakmany,Jishnu R Rajaram,NA,1126,ECF,1,1279,8.68,0.71,8.5
16,2018-04-22,Bence Szakmany,Tycho Twohig,262,1059,E1,0.5,1270,9.47,0.79,9
17,2018-04-22,Bence Szakmany,Sam Bird,NA,1070,ECF-Rapid,0.5,1261,10.25,0.78,9.5
18,2018-04-24,Bence Szakmany,Andrew Di-Vetta,60,1867,E2,0,1258,10.35,0.1,9.5
19,2018-05-01,Bence Szakmany,Tim Kett,134,2292,E2,0,1255,10.45,0.1,9.5
20,2018-05-14,Bence Szakmany,Roland Humphries,103,1199,E1,0,1235,11.07,0.62,9.5
21,2018-05-15,Bence Szakmany,Rhys Davies,54,1000,E1,1,1240,11.91,0.84,10.5
22,2018-06-02,Bence Szakmany,Timothy Hedger,NA,1694,ECF,0,1237,12.01,0.1,10.5
23,2018-06-03,Bence Szakmany,Zoha Ashraf,NA,1438,ECF-Rapid,0.5,1243,12.3,0.29,11
24,2018-06-03,Bence Szakmany,Arthur Page,NA,1558,ECF-Rapid,0,1238,12.47,0.17,11
1,2018-01-13,Benjamin Choo Yin,Nigel S Towers,NA,1926,ECF,0,1972,0.58,0.58,0
2,2018-01-14,Benjamin Choo Yin,Nasarullah Sheikh,NA,1790,ECF,1,1978,1.34,0.76,1
3,2018-01-15,Benjamin Choo Yin,Simon Blackmore,15,1640,E1,0,1956,2.23,0.89,1
4,2018-01-21,Benjamin Choo Yin,Andrew Gibbons,NA,1997,W1,0,1945,2.71,0.48,1
5,2018-01-23,Benjamin Choo Yin,Philip French,NA,1897,G1,0.5,1942,3.33,0.62,1.5
6,2018-02-27,Benjamin Choo Yin,Roy Thomas,249,1720,E1,0.5,1934,4.16,0.83,2
7,2018-03-25,Benjamin Choo Yin,Alan K Crombleholme,NA,1974,ECF,0,1922,4.68,0.52,2
8,2018-04-11,Benjamin Choo Yin,Charles Summers,242,1846,E1,0,1905,5.37,0.69,2
1,2018-01-02,Bill Davies,Anthony Williams,273,1053,E1,0,1280,0.81,0.81,0
2,2018-01-22,Bill Davies,Richard H Morgan,170,1304,E1,0.5,1280,1.31,0.5,0.5
3,2018-02-06,Bill Davies,Bob Owen,179,1393,E1,1,1300,1.69,0.38,1.5
4,2018-02-13,Bill Davies,Anshul Swamy,243,950,E1,0.5,1287,2.59,0.9,2
5,2018-03-19,Bill Davies,Jonathan W Davies,50,1099,E1,0.5,1278,3.36,0.77,2.5
6,2018-03-27,Bill Davies,Aishwarya Lutchman Singh,148,1430,E1,0.5,1284,3.69,0.33,3
7,2018-04-10,Bill Davies,Sam White,271,1454,E1,0,1274,3.99,0.3,3
8,2018-04-17,Bill Davies,Muhieddin Hamadah,86,1325,E1,0,1259,4.46,0.47,3
9,2018-05-01,Bill Davies,James Williams,276,1114,E1,0,1235,5.21,0.75,3
10,2018-05-15,Bill Davies,Matthew Lunnon,147,1614,E1,0,1231,5.35,0.14,3
1,2018-01-08,Bill Harle,Dave Parsons,182,1814,E1,0.5,1680,0.31,0.31,0.5
2,2018-01-10,Bill Harle,Gavin Jones,120,1658,E1,0,1667,0.83,0.52,0.5
3,2018-01-21,Bill Harle,David Buttell,NA,1792,W1,0.5,1671,1.17,0.34,1
4,2018-02-07,Bill Harle,Will Harwood,92,1792,E1,0,1663,1.51,0.34,1
5,2018-02-14,Bill Harle,Jake Hurley,105,1864,E1,1,1681,1.76,0.25,2
6,2018-02-19,Bill Harle,Alun Howell,99,1700,E1,0.5,1682,2.22,0.46,2.5
7,2018-02-21,Bill Harle,Peter Quinn,195,1862,E1,0,1676,2.47,0.25,2.5
8,2018-02-28,Bill Harle,Peter Ballantyne,10,1689,E1,0.5,1676,2.95,0.48,3
9,2018-03-07,Bill Harle,Rob Dineen,59,1805,E1,0.5,1681,3.27,0.32,3.5
10,2018-03-14,Bill Harle,Peter Quinn,195,1862,E1,0.5,1687,3.52,0.25,4
11,2018-03-30,Bill Harle,Leon Jansen van Rensburg,114,1639,E1,0.5,1685,4.07,0.55,4.5
12,2018-03-30,Bill Harle,Rachel McIntosh,NA,1546,G1,0.5,1681,4.75,0.68,5
13,2018-03-31,Bill Harle,Mike Servini,221,1582,E1,0,1666,5.38,0.63,5
14,2018-03-31,Bill Harle,Susanna Fraser,73,1630,E1,0,1652,5.94,0.56,5
15,2018-04-01,Bill Harle,Chris Dixon,NA,1817,G1,0.5,1657,6.25,0.31,5.5
16,2018-04-02,Bill Harle,Peter Watkins,270,1367,E1,0.5,1648,7.11,0.86,6
17,2018-04-02,Bill Harle,Malcolm Probert,NA,1637,W1,0.5,1647,7.66,0.55,6.5
18,2018-04-04,Bill Harle,Mike Servini,221,1582,E1,1,1656,8.29,0.63,7.5
19,2018-04-16,Bill Harle,John Waterfield,NA,2031,G2,0.5,1666,8.39,0.1,8
20,2018-04-18,Bill Harle,Clive Crowley,42,1496,E1,1,1672,9.13,0.74,9
21,2018-04-22,Bill Harle,Adam Watkin-Jones,NA,1957,D1,0,1668,9.29,0.16,9
22,2018-04-25,Bill Harle,Justin Morgans,171,1791,E2,0.5,1672,9.63,0.34,9.5
23,2018-06-20,Bill Harle,Chris Fox,72,1726,E1,0,1662,10.06,0.43,9.5
1,2018-01-04,Bill Hunt,Dai James,110,1957,E1,1,1848,0.33,0.33,1
2,2018-01-08,Bill Hunt,Sam Jukes,128,1896,E1,1,1862,0.74,0.41,2
3,2018-01-10,Bill Hunt,Edward Donovan,62,1855,E1,0.5,1863,1.21,0.47,2.5
4,2018-01-18,Bill Hunt,Dai James,110,1957,E1,0.5,1867,1.54,0.33,3
5,2018-01-24,Bill Hunt,Edward Donovan,62,1855,E1,0,1856,2.01,0.47,3
6,2018-02-07,Bill Hunt,John McGregor,163,1927,E1,1,1871,2.38,0.37,4
7,2018-02-12,Bill Hunt,Femi Adebajo,2,1954,E1,0,1863,2.71,0.33,4
8,2018-02-14,Bill Hunt,Alan Spice,237,2011,E1,0.5,1869,2.97,0.26,4.5
9,2018-02-19,Bill Hunt,Justin Morgans,171,1765,E1,0,1855,3.56,0.59,4.5
10,2018-02-21,Bill Hunt,Peter Ehsandar,63,2054,E1,0.5,1861,3.78,0.22,5
11,2018-03-05,Bill Hunt,Mark Smith,233,1868,E1,1,1874,4.23,0.45,6
12,2018-03-07,Bill Hunt,Pete Heaven,93,2111,E1,0,1871,4.39,0.16,6
13,2018-03-20,Bill Hunt,Pete Heaven,93,2111,E1,0,1867,4.55,0.16,6
14,2018-03-30,Bill Hunt,Dai James,110,1957,E1,0,1859,4.88,0.33,6
15,2018-03-30,Bill Hunt,Kevin O'Rourke,178,1133,E1,1,1861,5.78,0.9,7
16,2018-03-31,Bill Hunt,Ken Hannah,88,1735,E1,0.5,1858,6.41,0.63,7.5
17,2018-03-31,Bill Hunt,Chris Dixon,NA,1817,G1,0.5,1858,6.93,0.52,8
18,2018-04-02,Bill Hunt,Paul Bridges,17,1840,E1,1,1870,7.42,0.49,9
19,2018-04-02,Bill Hunt,Gareth Yeo,283,2000,E1,0,1863,7.7,0.28,9
20,2018-04-04,Bill Hunt,Ben Thomas,246,2008,E1,0,1857,7.97,0.27,9
21,2018-04-23,Bill Hunt,Stephen Bonutto,16,1583,E1,1,1861,8.78,0.81,10
1,2018-03-07,Bill Wilkins,Callum Smith,230,1316,E1,0.5,1336,0.53,0.53,0.5
2,2018-03-28,Bill Wilkins,Ray Angle,5,1230,E1,1,1347,1.18,0.65,1.5
3,2018-04-25,Bill Wilkins,Duncan MacDonald,154,1619,E2,0,1342,1.34,0.16,1.5
1,2018-01-03,Bob Hurn,Leslie Blohm,NA,1991,,0,1667,0.13,0.13,0
2,2018-01-05,Bob Hurn,Conor Gay,NA,1814,,0,1659,0.44,0.31,0
3,2018-01-06,Bob Hurn,Les Philpin,NA,1547,,0.5,1655,1.11,0.67,0.5
4,2018-01-06,Bob Hurn,Kevin O'Rourke,178,1133,,1,1658,2.01,0.9,1.5
5,2018-01-07,Bob Hurn,Scott Hammett,NA,1504,,0.5,1652,2.73,0.72,2
6,2018-01-07,Bob Hurn,Liam Penny,186,1670,,1,1664,3.23,0.5,3
7,2018-01-08,Bob Hurn,Zane Allford,NA,1725,,1,1678,3.65,0.42,4
8,2018-01-15,Bob Hurn,Richard Livermore,NA,1719,,0.5,1680,4.08,0.43,4.5
9,2018-01-28,Bob Hurn,Neil Owen,181,1760,,0,1671,4.46,0.38,4.5
10,2018-01-29,Bob Hurn,David Lewis,141,1630,,1,1682,5.02,0.56,5.5
11,2018-01-31,Bob Hurn,R Brierley,NA,1200,,1,1684,5.92,0.9,6.5
12,2018-02-05,Bob Hurn,Paul Wallace,267,1414,,1,1688,6.74,0.82,7.5
13,2018-02-12,Bob Hurn,Tony Gutteridge,85,1474,,0.5,1682,7.5,0.76,8
14,2018-02-14,Bob Hurn,Dennis O Jones,NA,1784,,0.5,1686,7.84,0.34,8.5
15,2018-02-16,Bob Hurn,Robert Taylor,NA,1900,,0.5,1693,8.05,0.21,9
16,2018-02-17,Bob Hurn,Howard Williams,NA,2325,FM,0,1690,8.15,0.1,9
17,2018-02-17,Bob Hurn,Matthew Francis,NA,1762,,0,1682,8.52,0.37,9
18,2018-02-18,Bob Hurn,Alun Howell,99,1700,,0.5,1682,8.98,0.46,9.5
19,2018-02-18,Bob Hurn,John Miller,NA,1648,,0,1670,9.51,0.53,9.5
20,2018-02-20,Bob Hurn,Duncan MacDonald,154,1608,,0,1656,10.1,0.59,9.5
21,2018-02-26,Bob Hurn,Clive Silver,224,1519,,1,1663,10.8,0.7,10.5
22,2018-03-15,Bob Hurn,Roy Thomas,249,1720,,0.5,1664,11.23,0.43,11
23,2018-03-20,Bob Hurn,Andrew Owen,NA,1795,,1,1681,11.56,0.33,12
24,2018-03-26,Bob Hurn,Justin Morgans,171,1765,,0.5,1684,11.93,0.37,12.5
25,2018-03-27,Bob Hurn,Chris Peters,188,1591,,0,1669,12.54,0.61,12.5
26,2018-03-29,Bob Hurn,Andrew Jeanes,115,1683,,0.5,1669,0.48,0.48,0.5
27,2018-03-30,Bob Hurn,Chris P Timmins,NA,1958,,0,1666,0.63,0.15,0.5
28,2018-03-30,Bob Hurn,Steve Christmas,34,1956,,0.5,1674,0.79,0.16,1
29,2018-03-31,Bob Hurn,Chris Dixon,NA,1817,,0.5,1679,1.09,0.3,1.5
30,2018-03-31,Bob Hurn,Ernest M White,NA,1812,,0,1671,1.4,0.31,1.5
31,2018-04-01,Bob Hurn,Neya Govindaraj,78,1420,,0.5,1664,2.21,0.81,2
32,2018-04-02,Bob Hurn,John Cox,40,1424,,1,1669,3.02,0.81,3
33,2018-04-02,Bob Hurn,Andrew Di-Vetta,60,1867,,1,1687,3.26,0.24,4
34,2018-04-04,Bob Hurn,Peter Quinn,195,1862,,0,1681,3.51,0.25,4
35,2018-04-09,Bob Hurn,Ellison Smith,232,1584,,0.5,1678,4.13,0.62,4.5
36,2018-04-10,Bob Hurn,Michael Arribas-Ayllon,7,1657,,0.5,1677,4.65,0.52,5
37,2018-04-16,Bob Hurn,Simon Blackmore,15,1640,,1,1688,5.19,0.54,6
38,2018-04-17,Bob Hurn,Mark Emblem,NA,1383,,1,1692,6.03,0.84,7
39,2018-04-24,Bob Hurn,Alun Smith,229,1563,,1,1701,6.68,0.65,8
40,2018-05-11,Bob Hurn,Roger Greatorex,NA,1766,,0.5,1704,7.05,0.37,8.5
41,2018-05-12,Bob Hurn,Steve Williams (Cwm),NA,1758,,0.5,1707,7.43,0.38,9
42,2018-05-12,Bob Hurn,Michael Barooah,NA,1726,,0,1697,7.85,0.42,9
43,2018-05-13,Bob Hurn,Robin Kirkwood,NA,1630,,0.5,1695,8.4,0.55,9.5
44,2018-05-13,Bob Hurn,Rich Wiltshir,NA,1774,,0.5,1699,8.76,0.36,10
45,2018-05-14,Bob Hurn,Christine Muschiato,175,1534,,1,1706,9.44,0.68,11
46,2018-05-21,Bob Hurn,David Roberts,205,1457,,0,1688,10.21,0.77,11
47,2018-06-04,Bob Hurn,Clive Silver,224,1519,,1,1695,10.91,0.7,12
48,2018-06-11,Bob Hurn,Dwain Jones,119,1335,,1,1698,11.79,0.88,13
49,2018-06-18,Bob Hurn,Kevin O'Rourke,178,1133,,1,1700,12.69,0.9,14
50,2018-06-25,Bob Hurn,John D Thornton,252,1974,,1,1721,12.83,0.14,15
1,2018-01-18,Bob Owen,John Callan,27,1249,E1,0.5,1387,0.69,0.69,0.5
2,2018-01-31,Bob Owen,Muhieddin Hamadah,86,1325,E1,1,1400,1.29,0.6,1.5
3,2018-02-06,Bob Owen,Bill Davies,47,1306,E1,0,1380,1.91,0.62,1.5
4,2018-03-20,Bob Owen,Roy Purnell,193,1185,E1,1,1387,2.68,0.77,2.5
5,2018-03-27,Bob Owen,Kevin O'Rourke,178,1133,E1,0,1361,3.5,0.82,2.5
6,2018-04-09,Bob Owen,Nadi Grewal,82,1410,E1,0.5,1362,3.98,0.48,3
1,2018-01-08,Brian Turton,Erion Pici,190,954,E1,1,1367,0.9,0.9,1
2,2018-01-15,Brian Turton,Leon Jansen van Rensburg,114,1639,E1,0,1362,1.07,0.17,1
3,2018-02-20,Brian Turton,Paul Meara,165,1220,E1,1,1372,1.76,0.69,2
4,2018-03-05,Brian Turton,Simon Davis,57,1163,E1,0,1347,2.52,0.76,2
5,2018-03-20,Brian Turton,Rosie Christmas,33,1133,E1,1,1354,3.31,0.79,3
6,2018-04-04,Brian Turton,Gruff Jones,121,1618,E1,0,1348,3.49,0.18,3
7,2018-04-30,Brian Turton,Michael O'Leary,177,1408,E1,0,1334,3.93,0.44,3
1,2018-01-29,Callum Penny,Aishwarya Lutchman Singh,148,1430,E1,0,944,0.1,0.1,0
2,2018-04-09,Callum Penny,Reuben Ford,71,850,E1,0.5,940,0.73,0.63,0.5
1,2018-01-08,Callum Smith,Gwawr Evans,66,850,E1,1,1319,0.9,0.9,1
2,2018-01-16,Callum Smith,Ashika Shahameeran,223,1096,E1,0.5,1310,1.68,0.78,1.5
3,2018-01-20,Callum Smith,Basher Roreci,NA,1734,ECF,0.5,1323,1.78,0.1,2
4,2018-01-20,Callum Smith,Adam John,NA,1846,ECF,0,1320,1.88,0.1,2
5,2018-01-20,Callum Smith,Toby Kan,NA,1654,ECF,0,1316,2,0.12,2
6,2018-01-21,Callum Smith,Yacine El Bachir,NA,1614,ECF,1,1343,2.15,0.15,3
7,2018-01-21,Callum Smith,Oscar Dybowski,NA,1694,ECF,0,1340,2.25,0.1,3
8,2018-01-30,Callum Smith,Nayana Kalavala,129,1313,E1,0.5,1340,2.75,0.5,3.5
9,2018-02-06,Callum Smith,Roger Jenkins,116,1454,E1,1,1362,3.06,0.31,4.5
10,2018-03-07,Callum Smith,Bill Wilkins,272,1337,E1,0.5,1363,3.53,0.47,5
11,2018-03-10,Callum Smith,Duncan MacDonald,154,1608,E1,0,1358,3.68,0.15,5
12,2018-03-10,Callum Smith,Fred Houldey,NA,850,Est,1,1361,4.58,0.9,6
13,2018-03-10,Callum Smith,Neya Govindaraj,78,1420,E1,0.5,1366,4.94,0.36,6.5
14,2018-03-11,Callum Smith,Rachel McIntosh,NA,1546,G1,0.5,1375,5.15,0.21,7
15,2018-03-11,Callum Smith,Daniel Jaberansari,108,1511,E1,0,1367,5.4,0.25,7
16,2018-03-11,Callum Smith,Aishwarya Lutchman Singh,148,1430,E1,0,1356,5.74,0.34,7
17,2018-03-20,Callum Smith,Wayne James,112,1396,E1,1,1376,6.13,0.39,8
18,2018-03-30,Callum Smith,Yuxuan Wu,282,1200,E1,1,1387,6.79,0.66,9
19,2018-03-30,Callum Smith,Chris Peters,188,1591,E1,0.5,1397,6.96,0.17,9.5
20,2018-03-31,Callum Smith,Chris P Smith,NA,1446,ECF,1,1419,7.28,0.32,10.5
21,2018-04-01,Callum Smith,Ellison Smith,232,1379,E1,0,1406,7.69,0.41,10.5
22,2018-04-02,Callum Smith,Hefin Jones,NA,1295,N1,1,1421,8.22,0.53,11.5
23,2018-04-02,Callum Smith,Chris Fraser,NA,1622,ECF,0,1416,8.36,0.14,11.5
24,2018-04-09,Callum Smith,Richard Larg,137,1673,E1,0.5,1429,8.46,0.1,12
25,2018-04-24,Callum Smith,Stephen Lambourne,136,1439,E1,0.5,1435,8.79,0.33,12.5
26,2018-05-02,Callum Smith,Chris Fox,72,1726,E1,0,1430,0.15,0.15,0
27,2018-05-15,Callum Smith,Tom Davies,55,1133,E1,1,1435,1.01,0.86,1
1,2018-01-18,Calum Harris,Guy Wagner,266,1791,E1,1,1914,0.66,0.66,1
2,2018-01-30,Calum Harris,Chris Howells,100,1946,E1,0,1904,1.1,0.44,1
3,2018-02-27,Calum Harris,Pete Heaven,93,2111,E1,0,1898,1.33,0.23,1
4,2018-03-06,Calum Harris,Peter Slater,228,1612,E1,1,1902,2.18,0.85,2
5,2018-03-22,Calum Harris,Edward Donovan,62,1855,E1,0.5,1900,2.75,0.57,2.5
6,2018-03-29,Calum Harris,Richard Miles,NA,1965,G1,0,1890,3.17,0.42,2.5
7,2018-04-09,Calum Harris,Sam Jukes,128,1840,E2,0.5,1888,3.76,0.59,3
8,2018-04-26,Calum Harris,Alan Spice,237,2011,E1,0.5,1891,4.12,0.36,3.5
9,2018-05-04,Calum Harris,Chris Hooper,98,1487,E1,1,1894,5.02,0.9,4.5
10,2018-06-04,Calum Harris,Pete Heaven,93,2156,E2,0,1889,5.21,0.19,4.5
1,2018-01-15,Carys Davies,Gwawr Evans,66,850,E1,0,844,0.51,0.51,0
2,2018-04-09,Carys Davies,Reuben Bartholomew,13,850,E1,1,859,1.02,0.51,1
1,2018-01-03,Celso Bettencourt Pinto,Joe Fathallah,67,2020,,0,2017,0.51,0.51,0
2,2018-01-04,Celso Bettencourt Pinto,Mark Adams,NA,1981,,0,2008,1.07,0.56,0
3,2018-01-17,Celso Bettencourt Pinto,Edward Donovan,62,1855,,1,2012,1.8,0.73,1
4,2018-01-24,Celso Bettencourt Pinto,Javier Martin Perez,159,2059,FM,1,2021,2.25,0.45,2
5,2018-01-30,Celso Bettencourt Pinto,Rob Dineen,59,1805,,1,2025,3.03,0.78,3
6,2018-02-12,Celso Bettencourt Pinto,Chris Howells,100,1946,,1,2031,3.64,0.61,4
7,2018-02-14,Celso Bettencourt Pinto,Guy Wagner,266,1791,,1,2034,4.44,0.8,5
8,2018-02-26,Celso Bettencourt Pinto,Richard Miles,NA,1965,,0.5,2033,5.02,0.58,5.5
9,2018-03-07,Celso Bettencourt Pinto,Tim Kett,134,2304,,0,2030,5.18,0.16,5.5
10,2018-03-14,Celso Bettencourt Pinto,David Robinson,211,1951,,0.5,2029,5.78,0.6,6
11,2018-03-28,Celso Bettencourt Pinto,Rob Dineen,59,1805,,1,2032,6.56,0.78,7
12,2018-04-11,Celso Bettencourt Pinto,Gareth Yeo,283,2000,,0,2023,7.1,0.54,7
13,2018-04-16,Celso Bettencourt Pinto,Matthew Davies,NA,1988,,0.5,2023,7.65,0.55,7.5
14,2018-04-26,Celso Bettencourt Pinto,John Waterfield,NA,2031,,0,2015,8.14,0.49,7.5
15,2018-05-23,Celso Bettencourt Pinto,Matthew Lunnon,147,1614,,1,2016,9.04,0.9,8.5
1,2018-02-12,Charles Kett,Shane Cooksey,NA,1582,ECF,1,1487,0.34,0.34,1
1,2018-02-28,Charles Summers,Jonathan Kell,130,1869,E1,0.5,1847,0.47,0.47,0.5
2,2018-03-14,Charles Summers,Jonathan Kell,130,1869,E1,1,1859,0.94,0.47,1.5
3,2018-03-30,Charles Summers,Mike Servini,221,1582,E1,1,1864,1.76,0.82,2.5
4,2018-03-30,Charles Summers,Sam Jukes,128,1840,E2,0.5,1864,2.27,0.51,3
5,2018-03-31,Charles Summers,Andrew Di-Vetta,60,1867,E2,0,1852,2.74,0.47,3
6,2018-03-31,Charles Summers,Neil Stuart,NA,1734,W1,0,1837,3.39,0.65,3
7,2018-04-01,Charles Summers,Kevin O'Rourke,178,1133,E1,1,1839,4.29,0.9,4
8,2018-04-02,Charles Summers,Justin Morgans,171,1765,E1,0.5,1836,4.9,0.61,4.5
9,2018-04-02,Charles Summers,Mike Burrows,NA,1867,W1,0.5,1837,5.37,0.47,5
10,2018-04-03,Charles Summers,Mark Janas,113,1717,E1,1,1845,6.05,0.68,6
11,2018-04-11,Charles Summers,Benjamin Choo Yin,30,1986,E1,1,1861,6.36,0.31,7
1,2018-01-05,Chirag Guha,Svetlana Sucikova,NA,2118,WFM,0,1976,0.32,0.32,0
2,2018-01-06,Chirag Guha,Philip AM Zabrocki,NA,2086,,0.5,1980,0.68,0.36,0.5
3,2018-01-06,Chirag Guha,Richard J Webster,NA,1998,,0,1968,1.16,0.48,0.5
4,2018-01-07,Chirag Guha,Ben Marlow,NA,1846,,1,1976,1.85,0.69,1.5
5,2018-01-07,Chirag Guha,David W Gostelow,NA,1974,,0.5,1975,2.36,0.51,2
6,2018-01-09,Chirag Guha,Trevor J Holt,NA,1822,,1,1982,3.08,0.72,3
7,2018-01-14,Chirag Guha,Claire E McLaverty,NA,1861,,1,1990,3.75,0.67,4
8,2018-01-29,Chirag Guha,Gary Haime,NA,1846,,0,1973,4.44,0.69,4
9,2018-01-31,Chirag Guha,Keith Thomas,NA,1870,,0,1958,5.1,0.66,4
10,2018-03-05,Chirag Guha,Anthony Sadler,NA,1934,,1,1968,5.67,0.57,5
11,2018-03-17,Chirag Guha,Kayode Disu,NA,1990,,1,1980,6.16,0.49,6
12,2018-03-18,Chirag Guha,Philip M Stimpson,NA,1966,,1,1991,6.69,0.53,7
13,2018-04-04,Chirag Guha,Andy Pollock,NA,2006,,1,2004,7.16,0.47,8
14,2018-05-06,Chirag Guha,Lynda Smith,NA,1977,WCM,0.5,2004,7.67,0.51,8.5
15,2018-05-07,Chirag Guha,Thivyaa Rahulan,NA,2038,,1,2018,8.09,0.42,9.5
16,2018-03-24,Chirag Guha,Francis I Bowers,NA,1950,,0,2005,8.64,0.55,9.5
17,2018-04-21,Chirag Guha,Shabir Okhai,NA,2222,,0,2000,8.84,0.2,9.5
18,2018-04-21,Chirag Guha,Tim J Kendall,NA,1710,,1,2004,9.67,0.83,10.5
19,2018-04-21,Chirag Guha,Shyam Jagdish Modi,NA,2046,,0,1994,10.08,0.41,10.5
20,2018-04-22,Chirag Guha,Aditya Munshi,NA,2158,,1,2012,10.35,0.27,11.5
21,2018-04-22,Chirag Guha,Eric D Gardiner,NA,2142,,1,2029,10.64,0.29,12.5
1,2018-01-03,Chris Fox,Edward Donovan,62,1855,E1,1,1742,0.32,0.32,1
2,2018-01-18,Chris Fox,Daniel Wilmot,280,1882,E1,0,1735,0.61,0.29,1
3,2018-01-24,Chris Fox,Simon Blackmore,15,1640,E1,1,1744,1.23,0.62,2
4,2018-02-12,Chris Fox,Andrew Di-Vetta,60,1791,E1,0,1735,1.64,0.41,2
5,2018-02-14,Chris Fox,Jonathan Thomas,248,1600,E1,1,1743,2.31,0.67,3
6,2018-03-05,Chris Fox,Roy Thomas,249,1720,E1,1,1754,2.82,0.51,4
7,2018-03-14,Chris Fox,Michael Arribas-Ayllon,7,1657,E1,0.5,1752,3.42,0.6,4.5
8,2018-03-22,Chris Fox,Roy Thomas,249,1720,E1,1,1764,3.93,0.51,5.5
9,2018-03-30,Chris Fox,Peter Bevan,NA,2014,W1,0.5,1772,4.08,0.15,6
10,2018-03-30,Chris Fox,Ernest M White,NA,1812,G1,0.5,1775,4.46,0.38,6.5
11,2018-03-31,Chris Fox,David Buttell,NA,1792,W1,0,1765,4.87,0.41,6.5
12,2018-03-31,Chris Fox,Neya Govindaraj,78,1420,E1,1,1768,5.73,0.86,7.5
13,2018-04-01,Chris Fox,Ken Hannah,88,1735,E1,0,1757,6.22,0.49,7.5
14,2018-04-02,Chris Fox,Syringa Camp,NA,1725,N1,1,1769,6.72,0.5,8.5
15,2018-04-02,Chris Fox,Mike Servini,221,1582,E1,0,1752,7.41,0.69,8.5
16,2018-04-04,Chris Fox,Richard Larg,137,1673,E1,0.5,1750,7.98,0.57,9
17,2018-04-11,Chris Fox,Andrew Di-Vetta,60,1867,E2,0,1743,8.29,0.31,9
18,2018-04-17,Chris Fox,Vince Williams,278,1708,E1,0.5,1742,8.82,0.53,9.5
19,2018-05-02,Chris Fox,Callum Smith,230,1435,E2,1,1746,9.67,0.85,10.5
20,2018-05-23,Chris Fox,Mike McLoughlin,164,1361,E1,1,1748,10.57,0.9,11.5
21,2018-06-04,Chris Fox,Dave Parsons,182,1814,E1,0,1739,10.95,0.38,11.5
22,2018-06-13,Chris Fox,David Llewellyn,145,1972,E1,0,1735,11.14,0.19,11.5
23,2018-06-20,Chris Fox,Bill Harle,90,1675,E1,1,1745,11.71,0.57,12.5
1,2018-01-04,Chris Golding,John Callan,27,1249,E1,1,1494,0.8,0.8,1
2,2018-01-31,Chris Golding,Peter Ballantyne,10,1689,E1,0,1487,1.04,0.24,1
3,2018-02-05,Chris Golding,Dwain Jones,119,1335,E1,1,1496,1.75,0.71,2
4,2018-02-13,Chris Golding,Gavin Williams,275,1646,E1,1,1519,2.04,0.29,3
1,2018-01-15,Chris Green,Peter Watkins,270,1367,E1,0.5,1575,0.78,0.78,0.5
2,2018-01-22,Chris Green,Steve Lindsay,144,1812,E1,0.5,1584,0.99,0.21,1
3,2018-01-25,Chris Green,Ken Curry,44,1223,E1,1,1588,1.89,0.9,2
4,2018-01-29,Chris Green,Edward Donovan,62,1855,E1,0,1582,2.06,0.17,2
5,2018-02-12,Chris Green,David Rovaretti,213,1743,E1,0,1573,2.35,0.29,2
1,2018-01-04,Chris Hooper,Steve Street,241,1332,E1,1,1496,0.71,0.71,1
2,2018-01-31,Chris Hooper,Chris Peters,188,1591,E1,1,1517,1.07,0.36,2
3,2018-02-05,Chris Hooper,David Roberts,205,1457,E1,1,1531,1.61,0.54,3
4,2018-02-13,Chris Hooper,Peter Slater,228,1612,E1,0.5,1537,1.94,0.33,3.5
5,2018-02-21,Chris Hooper,Daniel Jaberansari,108,1511,E1,1,1554,2.41,0.47,4.5
6,2018-03-07,Chris Hooper,Ellison Smith,232,1379,E1,0,1533,3.06,0.65,4.5
7,2018-03-28,Chris Hooper,Duncan MacDonald,154,1608,E1,0.5,1539,3.39,0.33,5
8,2018-04-03,Chris Hooper,Liam Penny,186,1670,E1,0,1530,3.65,0.26,5
9,2018-04-09,Chris Hooper,Russell Dodington,61,1721,E1,0.5,1540,3.85,0.2,5.5
10,2018-04-16,Chris Hooper,Ken Hannah,88,1735,E1,1,1566,4.04,0.19,6.5
11,2018-04-18,Chris Hooper,Rosie Christmas,33,1133,E1,1,1569,4.93,0.89,7.5
12,2018-04-23,Chris Hooper,Aishwarya Lutchman Singh,148,1430,E1,1,1583,5.51,0.58,8.5
13,2018-04-30,Chris Hooper,Richard Livermore,NA,1595,G2,0.5,1587,5.86,0.35,9
14,2018-05-04,Chris Hooper,Calum Harris,91,1906,E1,0,1584,5.96,0.1,9
15,2018-05-14,Chris Hooper,Clive Silver,224,1519,E1,0.5,1586,6.41,0.45,9.5
1,2018-01-05,Chris Howells,Alan Young,NA,2075,W1,0,1938,0.32,0.32,0
2,2018-01-06,Chris Howells,Daniel Jaberansari,108,1511,E1,1,1941,1.22,0.9,1
3,2018-01-06,Chris Howells,Rudy van Kemenade,NA,2015,D1,0,1931,1.62,0.4,1
4,2018-01-07,Chris Howells,Justin Morgans,171,1765,E1,1,1937,2.36,0.74,2
5,2018-01-07,Chris Howells,Matthew Parry,NA,1981,G1,0.5,1939,2.81,0.45,2.5
6,2018-01-09,Chris Howells,Jon Gilbert,NA,2082,G1,0.5,1943,3.13,0.32,3
7,2018-01-10,Chris Howells,Jason Garcia,NA,2111,W1,0,1936,3.41,0.28,3
8,2018-01-29,Chris Howells,Jason Garcia,NA,2111,W1,1,1953,3.69,0.28,4
9,2018-01-30,Chris Howells,Calum Harris,91,1906,E1,1,1964,4.25,0.56,5
10,2018-02-12,Chris Howells,Celso Bettencourt Pinto,191,2025,E1,0,1955,4.64,0.39,5
11,2018-02-19,Chris Howells,Huw Jones,NA,1644,W1,1,1958,5.5,0.86,6
12,2018-02-26,Chris Howells,Bob Moore,NA,1936,W1,0.5,1958,6.01,0.51,6.5
13,2018-02-28,Chris Howells,Guy Wagner,266,1791,E1,1,1965,6.72,0.71,7.5
14,2018-03-06,Chris Howells,Andrew Gibbons,NA,1997,W1,0,1954,7.15,0.43,7.5
15,2018-03-14,Chris Howells,Alan Spice,237,2011,E1,1,1969,7.56,0.41,8.5
16,2018-03-26,Chris Howells,Keith Downey,NA,1837,W1,1,1977,8.21,0.65,9.5
17,2018-03-27,Chris Howells,Pete Heaven,93,2111,E1,0.5,1982,8.49,0.28,10
18,2018-04-11,Chris Howells,Jake Hurley,105,1864,E1,0,1968,9.1,0.61,10
19,2018-04-18,Chris Howells,Joseph Addis,NA,1484,W1,0,1946,10,0.9,10
20,2018-04-24,Chris Howells,Rob Dineen,59,1805,E1,0,1929,10.69,0.69,10
21,2018-04-30,Chris Howells,Andrew Di-Vetta,60,1867,E2,0,1915,11.3,0.61,10
22,2018-05-18,Chris Howells,Patryk Krzyzanowski,NA,2190,ECF,0,1910,11.49,0.19,10
23,2018-05-19,Chris Howells,John Waterfield,NA,2031,G2,0,1901,11.87,0.38,10
24,2018-05-20,Chris Howells,Andrew M Gregory,NA,2022,ECF,0.5,1904,12.26,0.39,10.5
25,2018-05-20,Chris Howells,Julian D Ward,NA,1950,ECF,0.5,1904,12.75,0.49,11
1,2018-01-08,Chris Peters,Tom Davies,55,1133,E1,1,1594,0.9,0.9,1
2,2018-01-18,Chris Peters,Andrew Jeanes,115,1683,E1,0.5,1598,1.27,0.37,1.5
3,2018-01-30,Chris Peters,Ryan Emmett,64,1619,E1,1,1616,1.73,0.46,2.5
4,2018-01-31,Chris Peters,Chris Hooper,98,1487,E1,0,1595,2.37,0.64,2.5
5,2018-02-12,Chris Peters,David Roberts,205,1457,E1,1,1605,3.05,0.68,3.5
6,2018-03-05,Chris Peters,Aishwarya Lutchman Singh,148,1430,E1,1,1614,3.77,0.72,4.5
7,2018-03-13,Chris Peters,Christine Muschiato,175,1534,E1,0.5,1612,4.35,0.58,5
8,2018-03-20,Chris Peters,Gareth Davies,49,1342,E1,1,1618,5.16,0.81,6
9,2018-03-27,Chris Peters,Bob Hurn,106,1670,E1,1,1637,5.55,0.39,7
10,2018-03-30,Chris Peters,Gareth Davies,49,1342,E1,1,1643,6.36,0.81,8
11,2018-03-30,Chris Peters,Callum Smith,230,1316,E1,0.5,1633,7.19,0.83,8.5
12,2018-03-31,Chris Peters,Alun Smith,229,1563,E1,0.5,1632,7.73,0.54,9
13,2018-03-31,Chris Peters,Chris Fraser,NA,1622,ECF,0,1617,8.19,0.46,9
14,2018-04-01,Chris Peters,Yuxuan Wu,282,1200,E1,1,1620,9.09,0.9,10
15,2018-04-02,Chris Peters,Dewi Jones,NA,1636,N1,0,1606,9.53,0.44,10
16,2018-04-02,Chris Peters,Marcell Vesz,263,1631,E1,1,1624,9.97,0.44,11
17,2018-04-03,Chris Peters,Phil Buttle,24,1497,E1,0,1604,10.6,0.63,11
18,2018-04-09,Chris Peters,Matthew Lunnon,147,1614,E1,0,1589,11.07,0.47,11
19,2018-04-17,Chris Peters,Mike Servini,221,1582,E1,0.5,1588,11.58,0.51,11.5
20,2018-05-01,Chris Peters,Dave A Lewis,140,1652,E1,0,1575,11.99,0.41,11.5
1,2018-01-09,Christine Muschiato,Edwin Allen,3,1344,E1,0.5,1526,0.75,0.75,0.5
2,2018-02-05,Christine Muschiato,Zane Allford,NA,1725,G1,0,1518,1,0.25,0.5
3,2018-02-13,Christine Muschiato,Susanna Fraser,73,1630,E1,0,1506,1.37,0.37,0.5
4,2018-03-13,Christine Muschiato,Chris Peters,188,1591,E1,0.5,1509,1.79,0.42,1
5,2018-03-28,Christine Muschiato,Nadi Grewal,82,1410,E1,1,1519,2.46,0.67,2
6,2018-05-14,Christine Muschiato,Bob Hurn,106,1669,E2,0,1509,2.78,0.32,2
1,2018-01-23,Clive Crowley,Marcell Vesz,263,1631,E1,0,1486,0.32,0.32,0
2,2018-02-12,Clive Crowley,Michael O'Leary,177,1408,E1,0.5,1482,0.94,0.62,0.5
3,2018-04-18,Clive Crowley,Bill Harle,90,1675,E1,0,1474,1.2,0.26,0.5
4,2018-04-30,Clive Crowley,Roy Thomas,249,1767,E2,0,1468,1.37,0.17,0.5
1,2018-01-08,Clive Silver,Leon Jansen van Rensburg,114,1639,E1,0,1508,0.34,0.34,0
2,2018-01-15,Clive Silver,Viv Martin,160,1643,E1,0.5,1514,0.67,0.33,0.5
3,2018-01-22,Clive Silver,Ryan Emmett,64,1619,E1,0,1502,1.03,0.36,0.5
4,2018-01-29,Clive Silver,Hiya Ray,197,1698,E1,0,1494,1.29,0.26,0.5
5,2018-02-05,Clive Silver,Stephen Bonutto,16,1583,E1,1,1513,1.7,0.41,1.5
6,2018-02-12,Clive Silver,Stephen Bailey,8,1449,E1,0.5,1509,2.3,0.6,2
7,2018-02-19,Clive Silver,Gruff Jones,121,1618,E1,0,1498,2.66,0.36,2
8,2018-02-26,Clive Silver,Bob Hurn,106,1670,E1,0,1488,2.96,0.3,2
9,2018-03-15,Clive Silver,Roger Jenkins,116,1454,E1,0.5,1485,3.55,0.59,2.5
10,2018-03-27,Clive Silver,Ken Wardle,269,1498,E1,0.5,1484,4.08,0.53,3
11,2018-04-10,Clive Silver,David Thorne,251,1330,E1,1,1492,4.83,0.75,4
12,2018-04-16,Clive Silver,Liam Penny,186,1670,E1,0,1483,5.13,0.3,4
13,2018-04-24,Clive Silver,Gareth Davies,49,1342,E1,0.5,1475,5.86,0.73,4.5
14,2018-05-14,Clive Silver,Chris Hooper,98,1487,E1,0.5,1474,6.41,0.55,5
15,2018-05-21,Clive Silver,Richard Larg,137,1673,E1,0,1465,6.7,0.29,5
16,2018-06-04,Clive Silver,Bob Hurn,106,1669,E2,0,1455,7,0.3,5
1,2018-03-05,Con Ariti,Dave Mahoney,158,1185,E1,1,1627,0.9,0.9,1
2,2018-03-20,Con Ariti,Tom Cooke,39,1665,E1,0,1617,1.34,0.44,1
3,2018-03-28,Con Ariti,Richard Livermore,NA,1595,G2,1,1628,1.88,0.54,2
1,2018-01-04,Dai James,Bill Hunt,104,1832,E1,0,1941,0.67,0.67,0
2,2018-01-08,Dai James,Steve Lindsay,144,1812,E1,0.5,1936,1.37,0.7,0.5
3,2018-01-18,Dai James,Bill Hunt,104,1832,E1,0.5,1932,2.04,0.67,1
4,2018-01-22,Dai James,Zane Allford,NA,1725,G1,0,1913,2.83,0.79,1
5,2018-01-30,Dai James,David Robinson,211,1951,E1,0,1901,3.34,0.51,1
6,2018-02-05,Dai James,Mike Servini,221,1582,E1,0.5,1891,4.24,0.9,1.5
7,2018-02-06,Dai James,Alun Smith,229,1563,E1,0.5,1882,5.14,0.9,2
8,2018-02-27,Dai James,Tim Kett,134,2304,E1,0,1879,5.25,0.11,2
9,2018-03-05,Dai James,Edward Donovan,62,1855,E1,0.5,1876,5.89,0.64,2.5
10,2018-03-06,Dai James,Vince Williams,278,1708,E1,1,1880,6.7,0.81,3.5
11,2018-03-15,Dai James,Justin Morgans,171,1765,E1,0,1862,7.45,0.75,3.5
12,2018-03-22,Dai James,Peter Quinn,195,1862,E1,1,1871,8.08,0.63,4.5
13,2018-03-26,Dai James,Russell Dodington,61,1721,E1,1,1876,8.88,0.8,5.5
14,2018-03-29,Dai James,John D Thornton,252,1974,E1,0,1864,9.36,0.48,5.5
15,2018-03-30,Dai James,Bill Hunt,104,1832,E1,1,1872,10.03,0.67,6.5
16,2018-03-30,Dai James,Richard Larg,137,1673,E1,1,1876,10.87,0.84,7.5
17,2018-03-31,Dai James,Sam Jukes,128,1840,E2,0,1860,11.53,0.66,7.5
18,2018-04-01,Dai James,Mike Burrows,NA,1867,W1,1,1869,12.15,0.62,8.5
19,2018-04-02,Dai James,Nicholas Evans,NA,2042,W1,0,1860,12.53,0.38,8.5
20,2018-04-02,Dai James,Rachel McIntosh,NA,1546,G1,0.5,1851,13.43,0.9,9
21,2018-04-09,Dai James,Jonathan Thomas,248,1600,E1,0.5,1841,14.33,0.9,9.5
22,2018-04-16,Dai James,Marcell Vesz,263,1631,E1,0.5,1832,15.21,0.88,10
23,2018-04-17,Dai James,Kam Choo Yin,31,1648,E1,0,1811,16.07,0.86,10
24,2018-04-23,Dai James,Neil Owen,181,1760,E1,0.5,1805,16.83,0.76,10.5
25,2018-04-26,Dai James,Jake Hurley,105,1864,E1,0,1790,17.46,0.63,10.5
26,2018-04-30,Dai James,Jeremy Jones,122,1520,E1,0.5,1782,0.83,0.83,0.5
27,2018-05-04,Dai James,Phil Buttle,24,1497,E1,0,1762,1.68,0.85,0.5
28,2018-06-04,Dai James,Gareth Yeo,283,2000,E1,0,1756,1.91,0.23,0.5
1,2018-01-05,Daniel Jaberansari,Huw Morcam,NA,1931,D1,0,1508,0.1,0.1,0
2,2018-01-06,Daniel Jaberansari,Chris Howells,100,1946,E1,0,1505,0.2,0.1,0
3,2018-01-06,Daniel Jaberansari,Malcolm Probert,NA,1637,W1,0.5,1510,0.53,0.33,0.5
4,2018-01-07,Daniel Jaberansari,Matthew Francis,NA,1762,D1,0,1504,0.72,0.19,0.5
5,2018-01-07,Daniel Jaberansari,Tony Haigh,NA,1928,D1,0.5,1517,0.82,0.1,1
6,2018-01-13,Daniel Jaberansari,Joshua John,NA,1830,ECF,0,1513,0.95,0.13,1
7,2018-01-14,Daniel Jaberansari,Zahra Jaufarally,NA,1406,ECF,1,1524,1.59,0.64,2
8,2018-01-16,Daniel Jaberansari,Alun Smith,229,1563,E1,0.5,1526,2.02,0.43,2.5
9,2018-01-20,Daniel Jaberansari,Kandara Acharya,NA,1398,ECF,0,1505,2.68,0.66,2.5
10,2018-01-20,Daniel Jaberansari,Tom Roy,NA,1510,ECF,1,1521,3.18,0.5,3.5
11,2018-01-20,Daniel Jaberansari,Robert Georgel Grozea,NA,1574,ECF,0.5,1524,3.59,0.41,4
12,2018-01-21,Daniel Jaberansari,Stefania Iosub,NA,1462,ECF-Rapid,1,1538,4.16,0.57,5
13,2018-01-25,Daniel Jaberansari,Euan Bamsey,NA,1278,ECF-Rapid,0.5,1528,4.96,0.8,5.5
14,2018-02-09,Daniel Jaberansari,William Owens,NA,1422,ECF-Rapid,1,1540,5.58,0.62,6.5
15,2018-02-12,Daniel Jaberansari,Mike McLoughlin,164,1361,E1,1,1550,6.28,0.7,7.5
16,2018-02-21,Daniel Jaberansari,Chris Hooper,98,1487,E1,0,1533,6.81,0.53,7.5
17,2018-03-10,Daniel Jaberansari,Hugo Fowler,NA,1879,G1,0.5,1546,6.91,0.1,8
18,2018-03-10,Daniel Jaberansari,Aishwarya Lutchman Singh,148,1430,E1,1,1558,7.52,0.61,9
19,2018-03-10,Daniel Jaberansari,Rachel McIntosh,NA,1546,G1,0.5,1560,7.97,0.45,9.5
20,2018-03-11,Daniel Jaberansari,Ifan Rathbone-Jones,NA,1870,N1,0,1557,8.07,0.1,9.5
21,2018-03-11,Daniel Jaberansari,Callum Smith,230,1316,E1,1,1565,8.82,0.75,10.5
22,2018-03-11,Daniel Jaberansari,Duncan MacDonald,154,1608,E1,1,1585,9.19,0.37,11.5
23,2018-03-13,Daniel Jaberansari,Kam Choo Yin,31,1648,E1,0.5,1591,9.5,0.31,12
24,2018-03-19,Daniel Jaberansari,Madeleine Smith,NA,1568,G1,1,1610,9.92,0.42,13
25,2018-03-24,Daniel Jaberansari,Steven J Smith,NA,1758,ECF,0,1603,10.11,0.19,13
26,2018-03-25,Daniel Jaberansari,John A Feavour,NA,2030,ECF,0,1600,10.21,0.1,13
27,2018-05-05,Daniel Jaberansari,David Kramaley,NA,1910,ECF,0,1596,0.14,0.14,0
28,2018-05-06,Daniel Jaberansari,Max C Miller,NA,1646,ECF,0,1581,0.58,0.44,0
29,2018-05-07,Daniel Jaberansari,Corrine Mountford,NA,1718,ECF,0.5,1587,0.92,0.34,0.5
1,2018-01-08,Daniel Schuchardt,Simon Davis,57,1163,E1,0,846,0.13,0.13,0
1,2018-01-18,Daniel Wilmot,Chris Fox,72,1726,E1,1,1889,0.71,0.71,1
2,2018-04-09,Daniel Wilmot,Dave Parsons,182,1814,E1,0.5,1887,1.31,0.6,1.5
1,2018-01-02,Dave A Lewis,David Robinson,211,1951,E1,0.5,1660,0.15,0.15,0.5
2,2018-01-22,Dave A Lewis,Will Harwood,92,1792,E1,0,1653,0.46,0.31,0.5
3,2018-02-12,Dave A Lewis,Mike Servini,221,1582,E1,0.5,1651,1.06,0.6,1
4,2018-02-19,Dave A Lewis,John Stephenson,240,1517,E1,1,1658,1.74,0.68,2
5,2018-03-19,Dave A Lewis,Bence Szakmany,244,1285,E1,1,1661,2.64,0.9,3
6,2018-03-27,Dave A Lewis,Mike Servini,221,1582,E1,0.5,1658,3.24,0.6,3.5
7,2018-04-17,Dave A Lewis,Marcell Vesz,263,1631,E1,0.5,1658,3.77,0.53,4
8,2018-05-01,Dave A Lewis,Chris Peters,188,1591,E1,1,1667,4.36,0.59,5
1,2018-01-08,Dave Mahoney,Aishwarya Lutchman Singh,148,1430,E1,0,1179,0.19,0.19,0
2,2018-01-15,Dave Mahoney,Mark Cooke,37,1607,E1,0,1176,0.29,0.1,0
3,2018-01-16,Dave Mahoney,Mike Hollyman,97,973,E1,1,1183,1.06,0.77,1
4,2018-01-25,Dave Mahoney,Stephen Bonutto,16,1583,E1,0,1180,1.16,0.1,1
5,2018-02-05,Dave Mahoney,Emyr Roberts,207,1524,E1,0,1176,1.28,0.12,1
6,2018-02-22,Dave Mahoney,John Stephenson,240,1517,E1,0,1172,1.4,0.12,1
7,2018-03-05,Dave Mahoney,Con Ariti,6,1625,E1,0,1169,1.5,0.1,1
8,2018-04-10,Dave Mahoney,Mike Hollyman,97,973,E1,1,1176,2.27,0.77,2
9,2018-04-23,Dave Mahoney,Fraser Britton,19,944,E1,1,1183,3.07,0.8,3
10,2018-05-03,Dave Mahoney,Ken Curry,44,1223,E1,0.5,1184,3.52,0.45,3.5
1,2018-05-14,Dave Morris,Oscar Hitchings,96,850,E1,1,987,0.67,0.67,1
1,2018-01-08,Dave Parsons,Bill Harle,90,1675,E1,0.5,1809,0.69,0.69,0.5
2,2018-01-23,Dave Parsons,Jonathan Kell,130,1869,E1,0,1799,1.11,0.42,0.5
3,2018-01-25,Dave Parsons,Peter Watkins,270,1367,E1,1,1802,2.01,0.9,1.5
4,2018-01-29,Dave Parsons,Gareth Yeo,283,2000,E1,0.5,1808,2.27,0.26,2
5,2018-02-26,Dave Parsons,Mark Janas,113,1717,E1,0.5,1804,2.9,0.63,2.5
6,2018-03-20,Dave Parsons,Jake Hurley,105,1864,E1,1,1818,3.33,0.43,3.5
7,2018-04-05,Dave Parsons,Mark Cooke,37,1607,E1,1,1824,4.1,0.77,4.5
8,2018-04-09,Dave Parsons,Daniel Wilmot,280,1882,E1,0.5,1826,4.5,0.4,5
9,2018-04-16,Dave Parsons,Vaseekaran Sivarajasingam,226,1555,E1,0,1806,5.32,0.82,5
10,2018-04-30,Dave Parsons,Richard Larg,137,1673,E1,0.5,1802,6.01,0.69,5.5
11,2018-05-01,Dave Parsons,Neya Govindaraj,78,1420,E1,1,1804,6.91,0.9,6.5
12,2018-05-03,Dave Parsons,John Stephenson,240,1517,E1,1,1808,7.76,0.85,7.5
13,2018-06-04,Dave Parsons,Chris Fox,72,1726,E1,1,1817,8.38,0.62,8.5
14,2018-06-11,Dave Parsons,Scott Turner,258,1400,E1,0.5,1807,9.28,0.9,9
1,2018-02-26,David Cleverly,Robert Taylor,NA,1900,G2,0,1768,0.33,0.33,0
2,2018-03-12,David Cleverly,Sam Jukes,128,1840,E2,0,1758,0.74,0.41,0
3,2018-04-16,David Cleverly,Will Harwood,92,1792,E1,1,1771,1.22,0.48,1
1,2018-01-05,David Lewis,Rudy van Kemenade,NA,2015,D1,0,1628,0.1,0.1,0
2,2018-01-06,David Lewis,David Robinson,211,1951,E1,0.5,1636,0.23,0.13,0.5
3,2018-01-06,David Lewis,Matthew Francis,NA,1762,D1,0.5,1641,0.55,0.32,1
4,2018-01-07,David Lewis,Dave Turner,NA,2005,G1,0,1638,0.65,0.1,1
5,2018-01-22,David Lewis,Liam Penny,186,1670,E1,1,1652,1.09,0.44,2
6,2018-01-29,David Lewis,Bob Hurn,106,1670,E1,0,1641,1.53,0.44,2
7,2018-02-12,David Lewis,Viv Martin,160,1643,E1,1,1654,2.01,0.48,3
8,2018-03-19,David Lewis,Kam Choo Yin,31,1648,E1,0,1642,2.48,0.47,3
9,2018-03-26,David Lewis,Howard Lloyd,146,1429,E1,1,1648,3.24,0.76,4
10,2018-04-09,David Lewis,Phil Buttle,24,1497,E1,0.5,1644,3.92,0.68,4.5
11,2018-05-14,David Lewis,Mark Jones,123,1553,E1,0,1629,4.53,0.61,4.5
12,2018-05-18,David Lewis,Andrew M Gregory,NA,2022,ECF,0,1627,4.63,0.1,4.5
13,2018-05-19,David Lewis,Mark Littleton,NA,2038,ECF,0,1624,4.73,0.1,4.5
14,2018-05-19,David Lewis,James Connor C Forster,NA,1966,ECF,0,1622,4.85,0.12,4.5
1,2018-01-03,David Llewellyn,David Vaughan,NA,1924,G1,0.5,1970,0.57,0.57,0.5
2,2018-01-15,David Llewellyn,Peter Slater,228,1612,E1,0,1949,1.47,0.9,0.5
3,2018-01-18,David Llewellyn,Nick Davies,NA,1801,G1,1,1955,2.2,0.73,1.5
4,2018-01-21,David Llewellyn,Rudy van Kemenade,NA,2015,D1,0,1945,2.64,0.44,1.5
5,2018-01-23,David Llewellyn,John D Thornton,252,1974,E1,0,1933,3.14,0.5,1.5
6,2018-01-29,David Llewellyn,Sam Jukes,128,1896,E1,0.5,1930,3.75,0.61,2
7,2018-01-31,David Llewellyn,Lee Davis,56,2042,E1,0.5,1932,4.15,0.4,2.5
8,2018-02-14,David Llewellyn,Richard Miles,NA,1965,G1,0.5,1932,4.66,0.51,3
9,2018-02-27,David Llewellyn,Mark Smith,233,1868,E1,1,1941,5.3,0.64,4
10,2018-03-07,David Llewellyn,Juan Carlos Payan,183,1850,E1,1,1949,5.97,0.67,5
11,2018-03-20,David Llewellyn,Edward Donovan,62,1855,E1,1,1957,6.63,0.66,6
12,2018-03-27,David Llewellyn,Andrew Di-Vetta,60,1867,E2,0,1942,7.27,0.64,6
13,2018-03-28,David Llewellyn,Adam Rakos,NA,2127,G1,0,1935,7.56,0.29,6
14,2018-04-03,David Llewellyn,Derek Jones,118,2032,E1,0,1924,7.98,0.42,6
15,2018-04-11,David Llewellyn,Derek Jones,118,2032,E1,0,1914,8.4,0.42,6
16,2018-04-17,David Llewellyn,Derek Smith,231,1861,E1,0.5,1911,9.05,0.65,6.5
17,2018-04-22,David Llewellyn,Matthew Davies,NA,1988,W1,0,1899,9.53,0.48,6.5
18,2018-04-24,David Llewellyn,Femi Adebajo,2,1954,E1,0.5,1899,10.06,0.53,7
19,2018-05-20,David Llewellyn,Joe Fathallah,67,2086,E2,1,1914,10.4,0.34,8
20,2018-06-04,David Llewellyn,Roy Thomas,249,1767,E2,1,1920,11.17,0.77,9
21,2018-06-13,David Llewellyn,Chris Fox,72,1726,E1,1,1924,11.98,0.81,10
1,2018-01-13,David Perrett,Hubert Mossong,NA,2118,FM,0.5,1986,0.31,0.31,0.5
2,2018-01-14,David Perrett,John Trevelyan,255,2084,,0,1977,0.67,0.36,0.5
3,2018-03-24,David Perrett,Keith DF Gregory,NA,2070,,0.5,1980,1.05,0.38,1
4,2018-03-25,David Perrett,Mateusz Dydak,NA,2006,,1,1993,1.51,0.46,2
5,2018-05-06,David Perrett,Paul A Batchelor,NA,1934,,1,2003,2.08,0.57,3
6,2018-05-07,David Perrett,Steve Smith,NA,1798,,0.5,1997,2.82,0.74,3.5
1,2018-01-29,David Roberts,Viv Martin,160,1643,E1,0,1449,0.26,0.26,0
2,2018-02-05,David Roberts,Chris Hooper,98,1487,E1,0,1434,0.72,0.46,0
3,2018-02-12,David Roberts,Chris Peters,188,1591,E1,0,1424,1.04,0.32,0
4,2018-02-20,David Roberts,Tony Gutteridge,85,1474,E1,0,1408,1.52,0.48,0
5,2018-04-09,David Roberts,Gareth Davies,49,1342,E1,0.5,1403,2.18,0.66,0.5
6,2018-04-23,David Roberts,Roger Jenkins,116,1454,E1,0,1387,2.68,0.5,0.5
7,2018-04-30,David Roberts,Ashika Shahameeran,223,1096,E1,1,1390,3.58,0.9,1.5
8,2018-05-21,David Roberts,Bob Hurn,106,1669,E2,1,1415,3.81,0.23,2.5
9,2018-06-11,David Roberts,John D Thornton,252,1974,E1,0,1412,3.91,0.1,2.5
10,2018-06-25,David Roberts,Kevin O'Rourke,178,1133,E1,1,1416,4.78,0.87,3.5
1,2018-01-02,David Robinson,Dave A Lewis,140,1652,E1,0.5,1943,0.85,0.85,0.5
2,2018-01-05,David Robinson,Jonathan Blackburn,NA,2264,G1,0,1939,0.98,0.13,0.5
3,2018-01-06,David Robinson,David Lewis,141,1630,E1,0.5,1931,1.85,0.87,1
4,2018-01-06,David Robinson,Chris P Timmins,NA,1958,ECF,0,1919,2.34,0.49,1
5,2018-01-07,David Robinson,Tony Haigh,NA,1928,D1,1,1930,2.87,0.53,2
6,2018-01-07,David Robinson,Malcolm Probert,NA,1637,W1,1,1933,3.74,0.87,3
7,2018-01-09,David Robinson,Richard Miles,NA,1965,G1,0,1922,4.22,0.48,3
8,2018-01-23,David Robinson,Sam Jukes,128,1896,E1,0,1908,4.8,0.58,3
9,2018-01-30,David Robinson,Dai James,110,1957,E1,1,1920,5.29,0.49,4
10,2018-02-12,David Robinson,Steve Curtis,45,2060,E1,0.5,1924,5.64,0.35,4.5
11,2018-02-14,David Robinson,Richard Batey,NA,1785,G1,1,1930,6.36,0.72,5.5
12,2018-02-28,David Robinson,Tom Brown,20,2116,E1,0.5,1936,6.64,0.28,6
13,2018-03-14,David Robinson,Celso Bettencourt Pinto,191,2025,E1,0.5,1938,7.04,0.4,6.5
14,2018-03-27,David Robinson,Tim Kett,134,2304,E1,0,1935,7.15,0.11,6.5
15,2018-04-11,David Robinson,Derek Smith,231,1861,E1,1,1945,7.77,0.62,7.5
16,2018-04-24,David Robinson,Liam Penny,186,1670,E1,1,1948,8.61,0.84,8.5
1,2018-01-06,David Rovaretti,Gavin Jones,120,1658,E1,0,1728,0.62,0.62,0
2,2018-01-06,David Rovaretti,Steve Williams (Cwm),NA,1819,G1,0,1719,1.01,0.39,0
3,2018-01-07,David Rovaretti,Jonathan Jones,NA,1525,D1,1,1724,1.79,0.78,1
4,2018-01-07,David Rovaretti,Kevin O'Rourke,178,1133,E1,1,1726,2.69,0.9,2
5,2018-01-23,David Rovaretti,Jeff Rowland,214,1629,E1,1,1735,3.35,0.66,3
6,2018-02-12,David Rovaretti,Chris Green,81,1584,E1,1,1742,4.06,0.71,4
7,2018-02-19,David Rovaretti,John McGregor,163,1927,E1,0.5,1747,4.32,0.26,4.5
8,2018-03-13,David Rovaretti,Alun Howell,99,1700,E1,0,1734,4.88,0.56,4.5
9,2018-03-20,David Rovaretti,Thomas Turton,260,1523,E1,1,1739,5.66,0.78,5.5
10,2018-04-03,David Rovaretti,John Ryles,215,1606,E1,1,1747,6.35,0.69,6.5
11,2018-04-30,David Rovaretti,John Waterfield,NA,2031,G2,0,1743,6.5,0.15,6.5
1,2018-01-23,David Thorne,Rosie Christmas,33,1133,E1,0.5,1322,0.76,0.76,0.5
2,2018-02-21,David Thorne,Ashika Shahameeran,223,1096,E1,0.5,1312,1.56,0.8,1
3,2018-03-07,David Thorne,Roy Purnell,193,1185,E1,0.5,1306,2.26,0.7,1.5
4,2018-04-09,David Thorne,Kritthik Baranidharan,11,871,E1,1,1309,3.16,0.9,2.5
5,2018-04-10,David Thorne,Clive Silver,224,1519,E1,0,1301,3.41,0.25,2.5
6,2018-04-17,David Thorne,Gareth Harding,89,1413,E1,0.5,1305,3.79,0.38,3
7,2018-04-23,David Thorne,Luke Taylor,245,850,E1,1,1308,4.69,0.9,4
8,2018-04-25,David Thorne,Neya Govindaraj,78,1420,E1,0.5,1312,5.07,0.38,4.5
9,2018-05-14,David Thorne,Kevin O'Rourke,178,1133,E1,1,1319,5.83,0.76,5.5
1,2018-01-14,David Tomboline,Mikey J Watson,NA,2014,,1,1989,0.45,0.45,1
2,2018-02-10,David Tomboline,Joshua John,NA,1830,,1,1996,1.15,0.7,2
3,2018-03-24,David Tomboline,Nick W Faulks,NA,1958,CM,0,1984,1.68,0.53,2
4,2018-03-25,David Tomboline,Omeet J Atara,NA,1838,,0.5,1979,2.37,0.69,2.5
1,2018-01-03,Derek Jones,Peter Quinn,195,1862,E1,1,2036,0.73,0.73,1
2,2018-01-08,Derek Jones,Rhys Steele,239,2073,E1,0.5,2037,1.17,0.44,1.5
3,2018-01-13,Derek Jones,Oscar Pollack,NA,2094,ECF,0,2031,1.58,0.41,1.5
4,2018-01-14,Derek Jones,Gary Thomas,NA,1940,G1,1,2037,2.21,0.63,2.5
5,2018-01-17,Derek Jones,Jake Hurley,105,1864,E1,1,2041,2.93,0.72,3.5
6,2018-01-30,Derek Jones,Liam Penny,186,1670,E1,0,2027,3.83,0.9,3.5
7,2018-02-14,Derek Jones,Tom Brown,20,2116,E1,0,2021,4.21,0.38,3.5
8,2018-02-26,Derek Jones,Jon Gilbert,NA,2082,G1,0,2014,4.64,0.43,3.5
9,2018-02-28,Derek Jones,Femi Adebajo,2,1954,E1,0,2004,5.25,0.61,3.5
10,2018-03-14,Derek Jones,Femi Adebajo,2,1954,E1,0,1994,5.86,0.61,3.5
11,2018-03-20,Derek Jones,Tim Kett,134,2304,E1,0,1992,6.03,0.17,3.5
12,2018-04-03,Derek Jones,David Llewellyn,145,1972,E1,1,1998,6.61,0.58,4.5
13,2018-04-11,Derek Jones,David Llewellyn,145,1972,E1,1,2005,7.19,0.58,5.5
1,2018-01-03,Derek Smith,Alan Spice,237,2011,E1,0,1854,0.3,0.3,0
2,2018-01-24,Derek Smith,Mark Janas,113,1717,E1,1,1861,0.99,0.69,1
3,2018-02-21,Derek Smith,Juan Carlos Payan,183,1850,E1,0.5,1861,1.51,0.52,1.5
4,2018-03-14,Derek Smith,Guy Wagner,266,1791,E1,1,1870,2.11,0.6,2.5
5,2018-03-22,Derek Smith,Mark Adams,NA,1981,G1,0,1862,2.45,0.34,2.5
6,2018-04-04,Derek Smith,Philip French,NA,1897,G1,0.5,1863,2.9,0.45,3
7,2018-04-11,Derek Smith,David Robinson,211,1951,E1,0,1854,3.28,0.38,3
8,2018-04-17,Derek Smith,David Llewellyn,145,1972,E1,0.5,1858,3.63,0.35,3.5
1,2018-01-05,Dilusha Fernando,Joel Chung,NA,1165,W1,0,943,0.22,0.22,0
2,2018-01-06,Dilusha Fernando,Ben Jaberansari,107,1024,E1,1,962,0.62,0.4,1
3,2018-01-06,Dilusha Fernando,John Stubbs,NA,1006,ECF,0,949,1.04,0.42,1
4,2018-01-07,Dilusha Fernando,Edward Mason,161,1399,E1,0,946,1.14,0.1,1
5,2018-01-07,Dilusha Fernando,Margaret Baron,NA,850,D1,1,957,1.78,0.64,2
6,2018-03-10,Dilusha Fernando,Neil Stevenson,NA,1387,G1,0,954,1.88,0.1,2
7,2018-03-10,Dilusha Fernando,Harrison Postans,NA,1407,G1,0,951,1.98,0.1,2
8,2018-03-13,Dilusha Fernando,Jacob Morris,173,1225,E1,0,945,2.15,0.17,2
9,2018-05-26,Dilusha Fernando,Christine F Constable,NA,1470,ECF,0,942,2.25,0.1,2
10,2018-05-26,Dilusha Fernando,Hazel Welch,NA,1334,ECF,0,939,2.35,0.1,2
11,2018-05-27,Dilusha Fernando,Wendy Carr,NA,894,ECF,0,920,2.93,0.58,2
12,2018-05-28,Dilusha Fernando,John W Carr,NA,1430,ECF,0,917,3.03,0.1,2
13,2018-05-28,Dilusha Fernando,Jaime Ashworth,NA,1246,ECF,0,912,3.18,0.15,2
1,2018-01-16,Duncan MacDonald,Liam Penny,186,1670,E1,0,1598,0.41,0.41,0
2,2018-01-20,Duncan MacDonald,Toby Kan,NA,1654,ECF,0,1588,0.85,0.44,0
3,2018-01-20,Duncan MacDonald,Imogen Dicen,NA,1630,ECF,0,1576,1.32,0.47,0
4,2018-01-20,Duncan MacDonald,Devan Patel,NA,1862,ECF,0,1572,1.5,0.18,0
5,2018-01-21,Duncan MacDonald,Sayash Srikanta Prasad,NA,1486,ECF,1,1580,2.17,0.67,1
6,2018-01-21,Duncan MacDonald,Joshua John,NA,1830,ECF,0.5,1587,2.39,0.22,1.5
7,2018-01-30,Duncan MacDonald,Gareth Davies,49,1342,E1,1,1591,3.22,0.83,2.5
8,2018-02-12,Duncan MacDonald,Neil Owen,181,1760,E1,0,1584,3.52,0.3,2.5
9,2018-02-20,Duncan MacDonald,Bob Hurn,106,1670,E1,1,1598,3.93,0.41,3.5
10,2018-02-24,Duncan MacDonald,Joel Chung,NA,1165,W1,1,1600,4.83,0.9,4.5
11,2018-02-24,Duncan MacDonald,Ifan Rathbone-Jones,NA,1870,N1,0,1596,5.01,0.18,4.5
12,2018-02-24,Duncan MacDonald,Muhieddin Hamadah,86,1325,E1,1,1600,5.85,0.84,5.5
13,2018-02-25,Duncan MacDonald,Madeleine Smith,NA,1568,G1,0,1586,6.41,0.56,5.5
14,2018-02-25,Duncan MacDonald,Susanna Fraser,73,1630,E1,0,1575,6.88,0.47,5.5
15,2018-02-27,Duncan MacDonald,Richard Livermore,NA,1595,G2,1,1586,7.4,0.52,6.5
16,2018-03-06,Duncan MacDonald,Andrew Jeanes,115,1683,E1,1,1601,7.8,0.4,7.5
17,2018-03-10,Duncan MacDonald,Callum Smith,230,1316,E1,1,1604,8.65,0.85,8.5
18,2018-03-10,Duncan MacDonald,David McIntosh,NA,1652,G1,1,1618,9.09,0.44,9.5
19,2018-03-10,Duncan MacDonald,Ifan Rathbone-Jones,NA,1870,N1,1,1638,9.27,0.18,10.5
20,2018-03-11,Duncan MacDonald,Hugo Fowler,NA,1879,G1,0,1633,9.44,0.17,10.5
21,2018-03-11,Duncan MacDonald,Rachel McIntosh,NA,1546,G1,0.5,1631,10.03,0.59,11
22,2018-03-11,Duncan MacDonald,Daniel Jaberansari,108,1511,E1,0,1616,10.66,0.63,11
23,2018-03-13,Duncan MacDonald,Hiya Ray,197,1698,E1,0,1607,11.04,0.38,11
24,2018-03-19,Duncan MacDonald,Russell Dodington,61,1721,E1,1,1623,11.38,0.34,12
25,2018-03-28,Duncan MacDonald,Chris Hooper,98,1487,E1,0.5,1619,12.05,0.67,12.5
26,2018-04-21,Duncan MacDonald,Findlay Lister,NA,1710,ECF,1,1634,0.37,0.37,1
27,2018-04-21,Duncan MacDonald,Toby Kan,NA,1654,ECF,0.5,1635,0.82,0.45,1.5
28,2018-04-21,Duncan MacDonald,George Smith,NA,1429,G1,0,1617,1.57,0.75,1.5
29,2018-04-22,Duncan MacDonald,Robert Akeya-Price,NA,1854,ECF,0,1613,1.77,0.2,1.5
30,2018-04-22,Duncan MacDonald,Ethan Gardiner,NA,1478,ECF,0,1596,2.46,0.69,1.5
31,2018-04-24,Duncan MacDonald,Richard Livermore,NA,1595,G2,1,1607,2.99,0.53,2.5
32,2018-04-25,Duncan MacDonald,Bill Wilkins,272,1337,E1,1,1611,3.83,0.84,3.5
33,2018-05-15,Duncan MacDonald,Peter Slater,228,1612,E1,1,1623,4.34,0.51,4.5
34,2018-06-02,Duncan MacDonald,Daniel O'Malia,NA,1678,ECF,1,1637,4.76,0.42,5.5
35,2018-06-02,Duncan MacDonald,Orla Dorman,NA,1622,ECF,1,1649,5.26,0.5,6.5
36,2018-06-03,Duncan MacDonald,Toby Kan,NA,1654,ECF,0,1638,5.71,0.45,6.5
37,2018-06-03,Duncan MacDonald,Yuyang Wang,NA,1894,ECF,0,1634,5.88,0.17,6.5
1,2018-01-08,Dwain Jones,Stephen Lambourne,136,1439,E1,0.5,1339,0.36,0.36,0.5
2,2018-01-29,Dwain Jones,Matthew Lunnon,147,1614,E1,0,1334,0.52,0.16,0.5
3,2018-02-05,Dwain Jones,Chris Golding,77,1488,E1,0,1325,0.81,0.29,0.5
4,2018-02-12,Dwain Jones,Robert Rees,201,1437,E1,0,1314,1.17,0.36,0.5
5,2018-02-16,Dwain Jones,Sam White,271,1454,E1,0.5,1319,1.51,0.34,1
6,2018-02-17,Dwain Jones,Scott Hammett,NA,1504,D1,0.5,1326,1.79,0.28,1.5
7,2018-02-17,Dwain Jones,Stephen Thacker,NA,1398,ECF,0,1313,2.2,0.41,1.5
8,2018-02-18,Dwain Jones,Awne Osinga,NA,1361,D1,0,1298,2.66,0.46,1.5
9,2018-02-18,Dwain Jones,Peter Hughes,NA,1390,ECF,0.5,1300,3.08,0.42,2
10,2018-02-20,Dwain Jones,Stephen Bailey,8,1449,E1,0.5,1306,3.42,0.34,2.5
11,2018-03-12,Dwain Jones,Tony Gutteridge,85,1474,E1,0,1296,3.73,0.31,2.5
12,2018-03-26,Dwain Jones,John D Thornton,252,1974,E1,0,1292,3.83,0.1,2.5
13,2018-04-09,Dwain Jones,Roy Purnell,193,1185,E1,1,1302,4.53,0.7,3.5
14,2018-04-23,Dwain Jones,John Callan,27,1249,E1,0,1282,5.15,0.62,3.5
15,2018-04-30,Dwain Jones,Krishna Lee,139,932,E1,0.5,1269,6.05,0.9,4
16,2018-05-21,Dwain Jones,Neil Owen,181,1760,E1,0,1266,6.15,0.1,4
17,2018-06-11,Dwain Jones,Bob Hurn,106,1669,E2,0,1262,6.27,0.12,4
1,2018-01-03,Edward Donovan,Chris Fox,72,1726,E1,0,1839,0.68,0.68,0
2,2018-01-10,Edward Donovan,Bill Hunt,104,1832,E1,0.5,1838,1.21,0.53,0.5
3,2018-01-17,Edward Donovan,Celso Bettencourt Pinto,191,2025,E1,0,1831,1.48,0.27,0.5
4,2018-01-24,Edward Donovan,Bill Hunt,104,1832,E1,1,1843,2.01,0.53,1.5
5,2018-01-29,Edward Donovan,Chris Green,81,1584,E1,1,1847,2.84,0.83,2.5
6,2018-02-07,Edward Donovan,Steve Lindsay,144,1812,E1,0,1833,3.4,0.56,2.5
7,2018-02-12,Edward Donovan,Jonathan Kell,130,1869,E1,0,1822,3.88,0.48,2.5
8,2018-02-21,Edward Donovan,Joe Fathallah,67,2020,E1,0,1815,4.16,0.28,2.5
9,2018-02-26,Edward Donovan,Philip French,NA,1897,G1,1,1829,4.6,0.44,3.5
10,2018-02-27,Edward Donovan,Tom Cooke,39,1665,E1,0.5,1823,5.35,0.75,4
11,2018-03-05,Edward Donovan,Dai James,110,1957,E1,0.5,1826,5.71,0.36,4.5
12,2018-03-14,Edward Donovan,Alex Bullen,22,2130,E1,0,1822,5.88,0.17,4.5
13,2018-03-20,Edward Donovan,David Llewellyn,145,1972,E1,0,1814,6.22,0.34,4.5
14,2018-03-22,Edward Donovan,Calum Harris,91,1906,E1,0.5,1815,6.65,0.43,5
15,2018-03-27,Edward Donovan,Edward Mason,161,1399,E1,0.5,1806,7.55,0.9,5.5
16,2018-03-28,Edward Donovan,Liam Penny,186,1670,E1,1,1812,8.29,0.74,6.5
17,2018-04-03,Edward Donovan,Vince Williams,278,1708,E1,0,1795,8.99,0.7,6.5
18,2018-04-04,Edward Donovan,James Thomas,247,1983,E1,0.5,1799,9.32,0.33,7
19,2018-04-09,Edward Donovan,Jon Gilbert,NA,2082,G1,0,1794,9.53,0.21,7
20,2018-04-18,Edward Donovan,Steve Christmas,34,1956,E1,0,1786,9.89,0.36,7
21,2018-04-23,Edward Donovan,Mark Cooke,37,1607,E1,1,1790,10.7,0.81,8
1,2018-01-05,Edward Mason,Ben Jaberansari,107,1024,E1,1,1402,0.9,0.9,1
2,2018-01-06,Edward Mason,Joel Chung,NA,1165,W1,0.5,1393,1.7,0.8,1.5
3,2018-01-06,Edward Mason,Daniel Chung,NA,1288,W1,0,1372,2.35,0.65,1.5
4,2018-01-07,Edward Mason,Dilusha Fernando,68,950,E1,1,1375,3.25,0.9,2.5
5,2018-01-07,Edward Mason,Marque Fernando,69,1250,E1,1,1385,3.95,0.7,3.5
6,2018-01-10,Edward Mason,Muhieddin Hamadah,86,1325,E1,0.5,1381,4.55,0.6,4
7,2018-01-23,Edward Mason,John Cox,40,1424,E1,0,1367,5.01,0.46,4
8,2018-03-27,Edward Mason,Edward Donovan,62,1855,E1,0.5,1379,5.11,0.1,4.5
9,2018-03-28,Edward Mason,Jake Hurley,105,1864,E1,0,1376,5.21,0.1,4.5
10,2018-03-30,Edward Mason,Dewi Jones,NA,1636,N1,0,1370,5.41,0.2,4.5
11,2018-03-30,Edward Mason,Hefin Jones,NA,1295,N1,1,1381,6.05,0.64,5.5
12,2018-03-31,Edward Mason,Rosie Christmas,33,1133,E1,0,1355,6.88,0.83,5.5
13,2018-03-31,Edward Mason,Yuxuan Wu,282,1200,E1,0.5,1347,7.64,0.76,6
14,2018-04-01,Edward Mason,Gareth Davies,49,1342,E1,0.5,1344,8.22,0.58,6.5
15,2018-04-02,Edward Mason,Chris P Smith,NA,1446,ECF,1,1362,8.65,0.43,7.5
16,2018-04-02,Edward Mason,Jeremy Jones,122,1520,E1,0.5,1368,8.98,0.33,8
17,2018-04-09,Edward Mason,Sridatta Dantu,46,1048,E1,1,1371,9.87,0.89,9
18,2018-04-10,Edward Mason,Richard Larg,137,1673,E1,1,1398,10.04,0.17,10
19,2018-04-25,Edward Mason,Emyr Roberts,207,1524,E1,0,1387,10.37,0.33,10
20,2018-04-30,Edward Mason,Steve Lindsay,144,1812,E1,0,1384,10.47,0.1,10
21,2018-05-02,Edward Mason,Gareth Davies,49,1342,E1,0,1365,11.05,0.58,10
1,2018-01-09,Edwin Allen,Christine Muschiato,175,1534,E1,0.5,1352,0.25,0.25,0.5
2,2018-01-16,Edwin Allen,John Stephenson,240,1517,E1,0,1343,0.52,0.27,0.5
3,2018-02-06,Edwin Allen,Wayne James,112,1396,E1,0.5,1346,0.95,0.43,1
4,2018-02-13,Edwin Allen,Bence Szakmany,244,1285,E1,0.5,1343,1.53,0.58,1.5
5,2018-02-19,Edwin Allen,Ken Curry,44,1223,E1,1,1354,2.2,0.67,2.5
6,2018-03-05,Edwin Allen,Nadi Grewal,82,1410,E1,0,1340,2.61,0.41,2.5
1,2018-01-04,Elliott MacNeil,Ryan Emmett,64,1619,E1,1,1674,0.56,0.56,1
2,2018-02-24,Elliott MacNeil,Edward Mills,NA,1310,ECF,1,1676,1.45,0.89,2
3,2018-02-24,Elliott MacNeil,Jack Litherland,NA,1246,ECF,1,1679,2.35,0.9,3
4,2018-02-25,Elliott MacNeil,Daoyi Wang,NA,1582,ECF,1,1688,2.96,0.61,4
5,2018-03-28,Elliott MacNeil,Robert Taylor,NA,1900,G2,0.5,1695,3.16,0.2,4.5
1,2018-01-08,Ellison Smith,Richard H Morgan,170,1304,E1,0.5,1376,0.6,0.6,0.5
2,2018-01-20,Ellison Smith,Eshan Suthi,NA,1422,ECF,1,1394,1.04,0.44,1.5
3,2018-01-20,Ellison Smith,Umar Syed,NA,1550,ECF,1,1417,1.31,0.27,2.5
4,2018-01-20,Ellison Smith,Eduardo J Sanchez,NA,1734,ECF,1,1446,1.41,0.1,3.5
5,2018-01-21,Ellison Smith,Kim Enkh Mergen,NA,1534,ECF,0.5,1453,1.7,0.29,4
6,2018-01-21,Ellison Smith,Neirin Leggett,NA,1426,G1,0.5,1455,2.13,0.43,4.5
7,2018-01-30,Ellison Smith,Emyr Roberts,207,1524,E1,1,1477,2.43,0.3,5.5
8,2018-02-06,Ellison Smith,Roger Phillips,189,1533,E1,0.5,1484,2.72,0.29,6
9,2018-02-24,Ellison Smith,Anshul Swamy,243,950,E1,1,1487,3.62,0.9,7
10,2018-02-24,Ellison Smith,Zachary Bragg,NA,1065,N1,1,1491,4.49,0.87,8
11,2018-02-24,Ellison Smith,Daniel Chung,NA,1288,W1,0.5,1487,5.12,0.63,8.5
12,2018-02-25,Ellison Smith,Hiya Ray,197,1698,E1,0.5,1499,5.25,0.13,9
13,2018-02-25,Ellison Smith,Oliver Sapsford,NA,1150,G1,1,1506,6.04,0.79,10
14,2018-02-25,Ellison Smith,Milo Davies,52,1212,E1,1,1515,6.76,0.72,11
15,2018-03-07,Ellison Smith,Chris Hooper,98,1487,E1,1,1535,7.11,0.35,12
16,2018-03-10,Ellison Smith,Madeleine Smith,NA,1568,G1,0,1527,7.36,0.25,12
17,2018-03-10,Ellison Smith,Hiya Ray,197,1698,E1,0,1523,7.49,0.13,12
18,2018-03-11,Ellison Smith,Tycho Twohig,262,1059,E1,0.5,1511,8.36,0.87,12.5
19,2018-03-11,Ellison Smith,William Roberts,210,933,E1,1,1515,9.26,0.9,13.5
20,2018-03-11,Ellison Smith,Joel Chung,NA,1165,W1,1,1522,10.04,0.78,14.5
21,2018-03-20,Ellison Smith,Mark Jones,123,1553,E1,0.5,1529,10.31,0.27,15
22,2018-03-30,Ellison Smith,Marcell Vesz,263,1631,E1,0.5,1539,10.5,0.19,15.5
23,2018-03-30,Ellison Smith,Jeremy Jones,122,1520,E1,1,1561,10.81,0.31,16.5
24,2018-03-31,Ellison Smith,Chris Fraser,NA,1622,ECF,0.5,1571,11.01,0.2,17
25,2018-04-01,Ellison Smith,Callum Smith,230,1316,E1,1,1584,11.6,0.59,18
26,2018-04-02,Ellison Smith,Kevin D Langmaid,NA,1518,ECF,0,1574,11.91,0.31,18
27,2018-04-02,Ellison Smith,Dewi Jones,NA,1636,N1,0.5,1584,12.09,0.18,18.5
28,2018-04-09,Ellison Smith,Bob Hurn,106,1669,E2,0.5,1588,0.38,0.38,0.5
29,2018-04-17,Ellison Smith,John Callan,27,1249,E1,1,1592,1.26,0.88,1.5
30,2018-04-24,Ellison Smith,Leon Jansen van Rensburg,114,1599,E2,0,1576,1.74,0.48,1.5
31,2018-05-02,Ellison Smith,Peter Quinn,195,1862,E1,0,1571,1.9,0.16,1.5
32,2018-05-15,Ellison Smith,Milo Davies,52,1212,E1,1,1574,2.8,0.9,2.5
33,2018-06-03,Ellison Smith,Dimitrios Levon Zakarian,NA,1678,ECF,0.5,1579,3.17,0.37,3
34,2018-06-03,Ellison Smith,Andrew Kirby,NA,1766,ECF,0.5,1586,3.43,0.26,3.5
1,2018-01-02,Emyr Roberts,Andrew Trickey,256,1651,E1,1,1545,0.33,0.33,1
2,2018-01-16,Emyr Roberts,Peter Slater,228,1612,E1,1,1565,0.71,0.38,2
3,2018-01-30,Emyr Roberts,Ellison Smith,232,1379,E1,0,1543,1.41,0.7,2
4,2018-02-05,Emyr Roberts,Dave Mahoney,158,1185,E1,1,1547,2.29,0.88,3
5,2018-04-17,Emyr Roberts,Roger Jenkins,116,1454,E1,0,1528,2.89,0.6,3
6,2018-04-25,Emyr Roberts,Edward Mason,161,1399,E1,1,1538,3.56,0.67,4
1,2018-01-08,Erion Pici,Brian Turton,259,1364,E1,0,951,0.1,0.1,0
2,2018-01-15,Erion Pici,Stephen Bonutto,16,1583,E1,0,948,0.2,0.1,0
3,2018-02-05,Erion Pici,Ivor Hitchings,95,850,E1,0,927,0.84,0.64,0
4,2018-02-12,Erion Pici,Gwawr Evans,66,850,E1,1,939,1.48,0.64,1
5,2018-03-05,Erion Pici,Mark Maddock,156,1110,E1,1,961,1.77,0.29,2
6,2018-04-23,Erion Pici,Finlay Britton,18,852,E1,1,973,2.41,0.64,3
7,2018-05-14,Erion Pici,Gwawr Evans,66,850,E1,1,984,3.05,0.64,4
1,2018-01-09,Femi Adebajo,John D Thornton,252,1974,,0,1943,0.47,0.47,0
2,2018-01-23,Femi Adebajo,Steve Cunliffe,43,2014,,0.5,1945,0.89,0.42,0.5
3,2018-01-27,Femi Adebajo,Juan Antonio Villar Reymundo,NA,2302,,0,1942,1,0.11,0.5
4,2018-01-28,Femi Adebajo,Ioulia Makka,NA,2167,WIM,0,1936,1.23,0.23,0.5
5,2018-01-29,Femi Adebajo,Geoff R Hermes,NA,1950,,0.5,1936,1.74,0.51,1
6,2018-01-30,Femi Adebajo,Francisco J de Vega Fernandez,NA,1784,,1,1943,2.47,0.73,2
7,2018-01-30,Femi Adebajo,Sandu Ungureanu,NA,2126,,0,1936,2.74,0.27,2
8,2018-02-12,Femi Adebajo,Bill Hunt,104,1832,,1,1944,3.41,0.67,3
9,2018-02-28,Femi Adebajo,Derek Jones,118,2032,,1,1959,3.8,0.39,4
10,2018-03-14,Femi Adebajo,Derek Jones,118,2032,,1,1973,4.19,0.39,5
11,2018-03-24,Femi Adebajo,Paul McMahon,NA,2014,,1,1987,4.61,0.42,6
12,2018-03-25,Femi Adebajo,Peter G Farr,NA,2222,,0.5,1995,4.78,0.17,6.5
13,2018-04-11,Femi Adebajo,Joe Fathallah,67,2020,,0,1985,5.19,0.41,6.5
14,2018-04-24,Femi Adebajo,David Llewellyn,145,1972,,0.5,1986,5.66,0.47,7
1,2018-01-15,Finlay Britton,Reuben Ford,71,850,E1,1,868,0.5,0.5,1
2,2018-02-13,Finlay Britton,Mike Hollyman,97,973,E1,1,889,0.83,0.33,2
3,2018-04-23,Finlay Britton,Erion Pici,190,954,E1,0,878,1.19,0.36,2
1,2018-01-15,Fraser Britton,Richard H Morgan,170,1304,E1,1,973,0.1,0.1,1
2,2018-02-13,Fraser Britton,Peter Williams,277,1129,E1,0.5,980,0.36,0.26,1.5
3,2018-04-23,Fraser Britton,Dave Mahoney,158,1185,E1,0,974,0.56,0.2,1.5
1,2018-01-08,Gareth Davies,Mike McLoughlin,164,1361,E1,0.5,1343,0.47,0.47,0.5
2,2018-01-16,Gareth Davies,Aron Calist,26,1327,E1,0.5,1342,0.99,0.52,1
3,2018-01-30,Gareth Davies,Duncan MacDonald,154,1608,E1,0,1337,1.16,0.17,1
4,2018-02-06,Gareth Davies,Andrew Jeanes,115,1683,E1,0,1333,1.27,0.11,1
5,2018-03-06,Gareth Davies,Roger Jenkins,116,1454,E1,0.5,1338,1.62,0.35,1.5
6,2018-03-07,Gareth Davies,Muhieddin Hamadah,86,1325,E1,0.5,1338,2.14,0.52,2
7,2018-03-20,Gareth Davies,Chris Peters,188,1591,E1,0,1331,2.33,0.19,2
8,2018-03-30,Gareth Davies,Chris Peters,188,1591,E1,0,1325,2.52,0.19,2
9,2018-03-30,Gareth Davies,Yuxuan Wu,282,1200,E1,0.5,1319,3.21,0.69,2.5
10,2018-03-31,Gareth Davies,Hefin Jones,NA,1295,N1,0,1301,3.78,0.57,2.5
11,2018-04-01,Gareth Davies,Edward Mason,161,1399,E1,0.5,1304,4.2,0.42,3
12,2018-04-02,Gareth Davies,Marcell Vesz,263,1631,E1,0,1299,4.35,0.15,3
13,2018-04-02,Gareth Davies,Rosie Christmas,33,1133,E1,0.5,1290,5.12,0.77,3.5
14,2018-04-09,Gareth Davies,David Roberts,205,1457,E1,0.5,1295,5.46,0.34,4
15,2018-04-24,Gareth Davies,Clive Silver,224,1519,E1,0.5,1303,5.73,0.27,4.5
16,2018-05-02,Gareth Davies,Edward Mason,161,1399,E1,1,1321,6.15,0.42,5.5
1,2018-01-02,Gareth Harding,Wayne James,112,1396,E1,0.5,1412,0.52,0.52,0.5
2,2018-01-09,Gareth Harding,Marcell Vesz,263,1631,E1,1,1437,0.74,0.22,1.5
3,2018-01-22,Gareth Harding,Nadi Grewal,82,1410,E1,1,1453,1.24,0.5,2.5
4,2018-02-12,Gareth Harding,Aishwarya Lutchman Singh,148,1430,E1,1,1470,1.72,0.48,3.5
5,2018-02-19,Gareth Harding,Michael O'Leary,177,1408,E1,1,1486,2.23,0.51,4.5
6,2018-03-05,Gareth Harding,Viv Martin,160,1643,E1,1,1511,2.44,0.21,5.5
7,2018-03-19,Gareth Harding,Tom Davies,55,1133,E1,0.5,1500,3.28,0.84,6
8,2018-03-27,Gareth Harding,Sam Warburton,268,1425,E1,1,1517,3.76,0.48,7
9,2018-04-17,Gareth Harding,David Thorne,251,1330,E1,0.5,1513,4.38,0.62,7.5
10,2018-05-01,Gareth Harding,Simon Davis,57,1163,E1,0.5,1503,5.19,0.81,8
1,2018-01-15,Gareth Yeo,Kam Choo Yin,31,1648,E1,1,2002,0.89,0.89,1
2,2018-01-23,Gareth Yeo,Richard Miles,NA,1965,G1,0.5,2001,1.44,0.55,1.5
3,2018-01-29,Gareth Yeo,Dave Parsons,182,1814,E1,0.5,1997,2.18,0.74,2
4,2018-02-20,Gareth Yeo,John D Thornton,252,1974,E1,0.5,1996,2.72,0.54,2.5
5,2018-02-27,Gareth Yeo,Andrew Jeanes,115,1683,E1,1,1999,3.59,0.87,3.5
6,2018-03-07,Gareth Yeo,Guy Wagner,266,1791,E1,0,1986,4.36,0.77,3.5
7,2018-03-20,Gareth Yeo,Guy Wagner,266,1791,E1,0.5,1982,5.13,0.77,4
8,2018-03-28,Gareth Yeo,Alex Bullen,22,2130,E1,0.5,1985,5.45,0.32,4.5
9,2018-03-30,Gareth Yeo,Syringa Camp,NA,1725,N1,0,1972,6.28,0.83,4.5
10,2018-03-31,Gareth Yeo,Peter Watkins,270,1367,E1,1,1973,7.18,0.9,5.5
11,2018-03-31,Gareth Yeo,Leon Jansen van Rensburg,114,1639,E1,1,1975,8.08,0.9,6.5
12,2018-04-01,Gareth Yeo,David Buttell,NA,1792,W1,0,1962,8.85,0.77,6.5
13,2018-04-02,Gareth Yeo,Andrew Di-Vetta,60,1867,E2,1,1968,9.53,0.68,7.5
14,2018-04-02,Gareth Yeo,Bill Hunt,104,1832,E1,1,1972,10.25,0.72,8.5
15,2018-04-11,Gareth Yeo,Celso Bettencourt Pinto,191,2025,E1,1,1981,10.71,0.46,9.5
16,2018-05-01,Gareth Yeo,Tom Davies,55,1133,E1,1,1982,11.61,0.9,10.5
17,2018-05-20,Gareth Yeo,Peter Bevan,NA,1958,W2,1,1989,12.17,0.56,11.5
18,2018-05-22,Gareth Yeo,Tom Cooke,39,1665,E1,1,1991,13.05,0.88,12.5
19,2018-06-04,Gareth Yeo,Dai James,110,1790,E2,1,1995,13.82,0.77,13.5
20,2018-06-13,Gareth Yeo,Tom Brown,20,2142,E2,0,1990,14.13,0.31,13.5
1,2018-01-06,Gavin Jones,David Rovaretti,213,1743,E1,1,1673,0.38,0.38,1
2,2018-01-06,Gavin Jones,Andrew Di-Vetta,60,1791,E1,0,1665,0.7,0.32,1
3,2018-01-07,Gavin Jones,Liam Penny,186,1670,E1,0,1654,1.18,0.48,1
4,2018-01-07,Gavin Jones,John Cox,40,1424,E1,1,1658,1.98,0.8,2
5,2018-01-10,Gavin Jones,Bill Harle,90,1675,E1,1,1671,2.46,0.48,3
6,2018-01-23,Gavin Jones,Steve Christmas,34,1956,E1,0,1667,2.61,0.15,3
7,2018-02-16,Gavin Jones,Rudy van Kemenade,NA,2015,D1,0,1665,2.71,0.1,3
8,2018-02-17,Gavin Jones,Martin C Jones,NA,1785,D1,0,1657,3.04,0.33,3
9,2018-02-17,Gavin Jones,Norman G Andrews,NA,1654,ECF,0,1645,3.55,0.51,3
10,2018-02-18,Gavin Jones,Dewi Jones,NA,1636,N1,0,1632,4.08,0.53,3
11,2018-04-10,Gavin Jones,Justin Morgans,171,1791,E2,0,1624,4.4,0.32,3
12,2018-04-25,Gavin Jones,Richard Larg,137,1673,E1,0.5,1625,4.88,0.48,3.5
13,2018-04-30,Gavin Jones,John McGregor,163,1927,E1,0.5,1633,5.05,0.17,4
14,2018-05-04,Gavin Jones,Mark Adams,NA,1981,G1,0,1630,5.18,0.13,4
1,2018-02-13,Gavin Williams,Chris Golding,77,1488,E1,0,1629,0.71,0.71,0
2,2018-02-20,Gavin Williams,Zane Allford,NA,1725,G1,0,1620,1.1,0.39,0
3,2018-03-12,Gavin Williams,Leon Jansen van Rensburg,114,1639,E1,0.5,1619,1.61,0.51,0.5
4,2018-04-24,Gavin Williams,Jonathan Kell,130,1869,E1,0,1614,1.83,0.22,0.5
1,2018-01-10,Gruff Jones,Marcell Vesz,263,1631,E1,1,1630,0.48,0.48,1
2,2018-01-29,Gruff Jones,Scott Turner,258,1400,E1,0.5,1624,1.26,0.78,1.5
3,2018-02-07,Gruff Jones,Matthew Lunnon,147,1614,E1,0,1612,1.77,0.51,1.5
4,2018-02-19,Gruff Jones,Clive Silver,224,1519,E1,1,1620,2.41,0.64,2.5
5,2018-03-05,Gruff Jones,Ryan Emmett,64,1619,E1,0.5,1620,2.91,0.5,3
6,2018-04-04,Gruff Jones,Brian Turton,259,1364,E1,1,1624,3.73,0.82,4
7,2018-04-18,Gruff Jones,John Cox,40,1424,E1,1,1630,4.48,0.75,5
8,2018-04-23,Gruff Jones,John Ryles,215,1606,E1,0.5,1630,5,0.52,5.5
1,2018-01-21,Grzegorz Toczek,Allan Pleasants,NA,2166,,1,2303,0.68,0.68,1
2,2018-04-22,Grzegorz Toczek,Howard Williams,NA,2325,FM,0.5,2304,1.14,0.46,1.5
3,2018-05-20,Grzegorz Toczek,Frank May,NA,2090,,1,2307,1.91,0.77,2.5
4,2018-06-04,Grzegorz Toczek,Matthew Davies,NA,1988,,1,2310,2.77,0.86,3.5
5,2018-06-13,Grzegorz Toczek,Tim Kett,134,2292,,1,2318,3.28,0.51,4.5
1,2018-01-18,Guy Wagner,Calum Harris,91,1906,E1,0,1783,0.34,0.34,0
2,2018-01-24,Guy Wagner,Michael Arribas-Ayllon,7,1657,E1,0.5,1779,1.02,0.68,0.5
3,2018-01-29,Guy Wagner,Jonathan Thomas,248,1600,E1,1,1785,1.77,0.75,1.5
4,2018-01-31,Guy Wagner,Joe Fathallah,67,2020,E1,0,1779,1.98,0.21,1.5
5,2018-02-14,Guy Wagner,Celso Bettencourt Pinto,191,2025,E1,0,1775,2.18,0.2,1.5
6,2018-02-28,Guy Wagner,Chris Howells,100,1946,E1,0,1768,2.47,0.29,1.5
7,2018-03-07,Guy Wagner,Gareth Yeo,283,2000,E1,1,1786,2.7,0.23,2.5
8,2018-03-14,Guy Wagner,Derek Smith,231,1861,E1,0,1777,3.1,0.4,2.5
9,2018-03-20,Guy Wagner,Gareth Yeo,283,2000,E1,0.5,1783,3.33,0.23,3
10,2018-03-26,Guy Wagner,Ken Hannah,88,1735,E1,0.5,1781,3.91,0.58,3.5
11,2018-03-28,Guy Wagner,Susanna Fraser,73,1630,E1,1,1788,4.63,0.72,4.5
1,2018-01-08,Gwawr Evans,Callum Smith,230,1316,E1,0,847,0.1,0.1,0
2,2018-01-15,Gwawr Evans,Carys Davies,48,860,E1,1,863,0.59,0.49,1
3,2018-01-22,Gwawr Evans,Roland Humphries,103,1199,E1,0.5,876,0.7,0.11,1.5
4,2018-02-12,Gwawr Evans,Erion Pici,190,954,E1,0,864,1.06,0.36,1.5
5,2018-03-05,Gwawr Evans,Mike Colwill,36,1002,E1,0.5,870,1.36,0.3,2
6,2018-05-14,Gwawr Evans,Erion Pici,190,954,E1,0,859,1.72,0.36,2
1,2018-02-20,Gwilym Moses,Ray Angle,5,1230,E1,0,861,0.1,0.1,0
1,2018-01-31,Hanni Youssef,Ken Wardle,269,1498,E1,1,1412,0.35,0.35,1
2,2018-02-05,Hanni Youssef,Ian Burrows,23,1151,E1,1,1418,1.15,0.8,2
3,2018-02-13,Hanni Youssef,Tony Gutteridge,85,1474,E1,0.5,1422,1.53,0.38,2.5
4,2018-02-19,Hanni Youssef,Tom Bennett,14,1499,E1,0,1411,1.88,0.35,2.5
5,2018-05-14,Hanni Youssef,Stephen Lambourne,136,1439,E1,0,1397,2.31,0.43,2.5
1,2018-01-13,Hiya Ray,John A Feavyour,NA,2030,ECF,0,1695,0.12,0.12,0
2,2018-01-14,Hiya Ray,Nanidee Thatte,NA,1462,ECF,1,1700,0.92,0.8,1
3,2018-01-25,Hiya Ray,Andrew Stamp,NA,1358,ECF-Rapid,1,1703,1.81,0.89,2
4,2018-01-29,Hiya Ray,Clive Silver,224,1519,E1,1,1709,2.55,0.74,3
5,2018-02-09,Hiya Ray,Beren Griffiths,NA,1430,ECF-Rapid,1,1713,3.38,0.83,4
6,2018-02-12,Hiya Ray,Mike Maguire,157,1586,E1,1,1721,4.03,0.65,5
7,2018-02-24,Hiya Ray,William Roberts,210,933,E1,1,1724,4.93,0.9,6
8,2018-02-24,Hiya Ray,Oliver Sapsford,NA,1150,G1,1,1726,5.83,0.9,7
9,2018-02-24,Hiya Ray,Milo Davies,52,1212,E1,0.5,1716,6.73,0.9,7.5
10,2018-02-25,Hiya Ray,Ellison Smith,232,1379,E1,0.5,1708,7.6,0.87,8
11,2018-02-25,Hiya Ray,Yuxuan Wu,282,1200,E1,1,1710,8.5,0.9,9
12,2018-02-25,Hiya Ray,Daniel Chung,NA,1288,W1,0,1688,9.4,0.9,9
13,2018-03-10,Hiya Ray,Neil Stevenson,NA,1387,G1,0,1668,10.26,0.86,9
14,2018-03-10,Hiya Ray,Joel Chung,NA,1165,W1,1,1670,11.16,0.9,10
15,2018-03-10,Hiya Ray,Ellison Smith,232,1379,E1,1,1673,12.03,0.87,11
16,2018-03-11,Hiya Ray,Madeleine Smith,NA,1568,G1,0,1657,12.71,0.68,11
17,2018-03-11,Hiya Ray,Harrison Postans,NA,1407,G1,0.5,1649,13.56,0.85,11.5
18,2018-03-11,Hiya Ray,Tycho Twohig,262,1059,E1,1,1651,14.46,0.9,12.5
19,2018-03-13,Hiya Ray,Duncan MacDonald,154,1608,E1,1,1660,15.08,0.62,13.5
20,2018-03-19,Hiya Ray,George Smith,NA,1429,G1,1,1664,15.91,0.83,14.5
21,2018-03-26,Hiya Ray,Ryan Emmett,64,1619,E1,1,1674,16.52,0.61,15.5
22,2018-03-30,Hiya Ray,Steve Christmas,34,1956,E1,1,1693,16.7,0.18,16.5
23,2018-03-30,Hiya Ray,John McGregor,163,1927,E1,0.5,1700,16.91,0.21,17
24,2018-03-31,Hiya Ray,Sam Jukes,128,1840,E2,0,1693,17.22,0.31,17
25,2018-04-01,Hiya Ray,Syringa Camp,NA,1725,N1,1,1706,17.68,0.46,18
26,2018-04-02,Hiya Ray,Ernest M White,NA,1812,G1,1,1722,18.02,0.34,19
27,2018-04-02,Hiya Ray,Peter Bevan,NA,2014,W1,0.5,1730,18.15,0.13,19.5
28,2018-05-14,Hiya Ray,Anthony Baker,9,1552,E1,1,1736,0.74,0.74,1
1,2018-01-04,Howard Lloyd,Marcell Vesz,263,1631,E1,0,1421,0.24,0.24,0
2,2018-03-06,Howard Lloyd,Roy Purnell,193,1185,E1,0.5,1411,1.05,0.81,0.5
3,2018-03-12,Howard Lloyd,Matthew Lunnon,147,1614,E1,0.5,1419,1.31,0.26,1
4,2018-03-15,Howard Lloyd,Kevin O'Rourke,178,1133,E1,1,1424,2.16,0.85,2
5,2018-03-26,Howard Lloyd,David Lewis,141,1630,E1,0,1416,2.4,0.24,2
1,2018-01-08,Ian Burrows,Kevin O'Rourke,178,1133,E1,0,1134,0.53,0.53,0
2,2018-02-05,Ian Burrows,Hanni Youssef,284,1391,E1,0,1128,0.73,0.2,0
3,2018-02-12,Ian Burrows,Ken Wardle,269,1498,E1,0,1124,0.84,0.11,0
4,2018-02-20,Ian Burrows,Neya Govindaraj,78,1420,E1,0,1119,1.01,0.17,0
5,2018-04-30,Ian Burrows,Kritthik Baranidharan,11,871,E1,1,1124,1.85,0.84,1
1,2018-01-13,Ioan Rees,Patryk Stanisz,NA,2262,,0.5,2341,0.61,0.61,0.5
2,2018-01-14,Ioan Rees,Matthew J Wadsworth,NA,2374,FM,0.5,2341,1.06,0.45,1
3,2018-01-23,Ioan Rees,Tim Kett,134,2304,,0.5,2341,1.61,0.55,1.5
4,2018-02-10,Ioan Rees,Adam C Hunt,NA,2430,IM,0,2337,1.99,0.38,1.5
5,2018-02-11,Ioan Rees,Jonathan Hawkins,NA,2678,GM,0,2336,2.11,0.12,1.5
6,2018-02-20,Ioan Rees,Tim Kett,134,2304,,1,2340,2.66,0.55,2.5
7,2018-03-17,Ioan Rees,Isaac B Sanders,NA,2526,FM,0,2338,2.92,0.26,2.5
8,2018-03-18,Ioan Rees,George E O'Toole,NA,2270,,1,2342,3.52,0.6,3.5
9,2018-04-04,Ioan Rees,Peter Ehsandar,63,2054,,1,2343,4.37,0.85,4.5
10,2018-04-09,Ioan Rees,Alex Bullen,22,2135,,0.5,2341,5.14,0.77,5
11,2018-04-25,Ioan Rees,Tom Brown,20,2142,,1,2343,5.9,0.76,6
12,2018-05-05,Ioan Rees,John E Duggan,NA,2278,,0.5,2342,6.49,0.59,6.5
13,2018-05-06,Ioan Rees,John L Bentley,NA,2222,,1,2346,7.15,0.66,7.5
14,2018-05-07,Ioan Rees,David Latham,NA,2150,,1,2348,7.9,0.75,8.5
1,2018-02-05,Ivor Hitchings,Erion Pici,190,954,E1,1,870,0.36,0.36,1
2,2018-05-14,Ivor Hitchings,Mike Hollyman,97,973,E1,0.5,876,0.69,0.33,1.5
1,2018-02-27,Jacob Morris,Matthew Lunnon,147,1614,E1,0,1222,0.1,0.1,0
2,2018-03-13,Jacob Morris,Dilusha Fernando,68,950,E1,1,1227,0.93,0.83,1
3,2018-03-19,Jacob Morris,Mehdi Jaberansari,109,874,E1,1,1231,1.82,0.89,2
1,2018-01-13,Jake Hurley,D Ian Reynolds,NA,1974,ECF,1,1880,0.35,0.35,1
2,2018-01-14,Jake Hurley,Nischal Thatte,NA,1830,ECF,1,1890,0.9,0.55,2
3,2018-01-17,Jake Hurley,Derek Jones,118,2032,E1,0,1884,1.18,0.28,2
4,2018-02-10,Jake Hurley,Michael PF Singleton,NA,2094,ECF,0,1879,1.39,0.21,2
5,2018-02-11,Jake Hurley,Richard W Smith,NA,1982,ECF,1,1894,1.73,0.34,3
6,2018-02-14,Jake Hurley,Bill Harle,90,1675,E1,0,1876,2.48,0.75,3
7,2018-02-19,Jake Hurley,Ben Thomas,246,2008,E1,0,1869,2.79,0.31,3
8,2018-02-27,Jake Hurley,John Stephenson,240,1517,E1,1,1872,3.68,0.89,4
9,2018-03-14,Jake Hurley,Joe Fathallah,67,2020,E1,0.5,1877,3.97,0.29,4.5
10,2018-03-20,Jake Hurley,Dave Parsons,182,1814,E1,0,1863,4.54,0.57,4.5
11,2018-03-26,Jake Hurley,Steve Cunliffe,43,2014,E1,0,1856,4.84,0.3,4.5
12,2018-03-28,Jake Hurley,Edward Mason,161,1399,E1,1,1858,5.74,0.9,5.5
13,2018-04-11,Jake Hurley,Chris Howells,100,1946,E1,1,1873,6.13,0.39,6.5
14,2018-04-23,Jake Hurley,Tom Cooke,39,1665,E1,0,1855,6.89,0.76,6.5
15,2018-04-26,Jake Hurley,Dai James,110,1957,E1,1,1870,7.26,0.37,7.5
16,2018-05-05,Jake Hurley,Eric F Eedle,NA,1292,Est,1,1872,8.16,0.9,8.5
17,2018-05-06,Jake Hurley,George Olufemi,NA,1807,Fide,1,1882,8.74,0.58,9.5
18,2018-05-07,Jake Hurley,Oliver Thornley,NA,1670,ECF,1,1888,9.49,0.75,10.5
1,2018-04-04,James Thomas,Edward Donovan,62,1855,E1,0.5,1979,0.67,0.67,0.5
1,2018-01-18,James Williams,Steve Street,241,1332,E1,1,1139,0.22,0.22,1
2,2018-02-06,James Williams,Mike Colwill,36,1002,E1,0,1118,0.87,0.65,1
3,2018-02-20,James Williams,Nadi Grewal,82,1410,E1,1,1145,1.02,0.15,2
4,2018-03-05,James Williams,Vedant Lutchman Singh,151,850,E1,1,1151,1.84,0.82,3
5,2018-03-13,James Williams,Mark Maddock,156,1110,E1,1,1167,2.35,0.51,4
6,2018-04-17,James Williams,Jui Lutchman Singh,149,850,E1,1,1173,3.17,0.82,5
7,2018-05-01,James Williams,Bill Davies,47,1306,E1,1,1197,3.42,0.25,6
1,2018-01-17,Javier Martin Perez,Alex Bullen,22,2130,E1,1,2069,0.4,0.4,1
2,2018-01-24,Javier Martin Perez,Celso Bettencourt Pinto,191,2025,E1,0,2060,0.95,0.55,1
1,2018-01-10,Jeff Rowland,Michael Arribas-Ayllon,7,1657,E1,0.5,1630,0.46,0.46,0.5
2,2018-01-18,Jeff Rowland,Mark Smith,233,1868,E1,0,1625,0.66,0.2,0.5
3,2018-01-23,Jeff Rowland,David Rovaretti,213,1743,E1,0,1617,1,0.34,0.5
4,2018-01-29,Jeff Rowland,Martin Ricketts,202,1384,E1,0.5,1610,1.81,0.81,1
5,2018-01-30,Jeff Rowland,Peter Slater,228,1612,E1,0.5,1609,2.33,0.52,1.5
6,2018-02-14,Jeff Rowland,Marcell Vesz,263,1631,E1,1,1621,2.83,0.5,2.5
7,2018-02-19,Jeff Rowland,Richard Larg,137,1673,E1,0.5,1623,3.27,0.44,3
8,2018-02-26,Jeff Rowland,Zane Allford,NA,1725,G1,0,1614,3.64,0.37,3
9,2018-02-27,Jeff Rowland,Phil Jones,125,1325,E1,1,1617,4.5,0.86,4
10,2018-03-14,Jeff Rowland,Andrew Di-Vetta,60,1791,E1,0.5,1622,4.78,0.28,4.5
11,2018-03-20,Jeff Rowland,John Ryles,215,1606,E1,1,1634,5.31,0.53,5.5
12,2018-03-26,Jeff Rowland,Tom Cooke,39,1665,E1,0.5,1635,5.76,0.45,6
13,2018-04-10,Jeff Rowland,Alun Howell,99,1700,E1,0.5,1637,6.16,0.4,6.5
14,2018-05-04,Jeff Rowland,John Waterfield,NA,2031,G2,0,1635,6.26,0.1,6.5
1,2018-02-12,Jeremy Jones,Jonathan Thomas,248,1600,E1,0.5,1524,0.39,0.39,0.5
2,2018-02-19,Jeremy Jones,Steve Lindsay,144,1812,E1,0.5,1535,0.54,0.15,1
3,2018-03-13,Jeremy Jones,Leon Jansen van Rensburg,114,1639,E1,0,1524,0.88,0.34,1
4,2018-03-20,Jeremy Jones,Sam Warburton,268,1425,E1,0.5,1520,1.51,0.63,1.5
5,2018-03-30,Jeremy Jones,Rosie Christmas,33,1133,E1,0.5,1507,2.41,0.9,2
6,2018-03-30,Jeremy Jones,Ellison Smith,232,1379,E1,0,1485,3.1,0.69,2
7,2018-03-31,Jeremy Jones,Yuxuan Wu,282,1200,E1,0,1457,3.97,0.87,2
8,2018-03-31,Jeremy Jones,Hefin Jones,NA,1295,N1,0,1432,4.76,0.79,2
9,2018-04-01,Jeremy Jones,Anshul Swamy,243,950,E1,1,1435,5.66,0.9,3
10,2018-04-02,Jeremy Jones,Sam White,271,1454,E1,1,1448,6.25,0.59,4
11,2018-04-02,Jeremy Jones,Edward Mason,161,1399,E1,0.5,1443,6.92,0.67,4.5
12,2018-04-03,Jeremy Jones,Stephen Bonutto,16,1583,E1,0.5,1445,7.33,0.41,5
13,2018-04-18,Jeremy Jones,Michael Arribas-Ayllon,7,1657,E1,0,1436,7.64,0.31,5
14,2018-04-30,Jeremy Jones,Dai James,110,1790,E2,0.5,1446,7.81,0.17,5.5
1,2018-01-03,Joe Fathallah,Celso Bettencourt Pinto,191,2025,,1,2028,0.49,0.49,1
2,2018-01-17,Joe Fathallah,Peter Ehsandar,63,2054,,1,2037,0.94,0.45,2
3,2018-01-22,Joe Fathallah,Ioulia Makka,NA,2167,WIM,0.5,2040,1.24,0.3,2.5
4,2018-01-23,Joe Fathallah,Victor Plotkin,NA,2454,FM,0.5,2047,1.34,0.1,3
5,2018-01-24,Joe Fathallah,Paulo Pinho,NA,2310,,0,2044,1.49,0.15,3
6,2018-01-25,Joe Fathallah,Hassan Erdogan,NA,1875,,0,2033,2.19,0.7,3
7,2018-01-26,Joe Fathallah,Max Kanbier,NA,1834,,1,2037,2.93,0.74,4
8,2018-01-31,Joe Fathallah,Guy Wagner,266,1791,,1,2040,3.72,0.79,5
9,2018-02-14,Joe Fathallah,Steve Cunliffe,43,2014,,1,2048,4.23,0.51,6
10,2018-02-21,Joe Fathallah,Edward Donovan,62,1855,,1,2053,4.95,0.72,7
11,2018-03-02,Joe Fathallah,Henrik Stepanyan,NA,2302,,1,2066,5.11,0.16,8
12,2018-03-03,Joe Fathallah,Donald J Mason,NA,2222,,0.5,2070,5.35,0.24,8.5
13,2018-03-03,Joe Fathallah,Jonah B Willow,NA,2302,,0,2068,5.51,0.16,8.5
14,2018-03-04,Joe Fathallah,AM (Tony) Hynes,NA,2174,,0.5,2071,5.8,0.29,9
15,2018-03-04,Joe Fathallah,Ian Deswarte,NA,1958,,1,2078,6.39,0.59,10
16,2018-03-14,Joe Fathallah,Jake Hurley,105,1864,,0.5,2074,7.1,0.71,10.5
17,2018-03-30,Joe Fathallah,Alex Bullen,22,2130,,0.5,2077,7.45,0.35,11
18,2018-03-30,Joe Fathallah,Sven Zeidler,NA,2232,FM,0,2073,7.68,0.23,11
19,2018-03-31,Joe Fathallah,Lynda Smith,NA,1977,WCM,1,2080,8.24,0.56,12
20,2018-03-31,Joe Fathallah,Nigel Ralphs,196,2092,,0.5,2082,8.64,0.4,12.5
21,2018-04-01,Joe Fathallah,Tim Kett,134,2304,,0,2079,8.8,0.16,12.5
22,2018-04-02,Joe Fathallah,Dave Turner,NA,2005,,1,2087,9.32,0.52,13.5
23,2018-04-02,Joe Fathallah,Adam Musson,NA,2097,,0,2081,9.71,0.39,13.5
24,2018-04-04,Joe Fathallah,John D Thornton,252,1974,,0.5,2080,10.27,0.56,14
25,2018-04-11,Joe Fathallah,Femi Adebajo,2,1954,,1,2086,10.86,0.59,15
26,2018-04-17,Joe Fathallah,Pete Heaven,93,2156,,0.5,2088,0.4,0.4,0.5
27,2018-04-22,Joe Fathallah,Iolo Jones,NA,2236,FM,0.5,2091,0.7,0.3,1
28,2018-04-23,Joe Fathallah,Sam Jukes,128,1840,,0,2078,1.51,0.81,1
29,2018-05-20,Joe Fathallah,David Llewellyn,145,1972,,0,2067,2.17,0.66,1
1,2018-01-17,Joel Visa Jordana,Tom Brown,20,2116,,0,2216,0.65,0.65,0
2,2018-01-24,Joel Visa Jordana,Tom Brown,20,2116,,0,2205,1.3,0.65,0
3,2018-01-30,Joel Visa Jordana,Tim Kett,134,2304,,0.5,2207,1.69,0.39,0.5
4,2018-02-10,Joel Visa Jordana,Jonathan P Nelson,NA,2254,,0.5,2208,2.15,0.46,1
5,2018-02-11,Joel Visa Jordana,Keith C Arkell,NA,2526,GM,0,2205,2.29,0.14,1
1,2018-01-04,John Callan,Chris Golding,77,1488,E1,0,1243,0.2,0.2,0
2,2018-01-18,John Callan,Bob Owen,179,1393,E1,0.5,1249,0.51,0.31,0.5
3,2018-02-06,John Callan,Roy Purnell,193,1185,E1,1,1262,1.1,0.59,1.5
4,2018-03-12,John Callan,Mike Maguire,157,1586,E1,0,1258,1.22,0.12,1.5
5,2018-03-26,John Callan,Anish Choudhury,32,1116,E1,0,1236,1.9,0.68,1.5
6,2018-04-17,John Callan,Ellison Smith,232,1584,E2,0,1232,2.02,0.12,1.5
7,2018-04-23,John Callan,Dwain Jones,119,1335,E1,1,1252,2.4,0.38,2.5
1,2018-01-06,John Cox,Susanna Fraser,73,1630,E1,0.5,1433,0.23,0.23,0.5
2,2018-01-06,John Cox,Simon Gay,NA,2022,ECF,0,1429,0.33,0.1,0.5
3,2018-01-07,John Cox,Paul Orton,NA,1549,D1,0.5,1435,0.66,0.33,1
4,2018-01-07,John Cox,Gavin Jones,120,1658,E1,0,1428,0.86,0.2,1
5,2018-01-23,John Cox,Edward Mason,161,1399,E1,1,1443,1.4,0.54,2
6,2018-02-12,John Cox,Scott Turner,258,1400,E1,0.5,1442,1.93,0.53,2.5
7,2018-02-19,John Cox,Will Harwood,92,1792,E1,0,1439,2.03,0.1,2.5
8,2018-03-30,John Cox,Andrew Di-Vetta,60,1867,E2,0,1436,2.13,0.1,2.5
9,2018-03-31,John Cox,Steve Williams (Cwm),NA,1758,G2,0,1432,2.25,0.12,2.5
10,2018-03-31,John Cox,Roy Thomas,249,1720,E1,0,1427,2.4,0.15,2.5
11,2018-04-01,John Cox,Peter Watkins,270,1367,E1,0.5,1425,2.98,0.58,3
12,2018-04-02,John Cox,Bob Hurn,106,1669,E2,0,1419,3.17,0.19,3
13,2018-04-02,John Cox,Kevin O'Rourke,178,1133,E1,1,1423,4.02,0.85,4
14,2018-04-18,John Cox,Gruff Jones,121,1618,E1,0,1415,4.27,0.25,4
15,2018-04-30,John Cox,Mark Smith,233,1868,E1,0,1412,4.37,0.1,4
1,2018-01-03,John D Thornton,Ernest Gibiec,NA,2184,,0.5,1980,0.23,0.23,0.5
2,2018-01-09,John D Thornton,Femi Adebajo,2,1954,,1,1992,0.76,0.53,1.5
3,2018-01-23,John D Thornton,David Llewellyn,145,1972,,1,2004,1.26,0.5,2.5
4,2018-01-31,John D Thornton,Gerry Carolan,NA,1560,,1,2006,2.16,0.9,3.5
5,2018-02-14,John D Thornton,Chris Dixon,NA,1817,,1,2013,2.87,0.71,4.5
6,2018-02-20,John D Thornton,Gareth Yeo,283,2000,,0.5,2014,3.33,0.46,5
7,2018-02-26,John D Thornton,Alan Spice,237,2011,,0.5,2015,3.78,0.45,5.5
8,2018-03-20,John D Thornton,Dougie Spencer,NA,2023,,0.5,2017,4.21,0.43,6
9,2018-03-26,John D Thornton,Dwain Jones,119,1335,,1,2019,5.11,0.9,7
10,2018-03-29,John D Thornton,Dai James,110,1957,,1,2031,5.63,0.52,8
11,2018-04-04,John D Thornton,Joe Fathallah,67,2020,,0.5,2032,6.07,0.44,8.5
12,2018-04-09,John D Thornton,Shayanna Sivarajasingam,225,1819,WCM,1,2039,6.78,0.71,9.5
13,2018-04-17,John D Thornton,Nick Davies,NA,1801,,1,2046,7.51,0.73,10.5
14,2018-04-22,John D Thornton,Craig Evans,NA,2102,,1,2062,7.84,0.33,11.5
15,2018-04-25,John D Thornton,Perry Khanna,135,1950,,1,2073,8.37,0.53,12.5
16,2018-04-30,John D Thornton,Steve Cunliffe,43,2014,,0.5,2075,8.81,0.44,13
17,2018-05-20,John D Thornton,Alex Bullen,22,2135,,0.5,2080,9.09,0.28,13.5
18,2018-05-21,John D Thornton,Kevin O'Rourke,178,1133,,1,2082,9.99,0.9,14.5
19,2018-06-04,John D Thornton,Richard Larg,137,1673,,0.5,2074,10.85,0.86,15
20,2018-06-11,John D Thornton,David Roberts,205,1457,,1,2076,11.75,0.9,16
21,2018-06-25,John D Thornton,Bob Hurn,106,1669,,0,2055,12.61,0.86,16
1,2018-01-06,John Fletcher,Richard M Cowan,NA,1990,,1,2010,0.52,0.52,1
2,2018-01-13,John Fletcher,Charles Pickard,NA,2206,,0,2006,0.76,0.24,1
3,2018-01-14,John Fletcher,Pete Heaven,93,2111,,0.5,2008,1.11,0.35,1.5
4,2018-01-29,John Fletcher,David Latham,NA,2150,,0.5,2011,1.41,0.3,2
5,2018-02-03,John Fletcher,David Keddie,NA,2038,,1,2020,1.86,0.45,3
6,2018-02-10,John Fletcher,Charlie B Nettleton,NA,2190,,0,2016,2.11,0.25,3
7,2018-02-11,John Fletcher,Ruben Cenal Gutierrez,NA,2246,FM,0,2013,2.3,0.19,3
8,2018-02-12,John Fletcher,Chris C Williams,NA,1942,,1,2020,2.88,0.58,4
9,2018-02-19,John Fletcher,Chris C W Shephard,NA,2270,,1,2033,3.05,0.17,5
10,2018-03-05,John Fletcher,Rob Woodford,NA,2134,,0,2028,3.37,0.32,5
11,2018-03-03,John Fletcher,Chris N Ross,NA,2286,,0,2026,3.53,0.16,5
12,2018-03-12,John Fletcher,Andy Butterworth,NA,2062,,0.5,2027,3.95,0.42,5.5
13,2018-03-21,John Fletcher,Szilard Tamas,NA,1918,,1,2033,4.57,0.62,6.5
14,2018-03-24,John Fletcher,Alexandros Isaakidis,NA,2014,,0,2025,5.05,0.48,6.5
15,2018-03-25,John Fletcher,Alan Agnew,NA,2214,,0.5,2030,5.28,0.23,7
16,2018-04-07,John Fletcher,Alex B Combie,NA,2038,,0.5,2030,5.73,0.45,7.5
17,2018-04-23,John Fletcher,Jonathan W Arnott,NA,2158,,0,2026,6.02,0.29,7.5
18,2018-03-15,John Fletcher,Geoffrey D Brown,NA,1830,,1,2030,6.75,0.73,8.5
19,2018-04-28,John Fletcher,Robert Starley,NA,2134,,1,2041,7.07,0.32,9.5
20,2018-05-05,John Fletcher,Stephen J Piper,NA,2102,,0,2035,7.43,0.36,9.5
21,2018-05-06,John Fletcher,Calum Salmons,NA,2054,,1,2044,7.86,0.43,10.5
22,2018-05-07,John Fletcher,Andrew M Gregory,NA,2022,,1,2053,8.33,0.47,11.5
23,2018-05-09,John Fletcher,Marek Gajdosz,NA,2126,,1,2063,8.66,0.33,12.5
24,2018-06-09,John Fletcher,Paul H Kenning,NA,2006,,1,2072,9.15,0.49,13.5
1,2018-01-22,John McGregor,Mark Cooke,37,1607,E1,1,1930,0.87,0.87,1
2,2018-02-07,John McGregor,Bill Hunt,104,1832,E1,0,1915,1.5,0.63,1
3,2018-02-19,John McGregor,David Rovaretti,213,1743,E1,0.5,1909,2.24,0.74,1.5
4,2018-03-19,John McGregor,Justin Morgans,171,1900,G2,0.5,1908,2.78,0.54,2
5,2018-03-30,John McGregor,Sam White,271,1454,E1,1,1911,3.68,0.9,3
6,2018-03-30,John McGregor,Hiya Ray,197,1698,E1,0.5,1904,4.47,0.79,3.5
7,2018-03-31,John McGregor,Dominic V Gibbs,NA,1910,ECF,0,1891,4.99,0.52,3.5
8,2018-03-31,John McGregor,Rachel McIntosh,NA,1546,G1,1,1894,5.89,0.9,4.5
9,2018-04-02,John McGregor,Mike Servini,221,1582,E1,1,1896,6.78,0.89,5.5
10,2018-04-02,John McGregor,Raymond Pearson,NA,2014,ECF,1,1911,7.16,0.38,6.5
11,2018-04-30,John McGregor,Gavin Jones,120,1658,E1,0.5,1903,7.99,0.83,7
1,2018-01-16,John Pearce,Phil Jones,125,1325,E1,0.5,1022,0.13,0.13,0.5
1,2018-01-08,John Rees,Vedant Lutchman Singh,151,850,E1,0,834,0.5,0.5,0
2,2018-02-05,John Rees,Oscar Hitchings,96,850,E1,0,818,1,0.5,0
3,2018-02-12,John Rees,Richard H Morgan,170,1304,E1,0,815,1.1,0.1,0
4,2018-03-05,John Rees,Mike Smith,234,850,E1,0.5,815,1.6,0.5,0.5
1,2018-01-15,John Ryles,Michael O'Leary,177,1408,E1,0,1588,0.76,0.76,0
2,2018-02-05,John Ryles,Richard Larg,137,1673,E1,0,1578,1.17,0.41,0
3,2018-02-19,John Ryles,Andrew Jeanes,115,1683,E1,0.5,1581,1.56,0.39,0.5
4,2018-03-12,John Ryles,Aishwarya Lutchman Singh,148,1430,E1,1,1587,2.29,0.73,1.5
5,2018-03-20,John Ryles,Jeff Rowland,214,1629,E1,0,1576,2.76,0.47,1.5
6,2018-04-03,John Ryles,David Rovaretti,213,1743,E1,0,1568,3.07,0.31,1.5
7,2018-04-23,John Ryles,Gruff Jones,121,1618,E1,0.5,1569,3.55,0.48,2
1,2018-01-15,John Stephenson,Tom Cooke,39,1665,E1,1,1539,0.3,0.3,1
2,2018-01-16,John Stephenson,Edwin Allen,3,1344,E1,1,1548,1.03,0.73,2
3,2018-01-22,John Stephenson,Will Harwood,92,1792,E1,0,1543,1.2,0.17,2
4,2018-02-19,John Stephenson,Dave A Lewis,140,1652,E1,0,1532,1.52,0.32,2
5,2018-02-22,John Stephenson,Dave Mahoney,158,1185,E1,1,1536,2.4,0.88,3
6,2018-02-27,John Stephenson,Jake Hurley,105,1864,E1,0,1533,2.51,0.11,3
7,2018-03-20,John Stephenson,Aled George,75,1499,E1,0.5,1532,3.04,0.53,3.5
8,2018-04-03,John Stephenson,Rosie Christmas,33,1133,E1,1,1535,3.94,0.9,4.5
9,2018-04-30,John Stephenson,Ben Thomas,246,2008,E1,0,1532,4.04,0.1,4.5
10,2018-05-03,John Stephenson,Dave Parsons,182,1814,E1,0,1527,4.19,0.15,4.5
11,2018-06-11,John Stephenson,Mark Cooke,37,1607,E1,0,1515,4.57,0.38,4.5
1,2018-01-13,John Trevelyan,Philipp Orgler,NA,2150,ECF,1,2093,0.41,0.41,1
2,2018-01-14,John Trevelyan,David Perrett,187,1981,E1,1,2099,1.05,0.64,2
3,2018-02-10,John Trevelyan,Allan J Pleasants,NA,2166,W1,0.5,2101,1.44,0.39,2.5
4,2018-02-11,John Trevelyan,Ivan J Myall,NA,2062,ECF,0,2092,1.97,0.53,2.5
5,2018-03-24,John Trevelyan,Nevil Chan,NA,2062,ECF,0,2084,2.5,0.53,2.5
6,2018-03-25,John Trevelyan,Peter Richmond,NA,2110,ECF,0,2077,2.96,0.46,2.5
7,2018-05-05,John Trevelyan,Chris Fegan,NA,2086,ECF,0,2069,3.46,0.5,2.5
8,2018-05-06,John Trevelyan,Sean Terry,NA,1982,ECF,1,2074,4.1,0.64,3.5
9,2018-05-07,John Trevelyan,Graham Smith,NA,2166,ECF,1,2084,4.49,0.39,4.5
1,2018-03-13,Jonathan James,Justin Morgans,171,1765,E1,1,2008,0.8,0.8,1
2,2018-03-20,Jonathan James,Ben Thomas,246,2008,E1,0.5,2008,1.3,0.5,1.5
3,2018-04-03,Jonathan James,Mark Cooke,37,1607,E1,1,2010,2.2,0.9,2.5
1,2018-01-02,Jonathan Kell,Kam Choo Yin,31,1648,E1,1,1874,0.78,0.78,1
2,2018-01-09,Jonathan Kell,Justin Morgans,171,1765,E1,1,1883,1.42,0.64,2
3,2018-01-23,Jonathan Kell,Dave Parsons,182,1814,E1,1,1893,2,0.58,3
4,2018-01-30,Jonathan Kell,Roy Thomas,249,1720,E1,0,1876,2.7,0.7,3
5,2018-01-31,Jonathan Kell,Marcell Vesz,263,1631,E1,1,1881,3.5,0.8,4
6,2018-02-12,Jonathan Kell,Edward Donovan,62,1855,E1,1,1893,4.02,0.52,5
7,2018-02-28,Jonathan Kell,Charles Summers,242,1846,E1,0.5,1892,4.55,0.53,5.5
8,2018-03-14,Jonathan Kell,Charles Summers,242,1846,E1,0,1879,5.08,0.53,5.5
9,2018-03-27,Jonathan Kell,Rob Dineen,59,1805,E1,0,1865,5.67,0.59,5.5
10,2018-04-11,Jonathan Kell,Peter Quinn,195,1862,E1,0.5,1865,6.18,0.51,6
11,2018-04-24,Jonathan Kell,Gavin Williams,275,1646,E1,1,1870,6.96,0.78,7
1,2018-01-29,Jonathan Thomas,Guy Wagner,266,1791,E1,0,1594,0.25,0.25,0
2,2018-02-12,Jonathan Thomas,Jeremy Jones,122,1520,E1,0.5,1591,0.86,0.61,0.5
3,2018-02-14,Jonathan Thomas,Chris Fox,72,1726,E1,0,1583,1.19,0.33,0.5
4,2018-03-26,Jonathan Thomas,Robert Taylor,NA,1900,G2,1,1604,1.33,0.14,1.5
5,2018-04-09,Jonathan Thomas,Dai James,110,1957,E1,0.5,1614,1.43,0.1,2
6,2018-04-16,Jonathan Thomas,Justin Morgans,171,1791,E2,0.5,1620,1.68,0.25,2.5
1,2018-01-15,Jonathan W Davies,Mike McLoughlin,164,1361,E1,1,1125,0.18,0.18,1
2,2018-03-19,Jonathan W Davies,Bill Davies,47,1306,E1,0.5,1134,0.41,0.23,1.5
3,2018-04-09,Jonathan W Davies,Richard H Morgan,170,1304,E1,0,1127,0.64,0.23,1.5
4,2018-04-21,Jonathan W Davies,Jishnu R Rajaram,NA,1126,ECF,1,1144,1.1,0.46,2.5
5,2018-04-21,Jonathan W Davies,Sam Bird,NA,1070,ECF-Rapid,1,1159,1.64,0.54,3.5
6,2018-04-21,Jonathan W Davies,Rowan Eccleston,NA,850,Est,1,1165,2.45,0.81,4.5
7,2018-04-21,Jonathan W Davies,Tom Davies,55,1133,E1,1,1182,2.9,0.45,5.5
8,2018-04-22,Jonathan W Davies,Dawn Supatan,NA,1286,ECF-Rapid,1,1206,3.15,0.25,6.5
9,2018-04-22,Jonathan W Davies,Lior Yedid,NA,1078,ECF-Rapid,1,1221,3.68,0.53,7.5
1,2018-01-29,Joseff Roberts,Jui Lutchman Singh,149,850,E1,1,866,0.5,0.5,1
2,2018-04-09,Joseff Roberts,Remy Segrott,219,850,E1,0,850,1,0.5,1
1,2018-02-21,Juan Carlos Payan,Derek Smith,231,1861,E1,0.5,1850,0.48,0.48,0.5
2,2018-03-07,Juan Carlos Payan,David Llewellyn,145,1972,E1,0,1843,0.81,0.33,0.5
1,2018-01-17,Juan Rodriguez,Nedeljko Tomic,NA,1858,,0,2041,0.75,0.75,0
2,2018-01-24,Juan Rodriguez,Derek Elkington,NA,2015,,1,2048,1.3,0.55,1
3,2018-02-15,Juan Rodriguez,Robert Maris,NA,1948,,0,2038,1.94,0.64,1
4,2018-02-22,Juan Rodriguez,Stephen E Jones,NA,1857,,1,2042,2.7,0.76,2
5,2018-03-01,Juan Rodriguez,Derwent Maggs,NA,2257,,0,2038,2.94,0.24,2
6,2018-03-08,Juan Rodriguez,John Brooke,NA,1377,,1,2040,3.84,0.9,3
7,2018-03-15,Juan Rodriguez,Alan Wolstencroft,NA,1753,,1,2042,4.7,0.86,4
8,2018-03-22,Juan Rodriguez,Yihe Fu,NA,1892,,0.5,2038,5.42,0.72,4.5
9,2018-03-29,Juan Rodriguez,Stephen E Jones,NA,1857,,0,2026,6.18,0.76,4.5
10,2018-04-05,Juan Rodriguez,Kuol Awan Garang,NA,1858,,1,2030,6.93,0.75,5.5
11,2018-04-13,Juan Rodriguez,Leandro Krysa,NA,2543,GM,0,2029,7.03,0.1,5.5
12,2018-04-14,Juan Rodriguez,Gustav Frei,NA,1673,,1,2030,7.93,0.9,6.5
13,2018-04-15,Juan Rodriguez,Kenji Hiebert,NA,2179,,0.5,2033,8.26,0.33,7
14,2018-04-16,Juan Rodriguez,Shri B Savitha,NA,1615,,0,2018,9.16,0.9,7
15,2018-04-17,Juan Rodriguez,Prin Lachawirapap,NA,1762,,1,2021,10.01,0.85,8
16,2018-04-18,Juan Rodriguez,Wisuwat Teerapabpaisit,NA,2164,FM,0,2015,10.36,0.35,8
17,2018-04-19,Juan Rodriguez,Peter Frost,NA,1856,,1,2019,11.12,0.76,9
18,2018-04-20,Juan Rodriguez,Jia Qian Eng,NA,1801,,0,2006,11.93,0.81,9
19,2018-04-21,Juan Rodriguez,Inguh Kim,NA,1831,CM,0.5,2002,12.71,0.78,9.5
20,2018-05-09,Juan Rodriguez,Robin A Shaw,NA,1791,,1,2005,13.53,0.82,10.5
21,2018-05-30,Juan Rodriguez,Alan Wolstencroft,NA,1753,,1,2007,14.39,0.86,11.5
22,2018-06-06,Juan Rodriguez,Peter De Yaak,NA,1938,,1,2012,15.05,0.66,12.5
23,2018-06-13,Juan Rodriguez,Derek Elkington,NA,2015,,1,2019,15.6,0.55,13.5
24,2018-06-14,Juan Rodriguez,Nedeljko Tomic,NA,1858,,1,2023,16.35,0.75,14.5
25,2018-06-20,Juan Rodriguez,Stephen E Jones,NA,1857,,1,2027,17.11,0.76,15.5
26,2018-06-27,Juan Rodriguez,Robert Maris,NA,1986,,1,2034,0.56,0.56,1
1,2018-01-29,Jui Lutchman Singh,Joseff Roberts,208,850,E1,0,834,0.5,0.5,0
2,2018-04-17,Jui Lutchman Singh,James Williams,276,1114,E1,0,828,0.68,0.18,0
1,2018-01-05,Justin Morgans,Suzy G Cooke,NA,2014,WFM,0.5,1772,0.19,0.19,0.5
2,2018-01-06,Justin Morgans,Huw Morcam,NA,1931,,0,1766,0.47,0.28,0.5
3,2018-01-07,Justin Morgans,Chris Howells,100,1946,,0,1759,0.73,0.26,0.5
4,2018-01-07,Justin Morgans,Colin Denham,NA,1659,,1,1768,1.38,0.65,1.5
5,2018-01-08,Justin Morgans,Neil Owen,181,1760,,0,1756,1.89,0.51,1.5
6,2018-01-09,Justin Morgans,Jonathan Kell,130,1869,,0,1747,2.25,0.36,1.5
7,2018-01-15,Justin Morgans,Ben Thomas,246,2008,,1,1766,2.45,0.2,2.5
8,2018-01-22,Justin Morgans,John Waterfield,NA,2027,,0,1762,2.63,0.18,2.5
9,2018-01-29,Justin Morgans,Russell Dodington,61,1721,,1,1772,3.19,0.56,3.5
10,2018-02-05,Justin Morgans,Sam Jukes,128,1896,,1,1789,3.51,0.32,4.5
11,2018-02-12,Justin Morgans,Kam Choo Yin,31,1648,,1,1797,4.17,0.66,5.5
12,2018-02-16,Justin Morgans,Adam Musson,NA,2097,,0,1794,4.29,0.12,5.5
13,2018-02-17,Justin Morgans,Tom Brown,20,2116,,0,1791,4.4,0.11,5.5
14,2018-02-17,Justin Morgans,John Miller,NA,1648,,0.5,1788,5.06,0.66,6
15,2018-02-18,Justin Morgans,Paul Orton,NA,1549,,0,1769,5.84,0.78,6
16,2018-02-18,Justin Morgans,Caspian Fowler,NA,1655,,0.5,1765,6.49,0.65,6.5
17,2018-02-19,Justin Morgans,Bill Hunt,104,1832,,1,1779,6.9,0.41,7.5
18,2018-03-13,Justin Morgans,Jonathan James,111,2005,,0,1775,7.1,0.2,7.5
19,2018-03-15,Justin Morgans,Dai James,110,1957,,1,1793,7.35,0.25,8.5
20,2018-03-26,Justin Morgans,Bob Hurn,106,1670,,0.5,1789,7.98,0.63,9
21,2018-03-30,Justin Morgans,Raymond Pearson,NA,2014,,0,1785,8.17,0.19,9
22,2018-03-30,Justin Morgans,Peter Watkins,270,1367,,0.5,1775,9.07,0.9,9.5
23,2018-03-31,Justin Morgans,Jonathan Jones,NA,1525,,1,1780,9.87,0.8,10.5
24,2018-04-01,Justin Morgans,Paul Bridges,17,1840,,0.5,1783,10.27,0.4,11
25,2018-04-02,Justin Morgans,Charles Summers,242,1846,,0.5,1785,10.66,0.39,11.5
26,2018-04-02,Justin Morgans,Steve Christmas,34,1956,,0.5,1791,10.91,0.25,12
27,2018-04-10,Justin Morgans,Gavin Jones,120,1658,,1,1799,0.68,0.68,1
28,2018-04-16,Justin Morgans,Jonathan Thomas,248,1600,,0.5,1793,1.43,0.75,1.5
29,2018-04-25,Justin Morgans,Bill Harle,90,1675,,0.5,1789,2.09,0.66,2
30,2018-06-04,Justin Morgans,Leon Jansen van Rensburg,114,1599,,0.5,1783,2.84,0.75,2.5
31,2018-06-11,Justin Morgans,Leon Jansen van Rensburg,114,1599,,1,1789,3.59,0.75,3.5
32,2018-06-21,Justin Morgans,Joe Laforara Jnr,NA,1876,,0.5,1792,3.97,0.38,4
33,2018-06-22,Justin Morgans,Robert Stewart,NA,1891,,0,1783,4.33,0.36,4
34,2018-06-22,Justin Morgans,Dennis E Humphries,NA,1700,,1,1792,4.96,0.63,5
35,2018-06-23,Justin Morgans,Stephanie Bellom,NA,1894,,0,1783,5.32,0.36,5
36,2018-06-23,Justin Morgans,Rohan Das,NA,1699,,1,1792,5.95,0.63,6
37,2018-06-24,Justin Morgans,Daniel Kou,NA,1664,,0,1776,6.62,0.67,6
38,2018-06-24,Justin Morgans,Ryan Min,NA,1543,,0.5,1769,7.43,0.81,6.5
1,2018-01-02,Kam Choo Yin,Jonathan Kell,130,1869,E1,0,1643,0.22,0.22,0
2,2018-01-15,Kam Choo Yin,Gareth Yeo,283,2000,E1,0,1640,0.33,0.11,0
3,2018-01-16,Kam Choo Yin,Simon Blackmore,15,1640,E1,0,1628,0.84,0.51,0
4,2018-01-30,Kam Choo Yin,Alun Smith,229,1563,E1,0,1613,1.46,0.62,0
5,2018-02-12,Kam Choo Yin,Justin Morgans,171,1765,E1,0,1605,1.8,0.34,0
6,2018-02-27,Kam Choo Yin,Robert Taylor,NA,1900,G2,0,1600,1.99,0.19,0
7,2018-03-06,Kam Choo Yin,Roy Thomas,249,1720,E1,1,1615,2.39,0.4,1
8,2018-03-13,Kam Choo Yin,Daniel Jaberansari,108,1511,E1,0.5,1610,3.08,0.69,1.5
9,2018-03-19,Kam Choo Yin,David Lewis,141,1630,E1,1,1621,3.61,0.53,2.5
10,2018-04-17,Kam Choo Yin,Dai James,110,1957,E1,1,1642,3.75,0.14,3.5
11,2018-04-25,Kam Choo Yin,Aled George,75,1499,E1,0.5,1637,4.45,0.7,4
12,2018-05-01,Kam Choo Yin,Sam Jukes,128,1840,E2,0,1631,4.7,0.25,4
1,2018-01-02,Keith Owen,Roland Humphries,103,1199,E1,0,992,0.24,0.24,0
2,2018-02-06,Keith Owen,Mike Hollyman,97,973,E1,0,975,0.78,0.54,0
3,2018-02-20,Keith Owen,Richard H Morgan,170,1304,E1,0,971,0.92,0.14,0
4,2018-03-13,Keith Owen,Mike Smith,234,850,E1,1,980,1.62,0.7,1
1,2018-01-16,Keith Thompson,Mark I Collinson,NA,2102,,0,1935,0.29,0.29,0
2,2018-02-14,Keith Thompson,Ahmet BH Hoscan,NA,2014,,1,1949,0.69,0.4,1
3,2018-01-10,Keith Thompson,Joe Varley,NA,1590,,1,1952,1.58,0.89,2
4,2018-01-22,Keith Thompson,Andrew D Bettley,NA,1894,,1,1962,2.15,0.57,3
5,2018-02-21,Keith Thompson,Richard O Callis,NA,1790,,1,1970,2.85,0.7,4
6,2018-03-07,Keith Thompson,R Malcolm Hara,NA,1558,,1,1972,3.75,0.9,5
7,2018-03-14,Keith Thompson,Chris J Matthews,NA,1814,,0.5,1968,4.42,0.67,5.5
8,2018-04-04,Keith Thompson,Lester Jones,NA,1566,,1,1970,5.32,0.9,6.5
9,2018-04-13,Keith Thompson,Douglas Vleeshhouwer,NA,1990,,0.5,1972,5.75,0.43,7
10,2018-04-18,Keith Thompson,Shaun J Culkin,NA,1974,,0,1961,6.2,0.45,7
11,2018-05-02,Keith Thompson,Oleg Dukalevs,NA,1790,,1,1968,6.9,0.7,8
12,2018-04-24,Keith Thompson,Richard Atkinson,NA,1606,,1,1971,7.78,0.88,9
13,2018-04-25,Keith Thompson,Derek A Sheppard,NA,1766,,1,1978,8.51,0.73,10
14,2018-05-09,Keith Thompson,Roger K Noble,NA,1718,,1,1983,9.3,0.79,11
15,2018-05-16,Keith Thompson,Zak Farley,NA,1622,,0,1962,10.17,0.87,11
16,2017-11-06,Keith Thompson,Nick Colley,NA,1230,,1,1964,11.07,0.9,12
17,2018-01-08,Keith Thompson,Oleg Dukalevs,NA,1790,,1,1972,11.77,0.7,13
18,2018-02-05,Keith Thompson,Mark I Collinson,NA,2102,,0.5,1977,12.06,0.29,13.5
19,2018-03-05,Keith Thompson,Ahmet BH Hoscan,NA,2014,,1,1991,12.46,0.4,14.5
20,2018-06-06,Keith Thompson,John G Cooper,NA,2222,IM,0,1987,12.62,0.16,14.5
1,2018-01-16,Ken Curry,Mike Colwill,36,1002,E1,0.5,1214,0.78,0.78,0.5
2,2018-01-25,Ken Curry,Chris Green,81,1584,E1,0,1211,0.88,0.1,0.5
3,2018-02-05,Ken Curry,Tycho Twohig,262,1059,E1,0.5,1204,1.6,0.72,1
4,2018-02-12,Ken Curry,Matthew Lunnon,147,1614,E1,0,1201,1.7,0.1,1
5,2018-02-19,Ken Curry,Edwin Allen,3,1344,E1,0,1190,2.03,0.33,1
6,2018-02-22,Ken Curry,Scott Turner,258,1400,E1,0,1181,2.3,0.27,1
7,2018-03-05,Ken Curry,Marcell Vesz,263,1631,E1,0,1178,2.4,0.1,1
8,2018-04-05,Ken Curry,Martin Ricketts,202,1384,E1,0,1169,2.68,0.28,1
9,2018-04-10,Ken Curry,Roland Humphries,103,1199,E1,0.5,1168,3.21,0.53,1.5
10,2018-04-23,Ken Curry,Tycho Twohig,262,1059,E1,1,1177,3.93,0.72,2.5
11,2018-05-03,Ken Curry,Dave Mahoney,158,1185,E1,0.5,1176,4.48,0.55,3
12,2018-05-14,Ken Curry,Ray Angle,5,1230,E1,1,1192,4.97,0.49,4
1,2018-01-23,Ken Hannah,Andrew Di-Vetta,60,1791,E1,0,1725,0.42,0.42,0
2,2018-01-29,Ken Hannah,Rob Dineen,59,1805,E1,0.5,1727,0.82,0.4,0.5
3,2018-02-14,Ken Hannah,Peter Quinn,195,1862,E1,1,1743,1.15,0.33,1.5
4,2018-02-19,Ken Hannah,John Waterfield,NA,2027,G1,0.5,1752,1.3,0.15,2
5,2018-03-26,Ken Hannah,Guy Wagner,266,1791,E1,0.5,1754,1.72,0.42,2.5
6,2018-03-30,Ken Hannah,Rachel McIntosh,NA,1546,G1,0.5,1748,2.47,0.75,3
7,2018-03-30,Ken Hannah,Leon Jansen van Rensburg,114,1639,E1,0.5,1745,3.1,0.63,3.5
8,2018-03-31,Ken Hannah,Bill Hunt,104,1832,E1,0.5,1748,3.47,0.37,4
9,2018-04-01,Ken Hannah,Chris Fox,72,1726,E1,1,1759,3.98,0.51,5
10,2018-04-02,Ken Hannah,Mike Burrows,NA,1867,W1,0.5,1764,4.3,0.32,5.5
11,2018-04-02,Ken Hannah,David Buttell,NA,1792,W1,0,1754,4.72,0.42,5.5
12,2018-04-09,Ken Hannah,Roy Thomas,249,1720,E1,0,1741,5.24,0.52,5.5
13,2018-04-16,Ken Hannah,Chris Hooper,98,1487,E1,0,1722,6.05,0.81,5.5
14,2018-04-30,Ken Hannah,Leon Jansen van Rensburg,114,1599,E2,0,1705,6.73,0.68,5.5
15,2018-05-01,Ken Hannah,Roy Purnell,193,1185,E1,1,1708,7.63,0.9,6.5
1,2018-01-08,Ken Wardle,Tycho Twohig,262,1059,E1,1,1501,0.9,0.9,1
2,2018-01-18,Ken Wardle,Roger Phillips,189,1533,E1,1,1519,1.35,0.45,2
3,2018-01-31,Ken Wardle,Hanni Youssef,284,1391,E1,0,1498,2,0.65,2
4,2018-02-12,Ken Wardle,Ian Burrows,23,1151,E1,1,1502,2.89,0.89,3
5,2018-03-05,Ken Wardle,Tom Bennett,14,1499,E1,0,1486,3.39,0.5,3
6,2018-03-13,Ken Wardle,Muhieddin Hamadah,86,1325,E1,1,1494,4.12,0.73,4
7,2018-03-27,Ken Wardle,Clive Silver,224,1519,E1,0.5,1495,4.59,0.47,4.5
8,2018-04-03,Ken Wardle,Paul Meara,165,1220,E1,1,1500,5.43,0.84,5.5
9,2018-05-14,Ken Wardle,Marque Fernando,69,1250,E1,1,1506,6.24,0.81,6.5
1,2018-01-05,Kevin O'Rourke,Tomasz Miga,NA,1724,W1,0,1130,0.1,0.1,0
2,2018-01-06,Kevin O'Rourke,Bob Hurn,106,1670,E1,0,1127,0.2,0.1,0
3,2018-01-07,Kevin O'Rourke,David Rovaretti,213,1743,E1,0,1123,0.3,0.1,0
4,2018-01-08,Kevin O'Rourke,Ian Burrows,23,1151,E1,1,1140,0.77,0.47,1
5,2018-01-15,Kevin O'Rourke,Mike Maguire,157,1586,E1,0,1137,0.87,0.1,1
6,2018-01-29,Kevin O'Rourke,Anish Choudhury,32,1116,E1,0,1121,1.39,0.52,1
7,2018-02-12,Kevin O'Rourke,Neya Govindaraj,78,1420,E1,0,1115,1.55,0.16,1
8,2018-02-16,Kevin O'Rourke,Peter Hughes,NA,1390,ECF,0,1110,1.73,0.18,1
9,2018-02-17,Kevin O'Rourke,Paul Bevan,NA,1336,W1,0,1102,1.97,0.24,1
10,2018-02-18,Kevin O'Rourke,Georgina Gray,NA,1304,D1,0,1093,2.24,0.27,1
11,2018-02-18,Kevin O'Rourke,Margaret Baron,NA,850,D1,1,1098,3.08,0.84,2
12,2018-03-15,Kevin O'Rourke,Howard Lloyd,146,1429,E1,0,1094,3.23,0.15,2
13,2018-03-26,Kevin O'Rourke,Paul Wallace,267,1414,E1,0.5,1105,3.39,0.16,2.5
14,2018-03-27,Kevin O'Rourke,Bob Owen,179,1393,E1,1,1131,3.57,0.18,3.5
15,2018-03-30,Kevin O'Rourke,Richard Larg,137,1673,E1,0,1128,3.67,0.1,3.5
16,2018-03-30,Kevin O'Rourke,Bill Hunt,104,1832,E1,0,1124,3.77,0.1,3.5
17,2018-03-31,Kevin O'Rourke,Sam White,271,1454,E1,1,1152,3.9,0.13,4.5
18,2018-04-01,Kevin O'Rourke,Charles Summers,242,1846,E1,0,1149,4,0.1,4.5
19,2018-04-02,Kevin O'Rourke,John Cox,40,1424,E1,0,1144,4.15,0.15,4.5
20,2018-04-24,Kevin O'Rourke,Roy Purnell,193,1185,E1,0.5,1146,4.58,0.43,5
21,2018-05-14,Kevin O'Rourke,David Thorne,251,1330,E1,0,1139,4.82,0.24,5
22,2018-05-21,Kevin O'Rourke,John D Thornton,252,1974,E1,0,1136,4.92,0.1,5
23,2018-06-04,Kevin O'Rourke,Neil Owen,181,1760,E1,0,1132,5.02,0.1,5
24,2018-06-18,Kevin O'Rourke,Bob Hurn,106,1669,E2,0,1129,5.12,0.1,5
25,2018-06-25,Kevin O'Rourke,David Roberts,205,1457,E1,0,1125,5.25,0.13,5
1,2018-04-30,Krishna Lee,Dwain Jones,119,1335,E1,0.5,945,0.1,0.1,0.5
1,2018-04-09,Kritthik Baranidharan,David Thorne,251,1330,E1,0,868,0.1,0.1,0
2,2018-04-30,Kritthik Baranidharan,Ian Burrows,23,1151,E1,0,863,0.26,0.16,0
1,2018-01-03,Lee Davis,Richard Miles,NA,1965,,0.5,2040,0.61,0.61,0.5
2,2018-01-04,Lee Davis,Ray A Collett,NA,1774,,1,2043,1.44,0.83,1.5
3,2018-01-05,Lee Davis,John P Knee,NA,1822,,1,2046,2.22,0.78,2.5
4,2018-01-08,Lee Davis,Keiran A Lappin,NA,1574,,1,2048,3.12,0.9,3.5
5,2018-01-12,Lee Davis,Jim R Keene,NA,1862,,1,2052,3.86,0.74,4.5
6,2018-01-13,Lee Davis,Daniel GH Gallagher,NA,2366,,0,2050,3.99,0.13,4.5
7,2018-01-14,Lee Davis,Paul R Kemp,NA,2118,,1,2060,4.38,0.39,5.5
8,2018-01-15,Lee Davis,Barrie Griffiths,NA,1294,,1,2062,5.28,0.9,6.5
9,2018-01-17,Lee Davis,Peter Varley,NA,2241,,0,2058,5.52,0.24,6.5
10,2018-01-18,Lee Davis,Richard BE Bryant,NA,2038,,1,2066,6.03,0.51,7.5
11,2018-01-21,Lee Davis,Ian Jones,NA,2018,,1,2073,6.56,0.53,8.5
12,2018-01-22,Lee Davis,Peter Johnston,NA,1694,,1,2075,7.45,0.89,9.5
13,2018-01-26,Lee Davis,Leigh Canham,NA,1862,,0,2063,8.19,0.74,9.5
14,2018-01-29,Lee Davis,Brian Morris,NA,1494,,1,2065,9.09,0.9,10.5
15,2018-01-30,Lee Davis,George Kolbusz,NA,1854,,0.5,2061,9.84,0.75,11
16,2018-01-31,Lee Davis,David Llewellyn,145,1972,,0.5,2059,10.44,0.6,11.5
17,2018-02-01,Lee Davis,Dave Turner,NA,2005,,1,2066,10.99,0.55,12.5
18,2018-02-02,Lee Davis,Ian J Clarke,NA,1942,,0.5,2064,11.63,0.64,13
19,2018-02-06,Lee Davis,Adrian A Priest,NA,1830,,1,2068,12.4,0.77,14
20,2018-02-09,Lee Davis,Brian Turner,NA,2030,,1,2075,12.92,0.52,15
21,2018-02-12,Lee Davis,Luis Rodriguez,NA,1590,,1,2077,13.82,0.9,16
22,2018-02-16,Lee Davis,David MH Everington,NA,1894,,1,2082,14.52,0.7,17
23,2018-02-19,Lee Davis,Paul J Barker,NA,1942,,0.5,2079,15.16,0.64,17.5
24,2018-02-23,Lee Davis,David Scriven,NA,1766,,0.5,2074,16,0.84,18
25,2018-02-26,Lee Davis,Nigel M Ferrington,NA,2270,,0.5,2079,16.21,0.21,18.5
26,2018-02-28,Lee Davis,John P Wrench,NA,1910,,0.5,2075,0.72,0.72,0.5
27,2018-03-09,Lee Davis,Geoffrey M Herbert,NA,1894,,0.5,2072,1.46,0.74,1
28,2018-03-13,Lee Davis,Glyn D Pugh,NA,1910,,0.5,2068,2.18,0.72,1.5
29,2018-03-20,Lee Davis,Steve Williams (Cwm),NA,1758,,1,2070,3.05,0.87,2.5
30,2018-03-28,Lee Davis,Ian White,NA,1918,,1,2075,3.77,0.72,3.5
31,2018-03-30,Lee Davis,David Sands,NA,2230,,0.5,2078,4.07,0.3,4
32,2018-03-30,Lee Davis,Tim Kett,134,2304,,0,2075,4.28,0.21,4
33,2018-03-31,Lee Davis,Imogen Camp,NA,1930,WCM,0.5,2071,4.98,0.7,4.5
34,2018-03-31,Lee Davis,Anthony Hughes,NA,1983,CM,0.5,2069,5.61,0.63,5
35,2018-04-02,Lee Davis,Pat Bennett,NA,2045,,0,2060,6.16,0.55,5
36,2018-04-02,Lee Davis,Venetia Sivarajasingam,227,1754,WCM,0.5,2055,7.03,0.87,5.5
37,2018-03-25,Lee Davis,Peter J Mercs,NA,2062,,0,2046,7.55,0.52,5.5
38,2018-03-08,Lee Davis,Nigel S Towers,NA,1926,,1,2051,8.26,0.71,6.5
39,2018-03-12,Lee Davis,Paul J Barker,NA,1942,,1,2056,8.95,0.69,7.5
40,2018-04-02,Lee Davis,Nick Hanne,NA,1630,,1,2057,9.85,0.9,8.5
41,2018-04-09,Lee Davis,Les P Collard,NA,1774,,0.5,2052,10.71,0.86,9
42,2018-04-10,Lee Davis,Daniel M Lambourne,NA,2102,,0.5,2052,11.18,0.47,9.5
43,2018-04-16,Lee Davis,Peter Johnston,NA,1694,,1,2054,12.08,0.9,10.5
44,2018-04-22,Lee Davis,Peter Bevan,NA,1958,,1,2059,12.75,0.67,11.5
45,2018-04-23,Lee Davis,Alan B Leary,NA,1590,,1,2061,13.65,0.9,12.5
46,2018-04-25,Lee Davis,Ian White,NA,1918,,1,2065,14.37,0.72,13.5
47,2018-04-27,Lee Davis,Brian Turner,NA,2030,,0.5,2064,14.94,0.57,14
48,2018-04-30,Lee Davis,Brian Morris,NA,1494,,1,2066,15.84,0.9,15
49,2018-05-03,Lee Davis,Nick J Rutter,NA,2326,,0,2063,16.03,0.19,15
50,2018-05-05,Lee Davis,Rupert W Jones,NA,1886,FM,0.5,2059,16.78,0.75,15.5
51,2018-05-06,Lee Davis,Alex P O'Toole,NA,1487,,0.5,2052,17.68,0.9,16
52,2018-05-07,Lee Davis,Ollie Willson,NA,2142,,0.5,2054,18.09,0.41,16.5
53,2018-05-09,Lee Davis,Toby C Neal,NA,1998,,0.5,2053,0.58,0.58,0.5
54,2018-05-20,Lee Davis,Rudy van Kemenade,NA,2012,,0.5,2052,1.14,0.56,1
55,2018-05-04,Lee Davis,Geoffrey Marchant,NA,1982,,1,2058,1.74,0.6,2
56,2018-05-12,Lee Davis,John F Wheeler,NA,2126,,0.5,2060,2.14,0.4,2.5
57,2018-05-14,Lee Davis,Kieran A Lappin,NA,1574,,1,2061,3.04,0.9,3.5
58,2018-05-15,Lee Davis,Nick J Rutter,NA,2326,,0,2059,3.21,0.17,3.5
59,2018-05-18,Lee Davis,Brian Turner,NA,2030,,0.5,2058,3.74,0.53,4
60,2018-05-21,Lee Davis,Alan B Leary,NA,1590,,1,2060,4.64,0.9,5
61,2018-05-28,Lee Davis,Roger Aris,NA,1702,,1,2062,5.53,0.89,6
62,2018-06-01,Lee Davis,Ian J Clarke,NA,1942,,1,2067,6.18,0.65,7
63,2018-06-04,Lee Davis,Barrie Griffiths,NA,1294,,1,2069,7.08,0.9,8
64,2018-06-11,Lee Davis,Nick Hanne,NA,1630,,1,2070,7.98,0.9,9
65,2018-06-18,Lee Davis,Les P Collard,NA,1774,,1,2073,8.82,0.84,10
1,2018-01-08,Leon Jansen van Rensburg,Clive Silver,224,1519,E1,1,1647,0.66,0.66,1
2,2018-01-15,Leon Jansen van Rensburg,Brian Turton,259,1364,E1,1,1651,1.49,0.83,2
3,2018-01-22,Leon Jansen van Rensburg,Andrew Jeanes,115,1683,E1,0.5,1653,1.93,0.44,2.5
4,2018-01-29,Leon Jansen van Rensburg,Richard Livermore,NA,1719,G1,0.5,1655,2.32,0.39,3
5,2018-02-05,Leon Jansen van Rensburg,Mark Cooke,37,1607,E1,0,1642,2.87,0.55,3
6,2018-02-12,Leon Jansen van Rensburg,Andrew Trickey,256,1651,E1,0,1631,3.35,0.48,3
7,2018-02-16,Leon Jansen van Rensburg,Bob Moore,NA,1936,W1,0,1627,3.5,0.15,3
8,2018-02-17,Leon Jansen van Rensburg,Tony Haigh,NA,1928,D1,0,1623,3.65,0.15,3
9,2018-02-18,Leon Jansen van Rensburg,David Buttell,NA,1792,W1,0,1616,3.94,0.29,3
10,2018-02-18,Leon Jansen van Rensburg,Alun Howell,99,1700,E1,0,1607,4.35,0.41,3
11,2018-02-19,Leon Jansen van Rensburg,Michael Arribas-Ayllon,7,1657,E1,0,1595,4.82,0.47,3
12,2018-02-20,Leon Jansen van Rensburg,Vince Williams,278,1708,E1,0,1586,5.22,0.4,3
13,2018-03-12,Leon Jansen van Rensburg,Gavin Williams,275,1646,E1,0.5,1586,5.71,0.49,3.5
14,2018-03-13,Leon Jansen van Rensburg,Jeremy Jones,122,1520,E1,1,1594,6.37,0.66,4.5
15,2018-03-15,Leon Jansen van Rensburg,Roger Phillips,189,1533,E1,1,1603,7.02,0.65,5.5
16,2018-03-19,Leon Jansen van Rensburg,Will Harwood,92,1792,E1,0,1596,7.31,0.29,5.5
17,2018-03-27,Leon Jansen van Rensburg,Robert Rees,201,1437,E1,0,1577,8.07,0.76,5.5
18,2018-03-30,Leon Jansen van Rensburg,Bill Harle,90,1675,E1,0.5,1579,8.52,0.45,6
19,2018-03-30,Leon Jansen van Rensburg,Ken Hannah,88,1735,E1,0.5,1582,8.89,0.37,6.5
20,2018-03-31,Leon Jansen van Rensburg,Roy Thomas,249,1720,E1,1,1596,9.28,0.39,7.5
21,2018-03-31,Leon Jansen van Rensburg,Gareth Yeo,283,2000,E1,0,1594,9.38,0.1,7.5
22,2018-04-01,Leon Jansen van Rensburg,Steve Williams (Cwm),NA,1758,G2,1,1610,9.72,0.34,8.5
23,2018-04-02,Leon Jansen van Rensburg,Neil Stuart,NA,1734,W1,0,1601,10.09,0.37,8.5
24,2018-04-02,Leon Jansen van Rensburg,Ernest M White,NA,1812,G1,0,1594,10.36,0.27,8.5
25,2018-04-16,Leon Jansen van Rensburg,Scott Turner,258,1400,E1,1,1599,11.16,0.8,9.5
26,2018-04-23,Leon Jansen van Rensburg,Roger Phillips,189,1533,E1,1,1609,0.59,0.59,1
27,2018-04-24,Leon Jansen van Rensburg,Ellison Smith,232,1584,E2,1,1620,1.11,0.52,2
28,2018-04-30,Leon Jansen van Rensburg,Ken Hannah,88,1735,E1,1,1637,1.43,0.32,3
29,2018-05-14,Leon Jansen van Rensburg,Aled George,75,1499,E1,1,1645,2.07,0.64,4
30,2018-05-21,Leon Jansen van Rensburg,Paul Wallace,267,1414,E1,0.5,1640,2.81,0.74,4.5
31,2018-06-04,Leon Jansen van Rensburg,Justin Morgans,171,1791,E2,0.5,1646,3.06,0.25,5
32,2018-06-11,Leon Jansen van Rensburg,Justin Morgans,171,1791,E2,0,1640,3.31,0.25,5
1,2018-01-06,Liam Penny,Tom Cooke,39,1665,E1,0,1658,0.51,0.51,0
2,2018-01-06,Liam Penny,Paul Orton,NA,1549,D1,0.5,1654,1.18,0.67,0.5
3,2018-01-07,Liam Penny,Gavin Jones,120,1658,E1,1,1665,1.7,0.52,1.5
4,2018-01-07,Liam Penny,Bob Hurn,106,1670,E1,0,1653,2.2,0.5,1.5
5,2018-01-16,Liam Penny,Duncan MacDonald,154,1608,E1,1,1663,2.79,0.59,2.5
6,2018-01-22,Liam Penny,David Lewis,141,1630,E1,0,1650,3.35,0.56,2.5
7,2018-01-24,Liam Penny,Peter Quinn,195,1862,E1,0,1644,3.6,0.25,2.5
8,2018-01-30,Liam Penny,Derek Jones,118,2032,E1,1,1665,3.7,0.1,3.5
9,2018-02-13,Liam Penny,Marcell Vesz,263,1631,E1,0,1652,4.25,0.55,3.5
10,2018-03-27,Liam Penny,Mark Jones,123,1553,E1,1,1660,4.91,0.66,4.5
11,2018-03-28,Liam Penny,Edward Donovan,62,1855,E1,0,1654,5.17,0.26,4.5
12,2018-04-03,Liam Penny,Chris Hooper,98,1487,E1,1,1660,5.91,0.74,5.5
13,2018-04-16,Liam Penny,Clive Silver,224,1519,E1,1,1667,6.61,0.7,6.5
14,2018-04-24,Liam Penny,David Robinson,211,1951,E1,0,1664,6.77,0.16,6.5
1,2018-04-23,Luke Taylor,David Thorne,251,1330,E1,0,847,0.1,0.1,0
1,2018-01-04,Marcell Vesz,Howard Lloyd,146,1429,E1,1,1637,0.76,0.76,1
2,2018-01-09,Marcell Vesz,Gareth Harding,89,1413,E1,0,1618,1.54,0.78,1
3,2018-01-10,Marcell Vesz,Gruff Jones,121,1618,E1,0,1606,2.06,0.52,1
4,2018-01-23,Marcell Vesz,Clive Crowley,42,1496,E1,1,1613,2.74,0.68,2
5,2018-01-24,Marcell Vesz,Muhieddin Hamadah,86,1325,E1,1,1617,3.6,0.86,3
6,2018-01-31,Marcell Vesz,Jonathan Kell,130,1869,E1,0,1612,3.8,0.2,3
7,2018-02-05,Marcell Vesz,Neil Owen,181,1760,E1,0,1604,4.12,0.32,3
8,2018-02-13,Marcell Vesz,Liam Penny,186,1670,E1,1,1617,4.57,0.45,4
9,2018-02-14,Marcell Vesz,Jeff Rowland,214,1629,E1,0,1605,5.07,0.5,4
10,2018-02-19,Marcell Vesz,Mike Servini,221,1582,E1,0.5,1604,5.64,0.57,4.5
11,2018-02-27,Marcell Vesz,Peter Watkins,270,1367,E1,1,1608,6.46,0.82,5.5
12,2018-03-05,Marcell Vesz,Ken Curry,44,1223,E1,1,1610,7.36,0.9,6.5
13,2018-03-07,Marcell Vesz,Alun Smith,229,1563,E1,0.5,1608,7.96,0.6,7
14,2018-03-30,Marcell Vesz,Ellison Smith,232,1379,E1,0.5,1601,8.77,0.81,7.5
15,2018-03-30,Marcell Vesz,Chris P Smith,NA,1446,ECF,0.5,1595,9.51,0.74,8
16,2018-03-31,Marcell Vesz,Anshul Swamy,243,950,E1,1,1597,10.41,0.9,9
17,2018-03-31,Marcell Vesz,Kevin D Langmaid,NA,1518,ECF,0,1581,11.07,0.66,9
18,2018-04-01,Marcell Vesz,Hefin Jones,NA,1295,N1,0,1560,11.95,0.88,9
19,2018-04-02,Marcell Vesz,Gareth Davies,49,1342,E1,1,1564,12.8,0.85,10
20,2018-04-02,Marcell Vesz,Chris Peters,188,1591,E1,0,1550,13.36,0.56,10
21,2018-04-16,Marcell Vesz,Dai James,110,1957,E1,0.5,1559,13.48,0.12,10.5
22,2018-04-17,Marcell Vesz,Dave A Lewis,140,1652,E1,0.5,1560,13.95,0.47,11
1,2018-01-15,Mark Cooke,Dave Mahoney,158,1185,E1,1,1609,0.9,0.9,1
2,2018-01-22,Mark Cooke,John McGregor,163,1927,E1,0,1606,1.03,0.13,1
3,2018-01-23,Mark Cooke,Peter Ballantyne,10,1689,E1,0.5,1609,1.42,0.39,1.5
4,2018-01-25,Mark Cooke,Scott Turner,258,1400,E1,1,1614,2.19,0.77,2.5
5,2018-02-05,Mark Cooke,Leon Jansen van Rensburg,114,1639,E1,1,1628,2.64,0.45,3.5
6,2018-02-19,Mark Cooke,Mark Adams,NA,1981,G1,0,1625,2.74,0.1,3.5
7,2018-03-12,Mark Cooke,Mike Servini,221,1582,E1,1,1636,3.28,0.54,4.5
8,2018-03-20,Mark Cooke,Noa Neale,176,850,E1,1,1639,4.18,0.9,5.5
9,2018-04-03,Mark Cooke,Jonathan James,111,2005,E1,0,1636,4.28,0.1,5.5
10,2018-04-05,Mark Cooke,Dave Parsons,182,1814,E1,0,1631,4.51,0.23,5.5
11,2018-04-23,Mark Cooke,Edward Donovan,62,1855,E1,0,1626,4.7,0.19,5.5
12,2018-05-03,Mark Cooke,Peter Watkins,270,1367,E1,1,1631,5.5,0.8,6.5
13,2018-05-22,Mark Cooke,Pete Heaven,93,2156,E2,0,1629,5.6,0.1,6.5
14,2018-06-02,Mark Cooke,Thomas Bradford,NA,1630,ECF,0,1617,6.07,0.47,6.5
15,2018-06-02,Mark Cooke,Ian C Stone,NA,1710,ECF,0,1609,6.43,0.36,6.5
16,2018-06-03,Mark Cooke,Malcolm A Roberts,NA,1702,ECF,0,1600,6.8,0.37,6.5
17,2018-06-03,Mark Cooke,Ian P Blencowe,NA,1638,ECF,0.5,1601,7.26,0.46,7
18,2018-06-11,Mark Cooke,John Stephenson,240,1517,E1,1,1610,7.88,0.62,8
1,2018-01-15,Mark Janas,Pete Heaven,93,2111,E1,0,1715,0.1,0.1,0
2,2018-01-24,Mark Janas,Derek Smith,231,1861,E1,0,1707,0.41,0.31,0
3,2018-02-26,Mark Janas,Dave Parsons,182,1814,E1,0.5,1710,0.78,0.37,0.5
4,2018-04-03,Mark Janas,Charles Summers,242,1846,E1,0,1703,1.1,0.32,0.5
1,2018-01-02,Mark Jones,Nessie Georgion,76,1310,E1,1,1559,0.8,0.8,1
2,2018-02-12,Mark Jones,Richard Larg,137,1673,E1,1,1581,1.14,0.34,2
3,2018-03-20,Mark Jones,Ellison Smith,232,1379,E1,0.5,1573,1.87,0.73,2.5
4,2018-03-27,Mark Jones,Liam Penny,186,1670,E1,0,1562,2.21,0.34,2.5
5,2018-04-09,Mark Jones,Mike McLoughlin,164,1361,E1,1,1570,2.96,0.75,3.5
6,2018-05-14,Mark Jones,David Lewis,141,1630,E1,1,1590,3.35,0.39,4.5
1,2018-02-05,Mark Maddock,Richard H Morgan,170,1304,E1,0,1102,0.25,0.25,0
2,2018-02-20,Mark Maddock,Maurice Barnett,12,1138,E1,0,1087,0.71,0.46,0
3,2018-03-05,Mark Maddock,Erion Pici,190,954,E1,0,1065,1.42,0.71,0
4,2018-03-13,Mark Maddock,James Williams,276,1114,E1,0,1049,1.91,0.49,0
1,2018-01-04,Mark Smith,Shayanna Sivarajasingam,225,1819,WCM,1,1878,0.57,0.57,1
2,2018-01-18,Mark Smith,Jeff Rowland,214,1629,,1,1883,1.37,0.8,2
3,2018-01-30,Mark Smith,Andrew Di-Vetta,60,1791,,1,1892,1.98,0.61,3
4,2018-02-05,Mark Smith,Sam Warburton,268,1425,,1,1895,2.88,0.9,4
5,2018-02-27,Mark Smith,David Llewellyn,145,1972,,0,1886,3.24,0.36,4
6,2018-03-05,Mark Smith,Bill Hunt,104,1832,,0,1873,3.79,0.55,4
7,2018-04-09,Mark Smith,Peter Watkins,270,1367,,1,1875,4.69,0.9,5
8,2018-04-16,Mark Smith,Aled George,75,1499,,0.5,1866,5.59,0.9,5.5
9,2018-04-30,Mark Smith,John Cox,40,1424,,1,1868,6.49,0.9,6.5
1,2018-01-05,Marque Fernando,John Stubbs,NA,1006,ECF,1,1256,0.81,0.81,1
2,2018-01-06,Marque Fernando,Ashika Shahameeran,223,1096,E1,1,1265,1.52,0.71,2
3,2018-01-06,Marque Fernando,Yuxuan Wu,282,1200,E1,1,1279,2.09,0.57,3
4,2018-01-07,Marque Fernando,Joel Chung,NA,1165,W1,0.5,1275,2.71,0.62,3.5
5,2018-01-07,Marque Fernando,Edward Mason,161,1399,E1,0,1266,3.01,0.3,3.5
6,2018-02-12,Marque Fernando,Ray Angle,5,1230,E1,1,1281,3.54,0.53,4.5
7,2018-02-21,Marque Fernando,Muhieddin Hamadah,86,1325,E1,1,1300,3.94,0.4,5.5
8,2018-03-19,Marque Fernando,Tony Gutteridge,85,1474,E1,1,1325,4.15,0.21,6.5
9,2018-03-26,Marque Fernando,Morgan Rees,200,1341,E1,0,1313,4.52,0.37,6.5
10,2018-05-14,Marque Fernando,Ken Wardle,269,1498,E1,0,1307,4.71,0.19,6.5
11,2018-05-26,Marque Fernando,Sam Wood,NA,1558,ECF,0,1303,4.85,0.14,6.5
12,2018-05-26,Marque Fernando,Peter J Hughes,NA,1390,ECF,1,1325,5.16,0.31,7.5
13,2018-05-27,Marque Fernando,Jim A Caterer,NA,1494,ECF,1,1351,5.35,0.19,8.5
14,2018-05-28,Marque Fernando,Kevin D Langmaid,NA,1518,ECF,0.5,1361,5.52,0.17,9
15,2018-05-28,Marque Fernando,Christine F Constable,NA,1470,ECF,0,1354,5.74,0.22,9
1,2018-01-25,Martin Ricketts,Sam Jukes,128,1896,E1,0,1381,0.1,0.1,0
2,2018-01-29,Martin Ricketts,Jeff Rowland,214,1629,E1,0.5,1391,0.29,0.19,0.5
3,2018-02-19,Martin Ricketts,Roger Phillips,189,1533,E1,0,1381,0.59,0.3,0.5
4,2018-04-05,Martin Ricketts,Ken Curry,44,1223,E1,1,1390,1.31,0.72,1.5
5,2018-04-09,Martin Ricketts,Ryan Emmett,64,1619,E1,0.5,1400,1.51,0.2,2
6,2018-04-16,Martin Ricketts,Alun Howell,99,1700,E1,0,1396,1.64,0.13,2
7,2018-05-03,Martin Ricketts,Phil Jones,125,1325,E1,1,1409,2.22,0.58,3
8,2018-06-11,Martin Ricketts,Peter Watkins,270,1367,E1,0,1392,2.74,0.52,3
1,2018-02-10,Matt Staniforth,David A Scott,NA,2294,,0,2038,0.19,0.19,0
2,2018-02-11,Matt Staniforth,Joshua Pink,NA,2070,,0,2031,0.65,0.46,0
3,2018-03-30,Matt Staniforth,Francis Rayner,NA,2183,,0.5,2034,0.96,0.31,0.5
4,2018-03-30,Matt Staniforth,Peter Ehsandar,63,2054,,1,2042,1.44,0.48,1.5
5,2018-03-31,Matt Staniforth,Tom Brown,20,2116,,0.5,2044,1.84,0.4,2
6,2018-03-31,Matt Staniforth,Allan Pleasants,NA,2166,,0.5,2046,2.17,0.33,2.5
7,2018-04-01,Matt Staniforth,Adam Musson,NA,2097,,1,2056,2.59,0.42,3.5
8,2018-04-02,Matt Staniforth,David Sands,NA,2230,,0.5,2060,2.84,0.25,4
9,2018-04-02,Matt Staniforth,David Jameson,NA,2070,,0.5,2060,3.3,0.46,4.5
10,2018-05-06,Matt Staniforth,Hubert Mossong,NA,2118,FM,0,2054,3.69,0.39,4.5
11,2018-05-07,Matt Staniforth,Viktor Stoyanov,NA,2150,,0.5,2056,4.04,0.35,5
1,2018-01-08,Matthew Lunnon,Ryan Emmett,64,1619,E1,0,1602,0.49,0.49,0
2,2018-01-15,Matthew Lunnon,Stephen Lambourne,136,1439,E1,1,1609,1.22,0.73,1
3,2018-01-22,Matthew Lunnon,Phil Smith,236,1525,E1,1,1618,1.84,0.62,2
4,2018-01-29,Matthew Lunnon,Dwain Jones,119,1335,E1,1,1622,2.68,0.84,3
5,2018-02-07,Matthew Lunnon,Gruff Jones,121,1618,E1,1,1634,3.17,0.49,4
6,2018-02-12,Matthew Lunnon,Ken Curry,44,1223,E1,1,1636,4.07,0.9,5
7,2018-02-27,Matthew Lunnon,Jacob Morris,173,1225,E1,1,1639,4.97,0.9,6
8,2018-03-12,Matthew Lunnon,Howard Lloyd,146,1429,E1,0.5,1633,5.71,0.74,6.5
9,2018-03-26,Matthew Lunnon,Peter Watkins,270,1367,E1,1,1638,6.52,0.81,7.5
10,2018-04-09,Matthew Lunnon,Chris Peters,188,1591,E1,1,1649,7.05,0.53,8.5
11,2018-04-24,Matthew Lunnon,Simon Blackmore,15,1640,E1,0.5,1650,7.51,0.46,9
12,2018-04-30,Matthew Lunnon,Phil Buttle,24,1497,E1,0,1634,8.17,0.66,9
13,2018-05-15,Matthew Lunnon,Bill Davies,47,1306,E1,1,1637,9.03,0.86,10
14,2018-05-23,Matthew Lunnon,Celso Bettencourt Pinto,191,2025,E1,0,1635,9.13,0.1,10
1,2018-01-29,Maurice Barnett,William Roberts,210,933,E1,0.5,1129,0.77,0.77,0.5
2,2018-02-05,Maurice Barnett,Roy Thomas,249,1720,E1,0,1126,0.87,0.1,0.5
3,2018-02-20,Maurice Barnett,Mark Maddock,156,1110,E1,1,1141,1.41,0.54,1.5
4,2018-04-30,Maurice Barnett,Scott Turner,258,1400,E1,0,1135,1.59,0.18,1.5
1,2018-01-16,Mehdi Jaberansari,Roy Purnell,193,1185,E1,0,870,0.14,0.14,0
2,2018-03-19,Mehdi Jaberansari,Jacob Morris,173,1225,E1,0,866,0.25,0.11,0
1,2018-01-14,Merlin Davies,Nilesh Thatte,NA,1246,,1,1510,0.82,0.82,1
2,2018-01-20,Merlin Davies,Aliriza Atif Gorgun,NA,2022,,0,1507,0.92,0.1,1
3,2018-01-20,Merlin Davies,Daniel Xingyu Chen,NA,1582,,1,1526,1.31,0.39,2
4,2018-01-21,Merlin Davies,Ben Gilpin,NA,1526,,0.5,1527,1.78,0.47,2.5
5,2018-01-21,Merlin Davies,Madeleine Smith,NA,1568,,1,1546,2.19,0.41,3.5
6,2018-01-24,Merlin Davies,Chris Fox (ECF),NA,1310,,1,1554,2.94,0.75,4.5
7,2018-02-07,Merlin Davies,John Green,NA,1654,,0.5,1560,3.24,0.3,5
8,2018-02-10,Merlin Davies,Nick W Faulks,NA,1958,CM,0,1557,3.34,0.1,5
9,2018-02-11,Merlin Davies,Ed H Goodwin,NA,1846,,0,1554,3.45,0.11,5
10,2018-02-14,Merlin Davies,Richard Dobedoe,NA,1726,,1,1579,3.67,0.22,6
11,2018-04-07,Merlin Davies,Elias Gelain-Sohn,NA,1750,,0.5,1588,3.86,0.19,6.5
12,2018-04-07,Merlin Davies,Michael Banks,NA,1734,,0,1582,4.07,0.21,6.5
13,2018-04-07,Merlin Davies,Dominic Holmes,NA,1646,,1,1604,4.38,0.31,7.5
14,2018-04-08,Merlin Davies,Param Vyas,NA,1622,,1,1625,4.72,0.34,8.5
15,2018-04-08,Merlin Davies,Jonathan Britnell,NA,1806,,0,1620,4.86,0.14,8.5
16,2018-04-11,Merlin Davies,Joseph Williams,NA,1254,,1,1627,5.67,0.81,9.5
17,2018-04-21,Merlin Davies,Sam Bird,NA,1070,,1,1630,6.57,0.9,10.5
18,2018-04-21,Merlin Davies,Kandara Acharya,NA,1398,,1,1641,7.22,0.65,11.5
19,2018-04-21,Merlin Davies,Neil Stevenson,NA,1387,,1,1652,7.88,0.66,12.5
20,2018-04-22,Merlin Davies,Rovezi Bashar,NA,1534,,1,1669,8.34,0.46,13.5
21,2018-04-22,Merlin Davies,Samuel A Parry,NA,1566,,0.5,1672,8.75,0.41,14
22,2018-05-05,Merlin Davies,Benjamin Sheng,NA,1198,,1,1676,9.61,0.86,15
23,2018-05-06,Merlin Davies,Tariq Faizi,NA,1550,,0,1662,10.05,0.44,15
24,2018-05-07,Merlin Davies,Kshtij Sexena,NA,1398,,1,1674,10.7,0.65,16
25,2018-06-02,Merlin Davies,Alec Hedger,NA,1702,,0,1666,10.94,0.24,16
26,2018-06-02,Merlin Davies,Polina Shchepinova,NA,1646,,0,1656,11.25,0.31,16
27,2018-06-03,Merlin Davies,Yuyang Wang,NA,1894,,0,1653,11.35,0.1,16
28,2018-06-03,Merlin Davies,Toby Kan,NA,1654,,0.5,1659,11.65,0.3,16.5
1,2018-01-10,Michael Arribas-Ayllon,Jeff Rowland,214,1629,E1,0.5,1656,0.54,0.54,0.5
2,2018-01-24,Michael Arribas-Ayllon,Guy Wagner,266,1791,E1,0.5,1660,0.86,0.32,1
3,2018-01-29,Michael Arribas-Ayllon,Michael O'Leary,177,1408,E1,1,1665,1.67,0.81,2
4,2018-02-07,Michael Arribas-Ayllon,Richard Livermore,NA,1719,G1,0.5,1667,2.08,0.41,2.5
5,2018-02-19,Michael Arribas-Ayllon,Leon Jansen van Rensburg,114,1639,E1,1,1678,2.61,0.53,3.5
6,2018-03-05,Michael Arribas-Ayllon,Andrew Jeanes,115,1683,E1,0.5,1679,3.07,0.46,4
7,2018-03-14,Michael Arribas-Ayllon,Chris Fox,72,1726,E1,0.5,1682,3.47,0.4,4.5
8,2018-03-20,Michael Arribas-Ayllon,Rob Dineen,59,1805,E1,1,1699,3.77,0.3,5.5
9,2018-04-04,Michael Arribas-Ayllon,Sam Warburton,268,1425,E1,1,1704,4.56,0.79,6.5
10,2018-04-10,Michael Arribas-Ayllon,Bob Hurn,106,1669,E2,0.5,1704,5.04,0.48,7
11,2018-04-18,Michael Arribas-Ayllon,Jeremy Jones,122,1520,E1,1,1711,5.73,0.69,8
1,2018-01-15,Michael O'Leary,John Ryles,215,1606,E1,1,1432,0.24,0.24,1
2,2018-01-29,Michael O'Leary,Michael Arribas-Ayllon,7,1657,E1,0,1426,0.43,0.19,1
3,2018-02-12,Michael O'Leary,Clive Crowley,42,1496,E1,0.5,1430,0.81,0.38,1.5
4,2018-02-19,Michael O'Leary,Gareth Harding,89,1413,E1,0,1414,1.3,0.49,1.5
5,2018-03-26,Michael O'Leary,Richard Livermore,NA,1595,G2,0,1406,1.55,0.25,1.5
6,2018-04-09,Michael O'Leary,Andrew Jeanes,115,1683,E1,0,1401,1.72,0.17,1.5
7,2018-04-16,Michael O'Leary,Zane Allford,NA,1725,G1,0,1397,1.85,0.13,1.5
8,2018-04-30,Michael O'Leary,Brian Turton,259,1364,E1,1,1411,2.41,0.56,2.5
9,2018-05-14,Michael O'Leary,Nadi Grewal,82,1410,E1,1,1427,2.91,0.5,3.5
1,2018-01-09,Mike Colwill,Muhieddin Hamadah,86,1325,E1,0,998,0.13,0.13,0
2,2018-01-16,Mike Colwill,Ken Curry,44,1223,E1,0.5,1007,0.35,0.22,0.5
3,2018-02-06,Mike Colwill,James Williams,276,1114,E1,1,1028,0.7,0.35,1.5
4,2018-02-12,Mike Colwill,Vedant Lutchman Singh,151,850,E1,1,1037,1.4,0.7,2.5
5,2018-02-13,Mike Colwill,William Roberts,210,933,E1,1,1050,2,0.6,3.5
6,2018-03-05,Mike Colwill,Gwawr Evans,66,850,E1,0.5,1044,2.7,0.7,4
7,2018-05-14,Mike Colwill,Anshul Swamy,243,950,E1,0.5,1041,3.27,0.57,4.5
1,2018-01-09,Mike Hollyman,Paul Meara,165,1220,E1,0,967,0.19,0.19,0
2,2018-01-16,Mike Hollyman,Dave Mahoney,158,1185,E1,0,960,0.42,0.23,0
3,2018-02-06,Mike Hollyman,Keith Owen,180,1000,E1,1,977,0.88,0.46,1
4,2018-02-13,Mike Hollyman,Finlay Britton,18,852,E1,0,955,1.55,0.67,1
5,2018-04-10,Mike Hollyman,Dave Mahoney,158,1185,E1,0,948,1.78,0.23,1
6,2018-05-14,Mike Hollyman,Ivor Hitchings,95,850,E1,0.5,943,2.45,0.67,1.5
1,2018-01-08,Mike Maguire,Roger Phillips,189,1533,E1,0.5,1584,0.57,0.57,0.5
2,2018-01-15,Mike Maguire,Kevin O'Rourke,178,1133,E1,1,1587,1.47,0.9,1.5
3,2018-02-12,Mike Maguire,Hiya Ray,197,1698,E1,0,1576,1.82,0.35,1.5
4,2018-02-20,Mike Maguire,Simon Davis,57,1163,E1,1,1579,2.72,0.9,2.5
5,2018-02-27,Mike Maguire,Nayana Kalavala,129,1313,E1,1,1584,3.55,0.83,3.5
6,2018-03-12,Mike Maguire,John Callan,27,1249,E1,1,1588,4.43,0.88,4.5
7,2018-04-09,Mike Maguire,Anthony Baker,9,1552,E1,0.5,1587,4.98,0.55,5
8,2018-04-16,Mike Maguire,Sam Warburton,268,1425,E1,0.5,1580,5.7,0.72,5.5
1,2018-01-08,Mike McLoughlin,Gareth Davies,49,1342,E1,0.5,1360,0.53,0.53,0.5
2,2018-01-15,Mike McLoughlin,Jonathan W Davies,50,1099,E1,0,1334,1.35,0.82,0.5
3,2018-02-05,Mike McLoughlin,Phil Buttle,24,1497,E1,0,1324,1.67,0.32,0.5
4,2018-02-12,Mike McLoughlin,Daniel Jaberansari,108,1511,E1,0,1314,1.97,0.3,0.5
5,2018-04-09,Mike McLoughlin,Mark Jones,123,1553,E1,0,1306,2.22,0.25,0.5
6,2018-05-23,Mike McLoughlin,Chris Fox,72,1726,E1,0,1303,2.32,0.1,0.5
1,2018-01-08,Mike Servini,Sam White,271,1454,E1,0.5,1577,0.67,0.67,0.5
2,2018-01-15,Mike Servini,Zane Allford,NA,1725,G1,1,1599,0.98,0.31,1.5
3,2018-01-29,Mike Servini,Milo Davies,52,1212,E1,1,1602,1.88,0.9,2.5
4,2018-02-05,Mike Servini,Dai James,110,1957,E1,0.5,1615,1.98,0.1,3
5,2018-02-12,Mike Servini,Dave A Lewis,140,1652,E1,0.5,1618,2.38,0.4,3.5
6,2018-02-16,Mike Servini,Fiona Treseder,NA,850,Est,1,1621,3.28,0.9,4.5
7,2018-02-17,Mike Servini,Paul Taylor,NA,1406,N1,1,1630,4.01,0.73,5.5
8,2018-02-17,Mike Servini,Peter Watkins,270,1367,E1,0,1605,4.79,0.78,5.5
9,2018-02-19,Mike Servini,Marcell Vesz,263,1631,E1,0.5,1607,5.22,0.43,6
10,2018-02-26,Mike Servini,Steve Lindsay,144,1812,E1,0,1600,5.43,0.21,6
11,2018-03-12,Mike Servini,Mark Cooke,37,1607,E1,0,1586,5.89,0.46,6
12,2018-03-20,Mike Servini,Steve Christmas,34,1956,E1,0,1582,5.99,0.1,6
13,2018-03-27,Mike Servini,Dave A Lewis,140,1652,E1,0.5,1586,6.39,0.4,6.5
14,2018-03-30,Mike Servini,Charles Summers,242,1846,E1,0,1580,6.57,0.18,6.5
15,2018-03-30,Mike Servini,Jonathan Jones,NA,1525,G1,1,1593,7.15,0.58,7.5
16,2018-03-31,Mike Servini,Bill Harle,90,1675,E1,1,1613,7.52,0.37,8.5
17,2018-03-31,Mike Servini,David Buttell,NA,1792,W1,0.5,1622,7.75,0.23,9
18,2018-04-01,Mike Servini,Steve Christmas,34,1956,E1,0.5,1635,7.85,0.1,9.5
19,2018-04-02,Mike Servini,John McGregor,163,1927,E1,0,1631,7.96,0.11,9.5
20,2018-04-02,Mike Servini,Chris Fox,72,1726,E1,1,1653,8.27,0.31,10.5
21,2018-04-04,Mike Servini,Bill Harle,90,1675,E1,0,1642,8.64,0.37,10.5
22,2018-04-16,Mike Servini,Richard Livermore,NA,1595,G2,0.5,1642,9.12,0.48,11
23,2018-04-17,Mike Servini,Chris Peters,188,1591,E1,0.5,1642,9.61,0.49,11.5
24,2018-04-23,Mike Servini,Aled George,75,1499,E1,0,1623,10.23,0.62,11.5
25,2018-04-30,Mike Servini,Peter Watkins,270,1367,E1,1,1630,11.01,0.78,12.5
1,2018-03-05,Mike Smith,John Rees,199,850,E1,0.5,850,0.5,0.5,0.5
2,2018-03-13,Mike Smith,Keith Owen,180,1000,E1,0,840,0.8,0.3,0.5
3,2018-04-03,Mike Smith,Simon Davis,57,1163,E1,1,868,0.93,0.13,1.5
4,2018-04-17,Mike Smith,Roland Humphries,103,1199,E1,0,865,1.04,0.11,1.5
1,2018-01-08,Milo Davies,Andrew Trickey,256,1651,E1,0,1209,0.1,0.1,0
2,2018-01-16,Milo Davies,Nessie Georgion,76,1310,E1,0,1197,0.46,0.36,0
3,2018-01-20,Milo Davies,Rakshai Muthusamy,NA,1054,ECF,1,1207,1.17,0.71,1
4,2018-01-20,Milo Davies,Ashika Shahameeran,223,1096,E1,1,1217,1.83,0.66,2
5,2018-01-20,Milo Davies,Edward Jackson,NA,1262,ECF-Rapid,0,1204,2.26,0.43,2
6,2018-01-21,Milo Davies,Conor Ford,NA,1398,ECF,0.5,1211,2.52,0.26,2.5
7,2018-01-21,Milo Davies,Hakeem Asif,NA,1142,ECF-Rapid,1,1224,3.12,0.6,3.5
8,2018-01-29,Milo Davies,Mike Servini,221,1582,E1,0,1221,3.22,0.1,3.5
9,2018-02-24,Milo Davies,Harri Gilbert,NA,1100,Est,1,1232,3.87,0.65,4.5
10,2018-02-24,Milo Davies,Hiya Ray,197,1698,E1,0.5,1245,3.97,0.1,5
11,2018-02-25,Milo Davies,Yuxuan Wu,282,1200,E1,0.5,1244,4.49,0.52,5.5
12,2018-02-25,Milo Davies,Bence Szakmany,244,1285,E1,1,1264,4.89,0.4,6.5
13,2018-02-25,Milo Davies,Ellison Smith,232,1379,E1,0,1255,5.17,0.28,6.5
14,2018-03-19,Milo Davies,Phil Smith,236,1525,E1,0.5,1266,5.3,0.13,7
15,2018-04-21,Milo Davies,Bryony Eccleston,NA,966,ECF,1,1272,6.11,0.81,8
16,2018-04-21,Milo Davies,David Richards,NA,1086,ECF,0,1251,6.78,0.67,8
17,2018-04-21,Milo Davies,Andrew C Wilson,NA,1454,ECF,0,1245,6.98,0.2,8
18,2018-04-22,Milo Davies,Denzel Supatan,NA,1446,ECF,0,1238,7.18,0.2,8
19,2018-04-22,Milo Davies,Jishnu R Rajaram,NA,1126,ECF,1,1250,7.8,0.62,9
20,2018-04-23,Milo Davies,Sam White,271,1454,E1,0,1244,8,0.2,9
21,2018-05-01,Milo Davies,Pete Heaven,93,2156,E2,0,1241,8.1,0.1,9
22,2018-05-15,Milo Davies,Ellison Smith,232,1584,E2,0,1238,8.2,0.1,9
1,2018-01-04,Morgan Rees,Vaseekaran Sivarajasingam,226,1555,E1,0.5,1350,0.22,0.22,0.5
2,2018-03-26,Morgan Rees,Marque Fernando,69,1250,E1,1,1362,0.85,0.63,1.5
1,2018-01-09,Muhieddin Hamadah,Mike Colwill,36,1002,E1,1,1329,0.87,0.87,1
2,2018-01-10,Muhieddin Hamadah,Edward Mason,161,1399,E1,0.5,1332,1.27,0.4,1.5
3,2018-01-24,Muhieddin Hamadah,Marcell Vesz,263,1631,E1,0,1328,1.41,0.14,1.5
4,2018-01-31,Muhieddin Hamadah,Bob Owen,179,1393,E1,0,1315,1.81,0.4,1.5
5,2018-02-05,Muhieddin Hamadah,Nadi Grewal,82,1410,E1,1,1335,2.19,0.38,2.5
6,2018-02-20,Muhieddin Hamadah,Aishwarya Lutchman Singh,148,1430,E1,0,1323,2.55,0.36,2.5
7,2018-02-21,Muhieddin Hamadah,Marque Fernando,69,1250,E1,0,1304,3.15,0.6,2.5
8,2018-02-24,Muhieddin Hamadah,Susanna Fraser,73,1630,E1,1,1332,3.29,0.14,3.5
9,2018-02-24,Muhieddin Hamadah,Joel Chung,NA,1165,W1,1,1341,4,0.71,4.5
10,2018-02-24,Muhieddin Hamadah,Duncan MacDonald,154,1608,E1,0,1336,4.16,0.16,4.5
11,2018-02-25,Muhieddin Hamadah,Ifan Rathbone-Jones,NA,1870,N1,0,1333,4.26,0.1,4.5
12,2018-02-25,Muhieddin Hamadah,Madeleine Smith,NA,1568,G1,0,1326,4.46,0.2,4.5
13,2018-03-07,Muhieddin Hamadah,Gareth Davies,49,1342,E1,0.5,1327,4.94,0.48,5
14,2018-03-13,Muhieddin Hamadah,Ken Wardle,269,1498,E1,0,1318,5.21,0.27,5
15,2018-04-09,Muhieddin Hamadah,Aron Calist,26,1327,E1,0.5,1318,5.71,0.5,5.5
16,2018-04-17,Muhieddin Hamadah,Bill Davies,47,1306,E1,1,1333,6.24,0.53,6.5
1,2018-01-08,Nadi Grewal,Alun Smith,229,1563,E1,0,1401,0.29,0.29,0
2,2018-01-15,Nadi Grewal,Bence Szakmany,244,1285,E1,0,1379,0.96,0.67,0
3,2018-01-22,Nadi Grewal,Gareth Harding,89,1413,E1,0,1363,1.46,0.5,0
4,2018-02-05,Nadi Grewal,Muhieddin Hamadah,86,1325,E1,0,1343,2.08,0.62,0
5,2018-02-12,Nadi Grewal,Ray Denyer,58,922,E1,0.5,1331,2.98,0.9,0.5
6,2018-02-20,Nadi Grewal,James Williams,276,1114,E1,0,1303,3.83,0.85,0.5
7,2018-02-27,Nadi Grewal,Bence Szakmany,244,1285,E1,0.5,1298,4.5,0.67,1
8,2018-03-05,Nadi Grewal,Edwin Allen,3,1344,E1,1,1311,5.09,0.59,2
9,2018-03-26,Nadi Grewal,Scott Turner,258,1400,E1,0,1295,5.6,0.51,2
10,2018-03-28,Nadi Grewal,Christine Muschiato,175,1534,E1,0,1284,5.93,0.33,2
11,2018-04-09,Nadi Grewal,Bob Owen,179,1393,E1,0.5,1284,6.45,0.52,2.5
12,2018-04-16,Nadi Grewal,Aishwarya Lutchman Singh,148,1430,E1,0,1269,6.92,0.47,2.5
13,2018-05-14,Nadi Grewal,Michael O'Leary,177,1408,E1,0,1253,7.42,0.5,2.5
14,2018-05-15,Nadi Grewal,Roland Humphries,103,1199,E1,0.5,1244,8.19,0.77,3
15,2018-05-23,Nadi Grewal,Peter Quinn,195,1862,E1,0,1241,8.29,0.1,3
1,2018-01-30,Nayana Kalavala,Callum Smith,230,1316,E1,0.5,1313,0.5,0.5,0.5
2,2018-02-27,Nayana Kalavala,Mike Maguire,157,1586,E1,0,1308,0.67,0.17,0.5
1,2018-01-08,Neil Owen,Justin Morgans,171,1765,,1,1772,0.49,0.49,1
2,2018-01-15,Neil Owen,Will Harwood,92,1792,,0,1761,0.94,0.45,1
3,2018-01-28,Neil Owen,Bob Hurn,106,1670,,1,1771,1.56,0.62,2
4,2018-02-05,Neil Owen,Marcell Vesz,263,1631,,1,1778,2.24,0.68,3
5,2018-02-12,Neil Owen,Duncan MacDonald,154,1608,,1,1785,2.94,0.7,4
6,2018-02-16,Neil Owen,David James,NA,2152,FM,0,1783,3.04,0.1,4
7,2018-02-17,Neil Owen,Colin Denham,NA,1659,,1,1792,3.68,0.64,5
8,2018-02-17,Neil Owen,Hugo Fowler,NA,1879,,0,1784,4.02,0.34,5
9,2018-02-18,Neil Owen,Caspian Fowler,NA,1655,,1,1792,4.66,0.64,6
10,2018-02-18,Neil Owen,Johnathan D Bourne,NA,2006,,0.5,1800,4.85,0.19,6.5
11,2018-03-12,Neil Owen,Simon Blackmore,15,1640,,0,1784,5.51,0.66,6.5
12,2018-04-09,Neil Owen,Alun Smith,229,1563,,0.5,1778,6.27,0.76,7
13,2018-04-16,Neil Owen,Rob Dineen,59,1805,,1,1791,6.71,0.44,8
14,2018-04-23,Neil Owen,Dai James,110,1957,,0.5,1797,6.95,0.24,8.5
15,2018-05-21,Neil Owen,Dwain Jones,119,1335,,1,1800,7.85,0.9,9.5
16,2018-06-04,Neil Owen,Kevin O'Rourke,178,1133,,1,1802,8.75,0.9,10.5
17,2018-06-11,Neil Owen,Richard Larg,137,1673,,1,1811,9.37,0.62,11.5
1,2018-01-02,Nessie Georgion,Mark Jones,123,1553,E1,0,1304,0.2,0.2,0
2,2018-01-16,Nessie Georgion,Milo Davies,52,1212,E1,1,1315,0.84,0.64,1
1,2018-02-12,Neya Govindaraj,Kevin O'Rourke,178,1133,E1,1,1425,0.84,0.84,1
2,2018-02-20,Neya Govindaraj,Ian Burrows,23,1151,E1,1,1431,1.67,0.83,2
3,2018-03-10,Neya Govindaraj,David McIntosh,NA,1652,G1,0,1424,1.88,0.21,2
4,2018-03-10,Neya Govindaraj,Hugo Fowler,NA,1879,G1,0,1421,1.98,0.1,2
5,2018-03-10,Neya Govindaraj,Callum Smith,230,1316,E1,0.5,1416,2.62,0.64,2.5
6,2018-03-11,Neya Govindaraj,Fred Houldey,NA,850,Est,1,1419,3.52,0.9,3.5
7,2018-03-11,Neya Govindaraj,Aishwarya Lutchman Singh,148,1430,E1,1,1436,4.01,0.49,4.5
8,2018-03-11,Neya Govindaraj,Rachel McIntosh,NA,1546,G1,0,1425,4.34,0.33,4.5
9,2018-03-30,Neya Govindaraj,Peter Bevan,NA,2014,W1,0,1422,4.44,0.1,4.5
10,2018-03-31,Neya Govindaraj,Chris Fox,72,1726,E1,0,1417,4.58,0.14,4.5
11,2018-04-01,Neya Govindaraj,Bob Hurn,106,1669,E2,0.5,1427,4.77,0.19,5
12,2018-04-02,Neya Govindaraj,James Evans,NA,1632,W1,0,1420,5,0.23,5
13,2018-04-02,Neya Govindaraj,Sam White,271,1454,E1,0.5,1422,5.45,0.45,5.5
14,2018-04-25,Neya Govindaraj,David Thorne,251,1330,E1,0.5,1418,6.07,0.62,6
15,2018-05-01,Neya Govindaraj,Dave Parsons,182,1814,E1,0,1415,6.17,0.1,6
1,2018-01-05,Nigel Ralphs,Sam Jukes,128,1896,,0,2080,0.76,0.76,0
2,2018-01-06,Nigel Ralphs,Matthew Francis,NA,1762,,1,2082,1.64,0.88,1
3,2018-01-06,Nigel Ralphs,John Waterfield,NA,2027,,0.5,2080,2.23,0.59,1.5
4,2018-01-07,Nigel Ralphs,Huw Morcam,NA,1931,,1,2085,2.95,0.72,2.5
5,2018-01-13,Nigel Ralphs,Thomas Villiers,NA,2262,,0,2080,3.22,0.27,2.5
6,2018-01-14,Nigel Ralphs,Peter Davies,53,2014,,0,2071,3.83,0.61,2.5
7,2018-01-21,Nigel Ralphs,Gareth Morris,NA,2127,,1,2080,4.28,0.45,3.5
8,2018-02-10,Nigel Ralphs,Alexandros Isaakidis,NA,2014,,0,2070,4.89,0.61,3.5
9,2018-02-11,Nigel Ralphs,Alex Sheerin,NA,1942,,0.5,2067,5.59,0.7,4
10,2018-03-24,Nigel Ralphs,Ian Gooding,NA,1990,,0.5,2064,6.23,0.64,4.5
11,2018-03-25,Nigel Ralphs,Lewis Martin,NA,2190,,0,2059,6.59,0.36,4.5
12,2018-03-30,Nigel Ralphs,Sven Zeidler,NA,2232,FM,0.5,2062,6.9,0.31,5
13,2018-03-30,Nigel Ralphs,Alex Bullen,22,2130,,1,2070,7.35,0.45,6
14,2018-03-31,Nigel Ralphs,Francis Rayner,NA,2183,,0,2064,7.72,0.37,6
15,2018-03-31,Nigel Ralphs,Joe Fathallah,67,2020,,0.5,2063,8.32,0.6,6.5
16,2018-04-22,Nigel Ralphs,Adam May,NA,2012,,1,2069,8.93,0.61,7.5
17,2018-05-05,Nigel Ralphs,Alan Scrimgour,NA,2094,,0.5,2069,9.43,0.5,8
18,2018-05-06,Nigel Ralphs,James Cole,NA,1958,,0.5,2066,10.11,0.68,8.5
19,2018-05-07,Nigel Ralphs,Adrian G Elwin,NA,2078,,0.5,2066,10.63,0.52,9
20,2018-05-20,Nigel Ralphs,Gerry Heap,NA,2168,,0,2060,11.02,0.39,9
1,2018-03-20,Noa Neale,Mark Cooke,37,1607,E1,0,847,0.1,0.1,0
1,2018-01-03,Olivia Smith,Anthony Sadler,NA,1934,ECF,0.5,2054,0.67,0.67,0.5
2,2018-01-13,Olivia Smith,Majid Mashayekh,NA,1934,ECF,1,2060,1.34,0.67,1.5
3,2018-01-14,Olivia Smith,Nadia Jaufarally,NA,1894,ECF,1,2064,2.06,0.72,2.5
4,2018-01-17,Olivia Smith,Andrew Paterson,NA,2086,ECF,0.5,2065,2.52,0.46,3
5,2018-01-24,Olivia Smith,Cory S Hazlehurst,NA,2054,ECF,0.5,2065,3.02,0.5,3.5
6,2018-02-10,Olivia Smith,Alan E Gentry,NA,1822,ECF,1,2068,3.82,0.8,4.5
7,2018-02-11,Olivia Smith,Peter G Farr,NA,2222,ECF,1,2079,4.1,0.28,5.5
8,2018-02-15,Olivia Smith,Jeremy R Fallowfield,NA,2182,ECF,0.5,2082,4.43,0.33,6
9,2018-02-22,Olivia Smith,Steven Briggs,NA,2054,ECF,0.5,2082,4.93,0.5,6.5
10,2018-03-24,Olivia Smith,Chris JV Bellers,NA,1998,ECF,1,2089,5.51,0.58,7.5
11,2018-03-25,Olivia Smith,Kenneth I Norman,NA,2182,ECF,0.5,2092,5.84,0.33,8
12,2018-03-27,Olivia Smith,Robert Reynolds,NA,1894,ECF,1,2096,6.56,0.72,9
13,2018-03-28,Olivia Smith,Lee A Grinsell,NA,2086,ECF,0.5,2097,7.02,0.46,9.5
14,2018-04-04,Olivia Smith,Neil J Owen,NA,2062,ECF,1,2105,7.51,0.49,10.5
15,2018-05-05,Olivia Smith,David S Tucker,NA,2038,ECF,1,2112,8.04,0.53,11.5
16,2018-05-06,Olivia Smith,Brian J Valentine,NA,1926,ECF,0.5,2109,8.72,0.68,12
17,2018-05-07,Olivia Smith,Ieysaa Bin-Suhayl,NA,2142,ECF,0.5,2111,9.1,0.38,12.5
1,2018-02-05,Oscar Hitchings,John Rees,199,850,E1,1,866,0.5,0.5,1
2,2018-05-14,Oscar Hitchings,Dave Morris,172,976,E1,0,855,0.83,0.33,1
1,2018-03-31,Paul Bridges,Richard Larg,137,1673,E1,0.5,1835,0.72,0.72,0.5
2,2018-03-31,Paul Bridges,Malcolm Probert,NA,1637,W1,0.5,1828,1.48,0.76,1
3,2018-04-01,Paul Bridges,Justin Morgans,171,1765,E1,0.5,1826,2.08,0.6,1.5
4,2018-04-02,Paul Bridges,Bill Hunt,104,1832,E1,0,1814,2.59,0.51,1.5
5,2018-04-02,Paul Bridges,Susanna Fraser,73,1630,E1,0.5,1807,3.36,0.77,2
1,2018-01-09,Paul Meara,Mike Hollyman,97,973,E1,1,1226,0.81,0.81,1
2,2018-02-05,Paul Meara,Ray Angle,5,1230,E1,1,1242,1.3,0.49,2
3,2018-02-20,Paul Meara,Brian Turton,259,1364,E1,0,1232,1.61,0.31,2
4,2018-02-27,Paul Meara,Scott Turner,258,1400,E1,1,1256,1.87,0.26,3
5,2018-03-13,Paul Meara,Simon Davis,57,1163,E1,0,1238,2.45,0.58,3
6,2018-04-03,Paul Meara,Ken Wardle,269,1498,E1,0,1232,2.61,0.16,3
7,2018-04-16,Paul Meara,Ryan Emmett,64,1619,E1,0,1229,2.71,0.1,3
8,2018-04-23,Paul Meara,Vedant Lutchman Singh,151,850,E1,1,1232,3.61,0.9,4
1,2018-02-05,Paul Wallace,Bob Hurn,106,1670,E1,0,1408,0.18,0.18,0
2,2018-03-26,Paul Wallace,Kevin O'Rourke,178,1133,E1,0.5,1397,1.02,0.84,0.5
3,2018-05-21,Paul Wallace,Leon Jansen van Rensburg,114,1599,E2,0.5,1405,1.28,0.26,1
1,2018-04-25,Perry Khanna,John D Thornton,252,1974,E1,0,1939,0.47,0.47,0
2,2018-04-26,Perry Khanna,Andrew Jeanes,115,1683,E1,1,1943,1.3,0.83,1
1,2018-01-13,Pete Heaven,Sacha Brozel,NA,2262,,1,2122,0.3,0.3,1
2,2018-01-14,Pete Heaven,John Fletcher,70,2002,,0.5,2120,0.95,0.65,1.5
3,2018-01-15,Pete Heaven,Mark Janas,113,1717,,1,2121,1.85,0.9,2.5
4,2018-01-21,Pete Heaven,Rob Saunders,NA,2078,,0.5,2121,2.4,0.55,3
5,2018-01-23,Pete Heaven,Jon Gilbert,NA,2082,,0.5,2120,2.94,0.54,3.5
6,2018-01-24,Pete Heaven,Alex Bullen,22,2130,,0.5,2120,3.41,0.47,4
7,2018-01-29,Pete Heaven,Steve Cunliffe,43,2014,,1,2126,4.04,0.63,5
8,2018-01-30,Pete Heaven,Alan Spice,237,2011,,1,2132,4.68,0.64,6
9,2018-02-10,Pete Heaven,Jaimie Wilson,NA,2150,,1,2141,5.13,0.45,7
10,2018-02-11,Pete Heaven,David E Brown,NA,1918,,0.5,2137,5.88,0.75,7.5
11,2018-02-20,Pete Heaven,Jon Gilbert,NA,2082,,0.5,2136,6.42,0.54,8
12,2018-02-26,Pete Heaven,Steve Cunliffe,43,2014,,0.5,2134,7.05,0.63,8.5
13,2018-02-27,Pete Heaven,Calum Harris,91,1906,,1,2138,7.82,0.77,9.5
14,2018-03-06,Pete Heaven,Mark Adams,NA,1981,,1,2143,8.5,0.68,10.5
15,2018-03-07,Pete Heaven,Bill Hunt,104,1832,,1,2146,9.34,0.84,11.5
16,2018-03-20,Pete Heaven,Bill Hunt,104,1832,,1,2148,10.18,0.84,12.5
17,2018-03-27,Pete Heaven,Chris Howells,100,1946,,0.5,2145,10.9,0.72,13
18,2018-03-30,Pete Heaven,Shayanna Sivarajasingam,225,1819,WCM,0.5,2139,11.75,0.85,13.5
19,2018-03-30,Pete Heaven,Lynda Smith,NA,1977,WCM,1,2144,12.43,0.68,14.5
20,2018-03-31,Pete Heaven,Sven Zeidler,NA,2232,FM,0.5,2147,12.76,0.33,15
21,2018-03-31,Pete Heaven,Peter Ehsandar,63,2054,,1,2154,13.34,0.58,16
22,2018-04-01,Pete Heaven,David Jameson,NA,2070,,0,2145,13.9,0.56,16
23,2018-04-02,Pete Heaven,Allan Pleasants,NA,2166,,0.5,2146,14.32,0.42,16.5
24,2018-04-02,Pete Heaven,Tim Kett,134,2304,,0.5,2150,14.57,0.25,17
25,2018-04-11,Pete Heaven,Alan Spice,237,2011,,1,2156,15.21,0.64,18
26,2018-04-17,Pete Heaven,Joe Fathallah,67,2086,,0.5,2154,0.6,0.6,0.5
27,2018-04-22,Pete Heaven,Bill Hewitt,NA,2096,,1,2161,1.18,0.58,1.5
28,2018-05-01,Pete Heaven,Milo Davies,52,1212,,1,2163,2.08,0.9,2.5
29,2018-05-05,Pete Heaven,Clive A Frostick,NA,2110,,1,2170,2.64,0.56,3.5
30,2018-05-06,Pete Heaven,Jason P McKenna,NA,2086,,0.5,2168,3.24,0.6,4
31,2018-05-07,Pete Heaven,Stewart Reuben,NA,2038,CM,0.5,2166,3.9,0.66,4.5
32,2018-05-20,Pete Heaven,Iolo Jones,NA,2236,FM,0.5,2167,4.29,0.39,5
33,2018-05-22,Pete Heaven,Mark Cooke,37,1607,,1,2169,5.19,0.9,6
34,2018-06-04,Pete Heaven,Calum Harris,91,1906,,1,2172,6,0.81,7
35,2018-06-13,Pete Heaven,Alex Bullen,22,2135,,0.5,2172,6.53,0.53,7.5
1,2018-01-02,Peter Ballantyne,Peter Slater,228,1612,E1,1,1698,0.61,0.61,1
2,2018-01-09,Peter Ballantyne,Alun Howell,99,1700,E1,0,1687,1.09,0.48,1
3,2018-01-23,Peter Ballantyne,Mark Cooke,37,1607,E1,0.5,1684,1.7,0.61,1.5
4,2018-01-31,Peter Ballantyne,Chris Golding,77,1488,E1,1,1690,2.46,0.76,2.5
5,2018-02-27,Peter Ballantyne,Simon Blackmore,15,1640,E1,0.5,1688,3.03,0.57,3
6,2018-02-28,Peter Ballantyne,Bill Harle,90,1675,E1,0.5,1688,3.55,0.52,3.5
7,2018-03-20,Peter Ballantyne,Alun Smith,229,1563,E1,1,1696,4.22,0.67,4.5
8,2018-05-14,Peter Ballantyne,Russell Dodington,61,1721,E1,0,1685,4.67,0.45,4.5
1,2018-01-13,Peter Davies,Gary McGann,NA,2166,,0,2009,0.3,0.3,0
2,2018-01-14,Peter Davies,Nigel Ralphs,196,2092,,1,2019,0.69,0.39,1
3,2018-02-03,Peter Davies,Gareth Stevens,NA,1766,,0.5,2014,1.5,0.81,1.5
4,2018-02-03,Peter Davies,Ross Tselos,NA,1774,,1,2017,2.3,0.8,2.5
5,2018-02-03,Peter Davies,Alex Rossiter,NA,1982,,0.5,2016,2.85,0.55,3
6,2018-02-04,Peter Davies,David W Robson,NA,1918,,1,2022,3.48,0.63,4
7,2018-02-04,Peter Davies,Tobias W Stock,NA,2054,,0.5,2023,3.92,0.44,4.5
8,2018-02-10,Peter Davies,Robert Starley,NA,2134,,0,2018,4.26,0.34,4.5
9,2018-02-11,Peter Davies,Richard Britton,NA,2294,FM,0,2015,4.42,0.16,4.5
10,2018-03-24,Peter Davies,Martin J Simons,NA,2110,,1,2025,4.79,0.37,5.5
11,2018-03-25,Peter Davies,Kevin P Milward,NA,2190,,0.5,2029,5.06,0.27,6
12,2018-05-05,Peter Davies,Alistair Compton,NA,2134,,0,2024,5.4,0.34,6
13,2018-05-06,Peter Davies,William M Graham,NA,2062,,0.5,2025,5.83,0.43,6.5
14,2018-05-07,Peter Davies,Matthew Parry,NA,1981,,0.5,2024,6.38,0.55,7
1,2018-01-05,Peter Ehsandar,Matthew Francis,NA,1762,,1,2056,0.85,0.85,1
2,2018-01-06,Peter Ehsandar,Sam Jukes,128,1896,,1,2061,1.56,0.71,2
3,2018-01-06,Peter Ehsandar,Alex Bullen,22,2130,,0,2055,1.95,0.39,2
4,2018-01-07,Peter Ehsandar,Michael White,NA,1812,,1,2058,2.75,0.8,3
5,2018-01-17,Peter Ehsandar,Joe Fathallah,67,2020,,0,2049,3.3,0.55,3
6,2018-01-24,Peter Ehsandar,Rob Dineen,59,1805,,0,2036,4.11,0.81,3
7,2018-01-31,Peter Ehsandar,Alex Bullen,22,2130,,0,2030,4.5,0.39,3
8,2018-02-14,Peter Ehsandar,Sam Jukes,128,1896,,1,2035,5.21,0.71,4
9,2018-02-21,Peter Ehsandar,Bill Hunt,104,1832,,0.5,2030,5.99,0.78,4.5
10,2018-03-30,Peter Ehsandar,Tim Kett,134,2304,,0.5,2035,6.18,0.19,5
11,2018-03-30,Peter Ehsandar,Matt Staniforth,238,2041,,0,2027,6.7,0.52,5
12,2018-03-31,Peter Ehsandar,Dave Turner,NA,2005,,1,2034,7.27,0.57,6
13,2018-03-31,Peter Ehsandar,Pete Heaven,93,2111,,0,2027,7.69,0.42,6
14,2018-04-01,Peter Ehsandar,Alex Bullen,22,2130,,0.5,2029,8.08,0.39,6.5
15,2018-04-02,Peter Ehsandar,Adam Musson,NA,2097,,0,2022,8.52,0.44,6.5
16,2018-04-04,Peter Ehsandar,Ioan Rees,198,2342,FM,0,2019,8.67,0.15,6.5
1,2018-01-03,Peter Quinn,Derek Jones,118,2032,E1,0,1856,0.27,0.27,0
2,2018-01-24,Peter Quinn,Liam Penny,186,1670,E1,1,1862,1.02,0.75,1
3,2018-02-14,Peter Quinn,Ken Hannah,88,1735,E1,0,1845,1.69,0.67,1
4,2018-02-21,Peter Quinn,Bill Harle,90,1675,E1,1,1851,2.44,0.75,2
5,2018-03-14,Peter Quinn,Bill Harle,90,1675,E1,0.5,1845,3.19,0.75,2.5
6,2018-03-22,Peter Quinn,Dai James,110,1957,E1,0,1837,3.56,0.37,2.5
7,2018-04-04,Peter Quinn,Bob Hurn,106,1669,E2,1,1843,4.31,0.75,3.5
8,2018-04-11,Peter Quinn,Jonathan Kell,130,1869,E1,0.5,1843,4.8,0.49,4
9,2018-04-17,Peter Quinn,Rob Dineen,59,1805,E1,0.5,1841,5.38,0.58,4.5
10,2018-05-02,Peter Quinn,Ellison Smith,232,1584,E2,1,1845,6.22,0.84,5.5
11,2018-05-23,Peter Quinn,Nadi Grewal,82,1410,E1,1,1847,7.12,0.9,6.5
12,2018-06-04,Peter Quinn,Sam Jukes,128,1942,E3,0,1838,7.51,0.39,6.5
1,2018-01-02,Peter Slater,Peter Ballantyne,10,1689,E1,0,1603,0.39,0.39,0
2,2018-01-15,Peter Slater,David Llewellyn,145,1972,E1,1,1624,0.49,0.1,1
3,2018-01-16,Peter Slater,Emyr Roberts,207,1524,E1,0,1609,1.11,0.62,1
4,2018-01-22,Peter Slater,Anish Choudhury,32,1116,E1,1,1612,2.01,0.9,2
5,2018-01-30,Peter Slater,Jeff Rowland,214,1629,E1,0.5,1612,2.49,0.48,2.5
6,2018-02-13,Peter Slater,Chris Hooper,98,1487,E1,0.5,1608,3.16,0.67,3
7,2018-03-06,Peter Slater,Calum Harris,91,1906,E1,0,1605,3.31,0.15,3
8,2018-03-12,Peter Slater,Richard Larg,137,1673,E1,1,1619,3.72,0.41,4
9,2018-04-16,Peter Slater,Stephen Lambourne,136,1439,E1,1,1625,4.45,0.73,5
10,2018-04-17,Peter Slater,Roger Phillips,189,1533,E1,1,1635,5.06,0.61,6
11,2018-05-01,Peter Slater,Steve Cunliffe,43,2014,E1,0,1632,5.16,0.1,6
12,2018-05-15,Peter Slater,Duncan MacDonald,154,1619,E2,0,1620,5.65,0.49,6
1,2018-01-15,Peter Watkins,Chris Green,81,1584,E1,0.5,1376,0.22,0.22,0.5
2,2018-01-16,Peter Watkins,Peter Williams,277,1129,E1,0.5,1366,1.02,0.8,1
3,2018-01-25,Peter Watkins,Dave Parsons,182,1814,E1,0,1363,1.12,0.1,1
4,2018-02-16,Peter Watkins,Margaret Baron,NA,850,D1,1,1366,2.02,0.9,2
5,2018-02-17,Peter Watkins,Michael Foss,NA,1438,ECF,1,1386,2.42,0.4,3
6,2018-02-17,Peter Watkins,Mike Servini,221,1582,E1,1,1411,2.64,0.22,4
7,2018-02-18,Peter Watkins,Paul Scott,NA,1566,G1,0,1403,2.88,0.24,4
8,2018-02-18,Peter Watkins,Scott Hammett,NA,1504,D1,0.5,1409,3.19,0.31,4.5
9,2018-02-22,Peter Watkins,Ray Denyer,58,922,E1,1,1412,4.09,0.9,5.5
10,2018-02-27,Peter Watkins,Marcell Vesz,263,1631,E1,0,1406,4.27,0.18,5.5
11,2018-03-26,Peter Watkins,Matthew Lunnon,147,1614,E1,0,1400,4.46,0.19,5.5
12,2018-03-30,Peter Watkins,Steve Williams (Cwm),NA,1758,G2,0,1397,4.56,0.1,5.5
13,2018-03-30,Peter Watkins,Justin Morgans,171,1765,E1,0.5,1410,4.66,0.1,6
14,2018-03-31,Peter Watkins,Gareth Yeo,283,2000,E1,0,1407,4.76,0.1,6
15,2018-03-31,Peter Watkins,James Evans,NA,1632,W1,0.5,1417,4.93,0.17,6.5
16,2018-04-01,Peter Watkins,John Cox,40,1424,E1,0.5,1420,5.35,0.42,7
17,2018-04-02,Peter Watkins,Bill Harle,90,1675,E1,0.5,1431,5.49,0.14,7.5
18,2018-04-02,Peter Watkins,Chris Dixon,NA,1817,G1,0.5,1444,5.59,0.1,8
19,2018-04-09,Peter Watkins,Mark Smith,233,1868,E1,0,1441,5.69,0.1,8
20,2018-04-10,Peter Watkins,Peter Williams,277,1129,E1,1,1447,6.49,0.8,9
21,2018-04-30,Peter Watkins,Mike Servini,221,1582,E1,0,1440,6.71,0.22,9
22,2018-05-03,Peter Watkins,Mark Cooke,37,1607,E1,0,1434,6.91,0.2,9
23,2018-05-22,Peter Watkins,Rob Dineen,59,1805,E1,1,1463,7.01,0.1,10
24,2018-06-11,Peter Watkins,Martin Ricketts,202,1384,E1,1,1479,7.49,0.48,11
1,2018-01-16,Peter Williams,Peter Watkins,270,1367,E1,0.5,1139,0.2,0.2,0.5
2,2018-02-06,Peter Williams,Simon Davis,57,1163,E1,0,1124,0.65,0.45,0.5
3,2018-02-13,Peter Williams,Fraser Britton,19,944,E1,0.5,1117,1.39,0.74,1
4,2018-03-05,Peter Williams,Richard H Morgan,170,1304,E1,0.5,1124,1.66,0.27,1.5
5,2018-04-10,Peter Williams,Peter Watkins,270,1367,E1,0,1117,1.86,0.2,1.5
6,2018-05-14,Peter Williams,Yuxuan Wu,282,1200,E1,1,1137,2.26,0.4,2.5
1,2018-01-09,Phil Buttle,Roland Humphries,103,1199,E1,1,1502,0.85,0.85,1
2,2018-02-05,Phil Buttle,Mike McLoughlin,164,1361,E1,1,1512,1.53,0.68,2
3,2018-02-19,Phil Buttle,Aishwarya Lutchman Singh,148,1430,E1,0,1493,2.12,0.59,2
4,2018-02-20,Phil Buttle,Tom Bennett,14,1499,E1,0.5,1493,2.62,0.5,2.5
5,2018-03-05,Phil Buttle,Ray Denyer,58,922,E1,1,1496,3.52,0.9,3.5
6,2018-04-03,Phil Buttle,Chris Peters,188,1591,E1,1,1517,3.89,0.37,4.5
7,2018-04-09,Phil Buttle,David Lewis,141,1630,E1,0.5,1522,4.21,0.32,5
8,2018-04-16,Phil Buttle,Roy Thomas,249,1720,E1,0,1515,4.43,0.22,5
9,2018-04-23,Phil Buttle,Tom Bennett,14,1499,E1,0.5,1515,4.93,0.5,5.5
10,2018-04-30,Phil Buttle,Matthew Lunnon,147,1614,E1,1,1536,5.27,0.34,6.5
11,2018-05-04,Phil Buttle,Dai James,110,1790,E2,1,1564,5.42,0.15,7.5
1,2018-01-16,Phil Jones,John Pearce,184,1010,E1,0.5,1313,0.87,0.87,0.5
2,2018-02-27,Phil Jones,Jeff Rowland,214,1629,E1,0,1309,1.01,0.14,0.5
3,2018-04-16,Phil Jones,Richard Larg,137,1673,E1,0.5,1321,1.12,0.11,1
4,2018-04-23,Phil Jones,Tom Davies,55,1133,E1,0.5,1313,1.87,0.75,1.5
5,2018-05-03,Phil Jones,Martin Ricketts,202,1384,E1,0,1300,2.29,0.42,1.5
6,2018-06-11,Phil Jones,Sam Jukes,128,1942,E3,0,1297,2.39,0.1,1.5
1,2018-01-02,Phil Smith,Robert Rees,201,1437,E1,0.5,1521,0.62,0.62,0.5
2,2018-01-22,Phil Smith,Matthew Lunnon,147,1614,E1,0,1509,1,0.38,0.5
3,2018-02-12,Phil Smith,Sam Warburton,268,1425,E1,0.5,1505,1.64,0.64,1
4,2018-02-19,Phil Smith,Sam White,271,1454,E1,0.5,1501,2.24,0.6,1.5
5,2018-03-19,Phil Smith,Milo Davies,52,1212,E1,0.5,1489,3.11,0.87,2
6,2018-03-27,Phil Smith,Thomas Turton,260,1523,E1,1,1505,3.61,0.5,3
7,2018-04-17,Phil Smith,Aled George,75,1499,E1,0.5,1504,4.15,0.54,3.5
8,2018-05-01,Phil Smith,Wayne James,112,1396,E1,0.5,1498,4.83,0.68,4
1,2018-02-05,Ray Angle,Paul Meara,165,1220,E1,0,1214,0.51,0.51,0
2,2018-02-12,Ray Angle,Marque Fernando,69,1250,E1,0,1199,0.98,0.47,0
3,2018-02-20,Ray Angle,Gwilym Moses,174,864,E1,1,1202,1.88,0.9,1
4,2018-03-05,Ray Angle,Roland Humphries,103,1199,E1,0,1185,2.42,0.54,1
5,2018-03-28,Ray Angle,Bill Wilkins,272,1337,E1,0,1173,2.77,0.35,1
6,2018-04-09,Ray Angle,William Roberts,210,933,E1,1,1178,3.62,0.85,2
7,2018-05-14,Ray Angle,Ken Curry,44,1223,E1,0,1162,4.13,0.51,2
1,2018-01-08,Ray Denyer,Sam Warburton,268,1425,E1,0,919,0.1,0.1,0
2,2018-02-05,Ray Denyer,William Roberts,210,933,E1,0.5,919,0.58,0.48,0.5
3,2018-02-12,Ray Denyer,Nadi Grewal,82,1410,E1,0.5,932,0.68,0.1,1
4,2018-02-19,Ray Denyer,Roland Humphries,103,1199,E1,0,927,0.84,0.16,1
5,2018-02-22,Ray Denyer,Peter Watkins,270,1367,E1,0,924,0.94,0.1,1
6,2018-03-05,Ray Denyer,Phil Buttle,24,1497,E1,0,921,1.04,0.1,1
1,2018-04-09,Remy Segrott,Joseff Roberts,208,850,E1,1,866,0.5,0.5,1
1,2018-04-09,Reuben Bartholomew,Carys Davies,48,860,E1,0,834,0.49,0.49,0
1,2018-01-08,Reuben Ford,Roy Purnell,193,1185,E1,0,846,0.12,0.12,0
2,2018-01-15,Reuben Ford,Finlay Britton,18,852,E1,0,830,0.62,0.5,0
3,2018-04-09,Reuben Ford,Callum Penny,185,947,E1,0.5,834,0.99,0.37,0.5
1,2018-05-15,Rhys Davies,Bence Szakmany,244,1285,E1,0,995,0.16,0.16,0
1,2018-02-24,Rhys Matthews,Harri Gilbert,NA,1100,Est,0,1221,0.69,0.69,0
2,2018-02-24,Rhys Matthews,Anshul Swamy,243,950,E1,0,1194,1.54,0.85,0
3,2018-02-24,Rhys Matthews,Lili Evans,NA,850,Est,1,1197,2.44,0.9,1
4,2018-06-02,Rhys Matthews,Stakhey Sedykh,NA,1630,ECF,0,1194,2.54,0.1,1
5,2018-06-02,Rhys Matthews,Lukas H Orgler,NA,1606,ECF,0,1191,2.64,0.1,1
6,2018-06-03,Rhys Matthews,Matthew Timbrell,NA,1494,ECF,0.5,1200,2.83,0.19,1.5
7,2018-06-03,Rhys Matthews,Kandara Acharya,NA,1534,ECF-Rapid,0.5,1212,2.98,0.15,2
1,2018-01-08,Rhys Steele,Derek Jones,118,2032,E1,0.5,2072,0.56,0.56,0.5
2,2018-02-10,Rhys Steele,Chris I Howell,NA,2030,ECF,0.5,2071,1.12,0.56,1
3,2018-02-11,Rhys Steele,Agoston Mihalik,NA,2230,ECF,0,2066,1.41,0.29,1
1,2018-01-08,Richard H Morgan,Ellison Smith,232,1379,E1,0.5,1307,0.4,0.4,0.5
2,2018-01-15,Richard H Morgan,Fraser Britton,19,944,E1,0,1278,1.3,0.9,0.5
3,2018-01-22,Richard H Morgan,Bill Davies,47,1306,E1,0.5,1278,1.8,0.5,1
4,2018-02-05,Richard H Morgan,Mark Maddock,156,1110,E1,1,1286,2.55,0.75,2
5,2018-02-12,Richard H Morgan,John Rees,199,850,E1,1,1290,3.45,0.9,3
6,2018-02-20,Richard H Morgan,Keith Owen,180,1000,E1,1,1294,4.31,0.86,4
7,2018-03-05,Richard H Morgan,Peter Williams,277,1129,E1,0.5,1287,5.04,0.73,4.5
8,2018-04-09,Richard H Morgan,Jonathan W Davies,50,1099,E1,1,1294,5.81,0.77,5.5
1,2018-02-05,Richard Larg,John Ryles,215,1606,E1,1,1683,0.59,0.59,1
2,2018-02-12,Richard Larg,Mark Jones,123,1553,E1,0,1667,1.25,0.66,1
3,2018-02-19,Richard Larg,Jeff Rowland,214,1629,E1,0.5,1666,1.81,0.56,1.5
4,2018-03-12,Richard Larg,Peter Slater,228,1612,E1,0,1651,2.4,0.59,1.5
5,2018-03-13,Richard Larg,Rosie Christmas,33,1133,E1,1,1654,3.3,0.9,2.5
6,2018-03-19,Richard Larg,Richard Livermore,NA,1595,G2,0.5,1651,3.91,0.61,3
7,2018-03-30,Richard Larg,Kevin O'Rourke,178,1133,E1,1,1654,4.81,0.9,4
8,2018-03-30,Richard Larg,Dai James,110,1957,E1,0,1650,4.97,0.16,4
9,2018-03-31,Richard Larg,Paul Bridges,17,1840,E1,0.5,1655,5.25,0.28,4.5
10,2018-03-31,Richard Larg,Steve Christmas,34,1956,E1,0,1651,5.41,0.16,4.5
11,2018-04-01,Richard Larg,Rachel McIntosh,NA,1546,G1,0,1635,6.08,0.67,4.5
12,2018-04-02,Richard Larg,Malcolm Probert,NA,1637,W1,1,1646,6.63,0.55,5.5
13,2018-04-02,Richard Larg,James Evans,NA,1632,W1,0.5,1644,7.19,0.56,6
14,2018-04-04,Richard Larg,Chris Fox,72,1726,E1,0.5,1646,7.62,0.43,6.5
15,2018-04-09,Richard Larg,Callum Smith,230,1316,E1,0.5,1637,8.52,0.9,7
16,2018-04-10,Richard Larg,Edward Mason,161,1399,E1,0,1617,9.35,0.83,7
17,2018-04-16,Richard Larg,Phil Jones,125,1325,E1,0.5,1607,10.24,0.89,7.5
18,2018-04-25,Richard Larg,Gavin Jones,120,1658,E1,0.5,1607,10.76,0.52,8
19,2018-04-30,Richard Larg,Dave Parsons,182,1814,E1,0.5,1611,11.07,0.31,8.5
20,2018-05-21,Richard Larg,Clive Silver,224,1519,E1,1,1618,11.78,0.71,9.5
21,2018-06-04,Richard Larg,John D Thornton,252,1974,E1,0.5,1627,11.92,0.14,10
22,2018-06-11,Richard Larg,Neil Owen,181,1760,E1,0,1618,12.3,0.38,10
1,2018-01-15,Rob Dineen,Tim Kett,134,2304,E1,0,1803,0.1,0.1,0
2,2018-01-24,Rob Dineen,Peter Ehsandar,63,2054,E1,1,1822,0.29,0.19,1
3,2018-01-29,Rob Dineen,Ken Hannah,88,1735,E1,0.5,1820,0.89,0.6,1.5
4,2018-01-30,Rob Dineen,Celso Bettencourt Pinto,191,2025,E1,0,1814,1.11,0.22,1.5
5,2018-02-20,Rob Dineen,Richard Miles,NA,1965,G1,0.5,1819,1.4,0.29,2
6,2018-02-26,Rob Dineen,Sam Jukes,128,1840,E2,0.5,1821,1.85,0.45,2.5
7,2018-03-07,Rob Dineen,Bill Harle,90,1675,E1,0.5,1816,2.53,0.68,3
8,2018-03-20,Rob Dineen,Michael Arribas-Ayllon,7,1657,E1,0,1799,3.23,0.7,3
9,2018-03-27,Rob Dineen,Jonathan Kell,130,1869,E1,1,1814,3.64,0.41,4
10,2018-03-28,Rob Dineen,Celso Bettencourt Pinto,191,2025,E1,0,1808,3.86,0.22,4
11,2018-04-16,Rob Dineen,Neil Owen,181,1760,E1,0,1795,4.42,0.56,4
12,2018-04-17,Rob Dineen,Peter Quinn,195,1862,E1,0.5,1797,4.84,0.42,4.5
13,2018-04-24,Rob Dineen,Chris Howells,100,1946,E1,1,1813,5.15,0.31,5.5
14,2018-05-01,Rob Dineen,William Roberts,210,933,E1,0,1792,6.05,0.9,5.5
15,2018-05-22,Rob Dineen,Peter Watkins,270,1367,E1,0,1770,6.95,0.9,5.5
1,2018-01-02,Robert Rees,Phil Smith,236,1525,E1,0.5,1441,0.38,0.38,0.5
2,2018-02-12,Robert Rees,Dwain Jones,119,1335,E1,1,1452,1.02,0.64,1.5
3,2018-03-27,Robert Rees,Leon Jansen van Rensburg,114,1639,E1,1,1477,1.26,0.24,2.5
1,2018-01-11,Roger Jenkins,Guto Llywelyn,NA,1485,W1,0.5,1455,0.46,0.46,0.5
2,2018-01-16,Roger Jenkins,Keith Downey,NA,1837,W1,0,1452,0.56,0.1,0.5
3,2018-01-18,Roger Jenkins,Wayne James,112,1396,E1,0.5,1450,1.14,0.58,1
4,2018-02-06,Roger Jenkins,Callum Smith,230,1316,E1,0,1427,1.83,0.69,1
5,2018-02-14,Roger Jenkins,Joseph Addis,NA,1484,W1,0,1413,2.29,0.46,1
6,2018-03-06,Roger Jenkins,Gareth Davies,49,1342,E1,0.5,1408,2.94,0.65,1.5
7,2018-03-12,Roger Jenkins,Viv Martin,160,1643,E1,0,1400,3.19,0.25,1.5
8,2018-03-15,Roger Jenkins,Clive Silver,224,1519,E1,0.5,1403,3.6,0.41,2
9,2018-04-10,Roger Jenkins,Tony Crossman,NA,1676,W1,1,1428,3.82,0.22,3
10,2018-04-17,Roger Jenkins,Emyr Roberts,207,1524,E1,1,1447,4.22,0.4,4
11,2018-04-18,Roger Jenkins,Jason Garcia,NA,2111,W1,0,1444,4.32,0.1,4
12,2018-04-23,Roger Jenkins,David Roberts,205,1457,E1,1,1460,4.82,0.5,5
1,2018-01-08,Roger Phillips,Mike Maguire,157,1586,E1,0.5,1535,0.43,0.43,0.5
2,2018-01-18,Roger Phillips,Ken Wardle,269,1498,E1,0,1518,0.98,0.55,0.5
3,2018-02-06,Roger Phillips,Ellison Smith,232,1379,E1,0.5,1511,1.69,0.71,1
4,2018-02-19,Roger Phillips,Martin Ricketts,202,1384,E1,1,1521,2.39,0.7,2
5,2018-03-06,Roger Phillips,Tony Gutteridge,85,1474,E1,0.5,1518,2.97,0.58,2.5
6,2018-03-12,Roger Phillips,Richard Livermore,NA,1595,G2,0,1505,3.38,0.41,2.5
7,2018-03-15,Roger Phillips,Leon Jansen van Rensburg,114,1639,E1,0,1494,3.73,0.35,2.5
8,2018-04-09,Roger Phillips,Scott Turner,258,1400,E1,1,1504,4.41,0.68,3.5
9,2018-04-17,Roger Phillips,Peter Slater,228,1612,E1,0,1491,4.8,0.39,3.5
10,2018-04-23,Roger Phillips,Leon Jansen van Rensburg,114,1599,E2,0,1478,5.21,0.41,3.5
1,2018-01-02,Roland Humphries,Keith Owen,180,1000,E1,1,1207,0.76,0.76,1
2,2018-01-09,Roland Humphries,Phil Buttle,24,1497,E1,0,1202,0.91,0.15,1
3,2018-01-22,Roland Humphries,Gwawr Evans,66,850,E1,0.5,1189,1.8,0.89,1.5
4,2018-02-12,Roland Humphries,Tom Bennett,14,1499,E1,0,1185,1.94,0.14,1.5
5,2018-02-19,Roland Humphries,Ray Denyer,58,922,E1,1,1190,2.78,0.84,2.5
6,2018-03-05,Roland Humphries,Ray Angle,5,1230,E1,1,1207,3.24,0.46,3.5
7,2018-03-19,Roland Humphries,Yuxuan Wu,282,1200,E1,0,1191,3.74,0.5,3.5
8,2018-04-10,Roland Humphries,Ken Curry,44,1223,E1,0.5,1192,4.21,0.47,4
9,2018-04-17,Roland Humphries,Mike Smith,234,850,E1,1,1196,5.1,0.89,5
10,2018-05-01,Roland Humphries,Anthony Williams,273,1053,E1,0.5,1189,5.8,0.7,5.5
11,2018-05-14,Roland Humphries,Bence Szakmany,244,1285,E1,1,1209,6.18,0.38,6.5
12,2018-05-15,Roland Humphries,Nadi Grewal,82,1410,E1,0.5,1218,6.41,0.23,7
1,2018-01-23,Rosie Christmas,David Thorne,251,1330,E1,0.5,1141,0.24,0.24,0.5
2,2018-02-19,Rosie Christmas,Richard Livermore,NA,1595,G2,0,1138,0.34,0.1,0.5
3,2018-03-13,Rosie Christmas,Richard Larg,137,1673,E1,0,1135,0.44,0.1,0.5
4,2018-03-20,Rosie Christmas,Brian Turton,259,1364,E1,0,1128,0.65,0.21,0.5
5,2018-03-30,Rosie Christmas,Jeremy Jones,122,1520,E1,0.5,1141,0.75,0.1,1
6,2018-03-30,Rosie Christmas,Chris Fraser,NA,1622,ECF,0,1138,0.85,0.1,1
7,2018-03-31,Rosie Christmas,Edward Mason,161,1399,E1,1,1164,1.02,0.17,2
8,2018-03-31,Rosie Christmas,Dewi Jones,NA,1636,N1,1,1193,1.12,0.1,3
9,2018-04-01,Rosie Christmas,Alun Smith,229,1563,E1,0,1190,1.22,0.1,3
10,2018-04-02,Rosie Christmas,Yuxuan Wu,282,1200,E1,0,1177,1.63,0.41,3
11,2018-04-02,Rosie Christmas,Gareth Davies,49,1342,E1,0.5,1185,1.86,0.23,3.5
12,2018-04-03,Rosie Christmas,John Stephenson,240,1517,E1,0,1182,1.96,0.1,3.5
13,2018-04-18,Rosie Christmas,Chris Hooper,98,1487,E1,0,1179,2.07,0.11,3.5
14,2018-04-30,Rosie Christmas,Ryan Emmett,64,1619,E1,0,1176,2.17,0.1,3.5
1,2018-01-08,Roy Purnell,Reuben Ford,71,850,E1,1,1189,0.88,0.88,1
2,2018-01-16,Roy Purnell,Mehdi Jaberansari,109,874,E1,1,1193,1.74,0.86,2
3,2018-01-30,Roy Purnell,Alan MacDonald,153,975,E1,1,1201,2.51,0.77,3
4,2018-02-06,Roy Purnell,John Callan,27,1249,E1,0,1188,2.92,0.41,3
5,2018-03-06,Roy Purnell,Howard Lloyd,146,1429,E1,0.5,1197,3.11,0.19,3.5
6,2018-03-07,Roy Purnell,David Thorne,251,1330,E1,0.5,1204,3.41,0.3,4
7,2018-03-20,Roy Purnell,Bob Owen,179,1393,E1,0,1197,3.64,0.23,4
8,2018-04-09,Roy Purnell,Dwain Jones,119,1335,E1,0,1187,3.94,0.3,4
9,2018-04-24,Roy Purnell,Kevin O'Rourke,178,1133,E1,0.5,1185,4.51,0.57,4.5
10,2018-05-01,Roy Purnell,Ken Hannah,88,1735,E1,0,1181,4.61,0.1,4.5
1,2018-01-04,Roy Thomas,Venetia Sivarajasingam,227,1754,WCM,0,1709,0.45,0.45,0
2,2018-01-08,Roy Thomas,Will Harwood,92,1792,,0.5,1712,0.85,0.4,0.5
3,2018-01-22,Roy Thomas,Alun Howell,99,1700,,1,1723,1.38,0.53,1.5
4,2018-01-30,Roy Thomas,Jonathan Kell,130,1869,,1,1740,1.68,0.3,2.5
5,2018-02-05,Roy Thomas,Maurice Barnett,12,1138,,1,1742,2.58,0.9,3.5
6,2018-02-16,Roy Thomas,Mike P Waddington,NA,2198,FM,0,1740,2.68,0.1,3.5
7,2018-02-17,Roy Thomas,Norman G Andrews,NA,1654,,1,1750,3.27,0.59,4.5
8,2018-02-17,Roy Thomas,Howard Williams,NA,2325,FM,0,1747,3.37,0.1,4.5
9,2018-02-18,Roy Thomas,Andrew Di-Vetta,60,1791,,0.5,1750,3.77,0.4,5
10,2018-02-18,Roy Thomas,Martin C Jones,NA,1785,,0,1740,4.18,0.41,5
11,2018-02-27,Roy Thomas,Benjamin Choo Yin,30,1986,,0.5,1748,4.35,0.17,5.5
12,2018-03-05,Roy Thomas,Chris Fox,72,1726,,0,1736,4.84,0.49,5.5
13,2018-03-06,Roy Thomas,Kam Choo Yin,31,1648,,0,1721,5.44,0.6,5.5
14,2018-03-15,Roy Thomas,Bob Hurn,106,1670,,0.5,1720,6.01,0.57,6
15,2018-03-22,Roy Thomas,Chris Fox,72,1726,,0,1708,6.5,0.49,6
16,2018-03-29,Roy Thomas,Philip French,NA,1897,,0.5,1714,6.77,0.27,6.5
17,2018-03-30,Roy Thomas,Nicholas Evans,NA,2042,,0,1710,6.9,0.13,6.5
18,2018-03-30,Roy Thomas,James Evans,NA,1632,,1,1720,7.52,0.62,7.5
19,2018-03-31,Roy Thomas,Leon Jansen van Rensburg,114,1639,,0,1705,8.13,0.61,7.5
20,2018-03-31,Roy Thomas,John Cox,40,1424,,1,1708,8.98,0.85,8.5
21,2018-04-01,Roy Thomas,Susanna Fraser,73,1630,,1,1718,9.6,0.62,9.5
22,2018-04-02,Roy Thomas,Steve Christmas,34,1956,,1,1737,9.8,0.2,10.5
23,2018-04-02,Roy Thomas,Neil Stuart,NA,1734,,1,1749,10.28,0.48,11.5
24,2018-04-09,Roy Thomas,Ken Hannah,88,1735,,1,1762,10.76,0.48,12.5
25,2018-04-16,Roy Thomas,Phil Buttle,24,1497,,1,1767,11.54,0.78,13.5
26,2018-04-30,Roy Thomas,Clive Crowley,42,1496,,1,1771,0.83,0.83,1
27,2018-06-04,Roy Thomas,David Llewellyn,145,1972,,0,1766,1.06,0.23,1
1,2018-01-22,Russell Dodington,Simon Blackmore,15,1640,E1,1,1730,0.61,0.61,1
2,2018-01-29,Russell Dodington,Justin Morgans,171,1765,E1,0,1720,1.05,0.44,1
3,2018-02-12,Russell Dodington,Richard Livermore,NA,1595,G2,0.5,1716,1.72,0.67,1.5
4,2018-02-21,Russell Dodington,Aled George,75,1499,E1,0.5,1709,2.5,0.78,2
5,2018-03-19,Russell Dodington,Duncan MacDonald,154,1608,E1,0,1693,3.16,0.66,2
6,2018-03-26,Russell Dodington,Dai James,110,1957,E1,0,1688,3.36,0.2,2
7,2018-04-09,Russell Dodington,Chris Hooper,98,1487,E1,0.5,1681,4.16,0.8,2.5
8,2018-05-14,Russell Dodington,Peter Ballantyne,10,1689,E1,1,1692,4.71,0.55,3.5
1,2018-03-09,Ryan Cheung,Alec Grice,NA,1686,ECF,0,1542,0.32,0.32,0
2,2018-03-10,Ryan Cheung,Ian P Blencowe,NA,1638,ECF,0.5,1546,0.7,0.38,0.5
3,2018-03-10,Ryan Cheung,David J Gilbert,NA,1710,ECF,0.5,1552,0.99,0.29,1
4,2018-03-11,Ryan Cheung,Michael A Lee,NA,1694,ECF,0,1542,1.3,0.31,1
5,2018-03-11,Ryan Cheung,Tarini Jayawarna,NA,1438,ECF,1,1553,1.96,0.66,2
1,2018-01-04,Ryan Emmett,Elliott MacNeil,155,1663,E1,0,1608,0.44,0.44,0
2,2018-01-08,Ryan Emmett,Matthew Lunnon,147,1614,E1,1,1620,0.95,0.51,1
3,2018-01-22,Ryan Emmett,Clive Silver,224,1519,E1,1,1629,1.59,0.64,2
4,2018-01-30,Ryan Emmett,Chris Peters,188,1591,E1,0,1616,2.13,0.54,2
5,2018-02-19,Ryan Emmett,Stephen Bonutto,16,1583,E1,1,1627,2.68,0.55,3
6,2018-03-05,Ryan Emmett,Gruff Jones,121,1618,E1,0.5,1627,3.18,0.5,3.5
7,2018-03-06,Ryan Emmett,Simon Blackmore,15,1640,E1,0.5,1627,3.65,0.47,4
8,2018-03-12,Ryan Emmett,Robert Taylor,NA,1900,G2,0,1624,3.81,0.16,4
9,2018-03-26,Ryan Emmett,Hiya Ray,197,1698,E1,0,1614,4.2,0.39,4
10,2018-04-09,Ryan Emmett,Martin Ricketts,202,1384,E1,0.5,1607,5,0.8,4.5
11,2018-04-16,Ryan Emmett,Paul Meara,165,1220,E1,1,1609,5.9,0.9,5.5
12,2018-04-17,Ryan Emmett,Alun Smith,229,1563,E1,0.5,1607,6.48,0.58,6
13,2018-04-23,Ryan Emmett,Zane Allford,NA,1725,G1,0,1599,6.83,0.35,6
14,2018-04-30,Ryan Emmett,Rosie Christmas,33,1133,E1,1,1601,7.73,0.9,7
1,2018-01-05,Sam Jukes,Nigel Ralphs,196,2092,,1,1914,0.24,0.24,1
2,2018-01-06,Sam Jukes,Peter Ehsandar,63,2054,,0,1907,0.53,0.29,1
3,2018-01-06,Sam Jukes,Suzy G Cooke,NA,2014,WFM,0,1899,0.87,0.34,1
4,2018-01-07,Sam Jukes,Dave Turner,NA,2005,,0.5,1903,1.22,0.35,1.5
5,2018-01-07,Sam Jukes,Neil Stuart,NA,1734,,1,1909,1.94,0.72,2.5
6,2018-01-08,Sam Jukes,Bill Hunt,104,1832,,0,1895,2.53,0.59,2.5
7,2018-01-13,Sam Jukes,Jon Fisher,NA,1862,,1,1906,3.08,0.55,3.5
8,2018-01-13,Sam Jukes,Tim F Woodward,NA,1814,,0,1891,3.69,0.61,3.5
9,2018-01-13,Sam Jukes,George E Hollands,NA,1846,,0,1878,4.26,0.57,3.5
10,2018-01-14,Sam Jukes,Brendan O'Gorman,NA,1870,,0.5,1877,4.8,0.54,4
11,2018-01-14,Sam Jukes,Colin Sellwood,NA,1822,,0,1862,5.4,0.6,4
12,2018-01-22,Sam Jukes,Robert Taylor,NA,1972,,0,1853,5.79,0.39,4
13,2018-01-23,Sam Jukes,David Robinson,211,1951,,1,1867,6.21,0.42,5
14,2018-01-25,Sam Jukes,Martin Ricketts,202,1384,,1,1869,7.11,0.9,6
15,2018-01-26,Sam Jukes,Stephen P Dilleigh,NA,2158,,1,1889,7.29,0.18,7
16,2018-01-27,Sam Jukes,Daniel B Rosen,NA,2134,CM,0,1884,7.49,0.2,7
17,2018-01-27,Sam Jukes,Lorenz Hartmann,NA,2126,,0,1879,7.7,0.21,7
18,2018-01-28,Sam Jukes,Chris Lowe,NA,2062,,0,1872,7.98,0.28,7
19,2018-01-28,Sam Jukes,Keith DF Gregory,NA,2070,,0.5,1878,8.25,0.27,7.5
20,2018-01-29,Sam Jukes,David Llewellyn,145,1972,,0.5,1881,8.64,0.39,8
21,2018-02-05,Sam Jukes,Justin Morgans,171,1765,,0,1864,9.32,0.68,8
22,2018-02-10,Sam Jukes,Paul A Batchelor,NA,1934,,0,1854,9.77,0.45,8
23,2018-02-11,Sam Jukes,Lewis Martin,NA,2190,,0,1850,9.92,0.15,8
24,2018-02-14,Sam Jukes,Peter Ehsandar,63,2054,,0,1843,10.21,0.29,8
25,2018-02-16,Sam Jukes,Sven Zeidler,NA,2232,FM,0.5,1852,10.33,0.12,8.5
26,2018-02-17,Sam Jukes,Jane Richmond,NA,2204,WFM,0,1849,10.47,0.14,8.5
27,2018-02-17,Sam Jukes,Roger Greatorex,NA,1766,,0.5,1844,11.15,0.68,9
28,2018-02-18,Sam Jukes,Norman G Andrews,NA,1654,,1,1849,11.95,0.8,10
29,2018-02-18,Sam Jukes,Richard Miles,NA,1965,,0,1840,12.35,0.4,10
30,2018-02-26,Sam Jukes,Rob Dineen,59,1805,,0.5,1839,0.55,0.55,0.5
31,2018-03-12,Sam Jukes,David Cleverly,35,1776,,1,1849,1.14,0.59,1.5
32,2018-03-30,Sam Jukes,James Evans,NA,1632,,1,1854,1.91,0.77,2.5
33,2018-03-30,Sam Jukes,Charles Summers,242,1846,,0.5,1854,2.4,0.49,3
34,2018-03-31,Sam Jukes,Hiya Ray,197,1698,,1,1862,3.09,0.69,4
35,2018-03-31,Sam Jukes,Dai James,110,1957,,1,1878,3.43,0.34,5
36,2018-04-01,Sam Jukes,Raymond Pearson,NA,2014,,1,1895,3.7,0.27,6
37,2018-04-02,Sam Jukes,Dominic V Gibbs,NA,1910,,0.5,1898,4.1,0.4,6.5
38,2018-04-02,Sam Jukes,Nicholas Evans,NA,2042,,0,1892,4.34,0.24,6.5
39,2018-04-09,Sam Jukes,Calum Harris,91,1906,,0.5,1894,4.75,0.41,7
40,2018-04-16,Sam Jukes,Shayanna Sivarajasingam,225,1819,WCM,0.5,1893,5.28,0.53,7.5
41,2018-04-22,Sam Jukes,Keith Downey,NA,1837,,0.5,1893,5.78,0.5,8
42,2018-04-23,Sam Jukes,Joe Fathallah,67,2086,,1,1913,5.97,0.19,9
43,2018-04-30,Sam Jukes,Richard Miles,NA,1965,,0,1905,6.3,0.33,9
44,2018-05-01,Sam Jukes,Kam Choo Yin,31,1648,,1,1911,7.05,0.75,10
45,2018-05-03,Sam Jukes,Scott Turner,258,1400,,0,1889,7.95,0.9,10
46,2018-05-05,Sam Jukes,Paul Bernard Conway,NA,1974,,1,1906,8.27,0.32,11
47,2018-05-06,Sam Jukes,Mark H Birkin,NA,1998,,0,1899,8.56,0.29,11
48,2018-05-07,Sam Jukes,Anthony Hughes,NA,1983,CM,1,1915,8.87,0.31,12
49,2018-05-18,Sam Jukes,Jeremy FS Menadue,NA,2110,,0.5,1923,9.04,0.17,12.5
50,2018-05-19,Sam Jukes,Nicholas Fallowfield,NA,2014,,0.5,1929,9.31,0.27,13
51,2018-05-19,Sam Jukes,Roger D de Coverly,NA,2062,,0,1923,9.53,0.22,13
52,2018-05-20,Sam Jukes,John Waterfield,NA,2031,,1,1941,9.78,0.25,14
53,2018-05-20,Sam Jukes,Andrew Di-Vetta,60,1867,,0,1930,10.24,0.46,14
54,2018-05-25,Sam Jukes,Gerald Moore,NA,2134,,0,1927,10.39,0.15,14
55,2018-05-26,Sam Jukes,Amardip Ahluwalia,NA,2150,,0,1923,10.53,0.14,14
56,2018-05-26,Sam Jukes,Paul J Benson,NA,1988,,0.5,1928,10.83,0.3,14.5
57,2018-05-27,Sam Jukes,Stephen P Dilleigh,NA,2158,,0,1925,10.96,0.13,14.5
58,2018-05-27,Sam Jukes,Alex Golding,NA,2334,,0,1923,11.06,0.1,14.5
59,2018-05-28,Sam Jukes,Martin Kopernicky,NA,2078,,1,1942,11.26,0.2,15.5
60,2018-06-04,Sam Jukes,Peter Quinn,195,1862,,1,1951,0.61,0.61,1
61,2018-06-11,Sam Jukes,Phil Jones,125,1325,,1,1954,1.51,0.9,2
62,2018-06-15,Sam Jukes,Geoffrey R Moore,NA,2110,,0.5,1959,1.79,0.28,2.5
63,2018-06-16,Sam Jukes,Patryk Krzyzanowski,NA,2190,,0,1954,1.98,0.19,2.5
64,2018-06-16,Sam Jukes,Denis Fradkin,NA,1950,,1,1967,2.47,0.49,3.5
65,2018-06-17,Sam Jukes,Philip HC Nendick,NA,2078,,1,1983,2.79,0.32,4.5
66,2018-06-17,Sam Jukes,John Waterfield,NA,2031,,1,1998,3.17,0.38,5.5
1,2018-01-08,Sam Warburton,Ray Denyer,58,922,E1,1,1428,0.9,0.9,1
2,2018-01-15,Sam Warburton,Alun Howell,99,1700,E1,0,1423,1.07,0.17,1
3,2018-01-29,Sam Warburton,Tom Davies,55,1133,E1,1,1428,1.92,0.85,2
4,2018-02-05,Sam Warburton,Mark Smith,233,1868,E1,0,1424,2.02,0.1,2
5,2018-02-12,Sam Warburton,Phil Smith,236,1525,E1,0.5,1429,2.38,0.36,2.5
6,2018-02-20,Sam Warburton,Aled George,75,1499,E1,0.5,1432,2.78,0.4,3
7,2018-02-26,Sam Warburton,Will Harwood,92,1792,E1,0.5,1445,2.88,0.1,3.5
8,2018-03-05,Sam Warburton,Andrew Trickey,256,1651,E1,0.5,1454,3.09,0.21,4
9,2018-03-12,Sam Warburton,Stephen Bonutto,16,1583,E1,0.5,1461,3.38,0.29,4.5
10,2018-03-20,Sam Warburton,Jeremy Jones,122,1520,E1,0.5,1465,3.75,0.37,5
11,2018-03-27,Sam Warburton,Gareth Harding,89,1413,E1,0,1448,4.27,0.52,5
12,2018-04-04,Sam Warburton,Michael Arribas-Ayllon,7,1657,E1,0,1442,4.48,0.21,5
13,2018-04-16,Sam Warburton,Mike Maguire,157,1586,E1,0.5,1449,4.76,0.28,5.5
14,2018-04-17,Sam Warburton,Wayne James,112,1396,E1,0.5,1447,5.3,0.54,6
1,2018-01-08,Sam White,Mike Servini,221,1582,E1,0.5,1459,0.33,0.33,0.5
2,2018-02-16,Sam White,Dwain Jones,119,1335,E1,0.5,1454,0.99,0.66,1
3,2018-02-17,Sam White,Awne Osinga,NA,1361,D1,1,1466,1.62,0.63,2
4,2018-02-17,Sam White,Les Philpin,NA,1547,W1,0,1454,1.99,0.37,2
5,2018-02-18,Sam White,Peter Hughes,NA,1390,ECF,1,1467,2.58,0.59,3
6,2018-02-18,Sam White,Stephen Thacker,NA,1398,ECF,0.5,1465,3.16,0.58,3.5
7,2018-02-19,Sam White,Phil Smith,236,1525,E1,0.5,1468,3.56,0.4,4
8,2018-03-26,Sam White,Will Harwood,92,1792,E1,0.5,1480,3.68,0.12,4.5
9,2018-03-30,Sam White,John McGregor,163,1927,E1,0,1477,3.78,0.1,4.5
10,2018-03-30,Sam White,Chris Dixon,NA,1817,G1,0.5,1490,3.88,0.1,5
11,2018-03-31,Sam White,Steve Christmas,34,1956,E1,0,1487,3.98,0.1,5
12,2018-03-31,Sam White,Kevin O'Rourke,178,1133,E1,0,1459,4.85,0.87,5
13,2018-04-01,Sam White,James Evans,NA,1632,W1,0,1450,5.11,0.26,5
14,2018-04-02,Sam White,Jeremy Jones,122,1520,E1,0,1437,5.52,0.41,5
15,2018-04-02,Sam White,Neya Govindaraj,78,1420,E1,0.5,1436,6.07,0.55,5.5
16,2018-04-10,Sam White,Bill Davies,47,1306,E1,1,1445,6.77,0.7,6.5
17,2018-04-23,Sam White,Milo Davies,52,1212,E1,1,1452,7.57,0.8,7.5
18,2018-04-30,Sam White,Aishwarya Lutchman Singh,148,1430,E1,0.5,1451,8.1,0.53,8
1,2018-01-25,Scott Turner,Mark Cooke,37,1607,E1,0,1393,0.23,0.23,0
2,2018-01-29,Scott Turner,Gruff Jones,121,1618,E1,0.5,1402,0.45,0.22,0.5
3,2018-02-12,Scott Turner,John Cox,40,1424,E1,0.5,1403,0.92,0.47,1
4,2018-02-22,Scott Turner,Ken Curry,44,1223,E1,1,1411,1.65,0.73,2
5,2018-02-27,Scott Turner,Paul Meara,165,1220,E1,0,1388,2.39,0.74,2
6,2018-03-26,Scott Turner,Nadi Grewal,82,1410,E1,1,1404,2.88,0.49,3
7,2018-04-09,Scott Turner,Roger Phillips,189,1533,E1,0,1394,3.2,0.32,3
8,2018-04-16,Scott Turner,Leon Jansen van Rensburg,114,1639,E1,0,1387,3.4,0.2,3
9,2018-04-30,Scott Turner,Maurice Barnett,12,1138,E1,1,1393,4.22,0.82,4
10,2018-05-03,Scott Turner,Sam Jukes,128,1840,E2,1,1422,4.32,0.1,5
11,2018-06-11,Scott Turner,Dave Parsons,182,1814,E1,0.5,1435,4.42,0.1,5.5
1,2018-01-04,Shayanna Sivarajasingam,Mark Smith,233,1868,,0,1809,0.43,0.43,0
2,2018-01-13,Shayanna Sivarajasingam,Rajat Makkar,NA,2150,CM,0,1806,0.55,0.12,0
3,2018-01-14,Shayanna Sivarajasingam,Anum Sheikh,NA,1750,,1,1815,1.15,0.6,1
4,2018-01-21,Shayanna Sivarajasingam,Peter Bevan,NA,2014,,1,1833,1.4,0.25,2
5,2018-01-25,Shayanna Sivarajasingam,Eleanor Hapeshi,NA,1694,,1,1841,2.07,0.67,3
6,2018-02-09,Shayanna Sivarajasingam,Tom Skerrett,NA,1694,,1,1849,2.74,0.67,4
7,2018-02-10,Shayanna Sivarajasingam,Richard Beckett,NA,1798,,1,1861,3.27,0.53,5
8,2018-02-11,Shayanna Sivarajasingam,Jacob Watson,NA,1998,,0,1854,3.53,0.26,5
9,2018-03-19,Shayanna Sivarajasingam,David McIntosh,NA,1652,,0.5,1849,4.25,0.72,5.5
10,2018-03-24,Shayanna Sivarajasingam,Roger D de Coverly,NA,2062,,0.5,1856,4.45,0.2,6
11,2018-03-25,Shayanna Sivarajasingam,D Ian W Reynolds,NA,1974,,1,1873,4.74,0.29,7
12,2018-03-30,Shayanna Sivarajasingam,Pete Heaven,93,2111,,0.5,1882,4.89,0.15,7.5
13,2018-03-30,Shayanna Sivarajasingam,David Sands,NA,2230,,0,1879,4.99,0.1,7.5
14,2018-03-31,Shayanna Sivarajasingam,Anthony Hughes,NA,1983,CM,0.5,1885,5.27,0.28,8
15,2018-03-31,Shayanna Sivarajasingam,Rudy van Kemenade,NA,2015,,0,1879,5.51,0.24,8
16,2018-04-01,Shayanna Sivarajasingam,Dave Turner,NA,2005,,0.5,1885,5.77,0.26,8.5
17,2018-04-02,Shayanna Sivarajasingam,Lynda Smith,NA,1977,WCM,0.5,1890,6.06,0.29,9
18,2018-04-09,Shayanna Sivarajasingam,John D Thornton,252,1974,,0,1883,6.35,0.29,9
19,2018-04-16,Shayanna Sivarajasingam,Sam Jukes,128,1840,,0.5,1883,6.82,0.47,9.5
20,2018-04-22,Shayanna Sivarajasingam,Gerry Heap,NA,2166,,0.5,1893,6.93,0.11,10
21,2018-05-05,Shayanna Sivarajasingam,Meyrick Shaw,NA,2038,,0.5,1899,7.15,0.22,10.5
22,2018-05-06,Shayanna Sivarajasingam,Kevin J Williamson,NA,2014,,0,1893,7.4,0.25,10.5
23,2018-05-07,Shayanna Sivarajasingam,Paul McMahon,NA,2014,,0.5,1899,7.65,0.25,11
24,2018-05-20,Shayanna Sivarajasingam,Zane Allford,NA,1725,,0,1884,8.28,0.63,11
1,2018-01-05,Simon Blackmore,Andrew Di-Vetta,60,1791,E1,0,1633,0.3,0.3,0
2,2018-01-06,Simon Blackmore,Susanna Fraser,73,1630,E1,1,1645,0.81,0.51,1
3,2018-01-07,Simon Blackmore,Steve Williams (Cwm),NA,1819,G1,0.5,1650,1.07,0.26,1.5
4,2018-01-07,Simon Blackmore,Simon Gay,NA,2022,ECF,0,1648,1.17,0.1,1.5
5,2018-01-15,Simon Blackmore,Benjamin Choo Yin,30,1986,E1,1,1669,1.28,0.11,2.5
6,2018-01-16,Simon Blackmore,Kam Choo Yin,31,1648,E1,1,1682,1.77,0.49,3.5
7,2018-01-22,Simon Blackmore,Russell Dodington,61,1721,E1,0,1672,2.16,0.39,3.5
8,2018-01-24,Simon Blackmore,Chris Fox,72,1726,E1,0,1663,2.54,0.38,3.5
9,2018-02-27,Simon Blackmore,Peter Ballantyne,10,1689,E1,0.5,1665,2.97,0.43,4
10,2018-03-06,Simon Blackmore,Ryan Emmett,64,1619,E1,0.5,1664,3.5,0.53,4.5
11,2018-03-12,Simon Blackmore,Neil Owen,181,1760,E1,1,1680,3.84,0.34,5.5
12,2018-04-16,Simon Blackmore,Bob Hurn,106,1669,E2,0,1669,4.3,0.46,5.5
13,2018-04-24,Simon Blackmore,Matthew Lunnon,147,1614,E1,0.5,1668,4.84,0.54,6
14,2018-05-15,Simon Blackmore,Alun Smith,229,1563,E1,0,1653,5.45,0.61,6
1,2018-01-08,Simon Davis,Daniel Schuchardt,217,850,E1,1,1167,0.87,0.87,1
2,2018-02-06,Simon Davis,Peter Williams,277,1129,E1,1,1182,1.42,0.55,2
3,2018-02-20,Simon Davis,Mike Maguire,157,1586,E1,0,1178,1.52,0.1,2
4,2018-03-05,Simon Davis,Brian Turton,259,1364,E1,1,1203,1.76,0.24,3
5,2018-03-13,Simon Davis,Paul Meara,165,1220,E1,1,1221,2.18,0.42,4
6,2018-04-03,Simon Davis,Mike Smith,234,850,E1,0,1193,3.05,0.87,4
7,2018-04-17,Simon Davis,Aishwarya Lutchman Singh,148,1430,E1,0,1188,3.22,0.17,4
8,2018-05-01,Simon Davis,Gareth Harding,89,1413,E1,0.5,1198,3.41,0.19,4.5
1,2018-03-19,Sridatta Dantu,Stephen Bailey,8,1449,E1,1,1077,0.1,0.1,1
2,2018-04-09,Sridatta Dantu,Edward Mason,161,1399,E1,0,1073,0.21,0.11,1
1,2018-02-12,Stephen Bailey,Clive Silver,224,1519,E1,0.5,1452,0.4,0.4,0.5
2,2018-02-20,Stephen Bailey,Dwain Jones,119,1335,E1,0.5,1447,1.06,0.66,1
3,2018-03-19,Stephen Bailey,Sridatta Dantu,46,1048,E1,0,1418,1.96,0.9,1
1,2018-01-15,Stephen Bonutto,Erion Pici,190,954,E1,1,1586,0.9,0.9,1
2,2018-01-22,Stephen Bonutto,Richard Livermore,NA,1719,G1,1,1608,1.22,0.32,2
3,2018-01-25,Stephen Bonutto,Dave Mahoney,158,1185,E1,1,1611,2.12,0.9,3
4,2018-02-05,Stephen Bonutto,Clive Silver,224,1519,E1,0,1592,2.71,0.59,3
5,2018-02-19,Stephen Bonutto,Ryan Emmett,64,1619,E1,0,1578,3.16,0.45,3
6,2018-03-12,Stephen Bonutto,Sam Warburton,268,1425,E1,0.5,1571,3.87,0.71,3.5
7,2018-04-03,Stephen Bonutto,Jeremy Jones,122,1520,E1,0.5,1568,4.46,0.59,4
8,2018-04-23,Stephen Bonutto,Bill Hunt,104,1832,E1,0,1562,4.65,0.19,4
1,2018-01-08,Stephen Lambourne,Dwain Jones,119,1335,E1,0.5,1435,0.64,0.64,0.5
2,2018-01-15,Stephen Lambourne,Matthew Lunnon,147,1614,E1,0,1426,0.91,0.27,0.5
3,2018-01-29,Stephen Lambourne,Aron Calist,26,1327,E1,0.5,1421,1.56,0.65,1
4,2018-03-27,Stephen Lambourne,Wayne James,112,1396,E1,0.5,1419,2.12,0.56,1.5
5,2018-04-16,Stephen Lambourne,Peter Slater,228,1612,E1,0,1411,2.39,0.27,1.5
6,2018-04-24,Stephen Lambourne,Callum Smith,230,1316,E1,0.5,1405,3.06,0.67,2
7,2018-05-14,Stephen Lambourne,Hanni Youssef,284,1391,E1,1,1419,3.63,0.57,3
1,2018-01-23,Steve Christmas,Gavin Jones,120,1658,E1,1,1960,0.85,0.85,1
2,2018-02-19,Steve Christmas,Robert Taylor,NA,1900,G2,1,1970,1.43,0.58,2
3,2018-03-13,Steve Christmas,Zane Allford,NA,1725,G1,0.5,1963,2.22,0.79,2.5
4,2018-03-20,Steve Christmas,Mike Servini,221,1582,E1,1,1965,3.12,0.9,3.5
5,2018-03-30,Steve Christmas,Hiya Ray,197,1698,E1,0,1945,3.94,0.82,3.5
6,2018-03-30,Steve Christmas,Bob Hurn,106,1669,E2,0.5,1937,4.78,0.84,4
7,2018-03-31,Steve Christmas,Sam White,271,1454,E1,1,1940,5.68,0.9,5
8,2018-03-31,Steve Christmas,Richard Larg,137,1673,E1,1,1944,6.52,0.84,6
9,2018-04-01,Steve Christmas,Mike Servini,221,1582,E1,0.5,1934,7.42,0.9,6.5
10,2018-04-02,Steve Christmas,Roy Thomas,249,1720,E1,0,1915,8.22,0.8,6.5
11,2018-04-02,Steve Christmas,Justin Morgans,171,1765,E1,0.5,1909,8.97,0.75,7
12,2018-04-03,Steve Christmas,Tom Cooke,39,1665,E1,1,1912,9.82,0.85,8
13,2018-04-18,Steve Christmas,Edward Donovan,62,1855,E1,1,1921,10.46,0.64,9
1,2018-01-08,Steve Cunliffe,Steve Curtis,45,2060,,0.5,2015,0.44,0.44,0.5
2,2018-01-23,Steve Cunliffe,Femi Adebajo,2,1954,,0.5,2014,1.02,0.58,1
3,2018-01-29,Steve Cunliffe,Pete Heaven,93,2111,,0,2008,1.39,0.37,1
4,2018-02-14,Steve Cunliffe,Joe Fathallah,67,2020,,0,2000,1.88,0.49,1
5,2018-02-26,Steve Cunliffe,Pete Heaven,93,2111,,0.5,2002,2.25,0.37,1.5
6,2018-03-26,Steve Cunliffe,Jake Hurley,105,1864,,1,2007,2.95,0.7,2.5
7,2018-04-09,Steve Cunliffe,Mark Adams,NA,1981,,0.5,2006,3.5,0.55,3
8,2018-04-16,Steve Cunliffe,Venetia Sivarajasingam,227,1754,WCM,0.5,2001,4.32,0.82,3.5
9,2018-04-30,Steve Cunliffe,John D Thornton,252,1974,,0.5,2000,4.88,0.56,4
10,2018-05-01,Steve Cunliffe,Peter Slater,228,1612,,1,2002,5.78,0.9,5
11,2018-06-04,Steve Cunliffe,Alex Bullen,22,2135,,0,1996,6.11,0.33,5
1,2018-01-08,Steve Curtis,Steve Cunliffe,43,2014,E1,0.5,2059,0.56,0.56,0.5
2,2018-01-17,Steve Curtis,Alan Spice,237,2011,E1,0,2050,1.13,0.57,0.5
3,2018-01-18,Steve Curtis,John Waterfield,NA,2027,G1,0.5,2049,1.68,0.55,1
4,2018-02-12,Steve Curtis,David Robinson,211,1951,E1,0.5,2047,2.33,0.65,1.5
5,2018-04-25,Steve Curtis,Jon Gilbert,NA,2082,G1,0.5,2047,2.8,0.47,2
1,2018-01-08,Steve Lindsay,Dai James,110,1957,E1,0.5,1817,0.3,0.3,0.5
2,2018-01-22,Steve Lindsay,Chris Green,81,1584,E1,0.5,1810,1.09,0.79,1
3,2018-02-07,Steve Lindsay,Edward Donovan,62,1855,E1,1,1823,1.53,0.44,2
4,2018-02-19,Steve Lindsay,Jeremy Jones,122,1520,E1,0.5,1815,2.38,0.85,2.5
5,2018-02-26,Steve Lindsay,Mike Servini,221,1582,E1,1,1820,3.17,0.79,3.5
6,2018-03-19,Steve Lindsay,Alun Howell,99,1700,E1,1,1828,3.82,0.65,4.5
7,2018-04-16,Steve Lindsay,Ben Thomas,246,2008,E1,0,1823,4.06,0.24,4.5
8,2018-04-24,Steve Lindsay,Vince Williams,278,1708,E1,0.5,1819,4.7,0.64,5
9,2018-04-30,Steve Lindsay,Edward Mason,161,1399,E1,1,1822,5.6,0.9,6
10,2018-05-23,Steve Lindsay,Alex Bullen,22,2135,E2,0.5,1830,5.73,0.13,6.5
1,2018-01-04,Steve Street,Chris Hooper,98,1487,E1,0,1323,0.29,0.29,0
2,2018-01-18,Steve Street,James Williams,276,1114,E1,0,1298,1.07,0.78,0
1,2018-01-06,Susanna Fraser,John Cox,40,1424,E1,0.5,1624,0.77,0.77,0.5
2,2018-01-06,Susanna Fraser,Simon Blackmore,15,1640,E1,0,1612,1.26,0.49,0.5
3,2018-01-07,Susanna Fraser,Les Philpin,NA,1547,W1,1,1621,1.88,0.62,1.5
4,2018-01-07,Susanna Fraser,Scott Hammett,NA,1504,D1,1,1629,2.55,0.67,2.5
5,2018-02-10,Susanna Fraser,Tamal K Matilal,NA,1470,ECF,1,1636,3.26,0.71,3.5
6,2018-02-11,Susanna Fraser,Balaji Musiri Lakshminarayanan,NA,1726,ECF,1,1651,3.63,0.37,4.5
7,2018-02-13,Susanna Fraser,Christine Muschiato,175,1534,E1,1,1660,4.26,0.63,5.5
8,2018-02-24,Susanna Fraser,Muhieddin Hamadah,86,1325,E1,0,1639,5.12,0.86,5.5
9,2018-02-24,Susanna Fraser,Madeleine Smith,NA,1568,G1,1,1649,5.71,0.59,6.5
10,2018-02-24,Susanna Fraser,Ifan Rathbone-Jones,NA,1870,N1,1,1668,5.91,0.2,7.5
11,2018-02-25,Susanna Fraser,Joel Chung,NA,1165,W1,1,1671,6.81,0.9,8.5
12,2018-02-25,Susanna Fraser,Duncan MacDonald,154,1608,E1,1,1682,7.34,0.53,9.5
13,2018-03-12,Susanna Fraser,Zane Allford,NA,1725,G1,0,1673,7.71,0.37,9.5
14,2018-03-24,Susanna Fraser,William PM Lovell,NA,1870,ECF,0.5,1680,7.91,0.2,10
15,2018-03-25,Susanna Fraser,Stephen W Ruthen,NA,2030,ECF,0,1678,8.01,0.1,10
16,2018-03-28,Susanna Fraser,Guy Wagner,266,1791,E1,0,1671,8.29,0.28,10
17,2018-03-30,Susanna Fraser,David Buttell,NA,1792,W1,0,1664,8.57,0.28,10
18,2018-03-30,Susanna Fraser,Malcolm Probert,NA,1637,W1,0,1653,9.06,0.49,10
19,2018-03-31,Susanna Fraser,Bill Harle,90,1675,E1,1,1666,9.5,0.44,11
20,2018-04-01,Susanna Fraser,Roy Thomas,249,1720,E1,0,1657,9.88,0.38,11
21,2018-04-02,Susanna Fraser,Chris Dixon,NA,1817,G1,1,1675,10.13,0.25,12
22,2018-04-02,Susanna Fraser,Paul Bridges,17,1840,E1,0.5,1681,10.36,0.23,12.5
23,2018-05-05,Susanna Fraser,Aliriza Atif Gorgun,NA,2022,ECF,0,1679,10.46,0.1,12.5
24,2018-05-06,Susanna Fraser,Robert Whiteside,NA,1974,ECF,0,1676,10.57,0.11,12.5
25,2018-05-07,Susanna Fraser,Patrick C Ribbands,NA,1718,ECF,0.5,1679,10.95,0.38,13
26,2018-06-02,Susanna Fraser,Sahil Bansal,NA,1718,ECF,0,1668,0.45,0.45,0
27,2018-06-02,Susanna Fraser,Edward Gray,NA,1766,ECF,0.5,1671,0.83,0.38,0.5
28,2018-06-03,Susanna Fraser,Ben Aubury,NA,1694,ECF,1,1684,1.31,0.48,1.5
29,2018-06-03,Susanna Fraser,Nicholas J Vallis,NA,1734,ECF,0.5,1685,1.73,0.42,2
1,2018-03-20,Thomas Turton,David Rovaretti,213,1743,E1,0,1516,0.22,0.22,0
2,2018-03-27,Thomas Turton,Phil Smith,236,1525,E1,0,1500,0.72,0.5,0
1,2018-01-05,Tim Kett,Robert Taylor,NA,1972,,0.5,2300,0.88,0.88,0.5
2,2018-01-06,Tim Kett,Chris P Timmins,NA,1958,,1,2301,1.77,0.89,1.5
3,2018-01-06,Tim Kett,Neil Stuart,NA,1734,,1,2302,2.67,0.9,2.5
4,2018-01-07,Tim Kett,Alan Young,NA,2075,,0.5,2299,3.46,0.79,3
5,2018-01-07,Tim Kett,Alex Bullen,22,2130,,1,2302,4.19,0.73,4
6,2018-01-13,Tim Kett,Elizabeth Ivanov,NA,1766,,1,2303,5.09,0.9,5
7,2018-01-14,Tim Kett,Nigel E Povah,NA,2310,IM,0.5,2303,5.58,0.49,5.5
8,2018-01-15,Tim Kett,Rob Dineen,59,1805,,1,2304,6.48,0.9,6.5
9,2018-01-21,Tim Kett,Roy Phillips,NA,2199,FM,1,2308,7.12,0.64,7.5
10,2018-01-23,Tim Kett,Ioan Rees,198,2342,FM,0.5,2308,7.57,0.45,8
11,2018-01-29,Tim Kett,Matthew Davies,NA,1988,,0.5,2305,8.44,0.87,8.5
12,2018-01-30,Tim Kett,Joel Visa Jordana,264,2226,,0.5,2304,9.05,0.61,9
13,2018-02-10,Tim Kett,Laurence E Webb,NA,2334,FM,0.5,2304,9.51,0.46,9.5
14,2018-02-11,Tim Kett,Simon K Williams,NA,2510,GM,0,2302,9.74,0.23,9.5
15,2018-02-20,Tim Kett,Ioan Rees,198,2342,FM,0,2297,10.19,0.45,9.5
16,2018-02-26,Tim Kett,Matthew Davies,NA,1988,,1,2298,11.06,0.87,10.5
17,2018-02-27,Tim Kett,Dai James,110,1957,,1,2300,11.95,0.89,11.5
18,2018-03-07,Tim Kett,Celso Bettencourt Pinto,191,2025,,1,2301,12.79,0.84,12.5
19,2018-03-17,Tim Kett,Martin R Taylor,NA,2438,FM,1,2308,13.11,0.32,13.5
20,2018-03-18,Tim Kett,Martin R Taylor,NA,2438,FM,0,2305,13.43,0.32,13.5
21,2018-03-20,Tim Kett,Derek Jones,118,2032,,1,2306,14.26,0.83,14.5
22,2018-03-27,Tim Kett,David Robinson,211,1951,,1,2308,15.15,0.89,15.5
23,2018-03-30,Tim Kett,Peter Ehsandar,63,2054,,0.5,2304,15.96,0.81,16
24,2018-03-30,Tim Kett,Lee Davis,56,2079,,1,2307,16.75,0.79,17
25,2018-03-31,Tim Kett,Gerry Heap,NA,2168,,0.5,2305,17.43,0.68,17.5
26,2018-03-31,Tim Kett,David Jameson,NA,2070,,0,2297,18.23,0.8,17.5
27,2018-04-01,Tim Kett,Joe Fathallah,67,2020,,1,2298,19.07,0.84,18.5
28,2018-04-02,Tim Kett,Rudy van Kemenade,NA,2015,,0.5,2295,19.92,0.85,19
29,2018-04-02,Tim Kett,Pete Heaven,93,2111,,0.5,2292,20.67,0.75,19.5
30,2018-04-03,Tim Kett,Tom Brown,20,2142,,1,2295,0.7,0.7,1
31,2018-04-11,Tim Kett,Tom Brown,20,2142,,0.5,2293,1.4,0.7,1.5
32,2018-04-17,Tim Kett,Alex Bullen,22,2135,,0.5,2291,2.11,0.71,2
33,2018-04-22,Tim Kett,Allan Pleasants,NA,2158,,1,2294,2.79,0.68,3
34,2018-05-01,Tim Kett,Bence Szakmany,244,1285,,1,2295,3.69,0.9,4
35,2018-05-05,Tim Kett,Ian L Snape,NA,2230,,1,2299,4.28,0.59,5
36,2018-05-06,Tim Kett,Alan J Walton,NA,2238,,1,2303,4.86,0.58,6
37,2018-05-07,Tim Kett,Sheila Jackson,NA,2166,WGM,0.5,2302,5.53,0.67,6.5
38,2018-05-20,Tim Kett,Howard Williams,NA,2325,FM,0.5,2302,5.98,0.45,7
39,2018-05-22,Tim Kett,Dave Turner,NA,2005,,1,2304,6.82,0.84,8
40,2018-06-04,Tim Kett,John Waterfield,NA,2031,,1,2306,7.64,0.82,9
41,2018-06-13,Tim Kett,Grzegorz Toczek,253,2298,FM,0,2301,8.13,0.49,9
1,2018-02-12,Tom Bennett,Roland Humphries,103,1199,E1,1,1503,0.86,0.86,1
2,2018-02-19,Tom Bennett,Hanni Youssef,284,1391,E1,1,1515,1.51,0.65,2
3,2018-02-20,Tom Bennett,Phil Buttle,24,1497,E1,0.5,1515,2.01,0.5,2.5
4,2018-02-26,Tom Bennett,Richard Livermore,NA,1595,G2,0,1503,2.38,0.37,2.5
5,2018-03-05,Tom Bennett,Ken Wardle,269,1498,E1,1,1519,2.88,0.5,3.5
6,2018-03-12,Tom Bennett,Tom Cooke,39,1665,E1,1,1542,3.16,0.28,4.5
7,2018-04-23,Tom Bennett,Phil Buttle,24,1497,E1,0.5,1542,3.66,0.5,5
1,2018-01-03,Tom Brown,Alex Bullen,22,2130,,0,2108,0.48,0.48,0
2,2018-01-05,Tom Brown,Dave Turner,NA,2005,,0.5,2106,1.13,0.65,0.5
3,2018-01-06,Tom Brown,Tony Haigh,NA,1928,,1,2110,1.88,0.75,1.5
4,2018-01-06,Tom Brown,Colin Denham,NA,1659,,1,2112,2.78,0.9,2.5
5,2018-01-07,Tom Brown,Peter Bevan,NA,2014,,1,2117,3.42,0.64,3.5
6,2018-01-07,Tom Brown,Jonathan Blackburn,NA,2264,,0.5,2120,3.72,0.3,4
7,2018-01-08,Tom Brown,Matthew Davies,NA,1988,,0.5,2118,4.39,0.67,4.5
8,2018-01-13,Tom Brown,Robert F Willmoth,NA,2326,CM,0.5,2122,4.62,0.23,5
9,2018-01-14,Tom Brown,Mark Adams,NA,1981,,0.5,2119,5.3,0.68,5.5
10,2018-01-17,Tom Brown,Joel Visa Jordana,264,2226,,1,2130,5.65,0.35,6.5
11,2018-01-21,Tom Brown,Jason Garcia,NA,2111,,1,2137,6.16,0.51,7.5
12,2018-01-24,Tom Brown,Joel Visa Jordana,264,2226,,1,2148,6.51,0.35,8.5
13,2018-02-10,Tom Brown,Gavin R Lock,NA,2230,,0.5,2150,6.85,0.34,9
14,2018-02-11,Tom Brown,Elliot Cocks,NA,2102,,0.5,2150,7.37,0.52,9.5
15,2018-02-14,Tom Brown,Derek Jones,118,2032,,1,2156,7.99,0.62,10.5
16,2018-02-16,Tom Brown,Julie van Kemenade,NA,1740,,0,2142,8.89,0.9,10.5
17,2018-02-17,Tom Brown,Justin Morgans,171,1765,,1,2144,9.78,0.89,11.5
18,2018-02-17,Tom Brown,Andrew Di-Vetta,60,1791,,0.5,2138,10.65,0.87,12
19,2018-02-18,Tom Brown,Hugo Fowler,NA,1879,,1,2141,11.45,0.8,13
20,2018-02-18,Tom Brown,Frank May,NA,2090,,1,2148,11.99,0.54,14
21,2018-02-21,Tom Brown,Alex Bullen,22,2130,,0,2140,12.47,0.48,14
22,2018-02-28,Tom Brown,David Robinson,211,1951,,0.5,2137,13.19,0.72,14.5
23,2018-03-24,Tom Brown,Adrian P Somerfield,NA,2118,,0.5,2137,13.69,0.5,15
24,2018-03-25,Tom Brown,Timothy Headlong,NA,2134,CM,0.5,2137,14.16,0.47,15.5
25,2018-03-30,Tom Brown,Pat Bennett,NA,2045,,0.5,2136,14.76,0.6,16
26,2018-03-31,Tom Brown,Matt Staniforth,238,2041,,0.5,2134,15.36,0.6,16.5
27,2018-03-31,Tom Brown,Venetia Sivarajasingam,227,1754,WCM,1,2136,16.26,0.9,17.5
28,2018-04-01,Tom Brown,David Sands,NA,2230,,0.5,2138,16.6,0.34,18
29,2018-04-02,Tom Brown,Francis Rayner,NA,2183,,0.5,2140,17.01,0.41,18.5
30,2018-04-02,Tom Brown,Sven Zeidler,NA,2232,FM,0.5,2142,17.35,0.34,19
31,2018-04-03,Tom Brown,Tim Kett,134,2292,,0,2137,0.3,0.3,0
32,2018-04-11,Tom Brown,Tim Kett,134,2292,,0.5,2140,0.6,0.3,0.5
33,2018-04-22,Tom Brown,Brendan-Budok Durand-Le Ludek,NA,2183,,0,2133,1.04,0.44,0.5
34,2018-04-25,Tom Brown,Ioan Rees,198,2342,FM,0,2130,1.28,0.24,0.5
35,2018-05-05,Tom Brown,Ian D Thompson,NA,2262,FM,1,2140,1.62,0.34,1.5
36,2018-05-06,Tom Brown,Justin Hadi,NA,2062,,0,2130,2.23,0.61,1.5
37,2018-05-07,Tom Brown,Jeremy N Fraser-Mitchell,NA,2142,,1,2138,2.73,0.5,2.5
38,2018-06-13,Tom Brown,Gareth Yeo,283,2000,,1,2143,3.42,0.69,3.5
39,2018-06-16,Tom Brown,David Kramaley,NA,1910,,0,2131,4.21,0.79,3.5
40,2018-06-16,Tom Brown,Mark V Abbott,NA,2118,,1,2138,4.74,0.53,4.5
41,2018-06-17,Tom Brown,Matt Chapman,NA,2110,,1,2145,5.29,0.55,5.5
42,2018-06-17,Tom Brown,Michael T Harris,NA,2086,,0.5,2144,5.87,0.58,6
1,2018-01-06,Tom Cooke,Liam Penny,186,1670,E1,1,1677,0.49,0.49,1
2,2018-01-06,Tom Cooke,Tomasz Miga,NA,1724,W1,0.5,1679,0.91,0.42,1.5
3,2018-01-07,Tom Cooke,Richard Livermore,NA,1719,G1,0.5,1681,1.33,0.42,2
4,2018-01-07,Tom Cooke,Dave Williams,NA,1593,G1,0,1667,1.93,0.6,2
5,2018-01-15,Tom Cooke,John Stephenson,240,1517,E1,0,1650,2.63,0.7,2
6,2018-02-05,Tom Cooke,Alun Howell,99,1700,E1,0.5,1651,3.08,0.45,2.5
7,2018-02-27,Tom Cooke,Edward Donovan,62,1855,E1,0.5,1657,3.33,0.25,3
8,2018-03-12,Tom Cooke,Tom Bennett,14,1499,E1,0,1640,4.05,0.72,3
9,2018-03-20,Tom Cooke,Con Ariti,6,1625,E1,1,1650,4.61,0.56,4
10,2018-03-26,Tom Cooke,Jeff Rowland,214,1629,E1,0.5,1649,5.16,0.55,4.5
11,2018-04-03,Tom Cooke,Steve Christmas,34,1956,E1,0,1646,5.31,0.15,4.5
12,2018-04-23,Tom Cooke,Jake Hurley,105,1864,E1,1,1664,5.55,0.24,5.5
13,2018-05-22,Tom Cooke,Gareth Yeo,283,2000,E1,0,1661,5.67,0.12,5.5
1,2018-01-08,Tom Davies,Chris Peters,188,1591,E1,0,1130,0.1,0.1,0
2,2018-01-20,Tom Davies,Om Sikaria,NA,1246,ECF,1,1151,0.44,0.34,1
3,2018-01-20,Tom Davies,Rakshai Muthusamy,NA,1054,ECF,1,1163,1.05,0.61,2
4,2018-01-20,Tom Davies,Astrid Gibara,NA,1414,ECF-Rapid,1,1190,1.21,0.16,3
5,2018-01-21,Tom Davies,Finley Carroll,NA,1022,ECF,1,1201,1.86,0.65,4
6,2018-01-21,Tom Davies,Edward Correa,NA,1206,ECF-Rapid,0,1189,2.26,0.4,4
7,2018-01-29,Tom Davies,Sam Warburton,268,1425,E1,0,1184,2.41,0.15,4
8,2018-03-19,Tom Davies,Gareth Harding,89,1413,E1,0.5,1195,2.57,0.16,4.5
9,2018-04-21,Tom Davies,Benjamin Pickwick,NA,1326,ECF,0,1187,2.82,0.25,4.5
10,2018-04-21,Tom Davies,Sanjit S Kumar,NA,966,ECF-Rapid,1,1196,3.54,0.72,5.5
11,2018-04-21,Tom Davies,Jonathan W Davies,50,1099,E1,0,1178,4.09,0.55,5.5
12,2018-04-22,Tom Davies,Max Rogers,NA,1206,ECF,1,1197,4.49,0.4,6.5
13,2018-04-22,Tom Davies,Rowan Eccleston,NA,850,Est,1,1202,5.33,0.84,7.5
14,2018-04-23,Tom Davies,Phil Jones,125,1325,E1,0.5,1210,5.58,0.25,8
15,2018-05-01,Tom Davies,Gareth Yeo,283,2000,E1,0,1207,5.68,0.1,8
16,2018-05-15,Tom Davies,Callum Smith,230,1435,E2,0,1203,5.82,0.14,8
1,2018-01-08,Tom Schuchardt,Anthony Williams,273,1053,E1,0,842,0.24,0.24,0
1,2018-01-02,Tony Gutteridge,Anthony Baker,9,1552,E1,0,1462,0.39,0.39,0
2,2018-01-16,Tony Gutteridge,Bence Szakmany,244,1285,E1,1,1470,1.14,0.75,1
3,2018-02-12,Tony Gutteridge,Bob Hurn,106,1670,E1,0.5,1478,1.38,0.24,1.5
4,2018-02-13,Tony Gutteridge,Hanni Youssef,284,1391,E1,0.5,1474,2,0.62,2
5,2018-02-20,Tony Gutteridge,David Roberts,205,1457,E1,1,1489,2.52,0.52,3
6,2018-02-27,Tony Gutteridge,Andrew Trickey,256,1651,E1,1,1513,2.79,0.27,4
7,2018-03-06,Tony Gutteridge,Roger Phillips,189,1533,E1,0.5,1515,3.21,0.42,4.5
8,2018-03-12,Tony Gutteridge,Dwain Jones,119,1335,E1,1,1525,3.9,0.69,5.5
9,2018-03-13,Tony Gutteridge,Aron Calist,26,1327,E1,0,1503,4.6,0.7,5.5
10,2018-03-19,Tony Gutteridge,Marque Fernando,69,1250,E1,0,1478,5.39,0.79,5.5
1,2018-01-08,Tycho Twohig,Ken Wardle,269,1498,E1,0,1056,0.1,0.1,0
2,2018-02-05,Tycho Twohig,Ken Curry,44,1223,E1,0.5,1063,0.38,0.28,0.5
3,2018-03-10,Tycho Twohig,Harrison Postans,NA,1407,G1,1,1091,0.49,0.11,1.5
4,2018-03-10,Tycho Twohig,Madeleine Smith,NA,1568,G1,0,1088,0.59,0.1,1.5
5,2018-03-10,Tycho Twohig,Joel Chung,NA,1165,W1,1,1109,0.94,0.35,2.5
6,2018-03-11,Tycho Twohig,Ellison Smith,232,1379,E1,0.5,1121,1.07,0.13,3
7,2018-03-11,Tycho Twohig,Neil Stevenson,NA,1387,G1,1,1149,1.19,0.12,4
8,2018-03-11,Tycho Twohig,Hiya Ray,197,1698,E1,0,1146,1.29,0.1,4
9,2018-04-21,Tycho Twohig,Ivan Prikazchikov,NA,1342,ECF,0.5,1157,1.45,0.16,4.5
10,2018-04-21,Tycho Twohig,Samuel Hunt,NA,1286,ECF,1,1182,1.66,0.21,5.5
11,2018-04-21,Tycho Twohig,Ben Turner,NA,1470,ECF-Rapid,1,1211,1.76,0.1,6.5
12,2018-04-22,Tycho Twohig,Bence Szakmany,244,1285,E1,0.5,1220,1.97,0.21,7
13,2018-04-22,Tycho Twohig,Denzel Supatan,NA,1446,ECF,0,1217,2.07,0.1,7
14,2018-04-23,Tycho Twohig,Ken Curry,44,1223,E1,0,1208,2.35,0.28,7
1,2018-01-04,Vaseekaran Sivarajasingam,Morgan Rees,200,1341,E1,0.5,1546,0.78,0.78,0.5
2,2018-02-10,Vaseekaran Sivarajasingam,Tony Burcham,NA,1766,ECF,0.5,1555,1.01,0.23,1
3,2018-02-11,Vaseekaran Sivarajasingam,John Cook,NA,1830,ECF,0,1549,1.18,0.17,1
4,2018-04-09,Vaseekaran Sivarajasingam,Zane Allford,NA,1725,G1,0,1541,1.45,0.27,1
5,2018-04-16,Vaseekaran Sivarajasingam,Dave Parsons,182,1814,E1,1,1567,1.63,0.18,2
6,2018-05-20,Vaseekaran Sivarajasingam,Adam Watkin-Jones,NA,1957,D1,0,1564,1.73,0.1,2
1,2018-01-05,Vedant Lutchman Singh,Daniel Chung,NA,1288,W1,0,847,0.1,0.1,0
2,2018-01-06,Vedant Lutchman Singh,Anshul Swamy,243,950,E1,0,835,0.46,0.36,0
3,2018-01-07,Vedant Lutchman Singh,Margaret Baron,NA,850,D1,1,851,0.96,0.5,1
4,2018-01-07,Vedant Lutchman Singh,Ben Jaberansari,107,1024,E1,0,843,1.23,0.27,1
5,2018-01-08,Vedant Lutchman Singh,John Rees,199,850,E1,1,859,1.73,0.5,2
6,2018-02-12,Vedant Lutchman Singh,Mike Colwill,36,1002,E1,0,849,2.03,0.3,2
7,2018-03-05,Vedant Lutchman Singh,James Williams,276,1114,E1,0,843,2.21,0.18,2
8,2018-04-17,Vedant Lutchman Singh,Anthony Williams,273,1053,E1,0,836,2.45,0.24,2
9,2018-04-23,Vedant Lutchman Singh,Paul Meara,165,1220,E1,0,832,2.55,0.1,2
1,2018-01-04,Venetia Sivarajasingam,Roy Thomas,249,1720,E1,1,1765,0.55,0.55,1
2,2018-01-06,Venetia Sivarajasingam,Robert Taylor,NA,1972,G1,1,1784,0.77,0.22,2
3,2018-01-06,Venetia Sivarajasingam,Peter Bevan,NA,2014,W1,0,1779,0.95,0.18,2
4,2018-01-07,Venetia Sivarajasingam,Matthew Parry,NA,1981,G1,1,1798,1.16,0.21,3
5,2018-01-07,Venetia Sivarajasingam,John Waterfield,NA,2027,G1,1,1818,1.33,0.17,4
6,2018-01-13,Venetia Sivarajasingam,Shahjahon Saidmurodov,NA,1846,ECF,0,1809,1.7,0.37,4
7,2018-01-14,Venetia Sivarajasingam,Mohammed Jaufarally,NA,1526,ECF,0.5,1802,2.49,0.79,4.5
8,2018-01-21,Venetia Sivarajasingam,Adam May,NA,2012,W1,0,1798,2.67,0.18,4.5
9,2018-02-10,Venetia Sivarajasingam,Kevin B Henbest,NA,1678,ECF,1,1807,3.28,0.61,5.5
10,2018-02-11,Venetia Sivarajasingam,Mikey J Watson,NA,2014,ECF,0,1803,3.46,0.18,5.5
11,2018-03-24,Venetia Sivarajasingam,Michael J Krawczuk,NA,2038,ECF,0.5,1811,3.62,0.16,6
12,2018-03-25,Venetia Sivarajasingam,Alexander John Peters,NA,2126,ECF,0,1809,3.72,0.1,6
13,2018-03-30,Venetia Sivarajasingam,David Jameson,NA,2070,N1,0,1806,3.85,0.13,6
14,2018-03-30,Venetia Sivarajasingam,Rudy van Kemenade,NA,2015,D1,1,1825,4.03,0.18,7
15,2018-03-31,Venetia Sivarajasingam,Alex Bullen,22,2130,E1,1,1847,4.13,0.1,8
16,2018-03-31,Venetia Sivarajasingam,Tom Brown,20,2116,E1,0,1844,4.23,0.1,8
17,2018-04-01,Venetia Sivarajasingam,Pat Bennett,NA,2045,G1,1,1865,4.38,0.15,9
18,2018-04-02,Venetia Sivarajasingam,Gerry Heap,NA,2168,D1,0,1862,4.48,0.1,9
19,2018-04-02,Venetia Sivarajasingam,Lee Davis,56,2079,E2,0.5,1871,4.61,0.13,9.5
20,2018-04-09,Venetia Sivarajasingam,Richard Miles,NA,1965,G1,0.5,1878,4.84,0.23,10
21,2018-04-16,Venetia Sivarajasingam,Steve Cunliffe,43,2014,E1,0.5,1886,5.02,0.18,10.5
22,2018-04-22,Venetia Sivarajasingam,Rudy van Kemenade,NA,2015,D1,1,1905,5.2,0.18,11.5
23,2018-05-05,Venetia Sivarajasingam,Francis Parker,NA,2158,ECF,0,1903,5.3,0.1,11.5
24,2018-05-06,Venetia Sivarajasingam,Marc On Obi,NA,1982,ECF,0,1898,5.51,0.21,11.5
25,2018-05-07,Venetia Sivarajasingam,Brian D Judkins,NA,1822,ECF,1,1912,5.91,0.4,12.5
26,2018-05-20,Venetia Sivarajasingam,Chris Dixon,NA,1817,G1,0.5,1909,0.63,0.63,0.5
27,2018-06-02,Venetia Sivarajasingam,Amardip Ahluwalia,NA,2150,ECF,1,1928,0.83,0.2,1.5
28,2018-06-02,Venetia Sivarajasingam,Mikey J Watson,NA,2014,ECF,0,1919,1.19,0.36,1.5
29,2018-06-03,Venetia Sivarajasingam,Chirag Hosdurga,NA,1942,ECF,0,1908,1.65,0.46,1.5
30,2018-06-03,Venetia Sivarajasingam,Adam Hussain,NA,1830,ECF,0.5,1906,2.26,0.61,2
1,2018-02-20,Vince Williams,Leon Jansen van Rensburg,114,1639,E1,1,1718,0.6,0.6,1
2,2018-03-06,Vince Williams,Dai James,110,1957,E1,0,1713,0.79,0.19,1
3,2018-04-03,Vince Williams,Edward Donovan,62,1855,E1,1,1730,1.09,0.3,2
4,2018-04-17,Vince Williams,Chris Fox,72,1726,E1,0.5,1731,1.56,0.47,2.5
5,2018-04-24,Vince Williams,Steve Lindsay,144,1812,E1,0.5,1734,1.92,0.36,3
1,2018-01-08,Viv Martin,Andrew Jeanes,115,1683,E1,0.5,1644,0.44,0.44,0.5
2,2018-01-15,Viv Martin,Clive Silver,224,1519,E1,0.5,1640,1.11,0.67,1
3,2018-01-29,Viv Martin,David Roberts,205,1457,E1,1,1647,1.85,0.74,2
4,2018-02-05,Viv Martin,Aled George,75,1499,E1,0.5,1642,2.54,0.69,2.5
5,2018-02-12,Viv Martin,David Lewis,141,1630,E1,0,1630,3.06,0.52,2.5
6,2018-02-20,Viv Martin,Wayne James,112,1396,E1,0.5,1622,3.87,0.81,3
7,2018-03-05,Viv Martin,Gareth Harding,89,1413,E1,0,1603,4.66,0.79,3
8,2018-03-12,Viv Martin,Roger Jenkins,116,1454,E1,1,1609,5.41,0.75,4
1,2018-01-02,Wayne James,Gareth Harding,89,1413,E1,0.5,1397,0.48,0.48,0.5
2,2018-01-18,Wayne James,Roger Jenkins,116,1454,E1,0.5,1399,0.9,0.42,1
3,2018-02-06,Wayne James,Edwin Allen,3,1344,E1,0.5,1397,1.47,0.57,1.5
4,2018-02-20,Wayne James,Viv Martin,160,1643,E1,0.5,1407,1.66,0.19,2
5,2018-03-20,Wayne James,Callum Smith,230,1316,E1,0,1387,2.27,0.61,2
6,2018-03-27,Wayne James,Stephen Lambourne,136,1439,E1,0.5,1389,2.71,0.44,2.5
7,2018-04-17,Wayne James,Sam Warburton,268,1425,E1,0.5,1391,3.17,0.46,3
8,2018-05-01,Wayne James,Phil Smith,236,1525,E1,0.5,1396,3.49,0.32,3.5
1,2018-01-08,Will Harwood,Roy Thomas,249,1720,E1,0.5,1790,0.6,0.6,0.5
2,2018-01-15,Will Harwood,Neil Owen,181,1760,E1,1,1800,1.15,0.55,1.5
3,2018-01-22,Will Harwood,John Stephenson,240,1517,E1,1,1804,1.98,0.83,2.5
4,2018-01-22,Will Harwood,Dave A Lewis,140,1652,E1,1,1812,2.67,0.69,3.5
5,2018-02-07,Will Harwood,Bill Harle,90,1675,E1,1,1820,3.33,0.66,4.5
6,2018-02-19,Will Harwood,John Cox,40,1424,E1,1,1822,4.23,0.9,5.5
7,2018-02-26,Will Harwood,Sam Warburton,268,1425,E1,0.5,1813,5.13,0.9,6
8,2018-03-19,Will Harwood,Leon Jansen van Rensburg,114,1639,E1,1,1820,5.84,0.71,7
9,2018-03-26,Will Harwood,Sam White,271,1454,E1,0.5,1811,6.72,0.88,7.5
10,2018-04-16,Will Harwood,David Cleverly,35,1776,E1,0,1798,7.24,0.52,7.5
11,2018-04-30,Will Harwood,Aled George,75,1499,E1,1,1802,8.09,0.85,8.5
1,2018-01-29,William Roberts,Maurice Barnett,12,1138,E1,0.5,942,0.23,0.23,0.5
2,2018-02-05,William Roberts,Ray Denyer,58,922,E1,0.5,941,0.75,0.52,1
3,2018-02-13,William Roberts,Mike Colwill,36,1002,E1,0,928,1.15,0.4,1
4,2018-02-24,William Roberts,Hiya Ray,197,1698,E1,0,925,1.25,0.1,1
5,2018-02-24,William Roberts,Henry Townsend,NA,850,Est,0,905,1.87,0.62,1
6,2018-02-24,William Roberts,Mili Lewis,NA,850,Est,1,917,2.49,0.62,2
7,2018-02-25,William Roberts,Harri Gilbert,NA,1100,Est,1,940,2.77,0.28,3
8,2018-02-25,William Roberts,Harry Wood,NA,950,Est,1,957,3.25,0.48,4
9,2018-02-25,William Roberts,Bence Szakmany,244,1285,E1,0,953,3.36,0.11,4
10,2018-03-10,William Roberts,Joel Chung,NA,1165,W1,0,947,3.57,0.21,4
11,2018-03-10,William Roberts,Harrison Postans,NA,1407,G1,0,944,3.67,0.1,4
12,2018-03-11,William Roberts,Ellison Smith,232,1379,E1,0,940,3.77,0.1,4
13,2018-03-11,William Roberts,Neil Stevenson,NA,1387,G1,0,937,3.87,0.1,4
14,2018-04-09,William Roberts,Ray Angle,5,1230,E1,0,932,4.02,0.15,4
15,2018-05-01,William Roberts,Rob Dineen,59,1805,E1,1,961,4.12,0.1,5
1,2018-01-05,Yuxuan Wu,Anshul Swamy,243,950,E1,1,1206,0.81,0.81,1
2,2018-01-06,Yuxuan Wu,Daniel Chung,NA,1288,W1,1,1226,1.19,0.38,2
3,2018-01-06,Yuxuan Wu,Marque Fernando,69,1250,E1,0,1212,1.62,0.43,2
4,2018-01-07,Yuxuan Wu,John Stubbs,NA,1006,ECF,0,1188,2.37,0.75,2
5,2018-01-07,Yuxuan Wu,Ashika Shahameeran,223,1096,E1,0.5,1184,3.01,0.64,2.5
6,2018-02-24,Yuxuan Wu,Bence Szakmany,244,1285,E1,1,1204,3.39,0.38,3.5
7,2018-02-24,Yuxuan Wu,Daniel Chung,NA,1288,W1,0.5,1207,3.77,0.38,4
8,2018-02-24,Yuxuan Wu,Henry Townsend,NA,850,Est,1,1211,4.66,0.89,5
9,2018-02-25,Yuxuan Wu,Milo Davies,52,1212,E1,0.5,1212,5.14,0.48,5.5
10,2018-02-25,Yuxuan Wu,Hiya Ray,197,1698,E1,0,1208,5.24,0.1,5.5
11,2018-02-25,Yuxuan Wu,Oliver Sapsford,NA,1150,G1,1,1222,5.81,0.57,6.5
12,2018-03-19,Yuxuan Wu,Roland Humphries,103,1199,E1,1,1238,6.31,0.5,7.5
13,2018-03-30,Yuxuan Wu,Callum Smith,230,1316,E1,0,1227,6.65,0.34,7.5
14,2018-03-30,Yuxuan Wu,Gareth Davies,49,1342,E1,0.5,1233,6.96,0.31,8
15,2018-03-31,Yuxuan Wu,Jeremy Jones,122,1520,E1,1,1261,7.09,0.13,9
16,2018-03-31,Yuxuan Wu,Edward Mason,161,1399,E1,0.5,1269,7.33,0.24,9.5
17,2018-04-01,Yuxuan Wu,Chris Peters,188,1591,E1,0,1266,7.43,0.1,9.5
18,2018-04-02,Yuxuan Wu,Rosie Christmas,33,1133,E1,1,1279,8.02,0.59,10.5
19,2018-04-02,Yuxuan Wu,Hefin Jones,NA,1295,N1,1,1300,8.39,0.37,11.5
20,2018-05-14,Yuxuan Wu,Peter Williams,277,1129,E1,0,1280,8.99,0.6,11.5
