GameNo,Date,Player1,Player2,OppKey,OppRating_Display,RatingType,Result,New,Tot,Exp,Pts
1,2015-02-04,Adam Jenkins,William Newrick,66,1366,G1,1,1396,0.52,0.52,1
2,2015-03-04,Adam Jenkins,John Arthur,58,1507,G1,0,1386,0.85,0.33,1
3,2015-03-11,Adam Jenkins,Brian Hill,79,1188,G1,1,1394,1.6,0.75,2
4,2015-04-01,Adam Jenkins,Dave Connolly,55,1542,G1,0.5,1401,1.88,0.28,2.5
5,2015-04-08,Adam Jenkins,Gareth Yeo,NA,2033,W1,0,1398,1.98,0.1,2.5
1,2015-06-03,Alex Anderson,Billy Ormrod,97,1000,G1,0.5,1010,0.52,0.52,0.5
1,2015-03-07,Anderson Khan,Nayana Kalavala,NA,1045,E1,0,842,0.25,0.25,0
2,2015-03-07,Anderson Khan,Samuel Cook,106,900,G1,0,828,0.68,0.43,0
3,2015-03-07,Anderson Khan,William Latheron,119,850,G1,0,812,1.18,0.5,0
4,2015-03-08,Anderson Khan,Llion Morris,NA,850,N1,1,828,1.68,0.5,1
5,2015-03-08,Anderson Khan,Rishi Paul,NA,876,E1,0,814,2.14,0.46,1
6,2015-03-08,Anderson Khan,Naman Desai,NA,850,E1,1,830,2.64,0.5,2
1,2015-01-14,Andrew Owen,Zane Allford,42,1725,G1,0.5,1840,0.66,0.66,0.5
2,2015-01-21,Andrew Owen,Philip French,NA,1871,E1,0,1829,1.12,0.46,0.5
3,2015-02-17,Andrew Owen,Steve Williams (Cwm),37,1800,G1,1,1840,1.68,0.56,1.5
4,2015-02-24,Andrew Owen,Dave Roberts,51,1593,G1,1,1844,2.49,0.81,2.5
5,2015-02-25,Andrew Owen,Nigel Saunders,26,1936,G1,1,1859,2.86,0.37,3.5
6,2015-03-11,Andrew Owen,Mark Emblem,62,1424,G1,1,1862,3.76,0.9,4.5
7,2015-03-24,Andrew Owen,Mark Emblem,62,1424,G1,1,1864,4.66,0.9,5.5
8,2015-04-01,Andrew Owen,Hiram Rogers,52,1583,G1,0.5,1856,5.48,0.82,6
1,2015-01-24,Anna Boyle,William (Bill) Read,NA,1282,ECF,0,974,0.14,0.14,0
2,2015-01-24,Anna Boyle,Benjamin Duxbury,NA,850,ECF,1,984,0.81,0.67,1
3,2015-01-24,Anna Boyle,Morgan Kendall,NA,981,N1,1,1000,1.31,0.5,2
4,2015-01-25,Anna Boyle,Lavanya Maladkar,NA,1258,ECF,1,1027,1.47,0.16,3
5,2015-01-25,Anna Boyle,Steve Sezer,NA,1162,ECF,1,1051,1.73,0.26,4
6,2015-03-07,Anna Boyle,William Latheron,119,850,G1,1,1061,2.4,0.67,5
7,2015-03-07,Anna Boyle,Rishi Choudhuri,NA,1077,W1,1,1082,2.76,0.36,6
8,2015-03-07,Anna Boyle,Arthur Newington-Bridges,104,950,G1,0,1064,3.3,0.54,6
9,2015-03-08,Anna Boyle,Hugo Russell,94,1000,G1,1,1081,3.77,0.47,7
10,2015-03-08,Anna Boyle,Hiya Ray,NA,1339,E2,1,1110,3.87,0.1,8
11,2015-03-08,Anna Boyle,Robert Goodwin,NA,1096,N1,0,1099,4.21,0.34,8
12,2015-04-14,Anna Boyle,Richard Afelumo,NA,857,E1,1,1110,4.88,0.67,9
13,2015-04-20,Anna Boyle,Ellison Smith,NA,850,E1,1,1120,5.55,0.67,10
14,2015-04-29,Anna Boyle,Aishwarya Lutchman Singh,NA,1517,E2,0,1117,5.65,0.1,10
1,2015-03-07,Arthur Newington-Bridges,Taliesin Yearwood-Williams,NA,850,E1,1,962,0.64,0.64,1
2,2015-03-07,Arthur Newington-Bridges,Ethan Chung,NA,1071,E1,1,983,0.97,0.33,2
3,2015-03-07,Arthur Newington-Bridges,Anna Boyle,102,978,G1,1,1000,1.43,0.46,3
4,2015-03-08,Arthur Newington-Bridges,Robert Goodwin,NA,1096,N1,0,991,1.73,0.3,3
5,2015-03-08,Arthur Newington-Bridges,Nayana Kalavala,NA,1045,E1,0,979,2.1,0.37,3
6,2015-03-08,Arthur Newington-Bridges,Nye Bradfield,NA,923,E1,0,962,2.64,0.54,3
7,2015-03-21,Arthur Newington-Bridges,William Latheron,119,850,G1,0,941,3.28,0.64,3
8,2015-05-30,Arthur Newington-Bridges,Timothy Hedger,NA,1200,Est,0,935,3.47,0.19,3
9,2015-05-30,Arthur Newington-Bridges,Alex Driscoll,NA,1200,Est,1,961,3.66,0.19,4
1,2015-03-21,Asha Sparks,Mano Kangaraj,131,850,G1,1,914,0.57,0.57,1
2,2015-03-21,Asha Sparks,Hugo Russell,94,1000,G1,0,902,0.93,0.36,1
3,2015-03-21,Asha Sparks,Rohan Mohindru,95,1000,G1,1,923,1.29,0.36,2
4,2015-03-22,Asha Sparks,William Latheron,119,850,G1,0,904,1.86,0.57,2
5,2015-03-22,Asha Sparks,Tomas Breeze,124,850,G1,1,918,2.43,0.57,3
6,2015-03-22,Asha Sparks,Cameron Harris,114,850,G1,0,900,3,0.57,3
1,2015-03-21,Barney Thomas-Hewartson,Charlie Davies,120,850,G1,0,882,0.57,0.57,0
2,2015-03-21,Barney Thomas-Hewartson,Mano Kangaraj,131,850,G1,1,896,1.14,0.57,1
3,2015-03-21,Barney Thomas-Hewartson,Tomas Breeze,124,850,G1,0,877,1.71,0.57,1
4,2015-03-22,Barney Thomas-Hewartson,Carys Williams,127,850,G1,1,891,2.28,0.57,2
5,2015-03-22,Barney Thomas-Hewartson,Christopher Tang,118,850,G1,1,905,2.85,0.57,3
1,2015-03-07,Ben Sloper,Chirag Guha,NA,1761,E2,0,1047,0.1,0.1,0
2,2015-03-07,Ben Sloper,Osian Furnival Hughes,NA,850,N1,1,1054,0.86,0.76,1
3,2015-03-07,Ben Sloper,Woody Shaw,84,1063,G1,0,1039,1.34,0.48,1
4,2015-03-08,Ben Sloper,Eoin Shackleton,113,850,G1,1,1047,2.1,0.76,2
5,2015-03-08,Ben Sloper,William Latheron,119,850,G1,1,1054,2.86,0.76,3
6,2015-03-08,Ben Sloper,Dylan Meek,80,1100,G1,0.5,1057,3.29,0.43,3.5
1,2015-06-03,Billy Ormrod,Alex Anderson,90,1011,G1,0.5,1001,0.48,0.48,0.5
2,2015-06-10,Billy Ormrod,Harry Bennet,98,1000,G1,1,1017,0.98,0.5,1.5
3,2015-06-10,Billy Ormrod,Jonathan Dyment,54,1557,G1,0,1013,1.08,0.1,1.5
4,2015-06-17,Billy Ormrod,Owen Besant,133,850,G1,1,1023,1.78,0.7,2.5
1,2015-01-20,Brian Heath,Richard Livermore,50,1649,G1,0,1651,0.52,0.52,0
2,2015-01-28,Brian Heath,Jonathan Dyment,54,1557,G1,1,1659,1.17,0.65,1
3,2015-02-17,Brian Heath,John Arthur,58,1507,G1,1,1666,1.88,0.71,2
4,2015-02-25,Brian Heath,Colin Jeffries,68,1329,G1,1,1669,2.76,0.88,3
5,2015-03-04,Brian Heath,William Newrick,66,1366,G1,0,1648,3.61,0.85,3
6,2015-03-17,Brian Heath,Gareth Yeo,NA,2033,W1,0,1646,3.71,0.1,3
7,2015-03-25,Brian Heath,Hiram Rogers,52,1583,G1,1,1655,4.32,0.61,4
1,2015-01-14,Brian Hill,Hiram Rogers,52,1583,G1,0,1185,0.1,0.1,0
2,2015-02-04,Brian Hill,Gareth Yeo,NA,2033,W1,0,1182,0.2,0.1,0
3,2015-02-25,Brian Hill,Matthew Hooper,93,1003,G1,1,1190,0.94,0.74,1
4,2015-03-04,Brian Hill,Mark Summers,67,1357,G1,0,1181,1.22,0.28,1
5,2015-03-11,Brian Hill,Adam Jenkins,64,1381,G1,0,1173,1.47,0.25,1
6,2015-04-08,Brian Hill,Brian Ross,59,1483,G1,0,1168,1.62,0.15,1
7,2015-04-29,Brian Hill,William Newrick,66,1366,G1,0.5,1176,1.88,0.26,1.5
8,2015-05-13,Brian Hill,Roger Lockyer,92,1003,G1,1,1184,2.62,0.74,2.5
9,2015-05-20,Brian Hill,Roger Lockyer,92,1003,G1,1,1192,3.36,0.74,3.5
1,2015-01-07,Brian Ross,Clive Thomas,40,1752,G1,0.5,1494,0.17,0.17,0.5
2,2015-01-14,Brian Ross,John Arthur,58,1507,G1,0,1479,0.64,0.47,0.5
3,2015-02-04,Brian Ross,Dave Roberts,51,1593,G1,0.5,1483,0.99,0.35,1
4,2015-02-11,Brian Ross,Hiram Rogers,52,1583,G1,0.5,1488,1.35,0.36,1.5
5,2015-02-17,Brian Ross,Matthew Hooper,93,1003,G1,0.5,1475,2.25,0.9,2
6,2015-02-25,Brian Ross,Leslie Blohm,20,2007,G1,0,1472,2.35,0.1,2
7,2015-03-04,Brian Ross,Warren Brown,74,1253,G1,1,1479,3.14,0.79,3
8,2015-03-15,Brian Ross,Andrew Smith,NA,1596,W1,0.5,1484,3.48,0.34,3.5
9,2015-03-25,Brian Ross,Mark Summers,67,1357,G1,1,1494,4.15,0.67,4.5
10,2015-04-08,Brian Ross,Brian Hill,79,1188,G1,1,1499,5,0.85,5.5
11,2015-04-12,Brian Ross,Mike Weston,NA,1541,D1,0.5,1502,5.42,0.42,6
12,2015-05-10,Brian Ross,Jeff Rowland,NA,1701,E1,0.5,1511,5.64,0.22,6.5
1,2015-03-07,Cameron Harris,Venetia Sivarajasingam,NA,1666,E1,0,847,0.1,0.1,0
2,2015-03-07,Cameron Harris,Bindu Doddi,NA,850,E1,1,863,0.6,0.5,1
3,2015-03-07,Cameron Harris,Anish Choudhuri,NA,856,E1,0,847,1.09,0.49,1
4,2015-03-21,Cameron Harris,Matthew Vaideanu,130,850,G1,1,863,1.59,0.5,2
5,2015-03-21,Cameron Harris,Charlie Davies,120,850,G1,1,879,2.09,0.5,3
6,2015-03-21,Cameron Harris,William Latheron,119,850,G1,1,895,2.59,0.5,4
7,2015-03-22,Cameron Harris,Hugo Russell,94,1000,G1,0,886,2.89,0.3,4
8,2015-03-22,Cameron Harris,Thomas Wardle,109,900,G1,1,904,3.32,0.43,5
9,2015-03-22,Cameron Harris,Asha Sparks,110,900,G1,1,922,3.75,0.43,6
10,2015-05-30,Cameron Harris,Raphael Balouka-Myers,NA,1290,ECF,0,919,3.85,0.1,6
11,2015-05-30,Cameron Harris,Kenneth Greenshields,NA,1266,ECF,0,916,3.95,0.1,6
1,2015-03-21,Carys Williams,William Latheron,119,850,G1,0,834,0.5,0.5,0
2,2015-03-21,Carys Williams,Lizzie Racz,123,850,G1,1,850,1,0.5,1
3,2015-03-21,Carys Williams,Thomas Wardle,109,900,G1,0,836,1.43,0.43,1
4,2015-03-22,Carys Williams,Rohan Mohindru,95,1000,G1,0,827,1.73,0.3,1
5,2015-03-22,Carys Williams,Barney Thomas-Hewartson,108,900,G1,0,813,2.16,0.43,1
6,2015-03-22,Carys Williams,John Onyemelukwe,128,850,G1,1,829,2.66,0.5,2
1,2015-01-19,Caspian Fowler,Soumiya Ragavan,NA,1570,ECF,0,1267,0.15,0.15,0
2,2015-01-24,Caspian Fowler,Benjamin Choo Yin,NA,1797,E1,0.5,1280,0.25,0.1,0.5
3,2015-01-24,Caspian Fowler,George Krikler,NA,1386,ECF,1,1301,0.59,0.34,1.5
4,2015-01-25,Caspian Fowler,Savin Dias,NA,1434,ECF,1,1324,0.87,0.28,2.5
5,2015-01-25,Caspian Fowler,Divyesh Bansal,NA,1458,ECF,1,1348,1.13,0.26,3.5
6,2015-03-07,Caspian Fowler,Brandon Shaw,NA,850,N1,1,1351,2.03,0.9,4.5
7,2015-03-07,Caspian Fowler,Chirag Guha,NA,1761,E2,0,1348,2.13,0.1,4.5
8,2015-03-07,Caspian Fowler,Daniel Jaberansari,NA,970,E1,0.5,1336,2.99,0.86,5
9,2015-03-08,Caspian Fowler,Neya Govindaraj,NA,1337,E1,0,1323,3.4,0.41,5
10,2015-03-08,Caspian Fowler,Matthew Beresford,NA,850,W1,1,1326,4.3,0.9,6
11,2015-03-14,Caspian Fowler,Peter Houching,NA,1354,ECF,1,1346,4.69,0.39,7
12,2015-06-13,Caspian Fowler,Oleg Gaidai,NA,1426,ECF,0,1337,4.98,0.29,7
1,2015-03-07,Charlie Davies,Nye Bradfield,NA,923,E1,0,837,0.4,0.4,0
2,2015-03-07,Charlie Davies,Callum Penny,NA,880,E1,1,854,0.86,0.46,1
3,2015-03-07,Charlie Davies,Srinatta Dantu,NA,863,E1,0,839,1.34,0.48,1
4,2015-03-21,Charlie Davies,Barney Thomas-Hewartson,108,900,G1,1,857,1.77,0.43,2
5,2015-03-21,Charlie Davies,Cameron Harris,114,850,G1,0,841,2.27,0.5,2
6,2015-03-22,Charlie Davies,Thomas Wardle,109,900,G1,0,828,2.7,0.43,2
1,2015-02-14,Chris Dixon,Aliko Van der Veen,NA,1722,,1,1845,0.66,0.66,1
2,2015-02-15,Chris Dixon,Nick W Faulks,NA,2002,,0.5,1850,0.94,0.28,1.5
3,2015-02-20,Chris Dixon,Sven Zeidler,1,2255,FM,0,1848,1.04,0.1,1.5
4,2015-02-21,Chris Dixon,Dewi Jones,NA,1653,,0.5,1842,1.78,0.74,2
5,2015-02-21,Chris Dixon,Brian Butcher,NA,1650,,1,1848,2.53,0.75,3
6,2015-02-22,Chris Dixon,Mike J O'Mahony,NA,1946,,0.5,1852,2.88,0.35,3.5
7,2015-02-22,Chris Dixon,Colin B Knight,NA,1794,,0.5,1850,3.44,0.56,4
8,2015-02-25,Chris Dixon,Steve Williams (Cwm),37,1800,,0.5,1849,3.99,0.55,4.5
9,2015-03-04,Chris Dixon,Dave Williams,41,1746,,0.5,1846,4.62,0.63,5
10,2015-03-21,Chris Dixon,Ilya Misyura,NA,1962,,1,1862,4.95,0.33,6
11,2015-03-22,Chris Dixon,David J Grobler,NA,1794,,1,1873,5.51,0.56,7
12,2015-04-01,Chris Dixon,Douglas Spencer,24,1985,,0.5,1878,5.81,0.3,7.5
1,2015-01-07,Chris Reading,Gerry Carolan,60,1460,G1,0.5,1655,0.76,0.76,0.5
2,2015-02-18,Chris Reading,Warren Brown,74,1253,G1,1,1657,1.66,0.9,1.5
3,2015-02-25,Chris Reading,Peter Wood-Fisher,76,1226,G1,1,1660,2.56,0.9,2.5
4,2015-03-17,Chris Reading,Lewis Perham,100,981,G1,1,1662,3.46,0.9,3.5
5,2015-04-08,Chris Reading,Warren Brown,74,1253,G1,1,1664,4.36,0.9,4.5
6,2015-05-20,Chris Reading,Phil Smith,61,1445,G1,0.5,1658,5.14,0.78,5
7,2015-06-10,Chris Reading,Patrick Sullivan,65,1372,G1,0.5,1649,5.99,0.85,5.5
1,2015-03-07,Christopher Tang,James Walker,NA,900,N1,0,836,0.43,0.43,0
2,2015-03-07,Christopher Tang,Joel Chung,NA,892,W1,0,822,0.87,0.44,0
3,2015-03-07,Christopher Tang,Taliesin Yearwood-Williams,NA,850,E1,1,838,1.37,0.5,1
4,2015-03-08,Christopher Tang,Hugo Russell,94,1000,G1,0,829,1.67,0.3,1
5,2015-03-08,Christopher Tang,Toby Davies,117,850,G1,1,845,2.17,0.5,2
6,2015-03-21,Christopher Tang,Lewis Jex,129,850,G1,1,861,2.67,0.5,3
7,2015-03-21,Christopher Tang,William Christmas,81,1100,G1,0,854,2.86,0.19,3
8,2015-03-22,Christopher Tang,Matthew Vaideanu,130,850,G1,0.5,854,3.36,0.5,3.5
9,2015-03-22,Christopher Tang,Erlina Evans-Small,96,1000,G1,0,845,3.66,0.3,3.5
10,2015-03-22,Christopher Tang,Barney Thomas-Hewartson,108,900,G1,0,831,4.09,0.43,3.5
1,2015-01-07,Clive Thomas,Brian Ross,59,1483,G1,0.5,1744,0.83,0.83,0.5
2,2015-01-14,Clive Thomas,Christopher Robertson,70,1311,G1,1,1746,1.73,0.9,1.5
3,2015-02-04,Clive Thomas,Brenda Miles,NA,1245,E1,1,1749,2.63,0.9,2.5
4,2015-03-17,Clive Thomas,Jordan Lane,99,989,G1,1,1751,3.53,0.9,3.5
5,2015-05-13,Clive Thomas,Brenda Miles,NA,1245,E1,1,1754,4.43,0.9,4.5
6,2015-05-20,Clive Thomas,Lyn Holland,57,1511,G1,1,1758,5.23,0.8,5.5
7,2015-06-03,Clive Thomas,Patrick Sullivan,65,1372,G1,1,1761,6.13,0.9,6.5
8,2015-06-10,Clive Thomas,Dave Connolly,55,1542,G1,0.5,1754,6.9,0.77,7
9,2015-06-17,Clive Thomas,Jonathan Dyment,54,1557,G1,0,1736,7.65,0.75,7
1,2015-01-25,Colin Gilbert,Frederic Belva,NA,1927,Fide,0,1796,0.33,0.33,0
2,2015-01-16,Colin Gilbert,Martin Duinmajer,NA,1809,Fide,1,1808,0.82,0.49,1
3,2015-01-17,Colin Gilbert,Cok Ippel,NA,1863,Fide,1,1822,1.24,0.42,2
4,2015-01-18,Colin Gilbert,Ingmar Visser,NA,1820,Dutch-Adj,0,1811,1.72,0.48,2
5,2015-01-19,Colin Gilbert,Tejo Hagen,NA,1783,Fide,0,1798,2.25,0.53,2
6,2015-01-20,Colin Gilbert,Gerard Kastelein,NA,1754,Fide,0,1784,2.82,0.57,2
7,2015-01-21,Colin Gilbert,Paul Roomer,NA,1863,Fide,0,1774,3.24,0.42,2
8,2015-01-23,Colin Gilbert,Rene Asmussen,NA,1758,Dutch-Adj,1,1785,3.8,0.56,3
9,2015-01-24,Colin Gilbert,Bela Hlavaj,NA,1796,Fide,0,1773,4.31,0.51,3
10,2015-01-25,Colin Gilbert,Geert Roelof van der Ploeg,NA,1852,Dutch-Adj,1,1786,4.74,0.43,4
11,2015-02-08,Colin Gilbert,Kemal Yildiz,NA,1782,Fide,0,1774,5.27,0.53,4
12,2015-02-14,Colin Gilbert,Robert FW Smith,NA,1402,ECF,1,1776,6.17,0.9,5
13,2015-02-15,Colin Gilbert,Graham E Borrowdale,NA,2098,ECF,0,1772,6.32,0.15,5
14,2015-02-17,Colin Gilbert,Terry Hill,48,1660,G1,0,1756,7.01,0.69,5
15,2015-03-29,Colin Gilbert,Patrick Wautelet,NA,1884,Fide,0,1746,7.4,0.39,5
16,2015-04-11,Colin Gilbert,Werner Tallafuss,NA,1800,Est,1,1758,7.91,0.51,6
17,2015-04-12,Colin Gilbert,Wolfgang Kripp,NA,2111,Fide,0,1755,8.05,0.14,6
18,2015-04-13,Colin Gilbert,Detlef Heidrich,NA,1800,Est,1,1767,8.56,0.51,7
19,2015-04-14,Colin Gilbert,Dieter Helbig,NA,1800,Fide,0,1754,9.07,0.51,7
20,2015-04-15,Colin Gilbert,Gerhard Wagner,NA,1763,Fide,0,1741,9.63,0.56,7
21,2015-04-16,Colin Gilbert,Hubert Stephan,NA,1677,Fide,0,1725,10.3,0.67,7
22,2015-04-17,Colin Gilbert,Max Rosskopf,NA,1722,Fide,0,1710,10.91,0.61,7
23,2015-04-18,Colin Gilbert,Juergen Schubert,NA,1426,Fide,1,1713,11.81,0.9,8
24,2015-04-19,Colin Gilbert,Reinhard Klein,NA,1955,Fide,0,1705,12.11,0.3,8
25,2015-05-02,Colin Gilbert,Dominic A Carter,NA,1674,ECF,0,1689,12.79,0.68,8
26,2015-05-03,Colin Gilbert,Malcolm A Roberts,NA,1786,ECF,1,1700,13.32,0.53,9
27,2015-05-04,Colin Gilbert,George Green,NA,1762,ECF,0.5,1699,13.88,0.56,9.5
1,2015-01-14,Colin Jeffries,Lyn Holland,57,1511,G1,0,1321,0.26,0.26,0
2,2015-02-25,Colin Jeffries,Brian Heath,46,1663,G1,0,1317,0.38,0.12,0
3,2015-03-11,Colin Jeffries,Dave Roberts,51,1593,G1,0,1311,0.56,0.18,0
1,2015-01-20,Craig Rendell,Jordan Lane,99,989,G1,1,1103,0.64,0.64,1
2,2015-03-04,Craig Rendell,Peter Wood-Fisher,76,1226,G1,0,1092,0.96,0.32,1
3,2015-04-01,Craig Rendell,Mark Summers,67,1357,G1,0,1087,1.13,0.17,1
4,2015-04-08,Craig Rendell,Dave Connolly,55,1542,G1,0,1084,1.23,0.1,1
1,2015-01-28,Daniel Behan,Patrick Sullivan,65,1372,G1,0,976,0.1,0.1,0
2,2015-02-25,Daniel Behan,Brenda Miles,NA,1245,E1,0,970,0.27,0.17,0
3,2015-03-04,Daniel Behan,Keith Spencer,71,1300,G1,0,966,0.4,0.13,0
1,2015-01-07,Dave Connolly,William Newrick,66,1366,G1,1,1551,0.73,0.73,1
2,2015-04-01,Dave Connolly,Adam Jenkins,64,1381,G1,0.5,1544,1.45,0.72,1.5
3,2015-04-08,Dave Connolly,Craig Rendell,83,1091,G1,1,1547,2.35,0.9,2.5
4,2015-06-03,Dave Connolly,Joshua Abramsky,75,1228,G1,1,1551,3.22,0.87,3.5
5,2015-06-10,Dave Connolly,Clive Thomas,40,1752,G1,0.5,1560,3.45,0.23,4
1,2015-01-28,Dave Roberts,Lyn Holland,57,1511,G1,1,1605,0.61,0.61,1
2,2015-02-02,Dave Roberts,Andrew Trickey,NA,1679,E1,0.5,1609,0.99,0.38,1.5
3,2015-02-04,Dave Roberts,Brian Ross,59,1483,G1,0.5,1605,1.64,0.65,2
4,2015-02-09,Dave Roberts,Sam Jukes,NA,1716,E1,0,1594,1.97,0.33,2
5,2015-02-24,Dave Roberts,Andrew Owen,34,1844,G1,0,1588,2.16,0.19,2
6,2015-03-11,Dave Roberts,Colin Jeffries,68,1329,G1,1,1594,2.98,0.82,3
7,2015-03-15,Dave Roberts,James Evans,NA,1682,W2,0,1581,3.36,0.38,3
8,2015-03-17,Dave Roberts,David Perrett,NA,1936,E1,0,1578,3.47,0.11,3
9,2015-03-24,Dave Roberts,Phil French,NA,1871,E1,1,1605,3.63,0.16,4
10,2015-04-28,Dave Roberts,Conor Hunt,NA,1700,E1,1,1626,3.98,0.35,5
1,2015-01-02,Dave Turner,Chirag Guha,NA,1731,E1,1,1938,0.76,0.76,1
2,2015-01-03,Dave Turner,Gerry Heap,NA,2167,D1,0,1933,0.96,0.2,1
3,2015-01-03,Dave Turner,Julie van Kemenade,NA,1786,D1,1,1940,1.66,0.7,2
4,2015-01-04,Dave Turner,David A Sands,NA,2290,ECF,0,1938,1.76,0.1,2
5,2015-01-04,Dave Turner,Baruah Bedanta,NA,1615,E1,1,1941,2.63,0.87,3
6,2015-01-14,Dave Turner,Robert Taylor,15,2045,G1,1,1957,2.97,0.34,4
7,2015-01-20,Dave Turner,John D Thornton,NA,2010,E1,0,1947,3.36,0.39,4
8,2015-01-28,Dave Turner,Frank May,7,2126,G1,0,1941,3.61,0.25,4
9,2015-01-31,Dave Turner,Gareth Davies,NA,1390,E1,1,1944,4.51,0.9,5
10,2015-01-31,Dave Turner,Alex Bullen,NA,2175,E1,1,1963,4.71,0.2,6
11,2015-02-01,Dave Turner,Tim Kett,NA,2312,E1,0,1961,4.81,0.1,6
12,2015-02-01,Dave Turner,Venetia Sivarajasingham,NA,1666,E1,1,1965,5.64,0.83,7
13,2015-02-21,Dave Turner,Neil A Bridge,NA,2250,ECF,1,1986,5.77,0.13,8
14,2015-02-21,Dave Turner,Michael T Harris,NA,2114,ECF,1,2003,6.03,0.26,9
15,2015-02-22,Dave Turner,Lewis Martin,NA,2194,ECF,0,1999,6.21,0.18,9
16,2015-02-22,Dave Turner,Stephen J Meek,NA,2202,ECF,0,1995,6.38,0.17,9
17,2015-03-04,Dave Turner,David Vaughan,23,1990,G1,0.5,1997,6.8,0.42,9.5
18,2015-03-11,Dave Turner,John Waterfield,12,2062,G1,0.5,2001,7.12,0.32,10
19,2015-03-15,Dave Turner,Guy Wagner,NA,1836,E1,0,1986,7.75,0.63,10
20,2015-03-25,Dave Turner,Paul Bridges,NA,1948,E1,0.5,1986,8.23,0.48,10.5
21,2015-03-27,Dave Turner,Svetlana Sucikova,NA,2242,ECF,0,1983,8.37,0.14,10.5
22,2015-03-28,Dave Turner,Peter Davies,NA,2048,E1,0,1975,8.71,0.34,10.5
23,2015-03-29,Dave Turner,Ivan J Myall,NA,2130,ECF,1,1993,8.95,0.24,11.5
24,2015-03-29,Dave Turner,Brian Macreamoinn,NA,1994,ECF,1,2007,9.36,0.41,12.5
25,2015-03-29,Dave Turner,David S Tucker,NA,2170,ECF,0.5,2015,9.56,0.2,13
26,2015-04-03,Dave Turner,Charles F Morris,NA,2167,N1,0,2008,0.3,0.3,0
27,2015-04-03,Dave Turner,Paul J Kelly,NA,1903,Fide,1,2016,0.95,0.65,1
28,2015-04-04,Dave Turner,Paul Hatchett,18,2022,G1,0,2004,1.44,0.49,1
29,2015-04-04,Dave Turner,John Shakespeare,NA,2052,N1,0.5,2006,1.89,0.45,1.5
30,2015-04-05,Dave Turner,David Guy,NA,1879,W1,1,2013,2.57,0.68,2.5
31,2015-04-06,Dave Turner,Nicholas Evans,NA,1995,W1,1,2025,3.1,0.53,3.5
32,2015-04-06,Dave Turner,Mike Lexton,NA,2098,ECF,0.5,2027,3.48,0.38,4
33,2015-04-12,Dave Turner,Peter Bevan,NA,2015,W2,0,2015,3.98,0.5,4
1,2015-01-14,Dave Williams,Ron Williams,44,1691,G1,1,1756,0.58,0.58,1
2,2015-01-20,Dave Williams,Bob Hurn,NA,1661,E1,0.5,1753,1.2,0.62,1.5
3,2015-01-21,Dave Williams,James Lavender,30,1904,G1,0,1746,1.49,0.29,1.5
4,2015-01-28,Dave Williams,Richard Miles,25,1969,G1,1,1765,1.71,0.22,2.5
5,2015-01-31,Dave Williams,Tim Kett,NA,2312,E1,0,1763,1.81,0.1,2.5
6,2015-01-31,Dave Williams,Venetia Sivarajasingham,NA,1666,E1,0,1748,2.42,0.61,2.5
7,2015-02-01,Dave Williams,Gareth Davies,NA,1390,E1,1,1750,3.32,0.9,3.5
8,2015-02-01,Dave Williams,Bedanta Baruah,NA,1615,E1,0,1734,4,0.68,3.5
9,2015-02-21,Dave Williams,Alastair JD Marston,NA,1650,ECF,0,1719,4.63,0.63,3.5
10,2015-02-21,Dave Williams,Alan R Papier,NA,1834,ECF,1,1734,5.01,0.38,4.5
11,2015-02-22,Dave Williams,Duncan M Macarthur,NA,1666,ECF,0.5,1731,5.62,0.61,5
12,2015-02-22,Dave Williams,Jack Walpole,NA,1666,ECF,0.5,1728,6.23,0.61,5.5
13,2015-03-04,Dave Williams,Chris Dixon,35,1837,G1,0.5,1732,6.6,0.37,6
14,2015-03-11,Dave Williams,Matthew Parry,NA,1962,E1,0,1726,6.82,0.22,6
15,2015-03-15,Dave Williams,David Buttell,NA,1884,W2,0,1719,7.13,0.31,6
16,2015-03-25,Dave Williams,Steve Christmas,NA,1930,E1,0,1713,7.39,0.26,6
17,2015-04-18,Dave Williams,Richard J Porter,NA,1650,ECF,0,1698,8.02,0.63,6
18,2015-04-18,Dave Williams,Chris Snook-Lumb,NA,1682,ECF,0.5,1695,8.61,0.59,6.5
19,2015-04-19,Dave Williams,Amol Telang,NA,1714,ECF,0,1682,9.16,0.55,6.5
20,2015-04-19,Dave Williams,Kathirvel Balakrishnan,NA,1714,ECF,0.5,1681,9.71,0.55,7
21,2015-05-23,Dave Williams,Duncan M Macarthur,NA,1666,ECF,0.5,1678,10.32,0.61,7.5
22,2015-05-23,Dave Williams,Thivyaa Rahulan,NA,1682,ECF,1,1688,10.91,0.59,8.5
23,2015-05-24,Dave Williams,Tim Chinnick,NA,1618,ECF,0.5,1684,11.58,0.67,9
24,2015-05-24,Dave Williams,Timothy M Jones,NA,1722,ECF,0.5,1683,12.11,0.53,9.5
25,2015-05-25,Dave Williams,Peter D Dimond,NA,1634,ECF,1,1692,12.76,0.65,10.5
26,2015-05-25,Dave Williams,Max French,NA,1882,ECF,0,1684,13.08,0.32,10.5
1,2015-01-24,David McIntosh,Preethi Saravanan,NA,1282,ECF,0,1048,0.21,0.21,0
2,2015-01-24,David McIntosh,Amrit Bolina,NA,1128,N1,1,1067,0.61,0.4,1
3,2015-01-24,David McIntosh,Madeleine Smith,82,1097,G1,1,1085,1.05,0.44,2
4,2015-01-25,David McIntosh,Kishore Murugesh,NA,1546,ECF,0,1082,1.15,0.1,2
5,2015-01-25,David McIntosh,Rory McLean,NA,1250,ECF,1,1106,1.4,0.25,3
6,2015-03-21,David McIntosh,Ifan Rathbone-Jones,NA,1464,N1,0,1103,1.5,0.1,3
7,2015-03-21,David McIntosh,Jack Warner,105,900,G1,1,1112,2.21,0.71,4
8,2015-03-21,David McIntosh,Nathan Bridel,103,970,G1,0,1092,2.83,0.62,4
9,2015-03-22,David McIntosh,Nayana Kalavala,NA,1045,E1,0.5,1092,3.34,0.51,4.5
10,2015-03-22,David McIntosh,Evan Speirs,NA,1122,W1,1,1111,3.75,0.41,5.5
11,2015-03-22,David McIntosh,Dylan Meek,80,1100,G1,1,1129,4.19,0.44,6.5
12,2015-05-30,David McIntosh,Anaya Popat,NA,1466,ECF,0,1126,4.29,0.1,6.5
13,2015-05-30,David McIntosh,Luca Van der Lubbe,NA,1394,ECF,0,1122,4.41,0.12,6.5
1,2015-01-07,David Vaughan,Frank May,7,2126,G1,0.5,1994,0.32,0.32,0.5
2,2015-01-13,David Vaughan,A Clive Walley,NA,1930,ECF,0.5,1992,0.9,0.58,1
3,2015-01-22,David Vaughan,Gary R Andriessen,NA,1898,ECF,0.5,1989,1.53,0.63,1.5
4,2015-02-03,David Vaughan,Alistair KJ MacNaughton,NA,1826,ECF,0.5,1984,2.25,0.72,2
5,2015-02-25,David Vaughan,John D Thornton,NA,2010,E1,0.5,1985,2.72,0.47,2.5
6,2015-03-03,David Vaughan,Graham K Brown,NA,1906,ECF,0.5,1982,3.34,0.62,3
7,2015-03-04,David Vaughan,Dave Turner,27,1932,G1,0.5,1980,3.92,0.58,3.5
8,2015-03-19,David Vaughan,Paul A Gillett,NA,1738,ECF,1,1984,4.73,0.81,4.5
9,2015-03-21,David Vaughan,Maria Manelida,NA,2074,ECF,1,1999,5.11,0.38,5.5
10,2015-03-22,David Vaughan,Peter Braham,NA,1810,ECF,0.5,1994,5.85,0.74,6
11,2015-03-25,David Vaughan,Nick Davies,38,1767,G1,0.5,1987,6.63,0.78,6.5
12,2015-04-14,David Vaughan,Andrew Penn,NA,1914,ECF,0.5,1984,7.24,0.61,7
13,2015-04-30,David Vaughan,Matthew Claypole,NA,1866,ECF,1,1992,7.91,0.67,8
1,2015-01-14,Dennis O. Jones,Brenda Miles,NA,1245,E1,1,1718,0.9,0.9,1
2,2015-01-21,Dennis O. Jones,Gordon Cadden,33,1866,G1,0.5,1723,1.2,0.3,1.5
3,2015-01-28,Dennis O. Jones,Ron Williams,44,1691,G1,0.5,1722,1.74,0.54,2
4,2015-02-04,Dennis O. Jones,Ernest Gibiec,6,2141,G1,0,1720,1.84,0.1,2
5,2015-02-11,Dennis O. Jones,John Arthur,58,1507,G1,0,1701,2.61,0.77,2
6,2015-02-25,Dennis O. Jones,Steve Horrell,45,1677,G1,0,1688,3.16,0.55,2
7,2015-03-04,Dennis O. Jones,Gordon Cadden,33,1866,G1,0,1681,3.46,0.3,2
8,2015-03-11,Dennis O. Jones,Leslie Blohm,20,2007,G1,0,1677,3.61,0.15,2
9,2015-03-25,Dennis O. Jones,Bob Hurn,NA,1675,E2,0.5,1676,4.17,0.56,2.5
10,2015-04-01,Dennis O. Jones,Matthew Parry,NA,1962,E1,0.5,1683,4.36,0.19,3
11,2015-04-08,Dennis O. Jones,Zane Allford,42,1725,G1,0,1672,4.85,0.49,3
1,2015-01-20,Douglas Spencer,Tim Kett,NA,2312,E1,0,1982,0.12,0.12,0
2,2015-01-21,Douglas Spencer,Mark Adams,19,2011,G1,0.5,1983,0.58,0.46,0.5
3,2015-02-12,Douglas Spencer,Jonathan James,NA,2022,E1,0.5,1984,1.03,0.45,1
4,2015-02-17,Douglas Spencer,Jonathan Gilbert,10,2079,G1,0.5,1987,1.4,0.37,1.5
5,2015-03-09,Douglas Spencer,James Thomas,NA,2016,E1,0.5,1988,1.86,0.46,2
6,2015-03-11,Douglas Spencer,Nick Davies,38,1767,G1,0.5,1982,2.64,0.78,2.5
7,2015-03-25,Douglas Spencer,Ron Williams,44,1691,G1,0.5,1973,3.49,0.85,3
8,2015-04-01,Douglas Spencer,Chris Dixon,35,1837,G1,0.5,1968,4.19,0.7,3.5
9,2015-04-12,Douglas Spencer,Adam May,NA,1948,W1,1,1979,4.74,0.55,4.5
10,2015-04-13,Douglas Spencer,Alex Bullen,NA,2163,E2,1,1997,5,0.26,5.5
1,2015-03-07,Dylan Meek,Susanna Fraser,NA,1358,E1,0,1094,0.18,0.18,0
2,2015-03-07,Dylan Meek,Shivansh Agarwal,NA,850,E1,1,1100,0.99,0.81,1
3,2015-03-07,Dylan Meek,Akshara Nagaruru,NA,850,E1,1,1106,1.8,0.81,2
4,2015-03-08,Dylan Meek,Woody Shaw,84,1063,G1,1,1121,2.35,0.55,3
5,2015-03-08,Dylan Meek,Samuel Cook,106,900,G1,0.5,1112,3.11,0.76,3.5
6,2015-03-08,Dylan Meek,Ben Sloper,87,1050,G1,0.5,1110,3.68,0.57,4
7,2015-03-21,Dylan Meek,Cian Grattidge,NA,945,E1,1,1120,4.39,0.71,5
8,2015-03-21,Dylan Meek,Anton Petkov,NA,1460,N1,0,1116,4.49,0.1,5
9,2015-03-21,Dylan Meek,Nayana Kalavala,NA,1045,E1,1,1130,5.07,0.58,6
10,2015-03-21,Dylan Meek,Merlin Davies,NA,850,E1,0,1104,5.88,0.81,6
11,2015-03-22,Dylan Meek,Neil Stevenson,89,1014,G1,1,1116,6.5,0.62,7
12,2015-03-22,Dylan Meek,David McIntosh,85,1055,G1,0,1098,7.06,0.56,7
13,2015-05-30,Dylan Meek,Alec Hedger,NA,1554,ECF,1,1127,7.16,0.1,8
14,2015-05-30,Dylan Meek,Edward Gray,NA,1490,ECF,1,1156,7.26,0.1,9
1,2015-03-21,Emily-Rose Finch,Petko Petkov,NA,1540,N1,0,847,0.1,0.1,0
2,2015-03-21,Emily-Rose Finch,George Macmaster,88,1024,G1,0,838,0.37,0.27,0
3,2015-03-21,Emily-Rose Finch,Eoin Shackleton,113,850,G1,0,822,0.87,0.5,0
1,2015-03-07,Eoin Shackleton,Duncan MacDonald,NA,1232,E1,0,847,0.1,0.1,0
2,2015-03-07,Eoin Shackleton,William Latheron,119,850,G1,1,863,0.6,0.5,1
3,2015-03-07,Eoin Shackleton,Rishi Paul,NA,876,E1,0,848,1.06,0.46,1
4,2015-03-08,Eoin Shackleton,Ben Sloper,87,1050,G1,0,840,1.3,0.24,1
5,2015-03-08,Eoin Shackleton,Naman Desai,NA,850,E1,1,856,1.8,0.5,2
6,2015-03-21,Eoin Shackleton,Hugo Fowler,53,1571,G1,0,853,1.9,0.1,2
7,2015-03-21,Eoin Shackleton,George Smith,78,1188,G1,0,849,2.02,0.12,2
8,2015-03-21,Eoin Shackleton,Emily-Rose Finch,122,850,G1,1,865,2.52,0.5,3
9,2015-03-22,Eoin Shackleton,Petko Petkov,NA,1540,N1,0,862,2.62,0.1,3
10,2015-03-22,Eoin Shackleton,Daniel Jaberansari,NA,1144,E2,0,857,2.77,0.15,3
1,2015-03-21,Erlina Ainsworth,Mabon Melbourne,NA,850,E1,0,834,0.5,0.5,0
2,2015-03-21,Erlina Ainsworth,Rohan Mohindru,95,1000,G1,0,824,0.8,0.3,0
3,2015-03-21,Erlina Ainsworth,Mano Kangaraj,131,850,G1,1,840,1.3,0.5,1
4,2015-03-22,Erlina Ainsworth,Lewis Jex,129,850,G1,1,856,1.8,0.5,2
5,2015-03-22,Erlina Ainsworth,Matthew Vaideanu,130,850,G1,0,840,2.3,0.5,2
6,2015-03-22,Erlina Ainsworth,Tomas Breeze,124,850,G1,0.5,840,2.8,0.5,2.5
1,2015-03-21,Erlina Evans-Small,Jack Snow,125,850,G1,1,1010,0.7,0.7,1
2,2015-03-21,Erlina Evans-Small,Oliver McInley,126,850,G1,1,1019,1.4,0.7,2
3,2015-03-22,Erlina Evans-Small,William Christmas,81,1100,G1,0,1008,1.76,0.36,2
4,2015-03-22,Erlina Evans-Small,Christopher Tang,118,850,G1,1,1017,2.46,0.7,3
5,2015-03-22,Erlina Evans-Small,Hugo Russell,94,1000,G1,0,1001,2.96,0.5,3
1,2015-01-07,Ernest Gibiec,John Arthur,58,1507,G1,1,2143,0.9,0.9,1
2,2015-01-14,Ernest Gibiec,Gareth Yeo,NA,2033,W1,1,2148,1.55,0.65,2
3,2015-02-04,Ernest Gibiec,Dennis O. Jones,43,1716,G1,1,2150,2.45,0.9,3
4,2015-02-18,Ernest Gibiec,Dave R Lewis,NA,1937,E1,1,2154,3.21,0.76,4
5,2015-02-23,Ernest Gibiec,Chris Fox,NA,1901,E1,1,2157,4.01,0.8,5
6,2015-02-25,Ernest Gibiec,Terry Hill,48,1660,G1,1,2158,4.91,0.9,6
7,2015-03-09,Ernest Gibiec,Javier Martin Perez,NA,2024,E1,1,2164,5.57,0.66,7
8,2015-03-11,Ernest Gibiec,Nigel Saunders,26,1936,G1,1,2168,6.34,0.77,8
9,2015-03-17,Ernest Gibiec,Bob Hurn,NA,1675,E2,1,2169,7.24,0.9,9
10,2015-03-24,Ernest Gibiec,Chris Howells,NA,1907,E1,0.5,2164,8.04,0.8,9.5
11,2015-04-04,Ernest Gibiec,Simon Blackmore,NA,1760,E1,1,2166,8.94,0.9,10.5
12,2015-04-04,Ernest Gibiec,S Wyn Howells,NA,1613,E1,1,2168,9.84,0.9,11.5
13,2015-04-05,Ernest Gibiec,David Buttell,NA,1884,W2,1,2170,10.66,0.82,12.5
14,2015-04-06,Ernest Gibiec,Steve Christmas,NA,1930,E1,0.5,2166,11.43,0.77,13
15,2015-04-06,Ernest Gibiec,Celso Bettencourt Pinto,NA,2052,E1,1,2172,12.05,0.62,14
16,2015-04-07,Ernest Gibiec,Tim Kett,NA,2313,E2,1,2184,12.32,0.27,15
17,2015-04-08,Ernest Gibiec,Richard Livermore,50,1750,G2,1,2185,13.22,0.9,16
18,2015-04-13,Ernest Gibiec,Ben Thomas,NA,1875,E1,0.5,2180,14.05,0.83,16.5
19,2015-04-28,Ernest Gibiec,Celso Bettencourt Pinto,NA,2052,E1,1,2186,14.67,0.62,17.5
20,2015-05-13,Ernest Gibiec,Nigel Saunders,26,1936,G1,1,2190,15.44,0.77,18.5
21,2015-05-20,Ernest Gibiec,Tim Kett,NA,2313,E2,0.5,2194,15.71,0.27,19
1,2015-03-07,Finlay Robertson,Anish Choudhuri,NA,856,E1,0,834,0.49,0.49,0
2,2015-03-07,Finlay Robertson,Toby Davies,117,850,G1,0,818,0.99,0.5,0
3,2015-03-07,Finlay Robertson,Callum Penny,NA,880,E1,1,836,1.45,0.46,1
4,2015-03-08,Finlay Robertson,Harrison Postans,115,850,G1,1,852,1.95,0.5,2
5,2015-03-08,Finlay Robertson,James Walker,NA,900,N1,0,838,2.38,0.43,2
6,2015-05-30,Finlay Robertson,Timothy Hedger,NA,1200,Est,0,834,2.49,0.11,2
1,2014-12-29,Francis Rayner,James P Jackson,NA,2442,FM,0,2188,0.19,0.19,0
2,2014-12-30,Francis Rayner,Adrian O Pickersgill,NA,2066,,0.5,2185,0.86,0.67,0.5
3,2014-12-31,Francis Rayner,Colin Denham,NA,1622,,1,2187,1.76,0.9,1.5
4,2015-01-01,Francis Rayner,Callum D Brewer,NA,1978,,1,2191,2.53,0.77,2.5
5,2015-01-02,Francis Rayner,Glenn C Flear,NA,2460,GM,0,2188,2.7,0.17,2.5
6,2015-01-03,Francis Rayner,Marcus ter Steeg,NA,2098,,0.5,2186,3.33,0.63,3
7,2015-01-04,Francis Rayner,Mustapha Othman,NA,2082,,1,2191,3.98,0.65,4
8,2015-01-05,Francis Rayner,Robert Bellin,NA,2338,IM,0,2187,4.28,0.3,4
9,2015-01-06,Francis Rayner,Vasanta Wettasinha,NA,2050,,1,2191,4.97,0.69,5
1,2015-01-07,Frank May,David Vaughan,23,1990,,0.5,2123,0.68,0.68,0.5
2,2015-01-18,Frank May,Rudy van Kemenade,NA,2045,,1,2129,1.29,0.61,1.5
3,2015-01-21,Frank May,John Waterfield,12,2062,,1,2136,1.88,0.59,2.5
4,2015-01-28,Frank May,Dave Turner,27,1932,,1,2140,2.63,0.75,3.5
5,2015-02-20,Frank May,Martin C Jones,NA,1731,,0.5,2134,3.53,0.9,4
6,2015-02-21,Frank May,Michael Whale,NA,1862,,1,2136,4.35,0.82,5
7,2015-02-21,Frank May,Paul Bridges,NA,1948,,1,2141,5.09,0.74,6
8,2015-02-22,Frank May,Howard Williams,NA,2337,FM,0,2137,5.32,0.23,6
9,2015-02-22,Frank May,Roger Greatorex,NA,1882,,0.5,2132,6.13,0.81,6.5
10,2015-02-25,Frank May,Robert Taylor,15,2045,,1,2138,6.74,0.61,7.5
11,2015-03-11,Frank May,Jonathan Gilbert,10,2079,,0.5,2137,7.31,0.57,8
12,2015-03-15,Frank May,Steve Christmas,NA,1930,,0.5,2133,8.07,0.76,8.5
13,2015-03-24,Frank May,Dave R Lewis,NA,1937,,1,2137,8.82,0.75,9.5
14,2015-04-12,Frank May,Alan Young,NA,2159,,0,2130,9.27,0.45,9.5
15,2015-05-10,Frank May,Nigel Ralphs,NA,2000,,0.5,2127,9.94,0.67,10
1,2015-01-10,Gary Thomas,Hywel Griffiths,NA,1829,W1,1,1928,0.62,0.62,1
2,2015-01-11,Gary Thomas,Neil Graham,NA,1802,ECF,0,1912,1.28,0.66,1
3,2015-03-21,Gary Thomas,Aditya Munshi,NA,1954,ECF,0,1901,1.73,0.45,1
4,2015-03-22,Gary Thomas,Veronica Garcia Castro,NA,1858,ECF,1,1911,2.32,0.59,2
5,2015-05-02,Gary Thomas,Steve Lovell,NA,1802,ECF,0.5,1907,2.98,0.66,2.5
6,2015-05-03,Gary Thomas,Raymond Pearson,NA,2002,ECF,0,1898,3.36,0.38,2.5
7,2015-05-04,Gary Thomas,Surjit S Dhemrait,NA,1658,ECF,1,1903,4.18,0.82,3.5
1,2015-03-21,George Macmaster,Shayanna Sivarajasingam,NA,1711,E2,0,1021,0.1,0.1,0
2,2015-03-21,George Macmaster,Emily-Rose Finch,122,850,G1,1,1029,0.83,0.73,1
3,2015-03-21,George Macmaster,Anlan Qiu,NA,1326,E1,0,1025,0.97,0.14,1
4,2015-03-22,George Macmaster,Hugo Fowler,53,1570,G2,0,1022,1.07,0.1,1
5,2015-03-22,George Macmaster,Benjamin Choo Yin,NA,1797,E1,0,1019,1.17,0.1,1
1,2015-01-24,George Smith,George Krikler,NA,1386,ECF,0,1180,0.24,0.24,0
2,2015-01-24,George Smith,Venetia C Hobkirk-Capps,NA,1146,ECF,0,1162,0.8,0.56,0
3,2015-01-24,George Smith,Ritika Maladkar,NA,1306,ECF,1,1184,1.14,0.34,1
4,2015-01-25,George Smith,Divyesh Bansal,NA,1458,ECF,0,1178,1.31,0.17,1
5,2015-01-25,George Smith,Georgia Headlong,NA,1266,ECF,1,1198,1.7,0.39,2
6,2015-02-23,George Smith,Aron Calist,NA,1414,E1,0,1191,1.91,0.21,2
7,2015-03-21,George Smith,Benjamin Choo Yin,NA,1797,E1,0,1188,2.01,0.1,2
8,2015-03-21,George Smith,Eoin Shackleton,113,850,G1,1,1192,2.89,0.88,3
9,2015-03-21,George Smith,Petko Petkov,NA,1540,N1,1,1220,3,0.11,4
10,2015-03-22,George Smith,Hugo Fowler,53,1570,G2,0,1217,3.1,0.1,4
11,2015-03-22,George Smith,Neya Govindaraj,NA,1337,E1,1,1239,3.4,0.3,5
12,2015-03-22,George Smith,Aishwarya Lutchman Singh,NA,1394,E1,0,1232,3.63,0.23,5
13,2015-04-14,George Smith,Anlan Qiu,NA,1326,E1,0.5,1238,3.94,0.31,5.5
14,2015-05-30,George Smith,Hugo Westwood-Dunkley,NA,1482,ECF,0,1233,4.09,0.15,5.5
15,2015-05-30,George Smith,Emmanuelle Gelain-Sohn,NA,1570,ECF,0,1230,4.19,0.1,5.5
16,2015-05-31,George Smith,Sam Bundy,NA,1338,ECF,1,1252,4.49,0.3,6.5
17,2015-05-31,George Smith,Rohan Palat,NA,1200,Est,0,1237,4.97,0.48,6.5
1,2015-01-07,Gerry Carolan,Chris Reading,47,1661,G1,0.5,1468,0.24,0.24,0.5
2,2015-01-14,Gerry Carolan,William Newrick,66,1366,G1,1,1480,0.87,0.63,1.5
3,2015-02-04,Gerry Carolan,Richard Livermore,50,1649,G1,0,1472,1.12,0.25,1.5
4,2015-02-25,Gerry Carolan,Hiram Rogers,52,1583,G1,0,1462,1.45,0.33,1.5
5,2015-03-04,Gerry Carolan,Bob Hurn,NA,1675,E2,0,1455,1.67,0.22,1.5
6,2015-04-08,Gerry Carolan,Hiram Rogers,52,1583,G1,0.5,1460,2,0.33,2
7,2015-04-29,Gerry Carolan,Phil Smith,61,1445,G1,1,1475,2.52,0.52,3
8,2015-05-10,Gerry Carolan,Conor Hunt,NA,1700,E1,0,1469,2.72,0.2,3
1,2015-01-21,Gordon Cadden,Dennis O. Jones,43,1716,G1,0.5,1861,0.7,0.7,0.5
2,2015-01-28,Gordon Cadden,David Perrett,NA,1936,E1,0,1852,1.1,0.4,0.5
3,2015-02-18,Gordon Cadden,Steve Horrell,45,1677,G1,0.5,1846,1.85,0.75,1
4,2015-03-04,Gordon Cadden,Dennis O. Jones,43,1716,G1,1,1853,2.55,0.7,2
5,2015-03-25,Gordon Cadden,Terry Hill,48,1660,G1,0,1834,3.32,0.77,2
6,2015-04-01,Gordon Cadden,Richard Livermore,50,1750,G2,1,1842,3.98,0.66,3
7,2015-05-20,Gordon Cadden,Nigel Saunders,26,1936,G1,0,1833,4.38,0.4,3
8,2015-06-03,Gordon Cadden,Christopher Robertson,70,1311,G1,1,1835,5.28,0.9,4
9,2015-06-10,Gordon Cadden,Roger Lockyer,92,1003,G1,1,1838,6.18,0.9,5
1,2015-03-07,Harrison Postans,Hugo Russell,94,1000,G1,0,840,0.3,0.3,0
2,2015-03-07,Harrison Postans,Jack Camp,NA,850,N1,0,824,0.8,0.5,0
3,2015-03-07,Harrison Postans,Bindu Doddi,NA,850,E1,1,840,1.3,0.5,1
4,2015-03-08,Harrison Postans,Finlay Robertson,116,850,G1,0,824,1.8,0.5,1
5,2015-03-08,Harrison Postans,Toby Davies,117,850,G1,1,840,2.3,0.5,2
6,2015-03-08,Harrison Postans,Srinatta Dantu,NA,863,E1,1,857,2.78,0.48,3
1,2015-06-03,Harry Bennet,Mark Summers,67,1357,G1,0,997,0.1,0.1,0
2,2015-06-10,Harry Bennet,Billy Ormrod,97,1000,G1,0,981,0.6,0.5,0
3,2015-06-10,Harry Bennet,Owen Besant,133,850,G1,1,990,1.3,0.7,1
1,2015-01-14,Hiram Rogers,Brian Hill,79,1188,G1,1,1586,0.9,0.9,1
2,2015-01-21,Hiram Rogers,Jonathan Dyment,54,1557,G1,0,1569,1.44,0.54,1
3,2015-01-28,Hiram Rogers,Richard Livermore,50,1649,G1,0,1556,1.85,0.41,1
4,2015-02-11,Hiram Rogers,Brian Ross,59,1483,G1,0.5,1551,2.49,0.64,1.5
5,2015-02-25,Hiram Rogers,Gerry Carolan,60,1460,G1,1,1562,3.16,0.67,2.5
6,2015-03-04,Hiram Rogers,Jonathan Dyment,54,1557,G1,1,1577,3.7,0.54,3.5
7,2015-03-11,Hiram Rogers,Gareth Yeo,NA,2033,W1,0,1573,3.8,0.1,3.5
8,2015-03-25,Hiram Rogers,Brian Heath,46,1663,G1,0,1561,4.19,0.39,3.5
9,2015-04-01,Hiram Rogers,Andrew Owen,34,1844,G1,0.5,1571,4.37,0.18,4
10,2015-04-08,Hiram Rogers,Gerry Carolan,60,1460,G1,0.5,1566,5.04,0.67,4.5
1,2015-01-05,Hugo Fowler,George WT Wright,NA,1426,ECF,1,1581,0.7,0.7,1
2,2015-01-12,Hugo Fowler,Sandy A Smyth,NA,1378,ECF,1,1589,1.45,0.75,2
3,2015-01-19,Hugo Fowler,Benjamin Van As,NA,1400,Est,1,1597,2.18,0.73,3
4,2015-01-24,Hugo Fowler,Petko Petkov,NA,1540,N1,1,1612,2.72,0.54,4
5,2015-01-24,Hugo Fowler,George Harman,NA,1618,ECF,0,1598,3.15,0.43,4
6,2015-01-24,Hugo Fowler,Petko Petkov,NA,1540,N1,1,1613,3.69,0.54,5
7,2015-01-25,Hugo Fowler,Hambel M Willow,NA,1626,ECF,1,1631,4.11,0.42,6
8,2015-01-25,Hugo Fowler,Ezra Brass,NA,1442,ECF,0.5,1626,4.79,0.68,6.5
9,2015-01-26,Hugo Fowler,Keith Selby,NA,1458,ECF,0.5,1621,5.45,0.66,7
10,2015-02-02,Hugo Fowler,Soumiya Ragavan,NA,1570,ECF,0,1605,5.95,0.5,7
11,2015-02-16,Hugo Fowler,James Maguire,NA,1450,ECF,0,1583,6.62,0.67,7
12,2015-02-23,Hugo Fowler,A Qaiyum Khan,NA,1586,ECF,0.5,1584,7.1,0.48,7.5
13,2015-03-02,Hugo Fowler,A Qaiyum Khan,NA,1586,ECF,0,1568,7.58,0.48,7.5
14,2015-03-07,Hugo Fowler,Shayanna Sivarajasingham,NA,1723,E1,0.5,1575,7.88,0.3,8
15,2015-03-07,Hugo Fowler,James Evans,NA,1667,w1,0,1563,8.25,0.37,8
16,2015-03-07,Hugo Fowler,Aron Calist,NA,1414,E1,1,1572,8.96,0.71,9
17,2015-03-08,Hugo Fowler,Joel Lee,NA,1101,N1,1,1575,9.86,0.9,10
18,2015-03-08,Hugo Fowler,Benjamin Choo Yin,NA,1797,E1,0,1569,10.07,0.21,10
19,2015-03-08,Hugo Fowler,Karanvir Lutchman Singh,NA,1714,E1,0,1559,10.38,0.31,10
20,2015-03-09,Hugo Fowler,Aurideep Nayak,NA,1482,ECF,1,1571,11,0.62,11
21,2015-03-14,Hugo Fowler,Henri Aubin-Parvu,NA,1338,ECF,0.5,1561,11.8,0.8,11.5
22,2015-03-16,Hugo Fowler,Brian W Williamson,NA,1402,ECF,1,1570,12.52,0.72,12.5
23,2015-03-21,Hugo Fowler,Eoin Shackleton,113,850,G1,1,1574,13.42,0.9,13.5
24,2015-03-21,Hugo Fowler,Neya Govindaraj,NA,1337,E1,1,1580,14.22,0.8,14.5
25,2015-03-21,Hugo Fowler,Shayanna Sivarajasingam,NA,1711,E2,0,1570,14.53,0.31,14.5
26,2015-03-22,Hugo Fowler,George Smith,78,1188,G1,1,1573,0.9,0.9,1
27,2015-03-22,Hugo Fowler,George Macmaster,88,1024,G1,1,1576,1.8,0.9,2
28,2015-03-22,Hugo Fowler,Arjan Bolina,NA,1693,N1,0.5,1582,2.13,0.33,2.5
29,2015-03-23,Hugo Fowler,David Gray,NA,1170,ECF,1,1585,3.03,0.9,3.5
30,2015-04-13,Hugo Fowler,Anantha PP (snr) Anilkuma,NA,1426,ECF,1,1595,3.72,0.69,4.5
31,2015-04-20,Hugo Fowler,John Bibby,NA,994,ECF,1,1598,4.62,0.9,5.5
32,2015-06-08,Hugo Fowler,Kyle Rundstrom,NA,1650,ECF,1,1618,5.01,0.39,6.5
33,2015-06-13,Hugo Fowler,Viktor Jamroz,NA,1426,ECF,0,1596,5.7,0.69,6.5
34,2015-06-15,Hugo Fowler,Haolin Zhao,NA,1566,ECF,0.5,1595,6.21,0.51,7
35,2015-06-22,Hugo Fowler,Barry Miles,NA,1602,ECF,0.5,1597,6.66,0.45,7.5
36,2015-06-29,Hugo Fowler,Aaron Fernandes,NA,1650,Est,1,1616,7.05,0.39,8.5
1,2015-03-07,Hugo Russell,Harrison Postans,115,850,G1,1,1010,0.7,0.7,1
2,2015-03-07,Hugo Russell,Robert Goodwin,NA,1096,N1,1,1030,1.07,0.37,2
3,2015-03-07,Hugo Russell,Rishi Choudhuri,NA,1077,W1,0,1017,1.46,0.39,2
4,2015-03-08,Hugo Russell,Anna Boyle,102,978,G1,0,1000,1.99,0.53,2
5,2015-03-08,Hugo Russell,Christopher Tang,118,850,G1,1,1010,2.69,0.7,3
6,2015-03-08,Hugo Russell,Hiya Ray,NA,1339,E2,0,1006,2.81,0.12,3
7,2015-03-21,Hugo Russell,Tomas Breeze,124,850,G1,1,1016,3.51,0.7,4
8,2015-03-21,Hugo Russell,Asha Sparks,110,900,G1,1,1027,4.15,0.64,5
9,2015-03-21,Hugo Russell,Ben Barnes,NA,1000,N1,1,1043,4.65,0.5,6
10,2015-03-22,Hugo Russell,Cameron Harris,114,850,G1,1,1053,5.35,0.7,7
11,2015-03-22,Hugo Russell,William Christmas,81,1100,G1,1,1073,5.71,0.36,8
12,2015-03-22,Hugo Russell,Erlina Evans-Small,96,1000,G1,1,1089,6.21,0.5,9
1,2015-01-07,Ian White,Richard Miles,25,1969,G1,1,1910,0.4,0.4,1
2,2015-02-25,Ian White,Jonathan Gilbert,10,2079,G1,0,1904,0.66,0.26,1
3,2015-03-25,Ian White,Mark Emblem,62,1424,G1,1,1907,1.56,0.9,2
4,2015-04-01,Ian White,John Waterfield,12,1974,G2,0,1897,1.95,0.39,2
1,2015-03-21,Jack Barry,Aishwarya Lutchman Singh,NA,1394,E1,0,897,0.1,0.1,0
2,2015-03-21,Jack Barry,Daniel Jaberansari,NA,1144,E2,0,891,0.29,0.19,0
3,2015-03-22,Jack Barry,Aviral Batra,NA,936,E1,1,908,0.74,0.45,1
4,2015-03-22,Jack Barry,Anlan Qiu,NA,1326,E1,0,905,0.84,0.1,1
5,2015-03-22,Jack Barry,Neya Govindaraj,NA,1337,E1,0,902,0.94,0.1,1
1,2015-03-21,Jack Snow,Oliver McInley,126,850,G1,0.5,850,0.5,0.5,0.5
2,2015-03-21,Jack Snow,Erlina Evans-Small,96,1000,G1,0,840,0.8,0.3,0.5
3,2015-03-21,Jack Snow,Rhys Taylor,NA,850,E1,0,824,1.3,0.5,0.5
1,2015-03-07,Jack Warner,Samuel Cook,106,900,G1,1,916,0.5,0.5,1
2,2015-03-07,Jack Warner,Ifan Rathbone-Jones,NA,1464,N1,0,913,0.6,0.1,1
3,2015-03-07,Jack Warner,Dafydd Lee,NA,952,N1,0,899,1.03,0.43,1
4,2015-03-08,Jack Warner,Brandon Shaw,NA,850,N1,1,913,1.6,0.57,2
5,2015-03-08,Jack Warner,Aishwarya Lutchman Singh,NA,1394,E1,0,910,1.7,0.1,2
6,2015-03-21,Jack Warner,Duncan MacDonald,NA,1232,E1,0,906,1.82,0.12,2
7,2015-03-21,Jack Warner,David McIntosh,85,1055,G1,0,896,2.11,0.29,2
8,2015-03-22,Jack Warner,Madeleine Smith,82,1097,G1,0,889,2.35,0.24,2
9,2015-03-22,Jack Warner,Nayana Kalavala,NA,1045,E1,1,911,2.65,0.3,3
10,2015-03-22,Jack Warner,Rishi Choudhuri,NA,1077,W1,0,903,2.92,0.27,3
11,2015-05-30,Jack Warner,Toby Balouka-Myers,NA,1362,ECF,0,899,3.02,0.1,3
12,2015-05-30,Jack Warner,Evan McDermid,NA,1410,ECF,0,896,3.12,0.1,3
13,2015-05-31,Jack Warner,Toby Kan,NA,1178,ECF,1,923,3.28,0.16,4
14,2015-05-31,Jack Warner,Luke Mountifield,NA,1200,Est,1,951,3.42,0.14,5
1,2015-01-05,James Lavender,Alun Howell,NA,1751,E1,1,1911,0.71,0.71,1
2,2015-01-12,James Lavender,Steve Lindsay,NA,1687,E1,0.5,1904,1.49,0.78,1.5
3,2015-01-14,James Lavender,Nick Davies,38,1767,G1,1,1912,2.18,0.69,2.5
4,2015-01-21,James Lavender,Dave Williams,41,1746,G1,1,1919,2.89,0.71,3.5
5,2015-02-04,James Lavender,John D Thornton,NA,2010,E1,0.5,1922,3.24,0.35,4
6,2015-02-09,James Lavender,Dai James,NA,1843,E1,0,1908,3.83,0.59,4
7,2015-02-23,James Lavender,Jeff Rowland,NA,1701,E1,0.5,1902,4.59,0.76,4.5
8,2015-02-25,James Lavender,Mark Adams,19,2011,G1,0.5,1905,4.94,0.35,5
9,2015-03-09,James Lavender,Michael Arribas-Ayllon,NA,1715,E1,0.5,1899,5.69,0.75,5.5
10,2015-03-25,James Lavender,John Waterfield,12,1974,G2,0.5,1902,6.09,0.4,6
11,2015-04-07,James Lavender,Simon Blackmore,NA,1760,E1,0,1885,6.78,0.69,6
12,2015-04-13,James Lavender,Tony Gutteridge,NA,1604,E1,1,1889,7.64,0.86,7
13,2015-05-20,James Lavender,Benjamin Choo Yin,NA,1791,E2,1,1897,8.3,0.66,8
1,2015-02-16,Jane Richmond,Gary Reynolds,NA,1642,,1,2181,0.9,0.9,1
2,2015-02-20,Jane Richmond,Bob Hurn,NA,1661,,0.5,2174,1.8,0.9,1.5
3,2015-02-21,Jane Richmond,Alyssa Wang,NA,1782,,1,2176,2.7,0.9,2.5
4,2015-02-22,Jane Richmond,Rudy van Kemenade,NA,2045,,0.5,2173,3.38,0.68,3
5,2015-02-22,Jane Richmond,Johnathan D Bourne,NA,2002,,0.5,2169,4.11,0.73,3.5
6,2015-03-29,Jane Richmond,Alan M Brown,NA,2146,,0.5,2168,4.66,0.55,4
7,2015-05-03,Jane Richmond,Kenneth G Coates,NA,2226,,0,2162,5.09,0.43,4
8,2015-05-16,Jane Richmond,Mark Littleton,NA,2026,,1,2166,5.8,0.71,5
9,2015-05-16,Jane Richmond,John Waterfield,12,1974,,1,2170,6.57,0.77,6
10,2015-05-17,Jane Richmond,David E Buckley,NA,2290,,1,2180,6.92,0.35,7
11,2015-05-17,Jane Richmond,Matthew J Turner,NA,2478,GM,0,2178,7.07,0.15,7
12,2015-06-20,Jane Richmond,Steve Peirson,NA,2034,,1,2183,7.77,0.7,8
13,2015-06-20,Jane Richmond,Harry Greive,NA,2098,,1,2189,8.38,0.61,9
14,2015-06-21,Jane Richmond,Paul Hackman,NA,2154,,1,2196,8.92,0.54,10
15,2015-06-21,Jane Richmond,Richard L Britton,NA,2290,FM,0,2191,9.27,0.35,10
1,2015-01-07,John Arthur,Ernest Gibiec,6,2141,G1,0,1504,0.1,0.1,0
2,2015-01-14,John Arthur,Brian Ross,59,1483,G1,1,1519,0.63,0.53,1
3,2015-02-04,John Arthur,Dave R Lewis,NA,1937,E1,0,1516,0.73,0.1,1
4,2015-02-11,John Arthur,Dennis O. Jones,43,1716,G1,1,1540,0.96,0.23,2
5,2015-02-17,John Arthur,Brian Heath,46,1663,G1,0,1531,1.25,0.29,2
6,2015-02-18,John Arthur,Jonathan Dyment,54,1557,G1,1,1549,1.68,0.43,3
7,2015-02-25,John Arthur,Gareth Yeo,NA,2033,W1,0,1546,1.78,0.1,3
8,2015-03-04,John Arthur,Adam Jenkins,64,1381,G1,1,1557,2.45,0.67,4
9,2015-03-15,John Arthur,Alan Williams,NA,1627,E1,0,1546,2.79,0.34,4
10,2015-03-25,John Arthur,Jonathan Dyment,54,1557,G1,0,1532,3.22,0.43,4
11,2015-04-08,John Arthur,Phil Smith,61,1445,G1,1,1545,3.81,0.59,5
12,2015-04-12,John Arthur,Scott Hammett,NA,1559,D1,1,1563,4.24,0.43,6
1,2015-01-05,John E Syner,Ian JL Hall,NA,1650,ECF,1,2055,0.9,0.9,1
2,2015-01-19,John E Syner,Alex Bullen,NA,2175,E1,0.5,2057,1.23,0.33,1.5
3,2015-01-26,John E Syner,Steve Barnes,NA,1746,ECF,1,2060,2.09,0.86,2.5
4,2015-01-31,John E Syner,Stuart W Knox,NA,2010,ECF,1,2067,2.65,0.56,3.5
5,2015-02-16,John E Syner,Mark Valentine,NA,2026,ECF,1,2074,3.19,0.54,4.5
6,2015-02-23,John E Syner,Stephen Barnes,NA,1746,ECF,1,2076,4.05,0.86,5.5
7,2015-03-23,John E Syner,A Graham Brown,NA,1850,ECF,0.5,2072,4.81,0.76,6
8,2015-04-11,John E Syner,Paul S Janota,NA,1994,ECF,0,2063,5.39,0.58,6
9,2015-04-13,John E Syner,Simon P Finn,NA,2178,ECF,0,2057,5.72,0.33,6
10,2015-04-15,John E Syner,Andy Tinker,NA,2018,ECF,0.5,2057,6.27,0.55,6.5
11,2015-04-30,John E Syner,Kevin F Hawkins,NA,1818,ECF,1,2060,7.07,0.8,7.5
12,2015-05-11,John E Syner,Yaqub Saeed,NA,1842,ECF,0,2048,7.84,0.77,7.5
1,2015-03-21,John Onyemelukwe,Lewis Jex,129,850,G1,0.5,850,0.5,0.5,0.5
2,2015-03-21,John Onyemelukwe,Oliver McInley,126,850,G1,0,834,1,0.5,0.5
3,2015-03-21,John Onyemelukwe,Matthew Vaideanu,130,850,G1,1,850,1.5,0.5,1.5
4,2015-03-22,John Onyemelukwe,Lizzie Racz,123,850,G1,0,834,2,0.5,1.5
5,2015-03-22,John Onyemelukwe,Carys Williams,127,850,G1,0,818,2.5,0.5,1.5
1,2015-01-02,John Waterfield,David Rovaretti,NA,1648,,0.5,2056,0.9,0.9,0.5
2,2015-01-03,John Waterfield,Alyssa Wang,NA,1782,,0.5,2050,1.74,0.84,1
3,2015-01-03,John Waterfield,Matthew Parry,NA,1962,,0,2040,2.38,0.64,1
4,2015-01-04,John Waterfield,Charlie McLaren,NA,2090,,1,2049,2.84,0.46,2
5,2015-01-04,John Waterfield,Chirag Guha,NA,1731,,1,2050,3.72,0.88,3
6,2015-01-10,John Waterfield,Matthew Davies,NA,2019,,0.5,2050,4.28,0.56,3.5
7,2015-01-11,John Waterfield,Andrew Toothill,NA,2082,,0,2042,4.75,0.47,3.5
8,2015-01-14,John Waterfield,Walter Braun,NA,2236,FM,0.5,2046,5.02,0.27,4
9,2015-01-18,John Waterfield,Tony Haigh,NA,1869,,0.5,2042,5.77,0.75,4.5
10,2015-01-21,John Waterfield,Frank May,7,2126,,0,2035,6.18,0.41,4.5
11,2015-01-29,John Waterfield,Tim Kett,NA,2312,,0,2032,6.37,0.19,4.5
12,2015-02-04,John Waterfield,Peter Ehsandar,NA,2049,,0,2024,6.89,0.52,4.5
13,2015-02-10,John Waterfield,Michael T Harris,NA,2114,,0,2017,7.32,0.43,4.5
14,2015-02-12,John Waterfield,David Llewellyn,NA,1918,,0.5,2014,8.01,0.69,5
15,2015-02-17,John Waterfield,Peter W Cusick,NA,1986,,0,2004,8.62,0.61,5
16,2015-02-20,John Waterfield,Howard Leah,NA,1543,,1,2006,9.52,0.9,6
17,2015-02-21,John Waterfield,Lloyd Powell,5,2147,,0.5,2008,9.9,0.38,6.5
18,2015-02-21,John Waterfield,Carl Strugnell,NA,2279,FM,0,2004,10.12,0.22,6.5
19,2015-02-22,John Waterfield,Julie van Kemenade,NA,1786,,0,1991,10.96,0.84,6.5
20,2015-02-22,John Waterfield,Paul Orton,NA,1584,,0.5,1984,11.86,0.9,7
21,2015-02-24,John Waterfield,Dave R Lewis,NA,1937,,0.5,1982,12.53,0.67,7.5
22,2015-03-04,John Waterfield,David L Roberts,NA,2095,,0.5,1982,12.98,0.45,8
23,2015-03-09,John Waterfield,Matthew Davies,NA,2019,,0.5,1981,13.54,0.56,8.5
24,2015-03-11,John Waterfield,Dave Turner,27,1932,,0.5,1978,14.22,0.68,9
25,2015-03-15,John Waterfield,Dai James,NA,1843,,0.5,1974,15,0.78,9.5
26,2015-03-18,John Waterfield,Mark Dirnhuber,NA,1874,,1,1980,0.64,0.64,1
27,2015-03-21,John Waterfield,Guilhem Denninger,NA,2010,,0.5,1981,1.09,0.45,1.5
28,2015-03-22,John Waterfield,Mike Bramson,NA,1986,,0.5,1981,1.57,0.48,2
29,2015-03-24,John Waterfield,Peter Kirby,11,2063,CM,0,1975,1.95,0.38,2
30,2015-03-31,John Waterfield,Michael E Brigden,NA,2154,,0,1971,2.21,0.26,2
31,2015-03-25,John Waterfield,James Lavender,30,1904,,0.5,1969,2.81,0.6,2.5
32,2015-04-01,John Waterfield,Ian White,31,1896,,1,1975,3.42,0.61,3.5
33,2015-04-09,John Waterfield,Richard Garrett,NA,2026,,1,1984,3.85,0.43,4.5
34,2015-04-12,John Waterfield,Ian Jones,NA,2035,,0.5,1986,4.26,0.41,5
35,2015-04-14,John Waterfield,Stephen P Dilleigh,NA,2130,,0,1981,4.55,0.29,5
36,2015-04-17,John Waterfield,Chris R Beaumont,NA,2402,,0,1980,4.65,0.1,5
37,2015-04-18,John Waterfield,Michael T Harris,NA,2114,,0,1975,4.96,0.31,5
38,2015-04-18,John Waterfield,Mark Furnevall,NA,1922,,0.5,1974,5.53,0.57,5.5
39,2015-04-19,John Waterfield,Kajetan Wandowicz,NA,1978,,0,1966,6.02,0.49,5.5
40,2015-04-19,John Waterfield,Neil A Bridge,NA,2250,,0,1963,6.18,0.16,5.5
41,2015-04-21,John Waterfield,Robert Thompson,NA,2066,,0,1957,6.55,0.37,5.5
42,2015-04-30,John Waterfield,Sam Gower,NA,1946,,0,1949,7.09,0.54,5.5
43,2015-05-03,John Waterfield,Ben R Scattergood,NA,1930,,1,1956,7.65,0.56,6.5
44,2015-05-05,John Waterfield,Greig A Sweetland,NA,1866,,0.5,1953,8.3,0.65,7
45,2015-05-10,John Waterfield,Ashley Davis,NA,1946,,1,1961,8.84,0.54,8
46,2015-05-15,John Waterfield,Theo Slade,NA,2074,,1,1971,9.2,0.36,9
47,2015-05-16,John Waterfield,Allan J Pleasants,NA,2202,,0.5,1975,9.41,0.21,9.5
48,2015-05-16,John Waterfield,Jane Richmond,4,2179,WFM,0,1972,9.64,0.23,9.5
49,2015-05-17,John Waterfield,Jeremy FS Menadue,NA,2170,,0,1968,9.88,0.24,9.5
50,2015-05-17,John Waterfield,Peter W Cusick,NA,1986,,1,1976,10.36,0.48,10.5
1,2015-01-14,Jonathan Dyment,Leslie Blohm,20,2007,G1,0,1554,0.1,0.1,0
2,2015-01-21,Jonathan Dyment,Hiram Rogers,52,1583,G1,1,1571,0.56,0.46,1
3,2015-01-28,Jonathan Dyment,Brian Heath,46,1663,G1,0,1560,0.91,0.35,1
4,2015-02-18,Jonathan Dyment,John Arthur,58,1507,G1,0,1542,1.48,0.57,1
5,2015-03-04,Jonathan Dyment,Hiram Rogers,52,1583,G1,0,1527,1.94,0.46,1
6,2015-03-25,Jonathan Dyment,John Arthur,58,1507,G1,1,1541,2.51,0.57,2
7,2015-04-01,Jonathan Dyment,Warren Brown,74,1253,G1,1,1545,3.37,0.86,3
8,2015-06-03,Jonathan Dyment,Rolandas Puras,72,1272,G1,0,1518,4.21,0.84,3
9,2015-06-10,Jonathan Dyment,Billy Ormrod,97,1000,G1,1,1521,5.11,0.9,4
10,2015-06-17,Jonathan Dyment,Clive Thomas,40,1752,G1,1,1545,5.36,0.25,5
1,2015-01-19,Jonathan Gilbert,Steve Cronick,NA,1908,E1,1,2083,0.73,0.73,1
2,2015-01-20,Jonathan Gilbert,Dave R Lewis,NA,1937,E1,1,2088,1.42,0.69,2
3,2015-01-26,Jonathan Gilbert,Lee Davis,NA,2056,E1,0.5,2088,1.95,0.53,2.5
4,2015-02-04,Jonathan Gilbert,Robert Taylor,15,2045,G1,0.5,2087,2.5,0.55,3
5,2015-02-09,Jonathan Gilbert,Tim Kett,NA,2312,E1,0,2084,2.7,0.2,3
6,2015-02-14,Jonathan Gilbert,Daniel Frean,NA,1986,ECF,0.5,2082,3.33,0.63,3.5
7,2015-02-15,Jonathan Gilbert,Steven A Jones,NA,2234,ECF,0,2077,3.62,0.29,3.5
8,2015-02-17,Jonathan Gilbert,Douglas Spencer,24,1985,G1,0.5,2075,4.25,0.63,4
9,2015-02-25,Jonathan Gilbert,Ian White,31,1896,G1,1,2079,4.99,0.74,5
10,2015-03-11,Jonathan Gilbert,Frank May,7,2126,G1,0.5,2080,5.42,0.43,5.5
11,2015-03-17,Jonathan Gilbert,Ron Williams,44,1691,G1,0.5,2074,6.32,0.9,6
1,2015-01-20,Jordan Lane,Craig Rendell,83,1091,G1,0,977,0.36,0.36,0
2,2015-03-17,Jordan Lane,Clive Thomas,40,1752,G1,0,974,0.46,0.1,0
1,2015-01-14,Joshua Abramsky,Mark Summers,67,1357,G1,0,1218,0.32,0.32,0
2,2015-03-04,Joshua Abramsky,Brenda Miles,NA,1245,E1,0,1202,0.8,0.48,0
3,2015-06-03,Joshua Abramsky,Roger Lockyer,92,1003,G1,0,1177,1.59,0.79,0
4,2015-06-03,Joshua Abramsky,Dave Connolly,55,1542,G1,0,1173,1.72,0.13,0
1,2015-01-14,Keith Spencer,Peter Wood-Fisher,76,1226,G1,0,1281,0.6,0.6,0
2,2015-03-04,Keith Spencer,Daniel Behan,101,979,G1,1,1285,1.47,0.87,1
1,2015-01-14,Leslie Blohm,Jonathan Dyment,54,1557,G1,1,2009,0.9,0.9,1
2,2015-02-04,Leslie Blohm,Phil Smith,61,1445,G1,1,2010,1.8,0.9,2
3,2015-02-18,Leslie Blohm,Richard Livermore,50,1649,G1,0,1996,2.7,0.9,2
4,2015-02-25,Leslie Blohm,Brian Ross,59,1483,G1,1,1997,3.6,0.9,3
5,2015-03-11,Leslie Blohm,Dennis O. Jones,43,1716,G1,1,2000,4.45,0.85,4
1,2015-03-21,Lewis Jex,John Onyemelukwe,128,850,G1,0.5,850,0.5,0.5,0.5
2,2015-03-21,Lewis Jex,Christopher Tang,118,850,G1,0,834,1,0.5,0.5
3,2015-03-21,Lewis Jex,Lizzie Racz,123,850,G1,0.5,834,1.5,0.5,1
4,2015-03-22,Lewis Jex,Erlina Ainsworth,132,850,G1,0,818,2,0.5,1
5,2015-03-22,Lewis Jex,Mano Kangaraj,131,850,G1,0,802,2.5,0.5,1
1,2015-01-20,Lewis Perham,Warren Brown,74,1253,G1,0,976,0.17,0.17,0
2,2015-02-17,Lewis Perham,Peter Wood-Fisher,76,1226,G1,0,969,0.36,0.19,0
3,2015-03-17,Lewis Perham,Chris Reading,47,1661,G1,0,966,0.46,0.1,0
1,2015-03-21,Lizzie Racz,Ben Barnes,NA,1000,N1,0,840,0.3,0.3,0
2,2015-03-21,Lizzie Racz,Carys Williams,127,850,G1,0,824,0.8,0.5,0
3,2015-03-21,Lizzie Racz,Lewis Jex,129,850,G1,0.5,824,1.3,0.5,0.5
4,2015-03-22,Lizzie Racz,John Onyemelukwe,128,850,G1,1,840,1.8,0.5,1.5
5,2015-03-22,Lizzie Racz,Rohan Mohindru,95,1000,G1,0,831,2.1,0.3,1.5
6,2015-03-22,Lizzie Racz,Mano Kangaraj,131,850,G1,1,847,2.6,0.5,2.5
1,2015-01-10,Lloyd Powell,Robert A Dean,NA,1906,ECF,0.5,2142,0.8,0.8,0.5
2,2015-01-11,Lloyd Powell,David Jarmany,NA,2034,ECF,1,2148,1.46,0.66,1.5
3,2015-01-18,Lloyd Powell,Gerry Heap,NA,2167,D1,0,2140,1.93,0.47,1.5
4,2015-02-20,Lloyd Powell,Julie van Kemenade,NA,1786,D1,1,2142,2.83,0.9,2.5
5,2015-02-21,Lloyd Powell,John Waterfield,12,2062,G1,0.5,2140,3.45,0.62,3
6,2015-02-21,Lloyd Powell,Gerry Heap,NA,2167,D1,0.5,2140,3.92,0.47,3.5
7,2015-02-22,Lloyd Powell,Johnathan D Bourne,NA,2002,ECF,0.5,2137,4.62,0.7,4
8,2015-02-22,Lloyd Powell,Rudy van Kemenade,NA,2045,D1,0.5,2135,5.26,0.64,4.5
9,2015-03-21,Lloyd Powell,Rohan Bansal,NA,2090,ECF,1,2142,5.84,0.58,5.5
10,2015-03-22,Lloyd Powell,Robert F Willmoth,NA,2266,ECF,0,2136,6.18,0.34,5.5
11,2015-05-10,Lloyd Powell,Robert Taylor,15,1981,G2,0.5,2133,6.9,0.72,6
1,2015-01-07,Lyn Holland,Philip French,NA,1871,E1,0,1508,0.1,0.1,0
2,2015-01-13,Lyn Holland,Andrew Di-Vetta,NA,1691,E1,0.5,1515,0.36,0.26,0.5
3,2015-01-14,Lyn Holland,Colin Jeffries,68,1329,G1,1,1524,1.1,0.74,1.5
4,2015-01-19,Lyn Holland,Beryl Hughes,NA,1523,E1,0,1508,1.58,0.48,1.5
5,2015-01-21,Lyn Holland,Christopher Robertson,70,1311,G1,0.5,1500,2.34,0.76,2
6,2015-01-26,Lyn Holland,Sam White,NA,1570,E1,1,1519,2.76,0.42,3
7,2015-01-28,Lyn Holland,Dave Roberts,51,1593,G1,0,1506,3.15,0.39,3
8,2015-01-30,Lyn Holland,Ernest M White,NA,1946,ECF,0,1503,3.25,0.1,3
9,2015-01-31,Lyn Holland,Bob Hurn,NA,1661,E1,0,1493,3.55,0.3,3
10,2015-01-31,Lyn Holland,David Rovaretti,NA,1648,E1,0,1483,3.86,0.31,3
11,2015-02-09,Lyn Holland,Mike Maguire,NA,1728,E1,1,1508,4.08,0.22,4
12,2015-02-11,Lyn Holland,Peter Wood-Fisher,76,1226,G1,1,1514,4.92,0.84,5
13,2015-02-25,Lyn Holland,William Newrick,66,1366,G1,1,1523,5.62,0.7,6
14,2015-04-08,Lyn Holland,William Newrick,66,1366,G1,1,1533,6.32,0.7,7
15,2015-04-14,Lyn Holland,Steve Herkes,NA,1566,E1,0.5,1535,6.74,0.42,7.5
16,2015-04-20,Lyn Holland,David Thorne,NA,1500,E1,0.5,1535,7.26,0.52,8
17,2015-04-27,Lyn Holland,Phil Smith,61,1491,E1,0,1518,7.79,0.53,8
18,2015-04-29,Lyn Holland,Steve Horrell,45,1677,G1,0,1509,8.07,0.28,8
19,2015-05-13,Lyn Holland,Gareth Yeo,NA,2033,W1,0,1506,8.17,0.1,8
20,2015-05-20,Lyn Holland,Clive Thomas,40,1752,G1,0,1499,8.37,0.2,8
1,2014-12-16,Lynda Roberts,Steven C Roberts,NA,1634,,0.5,1905,0.84,0.84,0.5
2,2015-01-20,Lynda Roberts,Roger Hardy,NA,1970,,0.5,1907,1.26,0.42,1
3,2015-02-21,Lynda Roberts,Stephen P Dilleigh,NA,2130,,0.5,1913,1.48,0.22,1.5
4,2015-02-21,Lynda Roberts,Theo Slade,NA,2074,,0.5,1919,1.76,0.28,2
5,2015-02-22,Lynda Roberts,Michael T Harris,NA,2114,,0,1913,2,0.24,2
6,2015-02-22,Lynda Roberts,Luis Rubio Rodriguez,NA,1794,,0,1897,2.66,0.66,2
7,2015-03-03,Lynda Roberts,GA Harvey,NA,1994,,0.5,1900,3.05,0.39,2.5
8,2015-03-17,Lynda Roberts,Ian R Pickup,NA,1914,,0.5,1900,3.55,0.5,3
9,2015-03-23,Lynda Roberts,Paul Spiller,NA,1866,,0.5,1898,4.12,0.57,3.5
10,2015-04-03,Lynda Roberts,Alex Bullen,NA,2163,,0,1894,4.31,0.19,3.5
11,2015-04-04,Lynda Roberts,Peter Ehsandar,NA,2049,,0,1886,4.63,0.32,3.5
12,2015-04-04,Lynda Roberts,Dai James,NA,1843,,0.5,1883,5.23,0.6,4
13,2015-04-06,Lynda Roberts,Paul Bridges,NA,1923,,0.5,1884,5.72,0.49,4.5
14,2015-04-06,Lynda Roberts,Rudy van Kemenade,NA,2045,,1,1900,6.04,0.32,5.5
15,2015-05-02,Lynda Roberts,Szilvia Lochte,NA,1989,,0,1891,6.43,0.39,5.5
16,2015-05-03,Lynda Roberts,Jana M Bellin,NA,2106,WGM,0,1885,6.68,0.25,5.5
17,2015-05-04,Lynda Roberts,Kate M Donegan,NA,1546,,0.5,1875,7.58,0.9,6
1,2015-01-24,Madeleine Smith,Georgia Headlong,NA,1266,ECF,1,1120,0.28,0.28,1
2,2015-01-24,Madeleine Smith,Rachel Horton,NA,1170,ECF,1,1139,0.68,0.4,2
3,2015-01-24,Madeleine Smith,David McIntosh,85,1055,G1,0,1121,1.24,0.56,2
4,2015-01-25,Madeleine Smith,Robert Goodwin,NA,1096,N1,1,1137,1.74,0.5,3
5,2015-01-25,Madeleine Smith,Leonardo Demetriou,NA,1362,ECF,0,1132,1.91,0.17,3
6,2015-01-25,Madeleine Smith,David Collyer,NA,1514,ECF,0,1129,2.01,0.1,3
7,2015-02-23,Madeleine Smith,Ethan Chung,NA,1071,E1,0,1111,2.55,0.54,3
8,2015-03-07,Madeleine Smith,Joel Chung,NA,892,W1,1,1119,3.32,0.77,4
9,2015-03-07,Madeleine Smith,James Walker,NA,900,N1,1,1126,4.08,0.76,5
10,2015-03-07,Madeleine Smith,Nayana Kalavala,NA,1045,E1,0,1108,4.65,0.57,5
11,2015-03-08,Madeleine Smith,Srinatta Dantu,NA,863,E1,1,1115,5.45,0.8,6
12,2015-03-08,Madeleine Smith,Neil Stevenson,89,1014,G1,0,1095,6.07,0.62,6
13,2015-03-08,Madeleine Smith,Anish Choudhuri,NA,856,E1,1,1101,6.87,0.8,7
14,2015-03-21,Madeleine Smith,Merlin Davies,NA,850,E1,1,1107,7.68,0.81,8
15,2015-03-21,Madeleine Smith,Ifan Rathbone-Jones,NA,1464,N1,0,1104,7.78,0.1,8
16,2015-03-21,Madeleine Smith,Cian Grattidge,NA,945,E1,0,1082,8.48,0.7,8
17,2015-03-22,Madeleine Smith,Jack Warner,105,900,G1,1,1089,9.24,0.76,9
18,2015-03-22,Madeleine Smith,Susanna Fraser,NA,1358,E1,0,1084,9.42,0.18,9
19,2015-03-22,Madeleine Smith,Nathan Bridel,103,970,G1,1,1094,10.09,0.67,10
20,2015-04-14,Madeleine Smith,Aviral Batra,NA,936,E1,0,1071,10.81,0.72,10
21,2015-04-20,Madeleine Smith,Callum Smith,NA,850,E1,0.5,1061,11.62,0.81,10.5
22,2015-05-30,Madeleine Smith,Holly Bundy,NA,1202,ECF,1,1082,11.98,0.36,11.5
23,2015-05-30,Madeleine Smith,Kate Driscoll,NA,1170,ECF,1,1101,12.38,0.4,12.5
24,2015-05-31,Madeleine Smith,Luke Mountifield,NA,1200,Est,0,1089,12.74,0.36,12.5
25,2015-05-31,Madeleine Smith,Toby Kan,NA,1178,ECF,1,1109,13.13,0.39,13.5
1,2015-03-21,Mano Kangaraj,Asha Sparks,110,900,G1,0,836,0.43,0.43,0
2,2015-03-21,Mano Kangaraj,Barney Thomas-Hewartson,108,900,G1,0,822,0.86,0.43,0
3,2015-03-21,Mano Kangaraj,Erlina Ainsworth,132,850,G1,0,806,1.36,0.5,0
4,2015-03-22,Mano Kangaraj,Lewis Jex,129,850,G1,1,822,1.86,0.5,1
5,2015-03-22,Mano Kangaraj,Lizzie Racz,123,850,G1,0,806,2.36,0.5,1
1,2015-01-08,Mark Adams,Mike Edwards,NA,1856,,1,2016,0.71,0.71,1
2,2015-01-10,Mark Adams,Mark I Hassall,NA,2034,,0.5,2016,1.18,0.47,1.5
3,2015-01-11,Mark Adams,Peter J Mercs,NA,2130,,0.5,2019,1.52,0.34,2
4,2015-01-18,Mark Adams,Julie van Kemenade,NA,1786,,1,2022,2.31,0.79,3
5,2015-01-21,Mark Adams,Douglas Spencer,24,1985,,0.5,2021,2.85,0.54,3.5
6,2015-01-28,Mark Adams,Nick Davies,38,1767,,0,2008,3.66,0.81,3.5
7,2015-02-03,Mark Adams,Tim Kett,NA,2312,,0,2006,3.8,0.14,3.5
8,2015-02-09,Mark Adams,Robert Taylor,15,2045,,0.5,2007,4.25,0.45,4
9,2015-02-14,Mark Adams,Karthik saravanan,NA,1874,,1,2012,4.94,0.69,5
10,2015-02-15,Mark Adams,Ian R Henderson,NA,2162,,0,2007,5.24,0.3,5
11,2015-02-23,Mark Adams,David Perrett,NA,1936,,0.5,2006,5.84,0.6,5.5
12,2015-02-25,Mark Adams,James Lavender,30,1904,,0.5,2003,6.49,0.65,6
13,2015-03-11,Mark Adams,John D Thornton,NA,2010,,0,1995,6.99,0.5,6
14,2015-03-15,Mark Adams,Rob Dineen,NA,1899,,1,2001,7.64,0.65,7
15,2015-03-21,Mark Adams,Gyula Meszaros,NA,2274,IM,0,1998,7.82,0.18,7
16,2015-03-22,Mark Adams,Gary Corcoran,NA,1850,,1,2002,8.54,0.72,8
17,2015-03-24,Mark Adams,Steve Williams (Mal),49,1659,,0.5,1996,9.43,0.89,8.5
18,2015-04-20,Mark Adams,Ben Thomas,NA,1875,,0,1985,10.11,0.68,8.5
19,2015-04-29,Mark Adams,Janez Barle,NA,2347,IM,1,1999,10.23,0.12,9.5
20,2015-04-30,Mark Adams,Fabio Bruno,NA,2418,IM,0,1998,10.33,0.1,9.5
21,2015-05-01,Mark Adams,Tsiala Kasoshvili,NA,2179,WIM,0,1993,10.61,0.28,9.5
22,2015-05-02,Mark Adams,Halil Nejat Ozmen,NA,1844,,0,1982,11.33,0.72,9.5
23,2015-05-03,Mark Adams,John Fletcher,NA,2068,,0.5,1983,11.75,0.42,10
24,2015-05-04,Mark Adams,Georgios Kaldis,NA,1915,,0.5,1981,12.38,0.63,10.5
25,2015-05-05,Mark Adams,Lars Eckhardt,NA,2069,,0.5,1982,12.8,0.42,11
26,2015-05-06,Mark Adams,Theodoros Sideris,NA,1952,,1,1989,13.38,0.58,12
27,2015-05-07,Mark Adams,Nikiforos Sideris,NA,2010,,0.5,1989,13.88,0.5,12.5
1,2015-01-14,Mark Emblem,Richard Livermore,50,1649,G1,0.5,1433,0.21,0.21,0.5
2,2015-01-21,Mark Emblem,Richard Livermore,50,1649,G1,0,1427,0.42,0.21,0.5
3,2015-01-28,Mark Emblem,David Llewellyn,NA,1918,E1,1,1455,0.52,0.1,1.5
4,2015-02-04,Mark Emblem,Bob Hurn,NA,1661,E1,0,1449,0.72,0.2,1.5
5,2015-02-24,Mark Emblem,Zane Allford,42,1725,G1,0,1444,0.86,0.14,1.5
6,2015-03-11,Mark Emblem,Andrew Owen,34,1844,G1,0,1441,0.96,0.1,1.5
7,2015-03-15,Mark Emblem,Ian Evans,NA,998,W1,0.5,1428,1.86,0.9,2
8,2015-03-17,Mark Emblem,Steve Williams (Cwm),37,1792,G2,0,1425,1.96,0.1,2
9,2015-03-24,Mark Emblem,Andrew Owen,34,1844,G1,0,1422,2.06,0.1,2
10,2015-03-25,Mark Emblem,Ian White,31,1896,G1,0,1419,2.16,0.1,2
11,2015-04-03,Mark Emblem,Pagona Mavroyenneas,NA,850,E1,1,1422,3.06,0.9,3
12,2015-04-03,Mark Emblem,Gareth Davies,NA,1390,E1,1,1436,3.61,0.55,4
13,2015-04-04,Mark Emblem,Mohamed Binesmail,NA,1553,E1,0.5,1442,3.93,0.32,4.5
14,2015-04-04,Mark Emblem,Daniel Griffiths,NA,1542,E1,1,1463,4.27,0.34,5.5
15,2015-04-05,Mark Emblem,Chris P Smith,NA,1506,ECF,1,1483,4.66,0.39,6.5
16,2015-04-06,Mark Emblem,Timothy S Allen,NA,1586,ECF,0,1474,4.94,0.28,6.5
17,2015-04-06,Mark Emblem,Megan Richards,NA,1503,E1,0.5,1477,5.33,0.39,7
1,2015-01-14,Mark Summers,Joshua Abramsky,75,1228,G1,1,1367,0.68,0.68,1
2,2015-02-18,Mark Summers,William Newrick,66,1366,G1,1,1384,1.17,0.49,2
3,2015-03-04,Mark Summers,Brian Hill,79,1188,G1,1,1393,1.89,0.72,3
4,2015-03-25,Mark Summers,Brian Ross,59,1483,G1,0,1382,2.22,0.33,3
5,2015-04-01,Mark Summers,Craig Rendell,83,1091,G1,1,1387,3.05,0.83,4
6,2015-05-27,Mark Summers,Patrick Sullivan,65,1372,G1,0,1372,3.53,0.48,4
7,2015-06-03,Mark Summers,Harry Bennet,98,1000,G1,1,1375,4.43,0.9,5
8,2015-06-17,Mark Summers,Christopher Robertson,70,1311,G1,0.5,1373,4.99,0.56,5.5
9,2015-06-24,Mark Summers,Roger Lockyer,92,1003,G1,1,1377,5.88,0.89,6.5
1,2015-01-28,Matthew Hooper,Roger Lockyer,92,1003,G1,0,987,0.5,0.5,0
2,2015-02-17,Matthew Hooper,Brian Ross,59,1483,G1,0.5,1000,0.6,0.1,0.5
3,2015-02-25,Matthew Hooper,Brian Hill,79,1188,G1,0,991,0.86,0.26,0.5
4,2015-03-25,Matthew Hooper,Brenda Miles,NA,1245,E1,0,985,1.06,0.2,0.5
1,2015-03-21,Nathan Bridel,Rishi Choudhuri,NA,1077,W1,0,959,0.35,0.35,0
2,2015-03-21,Nathan Bridel,Evan Speirs,NA,1122,W1,1,981,0.65,0.3,1
3,2015-03-21,Nathan Bridel,David McIntosh,85,1055,G1,1,1001,1.03,0.38,2
4,2015-03-22,Nathan Bridel,Cian Grattidge,NA,945,E1,0,984,1.57,0.54,2
5,2015-03-22,Nathan Bridel,Anton Petkov,NA,1460,N1,0,981,1.67,0.1,2
6,2015-03-22,Nathan Bridel,Madeleine Smith,82,1097,G1,0,970,2,0.33,2
7,2015-04-29,Nathan Bridel,Harri Lewis,NA,906,E1,1,983,2.59,0.59,3
1,2015-01-14,Nick Davies,James Lavender,30,1904,G1,0,1760,0.31,0.31,0
2,2015-01-20,Nick Davies,David Perrett,NA,1936,E1,0,1753,0.59,0.28,0
3,2015-01-28,Nick Davies,Mark Adams,19,2011,G1,1,1772,0.78,0.19,1
4,2015-02-18,Nick Davies,Gareth Yeo,NA,2033,W1,1,1792,0.95,0.17,2
5,2015-03-11,Nick Davies,Douglas Spencer,24,1985,G1,0.5,1799,1.17,0.22,2.5
6,2015-03-25,Nick Davies,David Vaughan,23,1990,G1,0.5,1806,1.39,0.22,3
1,2015-01-07,Nigel Saunders,David Llewellyn,NA,1918,E1,0.5,1935,0.53,0.53,0.5
2,2015-01-14,Nigel Saunders,Phil Smith,61,1445,G1,1,1938,1.43,0.9,1.5
3,2015-01-21,Nigel Saunders,Gareth Yeo,NA,2033,W1,0,1929,1.8,0.37,1.5
4,2015-01-28,Nigel Saunders,Dave R Lewis,NA,1937,E1,0.5,1929,2.3,0.5,2
5,2015-02-11,Nigel Saunders,Terry Hill,48,1660,G1,1,1933,3.14,0.84,3
6,2015-02-25,Nigel Saunders,Andrew Owen,34,1844,G1,0,1918,3.77,0.63,3
7,2015-03-04,Nigel Saunders,Robert Taylor,15,2045,G1,1,1933,4.12,0.35,4
8,2015-03-11,Nigel Saunders,Ernest Gibiec,6,2141,G1,0,1928,4.35,0.23,4
9,2015-03-25,Nigel Saunders,Steve Williams (Cwm),37,1792,G2,1,1935,5.04,0.69,5
10,2015-04-08,Nigel Saunders,Richard Miles,25,1969,G1,0.5,1936,5.49,0.45,5.5
11,2015-04-29,Nigel Saunders,Zane Allford,42,1725,G1,1,1942,6.26,0.77,6.5
12,2015-05-13,Nigel Saunders,Ernest Gibiec,6,2141,G1,0,1936,6.49,0.23,6.5
13,2015-05-20,Nigel Saunders,Gordon Cadden,33,1866,G1,1,1946,7.09,0.6,7.5
1,2015-03-21,Oliver McInley,Jack Snow,125,850,G1,0.5,850,0.5,0.5,0.5
2,2015-03-21,Oliver McInley,John Onyemelukwe,128,850,G1,1,866,1,0.5,1.5
3,2015-03-21,Oliver McInley,Erlina Evans-Small,96,1000,G1,0,856,1.3,0.3,1.5
1,2014-12-28,Owen Bennett,Grinath Haridas,NA,2106,ECF,0.5,1880,0.2,0.2,0.5
2,2014-12-28,Owen Bennett,Andrew I Paterson,NA,2082,ECF,0,1875,0.43,0.23,0.5
3,2014-12-29,Owen Bennett,Steve Sonnis,NA,1722,ECF,1,1882,1.13,0.7,1.5
4,2014-12-29,Owen Bennett,Svetlana Sucikova,NA,2242,ECF,0,1879,1.23,0.1,1.5
5,2014-12-30,Owen Bennett,Freddie Hand,NA,2034,ECF,0.5,1885,1.51,0.28,2
6,2014-12-30,Owen Bennett,Tim L Rogers,NA,2130,ECF,0,1880,1.69,0.18,2
1,2015-06-10,Owen Besant,Harry Bennet,98,1000,G1,0,840,0.3,0.3,0
2,2015-06-17,Owen Besant,Billy Ormrod,97,1000,G1,0,831,0.6,0.3,0
1,2015-01-19,Owen S Phillips,Christopher RL Kreuzer,NA,1986,,0.5,2030,0.56,0.56,0.5
2,2015-01-21,Owen S Phillips,Nicholas L Edwards,NA,1946,,0,2020,1.18,0.62,0.5
3,2015-01-28,Owen S Phillips,John M Bennett,NA,2114,,0.5,2022,1.56,0.38,1
4,2015-02-12,Owen S Phillips,Roger FT Abayasekera,NA,2130,,0,2016,1.92,0.36,1
5,2015-02-19,Owen S Phillips,Anantha P (jnr) Anilkuma,NA,2026,,0.5,2016,2.43,0.51,1.5
6,2015-03-04,Owen S Phillips,Geoffrey D Hurst,NA,1722,,1,2018,3.29,0.86,2.5
7,2015-03-07,Owen S Phillips,David J Millward,NA,1970,,0.5,2017,3.88,0.59,3
8,2015-03-19,Owen S Phillips,Julien M Shepley,NA,2074,,0.5,2018,4.32,0.44,3.5
9,2015-03-26,Owen S Phillips,Graham DJ Keane,NA,2258,,0,2015,4.53,0.21,3.5
10,2015-04-22,Owen S Phillips,Robert Davies,NA,1514,,1,2016,5.43,0.9,4.5
11,2015-04-23,Owen S Phillips,Ian S McLeod,NA,1850,,0.5,2012,6.17,0.74,5
12,2015-05-13,Owen S Phillips,Paul D Shepherd,NA,2178,,0,2007,6.47,0.3,5
13,2015-05-16,Owen S Phillips,Colin FS Davison,NA,1898,,0.5,2005,7.15,0.68,5.5
14,2015-05-20,Owen S Phillips,Paul EO Durrant,NA,1890,,1,2010,7.84,0.69,6.5
15,2015-05-27,Owen S Phillips,Chris Briscoe,NA,2194,CM,0,2005,8.12,0.28,6.5
16,2015-06-10,Owen S Phillips,Armel E Collard,NA,2074,,1,2014,8.56,0.44,7.5
17,2015-06-13,Owen S Phillips,Winston Williams,NA,1994,CM,0,2005,9.11,0.55,7.5
18,2015-06-17,Owen S Phillips,Stephen H Berry,NA,2314,FM,0,2003,9.27,0.16,7.5
19,2015-06-19,Owen S Phillips,Godfrey Pafura,NA,2186,,0.5,2006,9.56,0.29,8
20,2015-06-20,Owen S Phillips,Koby Kalavannan,NA,2138,,0,2000,9.91,0.35,8
21,2015-06-20,Owen S Phillips,Ivan J Myall,NA,2130,,0,1995,10.27,0.36,8
22,2015-06-21,Owen S Phillips,Jake Holton,NA,1826,,1,1998,11.04,0.77,9
23,2015-06-21,Owen S Phillips,Allan J Pleasants,NA,2202,,0.5,2002,11.31,0.27,9.5
1,2015-02-14,Pat Bennett,Clive L Waters,NA,2218,ECF,0,2040,0.27,0.27,0
2,2015-02-15,Pat Bennett,Malcolm J Armstrong,NA,2178,ECF,0,2035,0.59,0.32,0
3,2015-03-21,Pat Bennett,Martyn Goodger,NA,2242,ECF,0,2031,0.83,0.24,0
4,2015-03-22,Pat Bennett,Robert L Jones,NA,1794,ECF,0.5,2026,1.64,0.81,0.5
5,2015-05-02,Pat Bennett,Robert A Newton,NA,2098,ECF,0,2019,2.06,0.42,0.5
6,2015-05-03,Pat Bennett,Peter Davies,NA,2048,E1,1,2027,2.55,0.49,1.5
7,2015-05-04,Pat Bennett,Sean D Hewitt,NA,1954,ECF,1,2033,3.17,0.62,2.5
1,2015-01-28,Patrick Sullivan,Daniel Behan,101,979,G1,1,1375,0.9,0.9,1
2,2015-03-25,Patrick Sullivan,Peter Wood-Fisher,76,1226,G1,1,1385,1.6,0.7,2
3,2015-05-27,Patrick Sullivan,Mark Summers,67,1357,G1,1,1400,2.12,0.52,3
4,2015-06-03,Patrick Sullivan,Clive Thomas,40,1752,G1,0,1397,2.22,0.1,3
5,2015-06-10,Patrick Sullivan,Chris Reading,47,1661,G1,0.5,1408,2.37,0.15,3.5
1,2015-01-10,Paul Hatchett,James C Mansson,NA,2042,,1,2030,0.47,0.47,1
2,2015-01-11,Paul Hatchett,Alan K Punnett,NA,2122,,0,2025,0.83,0.36,1
3,2015-01-30,Paul Hatchett,Bob Hurn,NA,1661,,1,2026,1.73,0.9,2
4,2015-01-31,Paul Hatchett,Ernest M White,NA,1946,,0.5,2025,2.34,0.61,2.5
5,2015-01-31,Paul Hatchett,Hywel Griffiths,NA,1829,,0.5,2021,3.09,0.75,3
6,2015-02-01,Paul Hatchett,Peter Ehsandar,NA,2049,,0.5,2021,3.55,0.46,3.5
7,2015-02-01,Paul Hatchett,Vaness Reid,NA,1863,,1,2026,4.26,0.71,4.5
8,2015-02-14,Paul Hatchett,Mark Rivlin,NA,1666,,1,2027,5.16,0.9,5.5
9,2015-02-15,Paul Hatchett,Karl Biswas,NA,1706,,1,2030,6.03,0.87,6.5
10,2015-03-21,Paul Hatchett,Tiago Faustino,NA,2074,,1,2039,6.46,0.43,7.5
11,2015-03-22,Paul Hatchett,Alex Richardson,NA,2178,,0.5,2042,6.75,0.29,8
12,2015-04-03,Paul Hatchett,Thomas Thorpe,9,2080,,1,2051,7.17,0.42,9
13,2015-04-03,Paul Hatchett,Sven Zeidler,1,2255,FM,0,2048,7.37,0.2,9
14,2015-04-04,Paul Hatchett,Dave Turner,27,2015,,1,2056,7.88,0.51,10
15,2015-04-04,Paul Hatchett,Tim Kett,NA,2313,,0,2054,8.03,0.15,10
16,2015-04-05,Paul Hatchett,Paul J Kelly,NA,1903,,1,2059,8.69,0.66,11
17,2015-04-06,Paul Hatchett,Mike Lexton,NA,2098,,0.5,2061,9.08,0.39,11.5
18,2015-04-06,Paul Hatchett,Jonathan LB Blackburn,NA,2146,,0.5,2063,9.41,0.33,12
19,2015-05-02,Paul Hatchett,Godfrey Pafura,NA,2186,,0,2059,9.69,0.28,12
20,2015-05-03,Paul Hatchett,Norman G Andrews,NA,1802,,1,2062,10.47,0.78,13
21,2015-05-04,Paul Hatchett,Richard A Collins,NA,1970,,0.5,2061,11.04,0.57,13.5
1,2014-12-20,Peter A Richmond,Neil Staples,NA,1810,,1,2127,0.87,0.87,1
2,2015-01-08,Peter A Richmond,Zoe Varney,NA,1930,,0.5,2123,1.62,0.75,1.5
3,2015-01-10,Peter A Richmond,Garetrh L Morris,NA,2098,,0.5,2122,2.16,0.54,2
4,2015-01-12,Peter A Richmond,Michael C Truran,NA,2226,,0.5,2125,2.52,0.36,2.5
5,2015-02-02,Peter A Richmond,Sean Terry,NA,2082,,1,2132,3.08,0.56,3.5
6,2015-02-14,Peter A Richmond,Jim R Bayford,NA,2210,,1,2142,3.46,0.38,4.5
7,2015-02-23,Peter A Richmond,Ray J Starkie,NA,2098,,0,2133,4,0.54,4.5
8,2015-03-09,Peter A Richmond,William Burt,NA,1938,,1,2137,4.75,0.75,5.5
9,2015-03-28,Peter A Richmond,Alan J Walton,NA,2274,CM,0.5,2140,5.05,0.3,6
10,2015-03-30,Peter A Richmond,Nick Steele,NA,1642,,1,2142,5.95,0.9,7
11,2015-04-30,Peter A Richmond,Rhys Cumming,NA,2282,,1,2153,6.24,0.29,8
12,2015-05-02,Peter A Richmond,Roger D de Coverly,NA,2170,,0.5,2154,6.68,0.44,8.5
13,2015-05-03,Peter A Richmond,Chris Fegan,NA,2178,,0.5,2155,7.11,0.43,9
1,2014-11-25,Peter Kirby,Ian R Pickup,NA,1914,ECF,1,2068,0.7,0.7,1
2,2015-01-10,Peter Kirby,Ioannis Lentzos,NA,2154,ECF,0,2062,1.07,0.37,1
3,2015-01-11,Peter Kirby,Julien M Shepley,NA,2074,ECF,1,2070,1.55,0.48,2
4,2015-01-13,Peter Kirby,Alan Papier,NA,1834,ECF,1,2074,2.34,0.79,3
5,2015-01-17,Peter Kirby,Rob Hearne,NA,2082,ECF,1,2082,2.81,0.47,4
6,2015-01-20,Peter Kirby,Christopher JA Jones,NA,2082,ECF,1,2091,3.28,0.47,5
7,2015-01-29,Peter Kirby,Humphrey Andolo,NA,2122,ECF,0,2084,3.7,0.42,5
8,2015-02-03,Peter Kirby,Alice Lampard,NA,1834,ECF,1,2087,4.49,0.79,6
9,2015-02-07,Peter Kirby,David W Fowler,NA,2042,ECF,1,2095,5.02,0.53,7
10,2015-02-10,Peter Kirby,Dominic L Bennett,NA,2050,ECF,1,2102,5.54,0.52,8
11,2015-02-16,Peter Kirby,Michael Townsend,NA,1890,ECF,0.5,2099,6.27,0.73,8.5
12,2015-02-21,Peter Kirby,Chris S Purry,NA,1922,ECF,1,2104,6.96,0.69,9.5
13,2015-02-21,Peter Kirby,Thomas Goldie,NA,2314,ECF,0.5,2109,7.15,0.19,10
14,2015-02-22,Peter Kirby,Luis Rubio Rodriguez,NA,1794,ECF,1,2111,7.98,0.83,11
15,2015-02-22,Peter Kirby,Stephen P Dilleigh,NA,2130,ECF,0.5,2113,8.39,0.41,11.5
16,2015-02-24,Peter Kirby,Bogdan Manghuic,NA,1922,ECF,0,2102,9.08,0.69,11.5
17,2015-03-10,Peter Kirby,John E Curtis,NA,2138,ECF,1,2111,9.48,0.4,12.5
18,2015-03-21,Peter Kirby,Adrian Zdanowski,NA,2026,ECF,1,2119,10.03,0.55,13.5
19,2015-03-22,Peter Kirby,Paul A Wallace,NA,2314,ECF,0,2115,10.22,0.19,13.5
20,2015-03-24,Peter Kirby,John Waterfield,12,1974,G2,1,2122,10.84,0.62,14.5
21,2015-03-31,Peter Kirby,Peter E Chaplin,NA,2106,ECF,0,2115,11.28,0.44,14.5
22,2015-04-07,Peter Kirby,Rob Hearne,NA,2082,ECF,0.5,2115,11.75,0.47,15
1,2015-01-14,Peter Wood-Fisher,Keith Spencer,71,1300,G1,1,1245,0.4,0.4,1
2,2015-02-11,Peter Wood-Fisher,Lyn Holland,57,1511,G1,0,1240,0.56,0.16,1
3,2015-02-17,Peter Wood-Fisher,Lewis Perham,100,981,G1,1,1246,1.37,0.81,2
4,2015-02-25,Peter Wood-Fisher,Chris Reading,47,1661,G1,0,1243,1.47,0.1,2
5,2015-03-04,Peter Wood-Fisher,Craig Rendell,83,1091,G1,1,1253,2.15,0.68,3
6,2015-03-25,Peter Wood-Fisher,Patrick Sullivan,65,1372,G1,0,1244,2.45,0.3,3
7,2015-04-08,Peter Wood-Fisher,Rosie Christmas,NA,850,E1,1,1247,3.35,0.9,4
1,2015-01-14,Phil Smith,Nigel Saunders,26,1936,G1,0,1442,0.1,0.1,0
2,2015-02-04,Phil Smith,Leslie Blohm,20,2007,G1,0,1439,0.2,0.1,0
3,2015-02-25,Phil Smith,Bob Hurn,NA,1675,E2,0.5,1448,0.41,0.21,0.5
4,2015-03-11,Phil Smith,Richard Livermore,50,1649,G1,0,1440,0.65,0.24,0.5
5,2015-04-08,Phil Smith,John Arthur,58,1507,G1,0,1427,1.06,0.41,0.5
6,2015-04-29,Phil Smith,Gerry Carolan,60,1460,G1,0,1412,1.54,0.48,0.5
7,2015-05-20,Phil Smith,Chris Reading,47,1661,G1,0.5,1421,1.76,0.22,1
1,2015-01-24,Rachel McIntosh,Emily Bramah,NA,1186,ECF,1,878,0.12,0.12,1
2,2015-01-24,Rachel McIntosh,Preethi Saravanan,NA,1282,ECF,0,875,0.22,0.1,1
3,2015-01-24,Rachel McIntosh,Evan Speirs,NA,1122,W1,1,902,0.39,0.17,2
4,2015-01-25,Rachel McIntosh,Dhruv Radharkrishnan,NA,1554,ECF,0,898,0.49,0.1,2
5,2015-01-25,Rachel McIntosh,William (Bill) Read,NA,1282,ECF,1,927,0.59,0.1,3
6,2015-03-07,Rachel McIntosh,Osian Furnival Hughes,NA,850,N1,1,943,1.09,0.5,4
7,2015-03-07,Rachel McIntosh,Neya Govindaraj,NA,1337,E1,0,940,1.19,0.1,4
8,2015-03-07,Rachel McIntosh,Brandon Shaw,NA,850,N1,1,956,1.69,0.5,5
9,2015-03-08,Rachel McIntosh,Daniel Jaberansari,NA,970,E1,0.5,961,2.03,0.34,5.5
10,2015-03-08,Rachel McIntosh,Matthew Beresford,NA,850,W1,1,977,2.53,0.5,6.5
11,2015-03-08,Rachel McIntosh,Susanna Fraser,NA,1358,E1,0,974,2.63,0.1,6.5
12,2015-05-30,Rachel McIntosh,Evan McDermid,NA,1410,ECF,0,971,2.73,0.1,6.5
13,2015-05-30,Rachel McIntosh,Toby Balouka-Myers,NA,1362,ECF,0.5,983,2.83,0.1,7
1,2014-12-28,Rhys Bennett,Gorak Rajesh,NA,1922,ECF,1,2008,0.61,0.61,1
2,2014-12-28,Rhys Bennett,Joseph Levene,NA,2114,ECF,0,2003,0.96,0.35,1
3,2014-12-29,Rhys Bennett,Jonathan Pein,NA,2002,ECF,0,1995,1.46,0.5,1
4,2014-12-29,Rhys Bennett,Pavel Asenov,NA,2154,ECF,0,1990,1.76,0.3,1
5,2014-12-30,Rhys Bennett,Chris RA Clegg,NA,1834,ECF,0.5,1986,2.48,0.72,1.5
6,2014-12-30,Rhys Bennett,Freddie Hand,NA,2034,ECF,1,1995,2.93,0.45,2.5
1,2015-01-03,Richard Livermore,Gareth Davies,NA,1390,E1,1,1653,0.82,0.82,1
2,2015-01-03,Richard Livermore,Simon Blackmore,NA,1760,E1,1,1669,1.17,0.35,2
3,2015-01-04,Richard Livermore,Peter A Burgoyne,NA,1818,ECF,0,1662,1.45,0.28,2
4,2015-01-04,Richard Livermore,Frank Trombley,NA,1580,E1,1,1672,2.05,0.6,3
5,2015-01-05,Richard Livermore,Dwain Jones,NA,1192,E1,1,1674,2.95,0.9,4
6,2015-01-12,Richard Livermore,Cyril Ley,NA,1611,E1,0.5,1673,3.5,0.55,4.5
7,2015-01-14,Richard Livermore,Mark Emblem,62,1424,G1,0.5,1666,4.29,0.79,5
8,2015-01-20,Richard Livermore,Brian Heath,46,1663,G1,1,1679,4.77,0.48,6
9,2015-01-21,Richard Livermore,Mark Emblem,62,1424,G1,1,1684,5.56,0.79,7
10,2015-01-28,Richard Livermore,Hiram Rogers,52,1583,G1,1,1693,6.15,0.59,8
11,2015-02-02,Richard Livermore,Howard Deere,NA,1576,E1,1,1703,6.75,0.6,9
12,2015-02-04,Richard Livermore,Gerry Carolan,60,1460,G1,1,1709,7.5,0.75,10
13,2015-02-09,Richard Livermore,Roy Thomas,NA,1790,E1,1,1726,7.81,0.31,11
14,2015-02-18,Richard Livermore,Leslie Blohm,20,2007,G1,1,1747,7.91,0.1,12
15,2015-02-20,Richard Livermore,Chris P Smith,NA,1506,ECF,0.5,1743,8.6,0.69,12.5
16,2015-02-21,Richard Livermore,Kevin D Langmaid,NA,1514,ECF,0.5,1738,9.28,0.68,13
17,2015-02-21,Richard Livermore,Shaun Walsh,NA,1498,ECF,1,1745,9.98,0.7,14
18,2015-02-22,Richard Livermore,Geoff J Ainsley,NA,1634,ECF,0.5,1745,10.5,0.52,14.5
19,2015-02-22,Richard Livermore,Anthony J Sage,NA,1594,ECF,0,1731,11.08,0.58,14.5
20,2015-02-23,Richard Livermore,Ed Donovan,NA,1700,E1,0,1721,11.51,0.43,14.5
21,2015-02-25,Richard Livermore,Phil French,NA,1871,E1,1,1739,11.73,0.22,15.5
22,2015-03-04,Richard Livermore,Terry Hill,48,1660,G1,1,1752,12.21,0.48,16.5
23,2015-03-09,Richard Livermore,Jeff Rowland,NA,1701,E1,0,1742,12.64,0.43,16.5
24,2015-03-11,Richard Livermore,Phil Smith,61,1445,G1,1,1747,13.4,0.76,17.5
25,2015-03-15,Richard Livermore,Chris Daniel,NA,1719,W1,0.5,1750,13.8,0.4,18
26,2015-03-17,Richard Livermore,John D Thornton,NA,2010,E2,0.5,1758,0.18,0.18,0.5
27,2015-03-25,Richard Livermore,Matthew Parry,NA,1962,E1,0,1752,0.41,0.23,0.5
28,2015-04-01,Richard Livermore,Gordon Cadden,33,1866,G1,0,1744,0.75,0.34,0.5
29,2015-04-03,Richard Livermore,Gareth Davies,NA,1390,E1,0.5,1734,1.65,0.9,1
30,2015-04-03,Richard Livermore,Emily Wang,NA,1153,E1,1,1737,2.55,0.9,2
31,2015-04-04,Richard Livermore,Neil Stevenson,89,1014,G1,1,1739,3.45,0.9,3
32,2015-04-04,Richard Livermore,Megan Richards,NA,1503,E1,1,1744,4.26,0.81,4
33,2015-04-05,Richard Livermore,Mohamed Binesmail,NA,1553,E1,0,1726,5.02,0.76,4
34,2015-04-06,Richard Livermore,Aron Calist,NA,1252,E2,1,1728,5.92,0.9,5
35,2015-04-06,Richard Livermore,Timothy S Allen,NA,1586,ECF,1,1735,6.64,0.72,6
36,2015-04-08,Richard Livermore,Ernest Gibiec,6,2141,G1,0,1732,6.74,0.1,6
37,2015-04-13,Richard Livermore,Tom Bennett,NA,1468,E1,1,1736,7.58,0.84,7
38,2015-05-23,Richard Livermore,Eamonn G Howard,NA,1322,ECF,1,1738,8.48,0.9,8
39,2015-05-23,Richard Livermore,Susanna Fraser,NA,1378,E2,0,1717,9.38,0.9,8
40,2015-05-24,Richard Livermore,Paul G Broderick,NA,1482,ECF,1,1721,10.21,0.83,9
41,2015-05-24,Richard Livermore,Martyn G Maber,NA,1450,ECF,0.5,1712,11.07,0.86,9.5
42,2015-05-25,Richard Livermore,Chris A Fraser,NA,1570,ECF,0,1695,11.81,0.74,9.5
43,2015-05-25,Richard Livermore,Charles E Nicholson,NA,1450,Est,1,1698,12.67,0.86,10.5
1,2015-01-07,Richard Miles,Ian White,31,1896,,0,1955,0.6,0.6,0
2,2015-01-10,Richard Miles,Peter Braham,NA,1810,,1,1962,1.31,0.71,1
3,2015-01-11,Richard Miles,R Nigel Livesey,NA,1850,,1,1970,1.97,0.66,2
4,2015-01-20,Richard Miles,Peter Heaven,NA,2131,,0,1963,2.25,0.28,2
5,2015-01-28,Richard Miles,Dave Williams,41,1746,,0,1944,3.03,0.78,2
6,2015-02-20,Richard Miles,Paul Orton,NA,1584,,1,1947,3.93,0.9,3
7,2015-02-21,Richard Miles,Richard S Jones,NA,2420,IM,0,1944,4.03,0.1,3
8,2015-02-21,Richard Miles,Alan Harvey,NA,2098,,0.5,1949,4.35,0.32,3.5
9,2015-02-22,Richard Miles,Guy Wagner,NA,1836,,0.5,1944,5.03,0.68,4
10,2015-03-09,Richard Miles,Ben Thomas,NA,1875,,0.5,1941,5.66,0.63,4.5
11,2015-03-11,Richard Miles,David Perrett,NA,1936,,0.5,1940,6.21,0.55,5
12,2015-03-15,Richard Miles,Roy Thomas,NA,1790,,1,1946,6.95,0.74,6
13,2015-03-21,Richard Miles,Michael Green,NA,1970,,0,1934,7.45,0.5,6
14,2015-03-22,Richard Miles,Dominic Klingher,NA,1890,,0.5,1932,8.06,0.61,6.5
15,2015-04-08,Richard Miles,Nigel Saunders,26,1936,,0.5,1930,8.61,0.55,7
16,2015-05-04,Richard Miles,Michael P Cook,NA,2098,,0,1923,8.93,0.32,7
17,2015-05-11,Richard Miles,Dave Perrett,NA,1936,,0.5,1921,9.48,0.55,7.5
1,2014-12-27,Robert Taylor,Jacek Wisniewski,NA,1789,,0,2032,0.82,0.82,0
2,2014-12-28,Robert Taylor,Filip Jasiak,NA,1979,,0.5,2030,1.41,0.59,0.5
3,2014-12-28,Robert Taylor,Piotr Kretowicz,NA,1848,,1,2034,2.17,0.76,1.5
4,2014-12-29,Robert Taylor,Lukasz Domanski,NA,1889,,0,2023,2.88,0.71,1.5
5,2014-12-30,Robert Taylor,Katarzyna Jedrocha,NA,1881,,1,2027,3.6,0.72,2.5
6,2015-01-02,Robert Taylor,Krzysztof Mucha,NA,1844,,0,2015,4.36,0.76,2.5
7,2015-01-03,Robert Taylor,Mateusz Lis,NA,1860,,0.5,2011,5.1,0.74,3
8,2015-01-04,Robert Taylor,Honorata Kucharska,NA,1907,,0.5,2008,5.79,0.69,3.5
9,2015-01-10,Robert Taylor,Philip J Horspool,NA,2122,,1,2018,6.18,0.39,4.5
10,2015-01-11,Robert Taylor,Philip M Stimpson,NA,2034,,0,2010,6.7,0.52,4.5
11,2015-01-12,Robert Taylor,Dave R Lewis,NA,1937,,0.5,2007,7.35,0.65,5
12,2015-01-14,Robert Taylor,Dave Turner,27,1932,,0,1997,8.01,0.66,5
13,2015-01-21,Robert Taylor,Dave R Lewis,NA,1937,,0,1986,8.66,0.65,5
14,2015-02-02,Robert Taylor,David Robinson,NA,2007,,0.5,1986,9.21,0.55,5.5
15,2015-02-04,Robert Taylor,Jonathan Gilbert,10,2079,,0.5,1986,9.66,0.45,6
16,2015-02-09,Robert Taylor,Mark Adams,19,2011,,0.5,1986,10.21,0.55,6.5
17,2015-02-14,Robert Taylor,Robin J Oakley,NA,1786,,1,1989,11.03,0.82,7.5
18,2015-02-15,Robert Taylor,Graham L Cole,NA,1850,,0.5,1985,11.78,0.75,8
19,2015-02-16,Robert Taylor,Graham Parker,NA,1755,,1,1987,12.63,0.85,9
20,2015-02-23,Robert Taylor,Matthew Wilson,NA,1748,,1,1989,13.48,0.85,10
21,2015-02-25,Robert Taylor,Frank May,7,2126,,0,1983,13.87,0.39,10
22,2015-03-04,Robert Taylor,Nigel Saunders,26,1936,,0,1973,14.52,0.65,10
23,2015-03-09,Robert Taylor,Mike Edwards,NA,1856,,1,1977,15.27,0.75,11
24,2015-03-15,Robert Taylor,Derek Jones,NA,1965,,0.5,1975,15.88,0.61,11.5
25,2015-03-27,Robert Taylor,Yago de moura Santiago,NA,2410,IM,0,1973,15.98,0.1,11.5
26,2015-03-28,Robert Taylor,Mihail Jordanov,NA,1500,,1,1975,16.88,0.9,12.5
27,2015-03-28,Robert Taylor,Milos Pecurica,NA,2240,,0.5,1979,17.13,0.25,13
28,2015-03-29,Robert Taylor,Cagatay Burca,NA,2174,,0,1974,17.45,0.32,13
29,2015-03-30,Robert Taylor,Mitko Stanchev,NA,1950,,1,1980,18.08,0.63,14
30,2015-03-31,Robert Taylor,Dimitar Kacakovsky,NA,2150,FM,0,1974,18.44,0.36,14
31,2015-04-01,Robert Taylor,Nikolaos Sidoropoulos,NA,2120,,0.5,1976,18.84,0.4,14.5
32,2015-04-02,Robert Taylor,Goran Glavinac,NA,2166,,1,1986,19.17,0.33,15.5
33,2015-04-03,Robert Taylor,Ahmet Bolat,NA,2170,,0,1981,19.5,0.33,15.5
34,2015-04-07,Robert Taylor,Alyssa Wang,NA,1782,,1,1985,0.76,0.76,1
35,2015-04-12,Robert Taylor,Andrew Gibbons,NA,1983,,0.5,1985,1.26,0.5,1.5
36,2015-04-13,Robert Taylor,Mike Servini,NA,1603,,1,1986,2.16,0.9,2.5
37,2015-04-28,Robert Taylor,Keith Thompson,NA,1937,,1,1993,2.72,0.56,3.5
38,2015-05-02,Robert Taylor,Giampiero Amato,NA,2090,,0.5,1996,3.07,0.35,4
39,2015-05-03,Robert Taylor,Richard M Cowan,NA,2066,,1,2006,3.45,0.38,5
40,2015-05-04,Robert Taylor,John D Lyth,NA,1994,,0,1998,3.93,0.48,5
41,2015-05-10,Robert Taylor,Lloyd Powell,5,2147,,0.5,2002,4.21,0.28,5.5
42,2015-05-15,Robert Taylor,John Shakespeare,NA,2066,,1,2012,4.59,0.38,6.5
43,2015-05-16,Robert Taylor,M Paul Townsend,NA,2378,,0,2010,4.69,0.1,6.5
44,2015-05-16,Robert Taylor,Martin J Burns,NA,2018,,0,2003,5.14,0.45,6.5
45,2015-05-17,Robert Taylor,Mike J Surtees,NA,2242,,0,2000,5.32,0.18,6.5
46,2015-05-17,Robert Taylor,Marek J Soszynski,NA,1970,,0.5,2000,5.84,0.52,7
47,2015-05-20,Robert Taylor,Robert Dineen,NA,1856,,0.5,1997,6.51,0.67,7.5
48,2015-06-26,Robert Taylor,John Jarmany,NA,2130,,0,1992,6.81,0.3,7.5
49,2015-06-27,Robert Taylor,Harry Russell,NA,2090,,0.5,1994,7.16,0.35,8
50,2015-06-27,Robert Taylor,Nathan J Taylor,NA,1986,,0,1987,7.65,0.49,8
51,2015-06-28,Robert Taylor,Paul J Cheshire,NA,1618,,1,1988,8.55,0.9,9
52,2015-06-28,Robert Taylor,Martin J Burns,NA,2018,,0.5,1989,9,0.45,9.5
1,2015-01-28,Roger Lockyer,Matthew Hooper,93,1003,G1,1,1019,0.5,0.5,1
2,2015-05-13,Roger Lockyer,Brian Hill,79,1188,G1,0,1011,0.76,0.26,1
3,2015-05-20,Roger Lockyer,Brian Hill,79,1188,G1,0,1002,1.02,0.26,1
4,2015-05-27,Roger Lockyer,Christopher Robertson,70,1311,G1,1,1030,1.16,0.14,2
5,2015-06-03,Roger Lockyer,Joshua Abramsky,75,1228,G1,1,1055,1.37,0.21,3
6,2015-06-10,Roger Lockyer,Gordon Cadden,33,1866,G1,0,1052,1.47,0.1,3
7,2015-06-24,Roger Lockyer,Mark Summers,67,1357,G1,0,1048,1.58,0.11,3
1,2015-03-21,Rohan Mohindru,William Christmas,81,1100,G1,0,988,0.36,0.36,0
2,2015-03-21,Rohan Mohindru,Erlina Ainsworth,132,850,G1,1,998,1.06,0.7,1
3,2015-03-21,Rohan Mohindru,Asha Sparks,110,900,G1,0,978,1.7,0.64,1
4,2015-03-22,Rohan Mohindru,Carys Williams,127,850,G1,1,987,2.4,0.7,2
5,2015-03-22,Rohan Mohindru,Lizzie Racz,123,850,G1,1,997,3.1,0.7,3
6,2015-03-22,Rohan Mohindru,Thomas Wardle,109,900,G1,1,1008,3.74,0.64,4
1,2015-06-03,Rolandas Puras,Jonathan Dyment,54,1557,G1,1,1299,0.16,0.16,1
1,2015-01-14,Ron Williams,Dave Williams,41,1746,G1,0,1681,0.42,0.42,0
2,2015-01-20,Ron Williams,Steve Williams (Cwm),37,1800,G1,0,1673,0.77,0.35,0
3,2015-01-28,Ron Williams,Dennis O. Jones,43,1716,G1,0.5,1673,1.23,0.46,0.5
4,2015-02-04,Ron Williams,Steve Williams (Cwm),37,1800,G1,0,1665,1.58,0.35,0.5
5,2015-02-24,Ron Williams,Matthew Parry,NA,1962,E1,0,1661,1.75,0.17,0.5
6,2015-02-25,Ron Williams,David Llewellyn,NA,1918,E1,0,1656,1.96,0.21,0.5
7,2015-03-17,Ron Williams,Jonathan Gilbert,10,2079,G1,0.5,1666,2.06,0.1,1
8,2015-03-25,Ron Williams,Douglas Spencer,24,1985,G1,0.5,1674,2.21,0.15,1.5
1,2015-02-23,Sam Goodfellow,Daniel Jaberansari,NA,970,E1,0,853,0.36,0.36,0
2,2015-04-29,Sam Goodfellow,Sam Thomas,NA,1136,E1,0,848,0.53,0.17,0
1,2015-03-07,Samuel Cook,Jack Warner,105,900,G1,0,884,0.5,0.5,0
2,2015-03-07,Samuel Cook,Anderson Khan,121,850,G1,1,898,1.07,0.57,1
3,2015-03-07,Samuel Cook,Llion Morris,NA,850,N1,1,912,1.64,0.57,2
4,2015-03-08,Samuel Cook,Rishi Paul,NA,876,E1,1,927,2.17,0.53,3
5,2015-03-08,Samuel Cook,Dylan Meek,80,1100,G1,0.5,935,2.41,0.24,3.5
6,2015-03-08,Samuel Cook,Akshara Nagaruru,NA,850,E1,0,917,2.98,0.57,3.5
1,2014-12-16,Sandra G Blackburn,Thomas W Healey,NA,1666,ECF,0.5,1539,0.32,0.32,0.5
2,2015-01-03,Sandra G Blackburn,Euan Stevenson,NA,1266,ECF,1,1544,1.15,0.83,1.5
3,2015-01-03,Sandra G Blackburn,Mark Binfield,NA,1522,ECF,0,1528,1.67,0.52,1.5
4,2015-01-04,Sandra G Blackburn,Steve Alcock,NA,1450,ECF,0,1508,2.29,0.62,1.5
5,2015-01-04,Sandra G Blackburn,Gabriel Preece,NA,1350,Est,1,1516,3.03,0.74,2.5
6,2015-01-07,Sandra G Blackburn,Martin Gill,NA,1530,ECF,0.5,1516,3.53,0.5,3
7,2015-01-16,Sandra G Blackburn,Sam G Beardmore,NA,1642,ECF,0,1505,3.88,0.35,3
8,2015-01-17,Sandra G Blackburn,Andrew Thompson,NA,1666,ECF,0,1495,4.2,0.32,3
9,2015-01-21,Sandra G Blackburn,Watson Fuller,NA,1578,ECF,1,1513,4.64,0.44,4
10,2015-01-24,Sandra G Blackburn,Kevin Day,NA,1530,ECF,0.5,1513,5.14,0.5,4.5
11,2015-01-31,Sandra G Blackburn,David J Gilbert,NA,1714,ECF,0.5,1520,5.4,0.26,5
12,2015-01-31,Sandra G Blackburn,Ian Morley,NA,1186,ECF,1,1524,6.29,0.89,6
13,2015-02-01,Sandra G Blackburn,Stephen J Crockett,NA,1610,ECF,0,1511,6.68,0.39,6
14,2015-02-01,Sandra G Blackburn,Gabriel Tshabango,NA,1506,ECF,1,1526,7.22,0.54,7
15,2015-02-20,Sandra G Blackburn,Nicholas PA Wright,NA,1554,ECF,0.5,1527,7.69,0.47,7.5
16,2015-02-21,Sandra G Blackburn,Lukasz Kacprzac,NA,1562,ECF,0.5,1528,8.15,0.46,8
17,2015-02-27,Sandra G Blackburn,Watson Fuller,NA,1578,ECF,0.5,1530,8.59,0.44,8.5
18,2015-03-04,Sandra G Blackburn,Kenneth J McNulty,NA,1650,ECF,0.5,1535,8.93,0.34,9
19,2015-03-07,Sandra G Blackburn,Richard K Dowling,NA,1690,ECF,1,1558,9.22,0.29,10
20,2015-03-07,Sandra G Blackburn,Neil Milson,NA,1738,ECF,0,1551,9.45,0.23,10
21,2015-03-08,Sandra G Blackburn,Edward W Jarah,NA,1674,ECF,0.5,1557,9.76,0.31,10.5
22,2015-03-08,Sandra G Blackburn,Robert Berry,NA,1618,ECF,0.5,1561,10.14,0.38,11
23,2015-03-10,Sandra G Blackburn,John HM Smith,NA,1586,ECF,0.5,1563,10.57,0.43,11.5
24,2015-03-27,Sandra G Blackburn,Michael Smith,NA,1626,ECF,1,1583,10.94,0.37,12.5
25,2015-03-28,Sandra G Blackburn,John R Day,NA,1650,ECF,0.5,1588,11.28,0.34,13
26,2015-03-28,Sandra G Blackburn,Richard P Cantcliff,NA,1610,ECF,0.5,1592,11.67,0.39,13.5
27,2015-03-29,Sandra G Blackburn,Peter Shaw,NA,1578,ECF,0.5,1593,12.11,0.44,14
28,2015-03-29,Sandra G Blackburn,Steve J Emmerton,NA,1658,ECF,0.5,1599,12.44,0.33,14.5
29,2015-04-07,Sandra G Blackburn,David S Johnson,NA,1578,ECF,0.5,1598,0.53,0.53,0.5
30,2015-04-11,Sandra G Blackburn,Douglas J Barnett,NA,1770,ECF,0,1589,0.8,0.27,0.5
31,2015-04-11,Sandra G Blackburn,Richard Wiltshir,NA,1690,ECF,0.5,1594,1.17,0.37,1
32,2015-04-12,Sandra G Blackburn,Michael I Connor,NA,1866,ECF,0,1588,1.34,0.17,1
33,2015-04-12,Sandra G Blackburn,Colin G Mace,NA,1610,ECF,0.5,1589,1.82,0.48,1.5
34,2015-04-17,Sandra G Blackburn,Clive N Ferry,NA,1674,ECF,0,1576,2.22,0.4,1.5
35,2015-04-21,Sandra G Blackburn,Neville S Jones,NA,1586,ECF,0.5,1575,2.74,0.52,2
36,2015-04-22,Sandra G Blackburn,Brian Wagstaff,NA,1458,ECF,0.5,1569,3.43,0.69,2.5
37,2015-04-24,Sandra G Blackburn,David P Price,NA,1474,ECF,1,1580,4.1,0.67,3.5
38,2015-05-02,Sandra G Blackburn,Russell Bailey,NA,1562,ECF,0.5,1578,4.65,0.55,4
39,2015-05-08,Sandra G Blackburn,David S Johnson,NA,1578,ECF,1,1593,5.18,0.53,5
40,2015-05-15,Sandra G Blackburn,Nicholas PA Wright,NA,1554,ECF,0.5,1591,5.74,0.56,5.5
41,2015-05-16,Sandra G Blackburn,Steve A Edwards,NA,1746,ECF,1,1614,6.04,0.3,6.5
42,2015-05-16,Sandra G Blackburn,James NH Hawkins,NA,1922,ECF,0,1610,6.17,0.13,6.5
43,2015-05-17,Sandra G Blackburn,Alan E Thomason,NA,1794,ECF,0.5,1618,6.42,0.25,7
44,2015-05-17,Sandra G Blackburn,Richard Szwajkun,NA,1706,ECF,0.5,1622,6.77,0.35,7.5
45,2015-06-13,Sandra G Blackburn,Robert J Wallman,NA,1802,ECF,0,1615,7.01,0.24,7.5
46,2015-06-13,Sandra G Blackburn,Christopher Riley,NA,1810,ECF,0,1607,7.24,0.23,7.5
47,2015-06-14,Sandra G Blackburn,Neville R Pearce,NA,1762,ECF,0,1598,7.52,0.28,7.5
48,2015-06-14,Sandra G Blackburn,Michael Farthing,NA,1770,ECF,0,1590,7.79,0.27,7.5
49,2015-06-20,Sandra G Blackburn,Marek Piedel,NA,1700,Est,0,1578,8.15,0.36,7.5
50,2015-06-20,Sandra G Blackburn,Paul Robert Jackson,NA,1674,ECF,0.5,1581,8.55,0.4,8
51,2015-06-21,Sandra G Blackburn,Anthony Jinks,NA,1634,ECF,1,1599,9,0.45,9
52,2015-06-21,Sandra G Blackburn,Con Carey,NA,1586,ECF,0.5,1598,9.52,0.52,9.5
1,2015-05-31,Stephanie du Toit,Thomas McLaren,NA,1706,ECF,1,1764,0.57,0.57,1
2,2015-05-31,Stephanie du Toit,Luke Vallis,NA,1754,ECF,0.5,1764,1.07,0.5,1.5
1,2015-02-18,Steve Horrell,Gordon Cadden,33,1866,G1,0.5,1683,0.25,0.25,0.5
2,2015-02-25,Steve Horrell,Dennis O. Jones,43,1716,G1,1,1696,0.7,0.45,1.5
3,2015-03-04,Steve Horrell,Steve Williams (Cwm),37,1792,G2,0,1688,1.04,0.34,1.5
4,2015-03-15,Steve Horrell,Adrian Davies,NA,1752,W1,1,1702,1.44,0.4,2.5
5,2015-04-12,Steve Horrell,Colin Denham,NA,1643,D2,0,1689,1.99,0.55,2.5
6,2015-04-29,Steve Horrell,Lyn Holland,57,1511,G1,1,1696,2.71,0.72,3.5
7,2015-05-10,Steve Horrell,Bill Harle,NA,1744,E1,0.5,1698,3.12,0.41,4
1,2015-01-02,Steve Williams (Cwm),David A Sands,NA,2290,ECF,0,1798,0.1,0.1,0
2,2015-01-03,Steve Williams (Cwm),Shayanna Sivarajasingham,NA,1723,E1,0.5,1795,0.71,0.61,0.5
3,2015-01-03,Steve Williams (Cwm),Benjamin Choo Yin,NA,1797,E1,0.5,1795,1.21,0.5,1
4,2015-01-04,Steve Williams (Cwm),Chirag Guha,NA,1731,E1,0,1781,1.81,0.6,1
5,2015-01-04,Steve Williams (Cwm),Julie van Kemenade,NA,1786,D1,0,1768,2.33,0.52,1
6,2015-01-20,Steve Williams (Cwm),Ron Williams,44,1691,G1,1,1776,2.98,0.65,2
7,2015-01-31,Steve Williams (Cwm),Hywel Griffiths,NA,1829,W1`,0,1765,3.44,0.46,2
8,2015-01-31,Steve Williams (Cwm),Bob Hurn,NA,1661,E1,1,1773,4.13,0.69,3
9,2015-02-01,Steve Williams (Cwm),Bedanta Baruah,NA,1615,E1,1,1779,4.87,0.74,4
10,2015-02-01,Steve Williams (Cwm),Dave R Lewis,NA,1937,E1,0.5,1784,5.18,0.31,4.5
11,2015-02-04,Steve Williams (Cwm),Ron Williams,44,1691,G1,1,1792,5.83,0.65,5.5
12,2015-02-07,Steve Williams (Cwm),Peter Rawcliffe,NA,1818,ECF,0,1781,6.3,0.47,5.5
13,2015-02-07,Steve Williams (Cwm),Guy Waller,NA,1450,PR,1,1783,7.19,0.89,6.5
14,2015-02-07,Steve Williams (Cwm),Patrick P Sartain,NA,1626,ECF,1,1790,7.92,0.73,7.5
15,2015-02-08,Steve Williams (Cwm),AW (Tony) Burcham,NA,1642,ECF,0,1773,8.63,0.71,7.5
16,2015-02-17,Steve Williams (Cwm),Andrew Owen,34,1844,G1,0,1762,9.07,0.44,7.5
17,2015-02-21,Steve Williams (Cwm),Vincenzo Bisogno,NA,1626,ECF,1,1769,9.8,0.73,8.5
18,2015-02-21,Steve Williams (Cwm),Michael J Dean,NA,1546,ECF,1,1773,10.62,0.82,9.5
19,2015-02-22,Steve Williams (Cwm),David C Neagle,NA,1802,ECF,1,1785,11.12,0.5,10.5
20,2015-02-22,Steve Williams (Cwm),Andrew H Heard,NA,1834,ECF,1,1798,11.57,0.45,11.5
21,2015-02-25,Steve Williams (Cwm),Chris Dixon,35,1837,G1,0.5,1800,12.02,0.45,12
22,2015-02-28,Steve Williams (Cwm),Colin G Mace,NA,1610,ECF,1,1806,12.77,0.75,13
23,2015-02-28,Steve Williams (Cwm),Stephen M Chadaway,NA,1786,ECF,1,1817,13.29,0.52,14
24,2015-02-28,Steve Williams (Cwm),Richard Weston,NA,1804,ECF,0,1805,13.78,0.49,14
25,2015-03-01,Steve Williams (Cwm),George Georgiou,NA,1778,ECF,0,1793,14.31,0.53,14
26,2015-03-01,Steve Williams (Cwm),Christopher J Evans,NA,1786,ECF,0.5,1792,14.83,0.52,14.5
27,2015-03-04,Steve Williams (Cwm),Steve Horrell,45,1677,G1,1,1800,0.66,0.66,1
28,2015-03-06,Steve Williams (Cwm),Mark A Keady,NA,1882,ECF,0,1791,1.04,0.38,1
29,2015-03-07,Steve Williams (Cwm),Paul H MacDonald,NA,1874,ECF,0.5,1794,1.43,0.39,1.5
30,2015-03-07,Steve Williams (Cwm),Peter Harker,NA,1714,ECF,0.5,1791,2.04,0.61,2
31,2015-03-08,Steve Williams (Cwm),Michael Barooah,NA,1690,ECF,1,1800,2.68,0.64,3
32,2015-03-08,Steve Williams (Cwm),Keith A Wilcox,NA,1706,ECF,0,1785,3.3,0.62,3
33,2015-03-11,Steve Williams (Cwm),David Llewellyn,NA,1918,E1,0,1777,3.63,0.33,3
34,2015-03-14,Steve Williams (Cwm),Adam Bennett,NA,1730,ECF,0.5,1775,4.22,0.59,3.5
35,2015-03-14,Steve Williams (Cwm),Lukasz Marcin Walijewski,NA,1778,ECF,0.5,1774,4.74,0.52,4
36,2015-03-14,Steve Williams (Cwm),Richard Wiltshir,NA,1754,ECF,0,1761,5.29,0.55,4
37,2015-03-15,Steve Williams (Cwm),Qais Karimi,NA,1706,ECF,1,1770,5.91,0.62,5
38,2015-03-15,Steve Williams (Cwm),Windsor WA Peck,NA,1650,ECF,1,1778,6.6,0.69,6
39,2015-03-17,Steve Williams (Cwm),Mark Emblem,62,1424,G1,1,1780,7.5,0.9,7
40,2015-03-25,Steve Williams (Cwm),Nigel Saunders,26,1936,G1,0,1773,7.81,0.31,7
41,2015-03-27,Steve Williams (Cwm),Ray K Hunt,NA,1682,ECF,1,1781,8.46,0.65,8
42,2015-03-28,Steve Williams (Cwm),Robert Parsons,NA,1714,ECF,0,1766,9.07,0.61,8
43,2015-03-28,Steve Williams (Cwm),Pierambroglio Cillo,NA,1600,Est,0.5,1760,9.82,0.75,8.5
44,2015-03-29,Steve Williams (Cwm),David J Gilbert,NA,1714,ECF,0,1746,10.43,0.61,8.5
45,2015-03-29,Steve Williams (Cwm),Alan Brewis,NA,1378,ECF,1,1748,11.33,0.9,9.5
46,2015-04-03,Steve Williams (Cwm),Sam White,NA,1570,W1,1,1753,12.11,0.78,10.5
47,2015-04-03,Steve Williams (Cwm),John Fletcher,NA,2068,E1,0,1750,12.27,0.16,10.5
48,2015-04-04,Steve Williams (Cwm),Bob Hurn,NA,1675,E2,0.5,1746,12.93,0.66,11
49,2015-04-04,Steve Williams (Cwm),Julie van Kemenade,NA,1786,D1,0,1733,13.44,0.51,11
50,2015-04-05,Steve Williams (Cwm),Andrew Di-Vetta,NA,1641,E2,1,1741,14.14,0.7,12
51,2015-04-06,Steve Williams (Cwm),Robbie Kildea,NA,1716,TPR,1,1750,14.75,0.61,13
52,2015-04-06,Steve Williams (Cwm),Simon Blackmore,NA,1760,E1,0,1737,15.3,0.55,13
53,2015-04-11,Steve Williams (Cwm),Robert Clegg,NA,1922,ECF,0.5,1743,0.26,0.26,0.5
54,2015-04-11,Steve Williams (Cwm),Richard E Desmedt,NA,1906,ECF,0,1736,0.54,0.28,0.5
55,2015-04-11,Steve Williams (Cwm),Richard Wiltshir,NA,1690,ECF,1,1746,1.11,0.57,1.5
56,2015-04-12,Steve Williams (Cwm),Sam Bradley,NA,1626,ECF,0,1731,1.76,0.65,1.5
57,2015-04-12,Steve Williams (Cwm),Jacob Connor Boswell,NA,1818,ECF,0,1721,2.15,0.39,1.5
58,2015-04-18,Steve Williams (Cwm),James H Galloway,NA,1658,ECF,0,1707,2.76,0.61,1.5
59,2015-04-18,Steve Williams (Cwm),Adrian N Walker,NA,1714,ECF,0,1694,3.29,0.53,1.5
60,2015-04-19,Steve Williams (Cwm),Tony Shaw,NA,1706,ECF,0,1681,3.83,0.54,1.5
61,2015-04-19,Steve Williams (Cwm),Roy Thomas,NA,1790,E1,0,1671,4.26,0.43,1.5
62,2015-04-25,Steve Williams (Cwm),Keith C Osborne,NA,1706,ECF,1,1682,4.8,0.54,2.5
63,2015-04-25,Steve Williams (Cwm),Marc A Bryant,NA,1746,ECF,0,1670,5.29,0.49,2.5
64,2015-04-26,Steve Williams (Cwm),Colin R Payne,NA,1754,ECF,1,1683,5.77,0.48,3.5
65,2015-04-26,Steve Williams (Cwm),Andrew D Hartland,NA,1482,ECF,0.5,1675,6.59,0.82,4
66,2015-05-16,Steve Williams (Cwm),Paul A Carlucci,NA,1898,ECF,0.5,1680,6.87,0.28,4.5
67,2015-05-16,Steve Williams (Cwm),Kevin Winter,NA,1834,ECF,0,1671,7.24,0.37,4.5
68,2015-05-17,Steve Williams (Cwm),Neil Adams,NA,1794,ECF,1,1685,7.66,0.42,5.5
69,2015-05-17,Steve Williams (Cwm),John K Footner,NA,1834,ECF,1,1700,8.03,0.37,6.5
70,2015-05-23,Steve Williams (Cwm),Tim Chinnick,NA,1618,ECF,0,1684,8.69,0.66,6.5
71,2015-05-23,Steve Williams (Cwm),Nilomi Desai,NA,1562,ECF,1,1691,9.42,0.73,7.5
72,2015-05-24,Steve Williams (Cwm),Adrian N Walker,NA,1714,ECF,1,1702,9.95,0.53,8.5
73,2015-05-24,Steve Williams (Cwm),Eddie Fierek,NA,1706,ECF,0,1689,10.49,0.54,8.5
74,2015-05-25,Steve Williams (Cwm),John Lightowler,NA,1754,ECF,0.5,1690,10.97,0.48,9
75,2015-05-25,Steve Williams (Cwm),Patrick Baker,NA,1698,ECF,1,1701,11.52,0.55,10
76,2015-05-30,Steve Williams (Cwm),Graham W Blackmore,NA,1890,ECF,0,1694,11.81,0.29,10
77,2015-05-30,Steve Williams (Cwm),Karim Khan,NA,1842,ECF,1,1709,12.17,0.36,11
78,2015-05-31,Steve Williams (Cwm),David A Patrick,NA,1930,ECF,1,1727,12.42,0.25,12
79,2015-05-31,Steve Williams (Cwm),Raymond J Gamble,NA,1930,ECF,0,1721,12.67,0.25,12
80,2015-06-20,Steve Williams (Cwm),Neil Jerzynek,NA,1666,ECF,1,1731,0.58,0.58,1
81,2015-06-20,Steve Williams (Cwm),David Malcolm Innes,NA,1698,ECF,0.5,1730,1.11,0.53,1.5
82,2015-06-20,Steve Williams (Cwm),Georgia Georgiou,NA,1674,ECF,0,1717,1.68,0.57,1.5
83,2015-06-21,Steve Williams (Cwm),Con Carey,NA,1586,ECF,0.5,1712,2.36,0.68,2
84,2015-06-21,Steve Williams (Cwm),Neil C Dainty,NA,1514,ECF,1,1718,3.13,0.77,3
85,2015-06-27,Steve Williams (Cwm),Stephen Lee,NA,1682,ECF,0,1705,3.68,0.55,3
86,2015-06-27,Steve Williams (Cwm),David Gilbert,NA,1714,ECF,0,1692,4.19,0.51,3
87,2015-06-28,Steve Williams (Cwm),Guido Ngandu,NA,1426,ECF,1,1696,5.04,0.85,4
88,2015-06-28,Steve Williams (Cwm),David Tate,NA,1674,ECF,0.5,1694,5.61,0.57,4.5
1,2015-03-24,Steve Williams (Mal),Mark Adams,19,2011,G1,0.5,1668,0.11,0.11,0.5
1,2015-01-10,Sven Zeidler,Martin R Taylor,NA,2386,FM,0.5,2258,0.32,0.32,0.5
2,2015-01-11,Sven Zeidler,Jonathan E Swindells,NA,2202,,0.5,2257,0.89,0.57,1
3,2015-01-18,Sven Zeidler,Howard Williams,NA,2337,FM,0.5,2259,1.28,0.39,1.5
4,2015-01-29,Sven Zeidler,Mark J Leonard,NA,1890,,1,2260,2.18,0.9,2.5
5,2015-02-18,Sven Zeidler,Ricardo Rei,NA,2010,,1,2263,2.99,0.81,3.5
6,2015-02-20,Sven Zeidler,Chris Dixon,35,1837,,1,2265,3.89,0.9,4.5
7,2015-02-21,Sven Zeidler,Rudy van Kemenade,NA,2045,,1,2268,4.66,0.77,5.5
8,2015-02-21,Sven Zeidler,Tom Brown,NA,2132,,1,2274,5.33,0.67,6.5
9,2015-02-22,Sven Zeidler,Richard S Jones,NA,2420,IM,0,2269,5.61,0.28,6.5
10,2015-02-22,Sven Zeidler,Carl Strugnell,NA,2279,FM,0,2262,6.08,0.47,6.5
11,2015-03-15,Sven Zeidler,Peter Heaven,NA,2131,,1,2267,6.75,0.67,7.5
12,2015-03-28,Sven Zeidler,John K Shaw,NA,2434,GM,0,2263,7.01,0.26,7.5
13,2015-03-29,Sven Zeidler,Alexander Galliano,NA,2386,,0,2258,7.33,0.32,7.5
14,2015-03-30,Sven Zeidler,Lewis Martin,NA,2194,,1,2264,7.92,0.59,8.5
15,2015-04-03,Sven Zeidler,Nicholas Evans,NA,1995,,1,2267,8.74,0.82,9.5
16,2015-04-03,Sven Zeidler,Paul Hatchett,18,2022,,1,2270,9.54,0.8,10.5
17,2015-04-04,Sven Zeidler,Charles F Morris,NA,2167,,1,2276,10.16,0.62,11.5
18,2015-04-04,Sven Zeidler,Jonathan LB Blackburn,NA,2146,,0,2266,10.81,0.65,11.5
19,2015-04-05,Sven Zeidler,Tom Brown,NA,2132,,0,2255,11.48,0.67,11.5
20,2015-04-06,Sven Zeidler,Nigel Ralphs,NA,2000,,0.5,2250,12.3,0.82,12
21,2015-04-06,Sven Zeidler,Dave R Lewis,NA,1937,,1,2252,13.17,0.87,13
22,2015-04-12,Sven Zeidler,Carl Strugnell,NA,2279,FM,0,2245,13.64,0.47,13
23,2015-05-02,Sven Zeidler,Ruben Cenal Gutierrez,NA,2346,FM,0,2239,14.01,0.37,13
24,2015-05-03,Sven Zeidler,Sabrina L Chevannes,NA,2290,WIM,0,2232,14.46,0.45,13
25,2015-05-04,Sven Zeidler,David Sands,NA,2290,,0,2224,14.91,0.45,13
26,2015-05-10,Sven Zeidler,Lee Davis,NA,2076,,0,2213,0.7,0.7,0
1,2015-02-11,Terry Hill,Nigel Saunders,26,1936,G1,0,1656,0.16,0.16,0
2,2015-02-17,Terry Hill,Colin Gilbert,36,1804,G1,1,1673,0.47,0.31,1
3,2015-02-25,Terry Hill,Ernest Gibiec,6,2141,G1,0,1670,0.57,0.1,1
4,2015-03-04,Terry Hill,Richard Livermore,50,1649,G1,0,1658,1.09,0.52,1
5,2015-03-25,Terry Hill,Gordon Cadden,33,1866,G1,1,1676,1.32,0.23,2
6,2015-04-08,Terry Hill,Steve Christmas,NA,1930,E1,1,1696,1.49,0.17,3
1,2014-12-18,Thomas Thorpe,Richard Edwards,NA,2080,,0.5,2080,0.5,0.5,0.5
2,2015-01-13,Thomas Thorpe,Felix McPeake,NA,1946,,1,2085,1.18,0.68,1.5
3,2015-01-20,Thomas Thorpe,Jonathan Cox,NA,1946,,0,2074,1.86,0.68,1.5
4,2015-01-27,Thomas Thorpe,Anthony J Green,NA,2050,,0.5,2074,2.4,0.54,2
5,2015-02-03,Thomas Thorpe,Colin J Green,NA,1970,,1,2079,3.05,0.65,3
6,2015-02-17,Thomas Thorpe,Mark E Page,NA,2098,,0,2072,3.52,0.47,3
7,2015-02-21,Thomas Thorpe,Sixten M Thestrup,NA,2418,,0,2070,3.64,0.12,3
8,2015-02-21,Thomas Thorpe,Samuel A Walker,NA,2066,,0,2061,4.16,0.52,3
9,2015-02-21,Thomas Thorpe,David Perfecto Mora Fonz,NA,2402,,1,2075,4.29,0.13,4
10,2015-02-22,Thomas Thorpe,Lorenz Hartmann,NA,2106,,1,2084,4.75,0.46,5
11,2015-02-22,Thomas Thorpe,Ryan Rhys Griffiths,NA,2348,FM,0,2081,4.92,0.17,5
12,2015-02-24,Thomas Thorpe,Joshua Pink,NA,2058,,1,2089,5.45,0.53,6
13,2015-03-24,Thomas Thorpe,Alistair A Gilbert,NA,2122,,0.5,2090,5.89,0.44,6.5
14,2015-04-03,Thomas Thorpe,Paul Hatchett,18,2022,,0,2080,6.47,0.58,6.5
15,2015-04-03,Thomas Thorpe,Nicholas Evans,NA,1995,,1,2087,7.09,0.62,7.5
16,2015-04-04,Thomas Thorpe,Joe Fathallah,NA,2007,,0,2077,7.69,0.6,7.5
17,2015-04-04,Thomas Thorpe,Nigel Ralphs,NA,2000,,0,2067,8.3,0.61,7.5
18,2015-04-05,Thomas Thorpe,Syringa L Camp,NA,1724,,1,2069,9.2,0.9,8.5
19,2015-04-06,Thomas Thorpe,Ernest M White,NA,1946,,0,2058,9.88,0.68,8.5
20,2015-04-06,Thomas Thorpe,Dai James,NA,1843,,0.5,2053,10.68,0.8,9
1,2015-03-21,Thomas Wardle,Rhys Taylor,NA,850,E1,1,914,0.57,0.57,1
2,2015-03-21,Thomas Wardle,Ben Barnes,NA,1000,N1,0,902,0.93,0.36,1
3,2015-03-21,Thomas Wardle,Carys Williams,127,850,G1,1,916,1.5,0.57,2
4,2015-03-22,Thomas Wardle,Charlie Davies,120,850,G1,1,930,2.07,0.57,3
5,2015-03-22,Thomas Wardle,Cameron Harris,114,850,G1,0,912,2.64,0.57,3
6,2015-03-22,Thomas Wardle,Rohan Mohindru,95,1000,G1,0,900,3,0.36,3
1,2015-03-07,Toby Davies,Hiya Ray,NA,1339,E2,0,847,0.1,0.1,0
2,2015-03-07,Toby Davies,Finlay Robertson,116,850,G1,1,863,0.6,0.5,1
3,2015-03-07,Toby Davies,Nye Bradfield,NA,923,E1,0,850,1,0.4,1
4,2015-03-08,Toby Davies,Ethan Chung,NA,1071,E1,0,843,1.22,0.22,1
5,2015-03-08,Toby Davies,Harrison Postans,115,850,G1,0,827,1.72,0.5,1
6,2015-03-08,Toby Davies,Christopher Tang,118,850,G1,0,811,2.22,0.5,1
1,2015-03-21,Tomas Breeze,Hugo Russell,94,1000,G1,0,840,0.3,0.3,0
2,2015-03-21,Tomas Breeze,Barney Thomas-Hewartson,108,900,G1,1,859,0.73,0.43,1
3,2015-03-22,Tomas Breeze,Ben Barnes,NA,1000,N1,0,849,1.03,0.3,1
4,2015-03-22,Tomas Breeze,Asha Sparks,110,900,G1,0,835,1.46,0.43,1
5,2015-03-22,Tomas Breeze,Erlina Ainsworth,132,850,G1,0.5,835,1.96,0.5,1.5
1,2015-01-20,Warren Brown,Lewis Perham,100,981,G1,1,1258,0.83,0.83,1
2,2015-02-18,Warren Brown,Chris Reading,47,1661,G1,0,1255,0.93,0.1,1
3,2015-03-04,Warren Brown,Brian Ross,59,1483,G1,0,1249,1.14,0.21,1
4,2015-03-11,Warren Brown,Brenda Miles,NA,1245,E1,0.5,1248,1.65,0.51,1.5
5,2015-04-01,Warren Brown,Jonathan Dyment,54,1557,G1,0,1244,1.79,0.14,1.5
6,2015-04-08,Warren Brown,Chris Reading,47,1661,G1,0,1241,1.89,0.1,1.5
1,2015-03-07,William Latheron,Anna Boyle,102,978,G1,0,839,0.33,0.33,0
2,2015-03-07,William Latheron,Eoin Shackleton,113,850,G1,0,823,0.83,0.5,0
3,2015-03-07,William Latheron,Anderson Khan,121,850,G1,1,839,1.33,0.5,1
4,2015-03-08,William Latheron,Akshara Nagaruru,NA,850,E1,0,823,1.83,0.5,1
5,2015-03-08,William Latheron,Ben Sloper,87,1050,G1,0,816,2.07,0.24,1
6,2015-03-08,William Latheron,Llion Morris,NA,850,N1,1,832,2.57,0.5,2
7,2015-03-21,William Latheron,Carys Williams,127,850,G1,1,848,3.07,0.5,3
8,2015-03-21,William Latheron,Arthur Newington-Bridges,104,950,G1,1,868,3.43,0.36,4
9,2015-03-21,William Latheron,Cameron Harris,114,850,G1,0,852,3.93,0.5,4
10,2015-03-22,William Latheron,Asha Sparks,110,900,G1,1,870,4.36,0.43,5
11,2015-03-22,William Latheron,Ben Barnes,NA,1000,N1,0,861,4.66,0.3,5
12,2015-03-22,William Latheron,Matthew Vaideanu,130,850,G1,1,877,5.16,0.5,6
1,2015-01-07,William Newrick,Dave Connolly,55,1542,G1,0,1357,0.27,0.27,0
2,2015-01-14,William Newrick,Gerry Carolan,60,1460,G1,0,1346,0.64,0.37,0
3,2015-02-04,William Newrick,Adam Jenkins,64,1381,G1,0,1330,1.12,0.48,0
4,2015-02-18,William Newrick,Mark Summers,67,1357,G1,0,1314,1.63,0.51,0
5,2015-02-25,William Newrick,Lyn Holland,57,1511,G1,0,1304,1.93,0.3,0
6,2015-03-04,William Newrick,Brian Heath,46,1663,G1,1,1331,2.08,0.15,1
7,2015-04-08,William Newrick,Lyn Holland,57,1511,G1,0,1322,2.38,0.3,1
8,2015-04-29,William Newrick,Brian Hill,79,1188,G1,0.5,1314,3.12,0.74,1.5
1,2015-01-24,Woody Shaw,Hiya Ray,NA,1271,E1,0,1056,0.23,0.23,0
2,2015-01-24,Woody Shaw,Michael Uriely,NA,1546,ECF,0,1052,0.33,0.1,0
3,2015-01-24,Woody Shaw,Emily Bramah,NA,1186,ECF,1,1074,0.66,0.33,1
4,2015-01-25,Woody Shaw,Callum Cavanaugh,NA,930,ECF,1,1084,1.34,0.68,2
5,2015-01-25,Woody Shaw,Dhruv Radharkrishnan,NA,1554,ECF,0.5,1097,1.44,0.1,2.5
6,2015-03-07,Woody Shaw,Dafydd Lee,NA,952,N1,0,1076,2.09,0.65,2.5
7,2015-03-07,Woody Shaw,Neel Bhatia,NA,850,E1,1,1083,2.86,0.77,3.5
8,2015-03-07,Woody Shaw,Ben Sloper,87,1050,G1,1,1099,3.38,0.52,4.5
9,2015-03-08,Woody Shaw,Dylan Meek,80,1100,G1,0,1084,3.83,0.45,4.5
10,2015-03-08,Woody Shaw,Akshara Nagaruru,NA,850,E1,0,1060,4.6,0.77,4.5
11,2015-03-08,Woody Shaw,Rishi Paul,NA,876,E1,1,1068,5.35,0.75,5.5
1,2015-01-14,Zane Allford,Andrew Owen,34,1844,G1,0.5,1729,0.34,0.34,0.5
2,2015-01-31,Zane Allford,Paul Bridges,NA,1948,E1,0,1724,0.56,0.22,0.5
3,2015-01-31,Zane Allford,Gareth Davies,NA,1390,E1,1,1726,1.44,0.88,1.5
4,2015-02-01,Zane Allford,Nigel Ralphs,NA,2000,E1,0,1722,1.61,0.17,1.5
5,2015-02-01,Zane Allford,Bob Hurn,NA,1661,E1,0.5,1720,2.2,0.59,2
6,2015-02-17,Zane Allford,Bob Hurn,NA,1661,E1,0.5,1718,2.79,0.59,2.5
7,2015-02-24,Zane Allford,Mark Emblem,62,1424,G1,1,1721,3.65,0.86,3.5
8,2015-03-15,Zane Allford,Ian Eustis,NA,1787,W1,0,1712,4.06,0.41,3.5
9,2015-04-08,Zane Allford,Dennis O. Jones,43,1716,G1,1,1723,4.57,0.51,4.5
10,2015-04-12,Zane Allford,Martin C Jones,NA,1731,D1,0.5,1724,5.06,0.49,5
11,2015-04-29,Zane Allford,Nigel Saunders,26,1936,G1,0,1718,5.29,0.23,5
12,2015-05-02,Zane Allford,Sarah Rowles,NA,1602,D1,1,1726,5.96,0.67,6
13,2015-05-10,Zane Allford,Jonathan Bold,NA,1790,E1,0,1716,6.37,0.41,6
