GameNo,Date,Player1,Player2,OppKey,OppRating_Display,RatingType,Result,New,Tot,Exp,Pts
1,2013-01-16,Alexander Prykhodko,Brian Hill,85,1233,G1,1,1652,0.9,0.9,1
1,2013-03-02,Alice Tang,Harri Davies,NA,1000,W1-adj,1,1304,0.86,0.86,1
2,2013-03-02,Alice Tang,James Evans,NA,1438,W1,0.5,1311,1.17,0.31,1.5
3,2013-03-02,Alice Tang,Daniel Siromani,NA,1385,E1,0,1298,1.55,0.38,1.5
4,2013-03-03,Alice Tang,Stephanie du Toit,58,1606,G1,0,1294,1.69,0.14,1.5
5,2013-03-03,Alice Tang,Callum McGarvey-Jones,102,900,G1,1,1297,2.59,0.9,2.5
6,2013-03-03,Alice Tang,James Robertson,100,1050,G1,1,1303,3.4,0.81,3.5
7,2013-06-01,Alice Tang,Madeleine E Liu,NA,1362,ECF,0.5,1306,3.81,0.41,4
8,2013-06-01,Alice Tang,Lucy Bennet-Stevens,NA,1418,ECF,0,1295,4.15,0.34,4
9,2013-06-29,Alice Tang,Susanna Fraser,NA,850,E1,1,1298,5.05,0.9,5
10,2013-06-29,Alice Tang,Thomas Lagardette,NA,1420,FRA,0,1288,5.39,0.34,5
11,2013-06-30,Alice Tang,Blake Fisher,NA,1211,E1,0,1268,6.01,0.62,5
12,2013-06-30,Alice Tang,Anna-Lena Barth,NA,1400,E1,1,1288,6.37,0.36,6
1,2013-01-16,Andrew Bates,Rhys Steele,NA,1847,E1,1,2024,0.73,0.73,1
2,2013-02-27,Andrew Bates,Nick Davies,37,1736,G1,1,2027,1.57,0.84,2
3,2012-03-27,Andrew Bates,Dave Turner,20,1942,G1,0,2017,2.18,0.61,2
1,2013-01-30,Andrew Owen,Steve Vickery,40,1713,G1,0.5,1841,0.68,0.68,0.5
2,2013-02-06,Andrew Owen,Nigel Granville,27,1888,G1,0,1830,1.12,0.44,0.5
3,2013-02-13,Andrew Owen,Paul Tew,NA,1828,E1,0.5,1830,1.64,0.52,1
4,2013-02-19,Andrew Owen,Dave Roberts,57,1625,G1,1,1835,2.42,0.78,2
5,2013-03-20,Andrew Owen,Hiram Rogers,59,1586,G1,1,1839,3.24,0.82,3
6,2013-04-03,Andrew Owen,Ron Williams,48,1661,G1,1,1845,3.98,0.74,4
7,2013-04-10,Andrew Owen,Bob Hurn,NA,1633,E2,0,1827,4.75,0.77,4
8,2013-04-24,Andrew Owen,Ron Williams,48,1661,G1,0.5,1821,5.49,0.74,4.5
1,2013-06-28,Bilal Umer,Paul Turner,NA,1325,E1,0,847,0.1,0.1,0
2,2013-06-29,Bilal Umer,Megan Richards,NA,1359,E2,0,844,0.2,0.1,0
3,2013-06-29,Bilal Umer,Carl Bennett,84,1223,G2,0,840,0.3,0.1,0
4,2013-06-30,Bilal Umer,Susanna Fraser,NA,850,E1,1,856,0.8,0.5,1
5,2013-06-30,Bilal Umer,Roger Lockyer,91,1065,G1,0,849,1.02,0.22,1
1,2013-01-09,Brian Heath,Paul Kostanjsek,80,1358,G1,0,1618,0.84,0.84,0
2,2013-01-15,Brian Heath,Terry Hill,54,1641,G1,0,1606,1.34,0.5,0
3,2013-02-10,Brian Heath,James Cook,NA,1481,D1,1,1613,2.05,0.71,1
4,2013-02-12,Brian Heath,Brenda Miles,NA,1373,E1,1,1617,2.88,0.83,2
5,2012-03-27,Brian Heath,Brian Ross,67,1538,G1,1,1626,3.52,0.64,3
6,2013-03-29,Brian Heath,Windsor Lewis,NA,1211,E1,1,1628,4.42,0.9,4
7,2013-03-30,Brian Heath,Paul Kostanjsek,80,1358,G1,1,1632,5.26,0.84,5
8,2013-03-31,Brian Heath,Paul Orton,NA,1630,D1,0,1620,5.77,0.51,5
9,2013-04-01,Brian Heath,Kevin O'Rourke,NA,1254,E1,1,1622,6.67,0.9,6
10,2013-04-01,Brian Heath,Chirag Guha,NA,1524,E2,0.5,1618,7.33,0.66,6.5
11,2013-04-03,Brian Heath,Mark Emblem,77,1421,G1,1,1623,8.11,0.78,7.5
12,2013-04-09,Brian Heath,Lyn Holland,69,1484,G1,0,1606,8.82,0.71,7.5
13,2013-04-24,Brian Heath,Owen Bennett,39,1667,G3,0,1595,9.28,0.46,7.5
1,2013-01-16,Brian Hill,Alexander Prykhodko,50,1650,G1,0,1230,0.1,0.1,0
2,2013-03-13,Brian Hill,Brian Ross,67,1538,G1,0,1225,0.24,0.14,0
3,2013-03-20,Brian Hill,Terry Hill,54,1641,G1,0,1222,0.34,0.1,0
4,2013-04-03,Brian Hill,Paul Kostanjsek,80,1358,G1,0.5,1228,0.67,0.33,0.5
1,2013-02-13,Brian Ross,Mark Emblem,77,1421,G1,0.5,1533,0.66,0.66,0.5
2,2013-02-27,Brian Ross,Clive Crowley,NA,1401,E1,0.5,1527,1.35,0.69,1
3,2013-03-13,Brian Ross,Brian Hill,85,1233,G1,1,1531,2.21,0.86,2
4,2012-03-27,Brian Ross,Brian Heath,55,1638,G1,0,1520,2.57,0.36,2
1,2013-03-02,Callum McGarvey-Jones,Hugo Fowler,97,1200,G1,0,896,0.14,0.14,0
2,2013-03-02,Callum McGarvey-Jones,James Robertson,100,1050,G1,0,886,0.44,0.3,0
3,2013-03-02,Callum McGarvey-Jones,Harri Davies,NA,1000,W1-adj,0,874,0.8,0.36,0
4,2013-03-03,Callum McGarvey-Jones,George Edwards,NA,850,W1,1,888,1.37,0.57,1
5,2013-03-03,Callum McGarvey-Jones,Alice Tang,89,1300,G1,0,885,1.47,0.1,1
6,2013-03-03,Callum McGarvey-Jones,Tom Farley,NA,850,W1,1,899,2.04,0.57,2
1,2012-12-28,Carl Bennett,Harrry McClaren,NA,1586,ECF,0.5,1260,0.12,0.12,0.5
2,2012-12-28,Carl Bennett,Samuel Coy,NA,1442,ECF,0,1252,0.37,0.25,0.5
3,2012-12-29,Carl Bennett,Rishul Karia,NA,1490,ECF,0,1246,0.57,0.2,0.5
4,2012-12-29,Carl Bennett,Antoine Clarke,NA,1514,RP,0,1240,0.74,0.17,0.5
5,2012-12-30,Carl Bennett,James C Moody,NA,1192,RP,0,1222,1.32,0.58,0.5
6,2012-12-30,Carl Bennett,Viraj Gupta,NA,1216,RP,0.5,1220,1.87,0.55,1
7,2013-01-07,Carl Bennett,Dwain Jones,NA,1035,E1,0,1196,2.64,0.77,1
8,2013-01-16,Carl Bennett,Tony Davies,75,1430,G1,0.5,1203,2.9,0.26,1.5
9,2013-02-02,Carl Bennett,Andrew Ellis,NA,1450,ECF,0,1196,3.14,0.24,1.5
10,2013-02-02,Carl Bennett,Max H Winberg,NA,1394,ECF,0,1186,3.44,0.3,1.5
11,2013-02-02,Carl Bennett,Michael Campling,NA,1282,ECF,1,1204,3.89,0.45,2.5
12,2013-02-03,Carl Bennett,Keith Horsley,NA,1522,ECF,0,1198,4.06,0.17,2.5
13,2013-02-03,Carl Bennett,Rex Soulsby,NA,1346,ECF,0.5,1203,4.42,0.36,3
14,2013-02-06,Carl Bennett,Mark Emblem,77,1421,G1,0,1194,4.69,0.27,3
15,2013-02-23,Carl Bennett,Nick McIlvenna,NA,1336,D1,0,1182,5.07,0.38,3
16,2013-02-23,Carl Bennett,Robbie Coles,NA,1144,D1,0,1161,5.71,0.64,3
17,2013-02-24,Carl Bennett,Margaret Baron,NA,850,D1,1,1164,6.61,0.9,4
18,2013-02-24,Carl Bennett,Awne Osinga,NA,1468,D1,0.5,1173,6.83,0.22,4.5
19,2013-03-29,Carl Bennett,Paul Orton,NA,1630,D1,0,1170,6.93,0.1,4.5
20,2013-03-30,Carl Bennett,Neya Govindaraj,NA,1155,E2,1,1182,7.56,0.63,5.5
21,2013-03-30,Carl Bennett,Mike Servini,NA,1614,E1,0,1179,7.66,0.1,5.5
22,2013-03-31,Carl Bennett,Jonathan Edwards,NA,1161,E1,1,1191,8.28,0.62,6.5
23,2013-03-31,Carl Bennett,Andrew Camp,NA,1425,N1,1,1214,8.55,0.27,7.5
24,2013-04-01,Carl Bennett,Chirag Guha,NA,1524,E2,0,1209,8.71,0.16,7.5
25,2013-04-01,Carl Bennett,Aishwarya Lutchman Singh,NA,1200,E2,1,1223,9.28,0.57,8.5
26,2013-05-10,Carl Bennett,Peter Galea,NA,1450,ECF,1,1248,0.21,0.21,1
27,2013-05-11,Carl Bennett,Phil L Summers,NA,1450,ECF,0.5,1258,0.42,0.21,1.5
28,2013-05-11,Carl Bennett,John Leon,NA,1490,ECF,0,1252,0.59,0.17,1.5
29,2013-05-12,Carl Bennett,Michael Ward,NA,1370,ECF,1,1275,0.89,0.3,2.5
30,2013-05-12,Carl Bennett,Edward Prenton,NA,1506,ECF,0,1269,1.05,0.16,2.5
31,2013-06-28,Carl Bennett,Mohammed Binesmael,NA,1521,E1,0,1265,1.2,0.15,2.5
32,2013-06-29,Carl Bennett,Rohan Siromani,NA,1250,E1,0,1250,1.66,0.46,2.5
33,2013-06-29,Carl Bennett,Bilal Umer,108,850,G1,1,1253,2.56,0.9,3.5
34,2013-06-30,Carl Bennett,Stephanie Bischoff,NA,1100,W1,1,1264,3.23,0.67,4.5
35,2013-06-30,Carl Bennett,Aishwarya Lutchman Singh,NA,1201,E2,1,1279,3.76,0.53,5.5
1,2013-01-04,Chris Dixon,Lee Davis,NA,2023,E1,0,1810,0.23,0.23,0
2,2013-01-05,Chris Dixon,David Buttell,NA,1931,W1,0.5,1814,0.57,0.34,0.5
3,2013-01-05,Chris Dixon,Megan Owens,NA,1970,ECF,0.5,1819,0.86,0.29,1
4,2013-01-06,Chris Dixon,Matthew Parry,NA,1845,E1,1,1832,1.32,0.46,2
5,2013-01-06,Chris Dixon,David Robinson,NA,1957,E1,0.5,1837,1.63,0.31,2.5
6,2013-01-09,Chris Dixon,Ron Williams,48,1661,G1,1,1844,2.34,0.71,3.5
7,2013-02-22,Chris Dixon,Alan Young,NA,2065,W1,0,1839,2.53,0.19,3.5
8,2013-02-23,Chris Dixon,Matthew Francis,NA,1664,D1,0.5,1834,3.23,0.7,4
9,2013-02-23,Chris Dixon,Gordon Cadden,31,1828,G1,0.5,1835,3.71,0.48,4.5
10,2013-02-24,Chris Dixon,Bob Moore,NA,1973,W1,0,1828,4,0.29,4.5
11,2013-02-24,Chris Dixon,Dave Connolly,64,1552,G1,1,1832,4.82,0.82,5.5
12,2013-02-27,Chris Dixon,Zane Allford,36,1743,G1,0,1818,5.42,0.6,5.5
13,2013-03-10,Chris Dixon,David O'Donnell,NA,1932,E1,1,1834,5.76,0.34,6.5
14,2013-03-23,Chris Dixon,Neville R Pearce,NA,1826,ECF,1,1846,6.25,0.49,7.5
15,2013-03-24,Chris Dixon,Philip RC Wood,NA,1882,ECF,0,1836,6.66,0.41,7.5
16,2013-04-03,Chris Dixon,Luke Kostanjsek,26,2023,G2,0.5,1843,6.89,0.23,8
17,2013-04-10,Chris Dixon,Gary Thomas,23,1910,G1,0.5,1846,7.26,0.37,8.5
18,2013-05-06,Chris Dixon,Stanley EE Cranmer,NA,1834,ECF,0,1834,7.73,0.47,8.5
19,2013-06-28,Chris Dixon,Lee Davis,NA,2077,E3,0.5,1842,7.91,0.18,9
20,2013-06-29,Chris Dixon,Rudy Van Kemenade,NA,2079,D2,1,1862,8.09,0.18,10
21,2013-06-29,Chris Dixon,John Waterfield,10,2060,G3,0,1857,8.28,0.19,10
22,2013-06-30,Chris Dixon,Richard Hanscombe,NA,2002,ECF,0,1851,8.54,0.26,10
23,2013-06-30,Chris Dixon,Dave Turner,20,1980,G2,0.5,1856,8.82,0.28,10.5
1,2013-01-09,Chris Reading,Bob Hurn,NA,1688,E1,0.5,1649,0.44,0.44,0.5
2,2013-02-06,Chris Reading,Steve Horrell,47,1661,G1,1,1662,0.92,0.48,1.5
3,2013-02-20,Chris Reading,Hiram Rogers,59,1586,G1,0,1648,1.51,0.59,1.5
4,2013-03-06,Chris Reading,Dave Roberts,57,1625,G1,0.5,1647,2.04,0.53,2
5,2013-04-10,Chris Reading,Mark Summers,79,1369,G1,0.5,1639,2.88,0.84,2.5
1,2013-01-30,Christopher Robertson,Benjamin Choo Yin,NA,1408,E1,0,1186,0.22,0.22,0
2,2013-02-06,Christopher Robertson,John Hermann,63,1563,G1,0.5,1199,0.32,0.1,0.5
3,2013-04-10,Christopher Robertson,Owen Bennett,39,1667,G3,0,1196,0.42,0.1,0.5
1,2013-01-18,Colin Gilbert,Lukas Boots,NA,1793,Ned-adj,1,1827,0.53,0.53,1
2,2013-01-19,Colin Gilbert,Ed Noordijk,NA,1842,Ned-adj,1,1840,0.99,0.46,2
3,2013-01-20,Colin Gilbert,Tejo Hagen,NA,1818,Ned-adj,0,1828,1.49,0.5,2
4,2013-01-21,Colin Gilbert,Mels van de Water,NA,1846,Ned-adj,0,1817,1.95,0.46,2
5,2013-01-22,Colin Gilbert,Andre Buter,NA,1825,FIDE,0.5,1817,2.44,0.49,2.5
6,2013-01-23,Colin Gilbert,Bob Ameling,NA,1831,FIDE,0.5,1818,2.92,0.48,3
7,2013-01-25,Colin Gilbert,Ed Eveleens,NA,1802,Ned-adj,0.5,1817,3.44,0.52,3.5
8,2013-01-26,Colin Gilbert,Xander Giphart,NA,1963,Ned-adj,0.5,1822,3.74,0.3,4
9,2013-01-27,Colin Gilbert,Anton Schermer,NA,1803,FIDE,0,1810,4.26,0.52,4
10,2013-02-17,Colin Gilbert,David Buttell,NA,1931,W1,0,1802,4.6,0.34,4
11,2013-02-23,Colin Gilbert,Timothy J Woods,NA,1770,ECF,1,1812,5.16,0.56,5
12,2013-02-24,Colin Gilbert,Nevil Chan,NA,2130,ECF,0,1809,5.29,0.13,5
13,2013-04-10,Colin Gilbert,Frank May,6,2104,G1,0,1805,5.44,0.15,5
14,2013-05-04,Colin Gilbert,Robert A Dean,NA,1866,ECF,0,1795,5.87,0.43,5
15,2013-05-05,Colin Gilbert,Nicholas Evans,NA,1848,W2,1,1808,6.32,0.45,6
1,2013-03-29,Darryl Hawkins,Paul Turner,NA,1325,E1,1,1221,0.33,0.33,1
2,2013-03-30,Darryl Hawkins,Chirag Guha,NA,1524,E2,0,1217,0.46,0.13,1
3,2013-03-30,Darryl Hawkins,Scott Hammett,NA,1532,D1,0,1213,0.58,0.12,1
4,2013-03-31,Darryl Hawkins,Amin Ghabanlu,NA,1100,E1,1,1225,1.22,0.64,2
5,2013-04-01,Darryl Hawkins,Blake Fisher,NA,1178,E1,0,1208,1.75,0.53,2
1,2013-01-30,Dave Connolly,Clive Crowley,NA,1401,E1,1,1562,0.7,0.7,1
2,2013-02-20,Dave Connolly,Dennis O. Jones,35,1747,G1,0.5,1570,0.95,0.25,1.5
3,2013-02-22,Dave Connolly,Bob Moore,NA,1973,W1,0,1566,1.05,0.1,1.5
4,2013-02-23,Dave Connolly,Keith Downey,NA,1844,D1,0,1562,1.2,0.15,1.5
5,2013-02-24,Dave Connolly,Chris Dixon,33,1816,G1,0,1556,1.38,0.18,1.5
6,2013-03-20,Dave Connolly,John Cox,NA,1350,E1,0.5,1548,2.14,0.76,2
7,2012-03-27,Dave Connolly,Hiram Rogers,59,1586,G1,1,1565,2.59,0.45,3
8,2013-04-24,Dave Connolly,Steve Williams (Cwm),53,1647,G1,0,1553,2.96,0.37,3
9,2013-05-01,Dave Connolly,Graham Parker,NA,1754,E1,0,1546,3.2,0.24,3
1,2013-01-09,Dave Roberts,Rhys Bennett,30,1832,G1,0.5,1631,0.23,0.23,0.5
2,2013-01-14,Dave Roberts,Simon Blackmore,NA,1571,E1,0,1618,0.81,0.58,0.5
3,2013-01-16,Dave Roberts,Andrew Trickey,NA,1466,E1,1,1625,1.52,0.71,1.5
4,2013-01-28,Dave Roberts,Sam Jukes,NA,1418,E1,1,1630,2.29,0.77,2.5
5,2013-01-29,Dave Roberts,Sean Day,NA,1750,E1,1,1646,2.62,0.33,3.5
6,2013-02-04,Dave Roberts,Jimmy Borg,NA,1474,E1,1,1653,3.32,0.7,4.5
7,2013-02-06,Dave Roberts,Gordon Cadden,31,1828,G1,0.5,1660,3.56,0.24,5
8,2013-02-13,Dave Roberts,Steve Horrell,47,1661,G1,1,1673,4.01,0.45,6
9,2013-02-19,Dave Roberts,Andrew Owen,28,1845,G1,0,1667,4.23,0.22,6
10,2013-03-06,Dave Roberts,Chris Reading,51,1648,G1,0.5,1668,4.7,0.47,6.5
11,2013-03-18,Dave Roberts,Joshua McKenna,NA,1357,E1,0,1648,5.53,0.83,6.5
12,2012-03-27,Dave Roberts,John O'Shea,56,1626,G1,0,1636,6.03,0.5,6.5
13,2013-04-08,Dave Roberts,Gary Thomas,23,1910,G1,0,1632,6.19,0.16,6.5
14,2013-04-10,Dave Roberts,Nick Davies,37,1736,G1,0,1624,6.54,0.35,6.5
15,2013-04-11,Dave Roberts,James Lavender,29,1840,G1,0.5,1631,6.76,0.22,7
16,2013-04-15,Dave Roberts,Alan Williams,NA,1569,E1,0.5,1629,7.34,0.58,7.5
17,2013-04-17,Dave Roberts,Clive Crowley,NA,1401,E1,1,1634,8.13,0.79,8.5
18,2013-04-22,Dave Roberts,Wayne James,NA,1505,E1,1,1642,8.79,0.66,9.5
19,2013-04-29,Dave Roberts,Guether Etzmuss,NA,1556,E1,0,1628,9.39,0.6,9.5
20,2013-05-01,Dave Roberts,James Evans,NA,1434,W2,1,1634,10.14,0.75,10.5
21,2013-05-08,Dave Roberts,Ron Williams,48,1661,G1,1,1647,10.59,0.45,11.5
1,2013-01-05,Dave Turner,Sven Zeidler,1,2321,FM,0,1940,0.1,0.1,0
2,2013-01-05,Dave Turner,Dai James,NA,1843,,1,1948,0.74,0.64,1
3,2013-01-06,Dave Turner,Allan Pleasants,NA,2155,,0.5,1955,0.97,0.23,1.5
4,2013-01-06,Dave Turner,Peter Ehsandar,NA,2046,,0,1946,1.33,0.36,1.5
5,2013-01-16,Dave Turner,David Robinson,NA,1957,,1,1959,1.81,0.48,2.5
6,2013-01-30,Dave Turner,Richard Miles,9,2057,,0,1950,2.15,0.34,2.5
7,2013-02-17,Dave Turner,Robert Saunders,NA,2051,,0,1942,2.5,0.35,2.5
8,2013-02-20,Dave Turner,John D Thornton,NA,2054,,1,1958,2.85,0.35,3.5
9,2013-02-27,Dave Turner,Peter Varley,2,2250,FM,0.5,1966,2.99,0.14,4
10,2013-03-13,Dave Turner,Bill Hunt,NA,1873,,0,1952,3.59,0.6,4
11,2013-03-20,Dave Turner,Mark Adams,15,1995,,0.5,1954,4.02,0.43,4.5
12,2013-03-25,Dave Turner,Nick Davies,37,1736,,0,1935,4.79,0.77,4.5
13,2012-03-27,Dave Turner,Andrew Bates,14,2020,,1,1950,5.18,0.39,5.5
14,2013-03-30,Dave Turner,Ioan Rees,NA,2294,,0,1947,5.29,0.11,5.5
15,2013-03-30,Dave Turner,Alex Bullen,NA,2035,,1,1962,5.66,0.37,6.5
16,2013-03-31,Dave Turner,Sven Zeidler,1,2321,FM,1,1984,5.76,0.1,7.5
17,2013-03-31,Dave Turner,Tim Kett,NA,2278,,0,1981,5.88,0.12,7.5
18,2013-04-01,Dave Turner,David Jameson,NA,2103,,0,1974,6.16,0.28,7.5
19,2013-04-01,Dave Turner,Keith Downey,NA,1844,,1,1983,6.8,0.64,8.5
20,2013-04-03,Dave Turner,John Waterfield,10,2006,,0,1973,7.21,0.41,8.5
21,2013-04-08,Dave Turner,Nick Davies,37,1736,,0.5,1966,7.98,0.77,9
22,2013-04-10,Dave Turner,Ian White,18,1955,,1,1979,8.46,0.48,10
23,2013-04-11,Dave Turner,Paul Tew,NA,1858,,0.5,1976,9.08,0.62,10.5
24,2013-04-23,Dave Turner,Ian White,18,1955,,1,1989,9.56,0.48,11.5
25,2013-05-08,Dave Turner,Jason Garcia,NA,2056,,0,1980,9.9,0.34,11.5
26,2013-05-19,Dave Turner,Alun Howell,NA,1763,,0.5,1973,0.78,0.78,0.5
27,2013-06-07,Dave Turner,Carl Bicknell,NA,2242,,0,1969,0.96,0.18,0.5
28,2013-06-08,Dave Turner,Raymond J Ilett,NA,1986,,0,1957,1.45,0.49,0.5
29,2013-06-08,Dave Turner,Daniel J Young,NA,1946,,0,1944,2,0.55,0.5
30,2013-06-09,Dave Turner,David I Tipper,NA,1810,,0,1926,2.73,0.73,0.5
31,2013-06-28,Dave Turner,Sam Jukes,NA,1418,,0,1905,3.63,0.9,0.5
32,2013-06-29,Dave Turner,Thomas Thorpe,21,1995,,1,1917,4.11,0.48,1.5
33,2013-06-29,Dave Turner,Matt Staniforth,NA,1814,,0,1900,4.83,0.72,1.5
34,2013-06-30,Dave Turner,Craig Woolcock,NA,1902,,0.5,1897,5.44,0.61,2
35,2013-06-30,Dave Turner,Chris Dixon,33,1816,,0.5,1892,6.16,0.72,2.5
1,2013-01-09,Dave Williams,Nigel Granville,27,1888,G1,0,1694,0.25,0.25,0
2,2013-01-27,Dave Williams,Jamie Sen,NA,1579,D1,0,1678,0.92,0.67,0
3,2013-03-19,Dave Williams,Bob Hurn,NA,1633,E1,0,1664,1.51,0.59,0
4,2013-05-08,Dave Williams,Gary Thomas,23,1910,G1,1,1682,1.74,0.23,1
5,2013-06-07,Dave Williams,Harvey Atkinson,NA,1882,ECF,1,1700,2,0.26,2
6,2013-06-08,Dave Williams,Rhys Bennett,30,1775,G3,0.5,1702,2.4,0.4,2.5
7,2013-06-08,Dave Williams,Roger Hardy,NA,1802,ECF,0,1694,2.76,0.36,2.5
8,2013-06-09,Dave Williams,David G Woodruff,NA,1714,ECF,0.5,1694,3.24,0.48,3
9,2013-06-09,Dave Williams,Steve Williams (Cwm),53,1633,G2,1,1704,3.83,0.59,4
10,2013-06-28,Dave Williams,Alan R Papier,NA,1842,ECF,0,1697,4.14,0.31,4
11,2013-06-29,Dave Williams,Beryl Hughes,NA,1453,E2,1,1701,4.95,0.81,5
12,2013-06-30,Dave Williams,Mark Emblem,77,1421,G1,1,1705,5.79,0.84,6
13,2013-06-30,Dave Williams,Hugh Price,NA,1631,E1,0,1691,6.39,0.6,6
1,2013-01-09,David Rovaretti,Nyasha Katsande,46,1662,G1,0,1448,0.23,0.23,0
2,2013-01-30,David Rovaretti,Alvin Tsang,NA,1448,E1,0.5,1447,0.74,0.51,0.5
3,2013-04-03,David Rovaretti,Jeremy Jones,NA,1587,E2,0,1437,1.06,0.32,0.5
4,2013-05-01,David Rovaretti,Jeremy C Pye,NA,1084,E1,0.5,1424,1.96,0.9,1
5,2013-06-28,David Rovaretti,Megan Richards,NA,1359,E2,1,1436,2.59,0.63,2
6,2013-06-29,David Rovaretti,Jeremy C Pye,NA,1084,E1,1,1439,3.49,0.9,3
7,2013-06-29,David Rovaretti,Phil Smith,107,1429,G1,1,1454,4.03,0.54,4
8,2013-06-30,David Rovaretti,Dewi Jones,NA,1493,N2,0.5,1456,4.48,0.45,4.5
1,2013-01-15,David Vaughan,Harvey Atkinson,NA,1882,,1,1979,0.62,0.62,1
2,2013-02-19,David Vaughan,Mark Dirnhuber,NA,1858,,0.5,1976,1.27,0.65,1.5
3,2013-02-23,David Vaughan,Victor B Rumsey,NA,1986,,0.5,1976,1.75,0.48,2
4,2013-02-24,David Vaughan,John A Feavyour,NA,1994,,1,1989,2.22,0.47,3
5,2013-02-27,David Vaughan,Douglas Spencer,22,1929,,0.5,1987,2.78,0.56,3.5
6,2013-02-28,David Vaughan,Will Harwood,NA,1811,,0.5,1982,3.49,0.71,4
7,2013-03-21,David Vaughan,Ioan Rees,NA,2326,FM,0,1980,3.59,0.1,4
8,2013-04-08,David Vaughan,Nigel Ralphs,NA,1993,,0.5,1981,4.06,0.47,4.5
9,2013-04-10,David Vaughan,Robert Taylor,12,2026,,0.5,1982,4.48,0.42,5
10,2013-04-16,David Vaughan,Simon M Greely,NA,2010,,0.5,1984,4.92,0.44,5.5
11,2013-04-23,David Vaughan,Robert Taylor,12,2026,,0.5,1986,5.34,0.42,6
12,2013-04-24,David Vaughan,Lewis Martin,NA,2146,,0,1979,5.61,0.27,6
13,2013-05-08,David Vaughan,John D Thornton,NA,2032,,0,1970,6.02,0.41,6
1,2013-01-09,Dennis O. Jones,Graham Johnson,61,1581,G1,0.5,1742,0.72,0.72,0.5
2,2013-01-16,Dennis O. Jones,Brenda Miles,NA,1373,E1,1,1744,1.62,0.9,1.5
3,2013-02-10,Dennis O. Jones,Julie van Kemenade,NA,1781,D1,1,1757,2.07,0.45,2.5
4,2013-02-20,Dennis O. Jones,Dave Connolly,64,1552,G1,0.5,1751,2.82,0.75,3
5,2013-03-13,Dennis O. Jones,Steve Horrell,47,1661,G1,1,1760,3.44,0.62,4
6,2012-03-27,Dennis O. Jones,Gordon Cadden,31,1828,G1,0.5,1763,3.83,0.39,4.5
7,2013-04-09,Dennis O. Jones,Nyasha Katsande,46,1662,G1,0,1748,4.45,0.62,4.5
1,2013-01-15,Douglas Spencer,John D Thornton,NA,2054,E1,0,1921,0.33,0.33,0
2,2013-01-16,Douglas Spencer,Rhys Bennett,30,1832,G1,0.5,1918,0.96,0.63,0.5
3,2013-02-13,Douglas Spencer,Nick Davies,37,1736,G1,1,1924,1.71,0.75,1.5
4,2013-02-17,Douglas Spencer,Julie van Kemenade,NA,1781,D1,0.5,1919,2.41,0.7,2
5,2013-02-27,Douglas Spencer,David Vaughan,17,1970,G1,0.5,1921,2.85,0.44,2.5
6,2013-03-10,Douglas Spencer,Charles Summers,NA,1993,E1,1,1935,3.26,0.41,3.5
7,2013-03-13,Douglas Spencer,Nigel Granville,27,1888,G1,1,1945,3.82,0.56,4.5
8,2013-03-20,Douglas Spencer,Gary Thomas,23,1910,G1,0,1933,4.35,0.53,4.5
9,2012-03-27,Douglas Spencer,Ron Williams,48,1661,G1,1,1937,5.18,0.83,5.5
10,2013-04-17,Douglas Spencer,Steve Horrell,47,1661,G1,1,1941,6.01,0.83,6.5
11,2013-05-01,Douglas Spencer,John Waterfield,10,2006,G2,0.5,1943,6.4,0.39,7
12,2013-05-19,Douglas Spencer,David Guy,NA,1986,W1,0,1933,6.82,0.42,7
1,2013-03-16,Ella Hale-Smith,Arjan Bolina,NA,1403,N1,0,847,0.1,0.1,0
2,2013-03-16,Ella Hale-Smith,James Robertson,100,1050,G1,0.5,855,0.34,0.24,0.5
3,2013-03-16,Ella Hale-Smith,Owain Meek,104,1000,G1,0,846,0.64,0.3,0.5
4,2013-03-17,Ella Hale-Smith,Greg Clark,103,1000,G1,0,836,0.94,0.3,0.5
5,2013-03-17,Ella Hale-Smith,Mohammad Farhadi,NA,1100,W1,0,830,1.13,0.19,0.5
1,2013-02-13,Farhan Shataly,Zane Allford,36,1743,G1,0,1676,0.42,0.42,0
2,2013-03-25,Farhan Shataly,Simon Tang,68,1506,G1,1,1682,1.16,0.74,1
3,2013-05-01,Farhan Shataly,Guto Llywelyn,NA,1447,W1,0,1663,1.96,0.8,1
1,2012-12-28,Francis Rayner,Thomas E Rendle,NA,2458,IM,0,2228,0.21,0.21,0
2,2012-12-29,Francis Rayner,Maris Cekulis,NA,1811,,1,2229,1.11,0.9,1
3,2012-12-30,Francis Rayner,Sue Y Maroroa,NA,2210,WIM,1,2237,1.64,0.53,2
4,2012-12-31,Francis Rayner,Vladimir Prosviriakov,NA,2293,IM,0.5,2238,2.05,0.41,2.5
5,2013-01-01,Francis Rayner,Adam G Ashton,NA,2434,FM,0.5,2242,2.29,0.24,3
6,2013-01-02,Francis Rayner,Glenn C Flear,NA,2482,GM,0.5,2247,2.48,0.19,3.5
7,2013-01-03,Francis Rayner,Jack Rudd,NA,2386,IM,1,2259,2.77,0.29,4.5
8,2013-01-04,Francis Rayner,Simon K Williams,NA,2538,GM,0.5,2264,2.91,0.14,5
9,2013-01-05,Francis Rayner,Mark L Hebden,NA,2594,GM,1,2279,3.01,0.1,6
10,2013-01-06,Francis Rayner,Hjorvar Steinn Gretarsson,NA,2516,IM,0,2276,3.17,0.16,6
1,2013-02-13,Frank May,Paul Hatchett,8,2070,G1,0.5,2103,0.55,0.55,0.5
2,2013-03-06,Frank May,Nigel Granville,27,1888,G1,0.5,2099,1.33,0.78,1
3,2013-04-07,Frank May,Luke Kostanjsek,26,2023,G2,1,2105,1.94,0.61,2
4,2013-04-10,Frank May,Colin Gilbert,34,1816,G1,1,2107,2.79,0.85,3
5,2013-04-28,Frank May,Bob Hurn,NA,1686,E3,1,2109,3.69,0.9,4
6,2013-05-19,Frank May,David Buttell,NA,1975,W3,0.5,2106,4.37,0.68,4.5
1,2013-01-09,Gary Thomas,Peter Varley,2,2250,FM,0,1907,0.11,0.11,0
2,2013-01-14,Gary Thomas,Rob Dineen,NA,1833,,0,1893,0.72,0.61,0
3,2013-01-16,Gary Thomas,Damon Davies,NA,1669,,0.5,1886,1.52,0.8,0.5
4,2013-01-28,Gary Thomas,Dai James,NA,1843,,1,1895,2.11,0.59,1.5
5,2013-01-30,Gary Thomas,Philip French,NA,1869,,0.5,1894,2.67,0.56,2
6,2013-02-04,Gary Thomas,Ben Thomas,NA,1912,,1,1906,3.17,0.5,3
7,2013-02-18,Gary Thomas,Rod Gough,NA,1833,,1,1915,3.78,0.61,4
8,2013-03-04,Gary Thomas,Guy Wagner,NA,1846,,1,1925,4.37,0.59,5
9,2013-03-18,Gary Thomas,Alex Bullen,NA,2035,,1,1941,4.7,0.33,6
10,2013-03-20,Gary Thomas,Douglas Spencer,22,1929,,1,1954,5.17,0.47,7
11,2013-03-25,Gary Thomas,Steve Williams (Mal),43,1690,u,1,1959,5.95,0.78,8
12,2012-03-27,Gary Thomas,Luke Kostanjsek,26,1894,,0.5,1959,6.47,0.52,8.5
13,2013-04-07,Gary Thomas,James Lavender,29,1840,,1,1968,7.07,0.6,9.5
14,2013-04-08,Gary Thomas,Dave Roberts,57,1625,,1,1972,7.91,0.84,10.5
15,2013-04-10,Gary Thomas,Chris Dixon,33,1816,,0.5,1969,8.54,0.63,11
16,2013-04-11,Gary Thomas,Ron Williams,48,1661,,1,1974,9.35,0.81,12
17,2013-04-15,Gary Thomas,Chris Howells,NA,1967,,0,1964,9.77,0.42,12
18,2013-04-22,Gary Thomas,Chris Howells,NA,1967,,0,1953,10.19,0.42,12
19,2013-04-23,Gary Thomas,Paul Bridges,NA,1858,,0.5,1952,10.76,0.57,12.5
20,2013-04-29,Gary Thomas,Rhys Steele,NA,1937,,0,1941,11.22,0.46,12.5
21,2013-05-04,Gary Thomas,David A Patrick,NA,1994,,0,1932,11.6,0.38,12.5
22,2013-05-05,Gary Thomas,Alex Wills,NA,1795,,1,1940,12.26,0.66,13.5
23,2013-05-06,Gary Thomas,Neil Graham,NA,1810,,0.5,1936,12.9,0.64,14
24,2013-05-08,Gary Thomas,Dave Williams,42,1700,u,0,1918,13.67,0.77,14
1,2013-01-16,Gordon Cadden,Terry Hill,54,1641,G1,0.5,1822,0.75,0.75,0.5
2,2013-01-30,Gordon Cadden,Jeremy Jones,NA,1625,E1,1,1828,1.51,0.76,1.5
3,2013-02-06,Gordon Cadden,Dave Roberts,57,1625,G1,0.5,1822,2.27,0.76,2
4,2013-02-20,Gordon Cadden,Nigel Saunders,25,1905,G1,0.5,1824,2.66,0.39,2.5
5,2013-02-22,Gordon Cadden,John Waterfield,10,2047,G1,0,1819,2.88,0.22,2.5
6,2013-02-23,Gordon Cadden,Tony Haigh,NA,1993,D1,0,1812,3.16,0.28,2.5
7,2013-02-23,Gordon Cadden,Chris Dixon,33,1816,G1,0.5,1812,3.68,0.52,3
8,2013-02-24,Gordon Cadden,Matthew Francis,NA,1664,D1,0.5,1806,4.4,0.72,3.5
9,2013-02-24,Gordon Cadden,Keith Downey,NA,1844,D1,0,1795,4.88,0.48,3.5
10,2013-03-06,Gordon Cadden,David Llewellyn,NA,1940,E1,1,1810,5.23,0.35,4.5
11,2013-03-13,Gordon Cadden,Zane Allford,36,1743,G1,1,1820,5.85,0.62,5.5
12,2013-03-20,Gordon Cadden,Clive Crowley,NA,1401,E1,1,1822,6.75,0.9,6.5
13,2012-03-27,Gordon Cadden,Dennis O. Jones,35,1747,G1,0.5,1819,7.36,0.61,7
14,2013-04-03,Gordon Cadden,Paul Bridges,NA,1858,E2,0.5,1820,7.82,0.46,7.5
15,2013-04-10,Gordon Cadden,Paul Kostanjsek,80,1358,G1,1,1823,8.72,0.9,8.5
16,2013-04-24,Gordon Cadden,Bob Hurn,NA,1686,E3,1,1830,9.41,0.69,9.5
17,2013-06-28,Gordon Cadden,Simon Blackmore,NA,1571,E1,1,1834,10.23,0.82,10.5
18,2013-06-29,Gordon Cadden,Bob Hurn,NA,1686,E3,1,1842,10.92,0.69,11.5
19,2013-06-29,Gordon Cadden,Roy Thomas,NA,1767,E2,0.5,1840,11.51,0.59,12
20,2013-06-30,Gordon Cadden,Hywel Griffiths,NA,1789,W1,1,1851,12.06,0.55,13
21,2013-06-30,Gordon Cadden,Owen Bennett,39,1757,G4,0.5,1848,12.66,0.6,13.5
1,2013-01-09,Graham Johnson,Dennis O. Jones,35,1747,G1,0.5,1588,0.28,0.28,0.5
2,2013-02-27,Graham Johnson,Nigel Granville,27,1888,G1,0,1584,0.42,0.14,0.5
3,2013-03-06,Graham Johnson,Beryl Hughes,NA,1460,E1,1,1594,1.09,0.67,1.5
4,2013-04-03,Graham Johnson,Bob Hurn,NA,1633,E2,0,1580,1.52,0.43,1.5
1,2013-03-16,Greg Clark,Nyasha Katsande,46,1662,G1,0,997,0.1,0.1,0
2,2013-03-16,Greg Clark,James Robertson,100,1050,G1,0,983,0.53,0.43,0
3,2013-03-17,Greg Clark,Megan Richards,NA,1177,E1,0,974,0.8,0.27,0
4,2013-03-17,Greg Clark,Ella Hale-Smith,105,850,G1,1,984,1.5,0.7,1
5,2013-03-17,Greg Clark,Owain Meek,104,1000,G1,0.5,984,2,0.5,1.5
1,2013-01-09,Hiram Rogers,Simon Tang,68,1506,G1,1,1598,0.61,0.61,1
2,2013-02-12,Hiram Rogers,Bob Hurn,NA,1688,E1,0,1587,0.97,0.36,1
3,2013-02-20,Hiram Rogers,Chris Reading,51,1648,G1,1,1606,1.38,0.41,2
4,2013-03-13,Hiram Rogers,John Arthur,65,1545,G1,1,1620,1.94,0.56,3
5,2013-03-20,Hiram Rogers,Andrew Owen,28,1845,G1,0,1614,2.12,0.18,3
6,2012-03-27,Hiram Rogers,Dave Connolly,64,1552,G1,0,1597,2.67,0.55,3
7,2013-04-09,Hiram Rogers,Steve Williams (Cwm),53,1647,G1,0,1583,3.08,0.41,3
1,2013-03-02,Hugo Fowler,Callum McGarvey-Jones,102,900,G1,1,1204,0.86,0.86,1
2,2013-03-02,Hugo Fowler,Jake Williams,NA,1250,N1,0,1191,1.29,0.43,1
3,2013-03-02,Hugo Fowler,Oliver Norbury,101,1050,G1,1,1200,1.99,0.7,2
4,2013-03-03,Hugo Fowler,Benjamin Choo Yin,NA,1408,E1,0,1193,2.22,0.23,2
5,2013-03-03,Hugo Fowler,Stephanie du Toit,58,1606,G1,0,1190,2.32,0.1,2
6,2013-03-03,Hugo Fowler,Sam Hughes,98,1100,G1,1,1201,2.96,0.64,3
7,2013-06-01,Hugo Fowler,Reuben Balouka-Myers,NA,1618,ECF,0.5,1214,3.06,0.1,3.5
8,2013-06-01,Hugo Fowler,Niall Ali,NA,1618,ECF,0,1211,3.16,0.1,3.5
1,2013-01-09,Ian White,Alex Bullen,NA,2023,,0,1945,0.4,0.4,0
2,2013-02-13,Ian White,John Waterfield,10,2047,,1,1961,0.77,0.37,1
3,2013-02-27,Ian White,Mark Adams,15,1995,,0.5,1962,1.21,0.44,1.5
4,2013-02-28,Ian White,Cyril Ley,NA,1664,,1,1966,2.06,0.85,2.5
5,2013-03-20,Ian White,Richard Miles,9,2057,,0,1957,2.42,0.36,2.5
6,2013-04-03,Ian White,Peter Varley,2,2250,FM,0,1953,2.57,0.15,2.5
7,2013-04-08,Ian White,Craig Woolcock,NA,1967,,1,1966,3.05,0.48,3.5
8,2013-04-10,Ian White,Dave Turner,20,1942,,0,1953,3.57,0.52,3.5
9,2013-04-23,Ian White,Dave Turner,20,1942,,0,1941,4.09,0.52,3.5
10,2013-05-08,Ian White,Bob Hurn,NA,1686,,1,1945,4.92,0.83,4.5
1,2013-03-16,James Baker,Owain Davies,52,1648,G1,0,1172,0.1,0.1,0
2,2013-03-16,James Baker,Guto Neave,NA,1216,W1,1,1190,0.54,0.44,1
3,2013-03-17,James Baker,Mateusz Sieduszewski,NA,1428,W1,0,1184,0.73,0.19,1
4,2013-03-17,James Baker,Rhys Bennett,30,1726,G2,0,1180,0.83,0.1,1
5,2013-06-01,James Baker,Gwylim T Price,NA,1650,ECF,0,1177,0.93,0.1,1
6,2013-06-01,James Baker,Ananth Vijayakumar,NA,1674,ECF,0,1174,1.03,0.1,1
7,2013-06-02,James Baker,Daniel Varney,NA,1538,ECF,0,1171,1.13,0.1,1
8,2013-06-02,James Baker,Nathaniel J Cleland,NA,1538,ECF,0,1168,1.23,0.1,1
1,2013-02-04,James Lavender,Sam Warburton,NA,1606,E1,1,1845,0.8,0.8,1
2,2013-02-17,James Lavender,Keith Thompson,NA,1932,E1,1,1860,1.17,0.37,2
3,2013-02-19,James Lavender,Richard Miles,9,2057,G1,0,1855,1.39,0.22,2
4,2013-02-20,James Lavender,David Robinson,NA,1957,E1,1,1870,1.73,0.34,3
5,2013-03-04,James Lavender,Gruff Jones,NA,1610,E1,1,1876,2.52,0.79,4
6,2013-03-18,James Lavender,Guy Wagner,NA,1846,E1,1,1888,3.01,0.49,5
7,2013-03-20,James Lavender,Zane Allford,36,1743,G1,0.5,1885,3.64,0.63,5.5
8,2013-03-25,James Lavender,Ron Williams,48,1661,G1,0,1867,4.38,0.74,5.5
9,2012-03-27,James Lavender,Nigel Granville,27,1888,G1,1,1881,4.81,0.43,6.5
10,2013-04-03,James Lavender,David Perrett,NA,2009,E1,0,1874,5.09,0.28,6.5
11,2013-04-07,James Lavender,Gary Thomas,23,1910,G1,0,1864,5.49,0.4,6.5
12,2013-04-08,James Lavender,Simon Tang,68,1506,G1,1,1867,6.37,0.88,7.5
13,2013-04-10,James Lavender,Richard Batey,32,1818,G1,1,1878,6.9,0.53,8.5
14,2013-04-11,James Lavender,Dave Roberts,57,1625,G1,0.5,1872,7.68,0.78,9
15,2013-04-17,James Lavender,Lyn Holland,69,1484,G1,1,1874,8.58,0.9,10
16,2013-04-22,James Lavender,Neil Stuart,NA,1750,E1,0.5,1871,9.2,0.62,10.5
17,2013-04-23,James Lavender,Jeremy Jones,NA,1587,E2,0.5,1864,10.01,0.81,11
1,2013-03-02,James Robertson,Karanvir Lutchman Singh,NA,1375,E1,0,1046,0.13,0.13,0
2,2013-03-02,James Robertson,Callum McGarvey-Jones,102,900,G1,1,1055,0.83,0.7,1
3,2013-03-02,James Robertson,Soham Gadgil,NA,850,W1,1,1063,1.59,0.76,2
4,2013-03-03,James Robertson,Daniel Siromani,NA,1385,E1,0,1059,1.71,0.12,2
5,2013-03-03,James Robertson,Tim Andrews,99,1100,G1,0,1046,2.14,0.43,2
6,2013-03-03,James Robertson,Alice Tang,89,1300,G1,0,1039,2.33,0.19,2
7,2013-03-16,James Robertson,Imogen Camp,NA,1500,N1,0,1036,2.43,0.1,2
8,2013-03-16,James Robertson,Ella Hale-Smith,105,850,G1,0.5,1028,3.19,0.76,2.5
9,2013-03-16,James Robertson,Greg Clark,103,1000,G1,1,1042,3.76,0.57,3.5
10,2013-03-17,James Robertson,Arjan Bolina,NA,1403,N1,0,1038,3.87,0.11,3.5
11,2013-03-17,James Robertson,Owain Meek,104,1000,G1,1,1052,4.44,0.57,4.5
12,2013-06-02,James Robertson,Rufus Long,NA,1100,Est,1,1070,4.87,0.43,5.5
13,2013-06-02,James Robertson,Arseny Uskov,NA,1082,ECF,1,1088,5.32,0.45,6.5
1,2013-03-16,Jamie Bell-Thomas,Owain Meek,104,1000,G1,1,1431,0.9,0.9,1
2,2013-03-16,Jamie Bell-Thomas,Nyasha Katsande,46,1662,G1,0,1425,1.1,0.2,1
3,2013-03-17,Jamie Bell-Thomas,Alyssa Wang,NA,1714,E1,0,1420,1.26,0.16,1
4,2013-03-17,Jamie Bell-Thomas,Megan Richards,NA,1177,E1,0,1394,2.07,0.81,1
5,2013-06-01,Jamie Bell-Thomas,Zakary I Warsop,NA,1674,ECF,0.5,1404,2.26,0.19,1.5
6,2013-06-01,Jamie Bell-Thomas,Jagdeep Dhemrait,NA,1690,ECF,0,1398,2.44,0.18,1.5
7,2013-06-02,Jamie Bell-Thomas,Zoe Varney,NA,1570,ECF,0,1388,2.75,0.31,1.5
8,2013-06-02,Jamie Bell-Thomas,Pavel Asenov,NA,1674,ECF,0,1382,2.94,0.19,1.5
1,2013-02-22,John Arthur,Graham C Shepherd,NA,1682,ECF,1,1567,0.31,0.31,1
2,2013-02-23,John Arthur,Ian Eustis,NA,1791,W1,0,1561,0.5,0.19,1
3,2013-02-23,John Arthur,Colin Denham,NA,1639,D1,0.5,1565,0.87,0.37,1.5
4,2013-02-24,John Arthur,Timothy S Allen,NA,1730,ECF,0,1557,1.13,0.26,1.5
5,2013-02-24,John Arthur,Les Philpin,NA,1586,W1,0,1543,1.57,0.44,1.5
6,2013-03-03,John Arthur,Jamie Sen,NA,1600,D1,0,1529,1.99,0.42,1.5
7,2013-03-13,John Arthur,Hiram Rogers,59,1586,G1,0,1515,2.43,0.44,1.5
8,2012-03-27,John Arthur,Steve Williams (Cwm),53,1647,G1,0,1504,2.79,0.36,1.5
9,2013-05-22,John Arthur,Frank Trombley,NA,1628,E1,1,1524,3.17,0.38,2.5
1,2013-01-16,John Hermann,Owen Bennett,39,1716,G1,0,1554,0.29,0.29,0
2,2013-02-06,John Hermann,Christopher Robertson,86,1193,G1,0.5,1541,1.19,0.9,0.5
3,2013-02-13,John Hermann,Simon Tang,68,1506,G1,0,1522,1.77,0.58,0.5
4,2013-02-27,John Hermann,Lyn Holland,69,1484,G1,0.5,1519,2.38,0.61,1
5,2013-03-13,John Hermann,Nigel Saunders,25,1905,G1,0,1515,2.49,0.11,1
6,2013-05-01,John Hermann,John O'Shea,56,1626,G1,0.5,1518,2.9,0.41,1.5
1,2013-01-15,John O'Shea,Nyasha Katsande,46,1662,G1,0.5,1627,0.45,0.45,0.5
2,2013-02-13,John O'Shea,Ron Williams,48,1661,G1,0.5,1628,0.9,0.45,1
3,2013-03-03,John O'Shea,John Miller,NA,1613,D1,0,1616,1.42,0.52,1
4,2012-03-27,John O'Shea,Dave Roberts,57,1625,G1,1,1628,1.92,0.5,2
5,2013-04-17,John O'Shea,Owain Davies,52,1648,G1,1,1641,2.39,0.47,3
6,2013-05-01,John O'Shea,John Hermann,63,1563,G1,0.5,1638,2.98,0.59,3.5
1,2013-01-04,John Waterfield,Dai James,NA,1843,,0,2035,0.76,0.76,0
2,2013-01-05,John Waterfield,Dave R Lewis,NA,1908,,0,2024,1.45,0.69,0
3,2013-01-05,John Waterfield,David Robinson,NA,1957,,0,2014,2.07,0.62,0
4,2013-01-06,John Waterfield,Paul Bridges,NA,1837,,0,2002,2.84,0.77,0
5,2013-01-08,John Waterfield,Humphrey Andolo,NA,2042,,1,2009,3.35,0.51,1
6,2013-01-12,John Waterfield,Adrian MS Matthews,NA,1954,,1,2015,3.98,0.63,2
7,2013-01-13,John Waterfield,Daniel Abbas,NA,2138,,0,2009,4.35,0.37,2
8,2013-01-16,John Waterfield,John McGregor,NA,1862,,0.5,2006,5.09,0.74,2.5
9,2013-02-08,John Waterfield,Rudy van Kemenade,NA,2115,,1,2015,5.49,0.4,3.5
10,2013-02-09,John Waterfield,Thomas Thorpe,21,1939,,0,2005,6.14,0.65,3.5
11,2013-02-09,John Waterfield,Alex Bullen,NA,2023,,0.5,2004,6.67,0.53,4
12,2013-02-10,John Waterfield,Luke Kostanjsek,26,1894,,0.5,2001,7.38,0.71,4.5
13,2013-02-10,John Waterfield,Tom Brown,NA,2133,,0,1995,7.76,0.38,4.5
14,2013-02-11,John Waterfield,Petr Marusenko,NA,2214,IM,0,1990,8.04,0.28,4.5
15,2013-02-11,John Waterfield,Allan Pleasants,NA,2155,,1,2001,8.39,0.35,5.5
16,2013-02-12,John Waterfield,Megan Owens,NA,1970,,1,2007,9,0.61,6.5
17,2013-02-13,John Waterfield,Ian White,18,1955,,0,1997,9.63,0.63,6.5
18,2013-02-17,John Waterfield,Tony Haigh,NA,1933,,0.5,1994,10.29,0.66,7
19,2013-02-19,John Waterfield,Paul Tew,NA,1828,,1,1998,11.07,0.78,8
20,2013-02-22,John Waterfield,Gordon Cadden,31,1828,,1,2001,11.85,0.78,9
21,2013-02-23,John Waterfield,Howard Williams,NA,2324,FM,0,1999,12.01,0.16,9
22,2013-02-23,John Waterfield,David Buttell,NA,1888,,0.5,1995,12.72,0.71,9.5
23,2013-02-24,John Waterfield,Paul Bridges,NA,1837,,1,1999,13.49,0.77,10.5
24,2013-02-24,John Waterfield,Gerry Heap,NA,2127,,1,2009,13.88,0.39,11.5
25,2013-03-06,John Waterfield,Leslie Blohm,24,1907,,0.5,2006,14.57,0.69,12
26,2013-03-10,John Waterfield,Joe Fathallah,NA,2010,,0.5,2006,0.49,0.49,0.5
27,2013-03-11,John Waterfield,David Painter-Kooiman,NA,1986,,0.5,2006,1.02,0.53,1
28,2013-03-13,John Waterfield,Leslie Blohm,24,1907,,0.5,2003,1.66,0.64,1.5
29,2013-03-20,John Waterfield,Robert Taylor,12,2026,,1,2012,2.13,0.47,2.5
30,2013-03-23,John Waterfield,Alex Bullen,NA,2035,,0.5,2013,2.59,0.46,3
31,2013-03-24,John Waterfield,Tom Farrand,NA,2154,,0.5,2016,2.89,0.3,3.5
32,2013-03-27,John Waterfield,Andrew M Gregory,NA,1810,,1,2020,3.65,0.76,4.5
33,2013-04-03,John Waterfield,Dave Turner,20,1942,,1,2026,4.24,0.59,5.5
34,2013-04-05,John Waterfield,Michael Meadows,NA,1898,,1,2032,4.89,0.65,6.5
35,2013-04-06,John Waterfield,David E Buckley,NA,2394,,0,2030,4.99,0.1,6.5
36,2013-04-06,John Waterfield,Michael Harris,NA,1970,,1,2037,5.54,0.55,7.5
37,2013-04-07,John Waterfield,Derek C Pugh,NA,2146,,0,2032,5.85,0.31,7.5
38,2013-04-07,John Waterfield,Rob Hearne,NA,2098,,1,2042,6.22,0.37,8.5
39,2013-04-10,John Waterfield,John D Thornton,NA,2054,,0,2036,6.65,0.43,8.5
40,2013-04-16,John Waterfield,John E Richards,NA,1842,,1,2040,7.37,0.72,9.5
41,2013-04-17,John Waterfield,Mark Adams,15,1995,,0.5,2040,7.89,0.52,10
42,2013-04-20,John Waterfield,Steve Pateman,NA,1600,,1,2041,8.79,0.9,11
43,2013-04-20,John Waterfield,Alex B Combie,NA,2186,,1,2053,9.05,0.26,12
44,2013-04-20,John Waterfield,AM (Tony) Hynes,NA,2266,,0,2050,9.23,0.18,12
45,2013-04-21,John Waterfield,Peter J Mercs,NA,2290,,1,2064,9.39,0.16,13
46,2013-04-21,John Waterfield,Claudio Mangione,NA,2242,,0,2061,9.59,0.2,13
47,2013-04-24,John Waterfield,Robert Taylor,12,2023,,0.5,2061,10.07,0.48,13.5
48,2013-04-28,John Waterfield,Owen Bennett,39,1667,,0.5,2055,10.95,0.88,14
49,2013-05-01,John Waterfield,Douglas Spencer,22,1929,,0.5,2053,11.56,0.61,14.5
50,2013-05-04,John Waterfield,Daniel Farkas,NA,2122,,0,2048,11.9,0.34,14.5
51,2013-05-05,John Waterfield,Timothy D Lawson,NA,1818,,1,2052,12.65,0.75,15.5
52,2013-05-06,John Waterfield,Richard M Cowan,NA,2010,,1,2060,13.14,0.49,16.5
53,2013-06-07,John Waterfield,Michael Meadows,NA,1922,,0.5,2057,0.69,0.69,0.5
54,2013-06-08,John Waterfield,Russell J Barlow,NA,1866,,1,2061,1.44,0.75,1.5
55,2013-06-08,John Waterfield,Christopher RL Kreuzer,NA,1978,,1,2067,2.05,0.61,2.5
56,2013-06-09,John Waterfield,Robert Thompson,NA,2090,,0.5,2068,2.51,0.46,3
57,2013-06-09,John Waterfield,Chris R Beaumont,NA,2322,IM,0.5,2073,2.69,0.18,3.5
58,2013-06-28,John Waterfield,Matt Staniforth,NA,1814,,1,2076,3.5,0.81,4.5
59,2013-06-29,John Waterfield,Sam Jukes,NA,1418,,0.5,2070,4.4,0.9,5
60,2013-06-29,John Waterfield,Chris Dixon,33,1816,,1,2073,5.21,0.81,6
61,2013-06-30,John Waterfield,Alex Bullen,NA,2008,,0.5,2072,5.78,0.57,6.5
62,2013-06-30,John Waterfield,Tihana Ivekovic,NA,1974,,0.5,2070,6.4,0.62,7
1,2013-01-12,Jonathan Gilbert,Kenneth I Norman,NA,2178,CM,0,2161,0.49,0.49,0
2,2013-01-13,Jonathan Gilbert,Ian Duvall,NA,2050,,1,2167,1.15,0.66,1
3,2013-01-29,Jonathan Gilbert,Leslie Blohm,24,1907,,0,2153,1.97,0.82,1
4,2013-02-11,Jonathan Gilbert,Sam Warburton,NA,1606,,1,2155,2.87,0.9,2
5,2013-02-17,Jonathan Gilbert,Jason Garcia,NA,2056,,0.5,2153,3.53,0.66,2.5
6,2013-02-20,Jonathan Gilbert,Peter Kirby,13,2034,CM,1,2158,4.21,0.68,3.5
7,2013-02-23,Jonathan Gilbert,Alex L Therrien,NA,2306,FM,0,2153,4.52,0.31,3.5
8,2013-02-24,Jonathan Gilbert,Andrew McClement,NA,2234,,0,2146,4.93,0.41,3.5
9,2013-02-25,Jonathan Gilbert,Tim Kett,NA,2278,,0,2141,5.28,0.35,3.5
10,2013-03-11,Jonathan Gilbert,William Hewitt,NA,2027,,0.5,2137,5.97,0.69,4
11,2013-03-23,Jonathan Gilbert,Richard B Mounce,NA,1890,,1,2140,6.81,0.84,5
12,2013-03-24,Jonathan Gilbert,Leo Z Tsoi,NA,2074,,0.5,2138,7.44,0.63,5.5
13,2013-05-19,Jonathan Gilbert,David Sully,NA,2154,,0,2130,7.96,0.52,5.5
1,2013-01-16,Leslie Blohm,Lee Davis,NA,2023,E1,0,1899,0.34,0.34,0
2,2013-01-29,Leslie Blohm,Jonathan Gilbert,5,2169,G1,1,1919,0.52,0.18,1
3,2013-03-06,Leslie Blohm,John Waterfield,10,2047,G1,0.5,1923,0.83,0.31,1.5
4,2013-03-13,Leslie Blohm,John Waterfield,10,2006,G2,0.5,1926,1.19,0.36,2
1,2013-01-09,Luke Kostanjsek,Paul Tew,NA,1828,,0.5,1892,0.59,0.59,0.5
2,2013-01-29,Luke Kostanjsek,David Perrett,NA,2009,,1,1908,0.93,0.34,1.5
3,2013-02-08,Luke Kostanjsek,Petr Marusenko,NA,2214,IM,0,1905,1.06,0.13,1.5
4,2013-02-09,Luke Kostanjsek,Allan Pleasants,NA,2155,,0.5,1912,1.24,0.18,2
5,2013-02-09,Luke Kostanjsek,Rudy van Kemenade,NA,2115,,1,1931,1.46,0.22,3
6,2013-02-10,Luke Kostanjsek,John Waterfield,10,2047,,0.5,1936,1.75,0.29,3.5
7,2013-02-10,Luke Kostanjsek,Alex Bullen,NA,2023,,0.5,1940,2.07,0.32,4
8,2013-02-11,Luke Kostanjsek,Thomas Thorpe,21,1939,,0.5,1942,2.51,0.44,4.5
9,2013-02-11,Luke Kostanjsek,Tom Brown,NA,2133,,0,1937,2.71,0.2,4.5
10,2013-02-17,Luke Kostanjsek,Alex Bullen,NA,2035,,0,1930,3.02,0.31,4.5
11,2013-02-23,Luke Kostanjsek,Christine Flear,NA,2274,WIM,0,1927,3.12,0.1,4.5
12,2013-02-24,Luke Kostanjsek,Steven J Burke,NA,1978,,0.5,1930,3.5,0.38,5
13,2013-02-27,Luke Kostanjsek,Ron Williams,48,1661,,1,1935,4.3,0.8,6
14,2013-03-02,Luke Kostanjsek,Thomas Turton,NA,1402,,1,1937,5.2,0.9,7
15,2013-03-02,Luke Kostanjsek,Thomas Thorpe,21,1947,,0.5,1939,5.63,0.43,7.5
16,2013-03-02,Luke Kostanjsek,Rhys Steele,NA,1847,,1,1949,6.2,0.57,8.5
17,2013-03-03,Luke Kostanjsek,Nicholas Evans,NA,1828,,0.5,1947,6.79,0.59,9
18,2013-03-03,Luke Kostanjsek,Philippe Rodgers,NA,2010,,1,1963,7.13,0.34,10
19,2013-03-06,Luke Kostanjsek,Paul Tew,NA,1828,,0.5,1961,7.72,0.59,10.5
20,2013-03-23,Luke Kostanjsek,John Jenkins,NA,2050,,1,1978,8.01,0.29,11.5
21,2013-03-24,Luke Kostanjsek,Raunak Rao,NA,1914,,0.5,1978,8.48,0.47,12
22,2012-03-27,Luke Kostanjsek,Gary Thomas,23,1910,,0.5,1979,8.96,0.48,12.5
23,2013-03-29,Luke Kostanjsek,Juan Rodriguez,NA,2048,,1,1996,9.25,0.29,13.5
24,2013-03-30,Luke Kostanjsek,Tim Kett,NA,2278,,0,1994,9.35,0.1,13.5
25,2013-03-30,Luke Kostanjsek,Peter Kirby,13,2034,CM,1,2010,9.66,0.31,14.5
26,2013-03-31,Luke Kostanjsek,David A Sands,NA,2290,,0.5,2020,9.76,0.1,15
27,2013-03-31,Luke Kostanjsek,Rudy van Kemenade,NA,2079,,0,2014,10.02,0.26,15
28,2013-04-01,Luke Kostanjsek,Peter Ehsandar,NA,2046,,0,2006,10.32,0.3,15
29,2013-04-01,Luke Kostanjsek,Alex Bullen,NA,2035,,1,2023,10.63,0.31,16
30,2013-04-03,Luke Kostanjsek,Chris Dixon,33,1816,,0.5,2017,0.77,0.77,0.5
31,2013-04-07,Luke Kostanjsek,Frank May,6,2104,,0,2007,1.16,0.39,0.5
32,2013-04-28,Luke Kostanjsek,Ian Jones,NA,1998,,0.5,2006,1.7,0.54,1
33,2013-06-28,Luke Kostanjsek,Rudy Van Kemenade,NA,2079,,0.5,2008,2.12,0.42,1.5
34,2013-06-29,Luke Kostanjsek,Lee Davis,NA,2077,,0,1998,2.54,0.42,1.5
35,2013-06-29,Luke Kostanjsek,Peter Kirby,13,2007,CM,0.5,1998,3.06,0.52,2
36,2013-06-30,Luke Kostanjsek,Paul Hatchett,8,2048,,1,2011,3.52,0.46,3
37,2013-06-30,Luke Kostanjsek,Michael Dunkley,NA,1760,,1,2015,4.34,0.82,4
1,2013-01-09,Lyn Holland,Mark Emblem,77,1421,G1,1,1497,0.59,0.59,1
2,2013-01-15,Lyn Holland,Dave A Lewis,NA,1681,E1,0.5,1505,0.83,0.24,1.5
3,2013-01-16,Lyn Holland,Nigel Saunders,25,1905,G1,0,1502,0.93,0.1,1.5
4,2013-02-04,Lyn Holland,Daniel Siromani,NA,1385,E1,1,1514,1.57,0.64,2.5
5,2013-02-12,Lyn Holland,Steve Williams (Cwm),53,1647,G1,1,1537,1.85,0.28,3.5
6,2013-02-27,Lyn Holland,John Hermann,63,1563,G1,0.5,1540,2.24,0.39,4
7,2013-03-05,Lyn Holland,Blake Fisher,NA,1178,E1,0,1513,3.1,0.86,4
8,2013-03-11,Lyn Holland,Matt Staniforth,NA,1869,E1,0,1510,3.2,0.1,4
9,2013-03-20,Lyn Holland,Rhys Bennett,30,1726,G2,0,1503,3.4,0.2,4
10,2012-03-27,Lyn Holland,Owen Bennett,39,1736,G2,1,1529,3.59,0.19,5
11,2013-04-02,Lyn Holland,Jonathan Kell,NA,1857,E1,0,1526,3.69,0.1,5
12,2013-04-09,Lyn Holland,Brian Heath,55,1638,G1,1,1549,3.98,0.29,6
13,2013-04-17,Lyn Holland,James Lavender,29,1840,G1,0,1545,4.08,0.1,6
14,2013-04-23,Lyn Holland,Jim Irving,NA,1353,E1,0.5,1540,4.76,0.68,6.5
15,2013-05-09,Lyn Holland,Robert Peters,NA,1376,E1,0,1519,5.41,0.65,6.5
16,2013-06-28,Lyn Holland,Aishwarya Lutchman Singh,NA,1201,E2,1,1524,6.25,0.84,7.5
17,2013-06-29,Lyn Holland,Dewi Jones,NA,1493,N2,0.5,1524,6.74,0.49,8
18,2013-06-29,Lyn Holland,Guto Neave,NA,1216,W1,0.5,1514,7.57,0.83,8.5
19,2013-06-30,Lyn Holland,Thomas Lagardette,NA,1420,FRA,1,1527,8.16,0.59,9.5
20,2013-06-30,Lyn Holland,Paul Turner,NA,1325,E1,0,1504,8.87,0.71,9.5
1,2013-01-18,Lynda Roberts,Steven P Dilleigh,NA,2146,,0.5,1953,0.24,0.24,0.5
2,2013-01-19,Lynda Roberts,Stephen J Homer,NA,2114,,0,1947,0.52,0.28,0.5
3,2013-01-20,Lynda Roberts,John E Curtis,NA,2146,,0,1941,0.76,0.24,0.5
4,2013-01-20,Lynda Roberts,Thomas Thorpe,21,1939,,0.5,1941,1.27,0.51,1
5,2013-01-29,Lynda Roberts,Duncan D Grosset,NA,2090,,0,1933,1.58,0.31,1
6,2013-02-06,Lynda Roberts,Adam Musson,NA,2082,,0,1925,1.9,0.32,1
7,2013-02-19,Lynda Roberts,Zhongyi Tan,NA,2466,WGM,0,1923,2,0.1,1
8,2013-02-20,Lynda Roberts,Felix Stein thorsson,NA,1449,,1,1925,2.9,0.9,2
9,2013-02-20,Lynda Roberts,Jon Arni Halldorsson,NA,2222,,0.5,1933,3.07,0.17,2.5
10,2013-02-21,Lynda Roberts,Johann Ingvason,NA,2148,,1,1952,3.31,0.24,3.5
11,2013-02-22,Lynda Roberts,Carl Fredrik Ekeberg,NA,2274,FM,0,1949,3.43,0.12,3.5
12,2013-02-24,Lynda Roberts,Andrew J Muir,NA,2313,IM,0,1946,3.53,0.1,3.5
13,2013-02-25,Lynda Roberts,Gylfi Thorhallsson,NA,2141,,0.5,1952,3.78,0.25,4
14,2013-02-26,Lynda Roberts,Renato Frick,NA,2075,,0.5,1956,4.11,0.33,4.5
15,2013-02-27,Lynda Roberts,Bragi Halldorsson,NA,2180,,0,1952,4.31,0.2,4.5
16,2013-03-18,Lynda Roberts,David Egginton,NA,1954,,0.5,1952,4.8,0.49,5
17,2013-03-26,Lynda Roberts,John E Richards,NA,1842,,0,1936,5.44,0.64,5
18,2013-04-30,Lynda Roberts,Jerry Humphreys,NA,2074,,0,1929,5.77,0.33,5
19,2013-05-25,Lynda Roberts,Kevin N Bendall,NA,1778,,1,1935,6.49,0.72,6
20,2013-05-25,Lynda Roberts,Stuart Calderbank,NA,1434,,1,1938,7.39,0.9,7
21,2013-05-26,Lynda Roberts,Andrew P Farthing,NA,1794,,0.5,1933,8.1,0.71,7.5
22,2013-05-27,Lynda Roberts,Michael J Ashworth,NA,1842,,1,1941,8.74,0.64,8.5
23,2013-05-27,Lynda Roberts,Alan R Papier,NA,1842,,0.5,1938,9.38,0.64,9
24,2013-06-07,Lynda Roberts,Daniel J Wells,NA,2082,,0.5,1942,9.7,0.32,9.5
25,2013-06-08,Lynda Roberts,Adam J Musson,NA,2082,,0,1935,10.02,0.32,9.5
26,2013-06-09,Lynda Roberts,Michael T Harris,NA,1970,,0.5,1935,10.49,0.47,10
27,2013-06-09,Lynda Roberts,Christopher RL Kreuzer,NA,1978,,1,1948,10.95,0.46,11
1,2013-01-12,Mark Adams,Petr Vachtfeidl,NA,2042,,0.5,1997,0.43,0.43,0.5
2,2013-01-13,Mark Adams,Robert (Bob) Kane,NA,1946,,0.5,1995,1,0.57,1
3,2013-01-16,Mark Adams,Dave R Lewis,NA,1908,,0,1980,1.62,0.62,1
4,2013-02-13,Mark Adams,Paul Bridges,NA,1837,,0.5,1975,2.33,0.71,1.5
5,2013-02-17,Mark Adams,Rudy van Kemenade,NA,2115,,0.5,1979,2.67,0.34,2
6,2013-02-23,Mark Adams,Rhys Cumming,NA,2170,,0.5,1984,2.94,0.27,2.5
7,2013-02-24,Mark Adams,Richard WY Lee,NA,2170,,0,1978,3.21,0.27,2.5
8,2013-02-27,Mark Adams,Ian White,18,1955,,0.5,1977,3.77,0.56,3
9,2013-03-13,Mark Adams,Peter Varley,2,2250,FM,0,1972,3.95,0.18,3
10,2013-03-20,Mark Adams,Dave Turner,20,1942,,0.5,1971,4.52,0.57,3.5
11,2013-03-23,Mark Adams,Martina Flint,NA,1986,,1,1982,5.03,0.51,4.5
12,2013-03-24,Mark Adams,Ali Roy,NA,1962,,0.5,1981,5.58,0.55,5
13,2013-03-27,Mark Adams,Paul Tew,NA,1828,,1,1988,6.3,0.72,6
14,2013-04-07,Mark Adams,Nigel Granville,27,1888,,1,1996,6.95,0.65,7
15,2013-04-17,Mark Adams,John Waterfield,10,2006,,0.5,1997,7.43,0.48,7.5
16,2013-04-28,Mark Adams,Nyasha Katsande,46,1662,,0.5,1988,8.31,0.88,8
17,2013-05-04,Mark Adams,AS (Tony) Slinger,NA,1986,,0.5,1987,8.82,0.51,8.5
18,2013-05-05,Mark Adams,David O'Donnell,NA,1932,,0.5,1985,9.41,0.59,9
1,2013-03-03,Mark Cooke,Colin Denham,NA,1639,D1,0,1664,0.55,0.55,0
2,2013-05-22,Mark Cooke,Michael Arribas-Ayllon,NA,1728,E1,0,1653,0.98,0.43,0
1,2013-01-09,Mark Emblem,Lyn Holland,69,1484,,0,1408,0.41,0.41,0
2,2013-01-27,Mark Emblem,Scott Hammett,NA,1532,,1,1429,0.76,0.35,1
3,2013-02-04,Mark Emblem,Thomas Turton,NA,1402,,0,1412,1.29,0.53,1
4,2013-02-06,Mark Emblem,Carl Bennett,84,1248,,1,1420,2.02,0.73,2
5,2013-02-13,Mark Emblem,Brian Ross,67,1538,,0.5,1425,2.36,0.34,2.5
6,2013-02-22,Mark Emblem,Howard Leah,NA,1606,,0,1417,2.62,0.26,2.5
7,2013-02-23,Mark Emblem,Les Philpin,NA,1586,,0,1408,2.9,0.28,2.5
8,2013-02-24,Mark Emblem,Kevin O'Rourke,NA,1254,,1,1417,3.62,0.72,3.5
9,2013-02-24,Mark Emblem,Jeremy Jones,NA,1625,,0,1409,3.86,0.24,3.5
10,2013-03-06,Mark Emblem,Paul Kostanjsek,80,1358,,1,1423,4.45,0.59,4.5
11,2013-04-03,Mark Emblem,Brian Heath,55,1638,,0,1416,4.67,0.22,4.5
12,2013-04-10,Mark Emblem,Steve Williams (Mal),43,1690,u,0,1410,4.84,0.17,4.5
13,2013-04-17,Mark Emblem,Brenda Miles,NA,1373,,1,1424,5.41,0.57,5.5
14,2013-05-08,Mark Emblem,Steve Williams (Mal),43,1690,u,0,1418,5.58,0.17,5.5
15,2013-06-29,Mark Emblem,Hywel Griffiths,NA,1789,,0,1415,5.68,0.1,5.5
16,2013-06-29,Mark Emblem,Bob Hurn,NA,1686,,0.5,1426,5.85,0.17,6
17,2013-06-30,Mark Emblem,Dave Williams,42,1700,u,0,1421,6.01,0.16,6
18,2013-06-30,Mark Emblem,Deio Parri,NA,1826,,0,1417,6.11,0.1,6
1,2013-04-03,Mark Summers,Brenda Miles,NA,1373,E1,1,1385,0.49,0.49,1
2,2013-04-10,Mark Summers,Chris Reading,51,1648,G1,0.5,1396,0.65,0.16,1.5
1,2013-03-02,Michael Burger,William Edwards,NA,850,Est,1,1068,0.77,0.77,1
2,2013-03-02,Michael Burger,Shayanna Sivarajasingam,NA,1491,E1,0,1065,0.87,0.1,1
3,2013-03-02,Michael Burger,Sam Hughes,98,1100,G1,0,1051,1.32,0.45,1
4,2013-03-03,Michael Burger,Soham Gadgil,NA,850,W1,1,1058,2.09,0.77,2
5,2013-03-03,Michael Burger,Oliver Norbury,101,1050,G1,0,1041,2.61,0.52,2
6,2013-03-03,Michael Burger,Shermin Riaz,NA,1000,E1,1,1055,3.2,0.59,3
7,2013-06-01,Michael Burger,Sachs Brozel,NA,1706,ECF,0,1051,3.3,0.1,3
8,2013-06-01,Michael Burger,Jonah B Willow,NA,1610,ECF,0,1048,3.4,0.1,3
1,2013-02-13,Nick Davies,Douglas Spencer,22,1929,G1,0,1730,0.25,0.25,0
2,2013-02-27,Nick Davies,Andrew Bates,14,2020,G1,0,1726,0.41,0.16,0
3,2013-03-19,Nick Davies,John D Thornton,NA,2054,E1,0,1723,0.54,0.13,0
4,2013-03-25,Nick Davies,Dave Turner,20,1942,G1,1,1742,0.77,0.23,1
5,2013-04-03,Nick Davies,David Llewellyn,NA,1940,E1,0,1736,1.01,0.24,1
6,2013-04-08,Nick Davies,Dave Turner,20,1942,G1,0.5,1742,1.24,0.23,1.5
7,2013-04-10,Nick Davies,Dave Roberts,57,1625,G1,1,1751,1.89,0.65,2.5
8,2013-04-22,Nick Davies,Mark Jones,NA,1716,E1,1,1762,2.42,0.53,3.5
9,2013-04-24,Nick Davies,David Llewellyn,NA,1940,E1,0,1756,2.66,0.24,3.5
10,2013-05-08,Nick Davies,Simon Tang,68,1506,G1,0,1737,3.45,0.79,3.5
11,2013-06-28,Nick Davies,Philippe Rodgers,NA,2010,W1,0,1733,3.62,0.17,3.5
12,2013-06-29,Nick Davies,Rudy Van Kemenade,NA,2079,D2,1,1754,3.73,0.11,4.5
13,2013-06-30,Nick Davies,Charles Louis-Sidois,NA,1950,FIDE,0,1749,3.95,0.22,4.5
14,2013-06-30,Nick Davies,Sam Jukes,NA,1418,E1,1,1752,4.82,0.87,5.5
1,2013-01-09,Nigel Granville,Dave Williams,42,1700,u,1,1894,0.75,0.75,1
2,2013-01-16,Nigel Granville,Craig Woolcock,NA,1897,,0,1882,1.24,0.49,1
3,2013-01-29,Nigel Granville,Steve Williams (Cwm),53,1647,,0.5,1875,2.04,0.8,1.5
4,2013-02-06,Nigel Granville,Andrew Owen,28,1845,,1,1886,2.6,0.56,2.5
5,2013-02-17,Nigel Granville,Joe Fathallah,NA,2010,,0,1878,2.93,0.33,2.5
6,2013-02-27,Nigel Granville,Graham Johnson,61,1581,,1,1881,3.79,0.86,3.5
7,2013-03-06,Nigel Granville,Frank May,6,2104,,0.5,1888,4.01,0.22,4
8,2013-03-10,Nigel Granville,Nigel Ralphs,NA,1993,,0,1879,4.37,0.36,4
9,2013-03-13,Nigel Granville,Douglas Spencer,22,1929,,0,1869,4.81,0.44,4
10,2012-03-27,Nigel Granville,James Lavender,29,1840,,0,1855,5.38,0.57,4
11,2013-04-03,Nigel Granville,Richard Batey,32,1818,,1,1864,5.98,0.6,5
12,2013-04-07,Nigel Granville,Mark Adams,15,1995,,0,1856,6.33,0.35,5
13,2013-04-28,Nigel Granville,David Guy,NA,1986,,0,1847,6.69,0.36,5
14,2013-05-19,Nigel Granville,Matthew Davies,NA,1908,,0,1836,7.16,0.47,5
15,2013-06-23,Nigel Granville,Derek Jones,NA,1962,,0,1827,7.56,0.4,5
1,2013-01-16,Nigel Saunders,Lyn Holland,69,1484,G1,1,1907,0.9,0.9,1
2,2013-02-20,Nigel Saunders,Gordon Cadden,31,1828,G1,0.5,1905,1.51,0.61,1.5
3,2013-03-13,Nigel Saunders,John Hermann,63,1563,G1,1,1907,2.4,0.89,2.5
4,2012-03-27,Nigel Saunders,Rhys Bennett,30,1726,G2,0,1890,3.14,0.74,2.5
5,2013-04-09,Nigel Saunders,Bob Hurn,NA,1633,E2,0.5,1882,3.97,0.83,3
1,2013-01-09,Nyasha Katsande,David Rovaretti,73,1455,,1,1668,0.77,0.77,1
2,2013-01-15,Nyasha Katsande,John O'Shea,56,1626,,0.5,1666,1.32,0.55,1.5
3,2013-02-10,Nyasha Katsande,Georgina Gray,NA,1269,,1,1669,2.22,0.9,2.5
4,2013-03-02,Nyasha Katsande,David Kett,NA,1057,,1,1671,3.12,0.9,3.5
5,2013-03-02,Nyasha Katsande,Ben Thomas,NA,1912,,0.5,1679,3.31,0.19,4
6,2013-03-02,Nyasha Katsande,Mateusz Sieduszewski,NA,1428,,1,1683,4.11,0.8,5
7,2013-03-03,Nyasha Katsande,Owen Bennett,39,1736,,1,1698,4.51,0.4,6
8,2013-03-03,Nyasha Katsande,Rhys Bennett,30,1726,,0.5,1700,4.92,0.41,6.5
9,2013-03-03,Nyasha Katsande,Megan Richards,NA,1177,,1,1702,5.82,0.9,7.5
10,2013-03-16,Nyasha Katsande,Greg Clark,103,1000,,1,1705,6.72,0.9,8.5
11,2013-03-16,Nyasha Katsande,Jamie Bell-Thomas,76,1428,,1,1710,7.52,0.8,9.5
12,2013-03-17,Nyasha Katsande,Imogen Camp,NA,1500,,0.5,1704,8.24,0.72,10
13,2013-03-17,Nyasha Katsande,Ben Thomas,NA,1850,,1,1722,8.49,0.25,11
14,2012-03-27,Nyasha Katsande,Owain Davies,52,1648,,0.5,1722,9.01,0.52,11.5
15,2013-03-29,Nyasha Katsande,Ian D Thompson,NA,2226,FM,0,1719,9.11,0.1,11.5
16,2013-03-30,Nyasha Katsande,Calum Harris,NA,1681,,0.5,1720,9.58,0.47,12
17,2013-03-30,Nyasha Katsande,Ken Hannah,NA,1688,,1,1733,10.04,0.46,13
18,2013-03-31,Nyasha Katsande,Colin Denham,NA,1639,,0,1720,10.57,0.53,13
19,2013-03-31,Nyasha Katsande,Rhys Steele,NA,1937,,0,1716,10.74,0.17,13
20,2013-04-01,Nyasha Katsande,James Evans,NA,1434,,1,1721,11.53,0.79,14
21,2013-04-01,Nyasha Katsande,Beryl Hughes,NA,1453,,1,1727,12.3,0.77,15
22,2013-04-09,Nyasha Katsande,Dennis O. Jones,35,1747,,1,1742,12.68,0.38,16
23,2013-04-10,Nyasha Katsande,Richard Miles,9,2057,,1,1763,12.78,0.1,17
24,2013-04-24,Nyasha Katsande,Rhys Bennett,30,1775,,0.5,1767,13.12,0.34,17.5
25,2013-04-28,Nyasha Katsande,Mark Adams,15,1995,,0.5,1776,13.24,0.12,18
26,2013-05-08,Nyasha Katsande,Steve Christmas,NA,2034,,1,1796,0.18,0.18,1
27,2013-06-01,Nyasha Katsande,Prashast Vir,NA,1818,,1,1809,0.62,0.44,2
28,2013-06-01,Nyasha Katsande,Richard Meikle-Briggs,NA,1794,,0.5,1810,1.09,0.47,2.5
29,2013-06-02,Nyasha Katsande,Michael J Ashworth,NA,1842,,0.5,1812,1.5,0.41,3
30,2013-06-02,Nyasha Katsande,Jamie MacDonald,NA,1746,,0,1799,2.04,0.54,3
1,2013-03-02,Oliver Norbury,Lorca Heeney-Brockett,NA,1200,E1-adj,0,1040,0.3,0.3,0
2,2013-03-02,Oliver Norbury,Hugo Fowler,97,1200,G1,0,1031,0.6,0.3,0
3,2013-03-03,Oliver Norbury,Tom Farley,NA,850,W1,1,1038,1.36,0.76,1
4,2013-03-03,Oliver Norbury,Michael Burger,92,1061,G1,1,1055,1.84,0.48,2
5,2013-03-03,Oliver Norbury,Christopher Barwise,NA,1300,E1,0,1049,2.03,0.19,2
1,2013-03-16,Owain Davies,Philippe Rodgers,NA,2010,W1,0,1646,0.1,0.1,0
2,2013-03-16,Owain Davies,James Baker,87,1175,G1,1,1648,1,0.9,1
3,2013-03-16,Owain Davies,Mateusz Sieduszewski,NA,1428,W1,1,1653,1.78,0.78,2
4,2013-03-17,Owain Davies,Owen Bennett,39,1736,G2,0.5,1656,2.16,0.38,2.5
5,2013-03-17,Owain Davies,Nicholas Evans,NA,1848,W2,0.5,1662,2.4,0.24,3
6,2012-03-27,Owain Davies,Nyasha Katsande,46,1662,G1,0.5,1663,2.88,0.48,3.5
7,2013-03-30,Owain Davies,Blake Fisher,NA,1178,E1,1,1665,3.78,0.9,4.5
8,2013-03-30,Owain Davies,Mohammed Binesmaeal,NA,1521,E1,0,1649,4.45,0.67,4.5
9,2013-04-17,Owain Davies,John O'Shea,56,1626,G1,0,1636,4.98,0.53,4.5
10,2013-06-01,Owain Davies,George Ivanov,NA,1786,ECF,0.5,1641,5.29,0.31,5
11,2013-06-01,Owain Davies,Paul Calderon,NA,1754,ECF,0,1633,5.64,0.35,5
12,2013-06-02,Owain Davies,Alex JP Vanlint,NA,1802,ECF,0,1626,5.93,0.29,5
13,2013-06-02,Owain Davies,Robert M Ashworth,NA,1714,ECF,1,1640,6.34,0.41,6
14,2013-06-29,Owain Davies,Daniel Siromani,NA,1530,E2,0.5,1636,7,0.66,6.5
15,2013-06-29,Owain Davies,Dai James,NA,1843,E1,0,1630,7.25,0.25,6.5
16,2013-06-30,Owain Davies,Barry Whitelaw,NA,1834,ECF,0,1624,7.51,0.26,6.5
17,2013-06-30,Owain Davies,Beryl Hughes,NA,1453,E2,1,1630,8.26,0.75,7.5
1,2013-03-16,Owain Meek,Jamie Bell-Thomas,76,1428,G1,0,997,0.1,0.1,0
2,2013-03-16,Owain Meek,Ella Hale-Smith,105,850,G1,1,1006,0.8,0.7,1
3,2013-03-17,Owain Meek,James Evans,NA,1434,W2,0,1003,0.9,0.1,1
4,2013-03-17,Owain Meek,James Robertson,100,1050,G1,0,989,1.33,0.43,1
5,2013-03-17,Owain Meek,Greg Clark,103,1000,G1,0.5,989,1.83,0.5,1.5
1,2012-12-28,Owen Bennett,Arif A Wadud,NA,1210,,1,1718,0.9,0.9,1
2,2012-12-28,Owen Bennett,Miguel Halpern,NA,1514,,0.5,1712,1.66,0.76,1.5
3,2012-12-29,Owen Bennett,Shayndhan Sivanathan,NA,1378,,1,1715,2.54,0.88,2.5
4,2012-12-29,Owen Bennett,Ian McClen,NA,1634,,1,1724,3.15,0.61,3.5
5,2012-12-30,Owen Bennett,Jessica Wen,NA,1666,,1,1735,3.72,0.57,4.5
6,2012-12-30,Owen Bennett,Harunobu Oyama,NA,1570,,0,1718,4.42,0.7,4.5
7,2013-01-04,Owen Bennett,Thomas Turton,NA,1402,,1,1721,5.29,0.87,5.5
8,2013-01-05,Owen Bennett,Timothy S Allen,NA,1730,,0.5,1722,5.77,0.48,6
9,2013-01-05,Owen Bennett,Steve Williams (Cwm),53,1647,,0.5,1719,6.37,0.6,6.5
10,2013-01-06,Owen Bennett,Bob Hurn,NA,1688,,1,1730,6.91,0.54,7.5
11,2013-01-06,Owen Bennett,Colin Denham,NA,1639,,1,1740,7.52,0.61,8.5
12,2013-01-07,Owen Bennett,Jeremy Pye,NA,1084,,1,1742,8.42,0.9,9.5
13,2013-01-16,Owen Bennett,John Hermann,63,1563,,1,1749,9.13,0.71,10.5
14,2013-01-26,Owen Bennett,Rob Sutton,NA,1498,,0.5,1742,9.91,0.78,11
15,2013-01-26,Owen Bennett,Andrew Camp,NA,1425,,1,1746,10.76,0.85,12
16,2013-01-27,Owen Bennett,Timothy J Crouch,NA,1658,,0.5,1744,11.34,0.58,12.5
17,2013-01-27,Owen Bennett,Peter Kearns,NA,1466,,1,1748,12.15,0.81,13.5
18,2013-01-30,Owen Bennett,Brenda Miles,NA,1373,,1,1751,13.04,0.89,14.5
19,2013-02-02,Owen Bennett,Nick Tsimikalis,NA,1434,,1,1755,13.88,0.84,15.5
20,2013-02-02,Owen Bennett,Daniel Varney,NA,1530,,0,1737,14.62,0.74,15.5
21,2013-02-02,Owen Bennett,Hazel Welch,NA,1482,,1,1742,15.42,0.8,16.5
22,2013-02-03,Owen Bennett,Andrew Ellis,NA,1450,,1,1746,16.25,0.83,17.5
23,2013-02-03,Owen Bennett,Paul Davies,NA,1386,,0.5,1737,17.13,0.88,18
24,2013-02-06,Owen Bennett,Simon Tang,68,1506,,0.5,1730,17.9,0.77,18.5
25,2013-02-09,Owen Bennett,Derek simpson,NA,1650,,0.5,1728,18.49,0.59,19
26,2013-02-09,Owen Bennett,Rhys Bennett,30,1832,,1,1744,18.83,0.34,20
27,2013-02-10,Owen Bennett,Arthur M Hibbitt,NA,1874,,0.5,1749,19.12,0.29,20.5
28,2013-02-10,Owen Bennett,Keith C Osborne,NA,1698,,0,1736,19.65,0.53,20.5
29,2013-02-11,Owen Bennett,Brian Turton,NA,1401,,1,1739,0.88,0.88,1
30,2013-02-16,Owen Bennett,Isabel Hauer,NA,1402,,0.5,1730,1.76,0.88,1.5
31,2013-02-16,Owen Bennett,Nicholas Hodge,NA,1554,,1,1736,2.5,0.74,2.5
32,2013-02-16,Owen Bennett,Rhys Bennett,30,1726,,0.5,1736,3.01,0.51,3
33,2013-02-17,Owen Bennett,Kerry Jefferies,NA,1400,,1,1739,3.89,0.88,4
34,2013-02-17,Owen Bennett,Matthew G Howell,NA,1602,,0.5,1734,4.57,0.68,4.5
35,2013-02-17,Owen Bennett,Alex Gould,NA,1642,,0.5,1731,5.2,0.63,5
36,2013-02-18,Owen Bennett,Steve Vickery,40,1713,,0,1718,5.73,0.53,5
37,2013-02-23,Owen Bennett,Roland Spencer,NA,1471,,1,1723,6.56,0.83,6
38,2013-02-23,Owen Bennett,Scott Hammett,NA,1532,,0,1704,7.32,0.76,6
39,2013-03-02,Owen Bennett,Rhyddian Downing,93,1060,,1,1707,8.22,0.9,7
40,2013-03-02,Owen Bennett,Rhys Bennett,30,1726,,0.5,1706,8.73,0.51,7.5
41,2013-03-02,Owen Bennett,David Kett,NA,1057,,1,1709,9.63,0.9,8.5
42,2013-03-03,Owen Bennett,Nyasha Katsande,46,1662,,0,1694,10.23,0.6,8.5
43,2013-03-03,Owen Bennett,Ben Thomas,NA,1912,,0.5,1700,10.5,0.27,9
44,2013-03-16,Owen Bennett,Philippe Rodgers,NA,2010,,0.5,1708,10.67,0.17,9.5
45,2013-03-16,Owen Bennett,Nicholas Evans,NA,1848,,0,1700,11.02,0.35,9.5
46,2013-03-17,Owen Bennett,Owain Davies,52,1648,,0.5,1697,11.64,0.62,10
47,2013-03-17,Owen Bennett,Guto Neave,NA,1216,,1,1699,12.54,0.9,11
48,2013-03-20,Owen Bennett,Brenda Miles,NA,1373,,1,1701,13.44,0.9,12
49,2012-03-27,Owen Bennett,Lyn Holland,69,1484,,0,1682,14.25,0.81,12
50,2013-03-29,Owen Bennett,Imogen Camp,NA,1500,,0.5,1675,15.05,0.8,12.5
51,2013-03-30,Owen Bennett,Sam Jukes,NA,1418,,0.5,1666,15.92,0.87,13
52,2013-03-30,Owen Bennett,Vaness Reid,NA,1921,WFM,0,1660,16.18,0.26,13
53,2013-03-31,Owen Bennett,Malcolm Probert,NA,1622,,0.5,1656,16.84,0.66,13.5
54,2013-03-31,Owen Bennett,James Evans,NA,1434,,1,1659,17.7,0.86,14.5
55,2013-04-01,Owen Bennett,Deio Parri,NA,1826,,1,1674,18.08,0.38,15.5
56,2013-04-01,Owen Bennett,Craig Woolcock,NA,1897,,0,1667,18.36,0.28,15.5
57,2013-04-05,Owen Bennett,Alex Rossiter,NA,1834,,0,1660,0.28,0.28,0
58,2013-04-06,Owen Bennett,George Georgiou,NA,1794,,0,1652,0.61,0.33,0
59,2013-04-06,Owen Bennett,Jon Fisher,NA,1698,,0,1641,1.07,0.46,0
60,2013-04-07,Owen Bennett,Ashraf Syed,NA,1706,,1,1655,1.52,0.45,1
61,2013-04-07,Owen Bennett,Anthony W Carver,NA,1682,,1,1667,2,0.48,2
62,2013-04-10,Owen Bennett,Christopher Robertson,86,1193,,1,1669,2.9,0.9,3
63,2013-04-13,Owen Bennett,Ben Graff,NA,1818,,0.5,1674,3.2,0.3,3.5
64,2013-04-13,Owen Bennett,John D Manger,NA,1762,,0.5,1677,3.57,0.37,4
65,2013-04-13,Owen Bennett,Richard CT Parry,NA,1866,,0.5,1684,3.81,0.24,4.5
66,2013-04-14,Owen Bennett,David Pritchard,NA,1922,,0,1679,3.99,0.18,4.5
67,2013-04-14,Owen Bennett,Peter Pearson-Jones,NA,1802,,1,1696,4.31,0.32,5.5
68,2013-04-16,Owen Bennett,Vince Williams,NA,1626,,0,1682,4.87,0.56,5.5
69,2013-04-24,Owen Bennett,Brian Heath,55,1638,,1,1693,5.41,0.54,6.5
70,2013-04-28,Owen Bennett,John Waterfield,10,2006,,0.5,1702,5.53,0.12,7
71,2013-04-29,Owen Bennett,Alan Williams,NA,1569,,1,1711,6.17,0.64,8
72,2013-05-01,Owen Bennett,Simon Richardson,NA,1696,,1,1724,6.63,0.46,9
73,2013-05-10,Owen Bennett,Ben Radford,NA,1746,,0.5,1727,7.02,0.39,9.5
74,2013-05-11,Owen Bennett,Paul A Jackson,NA,1714,,0.5,1728,7.45,0.43,10
75,2013-05-11,Owen Bennett,Steve Williams (Cwm),53,1647,,1,1739,7.98,0.53,11
76,2013-05-12,Owen Bennett,Mauro Farina,NA,1762,,1,1755,8.35,0.37,12
77,2013-05-12,Owen Bennett,John B Symons,NA,1746,,1,1769,8.74,0.39,13
78,2013-06-07,Owen Bennett,George Georgiou,NA,1794,,0,1761,9.07,0.33,13
79,2013-06-08,Owen Bennett,Neil J Dunlop,NA,1874,,0,1756,9.3,0.23,13
80,2013-06-09,Owen Bennett,Phil T Foley,NA,1682,,0,1744,9.78,0.48,13
81,2013-06-09,Owen Bennett,Keith Wicks,NA,1700,,1,1757,10.23,0.45,14
82,2013-06-23,Owen Bennett,Guy Wagner,NA,1777,,0,1746,0.47,0.47,0
83,2013-06-28,Owen Bennett,Dai James,NA,1843,,1,1761,0.85,0.38,1
84,2013-06-29,Owen Bennett,Barry Whitelaw,NA,1834,,1,1775,1.24,0.39,2
85,2013-06-29,Owen Bennett,Hywel Griffiths,NA,1789,,0,1764,1.69,0.45,2
86,2013-06-30,Owen Bennett,Kam Choo Yin,NA,1427,,1,1767,2.57,0.88,3
87,2013-06-30,Owen Bennett,Gordon Cadden,31,1828,,0.5,1770,2.97,0.4,3.5
1,2013-01-12,Owen S Phillips,George A Dickson,NA,2074,,0.5,2041,0.45,0.45,0.5
2,2013-01-13,Owen S Phillips,Maurice E Lawson,NA,2098,,0.5,2042,0.87,0.42,1
3,2013-01-17,Owen S Phillips,Paul C Stokes,NA,1938,,0.5,2040,1.51,0.64,1.5
4,2013-01-23,Owen S Phillips,Graham Wallis,NA,1954,,1,2046,2.13,0.62,2.5
5,2013-01-30,Owen S Phillips,Russell C Picot,NA,2202,,0.5,2049,2.41,0.28,3
6,2013-02-04,Owen S Phillips,Edward Cetens,NA,1858,,0.5,2046,3.15,0.74,3.5
7,2013-02-23,Owen S Phillips,David J Grant,NA,2178,,0,2041,3.46,0.31,3.5
8,2013-02-24,Owen S Phillips,Audrey Kueh,NA,2114,,0.5,2042,3.86,0.4,4
9,2013-03-02,Owen S Phillips,Trefor Owens,NA,2010,,0.5,2042,4.4,0.54,4.5
10,2013-03-02,Owen S Phillips,Paul Talsma,NA,2162,,0,2036,4.73,0.33,4.5
11,2013-03-04,Owen S Phillips,Roger Abayasekera,NA,2138,,1,2047,5.09,0.36,5.5
12,2013-03-06,Owen S Phillips,Jonathan Hinton,NA,2122,,0.5,2048,5.48,0.39,6
13,2013-03-16,Owen S Phillips,Philip J Makepeace,NA,2162,,0.5,2051,5.81,0.33,6.5
14,2013-04-10,Owen S Phillips,Nasir Rizvi,NA,2090,,0,2044,6.24,0.43,6.5
15,2013-04-11,Owen S Phillips,Samuel GA Franklin,NA,2370,,0,2042,6.36,0.12,6.5
16,2013-04-26,Owen S Phillips,Steven A Jones,NA,2186,,0,2037,6.66,0.3,6.5
17,2013-04-27,Owen S Phillips,Paul M Kemp,NA,2098,,0.5,2039,7.08,0.42,7
18,2013-04-27,Owen S Phillips,Chris S Purry,NA,1922,,0.5,2036,7.74,0.66,7.5
19,2013-04-28,Owen S Phillips,Simon Bartlett,NA,1962,,0.5,2034,8.35,0.61,8
20,2013-04-28,Owen S Phillips,Martin J Cutmore,NA,2098,,0.5,2036,8.77,0.42,8.5
21,2013-04-29,Owen S Phillips,James C Foster,NA,2194,,0.5,2039,9.06,0.29,9
22,2013-05-05,Owen S Phillips,Rhys Steele,NA,1937,,0.5,2037,9.7,0.64,9.5
23,2013-05-06,Owen S Phillips,Glenn Halfpenny,NA,2162,CM,0.5,2040,10.03,0.33,10
24,2013-05-08,Owen S Phillips,Alireza Anvarinaeini,NA,1762,,1,2042,10.87,0.84,11
25,2013-05-19,Owen S Phillips,Winston Williams,NA,2074,CM,0.5,2043,11.32,0.45,11.5
26,2013-05-29,Owen S Phillips,Mark W Daniells,NA,1978,,0.5,2042,0.59,0.59,0.5
27,2013-06-18,Owen S Phillips,Ilian Todorov,NA,2116,,1,2051,0.99,0.4,1.5
28,2013-06-18,Owen S Phillips,Sahu Sekhar,NA,1900,,0.5,2048,1.68,0.69,2
29,2013-06-19,Owen S Phillips,Cesar Augusto Ruiz Cruz,NA,1835,,1,2052,2.45,0.77,3
1,2013-01-12,Pat Bennett,Tom Bimpson,NA,2042,ECF,1,2095,0.56,0.56,1
2,2013-01-13,Pat Bennett,Richard B Mounce,NA,1890,ECF,0.5,2091,1.32,0.76,1.5
3,2013-01-15,Pat Bennett,Douglas J Barnett,NA,1818,ECF,1,2094,2.15,0.83,2.5
4,2013-01-17,Pat Bennett,Anthony J Lane,NA,1794,ECF,1,2096,3,0.85,3.5
5,2013-01-24,Pat Bennett,Phil Siddall,NA,2050,ECF,0,2087,3.55,0.55,3.5
6,2013-01-29,Pat Bennett,Denzil P Lobo,NA,1914,ECF,1,2092,4.28,0.73,4.5
7,2013-02-02,Pat Bennett,Mark A Cundy,NA,1970,ECF,1,2097,4.94,0.66,5.5
8,2013-02-05,Pat Bennett,Paul F Cawley,NA,2170,ECF,1,2107,5.33,0.39,6.5
9,2013-02-21,Pat Bennett,Philip J Olbison,NA,2026,ECF,1,2113,5.92,0.59,7.5
10,2013-02-23,Pat Bennett,Damian McCarthy,NA,1890,ECF,1,2117,6.68,0.76,8.5
11,2013-02-24,Pat Bennett,Andrew Drabble,NA,2194,ECF,0.5,2120,7.03,0.35,9
12,2013-02-28,Pat Bennett,Robbie J Coats,NA,2026,ECF,1,2126,7.62,0.59,10
13,2013-03-14,Pat Bennett,Alan J Walton,NA,2258,ECF,1,2138,7.89,0.27,11
14,2013-03-20,Pat Bennett,Gerald Acey,NA,2122,ECF,0,2131,8.34,0.45,11
15,2013-03-23,Pat Bennett,Mark E Page,NA,2162,ECF,0,2124,8.74,0.4,11
16,2013-03-24,Pat Bennett,Silas Peck,NA,1882,ECF,1,2128,9.51,0.77,12
17,2013-04-11,Pat Bennett,Phil Siddall,NA,2050,ECF,1,2135,10.06,0.55,13
18,2013-04-12,Pat Bennett,David E Buxton,NA,2178,ECF,0.5,2137,10.44,0.38,13.5
19,2013-05-04,Pat Bennett,Roger Hardy,NA,1802,ECF,1,2140,11.28,0.84,14.5
20,2013-05-05,Pat Bennett,John M Quinn,NA,2130,ECF,0.5,2140,11.72,0.44,15
21,2013-05-06,Pat Bennett,Richard G Truman,NA,2106,ECF,0.5,2141,12.19,0.47,15.5
22,2013-05-18,Pat Bennett,"Prizant, Michael",NA,2146,ECF,0,2134,12.61,0.42,15.5
1,2013-01-12,Paul Hatchett,Adam C Taylor,NA,2146,,0,2064,0.39,0.39,0
2,2013-01-13,Paul Hatchett,Roger D de Coverly,NA,2122,,1,2073,0.82,0.43,1
3,2013-02-13,Paul Hatchett,Frank May,6,2104,,0.5,2074,1.27,0.45,1.5
4,2013-02-19,Paul Hatchett,Chris E Majer,NA,2034,,0.5,2073,1.82,0.55,2
5,2013-02-22,Paul Hatchett,Paul Bridges,NA,1837,,0.5,2068,2.62,0.8,2.5
6,2013-02-23,Paul Hatchett,Glyn Sinnett,NA,1865,,1,2072,3.39,0.77,3.5
7,2013-02-23,Paul Hatchett,Rudy van Kemenade,NA,2079,,1,2080,3.88,0.49,4.5
8,2013-02-24,Paul Hatchett,Iolo Jones,NA,2230,CM,0.5,2083,4.17,0.29,5
9,2013-02-24,Paul Hatchett,Alan Young,NA,2065,,0,2075,4.68,0.51,5
10,2013-03-10,Paul Hatchett,Lee Davis,NA,1999,,0.5,2074,5.28,0.6,5.5
11,2013-03-18,Paul Hatchett,David Peters,NA,1858,,1,2077,6.05,0.77,6.5
12,2013-03-23,Paul Hatchett,Daniel J Wells,NA,2082,,0.5,2078,6.53,0.48,7
13,2013-03-24,Paul Hatchett,Gary Hope,NA,1954,,0.5,2075,7.19,0.66,7.5
14,2013-03-29,Paul Hatchett,Gareth Harley-Yeo,NA,2060,,0.5,2075,7.7,0.51,8
15,2013-03-30,Paul Hatchett,Peter Bevan,NA,1908,,1,2079,8.42,0.72,9
16,2013-03-30,Paul Hatchett,Paul Bridges,NA,1858,,0.5,2075,9.19,0.77,9.5
17,2013-03-31,Paul Hatchett,David Guy,NA,1986,,0.5,2073,9.81,0.62,10
18,2013-03-31,Paul Hatchett,Deio Parri,NA,1826,,1,2076,10.62,0.81,11
19,2013-04-01,Paul Hatchett,Femi Adebajo,NA,2105,,0,2069,11.07,0.45,11
20,2013-04-01,Paul Hatchett,Rhys Bennett,30,1726,,1,2071,11.96,0.89,12
21,2013-04-10,Paul Hatchett,Paul Tew,NA,1858,,0,2058,12.73,0.77,12
22,2013-04-24,Paul Hatchett,Richard Miles,9,2057,,0.5,2058,13.25,0.52,12.5
23,2013-04-28,Paul Hatchett,William Hewitt,NA,2027,,0.5,2057,13.81,0.56,13
24,2013-05-04,Paul Hatchett,James N Stayt,NA,1994,,1,2063,14.42,0.61,14
25,2013-05-05,Paul Hatchett,David Sully,NA,2154,,0,2057,14.8,0.38,14
26,2013-05-06,Paul Hatchett,Jeremy N Fraser-Mitchell,NA,2002,,0,2048,15.4,0.6,14
27,2013-05-08,Paul Hatchett,Alan Young,NA,2122,,0.5,2050,0.4,0.4,0.5
28,2013-06-28,Paul Hatchett,Mark Furneval,NA,2050,,0,2042,0.9,0.5,0.5
29,2013-06-29,Paul Hatchett,Matthew Francis,NA,1664,,1,2043,1.8,0.9,1.5
30,2013-06-29,Paul Hatchett,Michael Dunkley,NA,1760,,0,2030,2.65,0.85,1.5
31,2013-06-30,Paul Hatchett,Luke Kostanjsek,26,2023,,0,2021,3.19,0.54,1.5
32,2013-06-30,Paul Hatchett,Keith Downey,NA,1923,,1,2026,3.86,0.67,2.5
1,2013-01-09,Paul Kostanjsek,Brian Heath,55,1638,G1,1,1385,0.16,0.16,1
2,2013-03-06,Paul Kostanjsek,Mark Emblem,77,1421,G1,0,1372,0.57,0.41,1
3,2013-03-29,Paul Kostanjsek,Margaret Baron,NA,850,D1,1,1375,1.47,0.9,2
4,2013-03-30,Paul Kostanjsek,Brian Heath,55,1638,G1,0,1370,1.63,0.16,2
5,2013-03-30,Paul Kostanjsek,Raj Govindaraj,NA,1100,E1,0.5,1360,2.45,0.82,2.5
6,2013-03-31,Paul Kostanjsek,Windsor Lewis,NA,1211,E1,0,1337,3.15,0.7,2.5
7,2013-03-31,Paul Kostanjsek,Amin Ghabanlu,NA,1100,E1,1,1343,3.97,0.82,3.5
8,2013-04-01,Paul Kostanjsek,Vaseekaran Sivarajasingam,NA,1414,E1,1,1362,4.39,0.42,4.5
9,2013-04-01,Paul Kostanjsek,Spencer Lewis,NA,1241,E1,0,1340,5.05,0.66,4.5
10,2013-04-03,Paul Kostanjsek,Brian Hill,85,1233,G1,0.5,1335,5.72,0.67,5
11,2013-04-10,Paul Kostanjsek,Gordon Cadden,31,1828,G1,0,1332,5.82,0.1,5
1,2013-02-17,Paul O'Neill,Gerry Heap,NA,2127,,0.5,2178,0.57,0.57,0.5
2,2013-03-10,Paul O'Neill,Walter Braun,NA,2261,FM,0,2172,0.96,0.39,0.5
3,2013-04-07,Paul O'Neill,Robert Taylor,12,2026,,1,2176,1.67,0.71,1.5
4,2013-04-28,Paul O'Neill,Rhys Bennett,30,1775,,0.5,2170,2.57,0.9,2
5,2013-05-19,Paul O'Neill,Ian Jones,NA,1998,,0.5,2166,3.31,0.74,2.5
1,2013-01-15,Peter Kirby,Stephen P Dilleigh,NA,2146,,0,2028,0.35,0.35,0
2,2013-01-19,Peter Kirby,Chris R Beaumont,NA,2322,IM,0.5,2034,0.5,0.15,0.5
3,2013-01-19,Peter Kirby,Duncan D Grosset,NA,2090,,0.5,2035,0.92,0.42,1
4,2013-01-20,Peter Kirby,Michael Harris,NA,1970,,0,2026,1.51,0.59,1
5,2013-01-20,Peter Kirby,David O Collier,NA,2058,,0.5,2026,1.98,0.47,1.5
6,2013-01-29,Peter Kirby,Nicholas A Frost,NA,2186,,0.5,2030,2.28,0.3,2
7,2013-02-06,Peter Kirby,Ben Edgell,NA,2234,,0.5,2034,2.52,0.24,2.5
8,2013-02-17,Peter Kirby,Tom Brown,NA,2133,,0.5,2036,2.88,0.36,3
9,2013-02-19,Peter Kirby,Alan Papier,NA,1842,,0,2024,3.63,0.75,3
10,2013-02-20,Peter Kirby,Jonathan Gilbert,5,2169,,0,2019,3.95,0.32,3
11,2013-02-23,Peter Kirby,Mark A Reynolds,NA,1962,,0.5,2017,4.55,0.6,3.5
12,2013-03-18,Peter Kirby,Peter Chaplin,NA,2146,,0.5,2020,4.9,0.35,4
13,2013-03-26,Peter Kirby,Michael Harris,NA,1970,,0.5,2018,5.49,0.59,4.5
14,2013-03-29,Peter Kirby,Ben Thomas,NA,1850,,1,2022,6.23,0.74,5.5
15,2013-03-30,Peter Kirby,Sven Zeidler,1,2321,FM,0,2020,6.39,0.16,5.5
16,2013-03-30,Peter Kirby,Luke Kostanjsek,26,1894,,0,2009,7.08,0.69,5.5
17,2013-03-31,Peter Kirby,Paul J Kelly,NA,1994,,0,2000,7.64,0.56,5.5
18,2013-03-31,Peter Kirby,Tom Brown,NA,2133,,0.5,2002,8,0.36,6
19,2013-04-01,Peter Kirby,Alex Bullen,NA,2035,,0.5,2002,8.5,0.5,6.5
20,2013-04-01,Peter Kirby,David Robinson,NA,1957,,0.5,2000,9.11,0.61,7
21,2013-04-07,Peter Kirby,Charles F Morris,NA,2178,,0.5,2003,9.42,0.31,7.5
22,2013-04-11,Peter Kirby,Robert Taylor,12,2026,,0.5,2003,9.93,0.51,8
23,2013-04-16,Peter Kirby,Richard Garrett,NA,2122,,0.5,2005,10.31,0.38,8.5
24,2013-04-20,Peter Kirby,Peter J Mercs,NA,2290,,0,2002,10.49,0.18,8.5
25,2013-04-20,Peter Kirby,Faraz Malik,NA,1938,,1,2008,11.12,0.63,9.5
26,2013-04-21,Peter Kirby,David H Coates,NA,2130,,0.5,2010,11.49,0.37,10
27,2013-04-21,Peter Kirby,Theo Slade,NA,1906,,0.5,2007,12.16,0.67,10.5
28,2013-04-24,Peter Kirby,Robert Thompson,NA,2090,,0,2001,0.38,0.38,0
29,2013-04-30,Peter Kirby,Nigel K Hosken,NA,2170,,0.5,2004,0.66,0.28,0.5
30,2013-05-08,Peter Kirby,William Hewitt,NA,2095,,0.5,2006,1.04,0.38,1
31,2013-05-11,Peter Kirby,Peter J Mercs,NA,2290,,0,2004,1.2,0.16,1
32,2013-05-11,Peter Kirby,Richard J Webster,NA,2090,,0.5,2006,1.58,0.38,1.5
33,2013-05-12,Peter Kirby,Daniel Pousada Garcia,NA,1948,,0.5,2004,2.16,0.58,2
34,2013-05-12,Peter Kirby,David W Gostelow,NA,2018,,0,1997,2.64,0.48,2
35,2013-05-18,Peter Kirby,Claudio Mangione,NA,2242,,0,1994,2.84,0.2,2
36,2013-05-19,Peter Kirby,Robert Saunders,NA,2051,,0.5,1995,3.28,0.44,2.5
37,2013-06-08,Peter Kirby,Mark Furneval,NA,2050,,1,2003,3.72,0.44,3.5
38,2013-06-08,Peter Kirby,David E Buckley,NA,2394,,0,2002,3.82,0.1,3.5
39,2013-06-09,Peter Kirby,Adam J Musson,NA,2082,,0,1995,4.22,0.4,3.5
40,2013-06-09,Peter Kirby,Michael T Harris,NA,1970,,0.5,1995,4.77,0.55,4
41,2013-06-29,Peter Kirby,Matthew Parry,NA,1845,,0,1983,5.49,0.72,4
42,2013-06-29,Peter Kirby,Luke Kostanjsek,26,2023,,0.5,1983,5.97,0.48,4.5
43,2013-06-30,Peter Kirby,Matthew Francis,NA,1664,,1,1985,6.86,0.89,5.5
44,2013-06-30,Peter Kirby,Mark Furneval,NA,2050,,1,1994,7.3,0.44,6.5
1,2013-01-09,Peter Varley,Gary Thomas,23,1910,,1,2252,0.89,0.89,1
2,2013-01-15,Peter Varley,Derek C Pugh,NA,2146,,0.5,2250,1.53,0.64,1.5
3,2013-01-16,Peter Varley,Steve Cunliffe,NA,2006,,1,2253,2.34,0.81,2.5
4,2013-01-29,Peter Varley,Ioan Rees,NA,2326,FM,0,2246,2.73,0.39,2.5
5,2013-02-17,Peter Varley,Walter Braun,NA,2261,FM,0,2239,3.21,0.48,2.5
6,2013-02-19,Peter Varley,Chris R Beaumont,NA,2322,IM,0,2232,3.61,0.4,2.5
7,2013-02-27,Peter Varley,Dave Turner,20,1942,,0.5,2226,4.47,0.86,3
8,2013-03-06,Peter Varley,Richard Miles,9,2057,,0.5,2222,5.22,0.75,3.5
9,2013-03-10,Peter Varley,Dave Sully,NA,2154,,1,2228,5.85,0.63,4.5
10,2013-03-13,Peter Varley,Mark Adams,15,1995,,1,2231,6.67,0.82,5.5
11,2013-03-27,Peter Varley,Robert Taylor,12,2026,,0.5,2227,7.46,0.79,6
12,2013-04-03,Peter Varley,Ian White,18,1955,,1,2229,8.31,0.85,7
13,2013-04-07,Peter Varley,Sven Zeidler,1,2309,FM,1,2238,8.73,0.42,8
14,2013-04-16,Peter Varley,A Tyson Mordue,NA,2210,,0.5,2237,9.29,0.56,8.5
15,2013-04-24,Peter Varley,Henry G Duncanson,NA,2354,,1,2248,9.65,0.36,9.5
16,2013-04-28,Peter Varley,Alan Young,NA,2122,,0.5,2245,10.32,0.67,10
17,2013-05-19,Peter Varley,Richard S Jones,NA,2404,IM,0,2240,10.61,0.29,10
18,2013-06-23,Peter Varley,Alex Bullen,NA,2008,,0.5,2235,11.41,0.8,10.5
19,2013-06-28,Peter Varley,Adam May,NA,1929,,1,2238,12.28,0.87,11.5
20,2013-06-29,Peter Varley,Tihana Ivekovic,NA,1974,,0.5,2232,13.12,0.84,12
21,2013-06-29,Peter Varley,Charles Louis-Sidois,NA,1950,,1,2234,13.98,0.86,13
22,2013-06-30,Peter Varley,Philippe Rodgers,NA,2010,,1,2238,14.78,0.8,14
23,2013-06-30,Peter Varley,Tim Kett,NA,2308,,0,2231,15.2,0.42,14
1,2013-06-28,Phil Smith,Roger Lockyer,91,1065,G1,1,1432,0.9,0.9,1
2,2013-06-29,Phil Smith,Howard Lloyd,NA,1429,E1,1,1448,1.4,0.5,2
3,2013-06-29,Phil Smith,David Rovaretti,73,1455,G1,0,1433,1.86,0.46,2
4,2013-06-30,Phil Smith,Venetia Sivarajasingam,NA,1205,E2,1,1440,2.65,0.79,3
5,2013-06-30,Phil Smith,Mohammed Binesmael,NA,1521,E1,0.5,1444,3.02,0.37,3.5
1,2013-03-02,Rhyddian Downing,Owen Bennett,39,1736,G2,0,1057,0.1,0.1,0
2,2013-03-02,Rhyddian Downing,Megan Richards,NA,1177,E1,0,1046,0.44,0.34,0
3,2013-03-03,Rhyddian Downing,Guto Neave,NA,1216,W1,0,1037,0.73,0.29,0
4,2013-03-03,Rhyddian Downing,David Kett,NA,1057,E1,1,1053,1.23,0.5,1
5,2013-03-03,Rhyddian Downing,Ben Thomas,NA,1912,E1,0,1049,1.33,0.1,1
6,2013-03-16,Rhyddian Downing,Tahlia Morgan-Rose,NA,1050,E1,1,1065,1.84,0.51,2
7,2013-03-16,Rhyddian Downing,Imogen Camp,NA,1500,N1,0,1062,1.94,0.1,2
8,2013-03-17,Rhyddian Downing,Mohammad Farhadi,NA,1100,W1,1,1080,2.38,0.44,3
9,2013-03-17,Rhyddian Downing,Arjan Bolina,NA,1403,N1,0,1076,2.49,0.11,3
10,2013-03-17,Rhyddian Downing,James Evans,NA,1434,W2,0,1073,2.59,0.1,3
1,2012-12-28,Rhys Bennett,Richard E Desmedt,NA,1946,,0,1824,0.34,0.34,0
2,2012-12-28,Rhys Bennett,Charles T McAleenan,NA,1842,,0,1812,0.83,0.49,0
3,2012-12-29,Rhys Bennett,David Watson,NA,1634,,1,1818,1.59,0.76,1
4,2012-12-29,Rhys Bennett,Andrew Beadle,NA,1730,,0.5,1814,2.23,0.64,1.5
5,2012-12-30,Rhys Bennett,Michael C Price,NA,1826,,0,1802,2.74,0.51,1.5
6,2012-12-30,Rhys Bennett,David J Lawrence,NA,1690,,0.5,1798,3.43,0.69,2
7,2013-01-04,Rhys Bennett,Andrew Trickey,NA,1466,,1,1800,4.33,0.9,3
8,2013-01-05,Rhys Bennett,Ray K Hunt,NA,1682,,1,1807,5.03,0.7,4
9,2013-01-05,Rhys Bennett,Roy Thomas,NA,1784,,0,1794,5.6,0.57,4
10,2013-01-06,Rhys Bennett,Colin Denham,NA,1639,,0,1776,6.35,0.75,4
11,2013-01-06,Rhys Bennett,Thomas Turton,NA,1402,,1,1778,7.25,0.9,5
12,2013-01-09,Rhys Bennett,Dave Roberts,57,1625,,0.5,1772,8.02,0.77,5.5
13,2013-01-16,Rhys Bennett,Douglas Spencer,22,1929,,0.5,1775,8.39,0.37,6
14,2013-01-26,Rhys Bennett,Russell J Barlow,NA,1866,,0.5,1776,8.84,0.45,6.5
15,2013-01-26,Rhys Bennett,Daniel Jazdzewski,NA,1890,,0,1766,9.26,0.42,6.5
16,2013-01-27,Rhys Bennett,Stuart Ross,NA,1706,,1,1774,9.93,0.67,7.5
17,2013-01-27,Rhys Bennett,Tony Shaw,NA,1738,,0.5,1771,10.56,0.63,8
18,2013-01-30,Rhys Bennett,Paul Bridges,NA,1837,,0.5,1771,11.05,0.49,8.5
19,2013-02-02,Rhys Bennett,Peter Yu-Chin Lim,NA,1618,,0,1752,11.83,0.78,8.5
20,2013-02-02,Rhys Bennett,Pavel Asenov,NA,1666,,0.5,1747,12.55,0.72,9
21,2013-02-02,Rhys Bennett,Mete Erturk,NA,1682,,1,1754,13.25,0.7,10
22,2013-02-03,Rhys Bennett,Timothy S Allen,NA,1730,,0.5,1751,13.89,0.64,10.5
23,2013-02-03,Rhys Bennett,James Cole,NA,1690,,0.5,1746,14.58,0.69,11
24,2013-02-06,Rhys Bennett,Ron Williams,48,1661,,0.5,1741,15.31,0.73,11.5
25,2013-02-09,Rhys Bennett,Alan Papier,NA,1842,,0.5,1741,15.8,0.49,12
26,2013-02-09,Rhys Bennett,Owen Bennett,39,1716,,0,1725,16.46,0.66,12
27,2013-02-10,Rhys Bennett,Timothy J Crouch,NA,1658,,0.5,1719,17.19,0.73,12.5
28,2013-02-10,Rhys Bennett,Ian P Blencowe,NA,1674,,1,1726,17.9,0.71,13.5
29,2013-02-16,Rhys Bennett,Zoe B Strong,NA,1402,,1,1729,0.87,0.87,1
30,2013-02-16,Rhys Bennett,Matthew G Howell,NA,1602,,0,1713,1.54,0.67,1
31,2013-02-16,Rhys Bennett,Owen Bennett,39,1736,,0.5,1713,2.03,0.49,1.5
32,2013-02-17,Rhys Bennett,Isabel Hauer,NA,1402,,1,1716,2.9,0.87,2.5
33,2013-02-17,Rhys Bennett,Alex Gould,NA,1642,,0.5,1714,3.52,0.62,3
34,2013-02-17,Rhys Bennett,Alexander Jarvis,NA,1498,,1,1719,4.31,0.79,4
35,2013-02-18,Rhys Bennett,Paul Tew,NA,1828,,0,1710,4.67,0.36,4
36,2013-02-23,Rhys Bennett,Adam May,NA,1929,,0,1704,4.91,0.24,4
37,2013-02-23,Rhys Bennett,Glyn Sinnett,NA,1865,,1,1721,5.22,0.31,5
38,2013-02-24,Rhys Bennett,Robert Taylor,12,2036,,0,1717,5.36,0.14,5
39,2013-02-24,Rhys Bennett,Matthew Francis,NA,1664,,0.5,1715,5.95,0.59,5.5
40,2013-03-02,Rhys Bennett,Megan Richards,NA,1177,,1,1718,6.85,0.9,6.5
41,2013-03-02,Rhys Bennett,Owen Bennett,39,1736,,0.5,1718,7.34,0.49,7
42,2013-03-02,Rhys Bennett,Ben Thomas,NA,1912,,1,1736,7.6,0.26,8
43,2013-03-03,Rhys Bennett,Mateusz Sieduszewski,NA,1428,,1,1739,8.45,0.85,9
44,2013-03-03,Rhys Bennett,Nyasha Katsande,46,1662,,0.5,1737,9.04,0.59,9.5
45,2013-03-03,Rhys Bennett,Guto Neave,NA,1216,,1,1739,9.94,0.9,10.5
46,2013-03-16,Rhys Bennett,Mateusz Sieduszewski,NA,1428,,1,1743,10.79,0.85,11.5
47,2013-03-16,Rhys Bennett,Nicholas Evans,NA,1848,,0,1735,11.12,0.33,11.5
48,2013-03-16,Rhys Bennett,Philippe Rodgers,NA,2010,,0,1731,11.28,0.16,11.5
49,2013-03-17,Rhys Bennett,Guto Neave,NA,1216,,1,1734,12.18,0.9,12.5
50,2013-03-17,Rhys Bennett,James Baker,87,1175,,1,1736,13.08,0.9,13.5
51,2013-03-20,Rhys Bennett,Lyn Holland,69,1484,,1,1741,13.88,0.8,14.5
52,2012-03-27,Rhys Bennett,Nigel Saunders,25,1905,,1,1759,14.14,0.26,15.5
53,2013-03-29,Rhys Bennett,Colin Denham,NA,1639,,1,1768,14.76,0.62,16.5
54,2013-03-30,Rhys Bennett,Andrew Bird,NA,2210,,0,1765,14.86,0.1,16.5
55,2013-03-30,Rhys Bennett,Toby N Brookfield,NA,1978,CM,0.5,1773,15.05,0.19,17
56,2013-03-31,Rhys Bennett,Sam Jukes,NA,1418,,1,1776,15.91,0.86,18
57,2013-03-31,Rhys Bennett,Gareth Harley-Yeo,NA,2060,,0,1773,16.03,0.12,18
58,2013-04-01,Rhys Bennett,Beryl Hughes,NA,1453,,1,1777,16.86,0.83,19
59,2013-04-01,Rhys Bennett,Paul Hatchett,8,2070,,0,1775,16.97,0.11,19
60,2013-04-05,Rhys Bennett,Simon C Denney,NA,1674,,1,1784,0.64,0.64,1
61,2013-04-06,Rhys Bennett,Anthony W Carver,NA,1682,,0.5,1781,1.27,0.63,1.5
62,2013-04-06,Rhys Bennett,Bruce Bayer,NA,2050,,0,1776,1.44,0.17,1.5
63,2013-04-07,Rhys Bennett,Chris M Strong,NA,1762,,0,1764,1.96,0.52,1.5
64,2013-04-10,Rhys Bennett,Beryl Hughes,NA,1453,,1,1767,2.83,0.87,2.5
65,2013-04-13,Rhys Bennett,Jon A Asbury,NA,1690,,1,1776,3.45,0.62,3.5
66,2013-04-13,Rhys Bennett,Andrew Collins,NA,1674,,0.5,1773,4.09,0.64,4
67,2013-04-13,Rhys Bennett,Gordon G Sands,NA,1770,,1,1785,4.6,0.51,5
68,2013-04-14,Rhys Bennett,Adrian Walker,NA,1866,,0.5,1788,4.97,0.37,5.5
69,2013-04-14,Rhys Bennett,Robert Clegg,NA,1922,,0.5,1793,5.27,0.3,6
70,2013-04-16,Rhys Bennett,Dave Hambrook,NA,1735,,0.5,1791,5.83,0.56,6.5
71,2013-04-24,Rhys Bennett,Nyasha Katsande,46,1662,,0.5,1787,6.49,0.66,7
72,2013-04-28,Rhys Bennett,Paul O'Neill,4,2179,,0.5,1797,6.59,0.1,7.5
73,2013-04-29,Rhys Bennett,Mike Kearn,NA,1655,,1,1805,7.25,0.66,8.5
74,2013-05-01,Rhys Bennett,Steve Woodrow,NA,1811,,0,1794,7.7,0.45,8.5
75,2013-05-10,Rhys Bennett,Paul G Jackson,NA,1970,,0.5,1800,7.95,0.25,9
76,2013-05-11,Rhys Bennett,Raymond J Gamble,NA,1986,,1,1819,8.18,0.23,10
77,2013-05-11,Rhys Bennett,Dave Marshall,NA,1962,,0.5,1825,8.43,0.25,10.5
78,2013-05-12,Rhys Bennett,Cosima C Keen,NA,1842,,1,1839,8.84,0.41,11.5
79,2013-05-12,Rhys Bennett,Chris J Bellers,NA,1986,,0.5,1845,9.07,0.23,12
80,2013-06-07,Rhys Bennett,Anthony W Carver,NA,1682,,1,1854,9.7,0.63,13
81,2013-06-08,Rhys Bennett,Dave Williams,42,1700,u,0.5,1852,10.3,0.6,13.5
82,2013-06-08,Rhys Bennett,Paul Tew,NA,1858,,1,1867,10.68,0.38,14.5
83,2013-06-09,Rhys Bennett,Stephen C Pride,NA,1874,,0.5,1870,11.04,0.36,15
84,2013-06-09,Rhys Bennett,Alex Rossiter,NA,1834,,0.5,1872,11.46,0.42,15.5
85,2013-06-23,Rhys Bennett,David O'Donnell,NA,1932,,0.5,1874,0.42,0.42,0.5
86,2013-06-28,Rhys Bennett,Bob Hurn,NA,1686,,0,1856,1.16,0.74,0.5
87,2013-06-29,Rhys Bennett,Chirag Guha,NA,1396,,1,1859,2.06,0.9,1.5
88,2013-06-29,Rhys Bennett,Benjamin Choo Yin,NA,1529,,1,1861,2.95,0.89,2.5
89,2013-06-30,Rhys Bennett,Simon Blackmore,NA,1571,,1,1865,3.81,0.86,3.5
90,2013-06-30,Rhys Bennett,Roy Thomas,NA,1767,,1,1873,4.45,0.64,4.5
1,2013-04-03,Richard Batey,Nigel Granville,27,1888,G1,0,1808,0.4,0.4,0
2,2013-04-10,Richard Batey,James Lavender,29,1840,G1,0,1797,0.87,0.47,0
1,2013-01-30,Richard Miles,Dave Turner,20,1942,,1,2062,0.66,0.66,1
2,2013-02-06,Richard Miles,Steve Curtis,NA,2010,,0,2053,1.23,0.57,1
3,2013-02-13,Richard Miles,Steve Christmas,NA,2034,,0.5,2053,1.76,0.53,1.5
4,2013-02-19,Richard Miles,James Lavender,29,1840,,1,2056,2.54,0.78,2.5
5,2013-03-06,Richard Miles,Peter Varley,2,2250,FM,0.5,2060,2.79,0.25,3
6,2013-03-10,Richard Miles,Alex Bullen,NA,2035,,0.5,2060,3.32,0.53,3.5
7,2013-03-20,Richard Miles,Ian White,18,1955,,1,2066,3.96,0.64,4.5
8,2013-04-03,Richard Miles,Robert Taylor,12,2026,,0.5,2065,4.5,0.54,5
9,2013-04-10,Richard Miles,Nyasha Katsande,46,1662,,0,2051,5.4,0.9,5
10,2013-04-24,Richard Miles,Paul Hatchett,8,2070,,0.5,2051,5.88,0.48,5.5
11,2013-05-19,Richard Miles,Jason Garcia,NA,2056,,0,2043,6.38,0.5,5.5
1,2013-01-07,Robert Taylor,Steve Curtis,NA,2010,,1,2043,0.54,0.54,1
2,2013-01-09,Robert Taylor,Maxim Chertverik,NA,2240,IM,0,2040,0.78,0.24,1
3,2013-01-10,Robert Taylor,Radek Smid,NA,1763,,1,2042,1.61,0.83,2
4,2013-01-11,Robert Taylor,Elena Cherednichenko,NA,2170,WFM,0.5,2045,1.93,0.32,2.5
5,2013-01-12,Robert Taylor,Kari Nieminen,NA,2126,,0.5,2047,2.31,0.38,3
6,2013-01-12,Robert Taylor,Nicola Pienabarca,NA,2106,CM,0,2041,2.71,0.4,3
7,2013-01-13,Robert Taylor,Vit Zemlicka,NA,2050,,0.5,2041,3.19,0.48,3.5
8,2013-01-14,Robert Taylor,Vladimir Kovalenko,NA,2198,,1,2052,3.47,0.28,4.5
9,2013-01-15,Robert Taylor,Fernando De Andres Gonalos,NA,2075,,0,2045,3.92,0.45,4.5
10,2013-01-16,Robert Taylor,Dieter Amberger,NA,2091,,0.5,2047,4.34,0.42,5
11,2013-01-30,Robert Taylor,David Llewellyn,NA,1940,,0,2036,4.97,0.63,5
12,2013-02-06,Robert Taylor,Alex Bullen,NA,2023,,0.5,2036,5.49,0.52,5.5
13,2013-02-08,Robert Taylor,Joe Fathallah,NA,2010,,0,2028,6.03,0.54,5.5
14,2013-02-09,Robert Taylor,Ernest M White,NA,2018,,1,2035,6.56,0.53,6.5
15,2013-02-09,Robert Taylor,Gareth Harley-Yeo,NA,2060,,0.5,2036,7.03,0.47,7
16,2013-02-10,Robert Taylor,Lee Davis,NA,2023,,1,2043,7.55,0.52,8
17,2013-02-10,Robert Taylor,Nicholas Evans,NA,1828,,1,2047,8.32,0.77,9
18,2013-02-11,Robert Taylor,Peter Ehsandar,NA,2046,,0.5,2047,8.81,0.49,9.5
19,2013-02-11,Robert Taylor,Rhys Steele,NA,1847,,0,2035,9.56,0.75,9.5
20,2013-02-17,Robert Taylor,Alan Spice,NA,2087,,0,2028,9.99,0.43,9.5
21,2013-02-20,Robert Taylor,David Perrett,NA,2009,,0.5,2028,10.53,0.54,10
22,2013-02-22,Robert Taylor,Julie van Kemenade,NA,1781,,1,2030,11.35,0.82,11
23,2013-02-23,Robert Taylor,Sven Zeidler,1,2321,FM,0,2028,11.51,0.16,11
24,2013-02-23,Robert Taylor,Adam May,NA,1929,,0,2017,12.16,0.65,11
25,2013-02-24,Robert Taylor,Rhys Bennett,30,1726,,1,2020,13.02,0.86,12
26,2013-02-24,Robert Taylor,Roger Greatorex,NA,1978,,1,2026,13.6,0.58,13
27,2013-03-06,Robert Taylor,Igor Rausis,NA,2518,GM,0,2024,0.1,0.1,0
28,2013-03-07,Robert Taylor,Marcin Mazurkeiwicz,NA,2097,CM,1,2034,0.5,0.4,1
29,2013-03-07,Robert Taylor,Martin J Simons,NA,2154,,0.5,2037,0.83,0.33,1.5
30,2013-03-08,Robert Taylor,Justin Hadi,NA,1962,,0,2027,1.42,0.59,1.5
31,2013-03-08,Robert Taylor,C Bruce Jenks,NA,2138,,0.5,2030,1.77,0.35,2
32,2013-03-09,Robert Taylor,Megan Owens,NA,1970,,0.5,2028,2.35,0.58,2.5
33,2013-03-09,Robert Taylor,Manuela Schmitz,NA,2042,WFM,0.5,2029,2.83,0.48,3
34,2013-03-10,Robert Taylor,John E Hickman,NA,1954,,0.5,2027,3.43,0.6,3.5
35,2013-03-10,Robert Taylor,Anthony J Fulton,NA,2071,,0.5,2028,3.87,0.44,4
36,2013-03-20,Robert Taylor,John Waterfield,10,2006,,0,2020,4.4,0.53,4
37,2013-03-25,Robert Taylor,Dave R Lewis,NA,1908,,0.5,2017,5.06,0.66,4.5
38,2013-03-27,Robert Taylor,Peter Varley,2,2250,FM,0.5,2022,5.27,0.21,5
39,2013-03-29,Robert Taylor,Sven Zeidler,1,2321,FM,0,2019,5.42,0.15,5
40,2013-03-30,Robert Taylor,Ben Thomas,NA,1850,,1,2024,6.15,0.73,6
41,2013-03-30,Robert Taylor,Rudy van Kemenade,NA,2079,,0.5,2025,6.58,0.43,6.5
42,2013-03-31,Robert Taylor,William Hewitt,NA,2027,,0.5,2025,7.08,0.5,7
43,2013-03-31,Robert Taylor,Allan Pleasants,NA,2115,,0.5,2027,7.46,0.38,7.5
44,2013-04-01,Robert Taylor,Nigel Ralphs,NA,1993,,1,2034,8.01,0.55,8.5
45,2013-04-01,Robert Taylor,David L Roberts,NA,2135,,1,2044,8.36,0.35,9.5
46,2013-04-03,Robert Taylor,Richard Miles,9,2057,,0.5,2045,8.82,0.46,10
47,2013-04-07,Robert Taylor,Paul O'Neill,4,2179,,0,2040,9.11,0.29,10
48,2013-04-08,Robert Taylor,Ron Williams,48,1661,,0,2026,10.01,0.9,10
49,2013-04-10,Robert Taylor,David Vaughan,17,1970,,0.5,2025,10.59,0.58,10.5
50,2013-04-11,Robert Taylor,Peter Kirby,13,2034,CM,0.5,2025,11.08,0.49,11
51,2013-04-23,Robert Taylor,David Vaughan,17,1970,,0.5,2023,11.66,0.58,11.5
52,2013-04-24,Robert Taylor,John Waterfield,10,2006,,0.5,2023,0.52,0.52,0.5
53,2013-04-28,Robert Taylor,Jason Garcia,NA,2056,,0.5,2023,0.97,0.45,1
54,2013-05-08,Robert Taylor,David Buttell,NA,1975,,0.5,2022,1.54,0.57,1.5
55,2013-05-19,Robert Taylor,Gareth Harley-Yeo,NA,2047,,0.5,2023,2.01,0.47,2
56,2013-06-01,Robert Taylor,Sasho Nikolov,NA,2419,IM,0,2021,2.11,0.1,2
57,2013-06-02,Robert Taylor,Vladislav Slavov,NA,1600,,1,2023,3.01,0.9,3
58,2013-06-03,Robert Taylor,Vassilij Gagarin,NA,2329,IM,0,2021,3.15,0.14,3
59,2013-06-04,Robert Taylor,Tsvetan Dodod,NA,1800,,1,2024,3.93,0.78,4
60,2013-06-05,Robert Taylor,Primbetov Kazbek,NA,2225,,0,2020,4.17,0.24,4
61,2013-06-06,Robert Taylor,Cosmin Partigras,NA,2299,,0,2018,4.33,0.16,4
62,2013-06-07,Robert Taylor,Docho Ivanov,NA,1872,,0,2007,5.03,0.7,4
63,2013-06-08,Robert Taylor,Konstantin Orlovsky,NA,1750,,1,2009,5.86,0.83,5
64,2013-06-09,Robert Taylor,Krasimir Kirchev,NA,1890,,0,1998,6.54,0.68,5
65,2013-06-10,Robert Taylor,Karavade Eesha,NA,2398,IM,0,1997,6.64,0.1,5
66,2013-06-11,Robert Taylor,Margarita Voiska,NA,2249,WGM,0,1993,6.85,0.21,5
67,2013-06-12,Robert Taylor,Ventsislav Yordanov,NA,1636,,1,1995,7.75,0.9,6
68,2013-06-13,Robert Taylor,Alexander S. Kiselev,NA,2204,FM,0,1991,8.01,0.26,6
69,2013-06-14,Robert Taylor,Nikolay Malchev Nikolov,NA,1722,,1,1993,8.87,0.86,7
70,2013-06-15,Robert Taylor,Slobodan S Ilic,NA,2135,,1,2003,9.22,0.35,8
71,2013-06-16,Robert Taylor,Gabriel Voiteanu,NA,2248,FM,0,2000,9.43,0.21,8
72,2013-06-17,Robert Taylor,Manisha Mohanty Kiran,NA,2195,WGM,0,1996,9.7,0.27,8
73,2013-06-18,Robert Taylor,Yurtsevan Melih,NA,2166,,0,1991,10.01,0.31,8
1,2013-01-30,Roger Lockyer,Kam Choo Yin,NA,1427,E1,0,1062,0.1,0.1,0
2,2013-02-06,Roger Lockyer,Tony Davies,75,1430,G1,0,1059,0.2,0.1,0
3,2013-02-22,Roger Lockyer,Nick McIlvenna,NA,1336,D1,0,1053,0.37,0.17,0
4,2013-02-23,Roger Lockyer,Robbie Coles,NA,1144,D1,0,1041,0.76,0.39,0
5,2013-02-23,Roger Lockyer,Margaret Baron,NA,850,D1,1,1048,1.54,0.78,1
6,2013-02-24,Roger Lockyer,Awne Osinga,NA,1468,D1,0,1045,1.64,0.1,1
7,2013-02-24,Roger Lockyer,Georgina Gray,NA,1269,D1,0,1037,1.88,0.24,1
8,2013-06-28,Roger Lockyer,Phil Smith,107,1429,G1,0,1034,1.98,0.1,1
9,2013-06-29,Roger Lockyer,Thomas Lagardette,NA,1420,FRA,0,1030,2.08,0.1,1
10,2013-06-29,Roger Lockyer,Susanna Fraser,NA,850,E1,1,1037,2.86,0.78,2
11,2013-06-30,Roger Lockyer,Aishwarya Lutchman Singh,NA,1201,E2,0,1027,3.18,0.32,2
12,2013-06-30,Roger Lockyer,Bilal Umer,108,850,G1,1,1034,3.96,0.78,3
1,2013-01-09,Ron Williams,Chris Dixon,33,1816,G1,0,1654,0.29,0.29,0
2,2013-01-16,Ron Williams,Lauren Davies,NA,1409,E1,0.5,1647,1.1,0.81,0.5
3,2013-02-06,Ron Williams,Rhys Bennett,30,1832,G1,0.5,1652,1.37,0.27,1
4,2013-02-08,Ron Williams,Andrew Trickey,NA,1466,E1,0,1634,2.12,0.75,1
5,2013-02-09,Ron Williams,Beryl Hughes,NA,1460,E1,1,1640,2.88,0.76,2
6,2013-02-09,Ron Williams,Clive Crowley,NA,1401,E1,1,1644,3.7,0.82,3
7,2013-02-10,Ron Williams,Bob Hurn,NA,1688,E1,1,1657,4.16,0.46,4
8,2013-02-10,Ron Williams,James Evans,NA,1438,W1,1,1662,4.94,0.78,5
9,2013-02-11,Ron Williams,Chris Fox,NA,1812,E1,0.5,1667,5.24,0.3,5.5
10,2013-02-11,Ron Williams,Jeremy Jones,NA,1625,E1,1,1678,5.79,0.55,6.5
11,2013-02-13,Ron Williams,John O'Shea,56,1626,G1,0.5,1677,6.34,0.55,7
12,2013-02-27,Ron Williams,Luke Kostanjsek,26,1894,G1,0,1672,6.54,0.2,7
13,2013-03-25,Ron Williams,James Lavender,29,1840,G1,1,1690,6.8,0.26,8
14,2012-03-27,Ron Williams,Douglas Spencer,22,1929,G1,0,1686,6.97,0.17,8
15,2013-04-03,Ron Williams,Andrew Owen,28,1845,G1,0,1679,7.23,0.26,8
16,2013-04-08,Ron Williams,Robert Taylor,12,2026,G2,1,1701,7.33,0.1,9
17,2013-04-10,Ron Williams,Wyn Howells,NA,1668,E1,0.5,1701,7.82,0.49,9.5
18,2013-04-11,Ron Williams,Gary Thomas,23,1910,G1,0,1697,8.01,0.19,9.5
19,2013-04-24,Ron Williams,Andrew Owen,28,1845,G1,0.5,1703,8.27,0.26,10
20,2013-05-01,Ron Williams,Aled George,NA,1556,W1,0.5,1699,8.91,0.64,10.5
21,2013-05-08,Ron Williams,Dave Roberts,57,1625,G1,0,1686,9.46,0.55,10.5
22,2013-06-28,Ron Williams,David Robinson,NA,1912,E2,0,1681,9.65,0.19,10.5
23,2013-06-29,Ron Williams,Keith Downey,NA,1923,D2,1,1701,9.83,0.18,11.5
24,2013-06-29,Ron Williams,David Buttell,NA,1975,W3,0,1698,9.96,0.13,11.5
25,2013-06-30,Ron Williams,Mark Furneval,NA,2050,Est,0,1696,10.06,0.1,11.5
26,2013-06-30,Ron Williams,Rhys Steele,NA,1937,E2,0,1692,10.22,0.16,11.5
1,2013-03-02,Sam Hughes,Daniel Siromani,NA,1385,E1,0,1095,0.16,0.16,0
2,2013-03-02,Sam Hughes,Harri Davies,NA,1000,W1-adj,1,1106,0.8,0.64,1
3,2013-03-02,Sam Hughes,Michael Burger,92,1061,G1,1,1121,1.35,0.55,2
4,2013-03-03,Sam Hughes,Anna-Lena Barth,NA,1400,E1,0,1116,1.49,0.14,2
5,2013-03-03,Sam Hughes,Lorca Heeney-Brockett,NA,1200,E1-adj,0,1105,1.85,0.36,2
6,2013-03-03,Sam Hughes,Hugo Fowler,97,1200,G1,0,1093,2.21,0.36,2
1,2013-01-05,Sandra G Blackburn,Steve Jukes,NA,1786,ECF,0.5,1708,0.39,0.39,0.5
2,2013-01-05,Sandra G Blackburn,Andrew P Farthing,NA,1794,ECF,0,1699,0.77,0.38,0.5
3,2013-01-06,Sandra G Blackburn,Daniel Lockett,NA,1786,ECF,0,1689,1.16,0.39,0.5
4,2013-01-06,Sandra G Blackburn,Jon EW Blackburn,NA,1882,ECF,0.5,1695,1.43,0.27,1
5,2013-01-23,Sandra G Blackburn,Robbie J Coats,NA,2050,ECF,0,1692,1.54,0.11,1
6,2013-02-02,Sandra G Blackburn,Dennis M Horsley,NA,1538,ECF,0.5,1687,2.26,0.72,1.5
7,2013-02-06,Sandra G Blackburn,Philip J Cattermole,NA,1778,ECF,0,1677,2.66,0.4,1.5
8,2013-02-16,Sandra G Blackburn,John A Westhead,NA,1682,ECF,1,1688,3.19,0.53,2.5
9,2013-03-01,Sandra G Blackburn,William G Armstrong,NA,1914,ECF,0.5,1695,3.42,0.23,3
10,2013-03-02,Sandra G Blackburn,Pavlo Nefyedev,NA,1826,ECF,0,1687,3.75,0.33,3
11,2013-03-02,Sandra G Blackburn,James P Rothwell,NA,1762,ECF,0.5,1689,4.17,0.42,3.5
12,2013-03-03,Sandra G Blackburn,Doug Barnett,NA,1786,ECF,0,1680,4.56,0.39,3.5
13,2013-03-03,Sandra G Blackburn,Jacob Connor Boswell,NA,1690,ECF,0.5,1679,5.08,0.52,4
14,2013-03-06,Sandra G Blackburn,Jacob Connor Boswell,NA,1690,ECF,0.5,1679,5.6,0.52,4.5
15,2013-03-13,Sandra G Blackburn,Paul Clapham,NA,2226,ECF,0.5,1688,5.7,0.1,5
16,2013-03-16,Sandra G Blackburn,Michael JW Fletcher,NA,1874,ECF,0.5,1693,5.98,0.28,5.5
17,2013-03-16,Sandra G Blackburn,Nathanael Paul,NA,1946,ECF,0,1689,6.18,0.2,5.5
18,2013-03-17,Sandra G Blackburn,T Brian Birchall,NA,1778,ECF,0.5,1691,6.58,0.4,6
19,2013-03-17,Sandra G Blackburn,Martin J Burns,NA,1930,ECF,0,1686,6.79,0.21,6
20,2013-04-24,Sandra G Blackburn,Chris M Sizeland,NA,1826,ECF,0,1678,7.12,0.33,6
21,2013-05-17,Sandra G Blackburn,Philip N Birks,NA,1698,ECF,0.5,1678,7.63,0.51,6.5
22,2013-05-18,Sandra G Blackburn,Ray Williams,NA,1802,ECF,0.5,1681,8,0.37,7
23,2013-05-18,Sandra G Blackburn,John Paul J Taylor,NA,1890,ECF,0,1675,8.26,0.26,7
24,2013-05-19,Sandra G Blackburn,Steve Clare,NA,1770,ECF,0,1665,8.67,0.41,7
25,2013-05-19,Sandra G Blackburn,Timothy J Crouch,NA,1666,ECF,1,1676,9.22,0.55,8
1,2013-01-09,Simon Tang,Hiram Rogers,59,1586,G1,0,1494,0.39,0.39,0
2,2013-02-06,Simon Tang,Owen Bennett,39,1716,G1,0.5,1502,0.62,0.23,0.5
3,2013-02-13,Simon Tang,John Hermann,63,1563,G1,1,1521,1.04,0.42,1.5
4,2013-03-25,Simon Tang,Farhan Shataly,44,1686,G1,0,1512,1.3,0.26,1.5
5,2013-04-03,Simon Tang,Steve Williams (Cwm),53,1647,G1,0.5,1518,1.61,0.31,2
6,2013-04-08,Simon Tang,James Lavender,29,1840,G1,0,1515,1.73,0.12,2
7,2013-04-17,Simon Tang,John Cox,NA,1350,E1,1,1524,2.44,0.71,3
8,2013-05-08,Simon Tang,Nick Davies,37,1736,G1,1,1549,2.65,0.21,4
1,2013-01-05,Stephanie du Toit,Craig Woolcock,NA,1897,,0,1602,0.15,0.15,0
2,2013-01-05,Stephanie du Toit,David Buttell,NA,1931,,1,1623,0.28,0.13,1
3,2013-01-06,Stephanie du Toit,Vaness Reid,NA,1903,WFM,0,1620,0.43,0.15,1
4,2013-01-06,Stephanie du Toit,Megan Owens,NA,1970,,0.5,1629,0.53,0.1,1.5
5,2013-02-08,Stephanie du Toit,Matt Staniforth,NA,1869,,0,1625,0.71,0.18,1.5
6,2013-02-09,Stephanie du Toit,Nigel Ralphs,NA,1993,,0.5,1635,0.81,0.1,2
7,2013-02-10,Stephanie du Toit,David Buttell,NA,1931,,0,1631,0.94,0.13,2
8,2013-02-10,Stephanie du Toit,Ben Thomas,NA,1912,,0.5,1640,1.08,0.14,2.5
9,2013-02-11,Stephanie du Toit,Paul Bridges,NA,1837,,0.5,1647,1.29,0.21,3
10,2013-02-11,Stephanie du Toit,Craig Woolcock,NA,1897,,0.5,1655,1.44,0.15,3.5
11,2013-02-16,Stephanie du Toit,Devansh Marwaha,NA,1482,,1,1663,2.11,0.67,4.5
12,2013-02-16,Stephanie du Toit,Francesco Bernardini,NA,1602,,0.5,1663,2.62,0.51,5
13,2013-02-16,Stephanie du Toit,Daniel Savidge,NA,1650,,1,1677,3.06,0.44,6
14,2013-02-17,Stephanie du Toit,Jacob Connor Boswell,NA,1690,,0.5,1679,3.44,0.38,6.5
15,2013-02-17,Stephanie du Toit,Sahrin Ahluwalia,NA,1474,,1,1687,4.12,0.68,7.5
16,2013-02-17,Stephanie du Toit,Anantha P Anilkumar,NA,1850,,0,1683,4.31,0.19,7.5
17,2013-03-02,Stephanie du Toit,Kai Williams-Price,NA,850,,1,1685,5.21,0.9,8.5
18,2013-03-02,Stephanie du Toit,Lorca Heeney-Brockett,NA,1200,,0,1663,6.11,0.9,8.5
19,2013-03-02,Stephanie du Toit,James Evans,NA,1438,,0.5,1658,6.83,0.72,9
20,2013-03-03,Stephanie du Toit,Alice Tang,89,1300,,1,1661,7.69,0.86,10
21,2013-03-03,Stephanie du Toit,Hugo Fowler,97,1200,,1,1664,8.59,0.9,11
22,2013-03-03,Stephanie du Toit,Benjamin Choo Yin,NA,1408,,0.5,1658,9.35,0.76,11.5
23,2013-03-29,Stephanie du Toit,Sam Jukes,NA,1418,,0.5,1652,10.1,0.75,12
24,2013-03-30,Stephanie du Toit,Alan M Llewellyn,NA,1754,,1,1668,10.4,0.3,13
25,2013-03-30,Stephanie du Toit,Gareth Harley-Yeo,NA,2060,,0.5,1678,10.5,0.1,13.5
26,2013-03-31,Stephanie du Toit,Dai James,NA,1863,,0.5,1686,10.68,0.18,14
27,2013-03-31,Stephanie du Toit,Toby N Brookfield,NA,1978,CM,0,1683,10.78,0.1,14
28,2013-04-01,Stephanie du Toit,Frank Trombley,NA,1628,,0.5,1684,11.25,0.47,14.5
29,2013-04-01,Stephanie du Toit,Mike Dunkley,NA,1810,,1,1702,11.49,0.24,15.5
30,2013-06-01,Stephanie du Toit,Koby Kalavannan,NA,1898,,0,1696,0.24,0.24,0
31,2013-06-01,Stephanie du Toit,Samir Samadov,NA,1594,,1,1705,0.89,0.65,1
32,2013-06-02,Stephanie du Toit,Charlie McLaren,NA,1858,,0,1698,1.18,0.29,1
33,2013-06-02,Stephanie du Toit,Luke Vallis,NA,1700,,1,1710,1.68,0.5,2
34,2013-06-28,Stephanie du Toit,Barry Whitelaw,NA,1834,,0,1702,2,0.32,2
35,2013-06-29,Stephanie du Toit,Dai James,NA,1843,,0,1695,2.31,0.31,2
36,2013-06-29,Stephanie du Toit,Chirag Guha,NA,1396,,0.5,1686,3.17,0.86,2.5
37,2013-06-30,Stephanie du Toit,Benjamin Choo Yin,NA,1529,,0,1668,3.9,0.73,2.5
1,2013-02-06,Steve Horrell,Chris Reading,51,1648,G1,0,1649,0.52,0.52,0
2,2013-02-13,Steve Horrell,Dave Roberts,57,1625,G1,0,1635,1.07,0.55,0
3,2013-02-27,Steve Horrell,Jeremy Jones,NA,1625,E1,0.5,1634,1.62,0.55,0.5
4,2013-03-13,Steve Horrell,Dennis O. Jones,35,1747,G1,0,1625,2,0.38,0.5
5,2012-03-27,Steve Horrell,Bob Hurn,NA,1633,E2,0.5,1624,2.54,0.54,1
6,2013-04-17,Steve Horrell,Douglas Spencer,22,1929,G1,0,1620,2.71,0.17,1
7,2013-05-01,Steve Horrell,Phil French,NA,1869,E1,0.5,1626,2.94,0.23,1.5
8,2013-05-22,Steve Horrell,Paul Keenan,NA,1687,E1,1,1639,3.4,0.46,2.5
1,2013-01-14,Steve Vickery,Peter Slater,NA,1621,E1,0.5,1710,0.63,0.63,0.5
2,2013-01-16,Steve Vickery,Howard Deere,NA,1517,E1,1,1716,1.39,0.76,1.5
3,2013-01-27,Steve Vickery,Colin Denham,NA,1639,D1,1,1725,1.99,0.6,2.5
4,2013-01-28,Steve Vickery,Roger Phillips,NA,1544,E1,1,1732,2.71,0.72,3.5
5,2013-01-30,Steve Vickery,Andrew Owen,28,1845,G1,0.5,1736,3.03,0.32,4
6,2013-02-18,Steve Vickery,Owen Bennett,39,1736,G2,1,1749,3.5,0.47,5
1,2013-01-05,Steve Williams (Cwm),Tom Bennett,NA,1504,,1,1654,0.69,0.69,1
2,2013-01-05,Steve Williams (Cwm),Owen Bennett,39,1716,,0.5,1657,1.09,0.4,1.5
3,2013-01-06,Steve Williams (Cwm),Deio Parri,NA,1826,,0,1651,1.35,0.26,1.5
4,2013-01-06,Steve Williams (Cwm),Brian Turton,NA,1401,,1,1655,2.16,0.81,2.5
5,2013-01-09,Steve Williams (Cwm),Beryl Hughes,NA,1460,,0,1637,2.91,0.75,2.5
6,2013-01-15,Steve Williams (Cwm),Zane Allford,36,1743,,1,1652,3.28,0.37,3.5
7,2013-01-29,Steve Williams (Cwm),Nigel Granville,27,1888,,0.5,1659,3.48,0.2,4
8,2013-02-10,Steve Williams (Cwm),Matthew Francis,NA,1664,,0.5,1660,3.96,0.48,4.5
9,2013-02-12,Steve Williams (Cwm),Lyn Holland,69,1484,,0,1643,4.68,0.72,4.5
10,2013-03-10,Steve Williams (Cwm),Rudy van Kemenade,NA,2079,,0,1640,4.78,0.1,4.5
11,2013-03-19,Steve Williams (Cwm),Steve Williams (Mal),43,1690,u,1,1654,5.22,0.44,5.5
12,2012-03-27,Steve Williams (Cwm),John Arthur,65,1545,,1,1662,5.86,0.64,6.5
13,2013-03-29,Steve Williams (Cwm),Kevin O'Rourke,NA,1254,,1,1665,6.76,0.9,7.5
14,2013-03-30,Steve Williams (Cwm),Vaseekaran Sivarajasingam,NA,1414,,1,1670,7.56,0.8,8.5
15,2013-03-30,Steve Williams (Cwm),Chirag Guha,NA,1524,,1,1677,8.23,0.67,9.5
16,2013-03-31,Steve Williams (Cwm),Mohammed Binesmaeal,NA,1521,,0,1661,8.9,0.67,9.5
17,2013-03-31,Steve Williams (Cwm),Scott Hammett,NA,1532,,0.5,1658,9.56,0.66,10
18,2013-04-01,Steve Williams (Cwm),Windsor Lewis,NA,1211,,1,1660,10.46,0.9,11
19,2013-04-01,Steve Williams (Cwm),Mike Servini,NA,1614,,0,1647,11.01,0.55,11
20,2013-04-03,Steve Williams (Cwm),Simon Tang,68,1506,,0.5,1642,11.7,0.69,11.5
21,2013-04-07,Steve Williams (Cwm),Joe Fathallah,NA,2052,,0,1640,11.8,0.1,11.5
22,2013-04-09,Steve Williams (Cwm),Hiram Rogers,59,1586,,1,1650,12.39,0.59,12.5
23,2013-04-24,Steve Williams (Cwm),Dave Connolly,64,1552,,1,1659,13.02,0.63,13.5
24,2013-05-08,Steve Williams (Cwm),Paul Bridges,NA,1858,,0,1653,13.25,0.23,13.5
25,2013-05-11,Steve Williams (Cwm),John B Symons,NA,1746,,0,1644,13.61,0.36,13.5
26,2013-05-11,Steve Williams (Cwm),Owen Bennett,39,1667,,0,1633,14.08,0.47,13.5
27,2013-05-19,Steve Williams (Cwm),Nigel Ralphs,NA,1957,,0,1630,0.13,0.13,0
28,2013-05-26,Steve Williams (Cwm),Ed G Varley,NA,1794,,1,1647,0.41,0.28,1
29,2013-05-26,Steve Williams (Cwm),Alan R Papier,NA,1842,,0.5,1654,0.64,0.23,1.5
30,2013-05-27,Steve Williams (Cwm),Michael J Ashworth,NA,1842,,0,1648,0.87,0.23,1.5
31,2013-05-27,Steve Williams (Cwm),Charlie McLaren,NA,1858,,0.5,1655,1.08,0.21,2
32,2013-06-08,Steve Williams (Cwm),Paul A Gillett,NA,1754,,0,1647,1.41,0.33,2
33,2013-06-08,Steve Williams (Cwm),Nathan Mills,NA,1754,,1,1663,1.74,0.33,3
34,2013-06-09,Steve Williams (Cwm),Neil J Dunlop,NA,1874,,1,1682,1.94,0.2,4
35,2013-06-09,Steve Williams (Cwm),Dave Williams,42,1700,u,0,1673,2.35,0.41,4
1,2013-01-27,Steve Williams (Mal),Martin C Jones,NA,1603,D1,0,1675,0.62,0.62,0
2,2013-03-19,Steve Williams (Mal),Steve Williams (Cwm),53,1647,G1,0,1662,1.18,0.56,0
3,2013-03-25,Steve Williams (Mal),Gary Thomas,23,1910,G1,0,1656,1.4,0.22,0
4,2013-04-10,Steve Williams (Mal),Mark Emblem,77,1421,G1,1,1660,2.23,0.83,1
5,2013-05-08,Steve Williams (Mal),Mark Emblem,77,1421,G1,1,1665,3.06,0.83,2
1,2013-01-04,Sven Zeidler,Megan Owens,NA,1970,,1,2322,0.89,0.89,1
2,2013-01-05,Sven Zeidler,Dave Turner,20,1942,,1,2323,1.79,0.9,2
3,2013-01-05,Sven Zeidler,Jason Garcia,NA,2056,,1,2325,2.62,0.83,3
4,2013-01-06,Sven Zeidler,Richard S Jones,NA,2409,IM,0.5,2326,3,0.38,3.5
5,2013-01-06,Sven Zeidler,Tony Haigh,NA,1933,,1,2327,3.9,0.9,4.5
6,2013-01-12,Sven Zeidler,Terry PD Chapman,NA,2330,,0,2322,4.39,0.49,4.5
7,2013-01-13,Sven Zeidler,Andrew J Ledger,NA,2410,IM,0.5,2323,4.77,0.38,5
8,2013-01-23,Sven Zeidler,Andrew C Cooper,NA,1994,,0.5,2320,5.65,0.88,5.5
9,2013-02-17,Sven Zeidler,Howard Williams,NA,2324,FM,0.5,2320,6.15,0.5,6
10,2013-02-20,Sven Zeidler,Mark A Jones,NA,1866,,1,2321,7.05,0.9,7
11,2013-02-22,Sven Zeidler,Tony Haigh,NA,1933,,1,2322,7.95,0.9,8
12,2013-02-23,Sven Zeidler,Robert Taylor,12,2036,,1,2323,8.79,0.84,9
13,2013-02-23,Sven Zeidler,Alan Young,NA,2065,,0,2315,9.61,0.82,9
14,2013-02-24,Sven Zeidler,Andrew Gibbons,NA,1997,,1,2316,10.48,0.87,10
15,2013-02-24,Sven Zeidler,Howard Williams,NA,2324,FM,0.5,2316,10.98,0.5,10.5
16,2013-03-14,Sven Zeidler,Peter A Richmond,NA,2226,,1,2320,11.61,0.63,11.5
17,2013-03-23,Sven Zeidler,Romain Edouard,NA,2680,GM,0,2319,11.71,0.1,11.5
18,2013-03-24,Sven Zeidler,Peter T Roberson,NA,2522,FM,0.5,2322,11.95,0.24,12
19,2013-03-29,Sven Zeidler,Robert Taylor,12,2026,,1,2323,12.8,0.85,13
20,2013-03-30,Sven Zeidler,Peter Kirby,13,2034,CM,1,2325,13.64,0.84,14
21,2013-03-30,Sven Zeidler,Tim Kett,NA,2278,,0,2319,14.2,0.56,14
22,2013-03-31,Sven Zeidler,Dave Turner,20,1942,,0,2310,15.1,0.9,14
23,2013-03-31,Sven Zeidler,Matt Staniforth,NA,1814,,1,2311,16,0.9,15
24,2013-04-01,Sven Zeidler,Lee Davis,NA,1999,,0.5,2307,16.87,0.87,15.5
25,2013-04-01,Sven Zeidler,Rudy van Kemenade,NA,2079,,1,2309,17.67,0.8,16.5
26,2013-04-07,Sven Zeidler,Peter Varley,2,2250,FM,0,2303,0.58,0.58,0
27,2013-04-28,Sven Zeidler,Ioan Rees,NA,2291,FM,0,2298,1.11,0.53,0
28,2013-05-04,Sven Zeidler,Matthew J Wadsworth,NA,2290,,0.5,2298,1.64,0.53,0.5
29,2013-05-05,Sven Zeidler,Alexander Cherniaev,NA,2466,GM,0,2295,1.93,0.29,0.5
30,2013-05-06,Sven Zeidler,James P Jackson,NA,2354,,0.5,2295,2.37,0.44,1
31,2013-05-19,Sven Zeidler,Alan Young,NA,2122,,1,2298,3.12,0.75,2
1,2013-01-15,Terry Hill,Brian Heath,55,1638,G1,1,1653,0.5,0.5,1
2,2013-01-16,Terry Hill,Gordon Cadden,31,1828,G1,0.5,1659,0.75,0.25,1.5
3,2013-02-27,Terry Hill,Paul Bridges,NA,1837,E1,0,1653,0.99,0.24,1.5
4,2013-03-20,Terry Hill,Brian Hill,85,1233,G1,1,1656,1.89,0.9,2.5
5,2013-04-17,Terry Hill,Zane Allford,36,1743,G1,0,1647,2.25,0.36,2.5
1,2013-01-05,Thomas Thorpe,Peter A Burgoyne,NA,1818,,0.5,1935,0.67,0.67,0.5
2,2013-01-05,Thomas Thorpe,Julie van Kemenade,NA,1781,,1,1942,1.38,0.71,1.5
3,2013-01-06,Thomas Thorpe,Rudy van Kemenade,NA,2115,,0,1935,1.65,0.27,1.5
4,2013-01-06,Thomas Thorpe,Dai James,NA,1843,,0.5,1932,2.28,0.63,2
5,2013-01-10,Thomas Thorpe,Michael Stinchcombe,NA,1410,,1,1935,3.18,0.9,3
6,2013-01-12,Thomas Thorpe,Stephen J Gregory,NA,2042,,0,1926,3.54,0.36,3
7,2013-01-13,Thomas Thorpe,Vaness Reid,NA,1903,WFM,0.5,1925,4.09,0.55,3.5
8,2013-01-15,Thomas Thorpe,Nikita Ayvazyan,NA,2082,,0.5,1929,4.4,0.31,4
9,2013-01-19,Thomas Thorpe,Duncan D Grosset,NA,2090,,0.5,1934,4.7,0.3,4.5
10,2013-01-19,Thomas Thorpe,Derek C Pugh,NA,2146,,0,1929,4.93,0.23,4.5
11,2013-01-20,Thomas Thorpe,David Dugdale,NA,2026,,0,1920,5.31,0.38,4.5
12,2013-01-20,Thomas Thorpe,Lynda Roberts,19,1947,WCM,0.5,1920,5.8,0.49,5
13,2013-01-31,Thomas Thorpe,Jody Johnson,NA,1922,,0,1907,6.32,0.52,5
14,2013-02-01,Thomas Thorpe,Tom Brown,NA,2133,,0,1901,6.57,0.25,5
15,2013-02-09,Thomas Thorpe,John Waterfield,10,2047,,1,1917,6.92,0.35,6
16,2013-02-09,Thomas Thorpe,Petr Marusenko,NA,2214,IM,0,1913,7.09,0.17,6
17,2013-02-10,Thomas Thorpe,Alex Bullen,NA,2023,,0.5,1916,7.47,0.38,6.5
18,2013-02-10,Thomas Thorpe,Allan Pleasants,NA,2155,,1,1934,7.69,0.22,7.5
19,2013-02-11,Thomas Thorpe,Luke Kostanjsek,26,1894,,0.5,1933,8.25,0.56,8
20,2013-02-11,Thomas Thorpe,Rudy van Kemenade,NA,2115,,0,1927,8.52,0.27,8
21,2013-02-16,Thomas Thorpe,John Fraser,NA,1882,,0,1913,9.1,0.58,8
22,2013-02-16,Thomas Thorpe,Theo Slade,NA,1906,,1,1923,9.65,0.55,9
23,2013-02-16,Thomas Thorpe,Anuj A Mavinkurve,NA,1818,,1,1931,10.32,0.67,10
24,2013-02-17,Thomas Thorpe,Adam C Taylor,NA,2146,,1,1950,10.55,0.23,11
25,2013-02-17,Thomas Thorpe,Matthew J Wadsworth,NA,2290,,0,1947,10.66,0.11,11
26,2013-02-21,Thomas Thorpe,Steven J Gardner,NA,1834,,1,1955,0.66,0.66,1
27,2013-02-23,Thomas Thorpe,James C Foster,NA,2194,,0,1951,0.85,0.19,1
28,2013-02-24,Thomas Thorpe,Andrew Toothill,NA,2026,,0.5,1953,1.24,0.39,1.5
29,2013-02-27,Thomas Thorpe,Jerry S Hendy,NA,1930,,1,1965,1.76,0.52,2.5
30,2013-03-02,Thomas Thorpe,Robert Warrington,NA,1670,,1,1969,2.6,0.84,3.5
31,2013-03-02,Thomas Thorpe,Luke Kostanjsek,26,1894,,0.5,1967,3.17,0.57,4
32,2013-03-02,Thomas Thorpe,Philippe Rodgers,NA,2010,,0.5,1969,3.58,0.41,4.5
33,2013-03-03,Thomas Thorpe,Rhys Steele,NA,1847,,0.5,1966,4.22,0.64,5
34,2013-03-03,Thomas Thorpe,Thomas Turton,NA,1402,,1,1968,5.12,0.9,6
35,2013-03-07,Thomas Thorpe,Miles Davies,NA,1562,,1,1971,6.02,0.9,7
36,2013-03-10,Thomas Thorpe,Steve Cunliffe,NA,2006,,0.5,1972,6.44,0.42,7.5
37,2013-03-14,Thomas Thorpe,Alex Rossiter,NA,1834,,1,1981,7.1,0.66,8.5
38,2013-03-21,Thomas Thorpe,Alistair A Gilbert,NA,2018,,0.5,1983,7.5,0.4,9
39,2013-03-23,Thomas Thorpe,Ivan David,NA,1938,,0,1971,8.01,0.51,9
40,2013-03-24,Thomas Thorpe,Nathanael Paul,NA,1946,,1,1983,8.51,0.5,10
41,2013-03-28,Thomas Thorpe,Gerry N Jepps,NA,1930,,0.5,1982,9.03,0.52,10.5
42,2013-03-30,Thomas Thorpe,Alan Young,NA,2065,,0,1974,9.37,0.34,10.5
43,2013-03-30,Thomas Thorpe,David Robinson,NA,1957,,1,1986,9.86,0.49,11.5
44,2013-03-31,Thomas Thorpe,Lee Davis,NA,1999,,0.5,1988,10.29,0.43,12
45,2013-03-31,Thomas Thorpe,Joe Fathallah,NA,2010,,0,1978,10.7,0.41,12
46,2013-04-01,Thomas Thorpe,Matt Staniforth,NA,1814,,0.5,1974,11.38,0.68,12.5
47,2013-04-01,Thomas Thorpe,Nigel Ralphs,NA,1993,,1,1987,11.82,0.44,13.5
48,2013-04-05,Thomas Thorpe,Roger Hardy,NA,1802,,1,1995,12.52,0.7,14.5
49,2013-04-06,Thomas Thorpe,James Cobb,NA,2463,IM,0,1992,12.62,0.1,14.5
50,2013-04-07,Thomas Thorpe,Megan Owens,NA,1970,,0.5,1993,13.09,0.47,15
51,2013-04-07,Thomas Thorpe,Simon M Greely,NA,2010,,0.5,1995,13.5,0.41,15.5
52,2013-04-24,Thomas Thorpe,Andrew M Gregory,NA,1810,,1,2001,0.74,0.74,1
53,2013-04-28,Thomas Thorpe,Philippe Rodgers,NA,2010,,0.5,2002,1.22,0.48,1.5
54,2013-05-04,Thomas Thorpe,Ron Plater,NA,1986,,1,2013,1.73,0.51,2.5
55,2013-05-05,Thomas Thorpe,Daniel Tome,NA,2114,,0.5,2017,2.07,0.34,3
56,2013-05-06,Thomas Thorpe,Natasha K Regan,NA,2074,,0,2008,2.46,0.39,3
57,2013-06-29,Thomas Thorpe,Dave Turner,20,1980,,0,1995,2.98,0.52,3
58,2013-06-29,Thomas Thorpe,Rhys Steele,NA,1937,,1,2006,3.56,0.58,4
59,2013-06-30,Thomas Thorpe,Matthew Parry,NA,1845,,0,1989,4.26,0.7,4
60,2013-06-30,Thomas Thorpe,Rudy Van Kemenade,NA,2079,,1,2004,4.64,0.38,5
1,2013-03-02,Tim Andrews,Joshua Williams,NA,1350,N1,0,1094,0.19,0.19,0
2,2013-03-02,Tim Andrews,Christopher Barwise,NA,1300,E1,0,1086,0.43,0.24,0
3,2013-03-03,Tim Andrews,Kai Williams-Price,NA,850,W1,1,1092,1.24,0.81,1
4,2013-03-03,Tim Andrews,James Robertson,100,1050,G1,1,1106,1.81,0.57,2
5,2013-03-03,Tim Andrews,Anna-Lena Barth,NA,1400,E1,0,1102,1.95,0.14,2
6,2013-06-02,Tim Andrews,Arseny Uskov,NA,1082,ECF,0,1085,2.48,0.53,2
7,2013-06-02,Tim Andrews,Rufus Long,NA,1100,Est,0.5,1085,2.98,0.5,2.5
1,2013-01-16,Tony Davies,Carl Bennett,84,1248,G1,0.5,1422,0.74,0.74,0.5
2,2013-02-06,Tony Davies,Roger Lockyer,91,1065,G1,1,1426,1.64,0.9,1.5
3,2013-02-27,Tony Davies,Brenda Miles,NA,1373,E1,1,1439,2.22,0.58,2.5
1,2013-01-15,Zane Allford,Steve Williams (Cwm),53,1647,G1,0,1728,0.63,0.63,0
2,2013-02-13,Zane Allford,Farhan Shataly,44,1686,G1,1,1738,1.21,0.58,1
3,2013-02-27,Zane Allford,Chris Dixon,33,1816,G1,1,1752,1.61,0.4,2
4,2013-03-03,Zane Allford,Martin C Jones,NA,1603,D1,0.5,1748,2.3,0.69,2.5
5,2013-03-13,Zane Allford,Gordon Cadden,31,1828,G1,0,1739,2.68,0.38,2.5
6,2013-03-20,Zane Allford,James Lavender,29,1840,G1,0.5,1742,3.05,0.37,3
7,2012-03-27,Zane Allford,Wyn Howells,NA,1668,E1,1,1751,3.65,0.6,4
8,2013-04-17,Zane Allford,Terry Hill,54,1641,G1,1,1760,4.29,0.64,5
9,2013-05-01,Zane Allford,David Llewellyn,NA,1940,E1,0.5,1766,4.53,0.24,5.5
10,2013-05-22,Zane Allford,Matt Staniforth,NA,1814,E2,0,1757,4.93,0.4,5.5
