Date,Player1,Player2,OppKey,OppRating_Display,RatingType,Result,New,Tot,Exp,Pts
2024-07-05,Jose Camacho Collados,Calum Harris,e1 calum harris,1919,E1,1,2449,0.9,0.9,1
2024-07-05,Jose Camacho Collados,Maria Florencia Fernandez,NA,2103,FIDE,0,2440,1.78,0.88,1
2024-07-06,Jose Camacho Collados,Lynda Smith,g1 lynda smith,1886,G1,1,2441,2.68,0.9,2
2024-07-07,Jose Camacho Collados,Jack Liu,NA,2230,ENG,1,2443,3.46,0.78,3
2024-07-07,Jose Camacho Collados,James Golding,NA,2235,ENG,0.5,2441,4.23,0.77,3.5
2024-07-08,Jose Camacho Collados,Alex Bullen,e1 alex bullen,2243,E1,1,2443,4.99,0.76,4.5
2024-07-09,Jose Camacho Collados,Jack Rudd,NA,2324,ENG,0.5,2441,5.66,0.67,5
2024-07-09,Jose Camacho Collados,Harry Grieve,NA,2521,ENG,0,2437,6.06,0.4,5
2024-07-10,Jose Camacho Collados,Michael Binks,e1 michael binks,1994,E1,1,2438,6.96,0.9,6
2024-09-11,Jose Camacho Collados,Mohamed Bilal Houssein,NA,1870,FIDE,1,2439,7.86,0.9,7
2024-09-12,Jose Camacho Collados,Ivan Schitco,NA,2527,FIDE,0.5,2440,8.25,0.39,7.5
2024-09-14,Jose Camacho Collados,Sebastian Bogner,NA,2545,FIDE,0,2437,8.61,0.36,7.5
2024-09-15,Jose Camacho Collados,Providence,NA,2239,FIDE,0.5,2434,9.38,0.77,8
2024-09-16,Jose Camacho Collados,Michael Wiedenkeller,NA,2406,FIDE,1,2439,9.94,0.56,9
2024-09-17,Jose Camacho Collados,Jingyao Tin,NA,2352,FIDE,0,2432,10.57,0.63,9
2024-09-19,Jose Camacho Collados,Sion Radamantys Galaviz Medina,NA,2488,FIDE,0,2428,11.01,0.44,9
2024-09-20,Jose Camacho Collados,Jianwen Wong,NA,2231,FIDE,0.5,2425,11.79,0.78,9.5
2024-09-22,Jose Camacho Collados,Jorge Cori,NA,2609,FIDE,0,2422,12.07,0.28,9.5
2024-11-23,Jose Camacho Collados,Andrew Ledger,NA,2396,ENG,0,2416,12.64,0.57,9.5
2024-11-24,Jose Camacho Collados,Ameet K Ghasi,NA,2574,ENG,0.5,2418,12.97,0.33,10
2024-07-05,Daniel Kozusek,David Robinson,e1 david robinson,1910,E1,1,2424,0.9,0.9,1
2024-07-05,Daniel Kozusek,Francisco Javier Cuenca Jimenez,NA,2036,FIDE,1,2425,1.8,0.9,2
2024-07-06,Daniel Kozusek,Jack Liu,NA,2230,ENG,1,2427,2.55,0.75,3
2024-07-07,Daniel Kozusek,Yichen Han,NA,2434,ENG,0.5,2428,3.03,0.48,3.5
2024-07-07,Daniel Kozusek,Aaravamudhan Balaji,NA,2388,ENG,0.5,2427,3.58,0.55,4
2024-07-08,Daniel Kozusek,Avyukt Dasgupta,NA,2182,ENG,1,2429,4.38,0.8,5
2024-07-09,Daniel Kozusek,Alex Golding,NA,2348,ENG,0.5,2428,4.99,0.61,5.5
2024-07-09,Daniel Kozusek,Boris Chatalbashev,NA,2483,FIDE,0,2424,5.4,0.41,5.5
2024-07-10,Daniel Kozusek,Maria Florencia Fernandez,NA,2103,FIDE,1,2425,6.26,0.86,6.5
2024-09-12,Daniel Kozusek,Andrei Macovei,NA,2464,FIDE,0,2421,6.7,0.44,6.5
2024-09-13,Daniel Kozusek,Donaldo Paiva,NA,2139,FIDE,1,2423,7.54,0.84,7.5
2024-09-14,Daniel Kozusek,Li Min Peng,NA,2514,FIDE,0,2419,7.91,0.37,7.5
2024-09-15,Daniel Kozusek,Moakofi Notha,NA,1996,FIDE,0,2410,8.81,0.9,7.5
2024-09-17,Daniel Kozusek,Jagadeesh Siddharth,NA,2367,FIDE,0,2404,9.39,0.58,7.5
2024-09-18,Daniel Kozusek,Tegegn Mehadem Birhanu,NA,2077,FIDE,1,2405,10.27,0.88,8.5
2024-09-19,Daniel Kozusek,Gilberto Hernandez Guerrero,NA,2482,FIDE,0.5,2406,10.69,0.42,9
2024-09-21,Daniel Kozusek,Ern Jie Anderson Ang,NA,2132,FIDE,1,2408,11.53,0.84,10
2024-09-22,Daniel Kozusek,Gianmarco Leiva,NA,2389,FIDE,0.5,2407,12.08,0.55,10.5
2024-10-09,Ioan Rees,Jonathan E Swindells,NA,2258,ENG,1,2345,0.62,0.62,1
2024-10-14,Ioan Rees,Cory S Hazlehurst,NA,2089,ENG,1,2347,1.43,0.81,2
2024-11-04,Ioan Rees,Maurice J Staples,NA,1967,ENG,1,2348,2.33,0.9,3
2024-11-23,Ioan Rees,Martyna Starosta,NA,1907,ENG,1,2349,3.23,0.9,4
2024-11-24,Ioan Rees,Marco Gallana,NA,2365,ENG,0.5,2349,3.7,0.47,4.5
2024-12-14,Ioan Rees,Kendrick Botong Zhang,NA,1975,ENG,1,2350,4.59,0.89,5.5
2024-12-14,Ioan Rees,Sooraj Menothuparambil Raju,NA,2263,ENG,1,2354,5.2,0.61,6.5
2024-12-14,Ioan Rees,Tarun Kanyamarala,NA,2437,ENG,0,2350,5.57,0.37,6.5
2024-12-15,Ioan Rees,Owen Crawford,NA,2057,ENG,1,2352,6.41,0.84,7.5
2024-12-15,Ioan Rees,Ifan Rathbone-Jones,n1 ifan rathbone-jones,2078,N1,0.5,2349,7.23,0.82,8
2024-07-05,Grzegorz Toczek,Matthew R Wilson,NA,1904,ENG,1,2338,0.9,0.9,1
2024-07-05,Grzegorz Toczek,Michael Binks,e1 michael binks,1994,E1,1,2339,1.78,0.88,2
2024-07-06,Grzegorz Toczek,Boris Chatalbashev,NA,2483,FIDE,0,2336,2.08,0.3,2
2024-07-07,Grzegorz Toczek,Francisco Javier Cuenca Jimenez,NA,2036,FIDE,1,2338,2.93,0.85,3
2024-07-07,Grzegorz Toczek,Alex Bullen,e1 alex bullen,2243,E1,0.5,2336,3.56,0.63,3.5
2024-07-08,Grzegorz Toczek,Ifan Rathbone-Jones,n1 ifan rathbone-jones,2078,N1,1,2338,4.38,0.82,4.5
2024-07-09,Grzegorz Toczek,Harry Grieve,NA,2521,ENG,0.5,2341,4.64,0.26,5
2024-07-09,Grzegorz Toczek,Yichen Han,NA,2434,ENG,0,2337,5,0.36,5
2024-07-10,Grzegorz Toczek,Jack Liu,NA,2230,ENG,1,2341,5.65,0.65,6
2024-09-11,Grzegorz Toczek,Aden Omar Omar,NA,1779,FIDE,0.5,2337,6.55,0.9,6.5
2024-09-12,Grzegorz Toczek,Jegor Lashkin,NA,2472,FIDE,0,2333,6.86,0.31,6.5
2024-09-13,Grzegorz Toczek,Ivan Andrade,NA,2132,FIDE,0,2326,7.62,0.76,6.5
2024-09-14,Grzegorz Toczek,Nico Georgiadis,NA,2510,FIDE,0,2323,7.89,0.27,6.5
2024-09-16,Grzegorz Toczek,Elvira Berend,NA,2219,FIDE,0,2316,8.55,0.66,6.5
2024-09-17,Grzegorz Toczek,Zhenyong Jayden Wong,NA,2301,FIDE,1,2321,9.1,0.55,7.5
2024-09-18,Grzegorz Toczek,Addisalem Temesgen Tsige,NA,2068,FIDE,1,2323,9.92,0.82,8.5
2024-09-19,Grzegorz Toczek,Kevin Joel Cori Quispe,NA,2461,FIDE,0,2319,10.25,0.33,8.5
2024-10-07,Grzegorz Toczek,Robert Kempinski,NA,2566,FIDE,0.5,2322,10.46,0.21,9
2024-10-08,Grzegorz Toczek,Tomas Laurusas,NA,2573,FIDE,0,2320,10.66,0.2,9
2024-10-09,Grzegorz Toczek,Stepan Zilka,NA,2552,FIDE,0,2318,10.88,0.22,9
2024-10-10,Grzegorz Toczek,Dimitrios Mastrovasilis,NA,2532,FIDE,0,2315,11.13,0.25,9
2024-10-12,Grzegorz Toczek,Kamil Dzida,NA,2384,FIDE,0,2311,11.56,0.43,9
2024-10-13,Grzegorz Toczek,Pawel Teclaf,NA,2552,FIDE,0,2309,11.78,0.22,9
2024-10-14,Grzegorz Toczek,Niclas Huschenbeth,NA,2600,FIDE,0,2307,11.96,0.18,9
2024-11-15,Grzegorz Toczek,Ben Brewer,d1 ben brewer,1895,D1,1,2308,12.86,0.9,10
2024-11-16,Grzegorz Toczek,Dave Turner,g1 dave turner,1914,G1,1,2309,13.76,0.9,11
2024-11-16,Grzegorz Toczek,Adam Musson,w1 adam musson,2039,W1,0.5,2306,14.61,0.85,11.5
2024-11-17,Grzegorz Toczek,James Tapp,e1 james tapp,2011,E1,0.5,2302,15.48,0.87,12
2024-11-17,Grzegorz Toczek,Sven Zeidler,n1 sven zeidler,2168,N1,0.5,2300,16.21,0.73,12.5
2024-09-10,Richard Dineley,Geoff Graham,n1 geoff graham,1951,N1,1,2313,0.89,0.89,1
2024-09-24,Richard Dineley,Phil Crocker,NA,2180,ENG,0.5,2311,1.57,0.68,1.5
2024-09-30,Richard Dineley,Steve Kee,NA,2136,ENG,1,2314,2.3,0.73,2.5
2024-10-01,Richard Dineley,Jeff Smith,NA,2087,ENG,1,2316,3.09,0.79,3.5
2024-10-08,Richard Dineley,Gary Quillan,NA,2413,ENG,0.5,2318,3.45,0.36,4
2024-10-29,Richard Dineley,Daniel Altmann,n1 daniel altmann,1755,N1,1,2319,4.35,0.9,5
2024-11-12,Richard Dineley,Phil Crocker,NA,2195,ENG,0.5,2317,5.01,0.66,5.5
2024-11-19,Richard Dineley,Joe Muxlow,n1 joe muxlow,1758,N1,1,2318,5.91,0.9,6.5
2024-11-25,Richard Dineley,Ethan Norris,NA,2198,ENG,0.5,2316,6.57,0.66,7
2024-11-26,Richard Dineley,Phil Crocker,NA,2195,ENG,0.5,2315,7.23,0.66,7.5
2024-12-03,Richard Dineley,Lucas Ofubu,NA,1880,ENG,1,2316,8.13,0.9,8.5
2024-12-10,Richard Dineley,Jeff Smith,NA,2094,ENG,0.5,2313,8.91,0.78,9
2024-11-17,Alexis Harakis,Ben Brewer,d1 ben brewer,1895,D1,1,2298,0.9,0.9,1
2024-11-16,Alexis Harakis,Julie van Kemenade,n1 julie van kemenade,1797,N1,1,2299,1.8,0.9,2
2024-11-16,Alexis Harakis,James Tapp,e1 james tapp,2011,E1,0,2291,2.64,0.84,2
2024-11-17,Alexis Harakis,Dave Turner,g1 dave turner,1914,G1,1,2292,3.54,0.9,3
2024-06-28,Jonathan LB Blackburn,John Wareing,NA,1986,ENG,1,2296,0.86,0.86,1
2024-06-29,Jonathan LB Blackburn,Daniel Sullivan,NA,2070,ENG,1,2299,1.65,0.79,2
2024-06-29,Jonathan LB Blackburn,Madhavan Sanjith,NA,1998,FIDE,1,2300,2.5,0.85,3
2024-06-30,Jonathan LB Blackburn,Jacob Connor Boswell,NA,2358,ENG,0.5,2301,2.91,0.41,3.5
2024-06-30,Jonathan LB Blackburn,Gediminus Sarakauskas,NA,2318,FIDE,0,2296,3.38,0.47,3.5
2024-08-10,Jonathan LB Blackburn,Harry Gardiner,NA,1933,ENG,1,2297,4.27,0.89,4.5
2024-08-10,Jonathan LB Blackburn,Alan Agnew,NA,2187,ENG,0.5,2296,4.92,0.65,5
2024-08-10,Jonathan LB Blackburn,Richard WY Lee,NA,2138,ENG,0.5,2294,5.63,0.71,5.5
2024-08-11,Jonathan LB Blackburn,Samuel A Parry,NA,2049,ENG,1,2296,6.43,0.8,6.5
2024-08-11,Jonathan LB Blackburn,Alex Bullen,e1 alex bullen,2243,E1,0.5,2295,7,0.57,7
2024-09-11,Jonathan LB Blackburn,Mohamed Ali Dima,NA,1761,FIDE,1,2296,7.9,0.9,8
2024-09-12,Jonathan LB Blackburn,Victor Bologan,NA,2598,FIDE,0,2295,8.05,0.15,8
2024-09-13,Jonathan LB Blackburn,Hamid Harmon Gulamo Jamal,NA,1960,FIDE,1,2296,8.92,0.87,9
2024-09-15,Jonathan LB Blackburn,Keletshabile Monnaatsheko,NA,2064,FIDE,0.5,2293,9.71,0.79,9.5
2024-09-16,Jonathan LB Blackburn,Marc Mertens,NA,2120,FIDE,1,2296,10.44,0.73,10.5
2024-09-18,Jonathan LB Blackburn,Yu Zhe Ashton Chia,NA,2224,FIDE,0,2290,11.04,0.6,10.5
2024-09-19,Jonathan LB Blackburn,Yoseph Kifle Kebede,NA,2037,FIDE,1,2291,11.86,0.82,11.5
2024-09-21,Jonathan LB Blackburn,Mohan Kavin,NA,1997,FIDE,0.5,2288,12.71,0.85,12
2024-09-22,Jonathan LB Blackburn,Diego Saul Rodri Flores Quillas,NA,2451,FIDE,0,2285,13,0.29,12
2024-11-23,Jonathan LB Blackburn,Kacper Kacprzak,NA,2291,FIDE,0.5,2285,13.51,0.51,12.5
2024-11-24,Jonathan LB Blackburn,Ryszard Maciol,NA,2125,FIDE,1,2288,14.24,0.73,13.5
2024-10-29,Jonathan LB Blackburn,Richard WY Lee,NA,2139,ENG,1,2291,14.95,0.71,14.5
2024-07-05,Alex Bullen,Anay Agarwal,NA,1743,ENG,1,2244,0.9,0.9,1
2024-07-05,Alex Bullen,Jose Fernando Cuenca Jimenez,NA,2479,FIDE,0,2242,1.1,0.2,1
2024-07-06,Alex Bullen,Jacco Heij,NA,1960,FIDE,1,2244,1.94,0.84,2
2024-07-07,Alex Bullen,Mark B Waterfield,NA,1950,ENG,1,2245,2.78,0.84,3
2024-07-07,Alex Bullen,Grzegorz Toczek,e1 grzegorz toczek,2337,E1,0.5,2246,3.15,0.37,3.5
2024-07-08,Alex Bullen,Jose Camacho Collados,e1 jose camacho collados,2448,E1,0,2244,3.39,0.24,3.5
2024-07-09,Alex Bullen,Indy Southcott-Moyers,NA,2272,ENG,0,2240,3.85,0.46,3.5
2024-07-09,Alex Bullen,Hugo Fowler,g1 hugo fowler,2116,G1,0.5,2238,4.53,0.68,4
2024-07-10,Alex Bullen,Duncan MacDonald,e1 duncan macdonald,2007,E1,1,2240,5.33,0.8,5
2024-08-10,Alex Bullen,Richard WY Lee,NA,2138,ENG,1,2243,5.98,0.65,6
2024-08-10,Alex Bullen,Samuel A Parry,NA,2049,ENG,1,2246,6.73,0.75,7
2024-08-10,Alex Bullen,Alan Agnew,NA,2187,ENG,0.5,2245,7.31,0.58,7.5
2024-08-11,Alex Bullen,Harry Gardiner,NA,1933,ENG,1,2246,8.17,0.86,8.5
2024-08-11,Alex Bullen,Jonathan LB Blackburn,g1 jonathan lb blackburn,2295,G1,0.5,2247,8.6,0.43,9
2024-08-24,Alex Bullen,Tashika Arora,NA,2030,ENG,1,2249,9.37,0.77,10
2024-08-24,Alex Bullen,Tim L Rogers,NA,2078,ENG,1,2252,10.09,0.72,11
2024-08-25,Alex Bullen,Bohdan Terler,NA,2041,ENG,0.5,2250,10.85,0.76,11.5
2024-08-25,Alex Bullen,Andrew P Smith,NA,2232,ENG,0,2244,11.37,0.52,11.5
2024-08-26,Alex Bullen,Timothy P Seymour,NA,2220,ENG,1,2249,11.9,0.53,12.5
2024-08-26,Alex Bullen,Patrick Damodaran,NA,2085,ENG,1,2252,12.61,0.71,13.5
2024-09-05,Alex Bullen,Adam Musson,w1 adam musson,2039,W1,0,2244,13.37,0.76,13.5
2024-09-11,Alex Bullen,Ali Youssouf Aboubaker,NA,1700,EST,1,2245,14.27,0.9,14.5
2024-09-13,Alex Bullen,Lourenco Napoleao,NA,1913,FIDE,1,2247,15.14,0.87,15.5
2024-09-14,Alex Bullen,Oliver Kurmann,NA,2421,FIDE,0,2244,15.4,0.26,15.5
2024-09-15,Alex Bullen,Kgotlane Oratile,NA,1975,FIDE,1,2246,16.22,0.82,16.5
2024-09-16,Alex Bullen,Pierre Gengler,NA,2097,FIDE,1,2249,16.92,0.7,17.5
2024-09-18,Alex Bullen,Yalemzewde Mekonnen,NA,2025,FIDE,1,2251,17.7,0.78,18.5
2024-09-19,Alex Bullen,Luis Fernando Ibarra Chami,NA,2427,FIDE,0,2248,17.96,0.26,18.5
2024-09-22,Alex Bullen,Muhd Syakir Shazmeer Azhar,NA,2086,FIDE,0.5,2246,18.67,0.71,19
2024-09-22,Alex Bullen,Fernando Miguel Fernandez Sanchez,NA,2399,FIDE,0,2243,18.96,0.29,19
2024-10-09,Alex Bullen,Joe Fathallah,e1 joe fathallah,2011,E1,1,2246,19.75,0.79,20
2024-10-13,Alex Bullen,Hugo Fowler,g1 hugo fowler,2116,G1,1,2249,20.43,0.68,21
2024-10-20,Alex Bullen,Nadav Zemach,NA,2398,FIDE,0,2246,20.72,0.29,21
2024-10-21,Alex Bullen,Rhys Cumming,NA,2339,ENG,0,2242,21.09,0.37,21
2024-10-22,Alex Bullen,Tarun Kanyamarala,NA,2369,FIDE,0.5,2244,21.42,0.33,21.5
2024-10-23,Alex Bullen,Allan Pleasants,e1 allan pleasants,2126,E1,0,2237,22.08,0.66,21.5
2024-10-24,Alex Bullen,Ivan Pryvalov,NA,2086,FIDE,0,2230,22.79,0.71,21.5
2024-10-25,Alex Bullen,Tommi Luukkonen,NA,2289,FIDE,1,2236,23.22,0.43,22.5
2024-10-26,Alex Bullen,Slobodan Stevcic,NA,2103,FIDE,1,2239,23.91,0.69,23.5
2024-10-28,Alex Bullen,Derek Jones,e1 derek jones,1989,E1,1,2241,24.72,0.81,24.5
2024-07-29,Carl Strugnell,Cocoro Matsumara,NA,2023,FIDE,0,2205,0.75,0.75,0
2024-08-01,Carl Strugnell,Michal Syrkiewicz,NA,2086,FIDE,1,2208,1.42,0.67,1
2024-08-02,Carl Strugnell,Konstantinos Samaridis,NA,2032,FIDE,0.5,2205,2.16,0.74,1.5
2024-08-03,Carl Strugnell,Novak Dumbelovic,NA,2044,FIDE,1,2208,2.88,0.72,2.5
2024-08-04,Carl Strugnell,Nikolaos Koutlas,NA,2332,FIDE,0,2205,3.21,0.33,2.5
2024-08-05,Carl Strugnell,Baris Cinar Sahbudak,NA,2073,FIDE,0,2198,3.9,0.69,2.5
2024-07-02,Tim Kett,Suraj Prabhu,e1 suraj prabhu,1727,E1,1,2201,0.9,0.9,1
2024-07-09,Tim Kett,Seb Hoccom,e1 seb hoccom,1394,E1,0.5,2193,1.8,0.9,1.5
2024-07-16,Tim Kett,John McGregor,e1 john mcgregor,1890,E1,1,2196,2.66,0.86,2.5
2024-08-17,Tim Kett,Mark Adams,g1 mark adams,2030,G1,1,2201,3.39,0.73,3.5
2024-08-17,Tim Kett,Paul Hatchett,e1 paul hatchett,2012,E1,1,2206,4.14,0.75,4.5
2024-08-18,Tim Kett,Steve Horrell,g1 steve horrell,1851,G1,1,2209,5.02,0.88,5.5
2024-08-18,Tim Kett,Gary Slegg,n1 gary slegg,1737,N1,0.5,2201,5.92,0.9,6
2024-09-05,Tim Kett,Jonathan Gilbert,g1 jonathan gilbert,2016,G1,0.5,2196,6.66,0.74,6.5
2024-10-03,Tim Kett,Adam Musson,w1 adam musson,2039,W1,0.5,2192,7.38,0.72,7
2024-10-09,Tim Kett,James Tapp,e1 james tapp,2011,E1,0.5,2187,8.13,0.75,7.5
2024-10-17,Tim Kett,Jake Hurley,e1 jake hurley,1923,E1,1,2190,8.96,0.83,8.5
2024-11-08,Tim Kett,Jeremy FS Menadue,NA,2037,ENG,1,2196,9.68,0.72,9.5
2024-11-08,Tim Kett,Keatan Patel,NA,2118,ENG,1,2204,10.29,0.61,10.5
2024-11-09,Tim Kett,Ian D Thompson,NA,2156,ENG,0.5,2202,10.85,0.56,11
2024-11-10,Tim Kett,Caleb Caleshu,NA,2071,ENG,0.5,2199,11.53,0.68,11.5
2024-11-14,Tim Kett,Derek Jones,e1 derek jones,1989,E1,0.5,2193,12.3,0.77,12
2024-11-23,Tim Kett,Anusha Subramanian,NA,2190,ENG,1,2203,12.81,0.51,13
2024-11-24,Tim Kett,Daniel Sullivan,NA,2020,ENG,1,2208,13.55,0.74,14
2024-11-27,Tim Kett,Tom Brown,e1 tom brown,2189,E1,1,2218,14.06,0.51,15
2024-12-12,Tim Kett,Ivan De La Cruz,e1 ivan de la cruz,2053,E1,0,2204,14.76,0.7,15
2024-12-14,Tim Kett,Jai Kothari,NA,2098,ENG,0.5,2201,15.4,0.64,15.5
2024-12-14,Tim Kett,Adam Nawalaniec,NA,2308,ENG,0,2194,15.75,0.35,15.5
2024-12-14,Tim Kett,Wee Zhun The,NA,2112,ENG,1,2202,16.37,0.62,16.5
2024-12-15,Tim Kett,Daniel Gomez,NA,2123,ENG,0.5,2200,16.98,0.61,17
2024-12-28,Tim Kett,Sebastian Skalski,NA,1804,ENG,1,2202,17.88,0.9,18
2024-12-28,Tim Kett,Tom Shepherd,NA,2043,ENG,0.5,2197,18.59,0.71,18.5
2024-12-29,Tim Kett,Robert M Ashworth,NA,1960,ENG,1,2202,19.39,0.8,19.5
2024-12-30,Tim Kett,Stephen P Dilleigh,NA,2049,ENG,1,2207,20.09,0.7,20.5
2024-12-30,Tim Kett,Oliver Stubbs,NA,2252,ENG,0.5,2209,20.51,0.42,21
2024-07-05,Tom Brown,Paul Chantrell,NA,1861,ENG,1,2192,0.87,0.87,1
2024-07-05,Tom Brown,Harry Grieve,NA,2521,ENG,0,2189,1,0.13,1
2024-07-06,Tom Brown,Duncan MacDonald,e1 duncan macdonald,2007,E1,1,2194,1.74,0.74,2
2024-07-07,Tom Brown,Peter K Wells,NA,2432,ENG,0.5,2200,1.94,0.2,2.5
2024-07-07,Tom Brown,Mei-En Emmanuelle Hng,NA,2207,ENG,0.5,2201,2.41,0.47,3
2024-07-08,Tom Brown,Joe Fathallah,e1 joe fathallah,2011,E1,1,2206,3.15,0.74,4
2024-07-09,Tom Brown,Boris Chatalbashev,NA,2483,FIDE,0,2203,3.31,0.16,4
2024-07-09,Tom Brown,Petr Marusenko,NA,2109,ENG,0,2191,3.92,0.61,4
2024-07-10,Tom Brown,Emma Kong,e1 emma kong,1761,E1,1,2193,4.82,0.9,5
2024-07-29,Tom Brown,Alejandro Millan del Rio,NA,1744,FIDE,1,2195,5.72,0.9,6
2024-07-30,Tom Brown,Jorge Caballero Ortin,NA,1829,FIDE,1,2197,6.61,0.89,7
2024-07-30,Tom Brown,Wilver Vargas Rodriguez,NA,2278,FIDE,0,2189,6.98,0.37,7
2024-07-31,Tom Brown,Guy Wagner,e1 guy wagner,1904,E1,1,2193,7.82,0.84,8
2024-08-01,Tom Brown,Alberto Vela Frago,NA,2331,FIDE,1,2207,8.13,0.31,9
2024-08-01,Tom Brown,Marcelo Panelo,NA,2373,FIDE,0,2201,8.39,0.26,9
2024-08-02,Tom Brown,Miguel Suarez Alvarez,NA,1953,FIDE,1,2206,9.19,0.8,10
2024-08-03,Tom Brown,Graciela Redondo Arguelles,NA,1987,FIDE,0.5,2200,9.95,0.76,10.5
2024-08-16,Tom Brown,Dylan Wastney,NA,1985,ENG,1,2205,10.71,0.76,11.5
2024-08-17,Tom Brown,Dillan Duke,NA,2125,ENG,0,2193,11.3,0.59,11.5
2024-08-17,Tom Brown,Adam May,w1 adam may,1955,W1,1,2197,12.09,0.79,12.5
2024-08-18,Tom Brown,Daniel Gomez,NA,2124,ENG,0,2185,12.68,0.59,12.5
2024-08-18,Tom Brown,Stephen J Meek,NA,2105,ENG,1,2193,13.3,0.62,13.5
2024-08-25,Tom Brown,Daniel Rivera,NA,2255,FIDE,0.5,2195,13.71,0.41,14
2024-08-25,Tom Brown,Alfredo Alonso Perez,NA,1904,FIDE,1,2198,14.55,0.84,15
2024-08-26,Tom Brown,Alejandro Uzcategui Rodriguez,NA,2321,FIDE,0.5,2202,14.87,0.32,15.5
2024-08-27,Tom Brown,Willyam Espinoza Palomino,NA,2332,FIDE,0,2196,15.18,0.31,15.5
2024-08-28,Tom Brown,Carlos Jose Martinez Rojas,NA,1984,FIDE,0,2180,15.94,0.76,15.5
2024-08-29,Tom Brown,George Zhao,NA,2126,ENG,0,2169,16.53,0.59,15.5
2024-08-30,Tom Brown,Kyllian Diaz Reyes,NA,2012,FIDE,1,2174,17.26,0.73,16.5
2024-09-04,Tom Brown,Joe Fathallah,e1 joe fathallah,2011,E1,0,2159,18,0.74,16.5
2024-09-14,Tom Brown,Mike Gale,e1 mike gale,1787,E1,1,2161,18.9,0.9,17.5
2024-09-14,Tom Brown,Chris Dixon,g1 chris dixon,1815,G1,1,2163,19.8,0.9,18.5
2024-09-14,Tom Brown,George Turner,e1 george turner,1924,E1,1,2167,20.62,0.82,19.5
2024-09-15,Tom Brown,Luke Anthony Honey,NA,2069,ENG,1,2174,21.29,0.67,20.5
2024-09-15,Tom Brown,Chris R Beaumont,NA,2176,ENG,0,2163,21.81,0.52,20.5
2024-09-25,Tom Brown,George Turner,e1 george turner,1924,E1,0.5,2157,22.63,0.82,21
2024-10-13,Tom Brown,David Perrett,e1 david perrett,1980,E1,1,2161,23.4,0.77,22
2024-10-14,Tom Brown,Gwynfor Rees,e1 gwynfor rees,2027,E1,1,2167,24.12,0.72,23
2024-11-18,Tom Brown,Derek Jones,e1 derek jones,1989,E1,1,2172,24.88,0.76,24
2024-11-20,Tom Brown,Nick Van Noorden,e1 nick van noorden,1900,E1,1,2175,25.72,0.84,25
2024-11-23,Tom Brown,Annmarie Muetsch,NA,2232,ENG,0,2166,26.16,0.44,25
2024-11-24,Tom Brown,Martina Flint,NA,1923,ENG,1,2170,26.98,0.82,26
2024-11-27,Tom Brown,Tim Kett,e1 tim kett,2199,E1,0,2160,27.47,0.49,26
2024-12-10,Tom Brown,Michael Binks,e1 michael binks,1994,E1,0.5,2155,28.22,0.75,26.5
2024-07-02,Peter Varley,Daniel Roos,NA,2311,FIDE,0,2174,0.32,0.32,0
2024-07-03,Peter Varley,Pat Hogan,NA,1906,FIDE,1,2177,1.15,0.83,1
2024-07-04,Peter Varley,Richard Meulders,NA,2154,FIDE,0.5,2176,1.69,0.54,1.5
2024-07-05,Peter Varley,Paul Wallace,NA,2181,FIDE,0,2166,2.19,0.5,1.5
2024-07-09,Peter Varley,Shernaz Kennedy,NA,1784,FIDE,1,2168,3.09,0.9,2.5
2024-07-10,Peter Varley,Yaacov Idesis,NA,1867,FIDE,0.5,2161,3.95,0.86,3
2024-07-11,Peter Varley,Thomas Falk,NA,2022,FIDE,0.5,2157,4.66,0.71,3.5
2024-08-16,Peter Varley,Andy Hill,NA,1993,ENG,1,2162,5.41,0.75,4.5
2024-08-17,Peter Varley,James Tapp,e1 james tapp,2011,E1,0,2147,6.14,0.73,4.5
2024-08-17,Peter Varley,Brent Perrin,NA,1974,ENG,1,2152,6.91,0.77,5.5
2024-08-18,Peter Varley,Junyi Zhang,NA,2038,ENG,1,2158,7.6,0.69,6.5
2024-08-18,Peter Varley,Duke Dillan,NA,2125,ENG,0.5,2157,8.18,0.58,7
2024-09-30,Peter Varley,Peter Kirby,g1 peter kirby,2045,G1,0.5,2153,8.87,0.69,7.5
2024-10-16,Peter Varley,Richard Miles,g1 richard miles,1988,G1,0.5,2148,9.62,0.75,8
2024-11-05,Peter Varley,Jonathan Gilbert,g1 jonathan gilbert,2016,G1,1,2154,10.34,0.72,9
2024-11-27,Peter Varley,Mark Adams,g1 mark adams,2030,G1,1,2159,11.04,0.7,10
2024-09-11,Olivia Smith,Orisia K Robinson,NA,1700,EST,1,2181,0.9,0.9,1
2024-09-12,Olivia Smith,Deysi Cori T.,NA,2366,FIDE,0,2176,1.15,0.25,1
2024-09-14,Olivia Smith,Eszter Sulyok,NA,2080,FIDE,1,2183,1.79,0.64,2
2024-09-15,Olivia Smith,Zuzana Borosova,NA,2205,FIDE,1,2194,2.25,0.46,3
2024-09-16,Olivia Smith,Zenia Corrales Jimenez,NA,2170,FIDE,0,2184,2.76,0.51,3
2024-09-18,Olivia Smith,Arita Strade,NA,1946,FIDE,1,2188,3.55,0.79,4
2024-09-19,Olivia Smith,Valeria Viana,NA,1882,FIDE,1,2191,4.4,0.85,5
2024-09-20,Olivia Smith,Valentina Argote Heredia,NA,2144,FIDE,0.5,2190,4.95,0.55,5.5
2024-09-21,Olivia Smith,Lubuuto Bwalya Mulwale,NA,1852,FIDE,0.5,2182,5.82,0.87,6
2024-10-13,Olivia Smith,Antoine Canonne,NA,1910,FIDE,1,2186,6.64,0.82,7
2024-10-14,Olivia Smith,John D Wager,NA,2022,ENG,1,2192,7.35,0.71,8
2024-10-15,Olivia Smith,Katarzyna Toma,NA,2317,ENG,0.5,2196,7.66,0.31,8.5
2024-10-16,Olivia Smith,Keith Arkell,NA,2468,ENG,1,2212,7.82,0.16,9.5
2024-10-17,Olivia Smith,Philip Giulian,NA,2053,ENG,1,2219,8.49,0.67,10.5
2024-10-18,Olivia Smith,Gunnar Johnsen,NA,2071,FIDE,0.5,2216,9.14,0.65,11
2024-10-19,Olivia Smith,Arita Strade,NA,1949,FIDE,0,2200,9.93,0.79,11
2024-11-29,Olivia Smith,Richard G Pert,NA,2432,ENG,0.5,2206,10.12,0.19,11.5
2024-11-30,Olivia Smith,Tamas Jr Fodor,NA,2559,ENG,0,2204,10.22,0.1,11.5
2024-11-30,Olivia Smith,Jaden Jermy,NA,2171,ENG,1,2214,10.73,0.51,12.5
2024-12-01,Olivia Smith,Vladimir Sergeev Petrov,NA,2349,FIDE,0,2209,11,0.27,12.5
2024-12-02,Olivia Smith,Bjorn Holm Birkisson,NA,2174,FIDE,0.5,2208,11.51,0.51,13
2024-12-03,Olivia Smith,John R Richardson,NA,2368,ENG,0.5,2213,11.76,0.25,13.5
2024-12-05,Olivia Smith,Stanley Badacsonyi,NA,2398,ENG,0,2209,11.98,0.22,13.5
2024-12-06,Olivia Smith,Joel Bird,NA,2108,ENG,1,2217,12.58,0.6,14.5
2024-12-07,Olivia Smith,Cameron Goh,NA,2410,ENG,0.5,2223,12.79,0.21,15
2024-07-02,Sven Zeidler,Christain Grawe,NA,2232,FIDE,1,2180,0.41,0.41,1
2024-07-03,Sven Zeidler,Michael Oratovsky,NA,2417,FIDE,0,2176,0.6,0.19,1
2024-07-05,Sven Zeidler,Victor Plotkin,NA,2264,FIDE,0,2169,0.97,0.37,1
2024-07-06,Sven Zeidler,Ullrich Krause,NA,2171,FIDE,0.5,2169,1.47,0.5,1.5
2024-07-07,Sven Zeidler,Tunde Csonkics,NA,1995,FIDE,0.5,2164,2.2,0.73,2
2024-07-09,Sven Zeidler,Stanislaw Osiecki,NA,1986,FIDE,1,2169,2.94,0.74,3
2024-07-10,Sven Zeidler,Anjelina Belakovskaia,NA,2171,FIDE,1,2179,3.44,0.5,4
2024-07-11,Sven Zeidler,Krishan Jhunjhnwala,NA,2227,FIDE,0.5,2181,3.86,0.42,4.5
2024-07-29,Sven Zeidler,James Wheeler,NA,1899,ENG,0,2165,4.68,0.82,4.5
2024-07-30,Sven Zeidler,Tim Turner,NA,1961,ENG,1,2169,5.45,0.77,5.5
2024-07-31,Sven Zeidler,Joe Kilshaw,NA,2002,ENG,1,2175,6.17,0.72,6.5
2024-08-01,Sven Zeidler,Donald Mason,NA,2123,ENG,1,2184,6.73,0.56,7.5
2024-08-02,Sven Zeidler,Alan Minnican,NA,2124,SCO,0.5,2182,7.29,0.56,8
2024-08-03,Sven Zeidler,Keith Arkell,NA,2469,ENG,0,2179,7.44,0.15,8
2024-08-04,Sven Zeidler,Martin Burrows,NA,2116,ENG,0,2168,8.01,0.57,8
2024-11-09,Sven Zeidler,Harvey Duckers,NA,1990,ENG,1,2173,8.75,0.74,9
2024-11-10,Sven Zeidler,Roger de Coverly,NA,1983,ENG,1,2178,9.49,0.74,10
2024-11-15,Sven Zeidler,Jon Tuson,d1 jon tuson,1796,D1,1,2180,10.38,0.89,11
2024-11-16,Sven Zeidler,George Turner,e1 george turner,1924,E1,1,2184,11.18,0.8,12
2024-11-16,Sven Zeidler,Allan Pleasants,e1 allan pleasants,2126,E1,1,2193,11.74,0.56,13
2024-11-17,Sven Zeidler,Joe Fathallah,e1 joe fathallah,2011,E1,0.5,2189,12.45,0.71,13.5
2024-11-17,Sven Zeidler,Grzegorz Toczek,e1 grzegorz toczek,2337,E1,0.5,2193,12.72,0.27,14
2024-08-09,Jane Richmond,Patrick Damodaran,NA,2085,ENG,0.5,2163,0.61,0.61,0.5
2024-08-10,Jane Richmond,Jonathan Britnell,NA,2107,ENG,1,2171,1.19,0.58,1.5
2024-08-11,Jane Richmond,Martin R Taylor,NA,2408,ENG,0,2167,1.39,0.2,1.5
2024-08-24,Jane Richmond,Johnathan D Bourne,NA,1954,ENG,0.5,2162,2.16,0.77,2
2024-08-25,Jane Richmond,Malcolm R Peacock,NA,2076,ENG,0,2149,2.79,0.63,2
2024-11-08,Jane Richmond,David P Littlejohns,NA,1987,ENG,0.5,2144,3.53,0.74,2.5
2024-11-09,Jane Richmond,Shambavi Hariharan,NA,2008,ENG,1,2150,4.24,0.71,3.5
2024-11-10,Jane Richmond,David Collyer,NA,1942,ENG,0.5,2145,5.02,0.78,4
2024-10-11,Jane Richmond,David Collyer,NA,1921,ENG,0,2129,5.82,0.8,4
2024-10-11,Jane Richmond,Tom Bird,NA,2082,ENG,1,2136,6.44,0.62,5
2024-10-11,Jane Richmond,Philip Tarrant-Edwards,NA,1858,ENG,1,2139,7.29,0.85,6
2024-10-24,Jane Richmond,Nigel J Moyse,NA,2002,ENG,0.5,2135,8.01,0.72,6.5
2024-07-09,Iwan Cave,David Culliford,NA,1746,ENG,1,2164,0.9,0.9,1
2024-07-16,Iwan Cave,Graham Stuart,NA,1858,ENG,1,2167,1.75,0.85,2
2024-07-23,Iwan Cave,Atharva Paibir,NA,1947,IRL,1,2171,2.53,0.78,3
2024-07-23,Iwan Cave,Tianyi Liu,NA,2230,ENG,1,2183,2.93,0.4,4
2024-07-24,Iwan Cave,Aryan Munshi,NA,2080,SCO,0.5,2181,3.55,0.62,4.5
2024-07-24,Iwan Cave,Maksym Larchikov,NA,2274,ENG,0.5,2184,3.89,0.34,5
2024-07-25,Iwan Cave,Rahul Babu,NA,2210,ENG,0,2176,4.32,0.43,5
2024-08-06,Iwan Cave,Philip Tarrant-Edwards,NA,1855,ENG,1,2178,5.17,0.85,6
2024-08-16,Iwan Cave,Brent Perrin,NA,1974,ENG,0,2164,5.92,0.75,6
2024-08-17,Iwan Cave,Ben Brewer,d1 ben brewer,1895,D1,1,2167,6.74,0.82,7
2024-08-17,Iwan Cave,Dave Turner,g1 dave turner,1914,G1,1,2171,7.55,0.81,8
2024-08-18,Iwan Cave,Matthew Gillings,NA,1750,EST,1,2173,8.45,0.9,9
2024-08-18,Iwan Cave,Andy Hill,NA,1993,ENG,0,2158,9.18,0.73,9
2024-08-20,Iwan Cave,Matt Staniforth,e1 matt staniforth,2033,E1,1,2165,9.86,0.68,10
2024-08-22,Iwan Cave,Artem Lutsko,NA,2414,FIDE,1,2181,10.05,0.19,11
2024-08-22,Iwan Cave,Matthew Turner,NA,2470,ENG,0.5,2188,10.2,0.15,11.5
2024-08-23,Iwan Cave,Matthew Wadsworth,NA,2560,ENG,0,2186,10.3,0.1,11.5
2024-08-23,Iwan Cave,Zach Cansdale,NA,2071,ENG,1,2194,10.93,0.63,12.5
2024-08-24,Iwan Cave,Jacob Connor Boswell,NA,2338,ENG,0,2188,11.2,0.27,12.5
2024-08-24,Iwan Cave,Nigel Alldritt,NA,2039,ENG,1,2195,11.87,0.67,13.5
2024-08-25,Iwan Cave,Keatan Patel,NA,1999,ENG,0.5,2191,12.59,0.72,14
2024-08-25,Iwan Cave,Kit Blades,NA,2120,ENG,0.5,2189,13.15,0.56,14.5
2024-08-26,Iwan Cave,Ilia Malinovskii,NA,2052,ENG,0.5,2186,13.8,0.65,15
2024-09-03,Iwan Cave,Philip Tarrant-Edwards,NA,1858,ENG,1,2189,14.65,0.85,16
2024-09-17,Iwan Cave,Matt Staniforth,e1 matt staniforth,2033,E1,0.5,2186,15.33,0.68,16.5
2024-09-24,Iwan Cave,Steven A Jones,NA,2261,ENG,0,2178,15.69,0.36,16.5
2024-10-01,Iwan Cave,Cary Xie,NA,1758,ENG,1,2180,16.59,0.9,17.5
2024-10-07,Iwan Cave,Peter Anderson,NA,2098,ENG,1,2189,17.18,0.59,18.5
2024-10-08,Iwan Cave,Jaimie Wilson,NA,2152,ENG,0.5,2188,17.69,0.51,19
2024-10-15,Iwan Cave,Andrew Mills,NA,1788,ENG,1,2190,18.59,0.9,20
2024-10-22,Iwan Cave,Martin Buckmaster,NA,2017,ENG,1,2196,19.29,0.7,21
2024-11-01,Iwan Cave,Niclas Hordnes,NA,1911,ENG,1,2200,20.1,0.81,22
2024-11-02,Iwan Cave,Rajasekhar Pentakota,NA,1993,ENG,0.5,2196,20.83,0.73,22.5
2024-11-02,Iwan Cave,John Merriman,NA,2325,ENG,0,2190,21.11,0.28,22.5
2024-11-03,Iwan Cave,Thomas Anderson,NA,1923,ENG,1,2194,21.91,0.8,23.5
2024-11-03,Iwan Cave,Yash Watarkar,NA,2018,ENG,0.5,2190,22.61,0.7,24
2024-11-09,Iwan Cave,Jaimie Wilson,NA,2124,ENG,1,2199,23.16,0.55,25
2024-11-10,Iwan Cave,Ben Ogunshola,NA,2195,ENG,0.5,2200,23.61,0.45,25.5
2024-11-12,Iwan Cave,Raivan Huneewooth,NA,2004,ENG,0.5,2196,24.32,0.71,26
2024-11-23,Iwan Cave,Alikhan Menseitov,NA,1827,ENG,1,2198,25.19,0.87,27
2024-11-26,Iwan Cave,Anthony Corkett,NA,2205,ENG,1,2210,25.63,0.44,28
2024-12-17,Iwan Cave,Graham Stuart,NA,1860,ENG,1,2213,26.48,0.85,29
2024-07-27,Calum Salmons,Kenneth Hobson,NA,2286,ENG,0.5,2163,0.33,0.33,0.5
2024-07-28,Calum Salmons,John Merriman,NA,2351,ENG,1,2178,0.58,0.25,1.5
2024-07-29,Calum Salmons,Paul Motwani,NA,2378,ENG,1,2194,0.8,0.22,2.5
2024-07-30,Calum Salmons,Luke J McShane,NA,2681,ENG,0.5,2202,0.9,0.1,3
2024-07-31,Calum Salmons,Michael Adams,NA,2753,ENG,0,2200,1,0.1,3
2024-08-01,Calum Salmons,Andrew J Ledger,NA,2380,ENG,0,2196,1.22,0.22,3
2024-08-02,Calum Salmons,Adam A Taylor,NA,2359,ENG,0,2191,1.46,0.24,3
2024-08-03,Calum Salmons,Callum D Brewer,NA,2260,ENG,1,2204,1.82,0.36,4
2024-08-04,Calum Salmons,Koby Kalavannan,NA,2331,ENG,1,2218,2.09,0.27,5
2024-07-11,Arnost Gibiec,Tomas Kopecky,NA,1959,FIDE,0.5,2127,0.73,0.73,0.5
2024-07-11,Arnost Gibiec,Laurin Haufe,NA,2156,FIDE,0.5,2128,1.2,0.47,1
2024-07-11,Arnost Gibiec,Tomas Bezdek,NA,2035,FIDE,0.5,2125,1.84,0.64,1.5
2024-07-11,Arnost Gibiec,Martin Simet,NA,2156,FIDE,0,2116,2.31,0.47,1.5
2024-07-11,Arnost Gibiec,Thomas RJ Hinks-Edwards,NA,2289,FIDE,0,2110,2.6,0.29,1.5
2024-08-16,Allan Pleasants,Dave Turner,g1 dave turner,1914,G1,1,2131,0.77,0.77,1
2024-08-17,Allan Pleasants,Chris Dixon,g1 chris dixon,1815,G1,1,2133,1.63,0.86,2
2024-08-17,Allan Pleasants,Dillan Duke,NA,2125,ENG,0.5,2133,2.13,0.5,2.5
2024-08-18,Allan Pleasants,Chris R Beaumont,NA,2163,ENG,0,2124,2.58,0.45,2.5
2024-08-18,Allan Pleasants,Joseff Thomas,NA,2039,FIDE,0.5,2122,3.2,0.62,3
2024-09-12,Allan Pleasants,C Bruce Jenks,NA,2101,ENG,0.5,2121,3.74,0.54,3.5
2024-10-17,Allan Pleasants,Geoff Searing,NA,1907,ENG,0.5,2116,4.52,0.78,4
2024-10-20,Allan Pleasants,Stefan Djuric,NA,2204,FIDE,0,2108,4.91,0.39,4
2024-10-21,Allan Pleasants,Daniel Alsina Leal,NA,2474,FIDE,0,2106,5.03,0.12,4
2024-10-22,Allan Pleasants,Jonas Eilenberg,NA,2304,FIDE,0,2100,5.29,0.26,4
2024-10-23,Allan Pleasants,Alex Bullen,e1 alex bullen,2243,E1,1,2113,5.63,0.34,5
2024-10-24,Allan Pleasants,Saad Abobaker Elmi,NA,2382,FIDE,0,2110,5.82,0.19,5
2024-10-24,Allan Pleasants,Yury Garifulin,NA,2101,FIDE,0,2099,6.36,0.54,5
2024-10-24,Allan Pleasants,Ivan Pryvalov,NA,2086,FIDE,0,2088,6.92,0.56,5
2024-11-04,Allan Pleasants,C Bruce Jenks,NA,2082,ENG,0.5,2087,7.48,0.56,5.5
2024-11-15,Allan Pleasants,Julie van Kemenade,n1 julie van kemenade,1797,N1,1,2089,8.35,0.87,6.5
2024-11-16,Allan Pleasants,Roy Thomas,e1 roy thomas,1840,E1,1,2092,9.19,0.84,7.5
2024-11-16,Allan Pleasants,Sven Zeidler,n1 sven zeidler,2168,N1,0,2084,9.63,0.44,7.5
2024-11-17,Allan Pleasants,Adam Musson,w1 adam musson,2039,W1,0,2071,10.25,0.62,7.5
2024-11-17,Allan Pleasants,Zack Wilkins,e1 zack wilkins,1676,E1,0.5,2063,11.15,0.9,8
2024-11-19,Allan Pleasants,John P Weatherlake,NA,2029,ENG,0.5,2061,11.79,0.64,8.5
2024-11-25,Allan Pleasants,Ciprian Stanciu,NA,1969,ENG,1,2066,12.5,0.71,9.5
2024-12-02,Allan Pleasants,C Bruce Jenks,NA,2072,ENG,0,2055,13.08,0.58,9.5
2024-12-18,Allan Pleasants,Fernando Felicio,NA,1955,ENG,1,2060,13.81,0.73,10.5
2024-07-05,Hugo Fowler,Gareth Richards,e1 gareth richards,1574,E1,1,2118,0.9,0.9,1
2024-07-05,Hugo Fowler,Indy Southcott-Moyers,NA,2272,ENG,0,2112,1.19,0.29,1
2024-07-07,Hugo Fowler,Roy Thomas,e1 roy thomas,1840,E1,1,2116,2.02,0.83,2
2024-07-07,Hugo Fowler,Alan M Byron,NA,2114,ENG,0.5,2116,2.52,0.5,2.5
2024-07-08,Hugo Fowler,Michael Binks,e1 michael binks,1994,E1,0.5,2112,3.19,0.67,3
2024-07-09,Hugo Fowler,Peter K Wells,NA,2432,ENG,0,2109,3.33,0.14,3
2024-07-09,Hugo Fowler,Alex Bullen,e1 alex bullen,2243,E1,0.5,2113,3.65,0.32,3.5
2024-07-10,Hugo Fowler,Oliver Stubbs,NA,2261,ENG,0.5,2117,3.95,0.3,4
2024-10-13,Hugo Fowler,Alex Bullen,e1 alex bullen,2243,E1,0,2110,4.27,0.32,4
2024-09-10,Charles F Morris,Gareth Ellis,n1 gareth ellis,1935,N1,0.5,2097,0.72,0.72,0.5
2024-10-01,Charles F Morris,John Carleton,NA,2101,ENG,1,2107,1.22,0.5,1.5
2024-10-15,Charles F Morris,John Zlosnik,n1 john zlosnik,1753,N1,1,2109,2.1,0.88,2.5
2024-10-22,Charles F Morris,Denys Podcherniaev,n1 denys podcherniaev,1875,N1,1,2113,2.89,0.79,3.5
2024-11-05,Charles F Morris,Paul Sadler,n1 paul sadler,1720,N1,1,2115,3.79,0.9,4.5
2024-11-12,Charles F Morris,John Harvey,NA,1918,ENG,1,2120,4.53,0.74,5.5
2024-11-26,Charles F Morris,Jeff Smith,NA,2089,ENG,0.5,2120,5.05,0.52,6
2024-12-03,Charles F Morris,Dorde Markovic,NA,1821,ENG,1,2123,5.88,0.83,7
2024-12-10,Charles F Morris,John Carleton,NA,2075,ENG,0.5,2123,6.42,0.54,7.5
2024-11-25,David J James,Marek Mazek,NA,2101,ENG,0.5,2090,0.48,0.48,0.5
2024-11-23,Alex Freeland,Colin Purdon,NA,2048,ENG,1,2096,0.56,0.56,1
2024-11-24,Alex Freeland,Daniel J Lea,NA,2169,ENG,1,2108,0.94,0.38,2
2024-11-29,Alex Freeland,Ketevan E Arakhamia-Grant,NA,2304,ENG,0.5,2114,1.16,0.22,2.5
2024-11-30,Alex Freeland,Jonah B Willow,NA,2470,ENG,0,2112,1.26,0.1,2.5
2024-11-30,Alex Freeland,Marcel Marentini,NA,2102,FIDE,0.5,2112,1.74,0.48,3
2024-12-01,Alex Freeland,Ieysaa Bin-Suhayl,NA,2312,ENG,0,2108,1.95,0.21,3
2024-12-02,Alex Freeland,Andrew M Stone,NA,2150,ENG,0,2100,2.36,0.41,3
2024-12-03,Alex Freeland,Zain Patel,NA,2162,ENG,1,2112,2.75,0.39,4
2024-12-05,Alex Freeland,Kendrick Botong Zhang,NA,1975,ENG,0.5,2109,3.41,0.66,4.5
2024-12-06,Alex Freeland,Bjorn Holm Birkisson,NA,1923,ENG,0,2094,4.13,0.72,4.5
2024-12-12,Alex Freeland,Paul Velten,NA,2501,FIDE,0,2092,4.23,0.1,4.5
2024-12-13,Alex Freeland,Levon Manukyan,NA,1881,FIDE,1,2097,5,0.77,5.5
2024-12-14,Alex Freeland,Goyal Aryan,NA,1737,FIDE,0.5,2089,5.88,0.88,6
2024-12-15,Alex Freeland,Daniel Kristoferitsch,NA,2287,FIDE,0,2085,6.12,0.24,6
2024-12-18,Alex Freeland,Nathan Filgueiras,NA,2328,FIDE,0.5,2091,6.32,0.2,6.5
2024-12-19,Alex Freeland,Josep Lacasa Diaz,NA,2324,FIDE,0,2086,6.52,0.2,6.5
2024-12-20,Alex Freeland,Carsten Schmitt,NA,1976,FIDE,0.5,2083,7.17,0.65,7
2024-12-21,Alex Freeland,Dr Bergit Bartel,NA,1892,FIDE,0.5,2078,7.92,0.75,7.5
2024-12-22,Alex Freeland,Pascal Roques,NA,1827,FIDE,1,2082,8.74,0.82,8.5
2024-09-05,Gareth Yeo,Joshua McKenna,e1 joshua mckenna,1926,E1,1,2093,0.72,0.72,1
2024-10-01,Gareth Yeo,Andrew Di-Vetta,e1 andrew di-vetta,1830,E1,0.5,2086,1.53,0.81,1.5
2024-10-07,Gareth Yeo,Roy Thomas,e1 roy thomas,1840,E1,1,2090,2.34,0.81,2.5
2024-10-14,Gareth Yeo,Reginald Mba,e1 reginald mba,1968,E1,0,2077,3,0.66,2.5
2024-10-29,Gareth Yeo,Kam Choo Yin,e1 kam choo yin,1823,E1,1,2081,3.82,0.82,3.5
2024-11-11,Gareth Yeo,Georgi Korovski,e1 georgi korovski,1919,E1,0,2066,4.54,0.72,3.5
2024-11-27,Gareth Yeo,Joe Fathallah,e1 joe fathallah,2011,E1,1,2074,5.15,0.61,4.5
2024-12-09,Gareth Yeo,Peter Quinn,e1 peter quinn,1843,E1,1,2078,5.95,0.8,5.5
2024-09-05,Pete Heaven,Gwynfor Rees,e1 gwynfor rees,2027,E1,0.5,2082,0.58,0.58,0.5
2024-09-19,Pete Heaven,Michael Binks,e1 michael binks,1994,E1,0.5,2080,1.21,0.63,1
2024-10-03,Pete Heaven,Bence Szakmany,e1 bence szakmany,1947,E1,1,2086,1.9,0.69,2
2024-10-09,Pete Heaven,George Turner,e1 george turner,1924,E1,1,2092,2.62,0.72,3
2024-10-13,Pete Heaven,Roy Thomas,e1 roy thomas,1840,E1,0.5,2086,3.42,0.8,3.5
2024-10-17,Pete Heaven,Joe Fathallah,e1 joe fathallah,2011,E1,1,2094,4.02,0.6,4.5
2024-11-14,Pete Heaven,Daniel Wilmot,e1 daniel wilmot,1968,E1,1,2100,4.68,0.66,5.5
2024-11-23,Pete Heaven,Abigail Riis Weersing,NA,2130,ENG,1,2112,5.11,0.43,6.5
2024-11-24,Pete Heaven,Seth Woozeer,NA,1894,ENG,0.5,2107,5.86,0.75,7
2024-11-27,Pete Heaven,Reginald Mba,e1 reginald mba,1968,E1,1,2114,6.52,0.66,8
2024-07-05,Ifan Rathbone-Jones,Mckenzie Archibald,w1 mckenzie archibald,1707,W1,1,2080,0.89,0.89,1
2024-07-06,Ifan Rathbone-Jones,Indy Southcott-Moyers,NA,2272,ENG,1,2095,1.14,0.25,2
2024-07-07,Ifan Rathbone-Jones,Jose Fernando Cuenca Jimenez,NA,2479,FIDE,0,2093,1.24,0.1,2
2024-07-07,Ifan Rathbone-Jones,Oliver Stubbs,NA,2261,ENG,1,2108,1.5,0.26,3
2024-07-08,Ifan Rathbone-Jones,Grzegorz Toczek,e1 grzegorz toczek,2337,E1,0,2104,1.68,0.18,3
2024-07-09,Ifan Rathbone-Jones,Mei-En Emmanuelle Hng,NA,2192,ENG,0,2098,2.02,0.34,3
2024-07-09,Ifan Rathbone-Jones,Alexander Hertog,NA,2017,ENG,0,2086,2.61,0.59,3
2024-07-10,Ifan Rathbone-Jones,Mark Waterfield,NA,1950,ENG,1,2092,3.29,0.68,4
2024-07-27,Ifan Rathbone-Jones,Jonathan Pein,NA,2342,ENG,1,2109,3.47,0.18,5
2024-07-28,Ifan Rathbone-Jones,Alan Merry,NA,2480,ENG,0,2107,3.57,0.1,5
2024-07-29,Ifan Rathbone-Jones,Luoke Wang,NA,1977,ENG,1,2114,4.21,0.64,6
2024-07-29,Ifan Rathbone-Jones,Elmira Mirzoeva,NA,2288,ENG,0.5,2119,4.44,0.23,6.5
2024-07-30,Ifan Rathbone-Jones,Dylan Wastney,NA,1981,ENG,1,2127,5.08,0.64,7.5
2024-07-30,Ifan Rathbone-Jones,Koby Kalavannan,NA,2335,ENG,1,2143,5.27,0.19,8.5
2024-07-31,Ifan Rathbone-Jones,Zachary Patton,NA,1911,SCO,0,2128,5.99,0.72,8.5
2024-07-31,Ifan Rathbone-Jones,Lawrence Trent,NA,2416,FIDE,0,2126,6.12,0.13,8.5
2024-08-01,Ifan Rathbone-Jones,Daniel Sullivan,NA,2070,ENG,1,2136,6.63,0.51,9.5
2024-08-01,Ifan Rathbone-Jones,Andrew Lewis,NA,2350,ENG,0.5,2142,6.8,0.17,10
2024-08-02,Ifan Rathbone-Jones,Jamie Mollison,NA,1963,ENG,1,2149,7.46,0.66,11
2024-08-02,Ifan Rathbone-Jones,Thomas Villiers,NA,2238,ENG,0,2143,7.74,0.28,11
2024-08-03,Ifan Rathbone-Jones,Louis Cheng,NA,1959,ENG,1,2150,8.4,0.66,12
2024-08-03,Ifan Rathbone-Jones,Bodhana Sivanandan,NA,2126,ENG,0,2141,8.83,0.43,12
2024-08-04,Ifan Rathbone-Jones,Kenneth Hobson,NA,2286,ENG,1,2157,9.06,0.23,13
2024-08-22,Ifan Rathbone-Jones,Mark Hebden,NA,2436,ENG,0.5,2164,9.17,0.11,13.5
2024-08-22,Ifan Rathbone-Jones,Matthew Wadsworth,NA,2560,ENG,0,2162,9.27,0.1,13.5
2024-08-23,Ifan Rathbone-Jones,Matthew O'Donnell,NA,2191,ENG,1,2176,9.61,0.34,14.5
2024-08-24,Ifan Rathbone-Jones,Nicolas Skettos,NA,1985,FIDE,0.5,2173,10.24,0.63,15
2024-08-24,Ifan Rathbone-Jones,Sathya Vaidyanathan,NA,1923,ENG,1,2179,10.95,0.71,16
2024-08-25,Ifan Rathbone-Jones,Dashiell Shaw,NA,2198,ENG,1,2192,11.28,0.33,17
2024-08-25,Ifan Rathbone-Jones,Artem Lutsko,NA,2414,FIDE,0,2190,11.41,0.13,17
2024-08-26,Ifan Rathbone-Jones,Iuri Shkuro,NA,2566,FIDE,0.5,2198,11.51,0.1,17.5
2024-09-14,Ifan Rathbone-Jones,Sam Jukes,e1 sam jukes,1993,E1,0,2185,12.13,0.62,17.5
2024-09-14,Ifan Rathbone-Jones,Steve Williams (Cwm),g1 steve williams (cwm),1698,G1,1,2187,13.03,0.9,18.5
2024-09-15,Ifan Rathbone-Jones,Peter Quinn,e1 peter quinn,1843,E1,1,2191,13.82,0.79,19.5
2024-09-15,Ifan Rathbone-Jones,Haroon Majeed,NA,2005,ENG,1,2199,14.42,0.6,20.5
2024-10-13,Ifan Rathbone-Jones,Bence Szakmany,e1 bence szakmany,1947,E1,1,2206,15.1,0.68,21.5
2024-10-21,Ifan Rathbone-Jones,Ethan McGrath,e1 ethan mcgrath,1750,E1,1,2208,15.97,0.87,22.5
2024-11-09,Ifan Rathbone-Jones,Oliver Gill,NA,2216,ENG,0.5,2212,16.28,0.31,23
2024-11-10,Ifan Rathbone-Jones,Michael Truran,NA,2129,ENG,1,2223,16.71,0.43,24
2024-12-14,Ifan Rathbone-Jones,Kajus Mikalajunas,NA,2195,ENG,1,2237,17.05,0.34,25
2024-12-14,Ifan Rathbone-Jones,Koby Kalavannan,NA,2369,ENG,0.5,2244,17.21,0.16,25.5
2024-12-14,Ifan Rathbone-Jones,Henrik Stepanyan,NA,2240,ENG,0.5,2248,17.49,0.28,26
2024-12-15,Ifan Rathbone-Jones,Trisha Kanyamarala,NA,2296,ENG,1,2263,17.71,0.22,27
2024-12-15,Ifan Rathbone-Jones,Ioan Rees,e1 ioan rees,2341,E1,0.5,2270,17.89,0.18,27.5
2024-09-05,Ivan De La Cruz,Bence Szakmany,e1 bence szakmany,1947,E1,1,2060,0.65,0.65,1
2024-09-11,Ivan De La Cruz,Dave McGhee,e1 dave mcghee,1896,E1,0.5,2056,1.36,0.71,1.5
2024-09-25,Ivan De La Cruz,Joe Fathallah,e1 joe fathallah,2011,E1,0.5,2055,1.92,0.56,2
2024-10-02,Ivan De La Cruz,James Tapp,e1 james tapp,2011,E1,0,2043,2.48,0.56,2
2024-10-16,Ivan De La Cruz,Derek Jones,e1 derek jones,1989,E1,1,2052,3.07,0.59,3
2024-11-06,Ivan De La Cruz,Reginald Mba,e1 reginald mba,1968,E1,1,2059,3.69,0.62,4
2024-11-11,Ivan De La Cruz,Gwynfor Rees,e1 gwynfor rees,2027,E1,1,2068,4.23,0.54,5
2024-11-13,Ivan De La Cruz,Miltos Zoumekas,e1 miltos zoumekas,1700,E1,1,2071,5.11,0.88,6
2024-11-20,Ivan De La Cruz,Joe Fathallah,e1 joe fathallah,2011,E1,1,2080,5.67,0.56,7
2024-11-27,Ivan De La Cruz,James Tapp,e1 james tapp,2011,E1,1,2088,6.23,0.56,8
2024-12-04,Ivan De La Cruz,Anezka Vlkova,e1 anezka vlkova,1955,E1,1,2096,6.87,0.64,9
2024-12-12,Ivan De La Cruz,Tim Kett,e1 tim kett,2199,E1,1,2110,7.17,0.3,10
2024-07-02,John Fletcher,Nikolay A Legky,NA,2330,FIDE,0,2047,0.17,0.17,0
2024-07-03,John Fletcher,Joe Noone,NA,1898,IRL,1,2053,0.88,0.71,1
2024-07-04,John Fletcher,Jan Rooze,NA,2222,FIDE,0,2047,1.15,0.27,1
2024-07-05,John Fletcher,Pete Morriss,NA,1949,IRL,0,2034,1.79,0.64,1
2024-07-06,John Fletcher,Alastair F White,NA,2104,SCO,1,2046,2.21,0.42,2
2024-07-07,John Fletcher,Julie Anne O'Neill,NA,1794,FIDE,1,2050,3.02,0.81,3
2024-07-08,John Fletcher,Meir Reem,NA,1866,FIDE,1,2055,3.76,0.74,4
2024-07-09,John Fletcher,Edmund Lomer,NA,1943,FIDE,1,2062,4.41,0.65,5
2024-08-16,John Fletcher,Julie van Kemenade,n1 julie van kemenade,1797,N1,1,2066,5.22,0.81,6
2024-08-17,John Fletcher,William Phillips,g1 william phillips,1874,G1,1,2071,5.95,0.73,7
2024-08-17,John Fletcher,Lee Davis,e1 lee davis,2008,E1,0.5,2070,6.51,0.56,7.5
2024-08-18,John Fletcher,Peter Quinn,e1 peter quinn,1843,E1,0.5,2064,7.28,0.77,8
2024-08-18,John Fletcher,Roy Thomas,e1 roy thomas,1840,E1,0,2049,8.05,0.77,8
2024-10-14,John Fletcher,Jonathan P Nelson,NA,2171,ENG,0.5,2052,8.38,0.33,8.5
2024-10-21,John Fletcher,Michael R Handley,NA,2090,ENG,0.5,2053,8.82,0.44,9
2024-11-09,John Fletcher,Timothy J Chapman,NA,1826,ENG,1,2058,9.6,0.78,10
2024-11-10,John Fletcher,Meet Shah,NA,1974,ENG,1,2066,10.21,0.61,11
2024-11-25,John Fletcher,Paul Fletcher,NA,1975,ENG,1,2073,10.82,0.61,12
2024-12-09,John Fletcher,Daniel Sullivan,NA,2073,ENG,1,2084,11.29,0.47,13
2024-12-19,John Fletcher,Martin Pettinger,NA,2029,ENG,0,2073,11.82,0.53,13
2024-08-16,Alan Young,Dave McGhee,e1 dave mcghee,1896,E1,0.5,2043,0.7,0.7,0.5
2024-08-17,Alan Young,Kimberly Chong,e1 kimberly chong,1797,E1,1,2047,1.51,0.81,1.5
2024-09-18,Alan Young,Chris Daniel,w1 chris daniel,1752,W1,0.5,2040,2.36,0.85,2
2024-09-30,Alan Young,Richard Cleveland,w1 richard cleveland,2045,W1,1,2050,2.86,0.5,3
2024-10-20,Alan Young,Vasilios Kotronias,NA,2427,FIDE,0,2048,2.96,0.1,3
2024-10-21,Alan Young,Harry Li,NA,2296,ENG,0,2044,3.15,0.19,3
2024-10-22,Alan Young,Karim Abed,NA,1997,FIDE,0,2032,3.72,0.57,3
2024-10-23,Alan Young,Joe Fathallah,e1 joe fathallah,2011,E1,0.5,2031,4.27,0.55,3.5
2024-10-24,Alan Young,William Alexander Olsen,NA,2145,FIDE,0,2024,4.63,0.36,3.5
2024-10-25,Alan Young,Jovana Eric,NA,2159,FIDE,0,2017,4.97,0.34,3.5
2024-10-26,Alan Young,Ilgar Halafov,NA,1989,FIDE,0,2006,5.55,0.58,3.5
2024-11-06,Alan Young,Matteo Favoni,w1 matteo favoni,2019,W1,0,1995,6.09,0.54,3.5
2024-11-15,Alan Young,Lysa Brooks,w1 lysa brooks,1800,W1,1,1999,6.9,0.81,4.5
2024-11-16,Alan Young,Rudy Van Kemenade,n1 rudy van kemenade,1922,N1,0.5,1995,7.57,0.67,5
2024-11-17,Alan Young,Zack Wilkins,e1 zack wilkins,1676,E1,1,1997,8.46,0.89,6
2024-11-17,Alan Young,James Tapp,e1 james tapp,2011,E1,1,2006,9.01,0.55,7
2024-11-27,Alan Young,Bob Moore,w1 bob moore,1937,W1,1,2013,9.66,0.65,8
2024-12-04,Alan Young,Malcolm Probert,w1 malcolm probert,1700,W1,1,2016,10.54,0.88,9
2024-09-09,Richard Cleveland,John Arnold,w1 john arnold,1716,W1,1,2048,0.87,0.87,1
2024-09-25,Richard Cleveland,David Guy,w1 david guy,1853,W1,0.5,2043,1.62,0.75,1.5
2024-09-30,Richard Cleveland,Alan Young,w1 alan young,2047,W1,0,2033,2.12,0.5,1.5
2024-10-28,Richard Cleveland,Jonathan Thomas,w1 jonathan thomas,1882,W1,1,2038,2.84,0.72,2.5
2024-07-03,Peter Kirby,Jaroslaw Rogowski,NA,2149,FIDE,0.5,2048,0.35,0.35,0.5
2024-07-04,Peter Kirby,Darcy Lima,NA,2393,FIDE,0,2046,0.47,0.12,0.5
2024-07-05,Peter Kirby,Grzegorz Slabek,NA,1962,FIDE,0.5,2043,1.09,0.62,1
2024-07-06,Peter Kirby,William Hulme,NA,1941,FIDE,0.5,2040,1.74,0.65,1.5
2024-07-07,Peter Kirby,Stephen J Homer,NA,2019,FIDE,0.5,2040,2.28,0.54,2
2024-07-09,Peter Kirby,Krishnan Jhunjhnuwala,NA,2227,FIDE,0.5,2044,2.54,0.26,2.5
2024-07-10,Peter Kirby,Marc Mertens,NA,2146,FIDE,0.5,2047,2.9,0.36,3
2024-07-11,Peter Kirby,Sylvia Wolf,NA,1992,FIDE,0.5,2046,3.48,0.58,3.5
2024-08-31,Peter Kirby,Clive A Walley,NA,1923,ENG,1,2052,4.15,0.67,4.5
2024-09-01,Peter Kirby,Gabriel Jones,NA,1783,ENG,0.5,2046,4.97,0.82,5
2024-09-02,Peter Kirby,Keith Arkell,NA,2471,ENG,0.5,2054,5.07,0.1,5.5
2024-09-03,Peter Kirby,Stephen P Dilleigh,NA,2053,ENG,0.5,2054,5.56,0.49,6
2024-09-04,Peter Kirby,Chris W Baker,NA,2227,ENG,0,2049,5.82,0.26,6
2024-09-05,Peter Kirby,Alan W Busey,NA,1990,ENG,0.5,2047,6.4,0.58,6.5
2024-09-06,Peter Kirby,Alan M Brown,NA,2008,ENG,0.5,2046,6.95,0.55,7
2024-09-17,Peter Kirby,Jonathan Gilbert,g1 jonathan gilbert,2016,G1,0.5,2045,7.49,0.54,7.5
2024-09-30,Peter Kirby,Peter Varley,g1 peter varley,2180,G1,0.5,2049,7.8,0.31,8
2024-09-16,Peter Kirby,Matthew Wilson,NA,1957,ENG,1,2057,8.42,0.62,9
2024-09-19,Peter Kirby,Oliver Stubbs,NA,2277,ENG,0.5,2063,8.63,0.21,9.5
2024-09-26,Peter Kirby,Rob J Cannell,NA,2282,ENG,0,2058,8.83,0.2,9.5
2024-10-13,Peter Kirby,Arita Strade,NA,1949,FIDE,0.5,2056,9.46,0.63,10
2024-10-14,Peter Kirby,Jean Marceil,NA,1862,FIDE,1,2061,10.2,0.74,11
2024-10-15,Peter Kirby,Hafsteinn Agustsson,NA,1763,FIDE,0.5,2054,11.04,0.84,11.5
2024-10-16,Peter Kirby,Antoine Canonne,NA,1910,FIDE,1,2061,11.73,0.69,12.5
2024-10-17,Peter Kirby,Katarzyna Toma,NA,2165,FIDE,0.5,2064,12.06,0.33,13
2024-10-18,Peter Kirby,John D Wager,NA,2022,ENG,1,2073,12.59,0.53,14
2024-10-19,Peter Kirby,Gunnar Johnsen,NA,2071,FIDE,0.5,2074,13.05,0.46,14.5
2024-10-30,Peter Kirby,Douglas Spencer,g1 douglas spencer,1984,G1,0.5,2072,13.64,0.59,15
2024-10-01,Peter Kirby,Colin Davis,NA,2112,ENG,0.5,2074,14.04,0.4,15.5
2024-10-29,Peter Kirby,David Buckley,NA,2262,ENG,0,2070,14.26,0.22,15.5
2024-10-24,Peter Kirby,Duncan Dicks,NA,2038,ENG,0.5,2069,14.77,0.51,16
2024-11-11,Peter Kirby,Richard Miles,g1 richard miles,1988,G1,0.5,2068,15.35,0.58,16.5
2024-11-25,Peter Kirby,Jonathan Gilbert,g1 jonathan gilbert,2016,G1,0.5,2067,15.89,0.54,17
2024-11-07,Peter Kirby,Ian A Robson,NA,2199,ENG,0,2061,16.18,0.29,17
2024-11-18,Peter Kirby,Duncan D Grossett,NA,2017,ENG,0.5,2060,16.72,0.54,17.5
2024-11-19,Peter Kirby,Paul R Masters,NA,2080,ENG,1,2071,17.17,0.45,18.5
2024-11-26,Peter Kirby,Martin J White,NA,1936,ENG,0,2058,17.82,0.65,18.5
2024-12-04,Peter Kirby,Andrew Horton,NA,2482,ENG,0,2056,17.92,0.1,18.5
2024-12-10,Peter Kirby,Haroon Majeed,NA,2146,ENG,0.5,2059,18.28,0.36,19
2024-09-05,Adam Musson,Alex Bullen,e1 alex bullen,2243,E1,1,2054,0.24,0.24,1
2024-09-09,Adam Musson,Chris Daniel,w1 chris daniel,1752,W1,1,2057,1.08,0.84,2
2024-09-18,Adam Musson,Nick Van Noorden,e1 nick van noorden,1900,E1,0,2044,1.77,0.69,2
2024-09-19,Adam Musson,David Robinson,e1 david robinson,1910,E1,0,2030,2.45,0.68,2
2024-09-25,Adam Musson,Mark Thomas,w1 mark thomas,1949,W1,0,2018,3.08,0.63,2
2024-09-30,Adam Musson,Jason Garcia,w1 jason garcia,2038,W1,0,2008,3.58,0.5,2
2024-10-03,Adam Musson,Tim Kett,e1 tim kett,2199,E1,0.5,2012,3.86,0.28,2.5
2024-10-08,Adam Musson,Michael Binks,e1 michael binks,1994,E1,1,2021,4.42,0.56,3.5
2024-10-14,Adam Musson,Adam Woodruff,w1 adam woodruff,1959,W1,0,2008,5.03,0.61,3.5
2024-10-28,Adam Musson,Steve Smith,w1 steve smith,1925,W1,0,1995,5.69,0.66,3.5
2024-10-29,Adam Musson,Jonathan Gilbert,g1 jonathan gilbert,2016,G1,0.5,1995,6.22,0.53,4
2024-11-07,Adam Musson,Sam Jukes,e1 sam jukes,1993,E1,0,1983,6.79,0.57,4
2024-11-15,Adam Musson,Tom Bennett,e1 tom bennett,1795,E1,1,1987,7.59,0.8,5
2024-11-16,Adam Musson,Peter Bevan,w1 peter bevan,1907,W1,1,1994,8.27,0.68,6
2024-11-16,Adam Musson,Grzegorz Toczek,e1 grzegorz toczek,2337,E1,0.5,2000,8.42,0.15,6.5
2024-11-17,Adam Musson,Allan Pleasants,e1 allan pleasants,2126,E1,1,2013,8.8,0.38,7.5
2024-11-17,Adam Musson,Joe Fathallah,e1 joe fathallah,2011,E1,0,2002,9.34,0.54,7.5
2024-11-20,Adam Musson,James Tapp,e1 james tapp,2011,E1,0.5,2001,9.88,0.54,8
2024-12-09,Adam Musson,Andrew Thomas,w1 andrew thomas,1883,W1,1,2007,10.59,0.71,9
2024-12-11,Adam Musson,Matthew Davies,e1 matthew davies,1944,E1,1,2014,11.22,0.63,10
2024-08-16,Jason Garcia,Matthew Gillings,NA,1750,Est,0,2021,0.84,0.84,0
2024-08-17,Jason Garcia,Jon Tuson,d1 jon tuson,1796,D1,0,2005,1.64,0.8,0
2024-09-09,Jason Garcia,Ian Eustis,w1 ian eustis,1829,W1,1,2010,2.41,0.77,1
2024-09-30,Jason Garcia,Adam Musson,w1 adam musson,2039,W1,1,2020,2.91,0.5,2
2024-10-20,Jason Garcia,Dejan Tasev,NA,2188,FIDE,1,2034,3.21,0.3,3
2024-10-21,Jason Garcia,Nathaniel Adrian Yi-Xing Zhu,NA,1943,Est,1,2041,3.84,0.63,4
2024-10-22,Jason Garcia,Kristian Dimitrijeski,NA,2155,FIDE,0,2034,4.18,0.34,4
2024-10-23,Jason Garcia,Zack Wilkins,e1 zack wilkins,1676,E1,1,2037,5.07,0.89,5
2024-10-24,Jason Garcia,Tormod Carlin,NA,1814,FIDE,1,2041,5.85,0.78,6
2024-10-25,Jason Garcia,Milan Zutic,NA,1977,FIDE,0.5,2039,6.44,0.59,6.5
2024-10-26,Jason Garcia,Dans Vijups,NA,1857,FIDE,1,2044,7.18,0.74,7.5
2024-11-06,Jason Garcia,Donovan Sipho,w1 donovan sipho,1814,W1,1,2049,7.96,0.78,8.5
2024-11-27,Jason Garcia,Adam Woodruff,w1 adam woodruff,1959,W1,1,2057,8.57,0.61,9.5
2024-08-24,William Hewitt,Pablo Luis Aguado Doncel,NA,2274,FIDE,0,2034,0.2,0.2,0
2024-08-25,William Hewitt,Daniel Mamani Beltran,NA,2061,FIDE,0.5,2035,0.67,0.47,0.5
2024-08-25,William Hewitt,Fabian Brinkmann,NA,2200,FIDE,0,2029,0.95,0.28,0.5
2024-08-26,William Hewitt,Oliver Kraus,NA,1964,FIDE,0.5,2027,1.55,0.6,1
2024-08-27,William Hewitt,Francisco Piqueras Guardiola,NA,2119,FIDE,0,2019,1.94,0.39,1
2024-08-28,William Hewitt,Daniel Martin Ramos,NA,2101,FIDE,1,2031,2.35,0.41,2
2024-08-29,William Hewitt,Jonas David Martin Hernandez,NA,1914,FIDE,1,2037,3.02,0.67,3
2024-08-30,William Hewitt,Qixiang Han,NA,2127,ENG,0,2030,3.39,0.37,3
2024-09-09,William Hewitt,Peter Bevan,w1 peter bevan,1907,W1,1,2036,4.07,0.68,4
2024-09-30,William Hewitt,Andrew Gibbons,w1 andrew gibbons,1967,W1,0.5,2034,4.67,0.6,4.5
2024-10-13,William Hewitt,Gareth Harding,e1 gareth harding,1776,E1,1,2038,5.49,0.82,5.5
2024-12-04,William Hewitt,John Arnold,w1 john arnold,1716,W1,1,2041,6.35,0.86,6.5
2024-10-15,Robert G Clark,Gary Slegg,n1 gary slegg,1737,N1,1,2036,0.85,0.85,1
2024-10-22,Robert G Clark,Gary Fox,n1 gary fox,1803,N1,1,2040,1.64,0.79,2
2024-11-26,Robert G Clark,John Carleton,NA,2078,ENG,0.5,2042,2.08,0.44,2.5
2024-12-03,Robert G Clark,Piotr Siwy,NA,1809,ENG,1,2046,2.86,0.78,3.5
2024-08-06,Matt Staniforth,Keith DF Gregory,NA,2042,ENG,1,2043,0.49,0.49,1
2024-08-20,Matt Staniforth,Iwan Cave,n1 iwan cave,2162,N1,0,2037,0.81,0.32,1
2024-09-17,Matt Staniforth,Iwan Cave,n1 iwan cave,2162,N1,0.5,2040,1.13,0.32,1.5
2024-09-24,Matt Staniforth,James Chilton,NA,1898,ENG,1,2047,1.82,0.69,2.5
2024-07-02,Matt Staniforth,Robert Sims,NA,1698,ENG,1,2049,2.69,0.87,3.5
2024-10-08,Matt Staniforth,Ian P Judd,NA,1848,ENG,0,2034,3.43,0.74,3.5
2024-10-15,Matt Staniforth,Theo Horne,NA,1752,ENG,0.5,2028,4.26,0.83,4
2024-10-29,Matt Staniforth,Christian Westbrook,NA,1799,ENG,0,2012,5.05,0.79,4
2024-11-12,Matt Staniforth,Daniel Goodlad,NA,1873,ENG,0,1997,5.77,0.72,4
2024-11-19,Matt Staniforth,Frazer Burlinson,NA,1648,ENG,1,1999,6.67,0.9,5
2024-11-26,Matt Staniforth,Keith DF Gregory,NA,2009,ENG,0.5,1999,7.2,0.53,5.5
2024-07-02,Mark Adams,Thomas Pieper,NA,2129,FIDE,0.5,2033,0.36,0.36,0.5
2024-07-03,Mark Adams,Alexander Kaspi,NA,2365,FIDE,0,2030,0.49,0.13,0.5
2024-07-04,Mark Adams,Andrzej Kawula,NA,1854,FIDE,0.5,2026,1.22,0.73,1
2024-07-06,Mark Adams,Christoph Staeblein,NA,1991,FIDE,0,2014,1.78,0.56,1
2024-07-07,Mark Adams,Etelka Csom,NA,1859,FIDE,0.5,2010,2.51,0.73,1.5
2024-07-09,Mark Adams,Pawel Flis,NA,1980,FIDE,0,1998,3.08,0.57,1.5
2024-07-10,Mark Adams,Olga Sagalchik,NA,2128,FIDE,0.5,2001,3.44,0.36,2
2024-07-11,Mark Adams,Ramesh Jhunjhnuwala,NA,2050,FIDE,0.5,2002,3.91,0.47,2.5
2024-08-16,Mark Adams,Gary Slegg,n1 gary slegg,1737,N1,0.5,1995,4.75,0.84,3
2024-08-17,Mark Adams,Tim Kett,e1 tim kett,2199,E1,0,1989,5.02,0.27,3
2024-08-18,Mark Adams,Paul Hatchett,e1 paul hatchett,2012,E1,0,1979,5.55,0.53,3
2024-08-18,Mark Adams,Steve Horrell,g1 steve horrell,1851,G1,1,1984,6.29,0.74,4
2024-09-18,Mark Adams,Leslie Blohm,g1 leslie blohm,1962,G1,0.5,1982,6.89,0.6,4.5
2024-10-02,Mark Adams,Lee Davis,e1 lee davis,2008,E1,0.5,1982,7.42,0.53,5
2024-10-30,Mark Adams,Richard Miles,g1 richard miles,1988,G1,0.5,1980,7.98,0.56,5.5
2024-11-09,Mark Adams,Scott Leadbetter,NA,1782,ENG,1,1984,8.79,0.81,6.5
2024-11-10,Mark Adams,Arjun Pyda,NA,1933,ENG,0.5,1982,9.43,0.64,7
2024-11-27,Mark Adams,Peter Varley,g1 peter varley,2180,G1,0,1976,9.73,0.3,7
2024-12-11,Mark Adams,Lee Davis,e1 lee davis,2008,E1,0.5,1975,10.26,0.53,7.5
2024-10-07,Jonathan James,Ken Hannah,e1 ken hannah,1774,E1,0.5,2021,0.81,0.81,0.5
2024-10-24,Jonathan James,Liam Penny,e1 liam penny,1856,E1,1,2026,1.54,0.73,1.5
2024-10-29,Jonathan James,Micah O'Toole,e1 micah o'toole,1774,E1,0.5,2020,2.35,0.81,2
2024-11-18,Jonathan James,Justin Morgans,e1 justin morgans,1806,E1,1,2024,3.13,0.78,3
2024-12-09,Jonathan James,Dwain Jones,e1 dwain jones,1720,E1,1,2027,3.98,0.85,4
2024-09-05,Gwynfor Rees,Pete Heaven,e1 pete heaven,2084,E1,0.5,2029,0.42,0.42,0.5
2024-10-01,Gwynfor Rees,David Robinson,e1 david robinson,1910,E1,1,2035,1.08,0.66,1.5
2024-10-07,Gwynfor Rees,Daniel Wilmot,e1 daniel wilmot,1968,E1,1,2044,1.66,0.58,2.5
2024-10-14,Gwynfor Rees,Tom Brown,e1 tom brown,2189,E1,0,2038,1.94,0.28,2.5
2024-10-29,Gwynfor Rees,Alun Smith,e1 alun smith,1834,E1,1,2043,2.69,0.75,3.5
2024-11-11,Gwynfor Rees,Ivan De La Cruz,e1 ivan de la cruz,2053,E1,0,2034,3.15,0.46,3.5
2024-11-27,Gwynfor Rees,Sam Jukes,e1 sam jukes,1993,E1,0,2023,3.7,0.55,3.5
2024-12-09,Gwynfor Rees,Emma Kong,e1 emma kong,1761,E1,0.5,2016,4.52,0.82,4
2024-08-16,Luis Sanchez,Weidan Huang,NA,1811,ENG,1,2030,0.77,0.77,1
2024-08-17,Luis Sanchez,Yang-Fan Zhou,NA,2472,ENG,0,2028,0.87,0.1,1
2024-08-17,Luis Sanchez,Peter Kobryn,NA,1955,ENG,0.5,2026,1.47,0.6,1.5
2024-08-18,Luis Sanchez,Shambavi Hariharan,NA,1973,ENG,0.5,2024,2.04,0.57,2
2024-08-18,Luis Sanchez,Mahin Rughani,NA,1978,ENG,0.5,2023,2.61,0.57,2.5
2024-09-06,Luis Sanchez,David J Spence,NA,2332,ENG,0,2020,2.76,0.15,2.5
2024-09-07,Luis Sanchez,Raymond J Ilett,NA,1934,ENG,1,2027,3.39,0.63,3.5
2024-09-07,Luis Sanchez,Samuel A Milson,NA,2210,ENG,0,2022,3.65,0.26,3.5
2024-09-08,Luis Sanchez,Anastasios Nezis,NA,1869,ENG,1,2028,4.36,0.71,4.5
2024-09-08,Luis Sanchez,Alex Royle,NA,2065,ENG,0,2019,4.8,0.44,4.5
2024-11-01,Luis Sanchez,Narayan Ishir,NA,1898,ENG,1,2026,5.48,0.68,5.5
2024-11-02,Luis Sanchez,Haralambos Tsakiris,NA,2158,FIDE,0,2019,5.8,0.32,5.5
2024-11-02,Luis Sanchez,Justin Berger,NA,2039,FIDE,0,2010,6.28,0.48,5.5
2024-11-03,Luis Sanchez,Alec Hedger,NA,2091,ENG,0.5,2011,6.69,0.41,6
2024-11-03,Luis Sanchez,Gautam R Jain,NA,2172,ENG,0.5,2015,6.99,0.3,6.5
2024-11-10,Luis Sanchez,Gary Kenworthy,NA,2088,ENG,0.5,2017,7.4,0.41,7
2024-11-29,Luis Sanchez,Levi Dror,NA,1713,FIDE,0.5,2010,8.26,0.86,7.5
2024-11-30,Luis Sanchez,Swati Singha,NA,1791,ENG,1,2014,9.05,0.79,8.5
2024-11-30,Luis Sanchez,Advik Saxena,NA,1743,ENG,1,2018,9.89,0.84,9.5
2024-12-01,Luis Sanchez,Paul Heaton,NA,2161,ENG,0,2011,10.2,0.31,9.5
2024-12-02,Luis Sanchez,Michael Ridge,NA,1986,ENG,0.5,2010,10.76,0.56,10
2024-12-03,Luis Sanchez,Ishir Narayan,NA,1955,ENG,0,1998,11.36,0.6,10
2024-11-09,Luis Sanchez,Aashita Roychowdhury,NA,1784,ENG,1,2002,12.16,0.8,11
2024-11-06,Matteo Favoni,Alan Young,w1 alan young,2047,W1,1,2030,0.46,0.46,1
2024-11-19,Matteo Favoni,Steve Smith,w1 steve smith,1925,W1,1,2037,1.09,0.63,2
2024-12-03,Matteo Favoni,Vismith Prabhu,w1 vismith prabhu,1703,W1,1,2040,1.95,0.86,3
2024-09-05,Jonathan Gilbert,Tim Kett,e1 tim kett,2199,E1,0.5,2021,0.26,0.26,0.5
2024-09-17,Jonathan Gilbert,Peter Kirby,g1 peter kirby,2045,G1,0.5,2022,0.72,0.46,1
2024-10-01,Jonathan Gilbert,Michael Binks,e1 michael binks,1994,E1,1,2031,1.25,0.53,2
2024-10-02,Jonathan Gilbert,David Llewellyn,e1 david llewellyn,1940,E1,1,2039,1.86,0.61,3
2024-10-07,Jonathan Gilbert,Derek Jones,e1 derek jones,1989,E1,0.5,2038,2.4,0.54,3.5
2024-10-14,Jonathan Gilbert,Guy Wagner,e1 guy wagner,1904,E1,0.5,2035,3.06,0.66,4
2024-10-15,Jonathan Gilbert,Lee Davis,e1 lee davis,2008,E1,0.5,2035,3.57,0.51,4.5
2024-10-29,Jonathan Gilbert,Adam Musson,w1 adam musson,2039,W1,0.5,2035,4.04,0.47,5
2024-11-05,Jonathan Gilbert,Peter Varley,g1 peter varley,2180,G1,0,2030,4.32,0.28,5
2024-11-11,Jonathan Gilbert,Matthew Davies,e1 matthew davies,1944,E1,1,2038,4.92,0.6,6
2024-11-19,Jonathan Gilbert,David Vaughan,g1 david vaughan,1934,G1,0.5,2035,5.54,0.62,6.5
2024-11-25,Jonathan Gilbert,Peter Kirby,g1 peter kirby,2045,G1,0.5,2036,6,0.46,7
2024-11-27,Jonathan Gilbert,Jake Hurley,e1 jake hurley,1923,E1,0.5,2034,6.63,0.63,7.5
2024-12-09,Jonathan Gilbert,Nick Van Noorden,e1 nick van noorden,1900,E1,1,2040,7.29,0.66,8.5
2024-12-17,Jonathan Gilbert,David Llewellyn,e1 david llewellyn,1940,E1,0.5,2038,7.9,0.61,9
2024-08-16,Paul Hatchett,Steve Horrell,g1 steve horrell,1851,G1,1,2018,0.72,0.72,1
2024-08-17,Paul Hatchett,Gary Slegg,n1 gary slegg,1737,N1,1,2021,1.55,0.83,2
2024-08-17,Paul Hatchett,Tim Kett,e1 tim kett,2199,E1,0,2016,1.8,0.25,2
2024-08-18,Paul Hatchett,Mark Adams,g1 mark adams,2030,G1,1,2027,2.27,0.47,3
2024-09-14,Paul Hatchett,Joshua McKenna,e1 joshua mckenna,1926,E1,1,2034,2.89,0.62,4
2024-09-14,Paul Hatchett,Joshua Richards,w1 joshua richards,1762,W1,1,2038,3.7,0.81,5
2024-09-14,Paul Hatchett,Luke Anthony Honey,NA,2069,ENG,0,2030,4.12,0.42,5
2024-09-15,Paul Hatchett,Dale Westcott,w1 dale westcott,1824,W1,0.5,2025,4.87,0.75,5.5
2024-09-15,Paul Hatchett,Yaroslav Sharhorodsky,d1 yaroslav sharhorodsky,1830,D1,1,2030,5.61,0.74,6.5
2024-10-24,Paul Hatchett,Stuart Walter,NA,1762,ENG,1,2034,6.42,0.81,7.5
2024-10-29,Paul Hatchett,Andrew Robbings,NA,1962,ENG,0.5,2032,6.99,0.57,8
2024-11-02,Paul Hatchett,Fenella Headlong,NA,1865,ENG,1,2038,7.69,0.7,9
2024-11-02,Paul Hatchett,Anthony Weir,NA,1948,ENG,1,2046,8.28,0.59,10
2024-11-02,Paul Hatchett,Nick C Jones,NA,2092,ENG,0,2039,8.67,0.39,10
2024-11-03,Paul Hatchett,Duncan Reith,NA,1938,ENG,1,2047,9.27,0.6,11
2024-11-03,Paul Hatchett,Reya Li,NA,1923,ENG,1,2054,9.9,0.63,12
2024-11-23,Paul Hatchett,Alannah Ashton,NA,2060,ENG,0,2045,10.33,0.43,12
2024-11-24,Paul Hatchett,Nathaniel Holroyd-Doveton,NA,1843,ENG,0.5,2041,11.06,0.73,12.5
2024-12-12,Paul Hatchett,William Burt,NA,1995,ENG,1,2050,11.58,0.52,13.5
2024-07-05,Joe Fathallah,Emma Kong,e1 emma kong,1761,E1,1,2015,0.81,0.81,1
2024-07-05,Joe Fathallah,Alex Golding,NA,2348,ENG,0,2012,0.94,0.13,1
2024-07-06,Joe Fathallah,Joshua Richards,w1 joshua richards,1762,W1,1,2016,1.75,0.81,2
2024-07-07,Joe Fathallah,Jack Rudd,NA,2324,ENG,0,2013,1.89,0.14,2
2024-07-07,Joe Fathallah,Bob Hurn,e1 bob hurn,1731,E1,1,2017,2.72,0.83,3
2024-07-08,Joe Fathallah,Tom Brown,e1 tom brown,2189,E1,0,2011,2.98,0.26,3
2024-07-09,Joe Fathallah,Mark B Waterfield,NA,1950,ENG,0.5,2010,3.57,0.59,3.5
2024-07-09,Joe Fathallah,David Robinson,e1 david robinson,1910,E1,0.5,2007,4.21,0.64,4
2024-07-10,Joe Fathallah,Jack Hannigan,e1 jack hannigan,1650,E1,1,2009,5.1,0.89,5
2024-08-16,Joe Fathallah,Kandara Acharya,NA,1894,ENG,1,2016,5.76,0.66,6
2024-08-17,Joe Fathallah,Chris R Beaumont,NA,2163,ENG,0,2010,6.05,0.29,6
2024-08-17,Joe Fathallah,Jon Tuson,d1 jon tuson,1796,D1,0,1994,6.83,0.78,6
2024-08-18,Joe Fathallah,Bence Szakmany,e1 bence szakmany,1947,E1,1,2003,7.42,0.59,7
2024-08-18,Joe Fathallah,Ben Brewer,d1 ben brewer,1895,D1,1,2009,8.08,0.66,8
2024-09-04,Joe Fathallah,Tom Brown,e1 tom brown,2189,E1,1,2024,8.34,0.26,9
2024-09-11,Joe Fathallah,Sam Jukes,e1 sam jukes,1993,E1,0,2014,8.87,0.53,9
2024-09-14,Joe Fathallah,Joseph Browse,e1 joseph browse,1827,E1,1,2019,9.61,0.74,10
2024-09-14,Joe Fathallah,Jack Hannigan,e1 jack hannigan,1650,E1,1,2021,10.5,0.89,11
2024-09-14,Joe Fathallah,Haroon Majeed,NA,2005,ENG,1,2031,11.01,0.51,12
2024-09-18,Joe Fathallah,Georgi Korovski,e1 georgi korovski,1919,E1,1,2038,11.64,0.63,13
2024-09-25,Joe Fathallah,Ivan De La Cruz,e1 ivan de la cruz,2053,E1,0.5,2039,12.08,0.44,13.5
2024-10-02,Joe Fathallah,Emma Kong,e1 emma kong,1761,E1,1,2043,12.89,0.81,14.5
2024-10-09,Joe Fathallah,Alex Bullen,e1 alex bullen,2243,E1,0,2039,13.1,0.21,14.5
2024-10-13,Joe Fathallah,Alun Smith,e1 alun smith,1834,E1,1,2044,13.83,0.73,15.5
2024-10-17,Joe Fathallah,Pete Heaven,e1 pete heaven,2084,E1,0,2036,14.23,0.4,15.5
2024-10-21,Joe Fathallah,Callum D Brewer,NA,2225,ENG,0.5,2042,14.46,0.23,16
2024-10-22,Joe Fathallah,Colin Menzies,NA,2200,ENG,0,2037,14.71,0.25,16
2024-10-23,Joe Fathallah,Alan Young,w1 alan young,2047,W1,0.5,2038,15.16,0.45,16.5
2024-10-24,Joe Fathallah,Ilgar Halafov,NA,1989,FIDE,0.5,2037,15.69,0.53,17
2024-10-25,Joe Fathallah,Risto Nevanlinna,NA,2182,FIDE,0,2032,15.96,0.27,17
2024-10-26,Joe Fathallah,Vladimir Nesic,NA,1970,FIDE,1,2041,16.52,0.56,18
2024-10-30,Joe Fathallah,Michael Binks,e1 michael binks,1994,E1,0,2030,17.04,0.52,18
2024-11-06,Joe Fathallah,Hamid Farani Sani,e1 hamid farani sani,1600,E1,1,2032,17.94,0.9,19
2024-11-13,Joe Fathallah,Ieuan Bevan Jones,e1 ieuan bevan jones,1600,E1,1,2034,18.84,0.9,20
2024-11-15,Joe Fathallah,Joshua Richards,w1 joshua richards,1762,W1,1,2038,19.65,0.81,21
2024-11-16,Joe Fathallah,Zack Wilkins,e1 zack wilkins,1676,E1,1,2041,20.52,0.87,22
2024-11-16,Joe Fathallah,Duncan Williams,w1 duncan williams,1898,W1,1,2047,21.18,0.66,23
2024-11-17,Joe Fathallah,Sven Zeidler,n1 sven zeidler,2168,N1,0.5,2052,21.47,0.29,23.5
2024-11-17,Joe Fathallah,Adam Musson,w1 adam musson,2039,W1,1,2062,21.93,0.46,24.5
2024-11-20,Joe Fathallah,Ivan De La Cruz,e1 ivan de la cruz,2053,E1,0,2054,22.37,0.44,24.5
2024-11-27,Joe Fathallah,Gareth Yeo,e1 gareth yeo,2087,E1,0,2046,22.76,0.39,24.5
2024-12-11,Joe Fathallah,Dave McGhee,e1 dave mcghee,1896,E1,1,2053,23.42,0.66,25.5
2024-12-19,Joe Fathallah,James Tapp,e1 james tapp,2011,E1,0,2043,23.92,0.5,25.5
2024-07-06,James Tapp,Rune Llewellyn,e1 rune llewellyn,1536,E1,1,2013,0.9,0.9,1
2024-07-07,James Tapp,Jacob Connor Boswell,NA,2324,ENG,0,2010,1.04,0.14,1
2024-07-07,James Tapp,Emma Kong,e1 emma kong,1761,E1,0.5,2004,1.85,0.81,1.5
2024-07-08,James Tapp,Alexander Hertog,NA,2017,ENG,0.5,2004,2.34,0.49,2
2024-07-09,James Tapp,Malcolm Probert,w1 malcolm probert,1700,W1,1,2007,3.2,0.86,3
2024-07-09,James Tapp,Jacco Heij,NA,1960,FIDE,0,1996,3.77,0.57,3
2024-07-10,James Tapp,Paul Chantrell,NA,1861,ENG,0.5,1992,4.47,0.7,3.5
2024-08-16,James Tapp,Junyan Hu,NA,1851,ENG,1,1997,5.19,0.72,4.5
2024-08-17,James Tapp,Peter Varley,g1 peter varley,2180,G1,1,2012,5.46,0.27,5.5
2024-08-17,James Tapp,Sheng Liang Bernard Chan,NA,2179,ENG,0,2006,5.74,0.28,5.5
2024-08-18,James Tapp,Colin J Davis,NA,2115,ENG,0,1999,6.09,0.35,5.5
2024-08-18,James Tapp,Jon Tuson,d1 jon tuson,1796,D1,1,2004,6.87,0.78,6.5
2024-09-11,James Tapp,Derek Jones,e1 derek jones,1989,E1,0.5,2003,7.4,0.53,7
2024-09-14,James Tapp,Vismith Prabhu,w1 vismith prabhu,1703,W1,1,2006,8.25,0.85,8
2024-09-14,James Tapp,Steve Jones,e1 steve jones,1784,E1,1,2010,9.04,0.79,9
2024-09-14,James Tapp,Bence Szakmany,e1 bence szakmany,1947,E1,0.5,2008,9.63,0.59,9.5
2024-09-15,James Tapp,John McGregor,e1 john mcgregor,1890,E1,1,2015,10.3,0.67,10.5
2024-09-15,James Tapp,George Turner,e1 george turner,1924,E1,0.5,2013,10.92,0.62,11
2024-09-18,James Tapp,Miltos Zoumekas,e1 miltos zoumekas,1700,E1,1,2015,11.78,0.86,12
2024-10-02,James Tapp,Ivan De La Cruz,e1 ivan de la cruz,2053,E1,1,2027,12.22,0.44,13
2024-10-09,James Tapp,Tim Kett,e1 tim kett,2199,E1,0.5,2032,12.47,0.25,13.5
2024-10-16,James Tapp,Peter Quinn,e1 peter quinn,1843,E1,1,2037,13.19,0.72,14.5
2024-10-23,James Tapp,Anezka Vlkova,e1 anezka vlkova,1955,E1,1,2045,13.77,0.58,15.5
2024-10-30,James Tapp,Georgi Korovski,e1 georgi korovski,1919,E1,1,2053,14.4,0.63,16.5
2024-11-13,James Tapp,Emma Kong,e1 emma kong,1761,E1,1,2057,15.21,0.81,17.5
2024-11-16,James Tapp,Emma Kong,e1 emma kong,1761,E1,1,2061,16.02,0.81,18.5
2024-11-16,James Tapp,Alexis Harakis,d1 alexis harakis,2297,D1,1,2077,16.18,0.16,19.5
2024-11-17,James Tapp,Grzegorz Toczek,e1 grzegorz toczek,2337,E1,0.5,2085,16.31,0.13,20
2024-11-17,James Tapp,Alan Young,w1 alan young,2047,W1,0,2076,16.76,0.45,20
2024-11-20,James Tapp,Adam Musson,w1 adam musson,2039,W1,0.5,2076,17.22,0.46,20.5
2024-11-27,James Tapp,Ivan De La Cruz,e1 ivan de la cruz,2053,E1,0,2068,17.66,0.44,20.5
2024-12-11,James Tapp,Richard Cousins,e1 richard cousins,1600,E1,1,2070,18.56,0.9,21.5
2024-12-19,James Tapp,Joe Fathallah,e1 joe fathallah,2011,E1,1,2080,19.06,0.5,22.5
2024-11-18,Kevin Evans,Sam Jukes,e1 sam jukes,1993,E1,0.5,2010,0.52,0.52,0.5
2024-11-25,Kevin Evans,David Robinson,e1 david robinson,1910,E1,0.5,2007,1.16,0.64,1
2024-01-03,Lee Davis,Chris Tremayne,NA,1803,ENG,1,2013,0.76,0.76,1
2024-01-10,Lee Davis,Kiran A Lappin,NA,1824,ENG,1,2018,1.5,0.74,2
2024-01-17,Lee Davis,Javier Faucher,NA,1875,ENG,1,2024,2.18,0.68,3
2024-01-31,Lee Davis,Edwin Joy,NA,1870,ENG,0.5,2020,2.87,0.69,3.5
2024-02-13,Lee Davis,Richard J Croot,NA,2002,ENG,0,2010,3.38,0.51,3.5
2024-02-21,Lee Davis,Les P Collard,NA,1939,ENG,1,2018,3.98,0.6,4.5
2024-02-28,Lee Davis,Dillan Duke,NA,2083,ENG,0.5,2020,4.37,0.39,5
2024-03-06,Lee Davis,Andy Jenkins,NA,1945,ENG,0.5,2019,4.96,0.59,5.5
2024-03-20,Lee Davis,Chris Tremayne,NA,1809,ENG,1,2023,5.72,0.76,6.5
2024-03-27,Lee Davis,Kieran A Lappin,NA,1834,ENG,1,2029,6.45,0.73,7.5
2024-06-20,Lee Davis,Joe Rastall,NA,1960,ENG,1,2037,7.02,0.57,8.5
2024-07-02,Lee Davis,Ronald Kempter,NA,2204,FIDE,0.5,2043,7.26,0.24,9
2024-07-04,Lee Davis,Grzegorz Slabek,NA,1962,FIDE,0.5,2041,7.83,0.57,9.5
2024-07-05,Lee Davis,David H Cummings,NA,2270,FIDE,0,2038,8.01,0.18,9.5
2024-07-06,Lee Davis,Dirk Lampe,NA,2158,FIDE,0,2032,8.31,0.3,9.5
2024-07-07,Lee Davis,Eva Forgo,NA,2060,FIDE,0.5,2033,8.74,0.43,10
2024-07-08,Lee Davis,Tomasz Sielicki,NA,2017,FIDE,0.5,2033,9.23,0.49,10.5
2024-07-09,Lee Davis,Beatriz Marinello,NA,2109,FIDE,0.5,2036,9.59,0.36,11
2024-07-10,Lee Davis,Naresh Jhunjhnuwala,NA,2009,FIDE,0.5,2036,10.09,0.5,11.5
2024-07-13,Lee Davis,Julie C Wilson,NA,1848,ENG,1,2042,10.81,0.72,12.5
2024-07-13,Lee Davis,Dorin Luca,NA,1920,ENG,1,2050,11.43,0.62,13.5
2024-07-14,Lee Davis,Darren H Whitmore,NA,1917,ENG,0.5,2047,12.06,0.63,14
2024-07-14,Lee Davis,Joseph D Friar,NA,2103,ENG,0.5,2050,12.43,0.37,14.5
2024-07-16,Lee Davis,Joe Rastall,NA,1956,ENG,0,2038,13,0.57,14.5
2024-07-30,Lee Davis,Andy Jenkins,NA,1937,ENG,0,2026,13.6,0.6,14.5
2024-07-31,Lee Davis,Dillan Duke,NA,2135,ENG,0.5,2030,13.92,0.32,15
2024-08-06,Lee Davis,Dillan Duke,NA,2123,ENG,0.5,2033,14.26,0.34,15.5
2024-08-15,Lee Davis,Joe Rastall,NA,1957,ENG,0.5,2031,14.83,0.57,16
2024-08-16,Lee Davis,Bob Hurn,e1 bob hurn,1731,E1,1,2035,15.66,0.83,17
2024-08-17,Lee Davis,Roy Thomas,e1 roy thomas,1840,E1,0.5,2030,16.38,0.72,17.5
2024-08-17,Lee Davis,John Fletcher,e1 john fletcher,2050,E1,0.5,2031,16.82,0.44,18
2024-08-18,Lee Davis,Gwyn Havard,e1 gwyn havard,1855,E1,1,2037,17.53,0.71,19
2024-08-18,Lee Davis,Rudy van Kemenade,n1 rudy van kemenade,1922,N1,0.5,2035,18.15,0.62,19.5
2024-08-29,Lee Davis,Jonathan E Swindells,NA,2248,ENG,0,2031,18.35,0.2,19.5
2024-09-24,Lee Davis,Henry Spedding,NA,1819,ENG,1,2036,19.1,0.75,20.5
2024-10-01,Lee Davis,Roger Aris,NA,1801,ENG,1,2041,19.87,0.77,21.5
2024-10-02,Lee Davis,Mark Adams,g1 mark adams,2030,G1,0.5,2041,20.34,0.47,22
2024-10-04,Lee Davis,Alex P Nicholls,NA,1639,ENG,1,2043,21.23,0.89,23
2024-10-09,Lee Davis,Alexander Adarski,NA,1646,ENG,1,2046,22.12,0.89,24
2024-10-11,Lee Davis,Daniel M Lambourne,NA,2088,ENG,0.5,2048,22.51,0.39,24.5
2024-10-15,Lee Davis,Jonathan Gilbert,g1 jonathan gilbert,2016,G1,0.5,2048,23,0.49,25
2024-10-16,Lee Davis,Jack Clark,NA,1741,ENG,1,2052,23.82,0.82,26
2024-10-20,Lee Davis,Dejan Antic,NA,2347,FIDE,1,2069,23.94,0.12,27
2024-10-21,Lee Davis,Svetlana Sucikova,NA,2168,FIDE,0,2063,24.22,0.28,27
2024-10-22,Lee Davis,Tobias Sith,NA,1978,FIDE,1,2073,24.76,0.54,28
2024-10-23,Lee Davis,Callum Davies,e1 callum davies,1908,E1,1,2080,25.4,0.64,29
2024-10-28,Lee Davis,John A Edge,NA,2043,ENG,1,2091,25.85,0.45,30
2024-11-06,Lee Davis,Leanne Balsdon,NA,1513,ENG,1,2093,26.75,0.9,31
2024-11-08,Lee Davis,John P Wrench,NA,1998,ENG,0.5,2092,27.26,0.51,31.5
2024-11-13,Lee Davis,Aidan Jelf,NA,1696,ENG,1,2095,28.12,0.86,32.5
2024-11-15,Lee Davis,Emma Kong,e1 emma kong,1761,E1,0,2079,28.93,0.81,32.5
2024-11-16,Lee Davis,Vlad Pintea,NA,1740,ENG,0.5,2073,29.75,0.82,33
2024-11-16,Lee Davis,Lysa Brooks,w1 lysa brooks,1800,W1,0.5,2067,30.52,0.77,33.5
2024-11-17,Lee Davis,Tom Bennett,e1 tom bennett,1795,E1,1,2072,31.29,0.77,34.5
2024-11-17,Lee Davis,Dale Westcott,w1 dale westcott,1824,W1,0.5,2067,32.03,0.74,35
2024-11-19,Lee Davis,Nicholas Tweddell,NA,1681,ENG,1,2070,32.9,0.87,36
2024-11-26,Lee Davis,Kieran A Lappin,NA,1842,ENG,1,2075,33.62,0.72,37
2024-11-27,Lee Davis,Richard Miles,g1 richard miles,1988,G1,0.5,2075,34.15,0.53,37.5
2024-11-29,Lee Davis,John P Knee,NA,1848,ENG,1,2080,34.87,0.72,38.5
2024-12-03,Lee Davis,Cassian Powell,NA,1842,ENG,1,2086,35.59,0.72,39.5
2024-12-10,Lee Davis,Chris Tremayne,NA,1816,ENG,1,2091,36.34,0.75,40.5
2024-12-11,Lee Davis,Mark Adams,g1 mark adams,2030,G1,0.5,2091,36.81,0.47,41
2024-12-13,Lee Davis,Ed Osbourn,NA,1990,ENG,0.5,2091,37.34,0.53,41.5
2024-02-14,Lee Davis,Oliver Layton,NA,1832,ENG,1,2096,38.07,0.73,42.5
2024-04-10,Lee Davis,Paul J Barker,NA,1928,ENG,1,2104,38.68,0.61,43.5
2024-04-24,Lee Davis,Javier Faucher,NA,1812,ENG,1,2109,39.44,0.76,44.5
2024-05-01,Lee Davis,Kieran Lappin,NA,1833,ENG,1,2114,40.17,0.73,45.5
2024-05-08,Lee Davis,Les P Collard,NA,1916,ENG,1,2122,40.8,0.63,46.5
2024-06-05,Lee Davis,Paul J Barker,NA,1927,ENG,1,2129,41.41,0.61,47.5
2024-08-07,Lee Davis,Dillan Duke,NA,2123,ENG,0,2123,41.75,0.34,47.5
2024-12-06,Lee Davis,Jonathan E Swindells,NA,2252,ENG,0,2119,41.95,0.2,47.5
2024-10-24,Lee Davis,Amadeus Hestvig Evenshaug,NA,2086,FIDE,0,2111,42.34,0.39,47.5
2024-10-25,Lee Davis,Filip Nestrovic,NA,2037,FIDE,0,2102,42.8,0.46,47.5
2024-10-26,Lee Davis,Geoffrey Stern,NA,1958,FIDE,0.5,2100,43.37,0.57,48
2024-06-13,Patrick Bennett,James Hanlon,NA,1796,ENG,0.5,2002,0.77,0.77,0.5
2024-06-20,Patrick Bennett,John Hicks,NA,1759,ENG,0.5,1995,1.58,0.81,1
2024-09-05,Patrick Bennett,John Ewens,NA,1964,ENG,1,2004,2.14,0.56,2
2024-10-17,Patrick Bennett,Michael Lee,NA,1791,ENG,1,2009,2.92,0.78,3
2024-10-29,Patrick Bennett,David Lambton,NA,1907,ENG,0.5,2006,3.56,0.64,3.5
2024-12-05,Patrick Bennett,Malcolm Roberts,NA,1805,ENG,0.5,2001,4.32,0.76,4
2024-12-12,Patrick Bennett,Michael Hancock,NA,1992,ENG,1,2010,4.84,0.52,5
2024-07-06,Duncan MacDonald,Tom Brown,e1 tom brown,2189,E1,0,2002,0.26,0.26,0
2024-07-07,Duncan MacDonald,Bob Hurn,e1 bob hurn,1731,E1,0,1985,1.09,0.83,0
2024-07-07,Duncan MacDonald,Amaya Agarwal,NA,1729,ENG,0.5,1979,1.92,0.83,0.5
2024-07-08,Duncan MacDonald,Gareth Richards,e1 gareth richards,1574,E1,1,1981,2.82,0.9,1.5
2024-07-09,Duncan MacDonald,McKenzie Archibald,w1 mckenzie archibald,1707,W1,0.5,1974,3.67,0.85,2
2024-07-09,Duncan MacDonald,Malcolm Probert,w1 malcolm probert,1700,W1,1,1976,4.52,0.85,3
2024-07-10,Duncan MacDonald,Alex Bullen,e1 alex bullen,2243,E1,0,1972,4.72,0.2,3
2024-10-27,Duncan MacDonald,Tom Leah,NA,2106,SCO,0,1965,5.08,0.36,3
2024-10-27,Duncan MacDonald,Rithvik Deepak Ambattu,NA,2142,SCO,0.5,1969,5.39,0.31,3.5
2024-11-09,Duncan MacDonald,William McDougal,NA,1986,ENG,1,1978,5.92,0.53,4.5
2024-11-10,Duncan MacDonald,Manel Fernando,NA,1818,ENG,1,1983,6.67,0.75,5.5
2024-11-24,Duncan MacDonald,Andre Babin,NA,2037,SCO,0.5,1984,7.13,0.46,6
2024-11-24,Duncan MacDonald,Suzie G Cooke,NA,2039,SCO,1,1995,7.58,0.45,7
2024-11-27,Duncan MacDonald,Liam Buckley,NA,1504,SCO,1,1997,8.48,0.9,8
2024-12-04,Duncan MacDonald,Bob Lothian,NA,2088,SCO,1,2009,8.87,0.39,9
2024-10-23,John Waterfield,Kevin J Thurlow,NA,2013,ENG,0,1993,0.49,0.49,0
2024-10-30,John Waterfield,Chris S Purry,NA,1893,ENG,1,2000,1.14,0.65,1
2024-11-06,John Waterfield,Emmanuel Wih,NA,1953,ENG,0.5,1999,1.71,0.57,1.5
2024-11-13,John Waterfield,Adam Batson,NA,2022,ENG,0.5,1999,2.18,0.47,2
2024-12-01,John Waterfield,Jack Morgan,NA,1993,ENG,0.5,1999,2.69,0.51,2.5
2024-12-12,John Shakespeare,Matthew Fox,n1 matthew fox,1753,N1,1,2003,0.8,0.8,1
2024-07-05,Michael Binks,Mark Emblem,g1 mark emblem,1572,G1,1,1996,0.9,0.9,1
2024-07-05,Michael Binks,Grzegorz Toczek,e1 grzegorz toczek,2337,E1,0,1994,1.02,0.12,1
2024-07-06,Michael Binks,Cian Ward,NA,2112,ENG,0,1987,1.36,0.34,1
2024-07-07,Michael Binks,Malcolm Probert,w1 malcolm probert,1700,W1,0.5,1980,2.2,0.84,1.5
2024-07-07,Michael Binks,Anay Agarwal,NA,1743,ENG,1,1984,3.01,0.81,2.5
2024-07-08,Michael Binks,Hugo Fowler,g1 hugo fowler,2116,G1,0.5,1987,3.34,0.33,3
2024-07-09,Michael Binks,Jack Hannigan,e1 jack hannigan,1650,E1,1,1990,4.22,0.88,4
2024-07-09,Michael Binks,Rune Llewellyn,e1 rune llewellyn,1536,E1,1,1992,5.12,0.9,5
2024-07-10,Michael Binks,Jose Camacho Collados,e1 jose camacho collados,2448,E1,0,1990,5.22,0.1,5
2024-07-29,Michael Binks,Colin S Procter,NA,1852,ENG,0.5,1986,5.91,0.69,5.5
2024-07-30,Michael Binks,Gabriel Matthews,NA,1913,IRL,1,1993,6.52,0.61,6.5
2024-07-31,Michael Binks,Norman A Hutchinson,NA,1965,ENG,1,2003,7.06,0.54,7.5
2024-08-01,Michael Binks,Geoffrey H James,NA,2040,ENG,0.5,2004,7.49,0.43,8
2024-08-02,Michael Binks,Craig W Pritchett,NA,2186,FIDE,0,1999,7.74,0.25,8
2024-08-03,Michael Binks,Chris JV Bellers,NA,1965,ENG,1,2008,8.28,0.54,9
2024-08-04,Michael Binks,Alan K Punnett,NA,2027,ENG,1,2019,8.73,0.45,10
2024-08-16,Michael Binks,Roy Thomas,e1 roy thomas,1840,E1,0,2005,9.44,0.71,10
2024-08-17,Michael Binks,Bob Hurn,e1 bob hurn,1731,E1,1,2008,10.26,0.82,11
2024-08-17,Michael Binks,Rudy van Kemenade,n1 rudy van kemenade,1922,N1,0,1996,10.86,0.6,11
2024-08-18,Michael Binks,David Morgan,NA,1686,FIDE,0,1979,11.71,0.85,11
2024-08-18,Michael Binks,Steve Williams (Cwm),g1 steve williams (cwm),1698,G1,1,1982,12.56,0.85,12
2024-09-11,Michael Binks,Anezka Vlkova,e1 anezka vlkova,1955,E1,0,1971,13.12,0.56,12
2024-09-19,Michael Binks,Pete Heaven,e1 pete heaven,2084,E1,0.5,1974,13.49,0.37,12.5
2024-10-01,Michael Binks,Jonathan Gilbert,g1 jonathan gilbert,2016,G1,0,1964,13.96,0.47,12.5
2024-10-08,Michael Binks,Adam Musson,w1 adam musson,2039,W1,0,1956,14.4,0.44,12.5
2024-10-30,Michael Binks,Joe Fathallah,e1 joe fathallah,2011,E1,1,1966,14.88,0.48,13.5
2024-11-25,Michael Binks,Daniel Wilmot,e1 daniel wilmot,1968,E1,0,1955,15.42,0.54,13.5
2024-12-04,Michael Binks,Reginald Mba,e1 reginald mba,1968,E1,0.5,1955,15.96,0.54,14
2024-12-10,Michael Binks,Tom Brown,e1 tom brown,2189,E1,0.5,1960,16.21,0.25,14.5
2024-07-05,Sam Jukes,Yichen Han,NA,2434,ENG,0,1991,0.1,0.1,0
2024-07-05,Sam Jukes,Ron Williams,g1 ron williams,1649,G1,1,1993,0.98,0.88,1
2024-07-29,Sam Jukes,Anay Agarwal,NA,1743,ENG,1,1997,1.79,0.81,2
2024-07-30,Sam Jukes,Louis Cheng,NA,2031,SCO,0,1988,2.24,0.45,2
2024-07-31,Sam Jukes,Reya Li,NA,1914,ENG,0,1976,2.85,0.61,2
2024-08-01,Sam Jukes,Amaya Agarwal,NA,1729,ENG,0,1960,3.67,0.82,2
2024-08-02,Sam Jukes,Ali Reza Jaunooby,NA,2192,ENG,1,1975,3.91,0.24,3
2024-07-29,Sam Jukes,Ayan Pradhan,NA,1906,ENG,0.5,1972,4.53,0.62,3.5
2024-07-30,Sam Jukes,Luke Chapman,NA,1884,ENG,1,1979,5.18,0.65,4.5
2024-07-31,Sam Jukes,Shree Rao,NA,1793,ENG,1,1984,5.94,0.76,5.5
2024-08-01,Sam Jukes,Josh Sharma,NA,1942,ENG,1,1993,6.51,0.57,6.5
2024-08-02,Sam Jukes,Advait Keerthi Kumar,NA,1918,ENG,0.5,1991,7.12,0.61,7
2024-08-16,Sam Jukes,Chris R Beaumont,NA,2163,ENG,0,1985,7.39,0.27,7
2024-08-17,Sam Jukes,Joel McBeath,NA,1949,ENG,0,1974,7.95,0.56,7
2024-08-17,Sam Jukes,Junyan Hu,NA,1851,ENG,1,1980,8.64,0.69,8
2024-08-18,Sam Jukes,Dave Turner,g1 dave turner,1914,G1,0.5,1978,9.25,0.61,8.5
2024-08-18,Sam Jukes,Gareth Richards,e1 gareth richards,1574,E1,1,1980,10.15,0.9,9.5
2024-09-04,Sam Jukes,Charles Summers,e1 charles summers,1908,E1,1,1987,10.77,0.62,10.5
2024-09-11,Sam Jukes,Joe Fathallah,e1 joe fathallah,2011,E1,1,1998,11.24,0.47,11.5
2024-09-14,Sam Jukes,Ethan McGrath,e1 ethan mcgrath,1750,E1,0.5,1992,12.04,0.8,12
2024-09-14,Sam Jukes,Ifan Rathbone-Jones,n1 ifan rathbone-jones,2078,N1,1,2004,12.42,0.38,13
2024-09-14,Sam Jukes,Chris R Beaumont,NA,2176,ENG,0,1999,12.68,0.26,13
2024-09-15,Sam Jukes,Vismith Prabhu,w1 vismith prabhu,1703,W1,1,2002,13.52,0.84,14
2024-09-15,Sam Jukes,Dale Westcott,w1 dale westcott,1824,W1,1,2008,14.25,0.73,15
2024-09-18,Sam Jukes,Joshua McKenna,e1 joshua mckenna,1926,E1,1,2016,14.85,0.6,16
2024-09-25,Sam Jukes,Matthew Davies,e1 matthew davies,1944,E1,0,2004,15.42,0.57,16
2024-10-02,Sam Jukes,Neethi Helen,e1 neethi helen,1310,E1,1,2006,16.32,0.9,17
2024-10-09,Sam Jukes,Anezka Vlkova,e1 anezka vlkova,1955,E1,1,2015,16.87,0.55,18
2024-10-13,Sam Jukes,John McGregor,e1 john mcgregor,1890,E1,0.5,2012,17.51,0.64,18.5
2024-10-16,Sam Jukes,Hamid Farani Sani,e1 hamid farani sani,1600,E1,0.5,2004,18.41,0.9,19
2024-10-17,Sam Jukes,Joshua McKenna,e1 joshua mckenna,1926,E1,1,2013,19.01,0.6,20
2024-10-23,Sam Jukes,Miltos Zoumekas,e1 miltos zoumekas,1700,E1,1,2016,19.85,0.84,21
2024-10-30,Sam Jukes,David Robinson,e1 david robinson,1910,E1,0.5,2013,20.47,0.62,21.5
2024-11-06,Sam Jukes,Ieuan Bevan Jones,e1 ieuan bevan jones,1600,E1,1,2015,21.37,0.9,22.5
2024-11-07,Sam Jukes,Adam Musson,w1 adam musson,2039,W1,1,2027,21.8,0.43,23.5
2024-11-09,Sam Jukes,Omowale Nelson,NA,1983,ENG,0,2016,22.31,0.51,23.5
2024-11-10,Sam Jukes,Jeff Wilson,NA,1634,ENG,1,2019,23.2,0.89,24.5
2024-11-16,Sam Jukes,Duncan Williams,w1 duncan williams,1898,W1,0,2006,23.83,0.63,24.5
2024-11-16,Sam Jukes,Ovidiu Pintea,NA,1768,ENG,1,2010,24.62,0.79,25.5
2024-11-17,Sam Jukes,Rudy van Kemenade,n1 rudy van kemenade,1922,N1,1,2018,25.22,0.6,26.5
2024-11-17,Sam Jukes,Adam Woodruff,w1 adam woodruff,1959,W1,0,2007,25.77,0.55,26.5
2024-11-18,Sam Jukes,Kevin Evans,e1 kevin evans,2010,E1,0.5,2008,26.25,0.48,27
2024-11-20,Sam Jukes,Dave McGhee,e1 dave mcghee,1896,E1,0.5,2005,26.89,0.64,27.5
2024-11-27,Sam Jukes,Gwynfor Rees,e1 gwynfor rees,2027,E1,1,2016,27.34,0.45,28.5
2024-12-04,Sam Jukes,Zack Wilkins,e1 zack wilkins,1676,E1,1,2019,28.2,0.86,29.5
2024-12-11,Sam Jukes,Peter Quinn,e1 peter quinn,1843,E1,1,2025,28.9,0.7,30.5
2024-12-19,Sam Jukes,George Turner,e1 george turner,1924,E1,0,2013,29.5,0.6,30.5
2024-08-19,Derek Jones,Sergio Esteves,e1 sergio esteves,1743,E1,1,1993,0.8,0.8,1
2024-09-02,Derek Jones,Dave McGhee,e1 dave mcghee,1896,E1,0,1980,1.43,0.63,1
2024-09-11,Derek Jones,James Tapp,e1 james tapp,2011,E1,0.5,1981,1.9,0.47,1.5
2024-10-07,Derek Jones,Jonathan Gilbert,g1 jonathan gilbert,2016,G1,0.5,1982,2.36,0.46,2
2024-10-13,Derek Jones,Daniel Wilmot,e1 daniel wilmot,1968,E1,0,1971,2.89,0.53,2
2024-10-16,Derek Jones,Ivan De La Cruz,e1 ivan de la cruz,2053,E1,0,1963,3.3,0.41,2
2024-10-21,Derek Jones,Dwain Jones,e1 dwain jones,1720,E1,1,1966,4.12,0.82,3
2024-10-28,Derek Jones,Alex Bullen,e1 alex bullen,2243,E1,0,1963,4.31,0.19,3
2024-11-11,Derek Jones,Oliver Van Helden,e1 oliver van helden,1750,E1,0,1947,5.11,0.8,3
2024-11-14,Derek Jones,Tim Kett,e1 tim kett,2199,E1,0.5,1952,5.34,0.23,3.5
2024-11-18,Derek Jones,Tom Brown,e1 tom brown,2189,E1,0,1947,5.58,0.24,3.5
2024-12-02,Derek Jones,Steve Cunliffe,e1 steve cunliffe,1886,E1,0.5,1944,6.22,0.64,4
2024-10-16,Richard Miles,Peter Varley,g1 peter varley,2180,G1,0.5,1993,0.25,0.25,0.5
2024-10-30,Richard Miles,Mark Adams,g1 mark adams,2030,G1,0.5,1994,0.69,0.44,1
2024-11-11,Richard Miles,Peter Kirby,g1 peter kirby,2045,G1,0.5,1996,1.11,0.42,1.5
2024-11-27,Richard Miles,Lee Davis,e1 lee davis,2008,E1,0.5,1996,1.58,0.47,2
2024-10-30,Douglas Spencer,Peter Kirby,g1 peter kirby,2045,G1,0.5,1986,0.41,0.41,0.5
2024-09-05,David Perrett,John McGregor,e1 john mcgregor,1890,E1,0.5,1977,0.63,0.63,0.5
2024-10-01,David Perrett,Mark Jones,e1 mark jones,1793,E1,0.5,1973,1.38,0.75,1
2024-10-07,David Perrett,Andrew Jeanes,e1 andrew jeanes,1713,E1,1,1976,2.2,0.82,2
2024-10-13,David Perrett,Tom Brown,e1 tom brown,2189,E1,0,1971,2.43,0.23,2
2024-10-14,David Perrett,Kristan Enoch,e1 kristan enoch,1803,E1,0.5,1967,3.16,0.73,2.5
2024-10-29,David Perrett,Govind Anandkumar,e1 govind anandkumar,1719,E1,1,1970,3.98,0.82,3.5
2024-11-10,David Perrett,Ashraf Syed,NA,1761,ENG,1,1975,4.76,0.78,4.5
2024-11-11,David Perrett,Dave McGhee,e1 dave mcghee,1896,E1,0.5,1972,5.38,0.62,5
2024-11-27,David Perrett,Dave McGhee,e1 dave mcghee,1896,E1,0,1960,6,0.62,5
2024-11-09,David Perrett,Matthew McKean,NA,1701,ENG,0.5,1953,6.83,0.83,5.5
2024-07-29,John Trevelyan,David Ronderos Garcia,NA,1580,FIDE,1,1978,0.9,0.9,1
2024-07-30,John Trevelyan,Jesus Martin Duque,NA,2365,FIDE,0,1976,1,0.1,1
2024-07-30,John Trevelyan,Mauro Alvarez Sanchez,NA,1760,FIDE,1,1980,1.78,0.78,2
2024-07-31,John Trevelyan,Adan Alvarez Perez,NA,2152,FIDE,0,1975,2.05,0.27,2
2024-08-01,John Trevelyan,Lucas Arce Cano,NA,1727,FIDE,0.5,1969,2.86,0.81,2.5
2024-08-01,John Trevelyan,Edda Georgina Beltran Ortiz,NA,1764,FIDE,0,1954,3.63,0.77,2.5
2024-08-02,John Trevelyan,Marcos Vallina Menendez,NA,1680,FIDE,0,1937,4.48,0.85,2.5
2024-08-03,John Trevelyan,Daniel Tuero Rodriguez,NA,1573,FIDE,1,1939,5.38,0.9,3.5
2024-11-23,John Trevelyan,Swati Singha,NA,1791,ENG,1,1944,6.12,0.74,4.5
2024-11-24,John Trevelyan,Benjamin Findlay,NA,1701,ENG,1,1947,6.95,0.83,5.5
2024-11-23,Peter Davies,Geoffery R Moore,NA,2071,ENG,0,1966,0.36,0.36,0
2024-11-23,Peter Davies,Andrew Toothill,NA,1948,ENG,0.5,1965,0.9,0.54,0.5
2024-11-23,Peter Davies,Eldars Gulijevs,NA,2075,ENG,0,1958,1.26,0.36,0.5
2024-11-23,Peter Davies,Vinod Fernando,NA,1990,ENG,1,1968,1.74,0.48,1.5
2024-05-05,Elliott MacNeil,Petr Vachtfeidl,NA,1963,ENG,0,1958,0.51,0.51,0
2024-09-17,Elliott MacNeil,Nicholas A Ward,NA,1986,ENG,1,1968,0.98,0.47,1
2024-09-26,Elliott MacNeil,Philip Makepeace,NA,2180,ENG,0,1964,1.21,0.23,1
2024-10-17,Elliott MacNeil,Archie Flavell,NA,1800,ENG,1,1969,1.93,0.72,2
2024-10-24,Elliott MacNeil,Chris Todd,NA,1937,ENG,1,1978,2.47,0.54,3
2024-10-29,Elliott MacNeil,Taha Karim,NA,1799,ENG,0.5,1974,3.2,0.73,3.5
2024-11-07,Elliott MacNeil,Greg Billenness,NA,1942,ENG,1,1983,3.74,0.54,4.5
2024-11-14,Elliott MacNeil,Jonathan Rubeck,NA,1939,ENG,1,1992,4.28,0.54,5.5
2024-11-18,Elliott MacNeil,Robert C Stern,NA,1980,ENG,0.5,1993,4.76,0.48,6
2024-11-25,Elliott MacNeil,Oliver Morley,NA,1892,ENG,1,2001,5.37,0.61,7
2024-11-28,Elliott MacNeil,Graham Keene,NA,2147,ENG,0,1995,5.63,0.26,7
2024-12-03,Elliott MacNeil,J Stuart Robertson,NA,2265,ENG,1,2012,5.78,0.15,8
2024-12-19,Elliott MacNeil,Jake Hurley,e1 jake hurley,1923,E1,1,2021,6.34,0.56,9
2024-11-11,Elliott MacNeil,Colm O'Shea,NA,1911,ENG,0,2009,6.92,0.58,9
2024-10-13,Reginald Mba,Kam Choo Yin,e1 kam choo yin,1823,E1,1,1974,0.7,0.7,1
2024-10-14,Reginald Mba,Gareth Yeo,e1 gareth yeo,2087,E1,1,1987,1.04,0.34,2
2024-11-06,Reginald Mba,Ivan De La Cruz,e1 ivan de la cruz,2053,E1,0,1980,1.42,0.38,2
2024-11-18,Reginald Mba,Daniel Wilmot,e1 daniel wilmot,1968,E1,0,1970,1.92,0.5,2
2024-11-27,Reginald Mba,Pete Heaven,e1 pete heaven,2084,E1,0,1963,2.26,0.34,2
2024-12-04,Reginald Mba,Michael Binks,e1 michael binks,1994,E1,0.5,1964,2.72,0.46,2.5
2024-12-10,Reginald Mba,David Robinson,e1 david robinson,1910,E1,0.5,1962,3.3,0.58,3
2024-07-22,Daniel Wilmot,Gavin Jones,e1 gavin jones,1815,E1,0,1954,0.71,0.71,0
2024-07-29,Daniel Wilmot,John Smart,e1 john smart,1310,E1,1,1956,1.61,0.9,1
2024-08-12,Daniel Wilmot,Robert Wallace,e1 robert wallace,1572,E1,1,1958,2.51,0.9,2
2024-09-02,Daniel Wilmot,Emma Kong,e1 emma kong,1761,E1,1,1963,3.28,0.77,3
2024-09-09,Daniel Wilmot,Mark Chinnick,e1 mark chinnick,1540,E1,1,1965,4.18,0.9,4
2024-09-11,Daniel Wilmot,Kristan Enoch,e1 kristan enoch,1803,E1,0.5,1960,4.9,0.72,4.5
2024-09-23,Daniel Wilmot,Justin Morgans,e1 justin morgans,1806,E1,1,1966,5.62,0.72,5.5
2024-09-30,Daniel Wilmot,Andrew Jeanes,e1 andrew jeanes,1713,E1,1,1969,6.43,0.81,6.5
2024-10-07,Daniel Wilmot,Gwynfor Rees,e1 gwynfor rees,2027,E1,0,1961,6.85,0.42,6.5
2024-10-13,Daniel Wilmot,Derek Jones,e1 derek jones,1989,E1,1,1972,7.32,0.47,7.5
2024-10-14,Daniel Wilmot,Mike Smith,e1 mike smith,1488,E1,1,1974,8.22,0.9,8.5
2024-10-16,Daniel Wilmot,Matthew Davies,e1 matthew davies,1944,E1,0,1963,8.75,0.53,8.5
2024-10-28,Daniel Wilmot,Nick Van Noorden,e1 nick van noorden,1900,E1,1,1971,9.35,0.6,9.5
2024-11-11,Daniel Wilmot,Dan Edwards,e1 dan edwards,1743,E1,0.5,1965,10.14,0.79,10
2024-11-14,Daniel Wilmot,Pete Heaven,e1 pete heaven,2084,E1,0,1959,10.48,0.34,10
2024-11-18,Daniel Wilmot,Reginald Mba,e1 reginald mba,1968,E1,1,1969,10.98,0.5,11
2024-11-25,Daniel Wilmot,Michael Binks,e1 michael binks,1994,E1,1,1979,11.44,0.46,12
2024-12-02,Daniel Wilmot,Ken Hannah,e1 ken hannah,1774,E1,1,1984,12.19,0.75,13
2024-12-12,Daniel Wilmot,Bence Szakmany,e1 bence szakmany,1947,E1,0,1974,12.72,0.53,13
2024-09-09,Andrew Gibbons,Vismith Prabhu,w1 vismith prabhu,1703,W1,0.5,1961,0.82,0.82,0.5
2024-09-25,Andrew Gibbons,John Arnold,w1 john arnold,1716,W1,1,1964,1.63,0.81,1.5
2024-09-30,Andrew Gibbons,William Hewitt,w1 william hewitt,2038,W1,0.5,1966,2.03,0.4,2
2024-10-14,Andrew Gibbons,Duncan Williams,w1 duncan williams,1898,W1,1,1974,2.63,0.6,3
2024-10-28,Andrew Gibbons,Dale Westcott,w1 dale westcott,1824,W1,1,1981,3.32,0.69,4
2024-12-09,Andrew Gibbons,Darson Beeston,w1 darson beeston,1730,W1,0.5,1975,4.12,0.8,4.5
2024-09-09,Ian Jones,Malcolm Probert,w1 malcolm probert,1700,W1,0.5,1957,0.82,0.82,0.5
2024-09-16,Ian Jones,Mark Thomas,w1 mark thomas,1949,W1,0,1946,1.34,0.52,0.5
2024-09-24,Ian Jones,Steve Smith,w1 steve smith,1925,W1,0,1935,1.89,0.55,0.5
2024-09-25,Ian Jones,Vismith Prabhu,w1 vismith prabhu,1703,W1,0.5,1929,2.71,0.82,1
2024-09-30,Ian Jones,Mark Thomas,w1 mark thomas,1949,W1,1,1938,3.23,0.52,2
2024-10-07,Ian Jones,Andrew Thomas,w1 andrew thomas,1883,W1,0.5,1936,3.84,0.61,2.5
2024-10-14,Ian Jones,Ian Eustis,w1 ian eustis,1829,W1,1,1942,4.52,0.68,3.5
2024-10-28,Ian Jones,Andrew Di-Vetta,e1 andrew di-vetta,1830,E1,0.5,1939,5.2,0.68,4
2024-09-18,Leslie Blohm,Mark Adams,g1 mark adams,2030,G1,0.5,1964,0.4,0.4,0.5
2024-09-30,Leslie Blohm,Dave Turner,g1 dave turner,1914,G1,1,1973,0.97,0.57,1.5
2024-11-27,Leslie Blohm,Richard Batey,g1 richard batey,1901,G1,0.5,1971,1.56,0.59,2
2024-08-17,Nigel Saunders,Peter Quinn,e1 peter quinn,1843,E1,0.5,1958,0.66,0.66,0.5
2024-08-17,Nigel Saunders,Julie van Kemenade,n1 julie van kemenade,1797,N1,0,1943,1.38,0.72,0.5
2024-11-27,Nigel Saunders,William Phillips,g1 william phillips,1874,G1,0.5,1941,2,0.62,1
2024-10-14,Adam Woodruff,Adam Musson,w1 adam musson,2039,W1,1,1971,0.39,0.39,1
2024-10-28,Adam Woodruff,Jordan Heatman,w1 jordan heatman,1653,W1,1,1974,1.24,0.85,2
2024-11-16,Adam Woodruff,Ovidiu Pintea,NA,1768,ENG,1,1979,1.99,0.75,3
2024-11-16,Adam Woodruff,Ben Brewer,d1 ben brewer,1895,D1,0.5,1977,2.58,0.59,3.5
2024-11-17,Adam Woodruff,Danylo Shevchenko,e1 danylo shevchenko,1745,E1,1,1982,3.35,0.77,4.5
2024-11-17,Adam Woodruff,Sam Jukes,e1 sam jukes,1993,E1,1,1993,3.8,0.45,5.5
2024-11-27,Adam Woodruff,Jason Garcia,w1 jason garcia,2038,W1,0,1985,4.19,0.39,5.5
2024-12-09,Adam Woodruff,James Harford,w1 james harford,1828,W1,1,1991,4.87,0.68,6.5
2024-08-16,Adam May,Ioanis Lentzos,NA,2186,ENG,0,1951,0.21,0.21,0
2024-08-17,Adam May,Dave Connolly,g1 dave connolly,1715,G1,1,1955,1.01,0.8,1
2024-08-17,Adam May,Tom Brown,e1 tom brown,2189,E1,0,1951,1.22,0.21,1
2024-08-18,Adam May,Joel Mcbeath,NA,1949,ENG,1,1961,1.73,0.51,2
2024-08-18,Adam May,Emma Kong,e1 emma kong,1761,E1,0,1945,2.48,0.75,2
2024-09-09,Adam May,Andrew Smith,w1 andrew smith,1793,W1,0.5,1941,3.2,0.72,2.5
2024-09-18,Adam May,Jonathan Baker,w1 jonathan baker,1612,W1,1,1944,4.08,0.88,3.5
2024-09-30,Adam May,Bob Moore,w1 bob moore,1937,W1,0,1933,4.61,0.53,3.5
2024-10-16,Adam May,Steve Smith,w1 steve smith,1925,W1,0.5,1932,5.15,0.54,4
2024-10-20,Adam May,Predrag Masic,NA,2177,FIDE,0.5,1938,5.37,0.22,4.5
2024-10-21,Adam May,Seth Woozeer,NA,1896,ENG,1,1946,5.95,0.58,5.5
2024-10-22,Adam May,Josef Roth,NA,1987,FIDE,0.5,1947,6.4,0.45,6
2024-10-23,Adam May,Leon Zedlmayer,e1 leon zedlmayer,1870,E1,0,1935,7.02,0.62,6
2024-10-24,Adam May,Nikolay Jorgensen Den Roover,NA,1876,FIDE,0.5,1932,7.63,0.61,6.5
2024-10-25,Adam May,Stevan Cetkovic,NA,1941,FIDE,0,1922,8.15,0.52,6.5
2024-10-26,Adam May,Rytis Virbalis,NA,1888,FIDE,1,1930,8.75,0.6,7.5
2024-11-27,Adam May,Peter Bevan,w1 peter bevan,1907,W1,0,1919,9.32,0.57,7.5
2024-12-04,Adam May,Aaron Davies,w1 aaron davies,1530,W1,1,1921,10.22,0.9,8.5
2024-09-11,Anezka Vlkova,Michael Binks,e1 michael binks,1994,E1,1,1966,0.44,0.44,1
2024-10-09,Anezka Vlkova,Sam Jukes,e1 sam jukes,1993,E1,0,1957,0.89,0.45,1
2024-10-23,Anezka Vlkova,James Tapp,e1 james tapp,2011,E1,0,1949,1.31,0.42,1
2024-10-28,Anezka Vlkova,Roy Thomas,e1 roy thomas,1840,E1,1,1956,1.97,0.66,2
2024-12-04,Anezka Vlkova,Ivan De La Cruz,e1 ivan de la cruz,2053,E1,0,1948,2.33,0.36,2
2024-10-14,David Tomboline,Stuart Walter,NA,1762,ENG,0.5,1949,0.75,0.75,0.5
2024-10-16,David Tomboline,Alexander Hertog,NA,2023,ENG,0.5,1951,1.15,0.4,1
2024-10-29,David Tomboline,John Carter,NA,1864,ENG,1,1958,1.78,0.63,2
2024-11-02,David Tomboline,Advik Saxena,NA,1743,ENG,0.5,1953,2.55,0.77,2.5
2024-11-02,David Tomboline,Cyril Foster,NA,1881,ENG,0.5,1951,3.15,0.6,3
2024-11-03,David Tomboline,Noah Bevis,NA,1801,ENG,0,1937,3.86,0.71,3
2024-10-07,David Tomboline,Chris John Evans,NA,1851,ENG,0,1924,4.5,0.64,3
2024-10-28,David Tomboline,Ben Woolf,NA,1774,ENG,0,1909,5.24,0.74,3
2024-11-18,David Tomboline,Cyril Foster,NA,1882,ENG,0.5,1907,5.84,0.6,3.5
2024-11-21,David Tomboline,Dmitry Lukyanov,NA,1750,ENG,0.5,1902,6.6,0.76,4
2024-12-02,David Tomboline,Alex Fontana,NA,1810,ENG,1,1908,7.3,0.7,5
2024-12-09,David Tomboline,Sean Terry,NA,1954,ENG,1,1918,7.8,0.5,6
2024-09-12,Imogen Camp,Fiorella Contreras Huaman,NA,2168,FIDE,0.5,1957,0.22,0.22,0.5
2024-09-13,Imogen Camp,Ngatane Lieketseng,NA,1651,FIDE,1,1960,1.07,0.85,1.5
2024-09-14,Imogen Camp,Lili Toth,NA,2105,FIDE,0.5,1964,1.36,0.29,2
2024-09-15,Imogen Camp,Eva Repkova,NA,2319,FIDE,0,1962,1.47,0.11,2
2024-09-16,Imogen Camp,Tania Miranda Rodriguez,NA,2090,FIDE,0,1955,1.78,0.31,2
2024-09-18,Imogen Camp,Gerda Nevska,NA,1892,FIDE,1,1964,2.36,0.58,3
2024-09-19,Imogen Camp,Leslie Torres Hernandez,NA,1891,FIDE,0.5,1962,2.95,0.59,3.5
2024-09-20,Imogen Camp,Jenny Chirivi,NA,2120,FIDE,0,1957,3.22,0.27,3.5
2024-09-22,Imogen Camp,Eunice Feng,NA,1974,FIDE,0,1947,3.69,0.47,3.5
2024-10-21,Imogen Camp,Kai Beaumont,NA,1778,ENG,1,1953,4.42,0.73,4.5
2024-10-28,Imogen Camp,Danut Joian,NA,1957,ENG,0.5,1953,4.91,0.49,5
2024-11-11,Imogen Camp,Nicholas Glough,NA,2033,ENG,0,1945,5.29,0.38,5
2024-09-10,Geoff Graham,Richard Dineley,n1 richard dineley,2312,N1,0,1949,0.11,0.11,0
2024-10-03,Geoff Graham,Lucas Ofubu,NA,1916,ENG,1,1958,0.66,0.55,1
2024-10-22,Geoff Graham,John Carleton,NA,2101,ENG,0,1952,0.96,0.3,1
2024-11-12,Geoff Graham,Denys Podcherniaev,n1 denys podcherniaev,1875,N1,1,1960,1.57,0.61,2
2024-12-05,Geoff Graham,Phil Crocker,NA,2206,ENG,0,1956,1.76,0.19,2
2024-12-10,Geoff Graham,Deio Parri,n1 deio parri,1751,N1,0.5,1951,2.52,0.76,2.5
2024-08-17,Mark Thomas,Jeremy Jones,e1 jeremy jones,1596,E1,1,1951,0.88,0.88,1
2024-08-17,Mark Thomas,Kevin Thomas,NA,1750,Est,0.5,1946,1.64,0.76,1.5
2024-08-18,Mark Thomas,Mike Gale,e1 mike gale,1787,E1,1,1952,2.36,0.72,2.5
2024-08-18,Mark Thomas,Tomas Forsey,g1 tomas forsey,1713,G1,1,1956,3.16,0.8,3.5
2024-09-09,Mark Thomas,Darson Beeston,w1 darson beeston,1730,W1,1,1960,3.94,0.78,4.5
2024-09-16,Mark Thomas,Ian Jones,w1 ian jones,1963,W1,1,1971,4.42,0.48,5.5
2024-09-18,Mark Thomas,John Arnold,w1 john arnold,1716,W1,0.5,1965,5.21,0.79,6
2024-09-25,Mark Thomas,Adam Musson,w1 adam musson,2039,W1,1,1977,5.58,0.37,7
2024-09-30,Mark Thomas,Ian Jones,w1 ian jones,1963,W1,0,1968,6.06,0.48,7
2024-10-16,Mark Thomas,Dale Westcott,w1 dale westcott,1824,W1,0.5,1964,6.73,0.67,7.5
2024-10-30,Mark Thomas,Peter Bevan,w1 peter bevan,1907,W1,1,1973,7.29,0.56,8.5
2024-11-08,Mark Thomas,Oliver Graham,NA,1921,ENG,0.5,1972,7.83,0.54,9
2024-11-09,Mark Thomas,Charles V Howard,NA,1894,ENG,1,1981,8.41,0.58,10
2024-11-09,Mark Thomas,George Georgiou,NA,1857,ENG,0.5,1978,9.04,0.63,10.5
2024-11-10,Mark Thomas,Trefor F Thynne,NA,1942,ENG,1,1988,9.55,0.51,11.5
2024-11-10,Mark Thomas,Islambek Baisynov,NA,1924,FIDE,0,1977,10.09,0.54,11.5
2024-11-26,Mark Thomas,Malcolm Probert,w1 malcolm probert,1700,W1,1,1981,10.9,0.81,12.5
2024-11-27,Mark Thomas,Ian Eustis,w1 ian eustis,1829,W1,0.5,1978,11.57,0.67,13
2024-12-04,Mark Thomas,James Evans,w1 james evans,1686,W1,1,1981,12.39,0.82,14
2024-07-23,Bence Szakmany,Oliver Barnes,NA,1952,IRL,1,1957,0.49,0.49,1
2024-07-23,Bence Szakmany,Ruben Evans,NA,2133,ENG,0.5,1962,0.75,0.26,1.5
2024-07-24,Bence Szakmany,Jainill Vadalia,NA,2115,SCO,1,1977,1.03,0.28,2.5
2024-07-24,Bence Szakmany,Roman Kovalskyi,NA,2097,ENG,0,1971,1.33,0.3,2.5
2024-07-25,Bence Szakmany,James Merriman,NA,2157,ENG,0,1966,1.56,0.23,2.5
2024-08-17,Bence Szakmany,Oliver Stubbs,NA,2249,ENG,0,1963,1.71,0.15,2.5
2024-08-17,Bence Szakmany,Chris Dixon,g1 chris dixon,1815,G1,1,1969,2.39,0.68,3.5
2024-08-18,Bence Szakmany,Joe Fathallah,e1 joe fathallah,2011,E1,0,1961,2.8,0.41,3.5
2024-08-18,Bence Szakmany,Dave Turner,g1 dave turner,1914,G1,1,1970,3.35,0.55,4.5
2024-09-05,Bence Szakmany,Ivan De La Cruz,e1 ivan de la cruz,2053,E1,0,1963,3.7,0.35,4.5
2024-09-14,Bence Szakmany,Bob Hurn,e1 bob hurn,1731,E1,1,1968,4.48,0.78,5.5
2024-09-14,Bence Szakmany,Dale Westcott,w1 dale westcott,1824,W1,1,1974,5.15,0.67,6.5
2024-09-14,Bence Szakmany,James Tapp,e1 james tapp,2011,E1,0.5,1976,5.56,0.41,7
2024-09-15,Bence Szakmany,Chris R Beaumont,NA,2176,ENG,0,1972,5.77,0.21,7
2024-09-15,Bence Szakmany,Joshua Richards,w1 joshua richards,1762,W1,1,1977,6.51,0.74,8
2024-09-18,Bence Szakmany,Peter Quinn,e1 peter quinn,1843,E1,0,1964,7.16,0.65,8
2024-10-03,Bence Szakmany,Pete Heaven,e1 pete heaven,2084,E1,0,1958,7.47,0.31,8
2024-10-08,Bence Szakmany,David Robinson,e1 david robinson,1910,E1,0.5,1957,8.02,0.55,8.5
2024-10-13,Bence Szakmany,Ifan Rathbone-Jones,n1 ifan rathbone-jones,2078,N1,0,1950,8.34,0.32,8.5
2024-11-07,Bence Szakmany,Dave McGhee,e1 dave mcghee,1896,E1,0.5,1949,8.91,0.57,9
2024-11-20,Bence Szakmany,George Turner,e1 george turner,1924,E1,1,1958,9.44,0.53,10
2024-12-12,Bence Szakmany,Daniel Wilmot,e1 daniel wilmot,1968,E1,1,1969,9.91,0.47,11
2024-09-05,Matthew Davies,Kam Choo Yin,e1 kam choo yin,1823,E1,1,1951,0.67,0.67,1
2024-09-25,Matthew Davies,Sam Jukes,e1 sam jukes,1993,E1,1,1962,1.1,0.43,2
2024-10-02,Matthew Davies,Kristan Enoch,e1 kristan enoch,1803,E1,1,1968,1.79,0.69,3
2024-10-16,Matthew Davies,Daniel Wilmot,e1 daniel wilmot,1968,E1,1,1979,2.26,0.47,4
2024-10-23,Matthew Davies,Ken Hannah,e1 ken hannah,1774,E1,1,1984,2.99,0.73,5
2024-11-06,Matthew Davies,Charles Summers,e1 charles summers,1908,E1,0.5,1983,3.54,0.55,5.5
2024-11-09,Matthew Davies,Roger Lancaster,NA,1987,ENG,1,1995,3.98,0.44,6.5
2024-11-10,Matthew Davies,David Otaryan,NA,1571,ENG,1,1997,4.88,0.9,7.5
2024-11-11,Matthew Davies,Jonathan Gilbert,g1 jonathan gilbert,2016,G1,0,1989,5.28,0.4,7.5
2024-12-04,Matthew Davies,Nick Van Noorden,e1 nick van noorden,1900,E1,1,1997,5.84,0.56,8.5
2024-12-11,Matthew Davies,Adam Musson,w1 adam musson,2039,W1,0,1990,6.21,0.37,8.5
2024-09-18,David Llewellyn,William Phillips,g1 william phillips,1874,G1,0.5,1938,0.59,0.59,0.5
2024-09-19,David Llewellyn,Gwyn Havard,e1 gwyn havard,1855,E1,0.5,1936,1.21,0.62,1
2024-10-02,David Llewellyn,Jonathan Gilbert,g1 jonathan gilbert,2016,G1,0,1928,1.6,0.39,1
2024-10-07,David Llewellyn,Dwain Jones,e1 dwain jones,1720,E1,1,1932,2.38,0.78,2
2024-11-25,David Llewellyn,Gareth Harding,e1 gareth harding,1776,E1,1,1938,3.1,0.72,3
2024-11-26,David Llewellyn,Oliver Van Helden,e1 oliver van helden,1750,E1,1,1943,3.85,0.75,4
2024-12-02,David Llewellyn,David Lewis,e1 david lewis,1815,E1,1,1949,4.52,0.67,5
2024-12-12,David Llewellyn,Stefan Le Roy,e1 stefan le roy,1718,E1,1,1954,5.3,0.78,6
2024-09-09,Bob Moore,Matthew Billington,w1 matthew billington,1656,W1,1,1940,0.83,0.83,1
2024-09-16,Bob Moore,Martin C Jones,d1 martin c jones,1788,D1,0.5,1936,1.53,0.7,1.5
2024-09-24,Bob Moore,Michael Beck,w1 michael beck,1853,W1,1,1944,2.15,0.62,2.5
2024-09-25,Bob Moore,James Evans,w1 james evans,1686,W1,1,1948,2.96,0.81,3.5
2024-09-30,Bob Moore,Adam May,w1 adam may,1955,W1,1,1958,3.43,0.47,4.5
2024-10-07,Bob Moore,Andrew Smith,w1 andrew smith,1793,W1,1,1964,4.13,0.7,5.5
2024-10-14,Bob Moore,Andrew Thomas,w1 andrew thomas,1883,W1,0,1953,4.71,0.58,5.5
2024-11-05,Bob Moore,Vismith Prabhu,w1 vismith prabhu,1703,W1,0,1937,5.5,0.79,5.5
2024-11-27,Bob Moore,Alan Young,w1 alan young,2047,W1,0,1930,5.85,0.35,5.5
2024-12-09,Bob Moore,Andrew Smith,w1 andrew smith,1793,W1,0.5,1926,6.55,0.7,6
2024-09-10,Gareth Ellis,Charles F Morris,n1 charles f morris,2101,N1,0.5,1939,0.28,0.28,0.5
2024-10-03,Gareth Ellis,Piotr Siwy,NA,1800,ENG,0,1926,0.97,0.69,0.5
2024-10-22,Gareth Ellis,Chris Doran,NA,2029,ENG,0,1918,1.34,0.37,0.5
2024-11-12,Gareth Ellis,Will G Williams,n1 will g williams,1878,N1,1,1927,1.92,0.58,1.5
2024-11-28,Gareth Ellis,Robert G Hill,n1 robert g hill,1550,N1,1,1929,2.82,0.9,2.5
2024-12-05,Gareth Ellis,Jack Walley,NA,1935,ENG,0,1919,3.32,0.5,2.5
2024-10-03,Charles Higgie,Glyn Pugh,NA,1914,ENG,0.5,1934,0.53,0.53,0.5
2024-10-09,Charles Higgie,Daniel Hilditch-Love,NA,1982,ENG,0,1926,0.96,0.43,0.5
2024-10-23,Charles Higgie,Matthew Clark,NA,1867,ENG,0.5,1924,1.56,0.6,1
2024-11-09,Charles Higgie,Alexander Horwood,NA,1758,ENG,1,1929,2.29,0.73,2
2024-11-10,Charles Higgie,Ian Calvert,NA,2030,ENG,0.5,1932,2.66,0.37,2.5
2024-12-18,Charles Higgie,Nigel Ferrington,NA,2147,ENG,0.5,1937,2.89,0.23,3
2024-09-18,David Vaughan,Neil Carter,g1 neil carter,1835,G1,1,1941,0.64,0.64,1
2024-09-19,David Vaughan,Igor Doklestic,NA,1959,ENG,0.5,1942,1.1,0.46,1.5
2024-10-02,David Vaughan,Alastair Drummond,NA,1834,ENG,1,1949,1.74,0.64,2.5
2024-10-08,David Vaughan,Ian Gambles,NA,1798,ENG,0.5,1945,2.43,0.69,3
2024-10-17,David Vaughan,Thurvaragan Jeevananth,NA,1885,ENG,1,1954,3,0.57,4
2024-10-21,David Vaughan,Frank Jewell,NA,1716,ENG,1,1958,3.78,0.78,5
2024-11-19,David Vaughan,Jonathan Gilbert,g1 jonathan gilbert,2016,G1,0.5,1961,4.16,0.38,5.5
2024-11-12,David Vaughan,Alan Clarke,NA,1915,ENG,0.5,1960,4.69,0.53,6
2024-11-18,David Vaughan,Samuel Rice,NA,1869,ENG,0.5,1958,5.28,0.59,6.5
2024-07-02,Joshua McKenna,Otto Bartlett-Davis,e1 otto bartlett-davis,1386,E1,1,1928,0.9,0.9,1
2024-07-05,Joshua McKenna,Alan M Byron,NA,2114,ENG,0,1923,1.15,0.25,1
2024-07-05,Joshua McKenna,Cian Ward,NA,2112,ENG,0,1918,1.41,0.26,1
2024-07-06,Joshua McKenna,Ron Williams,g1 ron williams,1649,G1,1,1921,2.24,0.83,2
2024-07-07,Joshua McKenna,Matthew R Wilson,NA,1904,ENG,0.5,1921,2.77,0.53,2.5
2024-07-07,Joshua McKenna,Jack Hannigan,e1 jack hannigan,1650,E1,0.5,1914,3.6,0.83,3
2024-07-08,Joshua McKenna,Jacco Heij,NA,1960,FIDE,0,1905,4.05,0.45,3
2024-07-09,Joshua McKenna,Guy Wagner,e1 guy wagner,1904,E1,0,1894,4.58,0.53,3
2024-07-09,Joshua McKenna,Wiliam Francis,w1 wiliam francis,1589,W1,1,1897,5.45,0.87,4
2024-07-10,Joshua McKenna,Leo A Keely,NA,1957,ENG,0,1888,5.91,0.46,4
2024-07-16,Joshua McKenna,Raman Rajoram,e1 raman rajoram,1398,E1,1,1890,6.81,0.9,5
2024-07-29,Joshua McKenna,Reece W Whittington,NA,1878,ENG,0.5,1888,7.38,0.57,5.5
2024-07-30,Joshua McKenna,Dominic Leigh,NA,1866,ENG,0.5,1887,7.97,0.59,6
2024-07-31,Joshua McKenna,Gordon Farrar,NA,1870,ENG,0,1875,8.55,0.58,6
2024-08-01,Joshua McKenna,Jonathan Rubeck,NA,1946,ENG,0,1866,9.02,0.47,6
2024-08-02,Joshua McKenna,Shree Rao,NA,1793,ENG,0,1852,9.7,0.68,6
2024-07-29,Joshua McKenna,Luoke Wang,NA,1977,ENG,1,1863,10.13,0.43,7
2024-07-30,Joshua McKenna,Daniel JS Sullivan,NA,2070,ENG,0,1857,10.43,0.3,7
2024-07-31,Joshua McKenna,Oliver Harrison,NA,1918,ENG,1,1867,10.94,0.51,8
2024-08-01,Joshua McKenna,Dominic Leigh,NA,1866,ENG,1,1875,11.53,0.59,9
2024-08-02,Joshua McKenna,Kevin J Wilson,NA,1967,ENG,0,1867,11.97,0.44,9
2024-08-16,Joshua McKenna,David J Faulkner,NA,1886,ENG,0.5,1865,12.53,0.56,9.5
2024-08-17,Joshua McKenna,Dale Sibborn,NA,1816,ENG,1,1872,13.18,0.65,10.5
2024-08-17,Joshua McKenna,David McGeeney,NA,1830,ENG,0.5,1870,13.81,0.63,11
2024-08-18,Joshua McKenna,Jack Hannigan,e1 jack hannigan,1650,E1,1,1873,14.64,0.83,12
2024-08-18,Joshua McKenna,Cameron Little,NA,1890,ENG,1,1882,15.19,0.55,13
2024-09-05,Joshua McKenna,Gareth Yeo,e1 gareth yeo,2087,E1,0,1876,15.47,0.28,13
2024-09-11,Joshua McKenna,Miltos Zoumekas,e1 miltos zoumekas,1700,E1,1,1881,16.26,0.79,14
2024-09-14,Joshua McKenna,Paul Hatchett,e1 paul hatchett,2012,E1,0,1873,16.64,0.38,14
2024-09-14,Joshua McKenna,Eron Latif,e1 eron latif,1310,E1,1,1875,17.54,0.9,15
2024-09-14,Joshua McKenna,Chris Dixon,g1 chris dixon,1815,G1,0.5,1872,18.19,0.65,15.5
2024-09-15,Joshua McKenna,Jon Tuson,d1 jon tuson,1796,D1,0.5,1868,18.87,0.68,16
2024-09-15,Joshua McKenna,Jack Hannigan,e1 jack hannigan,1650,E1,1,1872,19.7,0.83,17
2024-09-18,Joshua McKenna,Sam Jukes,e1 sam jukes,1993,E1,0,1864,20.1,0.4,17
2024-09-19,Joshua McKenna,Andrew Di-Vetta,e1 andrew di-vetta,1830,E1,1,1871,20.73,0.63,18
2024-09-25,Joshua McKenna,Joseph Sartin,e1 joseph sartin,1640,E1,0.5,1864,21.57,0.84,18.5
2024-10-02,Joshua McKenna,Henry Jones,e1 henry jones,1310,E1,1,1866,22.47,0.9,19.5
2024-10-03,Joshua McKenna,Kam Choo Yin,e1 kam choo yin,1823,E1,1,1873,23.11,0.64,20.5
2024-10-09,Joshua McKenna,Kristan Enoch,e1 kristan enoch,1803,E1,1,1880,23.78,0.67,21.5
2024-10-13,Joshua McKenna,Emma Kong,e1 emma kong,1761,E1,0,1866,24.5,0.72,21.5
2024-10-16,Joshua McKenna,Neethi Helen,e1 neethi helen,1310,E1,1,1868,25.4,0.9,22.5
2024-10-17,Joshua McKenna,Sam Jukes,e1 sam jukes,1993,E1,0,1859,25.8,0.4,22.5
2024-10-30,Joshua McKenna,George Turner,e1 george turner,1924,E1,0,1849,26.3,0.5,22.5
2024-11-09,Joshua McKenna,Jacob Liu,NA,1915,ENG,0,1839,26.82,0.52,22.5
2024-11-10,Joshua McKenna,Donna Chadwick,NA,1518,ENG,1,1841,27.72,0.9,23.5
2024-11-13,Joshua McKenna,Dave McGhee,e1 dave mcghee,1896,E1,0,1830,28.26,0.54,23.5
2024-11-14,Joshua McKenna,Roy Thomas,e1 roy thomas,1840,E1,0.5,1828,28.88,0.62,24
2024-11-20,Joshua McKenna,Georgi Korovski,e1 georgi korovski,1919,E1,0,1818,29.39,0.51,24
2024-11-27,Joshua McKenna,Charles Summers,e1 charles summers,1908,E1,0,1807,29.92,0.53,24
2024-12-04,Joshua McKenna,Samuele Scarpignato,e1 samuele scarpignato,1764,E1,0.5,1803,30.64,0.72,24.5
2024-12-11,Joshua McKenna,Kristan Enoch,e1 kristan enoch,1803,E1,0.5,1799,31.31,0.67,25
2024-12-12,Joshua McKenna,George Turner,e1 george turner,1924,E1,0,1789,31.81,0.5,25
2024-09-24,Steve Smith,Ian Jones,w1 ian jones,1963,W1,1,1936,0.45,0.45,1
2024-10-16,Steve Smith,Adam May,w1 adam may,1955,W1,0.5,1937,0.91,0.46,1.5
2024-10-28,Steve Smith,Adam Musson,w1 adam musson,2039,W1,1,1950,1.25,0.34,2.5
2024-11-09,Steve Smith,Amit Salvi,NA,1928,ENG,0,1940,1.75,0.5,2.5
2024-11-10,Steve Smith,Dale Eccleston,NA,1569,ENG,1,1942,2.64,0.89,3.5
2024-11-19,Steve Smith,Matteo Favoni,w1 matteo favoni,2019,W1,0,1935,3.01,0.37,3.5
2024-11-25,Steve Smith,Duncan Williams,w1 duncan williams,1898,W1,0.5,1934,3.55,0.54,4
2024-12-10,Steve Smith,Vismith Prabhu,w1 vismith prabhu,1703,W1,0,1919,4.33,0.78,4
2024-09-14,George Turner,Andrew Di-Vetta,e1 andrew di-vetta,1830,E1,1,1931,0.63,0.63,1
2024-09-14,George Turner,Tom Brown,e1 tom brown,2189,E1,0,1928,0.81,0.18,1
2024-09-15,George Turner,Steve Jones,e1 steve jones,1784,E1,1,1934,1.5,0.69,2
2024-09-15,George Turner,James Tapp,e1 james tapp,2011,E1,0.5,1936,1.88,0.38,2.5
2024-09-25,George Turner,Tom Brown,e1 tom brown,2189,E1,0.5,1943,2.06,0.18,3
2024-10-09,George Turner,Pete Heaven,e1 pete heaven,2084,E1,0,1937,2.34,0.28,3
2024-10-23,George Turner,Peter Quinn,e1 peter quinn,1843,E1,0.5,1935,2.95,0.61,3.5
2024-10-30,George Turner,Joshua McKenna,e1 joshua mckenna,1926,E1,1,1945,3.45,0.5,4.5
2024-11-06,George Turner,Joseph Sartin,e1 joseph sartin,1640,E1,1,1948,4.29,0.84,5.5
2024-11-13,George Turner,Georgi Korovski,e1 georgi korovski,1919,E1,0,1938,4.8,0.51,5.5
2024-11-15,George Turner,Dale Westcott,w1 dale westcott,1824,W1,1,1945,5.44,0.64,6.5
2024-11-16,George Turner,Sven Zeidler,n1 sven zeidler,2168,N1,0,1941,5.64,0.2,6.5
2024-11-16,George Turner,Rudy van Kemenade,n1 rudy van kemenade,1922,N1,1,1951,6.14,0.5,7.5
2024-11-17,George Turner,Donovan Sipho,w1 donovan sipho,1814,W1,1,1958,6.79,0.65,8.5
2024-11-17,George Turner,Ethan McGrath,e1 ethan mcgrath,1750,E1,1,1964,7.52,0.73,9.5
2024-11-20,George Turner,Bence Szakmany,e1 bence szakmany,1947,E1,0,1954,7.99,0.47,9.5
2024-11-27,George Turner,Miltos Zoumekas,e1 miltos zoumekas,1700,E1,1,1959,8.77,0.78,10.5
2024-12-04,George Turner,David Robinson,e1 david robinson,1910,E1,1,1968,9.29,0.52,11.5
2024-12-11,George Turner,Chris Fox,e1 chris fox,1702,E1,0.5,1962,10.07,0.78,12
2024-12-12,George Turner,Joshua McKenna,e1 joshua mckenna,1926,E1,1,1973,10.57,0.5,13
2024-12-19,George Turner,Sam Jukes,e1 sam jukes,1993,E1,1,1984,10.97,0.4,14
2024-09-25,Jake Hurley,Georgi Korovski,e1 georgi korovski,1919,E1,1,1933,0.51,0.51,1
2024-10-09,Jake Hurley,Nick Van Noorden,e1 nick van noorden,1900,E1,1,1942,1.04,0.53,2
2024-10-17,Jake Hurley,Tim Kett,e1 tim kett,2199,E1,0,1939,1.21,0.17,2
2024-11-27,Jake Hurley,Jonathan Gilbert,g1 jonathan gilbert,2016,G1,0.5,1941,1.58,0.37,2.5
2024-12-17,Jake Hurley,Liam Penny,e1 liam penny,1856,E1,1,1950,2.18,0.6,3.5
2024-12-19,Jake Hurley,Elliott Macneil,e1 elliott macneil,1968,E1,0,1941,2.62,0.44,3.5
2024-07-02,Rudy van Kemenade,Louis Roos,NA,2288,FIDE,0,1920,0.11,0.11,0
2024-07-03,Rudy van Kemenade,Tim Harding,NA,1945,FIDE,0,1910,0.58,0.47,0
2024-07-04,Rudy van Kemenade,Marcel Van Herck,NA,1942,FIDE,0,1901,1.05,0.47,0
2024-07-05,Rudy van Kemenade,Gerard Macelligott,NA,1993,FIDE,1,1913,1.45,0.4,1
2024-07-06,Rudy van Kemenade,Raj Bhopal,NA,1991,FIDE,0,1905,1.85,0.4,1
2024-07-09,Rudy van Kemenade,Polly Wright,NA,1696,FIDE,0,1889,2.64,0.79,1
2024-07-10,Rudy van Kemenade,Eduard Gorjaltsan,NA,1884,FIDE,1,1898,3.19,0.55,2
2024-07-23,Rudy van Kemenade,Athar Ansari,NA,2063,ENG,0.5,1902,3.5,0.31,2.5
2024-08-16,Rudy van Kemenade,Peter Quinn,e1 peter quinn,1843,E1,0,1890,4.11,0.61,2.5
2024-08-17,Rudy van Kemenade,David Morgan,NA,1686,FIDE,1,1894,4.91,0.8,3.5
2024-08-17,Rudy van Kemenade,Michael Binks,e1 michael binks,1994,E1,1,1906,5.31,0.4,4.5
2024-08-18,Rudy van Kemenade,William Phillips,g1 william phillips,1874,G1,1,1915,5.88,0.57,5.5
2024-08-18,Rudy van Kemenade,Lee Davis,e1 lee davis,2008,E1,0.5,1917,6.26,0.38,6
2024-09-19,Rudy van Kemenade,Nigel Ferrington,NA,2166,ENG,1,1933,6.46,0.2,7
2024-10-03,Rudy van Kemenade,Nicholas Rutter,NA,2096,ENG,0,1928,6.73,0.27,7
2024-10-08,Rudy van Kemenade,Matthew Clark,NA,1867,ENG,0.5,1926,7.31,0.58,7.5
2024-10-13,Rudy van Kemenade,Andrew Jeanes,e1 andrew jeanes,1713,E1,1,1931,8.08,0.77,8.5
2024-10-14,Rudy van Kemenade,Al Grocott-James,NA,1659,ENG,1,1934,8.9,0.82,9.5
2024-10-31,Rudy van Kemenade,Jamie Hopkins,NA,2043,ENG,0.5,1938,9.23,0.33,10
2024-11-12,Rudy van Kemenade,Paul Sadler,n1 paul sadler,1720,N1,1,1942,9.99,0.76,11
2024-11-15,Rudy van Kemenade,Danylo Shevchenko,e1 danylo shevchenko,1745,E1,1,1948,10.72,0.73,12
2024-11-16,Rudy van Kemenade,Alan Young,w1 alan young,2047,W1,0.5,1951,11.05,0.33,12.5
2024-11-16,Rudy van Kemenade,George Turner,e1 george turner,1924,E1,0,1941,11.55,0.5,12.5
2024-11-17,Rudy van Kemenade,Sam Jukes,e1 sam jukes,1993,E1,0,1933,11.95,0.4,12.5
2024-12-12,Rudy van Kemenade,Matthew Clark,NA,1884,ENG,1,1942,12.5,0.55,13.5
2024-12-19,Rudy van Kemenade,Alex Loe,NA,1677,ENG,1,1946,13.3,0.8,14.5
2024-07-05,Calum Harris,Jose Camacho Collados,e1 jose camacho collados,2448,E1,0,1917,0.1,0.1,0
2024-07-05,Calum Harris,Bob Hurn,e1 bob hurn,1731,E1,1,1922,0.85,0.75,1
2024-09-05,Georgi Korovski,Govind Anandkumar,e1 govind anandkumar,1719,E1,1,1924,0.76,0.76,1
2024-09-18,Georgi Korovski,Joe Fathallah,e1 joe fathallah,2011,E1,0,1916,1.13,0.37,1
2024-09-25,Georgi Korovski,Jake Hurley,e1 jake hurley,1923,E1,0,1907,1.62,0.49,1
2024-10-02,Georgi Korovski,Bill Hunt,e1 bill hunt,1849,E1,1,1915,2.22,0.6,2
2024-10-09,Georgi Korovski,Peter Quinn,e1 peter quinn,1843,E1,0.5,1912,2.83,0.61,2.5
2024-10-16,Georgi Korovski,Roy Thomas,e1 roy thomas,1840,E1,0.5,1910,3.44,0.61,3
2024-10-30,Georgi Korovski,James Tapp,e1 james tapp,2011,E1,0,1903,3.81,0.37,3
2024-11-06,Georgi Korovski,Bill Harle,e1 bill harle,1754,E1,1,1908,4.53,0.72,4
2024-11-11,Georgi Korovski,Gareth Yeo,e1 gareth yeo,2087,E1,1,1923,4.81,0.28,5
2024-11-13,Georgi Korovski,George Turner,e1 george turner,1924,E1,1,1933,5.3,0.49,6
2024-11-20,Georgi Korovski,Joshua McKenna,e1 joshua mckenna,1926,E1,1,1943,5.79,0.49,7
2024-11-27,Georgi Korovski,Abir Deshpande,e1 abir deshpande,1310,E1,1,1945,6.69,0.9,8
2024-12-04,Georgi Korovski,Chris Fox,e1 chris fox,1702,E1,1,1950,7.47,0.78,9
2024-07-13,Yuxuan Wu,Louis Buckland,NA,1997,ENG,0.5,1917,0.38,0.38,0.5
2024-07-13,Yuxuan Wu,Elizabeth Finn,NA,1887,ENG,1,1927,0.92,0.54,1.5
2024-07-23,Yuxuan Wu,Ben McIlroy,NA,1855,IRL,1,1935,1.51,0.59,2.5
2024-07-23,Yuxuan Wu,Sathya Vaidyanathan,NA,1925,ENG,1,1945,2,0.49,3.5
2024-07-24,Yuxuan Wu,Aditya Srivastava,NA,1970,SCO,0.5,1947,2.42,0.42,4
2024-07-24,Yuxuan Wu,Vivash Samarakoon,NA,2160,ENG,0.5,1953,2.62,0.2,4.5
2024-07-25,Yuxuan Wu,Dillan Duke,NA,2135,ENG,0.5,1958,2.84,0.22,5
2024-08-16,Yuxuan Wu,Emma Kong,e1 emma kong,1761,E1,0.5,1954,3.55,0.71,5.5
2024-08-17,Yuxuan Wu,Matthew A Holmes,NA,1931,ENG,1,1965,4.03,0.48,6.5
2024-08-17,Yuxuan Wu,Oliver Stubbs,NA,2249,ENG,0,1962,4.16,0.13,6.5
2024-08-18,Yuxuan Wu,Dave McGhee,e1 dave mcghee,1896,E1,0.5,1962,4.69,0.53,7
2024-08-18,Yuxuan Wu,Chris Dixon,g1 chris dixon,1815,G1,1,1969,5.33,0.64,8
2024-08-16,Dave Turner,Allan Pleasants,e1 allan pleasants,2126,E1,0,1909,0.23,0.23,0
2024-08-17,Dave Turner,Jac Thomas,NA,2020,ENG,1,1922,0.58,0.35,1
2024-08-17,Dave Turner,Iwan Cave,n1 iwan cave,2162,N1,0,1919,0.77,0.19,1
2024-08-18,Dave Turner,Sam Jukes,e1 sam jukes,1993,E1,0.5,1921,1.16,0.39,1.5
2024-08-18,Dave Turner,Bence Szakmany,e1 bence szakmany,1947,E1,0,1912,1.61,0.45,1.5
2024-09-30,Dave Turner,Leslie Blohm,g1 leslie blohm,1962,G1,0,1903,2.04,0.43,1.5
2024-10-30,Dave Turner,William Phillips,g1 william phillips,1874,G1,1,1912,2.6,0.56,2.5
2024-11-11,Dave Turner,Andrew Owen,g1 andrew owen,1888,G1,1,1921,3.14,0.54,3.5
2024-11-15,Dave Turner,Vlad Pintea,NA,1740,ENG,1,1927,3.87,0.73,4.5
2024-11-16,Dave Turner,Grzegorz Toczek,e1 grzegorz toczek,2337,E1,0,1925,3.97,0.1,4.5
2024-11-16,Dave Turner,Tom Bennett,e1 tom bennett,1795,E1,0.5,1921,4.63,0.66,5
2024-11-17,Dave Turner,Alexis Harakis,d1 alexis harakis,2297,D1,0,1919,4.73,0.1,5
2024-11-17,Dave Turner,Emma Kong,e1 emma kong,1761,E1,0.5,1915,5.44,0.71,5.5
2024-07-02,Anthony Hughes,Jean-Luc Roos,NA,2161,FIDE,0,1907,0.19,0.19,0
2024-07-03,Anthony Hughes,Yaron Linik,NA,1903,FIDE,0,1897,0.7,0.51,0
2024-07-04,Anthony Hughes,Bogdan Czernicki,NA,1886,FIDE,0.5,1896,1.24,0.54,0.5
2024-07-05,Anthony Hughes,Michael Barron,NA,2075,FIDE,0,1891,1.52,0.28,0.5
2024-07-06,Anthony Hughes,Alan Scrimgour,NA,1979,FIDE,0,1883,1.92,0.4,0.5
2024-07-09,Anthony Hughes,Olgierd Zielinski,NA,1913,FIDE,0.5,1883,2.42,0.5,1
2024-07-10,Anthony Hughes,Ludmila A Tsifanskaya,NA,1970,FIDE,0.5,1884,2.84,0.42,1.5
2024-07-11,Anthony Hughes,Klaus-Michael Hansch,NA,1878,FIDE,0.5,1883,3.39,0.55,2
2024-11-09,Anthony Hughes,Christine Coates,NA,1545,ENG,1,1886,4.28,0.89,3
2024-11-10,Anthony Hughes,George A Wright,NA,1599,ENG,1,1888,5.14,0.86,4
2024-11-29,Anthony Hughes,Cecil Sloan,NA,1780,ENG,1,1895,5.82,0.68,5
2024-11-30,Anthony Hughes,Ethan Luc,NA,2004,ENG,0,1887,6.19,0.37,5
2024-11-30,Anthony Hughes,Wael Othman,NA,1730,ENG,1,1893,6.93,0.74,6
2024-12-01,Anthony Hughes,Trevor D Coote,NA,1989,ENG,1,1905,7.32,0.39,7
2024-12-02,Anthony Hughes,Harry Bryant,NA,1981,ENG,0.5,1907,7.72,0.4,7.5
2024-12-05,Anthony Hughes,Adam Cranston,NA,1875,ENG,1,1916,8.27,0.55,8.5
2024-12-06,Anthony Hughes,Oleg Verbytski,NA,1981,ENG,0,1908,8.67,0.4,8.5
2024-12-09,Anthony Hughes,Martin Smith,NA,2142,ENG,0,1904,8.88,0.21,8.5
2024-07-17,Anthony Hughes,Peter G Large,NA,2383,ENG,0,1902,8.98,0.1,8.5
2024-07-18,Anthony Hughes,Marcus Gosling,NA,1973,ENG,0,1893,9.39,0.41,8.5
2024-07-22,Anthony Hughes,Oliver Weiss,NA,1928,ENG,0,1884,9.87,0.48,8.5
2024-10-01,Anthony Hughes,Garfield Moore,NA,1873,ENG,1,1893,10.42,0.55,9.5
2024-10-07,Anthony Hughes,Shivam Agrawal,NA,2156,ENG,0,1889,10.62,0.2,9.5
2024-10-14,Anthony Hughes,Brendan O'Gorman,NA,1872,ENG,0.5,1888,11.18,0.56,10
2024-11-04,Anthony Hughes,Marcus Gosling,NA,1975,ENG,1,1899,11.59,0.41,11
2024-11-06,Anthony Hughes,John Polanyk,NA,1875,ENG,0.5,1898,12.14,0.55,11.5
2024-11-07,Anthony Hughes,Matthew Georgiou,NA,1886,ENG,0,1888,12.68,0.54,11.5
2024-11-11,Anthony Hughes,James Lyons,NA,1774,ENG,1,1894,13.37,0.69,12.5
2024-11-14,Anthony Hughes,Kevin P Lenaghan,NA,1900,ENG,1,1904,13.89,0.52,13.5
2024-11-28,Anthony Hughes,Ulysses Encina,NA,1621,ENG,1,1907,14.73,0.84,14.5
2024-07-05,David Robinson,Daniel Kozusek,e1 daniel kozusek,2423,E1,0,1908,0.1,0.1,0
2024-07-05,David Robinson,Malcolm Probert,w1 malcolm probert,1700,W1,0.5,1903,0.87,0.77,0.5
2024-07-06,David Robinson,Mark B Waterfield,NA,1950,ENG,0,1894,1.31,0.44,0.5
2024-07-07,David Robinson,Tomos Francis,w1 tomos francis,1316,W1,1,1896,2.21,0.9,1.5
2024-07-07,David Robinson,Justin Morgans,e1 justin morgans,1806,E1,1,1903,2.86,0.65,2.5
2024-07-08,David Robinson,Mei-En Emmanuelle Hng,NA,2207,ENG,0,1900,3.01,0.15,2.5
2024-07-09,David Robinson,Anay Agarwal,NA,1743,ENG,1,1905,3.73,0.72,3.5
2024-07-09,David Robinson,Joe Fathallah,e1 joe fathallah,2011,E1,0.5,1908,4.09,0.36,4
2024-07-10,David Robinson,Mei-Xian Eunice Hng,NA,2087,ENG,0,1903,4.36,0.27,4
2024-09-11,David Robinson,Nick Van Noorden,e1 nick van noorden,1900,E1,0,1893,4.87,0.51,4
2024-09-19,David Robinson,Adam Musson,w1 adam musson,2039,W1,1,1906,5.19,0.32,5
2024-10-01,David Robinson,Gwynfor Rees,e1 gwynfor rees,2027,E1,0,1899,5.53,0.34,5
2024-10-08,David Robinson,Bence Szakmany,e1 bence szakmany,1947,E1,0.5,1900,5.98,0.45,5.5
2024-10-30,David Robinson,Sam Jukes,e1 sam jukes,1993,E1,0.5,1903,6.36,0.38,6
2024-11-25,David Robinson,Kevin Evans,e1 kevin evans,2010,E1,0.5,1906,6.72,0.36,6.5
2024-12-04,David Robinson,George Turner,e1 george turner,1924,E1,0,1896,7.2,0.48,6.5
2024-12-10,David Robinson,Reginald Mba,e1 reginald mba,1968,E1,0.5,1898,7.62,0.42,7
2024-10-20,Callum Davies,Roy Vagman,NA,2324,FIDE,0,1906,0.1,0.1,0
2024-10-22,Callum Davies,Conor Nolan,NA,1970,FIDE,0.5,1908,0.51,0.41,0.5
2024-10-23,Callum Davies,Lee Davis,e1 lee davis,2008,E1,0,1901,0.87,0.36,0.5
2024-10-24,Callum Davies,Geoffrey Stern,NA,1958,FIDE,0,1892,1.3,0.43,0.5
2024-10-25,Callum Davies,Tommi Franssila,NA,2131,FIDE,0,1888,1.52,0.22,0.5
2024-10-26,Callum Davies,Srecko Jelesijevic,NA,1944,FIDE,0,1879,1.97,0.45,0.5
2024-09-04,Charles Summers,Sam Jukes,e1 sam jukes,1993,E1,0,1900,0.38,0.38,0
2024-09-25,Charles Summers,Emma Kong,e1 emma kong,1761,E1,0,1886,1.08,0.7,0
2024-11-06,Charles Summers,Matthew Davies,e1 matthew davies,1944,E1,0.5,1887,1.53,0.45,0.5
2024-11-20,Charles Summers,Emma Kong,e1 emma kong,1761,E1,0.5,1883,2.23,0.7,1
2024-11-27,Charles Summers,Joshua McKenna,e1 joshua mckenna,1926,E1,1,1894,2.7,0.47,2
2024-09-09,Peter Bevan,William Hewitt,w1 william hewitt,2038,W1,0,1901,0.32,0.32,0
2024-09-16,Peter Bevan,Vismith Prabhu,w1 vismith prabhu,1703,W1,0.5,1895,1.08,0.76,0.5
2024-09-24,Peter Bevan,Hywel Griffiths,w1 hywel griffiths,1902,W1,0.5,1895,1.59,0.51,1
2024-10-07,Peter Bevan,Andrew Golley,w1 andrew golley,1762,W1,1,1901,2.29,0.7,2
2024-10-14,Peter Bevan,Andrew Smith,w1 andrew smith,1793,W1,1,1908,2.95,0.66,3
2024-10-30,Peter Bevan,Mark Thomas,w1 mark thomas,1949,W1,0,1899,3.39,0.44,3
2024-11-05,Peter Bevan,John Arnold,w1 john arnold,1716,W1,1,1904,4.14,0.75,4
2024-11-15,Peter Bevan,Eugene Tee,w1 eugene tee,1644,W1,1,1908,4.96,0.82,5
2024-11-16,Peter Bevan,Adam Musson,w1 adam musson,2039,W1,0,1901,5.28,0.32,5
2024-11-16,Peter Bevan,Zack Wilkins,e1 zack wilkins,1676,E1,0,1886,6.07,0.79,5
2024-11-27,Peter Bevan,Adam May,w1 adam may,1955,W1,1,1897,6.5,0.43,6
2024-12-09,Peter Bevan,Andrew Golley,w1 andrew golley,1762,W1,0,1883,7.2,0.7,6
2024-09-30,Joseph Addis,Liam Penny,e1 liam penny,1856,E1,1,1913,0.57,0.57,1
2024-10-16,Joseph Addis,Alan Keene,g1 alan keene,1898,G1,1,1922,1.08,0.51,2
2024-11-05,Joseph Addis,John A Williams,g1 john a williams,1773,G1,1,1929,1.76,0.68,3
2024-11-13,Joseph Addis,William Phillips,g1 william phillips,1874,G1,1,1938,2.3,0.54,4
2024-11-27,Joseph Addis,Chris Dixon,g1 chris dixon,1815,G1,0.5,1935,2.93,0.63,4.5
2024-07-05,Guy Wagner,Aaravamudhan Balaji,NA,2388,ENG,0,1902,0.1,0.1,0
2024-07-05,Guy Wagner,Mark Emblem,g1 mark emblem,1572,G1,1,1905,0.97,0.87,1
2024-07-06,Guy Wagner,Francisco Javier Cuenca Jimenez,NA,2036,FIDE,0,1898,1.29,0.32,1
2024-07-07,Guy Wagner,Emma Kong,e1 emma kong,1761,E1,0,1884,1.98,0.69,1
2024-07-07,Guy Wagner,Paul Moulson,g1 paul moulson,1644,G1,1,1888,2.8,0.82,2
2024-07-08,Guy Wagner,Malcolm Probert,w1 malcolm probert,1700,W1,0,1873,3.56,0.76,2
2024-07-09,Guy Wagner,Joshua McKenna,e1 joshua mckenna,1926,E1,1,1883,4.03,0.47,3
2024-07-10,Guy Wagner,Amaya Agarwal,NA,1729,ENG,1,1889,4.76,0.73,4
2024-07-29,Guy Wagner,Pablo Diaz Fernandez,NA,1400,EST,1,1891,5.66,0.9,5
2024-07-30,Guy Wagner,Eduardo Castro Quijano,NA,2147,FIDE,0,1887,5.86,0.2,5
2024-07-30,Guy Wagner,Juan Reguillaga Otano,NA,1742,FIDE,1,1892,6.58,0.72,6
2024-08-02,Guy Wagner,Rodrigo Alvarez Barrallo,NA,1743,FIDE,0,1878,7.3,0.72,6
2024-08-03,Guy Wagner,Eden Alvarez De Diego,NA,1704,FIDE,1,1883,8.06,0.76,7
2024-07-31,Guy Wagner,Tom Brown,e1 tom brown,2189,E1,0,1880,8.22,0.16,7
2024-09-04,Guy Wagner,Kimberly Chong,e1 kimberly chong,1797,E1,0.5,1877,8.87,0.65,7.5
2024-09-25,Guy Wagner,Michael Arribas-Ayllon,e1 michael arribas-ayllon,1748,E1,0,1862,9.58,0.71,7.5
2024-10-13,Guy Wagner,Anshul Swamy,e1 anshul swamy,1636,E1,1,1866,10.4,0.82,8.5
2024-10-14,Guy Wagner,Jonathan Gilbert,g1 jonathan gilbert,2016,G1,0.5,1869,10.74,0.34,9
2024-10-20,Guy Wagner,Orel Ribstein,NA,2190,FIDE,0,1866,10.9,0.16,9
2024-10-21,Guy Wagner,Ollie Willson,NA,2143,ENG,0,1862,11.1,0.2,9
2024-10-22,Guy Wagner,Kevin O'Flaherty,NA,1977,FIDE,0,1854,11.5,0.4,9
2024-10-24,Guy Wagner,Rytis Virbalis,NA,1888,FIDE,1,1863,12.02,0.52,10
2024-10-25,Guy Wagner,Henry Brade,NA,1752,FIDE,0.5,1859,12.73,0.71,10.5
2024-10-26,Guy Wagner,Dragan Janjic,NA,1083,EST,1,1861,13.63,0.9,11.5
2024-11-06,Guy Wagner,Dave McGhee,e1 dave mcghee,1896,E1,0.5,1861,14.14,0.51,12
2024-11-07,Guy Wagner,Alun Smith,e1 alun smith,1834,E1,0.5,1859,14.74,0.6,12.5
2024-11-20,Guy Wagner,Peter Quinn,e1 peter quinn,1843,E1,1,1867,15.33,0.59,13.5
2024-11-27,Guy Wagner,John McGregor,e1 john mcgregor,1890,E1,0,1857,15.85,0.52,13.5
2024-12-04,Guy Wagner,Stefan Le Roy,e1 stefan le roy,1718,E1,0,1842,16.59,0.74,13.5
2024-12-10,Guy Wagner,Mark Jones,e1 mark jones,1793,E1,1,1849,17.24,0.65,14.5
2024-12-28,Guy Wagner,Jaeha Kim,NA,1719,FIDE,0,1834,17.98,0.74,14.5
2024-12-29,Guy Wagner,John Harris,NA,1772,ENG,1,1840,18.66,0.68,15.5
2024-12-29,Guy Wagner,Henri Blin,NA,1727,ENG,0,1826,19.39,0.73,15.5
2024-12-30,Guy Wagner,Chris Young,NA,1748,FIDE,1,1832,20.1,0.71,16.5
2024-09-24,Hywel Griffiths,Peter Bevan,w1 peter bevan,1907,W1,0.5,1902,0.49,0.49,0.5
2024-11-19,Hywel Griffiths,Donovan Sipho,w1 donovan sipho,1814,W1,1,1910,1.11,0.62,1.5
2024-11-25,Hywel Griffiths,James Harford,w1 james harford,1828,W1,0,1898,1.71,0.6,1.5
2024-12-10,Hywel Griffiths,Malcolm Probert,w1 malcolm probert,1700,W1,1,1902,2.47,0.76,2.5
2024-10-02,Richard Batey,William Phillips,g1 william phillips,1874,G1,0.5,1900,0.54,0.54,0.5
2024-11-19,Richard Batey,Bob Hurn,e1 bob hurn,1731,E1,1,1906,1.27,0.73,1.5
2024-11-27,Richard Batey,Leslie Blohm,g1 leslie blohm,1962,G1,0.5,1907,1.68,0.41,2
2024-12-11,Richard Batey,William Phillips,g1 william phillips,1874,G1,0.5,1907,2.22,0.54,2.5
2024-09-11,Nick Van Noorden,David Robinson,e1 david robinson,1910,E1,1,1910,0.49,0.49,1
2024-09-18,Nick Van Noorden,Adam Musson,w1 adam musson,2039,W1,1,1924,0.8,0.31,2
2024-10-09,Nick Van Noorden,Jake Hurley,e1 jake hurley,1923,E1,0,1915,1.27,0.47,2
2024-10-28,Nick Van Noorden,Daniel Wilmot,e1 daniel wilmot,1968,E1,0,1907,1.67,0.4,2
2024-11-20,Nick Van Noorden,Tom Brown,e1 tom brown,2189,E1,0,1903,1.83,0.16,2
2024-12-04,Nick Van Noorden,Matthew Davies,e1 matthew davies,1944,E1,0,1895,2.27,0.44,2
2024-12-09,Nick Van Noorden,Jonathan Gilbert,g1 jonathan gilbert,2016,G1,0,1888,2.61,0.34,2
2024-07-02,Gary Thomas,Franz Scheckenbach,NA,2072,FIDE,0.5,1904,0.27,0.27,0.5
2024-07-03,Gary Thomas,David Bulkovstein,NA,1842,FIDE,0.5,1902,0.85,0.58,1
2024-07-04,Gary Thomas,Janusz Skorecki,NA,1729,FIDE,1,1907,1.58,0.73,2
2024-07-05,Gary Thomas,Ian Findlay,NA,2118,FIDE,1,1923,1.8,0.22,3
2024-07-06,Gary Thomas,Thilo Koop,NA,2088,FIDE,0,1918,2.05,0.25,3
2024-07-07,Gary Thomas,Edit Kozma,NA,1859,FIDE,0.5,1917,2.61,0.56,3.5
2024-07-10,Gary Thomas,Natalia Tsodikova,NA,2010,FIDE,0,1910,2.96,0.35,3.5
2024-07-11,Gary Thomas,Suresh Jhunjhnuwala,NA,1888,FIDE,0,1900,3.48,0.52,3.5
2024-09-18,Alan Keene,Zane Allford,g1 zane allford,1847,G1,1,1907,0.57,0.57,1
2024-10-16,Alan Keene,Joseph Addis,g1 joseph addis,1904,G1,0,1897,1.06,0.49,1
2024-10-30,Alan Keene,Lyn Holland,g1 lyn holland,1547,G1,1,1899,1.94,0.88,2
2024-11-11,Alan Keene,Peter Slater,e1 peter slater,1746,E1,0,1885,2.65,0.71,2
2024-11-27,Alan Keene,Steve Horrell,g1 steve horrell,1851,G1,1,1894,3.22,0.57,3
2024-12-17,Alan Keene,John A Williams,g1 john a williams,1773,G1,0.5,1890,3.89,0.67,3.5
2024-05-25,Callum Smith,Kai Lam,NA,1889,ENG,1,1908,0.51,0.51,1
2024-09-18,Callum Smith,Michael Arribas-Ayllon,e1 michael arribas-ayllon,1748,E1,1,1914,1.21,0.7,2
2024-11-11,Callum Smith,Gary Reynolds,NA,1782,ENG,1,1920,1.87,0.66,3
2024-10-21,Callum Smith,Alexander Sun,NA,1785,ENG,0.5,1917,2.53,0.66,3.5
2024-10-28,Callum Smith,Nathan J Manley,NA,1911,ENG,0.5,1918,3.01,0.48,4
2024-11-26,Callum Smith,Peter J Hemmings,NA,1799,ENG,1,1925,3.65,0.64,5
2024-12-12,Callum Smith,Roy Thomas,e1 roy thomas,1840,E1,0.5,1923,4.23,0.58,5.5
2024-09-16,Duncan Williams,Chris Daniel,w1 chris daniel,1752,W1,1,1904,0.7,0.7,1
2024-10-07,Duncan Williams,Darson Beeston,w1 darson beeston,1730,W1,1,1910,1.42,0.72,2
2024-10-14,Duncan Williams,Andrew Gibbons,w1 andrew gibbons,1967,W1,0,1901,1.82,0.4,2
2024-10-21,Duncan Williams,Donovan Sipho,w1 donovan sipho,1814,W1,1,1909,2.44,0.62,3
2024-10-27,Duncan Williams,Lauren Gonzalez Caceres,NA,1607,FIDE,1,1912,3.28,0.84,4
2024-10-28,Duncan Williams,Roberto Marcos Rey,NA,1310,Est,1,1914,4.18,0.9,5
2024-10-29,Duncan Williams,Oliver Kevin Uran Bermudez,NA,1943,FIDE,0.5,1916,4.62,0.44,5.5
2024-10-31,Duncan Williams,Luis Vicente Martin Martin,NA,1959,FIDE,1,1927,5.03,0.41,6.5
2024-11-01,Duncan Williams,Ernesto Ruiz Ureta,NA,1927,FIDE,1,1938,5.49,0.46,7.5
2024-11-01,Duncan Williams,Jose Fernando Blanco Sanchez,NA,1975,FIDE,0,1930,5.88,0.39,7.5
2024-11-02,Duncan Williams,Francisco Revilla Rio,NA,1948,FIDE,0,1922,6.31,0.43,7.5
2024-11-03,Duncan Williams,Fernando Mancebo Ibanez,NA,1999,FIDE,0,1915,6.67,0.36,7.5
2024-11-16,Duncan Williams,Sam Jukes,e1 sam jukes,1993,E1,1,1927,7.04,0.37,8.5
2024-11-16,Duncan Williams,Joe Fathallah,e1 joe fathallah,2011,E1,0,1920,7.38,0.34,8.5
2024-11-17,Duncan Williams,Dale Westcott,w1 dale westcott,1824,W1,0.5,1918,7.98,0.6,9
2024-11-17,Duncan Williams,Lysa Brooks,w1 lysa brooks,1800,W1,0,1906,8.62,0.64,9
2024-11-25,Duncan Williams,Steve Smith,w1 steve smith,1925,W1,0.5,1906,9.08,0.46,9.5
2024-08-16,Dave McGhee,Alan Young,w1 alan young,2047,W1,0.5,1900,0.3,0.3,0.5
2024-08-17,Dave McGhee,Daniel Gomez,NA,2124,ENG,0,1896,0.51,0.21,0.5
2024-08-17,Dave McGhee,Kimberly Chong,e1 kimberly chong,1797,E1,1,1903,1.15,0.64,1.5
2024-08-18,Dave McGhee,Yuxuan Wu,e1 yuxuan wu,1915,E1,0.5,1904,1.62,0.47,2
2024-08-18,Dave McGhee,Dylan Wastney,NA,1985,ENG,0,1896,1.99,0.37,2
2024-09-02,Dave McGhee,Derek Jones,e1 derek jones,1989,E1,1,1909,2.36,0.37,3
2024-09-11,Dave McGhee,Ivan De La Cruz,e1 ivan de la cruz,2053,E1,0.5,1913,2.65,0.29,3.5
2024-09-18,Dave McGhee,David Lewis,e1 david lewis,1815,E1,1,1921,3.26,0.61,4.5
2024-09-25,Dave McGhee,Kristan Enoch,e1 kristan enoch,1803,E1,1,1928,3.89,0.63,5.5
2024-09-30,Dave McGhee,Mike Gale,e1 mike gale,1787,E1,1,1935,4.54,0.65,6.5
2024-10-02,Dave McGhee,Michael Arribas-Ayllon,e1 michael arribas-ayllon,1748,E1,1,1941,5.24,0.7,7.5
2024-10-16,Dave McGhee,Yusuf Sulemani,e1 yusuf sulemani,1700,E1,0.5,1936,6,0.76,8
2024-10-20,Dave McGhee,Roee Pelech,NA,2180,FIDE,0,1933,6.16,0.16,8
2024-10-21,Dave McGhee,David B Graham,NA,2205,ENG,0,1930,6.3,0.14,8
2024-10-23,Dave McGhee,John P Weatherlake,NA,2018,ENG,0.5,1933,6.63,0.33,8.5
2024-10-24,Dave McGhee,Robert McAndrew,NA,2042,SCO,1,1947,6.93,0.3,9.5
2024-10-25,Dave McGhee,Ilkka Hartio,NA,1935,FIDE,1,1958,7.37,0.44,10.5
2024-10-26,Dave McGhee,Miodrag Milic,NA,1773,EST,0.5,1955,8.04,0.67,11
2024-10-30,Dave McGhee,Hamid Farani Sani,e1 hamid farani sani,1600,E1,1,1958,8.89,0.85,12
2024-11-06,Dave McGhee,Guy Wagner,e1 guy wagner,1904,E1,0.5,1958,9.38,0.49,12.5
2024-11-07,Dave McGhee,Bence Szakmany,e1 bence szakmany,1947,E1,0.5,1960,9.81,0.43,13
2024-11-11,Dave McGhee,David Perrett,e1 david perrett,1980,E1,0.5,1962,10.19,0.38,13.5
2024-11-13,Dave McGhee,Joshua McKenna,e1 joshua mckenna,1926,E1,1,1973,10.65,0.46,14.5
2024-11-20,Dave McGhee,Sam Jukes,e1 sam jukes,1993,E1,0.5,1976,11.01,0.36,15
2024-11-27,Dave McGhee,David Perrett,e1 david perrett,1980,E1,1,1988,11.39,0.38,16
2024-12-04,Dave McGhee,Peter Quinn,e1 peter quinn,1843,E1,1,1996,11.97,0.58,17
2024-12-11,Dave McGhee,Joe Fathallah,e1 joe fathallah,2011,E1,0,1990,12.31,0.34,17
2024-12-12,Dave McGhee,John McGregor,e1 john mcgregor,1890,E1,0.5,1989,12.82,0.51,17.5
2024-12-19,Dave McGhee,Michael Arribas-Ayllon,e1 michael arribas-ayllon,1748,E1,1,1995,13.52,0.7,18.5
2024-08-16,Ben Brewer,Sheng Liang Bernard Chan,NA,2179,ENG,0,1892,0.16,0.16,0
2024-08-17,Ben Brewer,Iwan Cave,n1 iwan cave,2162,N1,0,1888,0.34,0.18,0
2024-08-17,Ben Brewer,Kandara Acharya,NA,1894,ENG,1,1898,0.84,0.5,1
2024-08-18,Ben Brewer,Liam Powell-Jones,g1 liam powell-jones,1686,G1,1,1903,1.61,0.77,2
2024-08-18,Ben Brewer,Joe Fathallah,e1 joe fathallah,2011,E1,0,1896,1.95,0.34,2
2024-10-28,Ben Brewer,Scott Hammett,d1 scott hammett,1816,D1,1,1904,2.56,0.61,3
2024-11-15,Ben Brewer,Grzegorz Toczek,e1 grzegorz toczek,2337,E1,0,1902,2.66,0.1,3
2024-11-16,Ben Brewer,Hasini Pamuditha Liyanage,w1 hasini pamuditha liyanage,1468,W1,1,1904,3.56,0.9,4
2024-11-16,Ben Brewer,Adam Woodruff,w1 adam woodruff,1959,W1,0.5,1906,3.97,0.41,4.5
2024-11-17,Ben Brewer,Vlad Pintea,NA,1740,ENG,1,1911,4.68,0.71,5.5
2024-11-17,Ben Brewer,Alexis Harakis,d1 alexis harakis,2297,D1,0,1909,4.78,0.1,5.5
2024-07-02,John McGregor,David Belochkin,e1 david belochkin,1535,E1,0.5,1882,0.89,0.89,0.5
2024-07-09,John McGregor,Suraj Prabhu,e1 suraj prabhu,1727,E1,1,1888,1.61,0.72,1.5
2024-07-16,John McGregor,Tim Kett,e1 tim kett,2199,E1,0,1885,1.75,0.14,1.5
2024-09-05,John McGregor,David Perrett,e1 david perrett,1980,E1,0.5,1888,2.12,0.37,2
2024-09-14,John McGregor,Steve Williams (Cwm),g1 steve williams (cwm),1698,G1,1,1893,2.87,0.75,3
2024-09-14,John McGregor,Bronwen Tuson,d1 bronwen tuson,1450,D1,1,1895,3.77,0.9,4
2024-09-15,John McGregor,James Tapp,e1 james tapp,2011,E1,0,1888,4.1,0.33,4
2024-09-15,John McGregor,Ethan McGrath,e1 ethan mcgrath,1750,E1,1,1894,4.79,0.69,5
2024-10-03,John McGregor,Govind Anandkumar,e1 govind anandkumar,1719,E1,1,1900,5.52,0.73,6
2024-10-09,John McGregor,Emma Kong,e1 emma kong,1761,E1,1,1906,6.2,0.68,7
2024-10-13,John McGregor,Sam Jukes,e1 sam jukes,1993,E1,0.5,1909,6.56,0.36,7.5
2024-10-17,John McGregor,Emma Kong,e1 emma kong,1761,E1,0.5,1905,7.24,0.68,8
2024-11-14,John McGregor,Yusuf Sulemani,e1 yusuf sulemani,1700,E1,1,1910,7.99,0.75,9
2024-11-27,John McGregor,Guy Wagner,e1 guy wagner,1904,E1,1,1921,8.47,0.48,10
2024-12-12,John McGregor,Dave McGhee,e1 dave mcghee,1896,E1,0.5,1921,8.96,0.49,10.5
2024-09-18,Andrew Owen,Paul Scott,g1 paul scott,1782,G1,1,1895,0.65,0.65,1
2024-10-30,Andrew Owen,Chris Dixon,g1 chris dixon,1815,G1,0.5,1893,1.25,0.6,1.5
2024-11-11,Andrew Owen,Dave Turner,g1 dave turner,1914,G1,0,1884,1.71,0.46,1.5
2024-07-08,Steve Cunliffe,Mike Gale,e1 mike gale,1787,E1,1,1893,0.64,0.64,1
2024-07-22,Steve Cunliffe,John Ryles,e1 john ryles,1650,E1,1,1897,1.44,0.8,2
2024-08-05,Steve Cunliffe,Gwyn Havard,e1 gwyn havard,1855,E1,1,1906,1.98,0.54,3
2024-08-19,Steve Cunliffe,Dave Parsons,e1 dave parsons,1824,E1,0.5,1905,2.57,0.59,3.5
2024-09-02,Steve Cunliffe,Mike Gale,e1 mike gale,1787,E1,0.5,1902,3.21,0.64,4
2024-09-17,Steve Cunliffe,David Rovaretti,e1 david rovaretti,1794,E1,0.5,1899,3.84,0.63,4.5
2024-09-30,Steve Cunliffe,Kristan Enoch,e1 kristan enoch,1803,E1,1,1907,4.46,0.62,5.5
2024-10-14,Steve Cunliffe,Justin Morgans,e1 justin morgans,1806,E1,0.5,1905,5.07,0.61,6
2024-10-28,Steve Cunliffe,Owen Tompkins Coll,e1 owen tompkins coll,1750,E1,0.5,1901,5.76,0.69,6.5
2024-11-18,Steve Cunliffe,Lachlan Tyrell,e1 lachlan tyrell,1800,E1,0.5,1899,6.38,0.62,7
2024-11-25,Steve Cunliffe,Dwain Jones,e1 dwain jones,1720,E1,1,1904,7.1,0.72,8
2024-12-02,Steve Cunliffe,Derek Jones,e1 derek jones,1989,E1,0.5,1907,7.46,0.36,8.5
2024-12-09,Steve Cunliffe,David Lewis,e1 david lewis,1815,E1,1,1915,8.06,0.6,9.5
2024-07-05,Lynda Smith,Wiliam Francis,w1 wiliam francis,1589,W1,1,1889,0.85,0.85,1
2024-07-06,Lynda Smith,Jose Camacho Collados,e1 jose camacho collados,2448,E1,0,1887,0.95,0.1,1
2024-07-07,Lynda Smith,Indy Southcott-Moyers,NA,2272,ENG,0,1885,1.05,0.1,1
2024-07-07,Lynda Smith,Malcolm Probert,w1 malcolm probert,1700,W1,0.5,1880,1.79,0.74,1.5
2024-09-11,Lynda Smith,Molissa Francita Ashton,NA,1700,Est,1,1885,2.53,0.74,2.5
2024-09-12,Lynda Smith,Heisy Nicole Garcia Andrada,NA,2003,FIDE,0,1879,2.87,0.34,2.5
2024-09-13,Lynda Smith,Sethabathaba Boitumelo,NA,1571,FIDE,1,1881,3.73,0.86,3.5
2024-09-14,Lynda Smith,Zsofia Gombocz,NA,2061,FIDE,0.5,1886,4,0.27,4
2024-09-15,Lynda Smith,Alena Mrvova,NA,2121,FIDE,0,1882,4.21,0.21,4
2024-09-18,Lynda Smith,Julie L Denning,NA,1741,FIDE,1,1888,4.91,0.7,5
2024-09-19,Lynda Smith,Bitia Cruz,NA,1736,FIDE,1,1894,5.61,0.7,6
2024-09-21,Lynda Smith,Namakau Likando,NA,1746,FIDE,0.5,1890,6.3,0.69,6.5
2024-09-22,Lynda Smith,Yuxin Lou,NA,1654,FIDE,0,1874,7.09,0.79,6.5
2024-11-28,Lynda Smith,Dave Williams,g1 dave williams,1785,G1,0,1861,7.73,0.64,6.5
2024-10-17,Lynda Smith,Gideon Gyeabour Ansu,NA,1963,ENG,0,1854,8.12,0.39,6.5
2024-11-12,Lynda Smith,Nigel Polett,NA,1845,ENG,0.5,1852,8.68,0.56,7
2024-12-10,Lynda Smith,Jason Leroy,NA,1656,ENG,1,1857,9.47,0.79,8
2024-10-07,Andrew Thomas,Ian Jones,w1 ian jones,1963,W1,0.5,1885,0.39,0.39,0.5
2024-10-14,Andrew Thomas,Bob Moore,w1 bob moore,1937,W1,1,1897,0.81,0.42,1.5
2024-10-21,Andrew Thomas,Lysa Brooks,w1 lysa brooks,1800,W1,0.5,1894,1.43,0.62,2
2024-11-05,Andrew Thomas,Malcolm Probert,w1 malcolm probert,1700,W1,1,1900,2.17,0.74,3
2024-11-25,Andrew Thomas,Dale Westcott,w1 dale westcott,1824,W1,1,1908,2.75,0.58,4
2024-12-09,Andrew Thomas,Adam Musson,w1 adam musson,2039,W1,0,1902,3.04,0.29,4
2024-09-24,Jonathan Thomas,Ian Eustis,w1 ian eustis,1829,W1,1,1890,0.58,0.58,1
2024-10-16,Jonathan Thomas,David Guy,w1 david guy,1853,W1,0,1880,1.12,0.54,1
2024-10-28,Jonathan Thomas,Richard Cleveland,w1 richard cleveland,2045,W1,0,1874,1.4,0.28,1
2024-11-19,Jonathan Thomas,Lysa Brooks,w1 lysa brooks,1800,W1,0,1862,2.02,0.62,1
2024-11-25,Jonathan Thomas,Darson Beeston,w1 darson beeston,1730,W1,1,1868,2.73,0.71,2
2024-09-10,Ray J Holland,Chris Grier,n1 chris grier,1817,N1,0,1867,0.59,0.59,0
2024-10-01,Ray J Holland,Chris Doran,NA,2029,ENG,0.5,1871,0.89,0.3,0.5
2024-11-12,Ray J Holland,Jack Walley,NA,1921,ENG,0,1863,1.33,0.44,0.5
2024-11-26,Ray J Holland,Jack Walley,NA,1921,ENG,0,1854,1.77,0.44,0.5
2024-12-03,Ray J Holland,Philip McKeown,NA,1782,ENG,1,1861,2.41,0.64,1.5
2024-12-10,Ray J Holland,Dorde Markovic,NA,1821,ENG,1,1869,2.99,0.58,2.5
2024-09-10,Will G Williams,Piotr Siwy,NA,1806,ENG,1,1886,0.6,0.6,1
2024-10-01,Will G Williams,Jack Walley,NA,1921,ENG,0,1877,1.04,0.44,1
2024-10-22,Will G Williams,G Brian Davies,n1 g brian davies,1833,N1,1,1886,1.6,0.56,2
2024-11-12,Will G Williams,Gareth Ellis,n1 gareth ellis,1935,N1,0,1878,2.02,0.42,2
2024-11-12,Roger Winterburn,Daniel Altmann,n1 daniel altmann,1755,N1,1,1884,0.67,0.67,1
2024-12-10,Roger Winterburn,Chris Doran,NA,2039,ENG,0,1878,0.95,0.28,1
2024-09-10,Denys Podcherniaev,Dorde Markovic,NA,1825,ENG,1,1884,0.57,0.57,1
2024-10-01,Denys Podcherniaev,Phil Crocker,NA,2188,ENG,0,1881,0.71,0.14,1
2024-10-22,Denys Podcherniaev,Charles F Morris,n1 charles f morris,2101,N1,0,1876,0.92,0.21,1
2024-11-12,Denys Podcherniaev,Geoff Graham,n1 geoff graham,1951,N1,0,1869,1.31,0.39,1
2024-12-03,Denys Podcherniaev,Jeff Smith,NA,2094,ENG,0.5,1874,1.53,0.22,1.5
2024-07-29,William Phillips,John D Wager,NA,2035,ENG,1,1888,0.28,0.28,1
2024-07-30,William Phillips,Robert G Clark,NA,2076,ENG,0,1884,0.52,0.24,1
2024-07-31,William Phillips,Ian G Kelly,NA,1984,ENG,1,1897,0.87,0.35,2
2024-08-01,William Phillips,John M Guilfoyle,NA,1992,ENG,0.5,1900,1.21,0.34,2.5
2024-08-02,William Phillips,Jim Burnett,NA,2039,ENG,0,1894,1.49,0.28,2.5
2024-08-16,William Phillips,Steve Williams (Cwm),g1 steve williams (cwm),1698,G1,1,1900,2.22,0.73,3.5
2024-08-17,William Phillips,John Fletcher,e1 john fletcher,2050,E1,0,1894,2.49,0.27,3.5
2024-08-17,William Phillips,Roy Thomas,e1 roy thomas,1840,E1,1,1903,3.04,0.55,4.5
2024-08-18,William Phillips,Rudy van Kemenade,n1 rudy van kemenade,1922,N1,0,1895,3.47,0.43,4.5
2024-08-18,William Phillips,Malcolm Probert,w1 malcolm probert,1700,W1,0,1880,4.2,0.73,4.5
2024-09-18,William Phillips,David Llewellyn,e1 david llewellyn,1940,E1,0.5,1882,4.61,0.41,5
2024-10-02,William Phillips,Richard Batey,g1 richard batey,1901,G1,0.5,1883,5.07,0.46,5.5
2024-10-15,William Phillips,Steve Williams (Cwm),g1 steve williams (cwm),1698,G1,0,1868,5.8,0.73,5.5
2024-10-30,William Phillips,Dave Turner,g1 dave turner,1914,G1,0,1859,6.24,0.44,5.5
2024-11-13,William Phillips,Joseph Addis,g1 joseph addis,1904,G1,0,1850,6.7,0.46,5.5
2024-11-27,William Phillips,Nigel Saunders,g1 nigel saunders,1961,G1,0.5,1853,7.08,0.38,6
2024-12-11,William Phillips,Richard Batey,g1 richard batey,1901,G1,0.5,1853,7.54,0.46,6.5
2024-11-23,William Phillips,Joseph Morrison,NA,1919,ENG,0,1845,7.98,0.44,6.5
2024-11-24,William Phillips,Oscar Pollack,NA,2169,ENG,1,1862,8.13,0.15,7.5
2024-10-20,Leon Zedlmayer,Ilay Zakin,NA,2240,FIDE,0,1868,0.11,0.11,0
2024-10-21,Leon Zedlmayer,David J Grant,NA,2184,ENG,0,1865,0.25,0.14,0
2024-10-22,Leon Zedlmayer,Carl Jackson,NA,1934,FIDE,1,1877,0.66,0.41,1
2024-10-23,Leon Zedlmayer,Adam May,w1 adam may,1955,W1,1,1889,1.04,0.38,2
2024-10-24,Leon Zedlmayer,Dans Vijups,NA,1857,FIDE,1,1899,1.56,0.52,3
2024-09-18,Owain Davies,Steve Horrell,g1 steve horrell,1851,G1,0.5,1866,0.52,0.52,0.5
2024-12-17,Owain Davies,Steve Williams (Cwm),g1 steve williams (cwm),1698,G1,1,1871,1.24,0.72,1.5
2024-07-23,Ellison Smith,Gabriel Landmark,NA,1788,IRL,1,1872,0.61,0.61,1
2024-07-23,Ellison Smith,Austin Ivan,NA,1923,ENG,0.5,1874,1.03,0.42,1.5
2024-07-24,Ellison Smith,Zachary Patton,NA,1871,FIDE,0.5,1874,1.52,0.49,2
2024-07-24,Ellison Smith,Mathur Pranav,NA,1932,ENG,0,1866,1.92,0.4,2
2024-07-25,Ellison Smith,Kyle Pelling,NA,2032,ENG,0,1860,2.2,0.28,2
2024-10-22,Mohammed Ayad,Jeff Smith,NA,2087,ENG,0,1859,0.22,0.22,0
2024-11-28,Mohammed Ayad,Mark Thomas (N),n1 mark thomas (n),1831,N1,0.5,1858,0.77,0.55,0.5
2024-11-11,Thomas Mahoney,Andrew Jeanes,e1 andrew jeanes,1713,E1,1,1868,0.7,0.7,1
2024-11-18,Thomas Mahoney,Steve Jones,e1 steve jones,1784,E1,0,1856,1.31,0.61,1
2024-11-26,Thomas Mahoney,Liam Penny,e1 liam penny,1856,E1,0,1846,1.82,0.51,1
2024-12-03,Thomas Mahoney,David Rovaretti,e1 david rovaretti,1794,E1,1,1854,2.42,0.6,2
2024-07-09,Liam Penny,Daniel Chaure-Larsen,e1 daniel chaure-larsen,1411,E1,1,1858,0.9,0.9,1
2024-09-17,Liam Penny,John A Williams,g1 john a williams,1773,G1,0.5,1856,1.52,0.62,1.5
2024-09-19,Liam Penny,Mike Gale,e1 mike gale,1787,E1,0,1844,2.12,0.6,1.5
2024-09-30,Liam Penny,Joseph Addis,g1 joseph addis,1904,G1,0,1835,2.55,0.43,1.5
2024-10-07,Liam Penny,Clive Silver,e1 clive silver,1666,E1,0.5,1830,3.3,0.75,2
2024-10-24,Liam Penny,Jonathan James,e1 jonathan james,2027,E1,0,1825,3.57,0.27,2
2024-11-25,Liam Penny,Oyvind Ringen,e1 oyvind ringen,1700,E1,1,1830,4.28,0.71,3
2024-11-26,Liam Penny,Thomas Mahoney,e1 thomas mahoney,1862,E1,1,1841,4.77,0.49,4
2024-12-02,Liam Penny,Matthew Lunnon,e1 matthew lunnon,1739,E1,1,1847,5.43,0.66,5
2024-12-12,Liam Penny,Suraj Prabhu,e1 suraj prabhu,1727,E1,1,1854,6.11,0.68,6
2024-12-17,Liam Penny,Jake Hurley,e1 jake hurley,1923,E1,0,1846,6.51,0.4,6
2024-07-08,Gwyn Havard,John Ryles,e1 john ryles,1650,E1,1,1860,0.76,0.76,1
2024-07-22,Gwyn Havard,Dave Parsons,e1 dave parsons,1824,E1,1,1869,1.3,0.54,2
2024-08-05,Gwyn Havard,Steve Cunliffe,e1 steve cunliffe,1886,E1,0,1860,1.76,0.46,2
2024-08-19,Gwyn Havard,Martin Ilett,e1 martin ilett,1631,E1,0.5,1854,2.54,0.78,2.5
2024-08-16,Gwyn Havard,David Morgan,NA,1686,FIDE,0.5,1850,3.27,0.73,3
2024-08-17,Gwyn Havard,Malcolm Probert,w1 malcolm probert,1700,W1,1,1855,3.98,0.71,4
2024-08-17,Gwyn Havard,Peter Quinn,e1 peter quinn,1843,E1,0.5,1855,4.5,0.52,4.5
2024-08-18,Gwyn Havard,Lee Davis,e1 lee davis,2008,E1,0,1849,4.79,0.29,4.5
2024-08-18,Gwyn Havard,Julie van Kemenade,n1 julie van kemenade,1797,N1,0.5,1847,5.37,0.58,5
2024-09-02,Gwyn Havard,Ian Abraham,e1 ian abraham,1772,E1,0.5,1845,5.99,0.62,5.5
2024-09-14,Gwyn Havard,Luke Anthony Honey,NA,2069,ENG,0,1841,6.22,0.23,5.5
2024-09-14,Gwyn Havard,Joseph Browse,e1 joseph browse,1827,E1,0,1830,6.76,0.54,5.5
2024-09-15,Gwyn Havard,Timur Ramzan,e1 timur ramzan,1527,E1,0.5,1822,7.63,0.87,6
2024-09-15,Gwyn Havard,Mike Gale,e1 mike gale,1787,E1,0,1810,8.23,0.6,6
2024-09-17,Gwyn Havard,Paul Bridges,e1 paul bridges,1818,E1,0.5,1809,8.78,0.55,6.5
2024-09-19,Gwyn Havard,David Llewellyn,e1 david llewellyn,1940,E1,0.5,1812,9.16,0.38,7
2024-09-30,Gwyn Havard,Emma Kong,e1 emma kong,1761,E1,0,1799,9.79,0.63,7
2024-10-07,Gwyn Havard,Paul Bridges,e1 paul bridges,1818,E1,0.5,1798,10.34,0.55,7.5
2024-11-11,Gwyn Havard,Stefan Le Roy,e1 stefan le roy,1718,E1,1,1804,11.03,0.69,8.5
2024-11-18,Gwyn Havard,Syer Khizer Rizvi,e1 syer khizer rizvi,1800,E1,0,1793,11.61,0.58,8.5
2024-09-24,Michael Beck,Bob Moore,w1 bob moore,1937,W1,0,1845,0.38,0.38,0
2024-10-16,Michael Beck,Martin C Jones,d1 martin c jones,1788,D1,0.5,1844,0.97,0.59,0.5
2024-12-10,Michael Beck,Matthew Billington,w1 matthew billington,1656,W1,0.5,1838,1.73,0.76,1
2024-09-09,David Guy,Sam Brown,w1 sam brown,1628,W1,0.5,1847,0.79,0.79,0.5
2024-09-25,David Guy,Richard Cleveland,w1 richard cleveland,2045,W1,0.5,1852,1.04,0.25,1
2024-10-16,David Guy,Jonathan Thomas,w1 jonathan thomas,1882,W1,1,1863,1.5,0.46,2
2024-10-29,David Guy,Wiktor Guminski,NA,1407,FIDE,1,1865,2.4,0.9,3
2024-10-29,David Guy,Roman Tovarys,NA,1657,FIDE,0.5,1860,3.16,0.76,3.5
2024-10-30,David Guy,Rustem Muratov,NA,1783,FIDE,1,1868,3.76,0.6,4.5
2024-10-30,David Guy,Volodymyr Zabolotny,NA,1938,FIDE,0,1860,4.14,0.38,4.5
2024-10-31,David Guy,Mateusz Wasilewski,NA,1574,FIDE,0,1844,4.97,0.83,4.5
2024-10-31,David Guy,Stefan Krause,NA,1945,FIDE,1,1856,5.34,0.37,5.5
2024-11-01,David Guy,Raimundas Jankus,NA,1653,Est,1,1861,6.1,0.76,6.5
2024-11-26,David Guy,Vismith Prabhu,w1 vismith prabhu,1703,W1,0.5,1857,6.8,0.7,7
2024-09-17,Haydn Parry,Richard Doble,n1 richard doble,1805,N1,1,1861,0.57,0.57,1
2024-10-02,Haydn Parry,Mark Cromwell,NA,1869,ENG,0,1851,1.05,0.48,1
2024-10-15,Haydn Parry,Piotr Siwy,NA,1804,ENG,1,1860,1.62,0.57,2
2024-11-27,Haydn Parry,Robert G Hill,n1 robert g hill,1550,N1,1,1863,2.47,0.85,3
2024-12-09,Haydn Parry,Manpreet Sangha,NA,1991,ENG,0,1857,2.78,0.31,3
2024-08-18,Steve Horrell,Mark Adams,g1 mark adams,2030,G1,0,1846,0.26,0.26,0
2024-08-16,Steve Horrell,Paul Hatchett,e1 paul hatchett,2012,E1,0,1840,0.54,0.28,0
2024-08-17,Steve Horrell,Gary Slegg,n1 gary slegg,1737,N1,1,1847,1.2,0.66,1
2024-08-18,Steve Horrell,Tim Kett,e1 tim kett,2199,E1,0,1845,1.32,0.12,1
2024-09-18,Steve Horrell,Owain Davies,g1 owain davies,1866,G1,0.5,1845,1.8,0.48,1.5
2024-10-02,Steve Horrell,Chris Dixon,g1 chris dixon,1815,G1,0.5,1844,2.35,0.55,2
2024-10-15,Steve Horrell,Bob Hurn,e1 bob hurn,1731,E1,1,1851,3.02,0.67,3
2024-10-13,Steve Horrell,Sergio Esteves,e1 sergio esteves,1743,E1,0,1838,3.67,0.65,3
2024-10-30,Steve Horrell,Peter Slater,e1 peter slater,1746,E1,0,1825,4.32,0.65,3
2024-11-13,Steve Horrell,Neil Carter,g1 neil carter,1835,G1,0,1814,4.84,0.52,3
2024-11-27,Steve Horrell,Alan Keene,g1 alan keene,1898,G1,0,1806,5.27,0.43,3
2024-12-11,Steve Horrell,Chris Dixon,g1 chris dixon,1815,G1,0,1795,5.82,0.55,3
2024-10-03,Les Simcock,Steve Williams,NA,1714,ENG,1,1856,0.69,0.69,1
2024-10-22,Les Simcock,Dave Hulme,NA,1863,ENG,1,1867,1.17,0.48,2
2024-11-12,Les Simcock,Michael Whale,n1 michael whale,1829,N1,0.5,1866,1.7,0.53,2.5
2024-11-28,Les Simcock,Stephen Dunning,n1 stephen dunning,1781,N1,0.5,1864,2.3,0.6,3
2024-12-05,Les Simcock,John Harvey,NA,1914,ENG,0,1856,2.71,0.41,3
2024-09-11,Bill Hunt,Roy Thomas,e1 roy thomas,1840,E1,0.5,1849,0.51,0.51,0.5
2024-10-02,Bill Hunt,Georgi Korovski,e1 georgi korovski,1919,E1,0,1841,0.91,0.4,0.5
2024-10-23,Bill Hunt,Piotr Graczyk,e1 piotr graczyk,1698,E1,0,1827,1.61,0.7,0.5
2024-12-04,Bill Hunt,Mark Jones,e1 mark jones,1793,E1,0.5,1825,2.19,0.58,1
2024-09-18,Zane Allford,Alan Keene,g1 alan keene,1898,G1,0,1838,0.43,0.43,0
2024-10-02,Zane Allford,Ben Richards,g1 ben richards,1599,G1,1,1842,1.24,0.81,1
2024-10-15,Zane Allford,Joshua Colcombe,g1 joshua colcombe,1561,G1,1,1846,2.08,0.84,2
2024-10-30,Zane Allford,Ron Williams,g1 ron williams,1649,G1,1,1850,2.84,0.76,3
2024-11-27,Zane Allford,Paul Mills,g1 paul mills,1771,G1,1,1858,3.45,0.61,4
2024-12-11,Zane Allford,Trey Austen,g1 trey austen,1350,G1,0.5,1850,4.35,0.9,4.5
2024-07-03,Peter Quinn,Jim G Murray,NA,1884,IRL,0.5,1844,0.44,0.44,0.5
2024-07-04,Peter Quinn,Georgy Aragones-Melhem,NA,2079,BEL,0,1840,0.64,0.2,0.5
2024-07-05,Peter Quinn,Eddie O'Connor,NA,1953,IRL,0.5,1843,0.99,0.35,1
2024-07-06,Peter Quinn,Robert McAndrew,NA,2027,SCO,0.5,1848,1.25,0.26,1.5
2024-07-08,Peter Quinn,Amy C Nunn,NA,1478,EST,1,1850,2.14,0.89,2.5
2024-07-10,Peter Quinn,Guenther Dr. Kundt,NA,1843,FIDE,0.5,1850,2.64,0.5,3
2024-08-16,Peter Quinn,Rudy van Kemenade,n1 rudy van kemenade,1922,N1,1,1862,3.03,0.39,4
2024-08-17,Peter Quinn,Nigel Saunders,g1 nigel saunders,1961,G1,0.5,1866,3.37,0.34,4.5
2024-08-17,Peter Quinn,Gwyn Havard,e1 gwyn havard,1855,E1,0.5,1866,3.85,0.48,5
2024-08-18,Peter Quinn,John Fletcher,e1 john fletcher,2050,E1,0.5,1871,4.08,0.23,5.5
2024-08-18,Peter Quinn,David Morgan,NA,1686,FIDE,0.5,1867,4.79,0.71,6
2024-09-04,Peter Quinn,Chris Fox,e1 chris fox,1702,E1,0.5,1863,5.48,0.69,6.5
2024-09-11,Peter Quinn,Andrew Di-Vetta,e1 andrew di-vetta,1830,E1,0,1853,6,0.52,6.5
2024-09-14,Peter Quinn,Hamid Farani Sani,e1 hamid farani sani,1600,E1,0,1837,6.8,0.8,6.5
2024-09-14,Peter Quinn,Steve Williams (Cwm),g1 steve williams (cwm),1698,G1,0.5,1833,7.5,0.7,7
2024-09-14,Peter Quinn,Scott Hammett,d1 scott hammett,1816,D1,1,1842,8.04,0.54,8
2024-09-15,Peter Quinn,Ifan Rathbone-Jones,n1 ifan rathbone-jones,2078,N1,0,1838,8.25,0.21,8
2024-09-15,Peter Quinn,Vismith Prabhu,w1 vismith prabhu,1703,W1,0.5,1834,8.94,0.69,8.5
2024-09-18,Peter Quinn,Bence Szakmany,e1 bence szakmany,1947,E1,1,1847,9.29,0.35,9.5
2024-10-09,Peter Quinn,Georgi Korovski,e1 georgi korovski,1919,E1,0.5,1849,9.68,0.39,10
2024-10-13,Peter Quinn,Khushi Bagga,e1 khushi bagga,1594,E1,0,1833,10.49,0.81,10
2024-10-16,Peter Quinn,James Tapp,e1 james tapp,2011,E1,0,1828,10.77,0.28,10
2024-10-23,Peter Quinn,George Turner,e1 george turner,1924,E1,0.5,1830,11.16,0.39,10.5
2024-10-28,Peter Quinn,Andrew Jeanes,e1 andrew jeanes,1713,E1,1,1836,11.84,0.68,11.5
2024-10-30,Peter Quinn,Miltos Zoumekas,e1 miltos zoumekas,1700,E1,1,1842,12.53,0.69,12.5
2024-11-06,Peter Quinn,Andrei Zhuravlev,e1 andrei zhuravlev,1484,E1,1,1845,13.42,0.89,13.5
2024-11-13,Peter Quinn,Henry Jones,e1 henry jones,1310,E1,1,1847,14.32,0.9,14.5
2024-11-20,Peter Quinn,Guy Wagner,e1 guy wagner,1904,E1,0,1838,14.73,0.41,14.5
2024-11-27,Peter Quinn,Oleksandr Zhuravel,e1 oleksandr zhuravel,1310,E1,1,1840,15.63,0.9,15.5
2024-12-04,Peter Quinn,Dave McGhee,e1 dave mcghee,1896,E1,0,1832,16.05,0.42,15.5
2024-12-09,Peter Quinn,Gareth Yeo,e1 gareth yeo,2087,E1,0,1828,16.25,0.2,15.5
2024-12-11,Peter Quinn,Sam Jukes,e1 sam jukes,1993,E1,0,1822,16.55,0.3,15.5
2024-12-18,Peter Quinn,Richard Cousins,e1 richard cousins,1600,E1,1,1826,17.35,0.8,16.5
2024-10-28,Ewan Ferguson,Martin C Jones,d1 martin c jones,1788,D1,0,1829,0.57,0.57,0
2024-07-26,Roger Greatorex,Shree Rao,NA,1793,ENG,0,1829,0.57,0.57,0
2024-07-27,Roger Greatorex,Jospeh Hanlon,NA,1741,IRL,0.5,1826,1.21,0.64,0.5
2024-07-27,Roger Greatorex,Armaan Nilim,NA,1885,ENG,0.5,1827,1.65,0.44,1
2024-07-28,Roger Greatorex,Maya Keen,NA,1814,ENG,0.5,1826,2.19,0.54,1.5
2024-07-28,Roger Greatorex,Sophie Mehta,NA,1816,ENG,1,1836,2.72,0.53,2.5
2024-07-29,Roger Greatorex,Alan Punnett,NA,2027,ENG,0,1831,2.97,0.25,2.5
2024-07-30,Roger Greatorex,Chris Bellers,NA,1965,ENG,0,1824,3.3,0.33,2.5
2024-07-31,Roger Greatorex,Denis Georgiou,NA,1918,ENG,0,1816,3.69,0.39,2.5
2024-09-06,Roger Greatorex,Kam Wa Siu,NA,1938,ENG,0,1809,4.05,0.36,2.5
2024-09-07,Roger Greatorex,Thomas Hackett,NA,1914,ENG,1,1821,4.45,0.4,3.5
2024-09-07,Roger Greatorex,Ben Fearnhead,NA,1956,ENG,0,1814,4.79,0.34,3.5
2024-09-08,Roger Greatorex,James McDonnell,NA,1918,ENG,0,1807,5.18,0.39,3.5
2024-10-05,Roger Greatorex,Tetsuaki Sanada,NA,2077,ENG,0,1803,5.38,0.2,3.5
2024-10-05,Roger Greatorex,Benedikt Pitel,NA,1904,ENG,1,1814,5.79,0.41,4.5
2024-10-06,Roger Greatorex,Alannah Ashton,NA,2075,ENG,0,1810,6,0.21,4.5
2024-10-06,Roger Greatorex,Paul Wheatley,NA,1927,ENG,0,1803,6.38,0.38,4.5
2024-10-25,Roger Greatorex,Richard Mourne,NA,1908,ENG,0,1795,6.78,0.4,4.5
2024-10-26,Roger Greatorex,Andrew Beswick,NA,1781,ENG,1,1803,7.36,0.58,5.5
2024-10-26,Roger Greatorex,Jon Pickering,NA,1822,ENG,1,1812,7.89,0.53,6.5
2024-10-27,Roger Greatorex,Brian Smith,NA,1890,ENG,0.5,1814,8.32,0.43,7
2024-10-27,Roger Greatorex,Samir Cradock,NA,1891,ENG,1,1825,8.75,0.43,8
2024-07-05,Roy Thomas,Jose Fernando Cuenca Jimenez,NA,2479,FIDE,0,1838,0.1,0.1,0
2024-07-05,Roy Thomas,Gareth Richards,e1 gareth richards,1574,E1,0.5,1832,0.92,0.82,0.5
2024-07-06,Roy Thomas,Tomos Francis,w1 tomos francis,1316,W1,1,1834,1.82,0.9,1.5
2024-07-07,Roy Thomas,Hugo Fowler,g1 hugo fowler,2116,G1,0,1830,1.99,0.17,1.5
2024-07-07,Roy Thomas,Mark Emblem,g1 mark emblem,1572,G1,1,1834,2.81,0.82,2.5
2024-07-08,Roy Thomas,Jack Liu,NA,2230,ENG,0,1832,2.91,0.1,2.5
2024-07-09,Roy Thomas,Oliver Stubbs,NA,2261,ENG,0,1830,3.01,0.1,2.5
2024-07-10,Roy Thomas,John A Williams,g1 john a williams,1773,G1,1,1838,3.61,0.6,3.5
2024-08-16,Roy Thomas,Michael Binks,e1 michael binks,1994,E1,1,1852,3.9,0.29,4.5
2024-08-17,Roy Thomas,Lee Davis,e1 lee davis,2008,E1,0.5,1856,4.18,0.28,5
2024-08-17,Roy Thomas,William Phillips,g1 william phillips,1874,G1,0,1847,4.63,0.45,5
2024-08-18,Roy Thomas,Julie van Kemenade,n1 julie van kemenade,1797,N1,1,1856,5.19,0.56,6
2024-08-18,Roy Thomas,John Fletcher,e1 john fletcher,2050,E1,1,1872,5.42,0.23,7
2024-09-11,Roy Thomas,Bill Hunt,e1 bill hunt,1849,E1,0.5,1872,5.91,0.49,7.5
2024-09-20,Roy Thomas,Trevor Hurt,NA,1773,ENG,1,1880,6.51,0.6,8.5
2024-09-21,Roy Thomas,Nigel J Kirkman,NA,1831,ENG,1,1890,7.02,0.51,9.5
2024-09-21,Roy Thomas,Percy TP Gill,NA,1834,ENG,1,1900,7.53,0.51,10.5
2024-09-22,Roy Thomas,Michael H Stinton-Brownbridge,NA,1898,ENG,0,1891,7.95,0.42,10.5
2024-09-22,Roy Thomas,John V Morrison,NA,1883,ENG,0,1882,8.39,0.44,10.5
2024-10-07,Roy Thomas,Gareth Yeo,e1 gareth yeo,2087,E1,0,1879,8.58,0.19,10.5
2024-10-13,Roy Thomas,Pete Heaven,e1 pete heaven,2084,E1,0.5,1885,8.78,0.2,11
2024-10-16,Roy Thomas,Georgi Korovski,e1 georgi korovski,1919,E1,0.5,1887,9.17,0.39,11.5
2024-10-21,Roy Thomas,Stefan Le Roy,e1 stefan le roy,1718,E1,1,1893,9.84,0.67,12.5
2024-10-28,Roy Thomas,Anezka Vlkova,e1 anezka vlkova,1955,E1,0,1887,10.18,0.34,12.5
2024-11-11,Roy Thomas,Owen Tompkins Coll,e1 owen tompkins coll,1750,E1,1,1894,10.81,0.63,13.5
2024-11-14,Roy Thomas,Joshua McKenna,e1 joshua mckenna,1926,E1,0.5,1897,11.19,0.38,14
2024-11-15,Roy Thomas,Hasini Pamuditha Liyanage,w1 hasini pamuditha liyanage,1468,W1,1,1899,12.08,0.89,15
2024-11-16,Roy Thomas,Allan Pleasants,e1 allan pleasants,2126,E1,0,1895,12.24,0.16,15
2024-11-16,Roy Thomas,Emma Kong,e1 emma kong,1761,E1,0,1883,12.85,0.61,15
2024-11-17,Roy Thomas,Jon Tuson,d1 jon tuson,1796,D1,1,1892,13.41,0.56,16
2024-11-17,Roy Thomas,Donovan Sipho,w1 donovan sipho,1814,W1,0.5,1891,13.95,0.54,16.5
2024-12-02,Roy Thomas,Steve Jones,e1 steve jones,1784,E1,1,1900,14.53,0.58,17.5
2024-12-12,Roy Thomas,Callum Smith,e1 callum smith,1898,E1,0.5,1901,14.95,0.42,18
2024-09-18,Neil Carter,David Vaughan,g1 david vaughan,1934,G1,0,1828,0.36,0.36,0
2024-11-13,Neil Carter,Steve Horrell,g1 steve horrell,1851,G1,1,1838,0.84,0.48,1
2024-07-09,Alun Smith,Raman Rajoram,e1 raman rajoram,1398,E1,1,1836,0.9,0.9,1
2024-09-18,Alun Smith,Chris Fox,e1 chris fox,1702,E1,1,1842,1.58,0.68,2
2024-10-08,Alun Smith,Andrew Di-Vetta,e1 andrew di-vetta,1830,E1,1,1852,2.09,0.51,3
2024-10-13,Alun Smith,Joe Fathallah,e1 joe fathallah,2011,E1,0,1847,2.36,0.27,3
2024-10-29,Alun Smith,Gwynfor Rees,e1 gwynfor rees,2027,E1,0,1842,2.61,0.25,3
2024-11-07,Alun Smith,Guy Wagner,e1 guy wagner,1904,E1,0.5,1844,3.01,0.4,3.5
2024-11-20,Alun Smith,Micah O'Toole,e1 micah o'toole,1774,E1,0,1832,3.6,0.59,3.5
2024-12-12,Alun Smith,Yusuf Sulemani,e1 yusuf sulemani,1700,E1,0,1819,4.28,0.68,3.5
2024-09-10,G Brian Davies,Michael J Williams,n1 michael j williams,1814,N1,0,1822,0.53,0.53,0
2024-10-15,G Brian Davies,Paul Sadler,n1 paul sadler,1720,N1,0,1809,1.19,0.66,0
2024-10-22,G Brian Davies,Will G Williams,n1 will g williams,1878,N1,0,1801,1.63,0.44,0
2024-11-12,G Brian Davies,Matthew Matthias,n1 matthew matthias,1679,N1,0.5,1796,2.34,0.71,0.5
2024-11-26,G Brian Davies,John Harvey,NA,1918,ENG,0,1789,2.72,0.38,0.5
2024-08-16,Lef Zografos,Patrick Bourne,d1 patrick bourne,1670,D1,1,1838,0.72,0.72,1
2024-08-17,Lef Zografos,Hamid Farani Sani,e1 hamid farani sani,1600,E1,1,1842,1.51,0.79,2
2024-08-17,Lef Zografos,Tomas Forsey,g1 tomas forsey,1713,G1,0,1829,2.17,0.66,2
2024-09-19,Lef Zografos,Dave Parsons,e1 dave parsons,1824,E1,1,1838,2.68,0.51,3
2024-10-07,Lef Zografos,Stefan Le Roy,e1 stefan le roy,1718,E1,0.5,1835,3.34,0.66,3.5
2024-11-25,Lef Zografos,Andrew Jeanes,e1 andrew jeanes,1713,E1,1,1842,4,0.66,4.5
2024-12-02,Lef Zografos,Ethan McGrath,e1 ethan mcgrath,1750,E1,0,1830,4.62,0.62,4.5
2024-09-25,Mark Thomas (N),Robert McClennan,NA,1753,ENG,0.5,1829,0.61,0.61,0.5
2024-10-02,Mark Thomas (N),Robert McClennan,NA,1755,ENG,1,1837,1.22,0.61,1.5
2024-10-10,Mark Thomas (N),Chris Grier,n1 chris grier,1817,N1,0.5,1836,1.74,0.52,2
2024-11-06,Mark Thomas (N),Peter S Fisher,n1 peter s fisher,1775,N1,1,1845,2.32,0.58,3
2024-11-13,Mark Thomas (N),Robert G Hill,n1 robert g hill,1550,N1,0,1828,3.15,0.83,3
2024-11-28,Mark Thomas (N),Mohammed Ayad,n1 mohammed ayad,1863,N1,0.5,1829,3.6,0.45,3.5
2024-12-09,Mark Thomas (N),Mark Cromwell,NA,1801,ENG,0.5,1828,4.14,0.54,4
2024-08-16,Andrew Di-Vetta,Chris Peters,e1 chris peters,1673,E1,1,1836,0.71,0.71,1
2024-08-17,Andrew Di-Vetta,Vismith Prabhu,w1 vismith prabhu,1703,W1,0,1822,1.39,0.68,1
2024-08-17,Andrew Di-Vetta,Andrew Balfe,g1 andrew balfe,1606,G1,1,1827,2.17,0.78,2
2024-08-18,Andrew Di-Vetta,Kevin Thomas,g1 kevin thomas,1800,G1,1,1836,2.71,0.54,3
2024-09-11,Andrew Di-Vetta,Peter Quinn,e1 peter quinn,1843,E1,1,1846,3.19,0.48,4
2024-09-14,Andrew Di-Vetta,Elijah Daniel,e1 elijah daniel,1392,E1,1,1848,4.09,0.9,5
2024-09-14,Andrew Di-Vetta,George Turner,e1 george turner,1924,E1,0,1841,4.46,0.37,5
2024-09-14,Andrew Di-Vetta,Oliver Bain,NA,1749,ENG,1,1848,5.07,0.61,6
2024-09-15,Andrew Di-Vetta,Joseph Browse,e1 joseph browse,1827,E1,1,1858,5.57,0.5,7
2024-09-15,Andrew Di-Vetta,Luke Anthony Honey,NA,2069,ENG,0,1854,5.77,0.2,7
2024-09-19,Andrew Di-Vetta,Joshua McKenna,e1 joshua mckenna,1926,E1,0,1847,6.14,0.37,7
2024-10-01,Andrew Di-Vetta,Gareth Yeo,e1 gareth yeo,2087,E1,0.5,1853,6.33,0.19,7.5
2024-10-08,Andrew Di-Vetta,Alun Smith,e1 alun smith,1834,E1,0,1843,6.82,0.49,7.5
2024-10-13,Andrew Di-Vetta,Martin C Jones,d1 martin c jones,1788,D1,0.5,1842,7.38,0.56,8
2024-10-28,Andrew Di-Vetta,Ian Jones,w1 ian jones,1963,W1,0.5,1846,7.7,0.32,8.5
2024-10-30,Andrew Di-Vetta,Micah O'Toole,e1 micah o'toole,1774,E1,0,1834,8.28,0.58,8.5
2024-11-15,Andrew Di-Vetta,Bob Hurn,e1 bob hurn,1731,E1,1,1842,8.92,0.64,9.5
2024-11-16,Andrew Di-Vetta,Yaroslav Sharhorodsky,d1 yaroslav sharhorodsky,1830,D1,0,1832,9.42,0.5,9.5
2024-11-17,Andrew Di-Vetta,Evan Whitehouse,w1 evan whitehouse,1717,W1,0,1818,10.08,0.66,9.5
2024-11-19,Andrew Di-Vetta,Evan Whitehouse,w1 evan whitehouse,1717,W1,0,1805,10.74,0.66,9.5
2024-12-10,Andrew Di-Vetta,Gareth Harper,w1 gareth harper,1650,W1,0.5,1800,11.48,0.74,10
2024-11-16,Andrew Di-Vetta,Malcolm Probert,w1 malcolm probert,1700,W1,0,1787,12.16,0.68,10
2024-07-13,Yaroslav Sharhorodsky,Luke Freeman,NA,1890,ENG,0,1822,0.41,0.41,0
2024-07-13,Yaroslav Sharhorodsky,Henri Blin,NA,1704,ENG,0,1808,1.08,0.67,0
2024-07-23,Yaroslav Sharhorodsky,Jamie Martin,NA,1721,FIDE,1,1815,1.73,0.65,1
2024-07-23,Yaroslav Sharhorodsky,Rock Yu,NA,2048,ENG,0,1811,1.95,0.22,1
2024-07-24,Yaroslav Sharhorodsky,Igor Semenov,NA,2027,FIDE,0,1806,2.19,0.24,1
2024-07-24,Yaroslav Sharhorodsky,Nicholas Kowalski Rubiales,NA,1882,FIDE,0,1797,2.62,0.43,1
2024-07-25,Yaroslav Sharhorodsky,Zac Welling,NA,1963,ENG,0.5,1801,2.94,0.32,1.5
2024-08-16,Yaroslav Sharhorodsky,Daniel Shek,NA,1989,ENG,1,1815,3.23,0.29,2.5
2024-08-17,Yaroslav Sharhorodsky,Jack Hannigan,e1 jack hannigan,1650,E1,0,1801,3.97,0.74,2.5
2024-08-17,Yaroslav Sharhorodsky,Cameron Little,NA,1890,ENG,0,1792,4.38,0.41,2.5
2024-08-17,Yaroslav Sharhorodsky,Elijah Daniel,e1 elijah daniel,1392,E1,0,1774,5.28,0.9,2.5
2024-09-14,Yaroslav Sharhorodsky,George Turner,e1 george turner,1924,E1,0,1767,5.65,0.37,2.5
2024-09-14,Yaroslav Sharhorodsky,Elijah Daniel,e1 elijah daniel,1392,E1,1,1769,6.55,0.9,3.5
2024-09-14,Yaroslav Sharhorodsky,Jack Hannigan,e1 jack hannigan,1650,E1,1,1774,7.29,0.74,4.5
2024-09-15,Yaroslav Sharhorodsky,Joshua Richards,NA,1687,ENG,0.5,1770,7.98,0.69,5
2024-09-15,Yaroslav Sharhorodsky,Paul Hatchett,e1 paul hatchett,2012,E1,0,1765,8.24,0.26,5
2024-11-15,Yaroslav Sharhorodsky,Lucas Zheng,e1 lucas zheng,1709,E1,0,1752,8.91,0.67,5
2024-11-16,Yaroslav Sharhorodsky,Les Philpin,w1 les philpin,1701,W1,1,1758,9.59,0.68,6
2024-11-16,Yaroslav Sharhorodsky,Andrew Di-Vetta,e1 andrew di-vetta,1830,E1,1,1768,10.09,0.5,7
2024-11-17,Yaroslav Sharhorodsky,James Harford,w1 james harford,1828,W1,0,1758,10.59,0.5,7
2024-11-17,Yaroslav Sharhorodsky,Evan Whitehouse,w1 evan whitehouse,1717,W1,1,1765,11.25,0.66,8
2024-12-05,Chris Wescomb,Barrie Wells,n1 barrie wells,1823,N1,1,1840,0.51,0.51,1
2024-12-12,Chris Wescomb,Gregory Barker,n1 gregory barker,1750,N1,0,1828,1.12,0.61,1
2024-09-09,Ian Eustis,Jason Garcia,w1 jason garcia,2038,W1,0,1824,0.23,0.23,0
2024-09-16,Ian Eustis,John Arnold,w1 john arnold,1716,W1,0,1811,0.89,0.66,0
2024-09-24,Ian Eustis,Jonathan Thomas,w1 jonathan thomas,1882,W1,0,1803,1.31,0.42,0
2024-10-07,Ian Eustis,Sam Brown,w1 sam brown,1628,W1,1,1808,2.07,0.76,1
2024-10-14,Ian Eustis,Ian Jones,w1 ian jones,1963,W1,0,1801,2.39,0.32,1
2024-10-30,Ian Eustis,Martin C Jones,d1 martin c jones,1788,D1,0.5,1800,2.95,0.56,1.5
2024-11-05,Ian Eustis,Matthew Billington,w1 matthew billington,1656,W1,0,1785,3.68,0.73,1.5
2024-11-27,Ian Eustis,Mark Thomas,w1 mark thomas,1949,W1,0.5,1789,4.01,0.33,2
2024-09-10,Michael Whale,Edward Fitzpatrick,NA,1737,ENG,1,1836,0.63,0.63,1
2024-10-01,Michael Whale,Steve Lloyd,NA,1831,ENG,0,1826,1.13,0.5,1
2024-11-12,Michael Whale,Les Simcock,n1 les simcock,1850,N1,0.5,1827,1.6,0.47,1.5
2024-12-03,Michael Whale,Chris Doran,NA,2039,ENG,0,1822,1.83,0.23,1.5
2024-12-12,Michael Whale,Catriona Coutts,n1 catriona coutts,1746,N1,1,1830,2.45,0.62,2.5
2024-09-10,James Harford,David Foster,w1 david foster,1591,W1,1,1832,0.8,0.8,1
2024-09-16,James Harford,Mike Richards,w1 mike richards,1548,W1,1,1835,1.63,0.83,2
2024-09-30,James Harford,Riley Fitzpatrick,w1 riley fitzpatrick,1361,W1,1,1837,2.53,0.9,3
2024-10-04,James Harford,John Ward,w1 john ward,1327,W1,1,1839,3.43,0.9,4
2024-10-15,James Harford,Dylan Greenway,w1 dylan greenway,1438,W1,1,1841,4.33,0.9,5
2024-10-22,James Harford,David Foster,w1 david foster,1591,W1,0.5,1835,5.13,0.8,5.5
2024-10-30,James Harford,Huw Jones,w1 huw jones,1772,W1,0.5,1834,5.71,0.58,6
2024-11-06,James Harford,Danny Ashburner,w1 danny ashburner,1790,W1,1,1843,6.26,0.55,7
2024-11-15,James Harford,McKenzie Archibald,w1 mckenzie archibald,1707,W1,0.5,1839,6.93,0.67,7.5
2024-11-16,James Harford,Dave Williams,g1 dave williams,1785,G1,0,1828,7.49,0.56,7.5
2024-11-16,James Harford,Bob Hurn,e1 bob hurn,1731,E1,1,1835,8.13,0.64,8.5
2024-11-17,James Harford,Yaroslav Sharhorodsky,d1 yaroslav sharhorodsky,1830,D1,1,1846,8.63,0.5,9.5
2024-11-17,James Harford,Deio Parri,n1 deio parri,1751,N1,0.5,1843,9.24,0.61,10
2024-11-25,James Harford,Hywel Griffiths,w1 hywel griffiths,1902,W1,1,1855,9.64,0.4,11
2024-12-02,James Harford,Eugene Tee,w1 eugene tee,1644,W1,1,1861,10.38,0.74,12
2024-12-09,James Harford,Adam Woodruff,w1 adam woodruff,1959,W1,0,1854,10.7,0.32,12
2024-09-14,Joseph Browse,Joe Fathallah,e1 joe fathallah,2011,E1,0,1822,0.26,0.26,0
2024-09-14,Joseph Browse,Timur Ramzan,e1 timur ramzan,1527,E1,1,1825,1.11,0.85,1
2024-09-14,Joseph Browse,Gwyn Havard,e1 gwyn havard,1855,E1,1,1836,1.57,0.46,2
2024-09-15,Joseph Browse,Andrew Di-Vetta,e1 andrew di-vetta,1830,E1,0,1826,2.07,0.5,2
2024-09-15,Joseph Browse,Steve Jones,e1 steve jones,1784,E1,0.5,1825,2.63,0.56,2.5
2024-10-13,Keith Downey,Mike Waddington,NA,2100,ENG,0,1823,0.17,0.17,0
2024-10-14,Keith Downey,Antoine Canonne,NA,1910,FIDE,0,1815,0.55,0.38,0
2024-10-16,Keith Downey,Sean Andrechak,NA,1982,FIDE,0.5,1819,0.84,0.29,0.5
2024-10-17,Keith Downey,Peter Hoogakker,NA,1907,FIDE,0.5,1821,1.23,0.39,1
2024-10-18,Keith Downey,Peter Rowe,NA,1887,FIDE,0,1813,1.64,0.41,1
2024-10-19,Keith Downey,Nicholas Warner,NA,1769,ENG,0,1802,2.22,0.58,1
2024-07-08,Dave Parsons,Steve Jones,e1 steve jones,1784,E1,1,1833,0.56,0.56,1
2024-07-22,Dave Parsons,Gwyn Havard,e1 gwyn havard,1855,E1,0,1824,1.02,0.46,1
2024-08-05,Dave Parsons,Sam White,e1 sam white,1591,E1,1,1828,1.81,0.79,2
2024-08-19,Dave Parsons,Steve Cunliffe,e1 steve cunliffe,1886,E1,0.5,1830,2.22,0.41,2.5
2024-09-02,Dave Parsons,Martin Ilett,e1 martin ilett,1631,E1,0,1815,2.97,0.75,2.5
2024-09-19,Dave Parsons,Lef Zografos,e1 lef zografos,1832,E1,0,1805,3.46,0.49,2.5
2024-10-07,Dave Parsons,John Cox,e1 john cox,1601,E1,1,1809,4.24,0.78,3.5
2024-10-23,Dave Parsons,Kristan Enoch,e1 kristan enoch,1803,E1,0.5,1809,4.77,0.53,4
2024-11-11,Dave Parsons,Richard Larg,e1 richard larg,1598,E1,1,1813,5.56,0.79,5
2024-11-25,Dave Parsons,Clive Silver,e1 clive silver,1666,E1,0.5,1809,6.27,0.71,5.5
2024-07-29,Dale Westcott,Asanga Gunasekera,NA,1691,ENG,1,1830,0.68,0.68,1
2024-07-29,Dale Westcott,Krish Keshari,NA,1804,ENG,0,1820,1.21,0.53,1
2024-07-30,Dale Westcott,Nicholas Webb,NA,1934,ENG,0.5,1823,1.56,0.35,1.5
2024-07-30,Dale Westcott,William Yu,NA,1777,ENG,1,1831,2.13,0.57,2.5
2024-07-31,Dale Westcott,Philip Staniland,NA,1935,ENG,1,1845,2.48,0.35,3.5
2024-07-31,Dale Westcott,James Thomas,NA,1888,ENG,0,1836,2.89,0.41,3.5
2024-08-01,Dale Westcott,Reinhard Schmerwitz,NA,1822,ENG,1,1846,3.39,0.5,4.5
2024-08-01,Dale Westcott,Nathan Binu,NA,1806,ENG,1,1856,3.92,0.53,5.5
2024-08-02,Dale Westcott,Christopher Willoughby,NA,1915,ENG,0.5,1858,4.29,0.37,6
2024-08-02,Dale Westcott,Ayan Pradhan,NA,1862,ENG,0,1849,4.74,0.45,6
2024-09-09,Dale Westcott,Les Philpin,w1 les philpin,1701,W1,1,1856,5.41,0.67,7
2024-09-14,Dale Westcott,Maazin Rizwan,NA,1488,Est,1,1859,6.28,0.87,8
2024-09-14,Dale Westcott,Bence Szakmany,e1 bence szakmany,1947,E1,0,1852,6.61,0.33,8
2024-09-14,Dale Westcott,Hamid Farani Sani,e1 hamid farani sani,1600,E1,1,1856,7.39,0.78,9
2024-09-15,Dale Westcott,Paul Hatchett,e1 paul hatchett,2012,E1,0.5,1861,7.64,0.25,9.5
2024-09-15,Dale Westcott,Sam Jukes,e1 sam jukes,1993,E1,0,1856,7.91,0.27,9.5
2024-09-18,Dale Westcott,Malcolm Probert,w1 malcolm probert,1700,W1,1,1862,8.58,0.67,10.5
2024-10-02,Dale Westcott,Vismith Prabhu,w1 vismith prabhu,1703,W1,0.5,1859,9.25,0.67,11
2024-10-13,Dale Westcott,Huw Jones,w1 huw jones,1772,W1,1,1868,9.82,0.57,12
2024-10-16,Dale Westcott,Mark Thomas,w1 mark thomas,1949,W1,0.5,1871,10.15,0.33,12.5
2024-10-18,Dale Westcott,Scott Hammett,d1 scott hammett,1816,D1,0.5,1871,10.66,0.51,13
2024-10-19,Dale Westcott,Paul T Errington,NA,1767,ENG,1,1879,11.24,0.58,14
2024-10-19,Dale Westcott,Colin L Ellis,NA,1716,ENG,1,1886,11.89,0.65,15
2024-10-20,Dale Westcott,Richard H Edney,NA,1896,ENG,1,1898,12.29,0.4,16
2024-10-20,Dale Westcott,Brendan O'Gorman,NA,1872,ENG,0.5,1900,12.72,0.43,16.5
2024-10-28,Dale Westcott,Andrew Gibbons,w1 andrew gibbons,1967,W1,0,1893,13.03,0.31,16.5
2024-11-09,Dale Westcott,Ramsey Dairi,NA,1912,ENG,0,1886,13.41,0.38,16.5
2024-11-10,Dale Westcott,Hafsa Riaz,NA,1540,ENG,1,1889,14.25,0.84,17.5
2024-11-15,Dale Westcott,George Turner,e1 george turner,1924,E1,0,1882,14.61,0.36,17.5
2024-11-16,Dale Westcott,Jon Tuson,d1 jon tuson,1796,D1,1,1891,15.15,0.54,18.5
2024-11-17,Dale Westcott,Duncan Williams,w1 duncan williams,1898,W1,0.5,1893,15.55,0.4,19
2024-11-17,Dale Westcott,Lee Davis,e1 lee davis,2008,E1,0.5,1898,15.81,0.26,19.5
2024-11-19,Dale Westcott,Eugene Tee,w1 eugene tee,1644,W1,0,1883,16.55,0.74,19.5
2024-11-25,Dale Westcott,Andrew Thomas,w1 andrew thomas,1883,W1,0,1875,16.97,0.42,19.5
2024-12-10,Dale Westcott,John Arnold,w1 john arnold,1716,W1,0,1862,17.62,0.65,19.5
2024-12-17,Dale Westcott,Julien Potier,w1 julien potier,1466,W1,1,1864,18.51,0.89,20.5
2024-07-02,Kam Choo Yin,Seb Hoccom,e1 seb hoccom,1394,E1,0,1805,0.9,0.9,0
2024-07-09,Kam Choo Yin,Csombor Hanczar,e1 csombor hanczar,1596,E1,1,1809,1.69,0.79,1
2024-07-16,Kam Choo Yin,Adam Sarwar,e1 adam sarwar,1680,E1,1,1815,2.38,0.69,2
2024-09-03,Kam Choo Yin,Emyr Roberts,e1 emyr roberts,1743,E1,0.5,1813,2.99,0.61,2.5
2024-09-05,Kam Choo Yin,Matthew Davies,e1 matthew davies,1944,E1,0,1806,3.32,0.33,2.5
2024-10-03,Kam Choo Yin,Joshua McKenna,e1 joshua mckenna,1926,E1,0,1799,3.68,0.36,2.5
2024-10-08,Kam Choo Yin,Mark Jones,e1 mark jones,1793,E1,0.5,1798,4.22,0.54,3
2024-10-13,Kam Choo Yin,Reginald Mba,e1 reginald mba,1968,E1,0,1792,4.52,0.3,3
2024-10-29,Kam Choo Yin,Gareth Yeo,e1 gareth yeo,2087,E1,0,1789,4.7,0.18,3
2024-11-05,Kam Choo Yin,Tom Bennett,e1 tom bennett,1795,E1,0.5,1788,5.24,0.54,3.5
2024-11-16,Kam Choo Yin,Roger Jenkins,w1 roger jenkins,1696,W1,0,1775,5.92,0.68,3.5
2024-11-16,Kam Choo Yin,Evan Whitehouse,w1 evan whitehouse,1717,W1,0,1762,6.57,0.65,3.5
2024-11-17,Kam Choo Yin,Bob Hurn,e1 bob hurn,1731,E1,0,1749,7.2,0.63,3.5
2024-11-17,Kam Choo Yin,John A Williams,g1 john a williams,1773,G1,0,1738,7.77,0.57,3.5
2024-11-19,Kam Choo Yin,John Ryles,e1 john ryles,1650,E1,1,1743,8.5,0.73,4.5
2024-11-20,Kam Choo Yin,Michael Arribas-Ayllon,e1 michael arribas-ayllon,1748,E1,1,1751,9.11,0.61,5.5
2024-12-17,Kam Choo Yin,Emma Kong,e1 emma kong,1761,E1,1,1759,9.7,0.59,6.5
2024-10-01,Barrie Wells,Paul Bluck,NA,1717,ENG,0,1810,0.65,0.65,0
2024-10-08,Barrie Wells,Joe Muxlow,n1 joe muxlow,1758,N1,0.5,1808,1.24,0.59,0.5
2024-10-22,Barrie Wells,Peter S Fisher,n1 peter s fisher,1775,N1,0.5,1807,1.81,0.57,1
2024-11-12,Barrie Wells,Chris Grier,n1 chris grier,1817,N1,0.5,1807,2.32,0.51,1.5
2024-11-19,Barrie Wells,Chris Grier,n1 chris grier,1817,N1,0,1796,2.83,0.51,1.5
2024-12-03,Barrie Wells,Ray Williams,NA,1849,ENG,1,1807,3.29,0.46,2.5
2024-12-05,Barrie Wells,Chris Wescomb,n1 chris wescomb,1830,N1,0,1797,3.78,0.49,2.5
2024-12-10,Barrie Wells,Paul Bluck,NA,1729,ENG,1,1805,4.41,0.63,3.5
2024-12-19,Barrie Wells,David Fernandez-Arias,n1 david fernandez-arias,1691,N1,0.5,1801,5.09,0.68,4
2024-09-02,Paul Bridges,Matthew Lunnon,e1 matthew lunnon,1739,E1,1,1826,0.61,0.61,1
2024-09-17,Paul Bridges,Gwyn Havard,e1 gwyn havard,1855,E1,0.5,1827,1.06,0.45,1.5
2024-10-07,Paul Bridges,Gwyn Havard,e1 gwyn havard,1855,E1,0.5,1828,1.51,0.45,2
2024-10-24,Paul Bridges,Simon Blackmore,e1 simon blackmore,1724,E1,0.5,1825,2.14,0.63,2.5
2024-10-29,Paul Bridges,Martin Blackman-Siegler,e1 martin blackman-siegler,1637,E1,0,1810,2.88,0.74,2.5
2024-11-18,Paul Bridges,Suraj Prabhu,e1 suraj prabhu,1727,E1,0.5,1808,3.51,0.63,3
2024-12-03,Paul Bridges,Lachlan Tyrell,e1 lachlan tyrell,1800,E1,1,1817,4.04,0.53,4
2024-12-09,Paul Bridges,Stefan Le Roy,e1 stefan le roy,1718,E1,0.5,1815,4.68,0.64,4.5
2024-09-10,Chris Grier,Ray J Holland,n1 ray j holland,1879,N1,1,1829,0.41,0.41,1
2024-09-16,Chris Grier,Mark Cromwell,NA,1922,ENG,0.5,1832,0.76,0.35,1.5
2024-10-03,Chris Grier,Peter Bullough,NA,1400,EST,1,1834,1.66,0.9,2.5
2024-10-10,Chris Grier,Mark Thomas (N),n1 mark thomas (n),1831,N1,0.5,1834,2.14,0.48,3
2024-11-05,Chris Grier,Ray Williams,NA,1843,ENG,0,1825,2.6,0.46,3
2024-11-12,Chris Grier,Barrie Wells,n1 barrie wells,1823,N1,0.5,1825,3.09,0.49,3.5
2024-11-19,Chris Grier,Barrie Wells,n1 barrie wells,1823,N1,1,1835,3.58,0.49,4.5
2024-11-28,Chris Grier,Danny Den Drijver,n1 danny den drijver,1743,N1,1,1843,4.18,0.6,5.5
2024-12-05,Chris Grier,Steve Lloyd,NA,1843,ENG,0,1834,4.64,0.46,5.5
2024-12-12,Chris Grier,Joe Muxlow,n1 joe muxlow,1758,N1,0.5,1832,5.22,0.58,6
2024-09-14,Scott Hammett,Haroon Majeed,NA,2025,ENG,0,1811,0.23,0.23,0
2024-09-14,Scott Hammett,Mike Gale,e1 mike gale,1787,E1,0.5,1811,0.77,0.54,0.5
2024-09-14,Scott Hammett,Peter Quinn,e1 peter quinn,1843,E1,0,1801,1.23,0.46,0.5
2024-09-15,Scott Hammett,Malcolm Probert,w1 malcolm probert,1700,W1,1,1808,1.89,0.66,1.5
2024-09-15,Scott Hammett,Elijah Daniel,e1 elijah daniel,1392,E1,1,1810,2.79,0.9,2.5
2024-10-28,Scott Hammett,Ben Brewer,d1 ben brewer,1895,D1,0,1802,3.18,0.39,2.5
2024-08-16,Chris Dixon,Jac Thomas,NA,2020,ENG,1,1830,0.24,0.24,1
2024-08-17,Chris Dixon,Allan Pleasants,e1 allan pleasants,2126,E1,0,1827,0.38,0.14,1
2024-08-17,Chris Dixon,Bence Szakmany,e1 bence szakmany,1947,E1,0,1821,0.7,0.32,1
2024-08-18,Chris Dixon,Brent Perrin,NA,1974,ENG,1,1835,0.99,0.29,2
2024-08-18,Chris Dixon,Yuxuan Wu,e1 yuxuan wu,1915,E1,0,1828,1.35,0.36,2
2024-09-14,Chris Dixon,Oliver Bain,NA,1749,ENG,1,1836,1.94,0.59,3
2024-09-14,Chris Dixon,Tom Brown,e1 tom brown,2189,E1,0,1834,2.04,0.1,3
2024-09-14,Chris Dixon,Joshua Mckenna,e1 joshua mckenna,1926,E1,0.5,1837,2.39,0.35,3.5
2024-09-15,Chris Dixon,Ethan McGrath,e1 ethan mcgrath,1750,E1,0,1825,2.98,0.59,3.5
2024-09-15,Chris Dixon,Timur Ramzan,e1 timur ramzan,1527,E1,0.5,1819,3.82,0.84,4
2024-09-18,Chris Dixon,Tomas Forsey,g1 tomas forsey,1713,G1,1,1826,4.46,0.64,5
2024-10-02,Chris Dixon,Steve Horrell,g1 steve horrell,1851,G1,0.5,1827,4.91,0.45,5.5
2024-10-13,Chris Dixon,Ethan McGrath,e1 ethan mcgrath,1750,E1,0.5,1825,5.5,0.59,6
2024-10-30,Chris Dixon,Andrew Owen,g1 andrew owen,1888,G1,0.5,1827,5.9,0.4,6.5
2024-11-19,Chris Dixon,John A Williams,g1 john a williams,1773,G1,1,1836,6.46,0.56,7.5
2024-11-27,Chris Dixon,Joseph Addis,g1 joseph addis,1904,G1,0.5,1838,6.83,0.37,8
2024-12-11,Chris Dixon,Steve Horrell,g1 steve horrell,1851,G1,1,1849,7.28,0.45,9
2024-07-22,Gavin Jones,Daniel Wilmot,e1 daniel wilmot,1968,E1,1,1829,0.29,0.29,1
2024-08-05,Gavin Jones,Adam Bees,e1 adam bees,1488,E1,0.5,1822,1.16,0.87,1.5
2024-08-12,Gavin Jones,Jeremy Ryan,e1 jeremy ryan,1758,E1,0.5,1820,1.74,0.58,2
2024-08-17,Gavin Jones,David Rovaretti,e1 david rovaretti,1794,E1,1,1830,2.27,0.53,3
2024-08-18,Gavin Jones,Dave Williams,g1 dave williams,1785,G1,1,1839,2.81,0.54,4
2024-08-18,Gavin Jones,Steve Jones,e1 steve jones,1784,E1,0,1828,3.35,0.54,4
2024-09-02,Gavin Jones,Kristan Enoch,e1 kristan enoch,1803,E1,0,1817,3.87,0.52,4
2024-09-23,Gavin Jones,Suraj Prabhu,e1 suraj prabhu,1727,E1,0,1805,4.49,0.62,4
2024-10-13,Gavin Jones,Julie van Kemenade,n1 julie van kemenade,1797,N1,1,1814,5.02,0.53,5
2024-10-21,Gavin Jones,Clive Silver,e1 clive silver,1666,E1,1,1820,5.72,0.7,6
2024-11-13,Gavin Jones,Piotr Graczyk,e1 piotr graczyk,1698,E1,1,1827,6.38,0.66,7
2024-11-18,Gavin Jones,Bill Harle,e1 bill harle,1754,E1,0.5,1825,6.97,0.59,7.5
2024-09-18,David Lewis,Dave McGhee,e1 dave mcghee,1896,E1,0,1807,0.39,0.39,0
2024-10-21,David Lewis,Dan Edwards,e1 dan edwards,1743,E1,0.5,1805,0.99,0.6,0.5
2024-10-28,David Lewis,Stefan Le Roy,e1 stefan le roy,1718,E1,1,1813,1.63,0.64,1.5
2024-11-18,David Lewis,Yusuf Sulemani,e1 yusuf sulemani,1700,E1,0,1799,2.29,0.66,1.5
2024-12-02,David Lewis,David Llewellyn,e1 david llewellyn,1940,E1,0,1793,2.62,0.33,1.5
2024-12-09,David Lewis,Steve Cunliffe,e1 steve cunliffe,1886,E1,0,1785,3.02,0.4,1.5
2024-09-10,Shion Rowlands,Peter S Fisher,n1 peter s fisher,1775,N1,1,1823,0.56,0.56,1
2024-09-16,Shion Rowlands,Nick Darlington,NA,1739,ENG,0.5,1821,1.17,0.61,1.5
2024-10-03,Shion Rowlands,John Bennett,NA,1671,ENG,1,1827,1.86,0.69,2.5
2024-10-10,Shion Rowlands,Danny Den Drijver,n1 danny den drijver,1743,N1,0.5,1825,2.46,0.6,3
2024-10-31,Shion Rowlands,Philip McKeown,NA,1777,ENG,0,1814,3.01,0.55,3
2024-11-05,Shion Rowlands,Paul Bluck,NA,1738,ENG,1,1822,3.62,0.61,4
2024-11-19,Shion Rowlands,Gregory Barker,n1 gregory barker,1750,N1,1,1830,4.21,0.59,5
2024-11-28,Shion Rowlands,Susan F Parry,n1 susan f parry,1501,N1,1,1833,5.07,0.86,6
2024-12-12,Shion Rowlands,Steve Richards,n1 steve richards,1769,N1,1,1841,5.63,0.56,7
2024-10-21,Donovan Sipho,Duncan Williams,w1 duncan williams,1898,W1,0,1806,0.38,0.38,0
2024-11-06,Donovan Sipho,Jason Garcia,w1 jason garcia,2038,W1,0,1802,0.6,0.22,0
2024-11-16,Donovan Sipho,Joshua Richards,w1 joshua richards,1762,W1,1,1811,1.17,0.57,1
2024-11-16,Donovan Sipho,Ethan McGrath,e1 ethan mcgrath,1750,E1,0.5,1809,1.76,0.59,1.5
2024-11-17,Donovan Sipho,George Turner,e1 george turner,1924,E1,0,1802,2.11,0.35,1.5
2024-11-17,Donovan Sipho,Roy Thomas,e1 roy thomas,1840,E1,0.5,1803,2.57,0.46,2
2024-11-19,Donovan Sipho,Hywel Griffiths,w1 hywel griffiths,1902,W1,0,1795,2.95,0.38,2
2024-12-03,Donovan Sipho,Chris Daniel,w1 chris daniel,1752,W1,1,1803,3.54,0.59,3
2024-09-10,Michael J Williams,G Brian Davies,n1 g brian davies,1833,N1,1,1825,0.47,0.47,1
2024-10-22,Michael J Williams,Ray Williams,NA,1830,ENG,0.5,1825,0.95,0.48,1.5
2024-11-12,Michael J Williams,Richard Doble,n1 richard doble,1805,N1,0.5,1825,1.46,0.51,2
2024-11-28,Michael J Williams,Merle Field,n1 merle field,1450,N1,1,1827,2.35,0.89,3
2024-12-05,Michael J Williams,Paul Bluck,NA,1729,ENG,0,1815,2.97,0.62,3
2024-12-04,Jay Drawbridge,Reuben Tarjanyi,n1 reuben tarjanyi,1605,N1,1,1816,0.77,0.77,1
2024-10-02,Martyn Griffiths,John Arnold,w1 john arnold,1716,W1,0,1796,0.63,0.63,0
2024-10-09,Martyn Griffiths,Greg Goold,w1 greg goold,1482,W1,1,1799,1.5,0.87,1
2024-10-22,Martyn Griffiths,David Battell,w1 david battell,1551,W1,1,1803,2.32,0.82,2
2024-10-29,Martyn Griffiths,Evan Whitehouse,w1 evan whitehouse,1717,W1,0.5,1800,2.95,0.63,2.5
2024-11-12,Martyn Griffiths,Malcolm Probert,w1 malcolm probert,1700,W1,1,1807,3.6,0.65,3.5
2024-11-26,Martyn Griffiths,Blake Stone,w1 blake stone,1732,W1,1,1815,4.21,0.61,4.5
2024-12-03,Martyn Griffiths,Neil Stuart,w1 neil stuart,1727,W1,1,1823,4.83,0.62,5.5
2024-12-17,Martyn Griffiths,Paul Headon,w1 paul headon,1730,W1,0.5,1820,5.44,0.61,6
2024-07-05,Justin Morgans,Mei-En Emmanuelle Hng,NA,2207,ENG,0,1804,0.1,0.1,0
2024-07-05,Justin Morgans,Leo A Keely,NA,1957,ENG,0,1798,0.4,0.3,0
2024-07-06,Justin Morgans,Mark Emblem,g1 mark emblem,1572,G1,0.5,1792,1.19,0.79,0.5
2024-07-07,Justin Morgans,Gareth Richards,e1 gareth richards,1574,E1,1,1796,1.98,0.79,1.5
2024-07-07,Justin Morgans,David Robinson,e1 david robinson,1910,E1,0,1789,2.33,0.35,1.5
2024-07-08,Justin Morgans,Wiliam Francis,w1 wiliam francis,1589,W1,0.5,1784,3.11,0.78,2
2024-07-09,Justin Morgans,Amaya Agarwal,NA,1729,ENG,0.5,1782,3.72,0.61,2.5
2024-07-09,Justin Morgans,John A Williams,g1 john a williams,1773,G1,0.5,1781,4.27,0.55,3
2024-07-10,Justin Morgans,Malcolm Probert,w1 malcolm probert,1700,W1,0.5,1778,4.92,0.65,3.5
2024-08-16,Justin Morgans,Andrew Balfe,g1 andrew balfe,1606,G1,0,1762,5.68,0.76,3.5
2024-08-17,Justin Morgans,John A Williams,g1 john a williams,1773,G1,0,1752,6.23,0.55,3.5
2024-08-17,Justin Morgans,Oliver Bain,NA,1753,ENG,0.5,1750,6.81,0.58,4
2024-08-18,Justin Morgans,Chris Peters,e1 chris peters,1673,E1,0.5,1746,7.49,0.68,4.5
2024-08-18,Justin Morgans,Larissa Cuthbert,NA,1791,ENG,1,1756,8.01,0.52,5.5
2024-09-09,Justin Morgans,Martin K Jones,e1 martin k jones,1653,E1,0.5,1752,8.72,0.71,6
2024-09-20,Justin Morgans,Jeremy FS Menadue,NA,1999,ENG,0,1747,8.97,0.25,6
2024-09-21,Justin Morgans,Lloyd Retallick,NA,2001,ENG,0,1742,9.22,0.25,6
2024-09-22,Justin Morgans,Andy Hill,NA,1993,ENG,0.5,1747,9.47,0.25,6.5
2024-09-22,Justin Morgans,Simon D Arnold,NA,1977,ENG,0.5,1751,9.74,0.27,7
2024-09-23,Justin Morgans,Daniel Wilmot,e1 daniel wilmot,1968,E1,0,1746,10.02,0.28,7
2024-09-30,Justin Morgans,Ethan McGrath,e1 ethan mcgrath,1750,E1,0.5,1744,10.6,0.58,7.5
2024-10-14,Justin Morgans,Steve Cunliffe,e1 steve cunliffe,1886,E1,0.5,1746,10.99,0.39,8
2024-11-04,Justin Morgans,Ian Abraham,e1 ian abraham,1772,E1,0.5,1745,11.54,0.55,8.5
2024-11-18,Justin Morgans,Jonathan James,e1 jonathan james,2027,E1,0,1741,11.76,0.22,8.5
2024-12-02,Justin Morgans,Sergio Esteves,e1 sergio esteves,1743,E1,1,1749,12.35,0.59,9.5
2024-12-09,Justin Morgans,Chris Fox,e1 chris fox,1702,E1,0.5,1746,13,0.65,10
2024-09-17,Richard Doble,Haydn Parry,n1 haydn parry,1852,N1,0,1796,0.43,0.43,0
2024-10-08,Richard Doble,Gary Slegg,n1 gary slegg,1737,N1,0.5,1794,1.03,0.6,0.5
2024-11-05,Richard Doble,Mark Cromwell,NA,1857,ENG,1,1806,1.46,0.43,1.5
2024-11-12,Richard Doble,Michael J Williams,n1 michael j williams,1814,N1,0.5,1806,1.95,0.49,2
2024-12-10,Richard Doble,Ray Williams,NA,1849,ENG,0,1797,2.39,0.44,2
2024-11-05,Mateusz Gibiec,Bob Hurn,e1 bob hurn,1731,E1,1,1813,0.6,0.6,1
2024-11-13,Mateusz Gibiec,Paul Scott,g1 paul scott,1782,G1,1,1822,1.13,0.53,2
2024-07-13,Kristan Enoch,Rose Burgess,NA,1633,ENG,1,1808,0.73,0.73,1
2024-07-13,Kristan Enoch,Cillian Nagy,NA,1588,ENG,0,1793,1.51,0.78,1
2024-07-23,Kristan Enoch,Hugo Sweetman,NA,1495,FIDE,1,1796,2.36,0.85,2
2024-07-23,Kristan Enoch,Conor Beattie,NA,1921,ENG,0.5,1799,2.7,0.34,2.5
2024-07-24,Kristan Enoch,Alagu Naachiappan Karthik,NA,1696,ENG,0,1786,3.35,0.65,2.5
2024-07-24,Kristan Enoch,Aryaman Ganguly,NA,1858,ENG,0,1778,3.77,0.42,2.5
2024-07-25,Kristan Enoch,Shriaansh Ganti,NA,1954,ENG,0,1772,4.07,0.3,2.5
2024-09-02,Kristan Enoch,Gavin Jones,e1 gavin jones,1815,E1,1,1782,4.55,0.48,3.5
2024-09-04,Kristan Enoch,Bill Harle,e1 bill harle,1754,E1,0,1771,5.12,0.57,3.5
2024-09-11,Kristan Enoch,Daniel Wilmot,e1 daniel wilmot,1968,E1,0.5,1775,5.4,0.28,4
2024-09-18,Kristan Enoch,Edd Chwieseni,e1 edd chwieseni,1724,E1,1,1783,6.01,0.61,5
2024-09-25,Kristan Enoch,Dave McGhee,e1 dave mcghee,1896,E1,0,1776,6.38,0.37,5
2024-09-30,Kristan Enoch,Steve Cunliffe,e1 steve cunliffe,1886,E1,0,1768,6.76,0.38,5
2024-10-02,Kristan Enoch,Matthew Davies,e1 matthew davies,1944,E1,0,1762,7.07,0.31,5
2024-10-09,Kristan Enoch,Joshua McKenna,e1 joshua mckenna,1926,E1,0,1755,7.4,0.33,5
2024-10-13,Kristan Enoch,Govind Anandkumar,e1 govind anandkumar,1719,E1,0,1743,8.02,0.62,5
2024-10-14,Kristan Enoch,David Perrett,e1 david perrett,1980,E1,0.5,1747,8.29,0.27,5.5
2024-10-23,Kristan Enoch,Dave Parsons,e1 dave parsons,1824,E1,0.5,1748,8.76,0.47,6
2024-10-29,Kristan Enoch,David Rovaretti,e1 david rovaretti,1794,E1,0.5,1748,9.27,0.51,6.5
2024-10-30,Kristan Enoch,Mark Jones,e1 mark jones,1793,E1,0.5,1748,9.78,0.51,7
2024-12-04,Kristan Enoch,Bob Hurn,e1 bob hurn,1731,E1,1,1755,10.38,0.6,8
2024-12-11,Kristan Enoch,Joshua McKenna,e1 joshua mckenna,1926,E1,0.5,1759,10.71,0.33,8.5
2024-12-17,Kristan Enoch,Simon Blackmore,e1 simon blackmore,1724,E1,0,1747,11.32,0.61,8.5
2024-09-10,Gary Fox,Colin White,NA,1845,ENG,1,1814,0.44,0.44,1
2024-10-01,Gary Fox,Tomasz Rudny,NA,1945,ENG,0,1808,0.75,0.31,1
2024-10-22,Gary Fox,Robert G Clark,n1 robert g clark,2033,N1,0,1804,0.96,0.21,1
2024-12-03,Gary Fox,John Carleton,NA,2075,ENG,1,1820,1.13,0.17,2
2024-12-12,Gary Fox,Aidan Jones,n1 aidan jones,1500,N1,0.5,1813,1.98,0.85,2.5
2024-10-08,Lysa Brooks,Ken Huntley,w1 ken huntley,1624,W1,1,1805,0.73,0.73,1
2024-10-15,Lysa Brooks,Jordan Heatman,w1 jordan heatman,1653,W1,0.5,1801,1.43,0.7,1.5
2024-10-21,Lysa Brooks,Andrew Thomas,w1 andrew thomas,1883,W1,0.5,1804,1.81,0.38,2
2024-11-06,Lysa Brooks,Vismith Prabhu,w1 vismith prabhu,1703,W1,0.5,1801,2.45,0.64,2.5
2024-11-15,Lysa Brooks,Alan Young,w1 alan young,2047,W1,0,1797,2.64,0.19,2.5
2024-11-16,Lysa Brooks,Danylo Shevchenko,e1 danylo shevchenko,1745,E1,0.5,1795,3.22,0.58,3
2024-11-16,Lysa Brooks,Lee Davis,e1 lee davis,2008,E1,0.5,1801,3.45,0.23,3.5
2024-11-17,Lysa Brooks,Ovidiu Pintea,NA,1768,ENG,1,1810,4,0.55,4.5
2024-11-17,Lysa Brooks,Duncan Williams,w1 duncan williams,1898,W1,1,1823,4.36,0.36,5.5
2024-11-19,Lysa Brooks,Jonathan Thomas,w1 jonathan thomas,1882,W1,1,1835,4.74,0.38,6.5
2024-11-18,Syer Khizer Rizvi,Gwyn Havard,e1 gwyn havard,1855,E1,1,1812,0.42,0.42,1
2024-12-02,Syer Khizer Rizvi,Dwain Jones,e1 dwain jones,1720,E1,1,1819,1.03,0.61,2
2024-08-16,Kevin Thomas,Mark Emblem,g1 mark emblem,1572,G1,1,1804,0.79,0.79,1
2024-08-17,Kevin Thomas,Elijah Daniel,e1 elijah daniel,1392,E1,1,1806,1.69,0.9,2
2024-08-17,Kevin Thomas,Mark Thomas,w1 mark thomas,1949,W1,0.5,1810,1.99,0.3,2.5
2024-08-18,Kevin Thomas,Tiiu Loog,NA,1814,ENG,0.5,1811,2.47,0.48,3
2024-08-18,Kevin Thomas,Andrew Di-Vetta,e1 andrew di-vetta,1830,E1,0,1802,2.93,0.46,3
2024-10-16,Kevin Thomas,Liam Powell-Jones,g1 liam powell-jones,1686,G1,1,1808,3.59,0.66,4
2024-12-17,Kevin Thomas,Bob Hurn,e1 bob hurn,1731,E1,1,1816,4.19,0.6,5
2024-10-18,Kevin Thomas,Ian R Rescorla,NA,1776,ENG,1,1826,4.72,0.53,6
2024-10-19,Kevin Thomas,Kevin Winter,NA,1840,ENG,0.5,1827,5.16,0.44,6.5
2024-10-19,Kevin Thomas,Dinah M Norman,NA,1784,ENG,1,1836,5.68,0.52,7.5
2024-10-20,Kevin Thomas,Greig A Sweetland,NA,1866,ENG,1,1848,6.09,0.41,8.5
2024-10-20,Kevin Thomas,David J Jenkins,NA,1859,ENG,0,1840,6.51,0.42,8.5
2024-09-25,Lachlan Tyrell,Dominic Murray,e1 dominic murray,1600,E1,1,1805,0.76,0.76,1
2024-11-18,Lachlan Tyrell,Steve Cunliffe,e1 steve cunliffe,1886,E1,0.5,1807,1.14,0.38,1.5
2024-12-03,Lachlan Tyrell,Paul Bridges,e1 paul bridges,1818,E1,0,1798,1.61,0.47,1.5
2024-08-17,Kimberly Chong,Alan Young,w1 alan young,2047,W1,0,1791,0.19,0.19,0
2024-08-17,Kimberly Chong,Dave McGhee,e1 dave mcghee,1896,E1,0,1780,0.55,0.36,0
2024-08-18,Kimberly Chong,Kandara Acharya,NA,1894,ENG,0.5,1784,0.91,0.36,0.5
2024-08-18,Kimberly Chong,Stephen W Berkley,NA,1873,ENG,1,1803,1.3,0.39,1.5
2024-09-04,Kimberly Chong,Guy Wagner,e1 guy wagner,1904,E1,0.5,1807,1.65,0.35,2
2024-09-11,Kimberly Chong,Arianna Balcombe,NA,1700,EST,1,1818,2.29,0.64,3
2024-09-12,Kimberly Chong,Aleyla Hilario,NA,1993,FIDE,0,1811,2.53,0.24,3
2024-09-13,Kimberly Chong,Molise Lintle,NA,1583,FIDE,1,1818,3.3,0.77,4
2024-09-14,Kimberly Chong,Davaademberel Nandin-Erdene,NA,2039,FIDE,0,1812,3.5,0.2,4
2024-09-16,Kimberly Chong,Cecilia Xasive Padilla Garcia,NA,1954,FIDE,0.5,1818,3.79,0.29,4.5
2024-09-18,Kimberly Chong,Pauline Marian Woodward,NA,1582,FIDE,1,1825,4.57,0.78,5.5
2024-09-20,Kimberly Chong,Nicolle Julieth Mogollon Tobar,NA,2045,FIDE,0.5,1834,4.76,0.19,6
2024-09-21,Kimberly Chong,Constance Mbatha,NA,1799,FIDE,0,1819,5.26,0.5,6
2024-09-22,Kimberly Chong,Tian Yi Liu,NA,1607,FIDE,0.5,1812,6.01,0.75,6.5
2024-10-09,Kimberly Chong,Chris Fox,e1 chris fox,1702,E1,1,1822,6.64,0.63,7.5
2024-07-23,Julie van Kemenade,Tony Preece,NA,1921,ENG,0,1787,0.33,0.33,0
2024-08-16,Julie van Kemenade,John Fletcher,e1 john fletcher,2050,E1,0,1781,0.52,0.19,0
2024-08-17,Julie van Kemenade,Steve Williams (Cwm),g1 steve williams (cwm),1698,G1,1,1792,1.16,0.64,1
2024-08-17,Julie van Kemenade,Walter Saunders,NA,1969,FIDE,1,1814,1.43,0.27,2
2024-08-18,Julie van Kemenade,Roy Thomas,e1 roy thomas,1840,E1,0,1801,1.87,0.44,2
2024-08-18,Julie van Kemenade,Gwyn Havard,e1 gwyn havard,1855,E1,0.5,1804,2.29,0.42,2.5
2024-09-19,Julie van Kemenade,Ethan Parker,NA,1824,ENG,0,1790,2.75,0.46,2.5
2024-10-03,Julie van Kemenade,Joseph Greenwood,NA,1824,ENG,1,1806,3.21,0.46,3.5
2024-10-08,Julie van Kemenade,Nathan Jeukens,NA,1766,ENG,1,1819,3.75,0.54,4.5
2024-10-13,Julie van Kemenade,Gavin Jones,e1 gavin jones,1815,E1,0,1805,4.22,0.47,4.5
2024-10-31,Julie van Kemenade,Shane Greenwood,NA,1812,ENG,1,1821,4.7,0.48,5.5
2024-11-12,Julie van Kemenade,Gary Slegg,n1 gary slegg,1737,N1,0,1803,5.29,0.59,5.5
2024-11-15,Julie van Kemenade,Allan Pleasants,e1 allan pleasants,2126,E1,0,1799,5.42,0.13,5.5
2024-11-16,Julie van Kemenade,Alexis Harakis,NA,2304,ENG,0,1796,5.52,0.1,5.5
2024-11-16,Julie van Kemenade,Hasini Pamuditha Liyanage,w1 hasini pamuditha liyanage,1468,W1,1,1800,6.39,0.87,6.5
2024-11-17,Julie van Kemenade,Darson Beeston,w1 darson beeston,1730,W1,0.5,1797,6.99,0.6,7
2024-12-12,Julie van Kemenade,Michael Etchalls,NA,1750,ENG,0.5,1795,7.56,0.57,7.5
2024-12-19,Julie van Kemenade,Christopher Lewis,NA,2006,ENG,0,1789,7.79,0.23,7.5
2024-08-16,Jon Tuson,Owen Crawford,NA,1994,ENG,0,1789,0.24,0.24,0
2024-08-17,Jon Tuson,Jason Garcia,w1 jason garcia,2038,W1,1,1813,0.44,0.2,1
2024-08-17,Jon Tuson,Joe Fathallah,e1 joe fathallah,2011,E1,1,1836,0.66,0.22,2
2024-08-18,Jon Tuson,Stephen J Homer,NA,2078,ENG,0,1831,0.82,0.16,2
2024-08-18,Jon Tuson,James Tapp,e1 james tapp,2011,E1,0,1824,1.04,0.22,2
2024-09-14,Jon Tuson,Bronwen Tuson,d1 bronwen tuson,1450,D1,0,1798,1.92,0.88,2
2024-09-14,Jon Tuson,Deio Parri,n1 deio parri,1751,N1,1,1811,2.48,0.56,3
2024-09-14,Jon Tuson,Vismith Prabhu,w1 vismith prabhu,1703,W1,0.5,1807,3.11,0.63,3.5
2024-09-15,Jon Tuson,Joshua McKenna,e1 joshua mckenna,1926,E1,0.5,1812,3.43,0.32,4
2024-09-15,Jon Tuson,Oliver Bain,NA,1753,ENG,0.5,1811,3.99,0.56,4.5
2024-11-15,Jon Tuson,Sven Zeidler,n1 sven zeidler,2168,N1,0,1807,4.1,0.11,4.5
2024-11-16,Jon Tuson,Dale Westcott,w1 dale westcott,1824,W1,0,1794,4.56,0.46,4.5
2024-11-16,Jon Tuson,Joshua Richards,w1 joshua richards,1762,W1,1,1807,5.11,0.55,5.5
2024-11-17,Jon Tuson,Roy Thomas,e1 roy thomas,1840,E1,0,1794,5.55,0.44,5.5
2024-11-17,Jon Tuson,Vlad Pintea,NA,1740,ENG,1,1807,6.13,0.58,6.5
2024-10-22,Tom Bennett,John Ryles,e1 john ryles,1650,E1,1,1804,0.7,0.7,1
2024-11-05,Tom Bennett,Kam Choo Yin,e1 kam choo yin,1823,E1,0.5,1805,1.16,0.46,1.5
2024-11-15,Tom Bennett,Adam Musson,w1 adam musson,2039,W1,0,1799,1.36,0.2,1.5
2024-11-16,Tom Bennett,Eugene Tee,w1 eugene tee,1644,W1,1,1808,2.06,0.7,2.5
2024-11-16,Tom Bennett,Dave Turner,g1 dave turner,1914,G1,0.5,1813,2.4,0.34,3
2024-11-17,Tom Bennett,Lee Davis,e1 lee davis,2008,E1,0,1806,2.63,0.23,3
2024-11-17,Tom Bennett,Danylo Shevchenko,e1 danylo shevchenko,1745,E1,0,1789,3.2,0.57,3
2024-08-17,David Rovaretti,David Norris,g1 david norris,1603,G1,0,1771,0.75,0.75,0
2024-08-17,David Rovaretti,Gavin Jones,e1 gavin jones,1815,E1,0,1757,1.22,0.47,0
2024-08-18,David Rovaretti,Mikhail Saparovich,g1 mikhail saparovich,1400,G1,1,1760,2.12,0.9,1
2024-08-18,David Rovaretti,James Williams,e1 james williams,1532,E1,1,1766,2.94,0.82,2
2024-09-02,David Rovaretti,Ethan McGrath,e1 ethan mcgrath,1750,E1,1,1779,3.5,0.56,3
2024-09-17,David Rovaretti,Steve Cunliffe,e1 steve cunliffe,1886,E1,0.5,1783,3.87,0.37,3.5
2024-10-24,David Rovaretti,Peter Slater,e1 peter slater,1746,E1,1,1796,4.44,0.57,4.5
2024-10-29,David Rovaretti,Kristan Enoch,e1 kristan enoch,1803,E1,0.5,1796,4.93,0.49,5
2024-12-03,David Rovaretti,Thomas Mahoney,e1 thomas mahoney,1862,E1,0,1784,5.33,0.4,5
2024-12-09,David Rovaretti,Jack Hannigan,e1 jack hannigan,1650,E1,1,1793,6.03,0.7,6
2024-09-11,Mark Jones,Chris Fox,e1 chris fox,1702,E1,0.5,1789,0.63,0.63,0.5
2024-09-19,Mark Jones,Csege Hanczar,e1 csege hanczar,1619,E1,1,1797,1.36,0.73,1.5
2024-10-01,Mark Jones,David Perrett,e1 david perrett,1980,E1,0.5,1805,1.61,0.25,2
2024-10-08,Mark Jones,Kam Choo Yin,e1 kam choo yin,1823,E1,0.5,1806,2.07,0.46,2.5
2024-10-30,Mark Jones,Kristan Enoch,e1 kristan enoch,1803,E1,0.5,1806,2.56,0.49,3
2024-11-25,Mark Jones,Yusuf Sulemani,e1 yusuf sulemani,1700,E1,1,1817,3.19,0.63,4
2024-12-04,Mark Jones,Bill Hunt,e1 bill hunt,1849,E1,0.5,1820,3.61,0.42,4.5
2024-12-10,Mark Jones,Guy Wagner,e1 guy wagner,1904,E1,0,1809,3.96,0.35,4.5
2024-09-09,Andrew Smith,Adam May,w1 adam may,1955,W1,0.5,1800,0.28,0.28,0.5
2024-10-07,Andrew Smith,Bob Moore,w1 bob moore,1937,W1,0,1790,0.58,0.3,0.5
2024-10-14,Andrew Smith,Peter Bevan,w1 peter bevan,1907,W1,0,1780,0.92,0.34,0.5
2024-10-30,Andrew Smith,Vismith Prabhu,w1 vismith prabhu,1703,W1,0.5,1776,1.55,0.63,1
2024-11-27,Andrew Smith,John Arnold,w1 john arnold,1716,W1,0.5,1773,2.16,0.61,1.5
2024-12-09,Andrew Smith,Bob Moore,w1 bob moore,1937,W1,0.5,1779,2.46,0.3,2
2024-09-18,Danny Ashburner,Jeff Boyce,w1 jeff boyce,1530,W1,1,1795,0.82,0.82,1
2024-09-25,Danny Ashburner,Riley Fitzpatrick,w1 riley fitzpatrick,1361,W1,1,1798,1.72,0.9,2
2024-10-01,Danny Ashburner,Claire Gorman,w1 claire gorman,1489,W1,1,1803,2.57,0.85,3
2024-10-09,Danny Ashburner,Carl Halpin,w1 carl halpin,1616,W1,0,1781,3.3,0.73,3
2024-10-15,Danny Ashburner,Roger Llewellyn,w1 roger llewellyn,1472,W1,1,1785,4.16,0.86,4
2024-10-16,Danny Ashburner,Steve Edwards,w1 steve edwards,1646,W1,1,1794,4.86,0.7,5
2024-10-23,Danny Ashburner,Paul Headon,w1 paul headon,1730,W1,1,1807,5.45,0.59,6
2024-10-30,Danny Ashburner,Glyn Hill,w1 glyn hill,1449,W1,1,1810,6.33,0.88,7
2024-11-06,Danny Ashburner,James Harford,w1 james harford,1828,W1,0,1797,6.78,0.45,7
2024-11-13,Danny Ashburner,Neil Stuart,w1 neil stuart,1727,W1,0,1779,7.37,0.59,7
2024-11-20,Danny Ashburner,Matthew Billington,w1 matthew billington,1656,W1,0,1759,8.05,0.68,7
2024-11-27,Danny Ashburner,Elliot Chapman,w1 elliot chapman,1586,W1,0,1736,8.81,0.76,7
2024-12-11,Danny Ashburner,James Evans,w1 james evans,1686,W1,0,1717,9.46,0.65,7
2024-09-16,Martin C Jones,Bob Moore,w1 bob moore,1937,W1,0.5,1794,0.3,0.3,0.5
2024-10-13,Martin C Jones,Andrew Di-Vetta,e1 andrew di-vetta,1830,E1,0.5,1796,0.74,0.44,1
2024-10-16,Martin C Jones,Michael Beck,w1 michael beck,1853,W1,0.5,1799,1.15,0.41,1.5
2024-10-28,Martin C Jones,Ewan Ferguson,d1 ewan ferguson,1840,D1,1,1816,1.58,0.43,2.5
2024-10-30,Martin C Jones,Ian Eustis,w1 ian eustis,1829,W1,0.5,1818,2.02,0.44,3
2024-11-06,Martin C Jones,Eugene Tee,w1 eugene tee,1644,W1,1,1827,2.72,0.7,4
2024-11-08,Martin C Jones,Charles Doidge,NA,1735,ENG,0,1809,3.3,0.58,4
2024-11-09,Martin C Jones,Andrew D Wright,NA,1733,ENG,1,1822,3.88,0.58,5
2024-11-09,Martin C Jones,Trevor Hurt,NA,1767,ENG,1,1836,4.41,0.53,6
2024-11-10,Martin C Jones,Peter C Wood,NA,1784,ENG,1,1851,4.92,0.51,7
2024-11-10,Martin C Jones,Oleksii Novakov,NA,1800,ENG,0.5,1852,5.4,0.48,7.5
2024-12-04,Martin C Jones,Tony Williams,w1 tony williams,1408,W1,1,1855,6.3,0.9,8.5
2024-12-10,Martin C Jones,Robert Narayan-Taylor,d1 robert narayan-taylor,1598,D1,0,1832,7.05,0.75,8.5
2024-07-08,Mike Gale,Steve Cunliffe,e1 steve cunliffe,1886,E1,0,1776,0.36,0.36,0
2024-07-22,Mike Gale,Martin Ilett,e1 martin ilett,1631,E1,0.5,1770,1.07,0.71,0.5
2024-08-12,Mike Gale,Steve Jones,e1 steve jones,1784,E1,0,1755,1.57,0.5,0.5
2024-08-19,Mike Gale,Peter Watkins,e1 peter watkins,1565,E1,1,1761,2.35,0.78,1.5
2024-08-17,Mike Gale,Steve Jones,e1 steve jones,1784,E1,1,1776,2.85,0.5,2.5
2024-08-17,Mike Gale,Larissa Cuthbert,NA,1791,ENG,1,1791,3.34,0.49,3.5
2024-08-18,Mike Gale,Mark Thomas,w1 mark thomas,1949,W1,0,1783,3.62,0.28,3.5
2024-08-18,Mike Gale,John A Williams,g1 john a williams,1773,G1,1,1797,4.14,0.52,4.5
2024-09-02,Mike Gale,Steve Cunliffe,e1 steve cunliffe,1886,E1,0.5,1801,4.5,0.36,5
2024-09-14,Mike Gale,Tom Brown,e1 tom brown,2189,E1,0,1798,4.6,0.1,5
2024-09-14,Mike Gale,Scott Hammett,d1 scott hammett,1816,D1,0.5,1800,5.06,0.46,5.5
2024-09-14,Mike Gale,Ethan McGrath,e1 ethan mcgrath,1750,E1,0,1783,5.61,0.55,5.5
2024-09-15,Mike Gale,Steve Williams (Cwm),g1 steve williams (cwm),1698,G1,1,1794,6.24,0.63,6.5
2024-09-15,Mike Gale,Gwyn Havard,e1 gwyn havard,1855,E1,1,1812,6.64,0.4,7.5
2024-09-19,Mike Gale,Liam Penny,e1 liam penny,1856,E1,1,1830,7.04,0.4,8.5
2024-09-30,Mike Gale,Dave McGhee,e1 dave mcghee,1896,E1,0,1820,7.39,0.35,8.5
2024-10-14,Mike Gale,Suraj Prabhu,e1 suraj prabhu,1727,E1,0,1802,7.98,0.59,8.5
2024-10-28,Mike Gale,Oliver Van Helden,e1 oliver van helden,1750,E1,1,1816,8.53,0.55,9.5
2024-11-18,Mike Gale,George Bowkett,e1 george bowkett,1740,E1,0.5,1814,9.1,0.57,10
2024-12-02,Mike Gale,Andrew Jeanes,e1 andrew jeanes,1713,E1,1,1825,9.7,0.6,11
2024-12-09,Mike Gale,Steffan Mon,e1 steffan mon,1672,E1,0.5,1821,10.36,0.66,11.5
2024-09-02,Russell Dodington,Edd Chwieseni,e1 edd chwieseni,1724,E1,1,1797,0.59,0.59,1
2024-09-17,Russell Dodington,Steve Jones,e1 steve jones,1784,E1,0,1782,1.09,0.5,1
2024-09-25,Chris Morgan,Dave Williams,g1 dave williams,1785,G1,0.5,1785,0.5,0.5,0.5
2024-10-02,Chris Morgan,Bob Hurn,e1 bob hurn,1731,E1,0,1768,1.08,0.58,0.5
2024-10-16,Chris Morgan,Bob Hurn,e1 bob hurn,1731,E1,0,1750,1.66,0.58,0.5
2024-10-23,Chris Morgan,Robert Muza,g1 robert muza,1649,G1,0,1730,2.35,0.69,0.5
2024-11-06,Chris Morgan,Tomas Forsey,g1 tomas forsey,1713,G1,0.5,1727,2.95,0.6,1
2024-11-13,Chris Morgan,Dave Connolly,g1 dave connolly,1715,G1,1,1739,3.55,0.6,2
2024-11-18,Chris Morgan,Bob Wiltshire,g1 bob wiltshire,1550,G1,1,1745,4.34,0.79,3
2024-12-09,Chris Morgan,Peter Slater,e1 peter slater,1746,E1,0.5,1743,4.9,0.56,3.5
2024-08-09,Dave Williams,Janos Mak,NA,1722,ENG,0.5,1782,0.59,0.59,0.5
2024-08-10,Dave Williams,David J Buckell,NA,1728,ENG,0.5,1780,1.17,0.58,1
2024-08-10,Dave Williams,Joseph T Fearnhead,NA,1719,ENG,1,1792,1.76,0.59,2
2024-08-11,Dave Williams,Ian C Stone,NA,1821,ENG,0,1779,2.21,0.45,2
2024-08-11,Dave Williams,Tim Bowler,NA,1777,ENG,1,1793,2.72,0.51,3
2024-08-16,Dave Williams,John A Williams,g1 john a williams,1773,G1,1,1808,3.24,0.52,4
2024-08-17,Dave Williams,Larissa Cuthbert,NA,1758,ENG,0.5,1807,3.78,0.54,4.5
2024-08-17,Dave Williams,Grant Daly,NA,1761,ENG,0,1791,4.31,0.53,4.5
2024-08-18,Dave Williams,Gavin Jones,e1 gavin jones,1815,E1,0,1777,4.77,0.46,4.5
2024-08-18,Dave Williams,David Norris,g1 david norris,1603,G1,0.5,1770,5.51,0.74,5
2024-09-17,Dave Williams,Bob Hurn,e1 bob hurn,1731,E1,0.5,1767,6.09,0.58,5.5
2024-09-20,Dave Williams,John V Morrison,NA,1883,ENG,0,1756,6.45,0.36,5.5
2024-09-21,Dave Williams,Brendan O'Gorman,NA,1882,ENG,0,1746,6.81,0.36,5.5
2024-09-22,Dave Williams,Malcolm Probert,w1 malcolm probert,1700,W1,1,1757,7.43,0.62,6.5
2024-09-22,Dave Williams,Adam Curry,NA,1699,ENG,1,1768,8.05,0.62,7.5
2024-09-25,Dave Williams,Chris Morgan,g1 chris morgan,1785,G1,0.5,1768,8.55,0.5,8
2024-09-18,Dave Williams,James Bingham,NA,1978,ENG,0.5,1776,8.8,0.25,8.5
2024-09-24,Dave Williams,Roger Pearce,NA,1788,ENG,0.5,1776,9.3,0.5,9
2024-10-21,Dave Williams,Steve Williams (Cwm),g1 steve williams (cwm),1698,G1,0.5,1772,9.92,0.62,9.5
2024-11-15,Dave Williams,Les Philpin,w1 les philpin,1701,W1,0.5,1769,10.54,0.62,10
2024-11-16,Dave Williams,James Harford,w1 james harford,1828,W1,1,1786,10.98,0.44,11
2024-11-16,Dave Williams,Farouq Nasir,w1 farouq nasir,1654,W1,0,1765,11.66,0.68,11
2024-11-17,Dave Williams,Lucas Zheng,e1 lucas zheng,1709,E1,0,1747,12.27,0.61,11
2024-11-17,Dave Williams,McKenzie Archibald,w1 mckenzie archibald,1707,W1,0,1729,12.88,0.61,11
2024-11-20,Dave Williams,Robert Muza,g1 robert muza,1649,G1,0.5,1723,13.57,0.69,11.5
2024-10-16,Dave Williams,Tim Jones,NA,1819,ENG,1,1740,14.02,0.45,12.5
2024-11-13,Dave Williams,Jared Kennedy,NA,1818,ENG,1,1756,14.47,0.45,13.5
2024-11-25,Dave Williams,Steve Williams (Cwm),g1 steve williams (cwm),1698,G1,1,1767,15.09,0.62,14.5
2024-12-18,Dave Williams,Liam Powell-Jones,g1 liam powell-jones,1686,G1,1,1778,15.73,0.64,15.5
2024-11-28,Dave Williams,Lynda Smith,g1 lynda smith,1886,G1,1,1797,16.09,0.36,16.5
2024-12-10,Dave Williams,Peter Marks,NA,1860,ENG,0.5,1801,16.48,0.39,17
2024-07-08,Steve Jones,Dave Parsons,e1 dave parsons,1824,E1,0,1771,0.44,0.44,0
2024-07-22,Steve Jones,Dave Mahoney,e1 dave mahoney,1355,E1,1,1774,1.34,0.9,1
2024-08-12,Steve Jones,Mike Gale,e1 mike gale,1787,E1,1,1789,1.84,0.5,2
2024-08-16,Steve Jones,Anshul Swamy,e1 anshul swamy,1636,E1,0.5,1783,2.54,0.7,2.5
2024-08-17,Steve Jones,Mike Gale,e1 mike gale,1787,E1,0,1768,3.04,0.5,2.5
2024-08-17,Steve Jones,Hamid Farani Sani,e1 hamid farani sani,1600,E1,1,1776,3.78,0.74,3.5
2024-08-18,Steve Jones,David Norris,g1 david norris,1603,G1,1,1783,4.52,0.74,4.5
2024-08-18,Steve Jones,Gavin Jones,e1 gavin jones,1815,E1,1,1800,4.98,0.46,5.5
2024-09-02,Steve Jones,Peter Watkins,e1 peter watkins,1565,E1,1,1806,5.76,0.78,6.5
2024-09-14,Steve Jones,Gareth Richards,e1 gareth richards,1574,E1,1,1813,6.53,0.77,7.5
2024-09-14,Steve Jones,James Tapp,e1 james tapp,2011,E1,0,1807,6.74,0.21,7.5
2024-09-14,Steve Jones,Bronwen Tuson,d1 bronwen tuson,1450,D1,1,1811,7.61,0.87,8.5
2024-09-15,Steve Jones,George Turner,e1 george turner,1924,E1,0,1802,7.92,0.31,8.5
2024-09-15,Steve Jones,Joseph Browse,e1 joseph browse,1827,E1,0.5,1803,8.36,0.44,9
2024-09-17,Steve Jones,Russell Dodington,e1 russell dodington,1785,E1,1,1818,8.86,0.5,10
2024-09-19,Steve Jones,Peter Slater,e1 peter slater,1746,E1,1,1832,9.41,0.55,11
2024-10-14,Steve Jones,Leon Jansen van Rensburg,e1 leon jansen van rensburg,1758,E1,0,1816,9.95,0.54,11
2024-10-23,Steve Jones,Emma Kong,e1 emma kong,1761,E1,0.5,1815,10.48,0.53,11.5
2024-10-28,Steve Jones,Harri Davies,e1 harri davies,1500,E1,1,1820,11.32,0.84,12.5
2024-11-04,Steve Jones,Suraj Prabhu,e1 suraj prabhu,1727,E1,1,1832,11.9,0.58,13.5
2024-11-18,Steve Jones,Thomas Mahoney,e1 thomas mahoney,1862,E1,1,1850,12.29,0.39,14.5
2024-11-25,Steve Jones,Stefan Le Roy,e1 stefan le roy,1718,E1,0.5,1848,12.88,0.59,15
2024-12-02,Steve Jones,Roy Thomas,e1 roy thomas,1840,E1,0,1835,13.3,0.42,15
2024-12-09,Steve Jones,David Corney,e1 david corney,1417,E1,1,1838,14.19,0.89,16
2024-09-18,Paul Scott,Andrew Owen,g1 andrew owen,1888,G1,0,1771,0.35,0.35,0
2024-09-25,Paul Scott,S Wyn Howells,e1 s wyn howells,1701,E1,0.5,1768,0.96,0.61,0.5
2024-10-16,Paul Scott,Jim Sadler,g1 jim sadler,1509,G1,1,1773,1.79,0.83,1.5
2024-10-23,Paul Scott,Samson Muputa,g1 samson muputa,1412,G1,1,1776,2.68,0.89,2.5
2024-11-06,Paul Scott,Andrew Johnson,g1 andrew johnson,1550,G1,0,1753,3.47,0.79,2.5
2024-11-13,Paul Scott,Mateusz Gibiec,g1 mateusz gibiec,1805,G1,0,1739,3.94,0.47,2.5
2024-11-18,Paul Scott,Dakota Samson,g1 dakota samson,1550,G1,1,1745,4.73,0.79,3.5
2024-12-09,Paul Scott,S Wyn Howells,e1 s wyn howells,1701,E1,1,1756,5.34,0.61,4.5
2024-09-17,Stephen Dunning,Matthew Fox,n1 matthew fox,1753,N1,0,1765,0.54,0.54,0
2024-09-25,Stephen Dunning,Dan Hill,NA,1741,ENG,0.5,1763,1.1,0.56,0.5
2024-10-02,Stephen Dunning,Dan Hill,NA,1741,ENG,1,1776,1.66,0.56,1.5
2024-11-13,Stephen Dunning,Harry Wood,n1 harry wood,1600,N1,1,1784,2.4,0.74,2.5
2024-11-28,Stephen Dunning,Les Simcock,n1 les simcock,1850,N1,0.5,1787,2.8,0.4,3
2024-12-02,Stephen Dunning,Will Madeley,NA,1637,ENG,1,1796,3.5,0.7,4
2024-12-09,Stephen Dunning,Peter Tarlan,NA,1746,ENG,1,1810,4.05,0.55,5
2024-09-23,Gareth Harding,Emyr Roberts,e1 emyr roberts,1743,E1,0,1760,0.55,0.55,0
2024-10-13,Gareth Harding,William Hewitt,w1 william hewitt,2038,W1,0,1754,0.73,0.18,0
2024-10-14,Gareth Harding,Ethan McGrath,e1 ethan mcgrath,1750,E1,0,1738,1.27,0.54,0
2024-11-13,Gareth Harding,Richard Cousins,e1 richard cousins,1600,E1,0.5,1731,2,0.73,0.5
2024-11-25,Gareth Harding,David Llewellyn,e1 david llewellyn,1940,E1,0,1723,2.28,0.28,0.5
2024-07-06,Tom Davies,Enogate Deboaisne,NA,1607,FIDE,0.5,1768,0.72,0.72,0.5
2024-07-06,Tom Davies,Albert Dubus,NA,1578,FIDE,1,1776,1.48,0.76,1.5
2024-07-06,Tom Davies,Ethan Kerveillant,NA,1736,FIDE,0,1759,2.04,0.56,1.5
2024-07-06,Tom Davies,Gabin Cellier,NA,1606,FIDE,1,1767,2.77,0.73,2.5
2024-07-06,Tom Davies,Eloan Bon,NA,1736,FIDE,1,1780,3.33,0.56,3.5
2024-07-06,Tom Davies,Celian Anquetil Auger,NA,1564,FIDE,1,1787,4.1,0.77,4.5
2024-07-06,Tom Davies,Valentin Kervision-Gadenne,NA,1747,FIDE,0,1771,4.64,0.54,4.5
2024-07-06,Tom Davies,Alexandre Tavares,NA,1587,FIDE,0,1749,5.39,0.75,4.5
2024-07-23,Peter S Fisher,William Bates,NA,1995,ENG,0,1768,0.22,0.22,0
2024-08-02,Peter S Fisher,Darren Stanway,NA,1716,ENG,1,1781,0.8,0.58,1
2024-08-02,Peter S Fisher,Mark Taylor,NA,1905,ENG,0,1771,1.12,0.32,1
2024-08-03,Peter S Fisher,Leo Cheung,NA,1750,ENG,1,1785,1.66,0.54,2
2024-08-04,Peter S Fisher,Ben Newton,NA,1785,ENG,0,1771,2.15,0.49,2
2024-08-04,Peter S Fisher,David Veress,NA,1732,ENG,0,1754,2.71,0.56,2
2024-09-05,Peter S Fisher,Alex Loe,NA,1659,ENG,0.5,1749,3.37,0.66,2.5
2024-09-10,Peter S Fisher,Shion Rowlands,n1 shion rowlands,1814,N1,0,1736,3.81,0.44,2.5
2024-09-19,Peter S Fisher,Fred Bench,NA,1875,ENG,0,1725,4.17,0.36,2.5
2024-09-24,Peter S Fisher,Stephen Lloyd,NA,1825,ENG,0,1712,4.6,0.43,2.5
2024-09-25,Peter S Fisher,Richard Szwajkun,NA,1869,ENG,0,1701,4.97,0.37,2.5
2024-10-01,Peter S Fisher,David I Hulme,NA,1863,ENG,0,1690,5.35,0.38,2.5
2024-10-08,Peter S Fisher,Rudi Bedford,NA,1767,ENG,0,1674,5.86,0.51,2.5
2024-10-15,Peter S Fisher,Tanmay Madhusudham,n1 tanmay madhusudham,1719,N1,0,1657,6.44,0.58,2.5
2024-10-17,Peter S Fisher,John Westhead,NA,1804,ENG,0.5,1658,6.9,0.46,3
2024-10-22,Peter S Fisher,Barrie Wells,n1 barrie wells,1823,N1,0.5,1660,7.33,0.43,3.5
2024-10-29,Peter S Fisher,Gregory Barker,n1 gregory barker,1750,N1,1,1674,7.87,0.54,4.5
2024-10-31,Peter S Fisher,Dan Lockett,NA,1859,ENG,0.5,1678,8.25,0.38,5
2024-11-06,Peter S Fisher,Mark Thomas (N),n1 mark thomas (n),1831,N1,0,1665,8.67,0.42,5
2024-11-12,Peter S Fisher,Paul Bluck,NA,1738,ENG,0.5,1663,9.22,0.55,5.5
2024-11-14,Peter S Fisher,Adrain Bailey,NA,1859,ENG,0.5,1667,9.6,0.38,6
2024-11-26,Peter S Fisher,Piotr Siwy,NA,1807,ENG,0.5,1668,10.05,0.45,6.5
2024-12-03,Peter S Fisher,Steve Williams,NA,1701,ENG,1,1680,10.65,0.6,7.5
2024-12-09,Peter S Fisher,Gary Slegg,n1 gary slegg,1737,N1,0,1664,11.2,0.55,7.5
2024-12-10,Peter S Fisher,David Stuttard,NA,1820,ENG,0,1651,11.64,0.44,7.5
2024-10-07,Ken Hannah,Jonathan James,e1 jonathan james,2027,E1,0.5,1783,0.19,0.19,0.5
2024-10-14,Ken Hannah,Bob Hurn,e1 bob hurn,1731,E1,0.5,1781,0.75,0.56,1
2024-10-23,Ken Hannah,Matthew Davies,e1 matthew davies,1944,E1,0,1773,1.02,0.27,1
2024-11-04,Ken Hannah,Leon Jansen van Rensburg,e1 leon jansen van rensburg,1758,E1,1,1788,1.54,0.52,2
2024-11-11,Ken Hannah,Dwain Jones,e1 dwain jones,1720,E1,1,1800,2.12,0.58,3
2024-12-02,Ken Hannah,Daniel Wilmot,e1 daniel wilmot,1968,E1,0,1793,2.37,0.25,3
2024-09-18,Micah O'Toole,Ethan McGrath,e1 ethan mcgrath,1750,E1,1,1788,0.53,0.53,1
2024-10-02,Micah O'Toole,Oleksandr Zhuravel,e1 oleksandr zhuravel,1310,E1,1,1791,1.43,0.9,2
2024-10-16,Micah O'Toole,Cosmin Stancu,e1 cosmin stancu,1680,E1,1,1802,2.06,0.63,3
2024-10-23,Micah O'Toole,Ian Abraham,e1 ian abraham,1772,E1,0.5,1802,2.56,0.5,3.5
2024-10-29,Micah O'Toole,Jonathan James,e1 jonathan james,2027,E1,0.5,1811,2.75,0.19,4
2024-10-30,Micah O'Toole,Andrew Di-Vetta,e1 andrew di-vetta,1830,E1,1,1829,3.17,0.42,5
2024-11-04,Micah O'Toole,Ethan McGrath,e1 ethan mcgrath,1750,E1,0.5,1828,3.7,0.53,5.5
2024-11-20,Micah O'Toole,Alun Smith,e1 alun smith,1834,E1,1,1845,4.11,0.41,6.5
2024-11-27,Micah O'Toole,Alex Kennedy,e1 alex kennedy,1735,E1,1,1858,4.67,0.56,7.5
2024-07-02,John A Williams,Chris Thompson,g1 chris thompson,1338,G1,1,1776,0.9,0.9,1
2024-07-07,John A Williams,Ron Williams,g1 ron williams,1649,G1,0.5,1771,1.57,0.67,1.5
2024-07-05,John A Williams,Petr Marusenko,NA,1994,FIDE,0,1764,1.79,0.22,1.5
2024-07-05,John A Williams,Joshua Richards,w1 joshua richards,1762,W1,0,1749,2.31,0.52,1.5
2024-07-06,John A Williams,Paul Chantell,NA,1861,ENG,0,1738,2.69,0.38,1.5
2024-07-07,John A Williams,Tomos Francis,w1 tomos francis,1316,W1,1,1741,3.59,0.9,2.5
2024-07-08,John A Williams,McKenzie Archibald,w1 mckenzie archibald,1707,W1,0,1723,4.18,0.59,2.5
2024-07-09,John A Williams,Thomas Nalej,e1 thomas nalej,1455,E1,1,1727,5.04,0.86,3.5
2024-07-09,John A Williams,Justin Morgans,e1 justin morgans,1806,E1,0.5,1728,5.49,0.45,4
2024-07-10,John A Williams,Roy Thomas,e1 roy thomas,1840,E1,0,1716,5.89,0.4,4
2024-07-16,John A Williams,Mike Stannard,g1 mike stannard,1562,G1,1,1723,6.66,0.77,5
2024-08-06,John A Williams,Joshua Colcombe,g1 joshua colcombe,1561,G1,0.5,1715,7.43,0.77,5.5
2024-08-16,John A Williams,Dave Williams,g1 dave williams,1785,G1,0,1700,7.91,0.48,5.5
2024-08-17,John A Williams,Justin Morgans,e1 justin morgans,1806,E1,1,1717,8.36,0.45,6.5
2024-08-17,John A Williams,Cash Thom,NA,1770,ENG,0.5,1717,8.86,0.5,7
2024-08-18,John A Williams,Jeremy Ryan,e1 jeremy ryan,1758,E1,1,1731,9.38,0.52,8
2024-08-18,John A Williams,Mike Gale,e1 mike gale,1787,E1,0,1717,9.86,0.48,8
2024-09-01,John A Williams,Kevin D Markey,NA,1678,ENG,0,1698,10.49,0.63,8
2024-09-02,John A Williams,Christine F Constable,NA,1681,ENG,1,1709,11.12,0.63,9
2024-09-01,John A Williams,David R Rogers,NA,1824,ENG,0,1696,11.55,0.43,9
2024-09-02,John A Williams,Grant Daly,NA,1764,ENG,0,1681,12.06,0.51,9
2024-09-03,John A Williams,Clifford B Peach,NA,1665,ENG,1,1691,12.71,0.65,10
2024-09-03,John A Williams,Elmira Walker,NA,1825,ENG,0,1678,13.14,0.43,10
2024-09-04,John A Williams,Ahmed Tuema,NA,1747,ENG,0,1662,13.68,0.54,10
2024-09-05,John A Williams,Jon Hunt,NA,1681,ENG,1,1673,14.31,0.63,11
2024-09-14,John A Williams,David Belochkin,e1 david belochkin,1535,E1,0,1649,15.11,0.8,11
2024-09-14,John A Williams,Chris Thompson,g1 chris thompson,1338,G1,1,1652,16.01,0.9,12
2024-09-14,John A Williams,Wayne Holland,e1 wayne holland,1478,E1,0,1627,16.86,0.85,12
2024-09-15,John A Williams,Glyn Hill,w1 glyn hill,1449,W1,1,1631,17.73,0.87,13
2024-09-15,John A Williams,Joshua Colcombe,g1 joshua colcombe,1561,G1,1,1638,18.5,0.77,14
2024-09-17,John A Williams,Liam Penny,e1 liam penny,1856,E1,0.5,1641,18.88,0.38,14.5
2024-10-01,John A Williams,Jack Bull,g1 jack bull,1546,G1,1,1648,19.67,0.79,15.5
2024-10-02,John A Williams,Paul Mills,g1 paul mills,1771,G1,0,1633,20.17,0.5,15.5
2024-10-13,John A Williams,Peter Remie,NA,1773,FIDE,0.5,1633,20.67,0.5,16
2024-10-14,John A Williams,Gerda Nevska,NA,1854,FIDE,0.5,1636,21.06,0.39,16.5
2024-10-15,John A Williams,Marie de Carteret,NA,1600,Est,1,1644,21.79,0.73,17.5
2024-10-16,John A Williams,Geerhard Reink,NA,1803,FIDE,0,1630,22.25,0.46,17.5
2024-10-17,John A Williams,Marc Jongerius,NA,1768,FIDE,1,1645,22.76,0.51,18.5
2024-10-18,John A Williams,Stephen J Murray,NA,1805,FIDE,0.5,1647,23.21,0.45,19
2024-10-19,John A Williams,Nigel W Dennis,NA,1851,ENG,0,1635,23.6,0.39,19
2024-10-21,John A Williams,Peter Slater,e1 peter slater,1746,E1,0.5,1634,24.14,0.54,19.5
2024-10-26,John A Williams,Stephen D Blewitt,NA,1861,ENG,1,1652,24.52,0.38,20.5
2024-10-26,John A Williams,Brian Smith,NA,1890,ENG,0.5,1657,24.86,0.34,21
2024-10-27,John A Williams,M John Cawston,NA,1858,ENG,0.5,1661,25.24,0.38,21.5
2024-10-27,John A Williams,Andrew Allen,NA,1861,ENG,0,1650,25.62,0.38,21.5
2024-11-05,John A Williams,Joseph Addis,g1 joseph addis,1904,G1,0,1640,25.94,0.32,21.5
2024-11-06,John A Williams,Dave Connolly,g1 dave connolly,1715,G1,0.5,1638,26.52,0.58,22
2024-11-15,John A Williams,Malcolm Probert,w1 malcolm probert,1700,W1,0,1619,27.12,0.6,22
2024-11-16,John A Williams,Bob Hurn,e1 bob hurn,1731,E1,0.5,1618,27.68,0.56,22.5
2024-11-16,John A Williams,McKenzie Archibald,w1 mckenzie archibald,1707,W1,0.5,1615,28.27,0.59,23
2024-11-17,John A Williams,Les Philpin,w1 les philpin,1701,W1,0,1597,28.87,0.6,23
2024-11-17,John A Williams,Kam Choo Yin,e1 kam choo yin,1823,E1,1,1614,29.3,0.43,24
2024-11-19,John A Williams,Chris Dixon,g1 chris dixon,1815,G1,0,1601,29.74,0.44,24
2024-11-20,John A Williams,Liam Powell-Jones,g1 liam powell-jones,1686,G1,0,1582,30.36,0.62,24
2024-11-25,John A Williams,David Norris,g1 david norris,1603,G1,0,1560,31.09,0.73,24
2024-12-09,John A Williams,Dakota Samson,g1 dakota samson,1550,G1,1,1567,31.87,0.78,25
2024-12-17,John A Williams,Alan Keene,g1 alan keene,1898,G1,0.5,1572,32.2,0.33,25.5
2024-09-02,Ian Abraham,Gwyn Havard,e1 gwyn havard,1855,E1,0.5,1776,0.38,0.38,0.5
2024-09-17,Ian Abraham,S Wyn Howells,e1 s wyn howells,1701,E1,1,1787,0.98,0.6,1.5
2024-09-30,Ian Abraham,Stuart Enoch,e1 stuart enoch,1569,E1,1,1795,1.74,0.76,2.5
2024-10-23,Ian Abraham,Micah O'Toole,e1 micah o'toole,1774,E1,0.5,1795,2.24,0.5,3
2024-10-28,Ian Abraham,Morgan McGuigan,e1 morgan mcguigan,1500,E1,0.5,1785,3.07,0.83,3.5
2024-11-04,Ian Abraham,Justin Morgans,e1 justin morgans,1806,E1,0.5,1786,3.52,0.45,4
2024-11-11,Ian Abraham,Clive Silver,e1 clive silver,1666,E1,1,1797,4.17,0.65,5
2024-12-09,Ian Abraham,Matt Straiton,e1 matt straiton,1550,E1,1,1803,4.95,0.78,6
2024-10-13,Huw Jones,Dale Westcott,w1 dale westcott,1824,W1,0,1759,0.43,0.43,0
2024-10-18,Huw Jones,Michal Orszulak,NA,1738,ENG,1,1773,0.98,0.55,1
2024-10-19,Huw Jones,Greig A Sweetland,NA,1866,ENG,0,1762,1.35,0.37,1
2024-10-19,Huw Jones,Steve Williams (Cwm),g1 steve williams (cwm),1698,G1,0.5,1759,1.95,0.6,1.5
2024-10-20,Huw Jones,Scott Leadbetter,NA,1810,ENG,0.5,1760,2.4,0.45,2
2024-10-20,Huw Jones,Dinah M Norman,NA,1784,ENG,0.5,1761,2.88,0.48,2.5
2024-10-30,Huw Jones,James Harford,w1 james harford,1828,W1,0.5,1763,3.3,0.42,3
2024-11-09,Huw Jones,Grant Daly,NA,1815,ENG,1,1780,3.74,0.44,4
2024-11-09,Huw Jones,Ian G Matthew,NA,1802,ENG,0.5,1781,4.2,0.46,4.5
2024-11-10,Huw Jones,John Morrish,NA,1792,ENG,0.5,1782,4.67,0.47,5
2024-11-10,Huw Jones,Paul W O'Brien,NA,1789,ENG,0.5,1783,5.15,0.48,5.5
2024-11-26,Huw Jones,Gareth Harper,w1 gareth harper,1650,W1,0.5,1778,5.82,0.67,6
2024-12-03,Huw Jones,Blake Stone,w1 blake stone,1732,W1,0.5,1776,6.38,0.56,6.5
2024-09-25,Paul Mills,Peter Slater,e1 peter slater,1746,E1,1,1785,0.54,0.54,1
2024-10-02,Paul Mills,John A Williams,g1 john a williams,1773,G1,1,1800,1.04,0.5,2
2024-10-16,Paul Mills,Steve Williams (Cwm),g1 steve williams (cwm),1698,G1,0,1782,1.64,0.6,2
2024-10-13,Paul Mills,Gary Slegg,n1 gary slegg,1737,N1,0.5,1780,2.19,0.55,2.5
2024-10-23,Paul Mills,Andrew Johnson,g1 andrew johnson,1550,G1,0,1757,2.97,0.78,2.5
2024-11-06,Paul Mills,Andrew Balfe,g1 andrew balfe,1606,G1,0,1735,3.69,0.72,2.5
2024-11-11,Paul Mills,David Norris,g1 david norris,1603,G1,0.5,1729,4.41,0.72,3
2024-11-27,Paul Mills,Zane Allford,g1 zane allford,1847,G1,0,1717,4.8,0.39,3
2024-09-18,Cyril Ley,Hamid Farani Sani,e1 hamid farani sani,1600,E1,0,1747,0.73,0.73,0
2024-09-17,Steve Richards,Ray Williams,NA,1818,ENG,0,1756,0.43,0.43,0
2024-09-24,Steve Richards,Jack Walley,NA,1921,ENG,0,1747,0.72,0.29,0
2024-10-15,Steve Richards,Matthew Matthias,n1 matthew matthias,1679,N1,0,1728,1.35,0.63,0
2024-10-29,Steve Richards,Matthew Fox,n1 matthew fox,1753,N1,0.5,1728,1.87,0.52,0.5
2024-11-05,Steve Richards,John Zlosnik,n1 john zlosnik,1753,N1,0.5,1727,2.39,0.52,1
2024-11-06,Steve Richards,Robert G Hill,n1 robert g hill,1550,N1,0.5,1719,3.17,0.78,1.5
2024-11-12,Steve Richards,Ian Clayton,NA,1644,ENG,1,1729,3.84,0.67,2.5
2024-12-12,Steve Richards,Shion Rowlands,n1 shion rowlands,1814,N1,0,1715,4.28,0.44,2.5
2024-11-13,Samuele Scarpignato,Zack Wilkins,e1 zack wilkins,1676,E1,0,1745,0.62,0.62,0
2024-12-04,Samuele Scarpignato,Joshua McKenna,e1 joshua mckenna,1926,E1,0.5,1752,0.9,0.28,0.5
2024-12-11,Samuele Scarpignato,Andrei Zhuravlev,e1 andrei zhuravlev,1484,E1,0,1727,1.73,0.83,0.5
2024-10-07,Andrew Golley,Peter Bevan,w1 peter bevan,1907,W1,0,1753,0.3,0.3,0
2024-10-21,Andrew Golley,Evan Whitehouse,w1 evan whitehouse,1717,W1,0,1736,0.86,0.56,0
2024-12-09,Andrew Golley,Peter Bevan,w1 peter bevan,1907,W1,1,1757,1.16,0.3,1
2024-07-05,Joshua Richards,Jacob Connor Boswell,NA,2241,FIDE,0,1759,0.1,0.1,0
2024-07-05,Joshua Richards,John A Williams,g1 john a williams,1773,G1,1,1774,0.58,0.48,1
2024-07-06,Joshua Richards,Joe Fathallah,e1 joe fathallah,2011,E1,0,1769,0.77,0.19,1
2024-07-07,Joshua Richards,Thomas Nalej,e1 thomas nalej,1455,E1,1,1773,1.62,0.85,2
2024-07-07,Joshua Richards,Jeremy FS Menadue,NA,1999,ENG,0,1767,1.82,0.2,2
2024-07-08,Joshua Richards,Rune Llewellyn,e1 rune llewellyn,1536,E1,0,1743,2.61,0.79,2
2024-07-09,Joshua Richards,Paul Moulson,g1 paul moulson,1644,G1,1,1753,3.27,0.66,3
2024-07-09,Joshua Richards,Paul Chantrell,NA,1863,ENG,0,1743,3.63,0.36,3
2024-07-10,Joshua Richards,Gareth Richards,e1 gareth richards,1574,E1,1,1750,4.38,0.75,4
2024-07-29,Joshua Richards,Hector Boronad Sanchez,NA,1447,Est,0.5,1740,5.24,0.86,4.5
2024-07-31,Joshua Richards,Emilio Sancho Pascual,NA,1656,FIDE,0,1720,5.89,0.65,4.5
2024-08-01,Joshua Richards,Francisco Munoz Martinez,NA,1459,FIDE,1,1725,6.74,0.85,5.5
2024-08-02,Joshua Richards,Benoit Vlemincq,NA,1590,FIDE,1,1733,7.47,0.73,6.5
2024-08-03,Joshua Richards,Bram Van Dijk,NA,1914,FIDE,0,1724,7.76,0.29,6.5
2024-08-04,Joshua Richards,Mark Hladiy,NA,1689,FIDE,1,1736,8.36,0.6,7.5
2024-09-14,Joshua Richards,Eron Latif,e1 eron latif,1310,E1,1,1739,9.26,0.9,8.5
2024-09-14,Joshua Richards,Paul Hatchett,e1 paul hatchett,2012,E1,0,1733,9.45,0.19,8.5
2024-09-14,Joshua Richards,Maazin Rizwan,NA,1488,Est,1,1738,10.28,0.83,9.5
2024-09-15,Joshua Richards,Yaroslav Sharhorodsky,d1 yaroslav sharhorodsky,1830,D1,0.5,1741,10.68,0.4,10
2024-09-15,Joshua Richards,Bence Szakmany,e1 bence szakmany,1947,E1,0,1733,10.94,0.26,10
2024-10-27,Joshua Richards,Fernando Mancebo Ibanez,NA,1999,FIDE,0,1727,11.14,0.2,10
2024-10-28,Joshua Richards,Jose Morata Perez,NA,1632,FIDE,1,1737,11.82,0.68,11
2024-10-29,Joshua Richards,Diego Prieto Iniguez,NA,1572,FIDE,1,1744,12.57,0.75,12
2024-10-30,Joshua Richards,Robert Kane,NA,1892,ENG,0,1735,12.89,0.32,12
2024-10-31,Joshua Richards,Eduard Carrascosa Grau,NA,1486,FIDE,0,1710,13.72,0.83,12
2024-11-01,Joshua Richards,Jeroni Mulet Salva,NA,1629,FIDE,1,1719,14.4,0.68,13
2024-11-01,Joshua Richards,Raul Fernandez Arrizabalaga,NA,1590,FIDE,1,1727,15.13,0.73,14
2024-11-02,Joshua Richards,Miguel Rios Garcia,NA,1905,FIDE,0,1718,15.44,0.31,14
2024-11-03,Joshua Richards,Giacomo Deiana,NA,1659,FIDE,0,1699,16.08,0.64,14
2024-11-15,Joshua Richards,Joe Fathallah,e1 joe fathallah,2011,E1,0,1693,16.27,0.19,14
2024-11-16,Joshua Richards,Donovan Sipho,w1 donovan sipho,1814,W1,0,1680,16.7,0.43,14
2024-11-16,Joshua Richards,Jon Tuson,d1 jon tuson,1796,D1,0,1667,17.15,0.45,14
2024-11-17,Joshua Richards,Ovidiu Pintea,NA,1768,ENG,1,1682,17.64,0.49,15
2024-11-17,Joshua Richards,Darson Beeston,w1 darson beeston,1730,W1,0,1666,18.19,0.55,15
2024-11-26,Joshua Richards,Ian Phillips,w1 ian phillips,1421,W1,1,1670,19.07,0.88,16
2024-12-03,Joshua Richards,Roger Jenkins,w1 roger jenkins,1696,W1,0.5,1667,19.66,0.59,16.5
2024-07-05,Emma Kong,Joe Fathallah,e1 joe fathallah,2011,E1,0,1755,0.19,0.19,0
2024-07-05,Emma Kong,Mark B Waterfield,NA,1950,ENG,0,1748,0.44,0.25,0
2024-07-07,Emma Kong,Guy Wagner,e1 guy wagner,1904,E1,1,1769,0.75,0.31,1
2024-07-07,Emma Kong,James Tapp,e1 james tapp,2011,E1,0.5,1778,0.94,0.19,1.5
2024-07-08,Emma Kong,Matthew R Wilson,NA,1904,ENG,1,1799,1.25,0.31,2.5
2024-07-09,Emma Kong,James Golding,NA,2235,ENG,0,1796,1.35,0.1,2.5
2024-07-09,Emma Kong,Jeremy FS Menadue,NA,2051,ENG,0.5,1806,1.51,0.16,3
2024-07-10,Emma Kong,Tom Brown,e1 tom brown,2189,E1,0,1803,1.61,0.1,3
2024-07-13,Emma Kong,Raina Jithendra,NA,1773,ENG,1,1818,2.09,0.48,4
2024-07-13,Emma Kong,Peter Crosby,NA,1747,ENG,1,1833,2.61,0.52,5
2024-07-23,Emma Kong,Nicole White,NA,1601,IRL,1,1841,3.33,0.72,6
2024-07-23,Emma Kong,Mae Katelyn Rose Catabay,NA,1894,ENG,0,1832,3.65,0.32,6
2024-07-24,Emma Kong,Chrysa Mitraka,NA,1807,SCO,0,1819,4.08,0.43,6
2024-07-24,Emma Kong,Kundan Khan Sara,NA,1720,ENG,1,1832,4.64,0.56,7
2024-07-25,Emma Kong,Emily Maton,NA,2031,ENG,0,1827,4.81,0.17,7
2024-08-16,Emma Kong,Yuxuan Wu,e1 yuxuan wu,1915,E1,0.5,1833,5.1,0.29,7.5
2024-08-17,Emma Kong,Stephen J Meek,NA,2105,ENG,0,1829,5.22,0.12,7.5
2024-08-17,Emma Kong,Jac Thomas,NA,2020,ENG,0.5,1839,5.4,0.18,8
2024-08-18,Emma Kong,Adam May,w1 adam may,1955,W1,1,1861,5.65,0.25,9
2024-09-02,Emma Kong,Daniel Wilmot,e1 daniel wilmot,1968,E1,0,1854,5.88,0.23,9
2024-09-11,Emma Kong,Ronnia R Durham-Balcombe,NA,1700,EST,1,1867,6.47,0.59,10
2024-09-13,Emma Kong,Nteboheleng Thetsane,NA,1645,FIDE,0.5,1862,7.13,0.66,10.5
2024-09-15,Emma Kong,Simona Bochnickova,NA,2138,FIDE,0,1859,7.23,0.1,10.5
2024-09-16,Emma Kong,Sofia Isavelina Tec Rodas,NA,1800,FIDE,0,1846,7.67,0.44,10.5
2024-09-19,Emma Kong,Cesia Maradiaga,NA,1675,FIDE,1,1857,8.29,0.62,11.5
2024-09-20,Emma Kong,Isabella Lopez Rayo,NA,1952,FIDE,0,1850,8.54,0.25,11.5
2024-09-21,Emma Kong,Naomi Mwale,NA,1767,FIDE,0,1835,9.03,0.49,11.5
2024-09-22,Emma Kong,Liyun Liang,NA,1463,FIDE,1,1839,9.88,0.85,12.5
2024-09-25,Emma Kong,Charles Summers,e1 charles summers,1908,E1,1,1860,10.18,0.3,13.5
2024-09-30,Emma Kong,Gwyn Havard,e1 gwyn havard,1855,E1,1,1879,10.55,0.37,14.5
2024-10-02,Emma Kong,Joe Fathallah,e1 joe fathallah,2011,E1,0,1874,10.74,0.19,14.5
2024-10-09,Emma Kong,John McGregor,e1 john mcgregor,1890,E1,0,1864,11.06,0.32,14.5
2024-10-13,Emma Kong,Joshua McKenna,e1 joshua mckenna,1926,E1,1,1886,11.34,0.28,15.5
2024-10-17,Emma Kong,John McGregor,e1 john mcgregor,1890,E1,0.5,1891,11.66,0.32,16
2024-10-23,Emma Kong,Steve Jones,e1 steve jones,1784,E1,0.5,1892,12.13,0.47,16.5
2024-11-13,Emma Kong,James Tapp,e1 james tapp,2011,E1,0,1886,12.32,0.19,16.5
2024-11-15,Emma Kong,Lee Davis,e1 lee davis,2008,E1,1,1910,12.51,0.19,17.5
2024-11-16,Emma Kong,James Tapp,e1 james tapp,2011,E1,0,1905,12.7,0.19,17.5
2024-11-16,Emma Kong,Roy Thomas,e1 roy thomas,1840,E1,1,1923,13.09,0.39,18.5
2024-11-17,Emma Kong,Ethan McGrath,e1 ethan mcgrath,1750,E1,0,1907,13.61,0.52,18.5
2024-11-17,Emma Kong,Dave Turner,g1 dave turner,1914,G1,0.5,1914,13.9,0.29,19
2024-11-20,Emma Kong,Charles Summers,e1 charles summers,1908,E1,0.5,1920,14.2,0.3,19.5
2024-12-04,Emma Kong,Suraj Prabhu,e1 suraj prabhu,1727,E1,0.5,1918,14.75,0.55,20
2024-12-09,Emma Kong,Gwynfor Rees,e1 gwynfor rees,2027,E1,0.5,1928,14.93,0.18,20.5
2024-12-17,Emma Kong,Kam Choo Yin,e1 kam choo yin,1823,E1,0,1915,15.34,0.41,20.5
2024-12-28,Emma Kong,Nicholas Cunliffe,NA,1850,ENG,1,1934,15.71,0.37,21.5
2024-12-28,Emma Kong,Derek C Pugh,NA,2091,ENG,0,1930,15.84,0.13,21.5
2024-12-29,Emma Kong,Avina Soleimani,NA,1705,ENG,1,1943,16.42,0.58,22.5
2024-12-29,Emma Kong,Stephen J Meek,NA,2098,ENG,0,1939,16.55,0.13,22.5
2024-12-30,Emma Kong,Robert M Ashworth,NA,1960,ENG,0,1932,16.79,0.24,22.5
2024-12-30,Emma Kong,Soumil Saha,NA,1746,ENG,1,1946,17.31,0.52,23.5
2024-12-02,Chris Slack,Stefan Le Roy,e1 stefan le roy,1718,E1,0,1744,0.56,0.56,0
2024-07-07,Alan M Llewellyn,Mohamed Gouda,NA,1739,ENG,0,1743,0.53,0.53,0
2024-08-09,Alan M Llewellyn,Simon Layhe,NA,1917,ENG,0,1735,0.82,0.29,0
2024-08-10,Alan M Llewellyn,Stephen Howells,NA,1716,ENG,1,1748,1.38,0.56,1
2024-08-10,Alan M Llewellyn,Simon McGuiness,NA,1910,ENG,0,1739,1.68,0.3,1
2024-08-11,Alan M Llewellyn,Sandra G Blackburn,n1 sandra g blackburn,1704,N1,0.5,1736,2.26,0.58,1.5
2024-09-02,Alan M Llewellyn,Rachel Bunter,NA,1696,ENG,1,1749,2.85,0.59,2.5
2024-09-04,Alan M Llewellyn,Jon Duffield,NA,1690,ENG,1,1761,3.45,0.6,3.5
2024-09-16,Alan M Llewellyn,Michael Bunter,NA,1815,ENG,1,1778,3.87,0.42,4.5
2024-09-30,Alan M Llewellyn,Russ Hayley,NA,1804,ENG,0.5,1780,4.31,0.44,5
2024-10-12,Alan M Llewellyn,Dave Siddall,NA,1873,ENG,0,1770,4.65,0.34,5
2024-10-14,Alan M Llewellyn,Neil Foxcroft,NA,1703,ENG,1,1783,5.23,0.58,6
2024-10-21,Alan M Llewellyn,Trevor R Blower,NA,1771,ENG,0.5,1783,5.71,0.48,6.5
2024-10-28,Alan M Llewellyn,Trevor R Blower,NA,1771,ENG,1,1799,6.19,0.48,7.5
2024-11-06,Alan M Llewellyn,Trevor R Blower,NA,1759,ENG,0,1784,6.69,0.5,7.5
2024-11-17,Alan M Llewellyn,Michael I Williams,NA,1831,ENG,0,1772,7.09,0.4,7.5
2024-11-25,Alan M Llewellyn,Trevor R Blower,NA,1759,ENG,1,1787,7.59,0.5,8.5
2024-12-07,Alan M Llewellyn,Graham Sands,NA,1710,ENG,1,1800,8.16,0.57,9.5
2024-12-09,Alan M Llewellyn,Rachel Bunter,NA,1680,ENG,1,1811,8.77,0.61,10.5
2024-12-16,Alan M Llewellyn,Barry Hymer,NA,2021,ENG,0,1806,8.95,0.18,10.5
2024-12-30,Alan M Llewellyn,Matthew Mckenzie,NA,2134,ENG,0,1803,9.05,0.1,10.5
2024-09-09,Leon Jansen van Rensburg,Stefan Le Roy,e1 stefan le roy,1718,E1,0.5,1756,0.56,0.56,0.5
2024-09-23,Leon Jansen van Rensburg,Kevin Stephens,e1 kevin stephens,1683,E1,1,1768,1.17,0.61,1.5
2024-10-14,Leon Jansen van Rensburg,Steve Jones,e1 steve jones,1784,E1,1,1784,1.63,0.46,2.5
2024-11-04,Leon Jansen van Rensburg,Ken Hannah,e1 ken hannah,1774,E1,0,1770,2.11,0.48,2.5
2024-11-18,Leon Jansen van Rensburg,Jeremy Jones,e1 jeremy jones,1596,E1,1,1778,2.83,0.72,3.5
2024-12-04,Leon Jansen van Rensburg,Stuart Enoch,e1 stuart enoch,1569,E1,1,1786,3.58,0.75,4.5
2024-12-12,Leon Jansen van Rensburg,Peter Slater,e1 peter slater,1746,E1,0,1770,4.1,0.52,4.5
2024-09-17,Joe Muxlow,Piotr Siwy,NA,1806,ENG,0,1745,0.43,0.43,0
2024-09-24,Joe Muxlow,Piotr Siwy,NA,1806,ENG,0,1732,0.86,0.43,0
2024-10-08,Joe Muxlow,Barrie Wells,n1 barrie wells,1823,N1,0.5,1735,1.27,0.41,0.5
2024-10-22,Joe Muxlow,Seth Livesey,n1 seth livesey,1387,N1,1,1738,2.16,0.89,1.5
2024-10-29,Joe Muxlow,David Fernandez-Arias,n1 david fernandez-arias,1691,N1,1,1750,2.76,0.6,2.5
2024-11-06,Joe Muxlow,Richard Owens,n1 richard owens,1750,N1,0.5,1750,3.27,0.51,3
2024-11-16,Joe Muxlow,Remy Mekzher,NA,1929,ENG,1,1772,3.54,0.27,4
2024-11-16,Joe Muxlow,Stephen Chadaway,NA,1803,ENG,0.5,1774,3.98,0.44,4.5
2024-11-16,Joe Muxlow,Nicolas White,NA,1800,ENG,0,1760,4.42,0.44,4.5
2024-11-17,Joe Muxlow,Andrew Liu,NA,1766,ENG,1,1776,4.91,0.49,5.5
2024-11-17,Joe Muxlow,Shlok Maheshwari,NA,1793,ENG,1,1792,5.36,0.45,6.5
2024-11-19,Joe Muxlow,Richard Dineley,n1 richard dineley,2312,N1,0,1789,5.46,0.1,6.5
2024-12-12,Joe Muxlow,Chris Grier,n1 chris grier,1817,N1,0.5,1792,5.88,0.42,7
2024-08-12,Jeremy Ryan,Gavin Jones,e1 gavin jones,1815,E1,0.5,1760,0.42,0.42,0.5
2024-08-17,Jeremy Ryan,Grant Daly,NA,1761,ENG,0,1746,0.92,0.5,0.5
2024-08-17,Jeremy Ryan,Mark Emblem,g1 mark emblem,1572,G1,1,1753,1.66,0.74,1.5
2024-08-18,Jeremy Ryan,John A Williams,g1 john a williams,1773,G1,0,1739,2.14,0.48,1.5
2024-08-18,Jeremy Ryan,Hamid Farani Sani,e1 hamid farani sani,1600,E1,1,1747,2.85,0.71,2.5
2024-09-02,Jeremy Ryan,Sergio Esteves,e1 sergio esteves,1743,E1,0.5,1747,3.37,0.52,3
2024-09-23,Jeremy Ryan,Anshul Swamy,e1 anshul swamy,1636,E1,0.5,1742,4.04,0.67,3.5
2024-09-30,Jeremy Ryan,Wayne Holland,e1 wayne holland,1478,E1,1,1747,4.87,0.83,4.5
2024-10-14,Jeremy Ryan,Nadi Grewal,e1 nadi grewal,1481,E1,0.5,1737,5.7,0.83,5
2024-10-21,Jeremy Ryan,Jack Hannigan,e1 jack hannigan,1650,E1,0.5,1732,6.35,0.65,5.5
2024-10-28,Jeremy Ryan,Lucas Zheng,e1 lucas zheng,1709,E1,1,1745,6.92,0.57,6.5
2024-11-18,Jeremy Ryan,Matthew Lunnon,e1 matthew lunnon,1739,E1,0.5,1744,7.45,0.53,7
2024-11-25,Jeremy Ryan,John Ryles,e1 john ryles,1650,E1,0.5,1740,8.1,0.65,7.5
2024-09-16,James Babington,Nigel Rowe,NA,1758,ENG,0,1742,0.5,0.5,0
2024-10-10,James Babington,Sander Den Drijver,n1 sander den drijver,1650,N1,1,1753,1.15,0.65,1
2024-10-31,James Babington,Paul Bluck,NA,1725,ENG,1,1766,1.7,0.55,2
2024-11-05,James Babington,Steve Williams,NA,1718,ENG,1,1780,2.26,0.56,3
2024-11-19,James Babington,David Fernandez-Arias,n1 david fernandez-arias,1691,N1,0.5,1777,2.85,0.59,3.5
2024-08-24,Daniel Altmann,Chris Lysons,NA,1677,ENG,0.5,1752,0.61,0.61,0.5
2024-08-24,Daniel Altmann,Steve Szwajkun,NA,1582,ENG,0,1730,1.34,0.73,0.5
2024-10-08,Daniel Altmann,David Fernandez-Arias,n1 david fernandez-arias,1691,N1,0,1712,1.93,0.59,0.5
2024-10-29,Daniel Altmann,Richard Dineley,n1 richard dineley,2312,N1,0,1709,2.03,0.1,0.5
2024-11-12,Daniel Altmann,Roger Winterburn,n1 roger winterburn,1877,N1,0,1699,2.36,0.33,0.5
2024-09-04,Bill Harle,Kristan Enoch,e1 kristan enoch,1803,E1,1,1771,0.43,0.43,1
2024-10-30,Bill Harle,Chris Fox,e1 chris fox,1702,E1,1,1784,1,0.57,2
2024-11-06,Bill Harle,Georgi Korovski,e1 georgi korovski,1919,E1,0,1776,1.28,0.28,2
2024-11-18,Bill Harle,Gavin Jones,e1 gavin jones,1815,E1,0.5,1778,1.69,0.41,2.5
2024-11-20,Bill Harle,Chris Fox,e1 chris fox,1702,E1,1,1791,2.26,0.57,3.5
2024-12-10,Bill Harle,Chris Peters,e1 chris peters,1673,E1,0.5,1787,2.87,0.61,4
2024-09-17,Matthew Fox,Stephen Dunning,n1 stephen dunning,1781,N1,1,1769,0.46,0.46,1
2024-10-29,Matthew Fox,Steve Richards,n1 steve richards,1769,N1,0.5,1770,0.94,0.48,1.5
2024-11-05,Matthew Fox,Peter Tarlan,NA,1782,ENG,1,1786,1.4,0.46,2.5
2024-12-03,Matthew Fox,David Stuttard,NA,1820,ENG,0,1774,1.8,0.4,2.5
2024-12-12,Matthew Fox,John Shakespeare,n1 john shakespeare,1999,N1,0,1768,2,0.2,2.5
2024-09-17,John Zlosnik,Ian Clayton,NA,1648,ENG,0,1734,0.65,0.65,0
2024-10-15,John Zlosnik,Charles F Morris,n1 charles f morris,2101,N1,0,1730,0.77,0.12,0
2024-11-05,John Zlosnik,Steve Richards,n1 steve richards,1769,N1,0.5,1731,1.25,0.48,0.5
2024-11-06,John Zlosnik,Joshua Beech,n1 joshua beech,1610,N1,1,1740,1.94,0.69,1.5
2024-09-09,Chris Daniel,Adam Musson,w1 adam musson,2039,W1,0,1747,0.16,0.16,0
2024-09-16,Chris Daniel,Duncan Williams,w1 duncan williams,1898,W1,0,1738,0.46,0.3,0
2024-09-18,Chris Daniel,Alan Young,w1 alan young,2047,W1,0.5,1748,0.61,0.15,0.5
2024-10-13,Chris Daniel,Wiliam Francis,w1 wiliam francis,1589,W1,1,1757,1.33,0.72,1.5
2024-12-03,Chris Daniel,Donovan Sipho,w1 donovan sipho,1814,W1,0,1745,1.74,0.41,1.5
2024-08-16,Deio Parri,Larissa Cuthbert,NA,1758,ENG,0,1736,0.49,0.49,0
2024-08-17,Deio Parri,James Williams,e1 james williams,1532,E1,1,1743,1.27,0.78,1
2024-08-17,Deio Parri,Elijah Daniel,e1 elijah daniel,1392,E1,1,1746,2.16,0.89,2
2024-08-18,Deio Parri,Cameron Little,NA,1890,ENG,0,1737,2.47,0.31,2
2024-08-18,Deio Parri,Andrew Balfe,g1 andrew balfe,1606,G1,1,1746,3.17,0.7,3
2024-12-10,Deio Parri,Geoff Graham,n1 geoff graham,1951,N1,0.5,1754,3.41,0.24,3.5
2024-10-22,Gregory Barker,Tanmay Madhusudham,n1 tanmay madhusudham,1719,N1,0,1734,0.54,0.54,0
2024-10-29,Gregory Barker,Peter S Fisher,n1 peter s fisher,1775,N1,0,1720,1,0.46,0
2024-11-19,Gregory Barker,Shion Rowlands,n1 shion rowlands,1814,N1,0,1707,1.41,0.41,0
2024-12-12,Gregory Barker,Chris Wescomb,n1 chris wescomb,1830,N1,1,1726,1.8,0.39,1
2024-07-13,Ethan McGrath,Elizabeth Finn,NA,1887,ENG,1,1771,0.31,0.31,1
2024-07-13,Ethan McGrath,Louis Buckland,NA,1997,ENG,0,1765,0.5,0.19,1
2024-07-23,Ethan McGrath,Rahul Arun,NA,1788,IRL,0,1751,0.95,0.45,1
2024-07-23,Ethan McGrath,Dominik Swiatkowski,NA,1806,ENG,1,1769,1.37,0.42,2
2024-07-24,Ethan McGrath,Euan McDiarmid,NA,1682,EST,1,1781,1.97,0.6,3
2024-07-24,Ethan McGrath,Vanik Singh,NA,1798,ENG,1,1798,2.4,0.43,4
2024-07-25,Ethan McGrath,Aaron Rich,NA,2052,ENG,0,1794,2.55,0.15,4
2024-09-02,Ethan McGrath,David Rovaretti,e1 david rovaretti,1794,E1,0,1780,2.99,0.44,4
2024-09-09,Ethan McGrath,John Ryles,e1 john ryles,1650,E1,1,1791,3.63,0.64,5
2024-09-14,Ethan McGrath,Sam Jukes,e1 sam jukes,1993,E1,0.5,1800,3.83,0.2,5.5
2024-09-14,Ethan McGrath,Chris R Beaumont,NA,2176,ENG,0,1797,3.93,0.1,5.5
2024-09-14,Ethan McGrath,Mike Gale,e1 mike gale,1787,E1,1,1814,4.38,0.45,6.5
2024-09-15,Ethan McGrath,Chris Dixon,g1 chris dixon,1815,G1,1,1832,4.79,0.41,7.5
2024-09-15,Ethan McGrath,John McGregor,e1 john mcgregor,1890,E1,0,1822,5.1,0.31,7.5
2024-09-18,Ethan McGrath,Micah O'Toole,e1 micah o'toole,1774,E1,0,1808,5.57,0.47,7.5
2024-09-23,Ethan McGrath,Matthew Lunnon,e1 matthew lunnon,1739,E1,1,1823,6.09,0.52,8.5
2024-09-30,Ethan McGrath,Justin Morgans,e1 justin morgans,1806,E1,0.5,1825,6.51,0.42,9
2024-10-07,Ethan McGrath,Gwawr Evans,e1 gwawr evans,1310,E1,1,1828,7.41,0.9,10
2024-10-13,Ethan McGrath,Chris Dixon,g1 chris dixon,1815,G1,0.5,1831,7.82,0.41,10.5
2024-10-14,Ethan McGrath,Gareth Harding,e1 gareth harding,1776,E1,1,1847,8.28,0.46,11.5
2024-10-21,Ethan McGrath,Ifan Rathbone-Jones,n1 ifan rathbone-jones,2078,N1,0,1843,8.41,0.13,11.5
2024-10-28,Ethan McGrath,Bob Hurn,e1 bob hurn,1731,E1,1,1857,8.94,0.53,12.5
2024-11-04,Ethan McGrath,Micah O'Toole,e1 micah o'toole,1774,E1,0.5,1858,9.41,0.47,13
2024-11-16,Ethan McGrath,Darson Beeston,w1 darson beeston,1730,W1,1,1873,9.94,0.53,14
2024-11-16,Ethan McGrath,Donovan Sipho,w1 donovan sipho,1814,W1,0.5,1875,10.35,0.41,14.5
2024-11-17,Ethan McGrath,Emma Kong,e1 emma kong,1761,E1,1,1891,10.83,0.48,15.5
2024-11-17,Ethan McGrath,George Turner,e1 george turner,1924,E1,0,1883,11.1,0.27,15.5
2024-11-18,Ethan McGrath,Sergio Esteves,e1 sergio esteves,1743,E1,0,1867,11.61,0.51,15.5
2024-11-25,Ethan McGrath,Emyr Roberts,e1 emyr roberts,1743,E1,1,1882,12.12,0.51,16.5
2024-12-02,Ethan McGrath,Lef Zografos,e1 lef zografos,1832,E1,1,1901,12.5,0.38,17.5
2024-09-25,Richard Owens,Max Yates,NA,1701,ENG,1,1763,0.57,0.57,1
2024-10-02,Richard Owens,Nick Darlington,NA,1742,ENG,1,1778,1.08,0.51,2
2024-10-23,Richard Owens,Paul Jesse,NA,1736,ENG,0,1762,1.6,0.52,2
2024-10-30,Richard Owens,Robert G Hill,n1 robert g hill,1550,N1,1,1769,2.36,0.76,3
2024-11-06,Richard Owens,Joe Muxlow,n1 joe muxlow,1758,N1,0.5,1770,2.85,0.49,3.5
2024-11-27,Richard Owens,Susan F Parry,n1 susan f parry,1501,N1,1,1775,3.66,0.81,4.5
2024-11-27,Richard Owens,Susan F Parry,n1 susan f parry,1501,N1,1,1781,4.47,0.81,5.5
2024-12-02,Richard Owens,Thomas Moran,NA,1648,ENG,0.5,1777,5.11,0.64,6
2024-12-04,Richard Owens,Robert G Hill,n1 robert g hill,1550,N1,1,1784,5.87,0.76,7
2024-10-28,Owen Tompkins Coll,Steve Cunliffe,e1 steve cunliffe,1886,E1,0.5,1756,0.31,0.31,0.5
2024-11-11,Owen Tompkins Coll,Roy Thomas,e1 roy thomas,1840,E1,0,1744,0.68,0.37,0.5
2024-11-26,Owen Tompkins Coll,Peter Slater,e1 peter slater,1746,E1,1,1759,1.19,0.51,1.5
2024-12-03,Owen Tompkins Coll,Clive Crowley,e1 clive crowley,1679,E1,0,1741,1.79,0.6,1.5
2024-10-28,Oliver Van Helden,Mike Gale,e1 mike gale,1787,E1,0,1737,0.45,0.45,0
2024-11-11,Oliver Van Helden,Derek Jones,e1 derek jones,1989,E1,1,1761,0.65,0.2,1
2024-11-26,Oliver Van Helden,David Llewellyn,e1 david llewellyn,1940,E1,0,1753,0.9,0.25,1
2024-12-05,Catriona Coutts,Steve McCall,n1 steve mccall,1528,N1,1,1753,0.78,0.78,1
2024-12-12,Catriona Coutts,Michael Whale,n1 michael whale,1829,N1,0,1741,1.16,0.38,1
2024-09-17,Peter Slater,Steve Williams (Cwm),g1 steve williams (cwm),1698,G1,0.5,1744,0.57,0.57,0.5
2024-09-19,Peter Slater,Steve Jones,e1 steve jones,1784,E1,0,1731,1.02,0.45,0.5
2024-09-25,Peter Slater,Paul Mills,g1 paul mills,1771,G1,0,1717,1.48,0.46,0.5
2024-09-30,Peter Slater,Tomas Forsey,g1 tomas forsey,1713,G1,0.5,1715,2.03,0.55,1
2024-10-21,Peter Slater,John A Williams,g1 john a williams,1773,G1,0.5,1716,2.49,0.46,1.5
2024-10-24,Peter Slater,David Rovaretti,e1 david rovaretti,1794,E1,0,1703,2.92,0.43,1.5
2024-10-30,Peter Slater,Steve Horrell,g1 steve horrell,1851,G1,1,1723,3.27,0.35,2.5
2024-11-11,Peter Slater,Alan Keene,g1 alan keene,1898,G1,1,1744,3.56,0.29,3.5
2024-11-25,Peter Slater,Bob Hurn,e1 bob hurn,1731,E1,0.5,1743,4.08,0.52,4
2024-11-26,Peter Slater,Owen Tompkins Coll,e1 owen tompkins coll,1750,E1,0,1729,4.57,0.49,4
2024-12-12,Peter Slater,Chris Morgan,g1 chris morgan,1785,G1,0.5,1730,5.01,0.44,4.5
2024-12-12,Peter Slater,Leon Jansen van Rensburg,e1 leon jansen van rensburg,1758,E1,1,1746,5.49,0.48,5.5
2024-12-17,Peter Slater,Stuart Enoch,e1 stuart enoch,1569,E1,1,1754,6.22,0.73,6.5
2024-07-05,Arush Ajai Murthy,George Calvert,NA,1716,ENG,0,1729,0.54,0.54,0
2024-07-06,Arush Ajai Murthy,Nihaal Garud,NA,1650,ENG,0.5,1725,1.17,0.63,0.5
2024-07-06,Arush Ajai Murthy,Hari Singh,NA,1686,ENG,0.5,1722,1.75,0.58,1
2024-07-23,Arush Ajai Murthy,Atharv Singhal,NA,1283,EST,1,1725,2.65,0.9,2
2024-07-23,Arush Ajai Murthy,Senith Thenula Gunarathne,NA,1934,ENG,0,1718,2.9,0.25,2
2024-07-24,Arush Ajai Murthy,Kyle Lopez Henderson,NA,1700,FIDE,1,1731,3.46,0.56,3
2024-07-24,Arush Ajai Murthy,Alexis Kristoff Malibiran,NA,1797,ENG,1,1748,3.89,0.43,4
2024-07-25,Arush Ajai Murthy,Aditya Mittal,NA,1921,ENG,0,1740,4.16,0.27,4
2024-08-16,Arush Ajai Murthy,Lawrence Becker,NA,1400,EST,1,1744,5.04,0.88,5
2024-08-17,Arush Ajai Murthy,Adam Sarwar,e1 adam sarwar,1680,E1,0,1726,5.63,0.59,5
2024-08-17,Arush Ajai Murthy,Devanshu Srivastava,NA,1434,EST,1,1730,6.49,0.86,6
2024-08-18,Arush Ajai Murthy,Robert Muza,g1 robert muza,1649,G1,0,1711,7.12,0.63,6
2024-08-18,Arush Ajai Murthy,Ann Tagg,NA,1476,ENG,1,1716,7.94,0.82,7
2024-09-14,Arush Ajai Murthy,Glyn Hill,w1 glyn hill,1449,W1,1,1721,8.79,0.85,8
2024-09-14,Arush Ajai Murthy,Wayne Holland,e1 wayne holland,1478,E1,1,1726,9.61,0.82,9
2024-09-14,Arush Ajai Murthy,Lucas Zheng,e1 lucas zheng,1709,E1,1,1740,10.16,0.55,10
2024-09-15,Arush Ajai Murthy,Marcell Vesz,e1 marcell vesz,1725,E1,0,1724,10.69,0.53,10
2024-09-15,Arush Ajai Murthy,David Belochkin,e1 david belochkin,1535,E1,0,1701,11.46,0.77,10
2024-08-24,Arush Ajai Murthy,Henry Brennan,NA,1671,ENG,0,1683,12.06,0.6,10
2024-08-24,Arush Ajai Murthy,David P Holmes,NA,1625,ENG,0.5,1678,12.73,0.67,10.5
2024-08-24,Arush Ajai Murthy,Liam Cadogan,NA,1592,ENG,1,1686,13.44,0.71,11.5
2024-08-25,Arush Ajai Murthy,Rene Butler,NA,1695,ENG,1,1699,14.01,0.57,12.5
2024-08-25,Arush Ajai Murthy,Maya Rebeca Tudor,NA,1683,ENG,0,1682,14.6,0.59,12.5
2024-08-30,Arush Ajai Murthy,Elijah de Lang,NA,1654,ENG,1,1693,15.23,0.63,13.5
2024-08-30,Arush Ajai Murthy,Anixton Linton,NA,1783,ENG,0,1679,15.68,0.45,13.5
2024-08-31,Arush Ajai Murthy,Riddhima Srivastava,NA,1395,ENG,1,1683,16.56,0.88,14.5
2024-08-31,Arush Ajai Murthy,Arthur Cann,NA,1816,ENG,1,1701,16.96,0.4,15.5
2024-08-31,Arush Ajai Murthy,Jan Laidler,NA,1728,ENG,0.5,1700,17.48,0.52,16
2024-07-13,Danylo Shevchenko,Henri Blin,NA,1704,ENG,0,1728,0.56,0.56,0
2024-07-13,Danylo Shevchenko,Luke Freeman,NA,1890,ENG,0,1719,0.86,0.3,0
2024-07-23,Danylo Shevchenko,Ronith Shankar,NA,1538,FIDE,0,1696,1.63,0.77,0
2024-07-23,Danylo Shevchenko,Yiwen Ding,NA,1877,ENG,0,1687,1.95,0.32,0
2024-07-24,Danylo Shevchenko,Raghuram Parasur,NA,1530,ENG,0,1663,2.73,0.78,0
2024-07-24,Danylo Shevchenko,Mathur Vihaan,NA,1885,ENG,0,1654,3.04,0.31,0
2024-07-25,Danylo Shevchenko,Nayan Keats Rastogi,NA,1991,ENG,0,1648,3.24,0.2,0
2024-11-15,Danylo Shevchenko,Rudy van Kemenade,n1 rudy van kemenade,1922,N1,0,1640,3.51,0.27,0
2024-11-16,Danylo Shevchenko,Lysa Brooks,w1 lysa brooks,1800,W1,0.5,1643,3.93,0.42,0.5
2024-11-16,Danylo Shevchenko,Darson Beeston,w1 darson beeston,1730,W1,1,1657,4.45,0.52,1.5
2024-11-17,Danylo Shevchenko,Adam Woodruff,w1 adam woodruff,1959,W1,0,1650,4.68,0.23,1.5
2024-11-17,Danylo Shevchenko,Tom Bennett,e1 tom bennett,1795,E1,1,1667,5.11,0.43,2.5
2024-09-17,Danny Den Drijver,Finn Pritchard,n1 finn pritchard,1634,N1,1,1753,0.65,0.65,1
2024-09-25,Danny Den Drijver,Patrick Ridley,NA,1699,ENG,1,1767,1.21,0.56,2
2024-10-10,Danny Den Drijver,Shion Rowlands,n1 shion rowlands,1814,N1,0.5,1770,1.61,0.4,2.5
2024-10-15,Danny Den Drijver,Ian Clayton,NA,1650,ENG,1,1781,2.24,0.63,3.5
2024-10-23,Danny Den Drijver,Joe Ledgerton,NA,1722,ENG,0,1765,2.77,0.53,3.5
2024-10-30,Danny Den Drijver,Angus Weir,n1 angus weir,1647,N1,1,1776,3.4,0.63,4.5
2024-11-27,Danny Den Drijver,Harry Wood,n1 harry wood,1600,N1,0,1755,4.09,0.69,4.5
2024-11-28,Danny Den Drijver,Chris Grier,n1 chris grier,1817,N1,0,1743,4.49,0.4,4.5
2024-12-02,Danny Den Drijver,Lucas Farell,NA,1489,ENG,1,1749,5.3,0.81,5.5
2024-12-09,Danny Den Drijver,Christopher Goy,NA,1590,ENG,1,1757,6.01,0.71,6.5
2024-10-21,Dan Edwards,David Lewis,e1 david lewis,1815,E1,0.5,1746,0.4,0.4,0.5
2024-11-11,Dan Edwards,Daniel Wilmot,e1 daniel wilmot,1968,E1,0.5,1755,0.61,0.21,1
2024-12-03,Dan Edwards,John Cox,e1 john cox,1601,E1,1,1764,1.3,0.69,2
2024-08-19,Sergio Esteves,Derek Jones,e1 derek jones,1989,E1,0,1737,0.2,0.2,0
2024-09-02,Sergio Esteves,Jeremy Ryan,e1 jeremy ryan,1758,E1,0.5,1738,0.68,0.48,0.5
2024-09-10,Sergio Esteves,Cosmin Stancu,e1 cosmin stancu,1680,E1,0.5,1735,1.27,0.59,1
2024-09-23,Sergio Esteves,Aled Roberts,e1 aled roberts,1711,E1,1,1749,1.82,0.55,2
2024-10-07,Sergio Esteves,Sam White,e1 sam white,1591,E1,1,1758,2.53,0.71,3
2024-10-13,Sergio Esteves,Steve Horrell,g1 steve horrell,1851,G1,1,1777,2.88,0.35,4
2024-10-14,Sergio Esteves,Oyvind Ringen,e1 oyvind ringen,1700,E1,1,1790,3.44,0.56,5
2024-10-22,Sergio Esteves,Jacob Harris,e1 jacob harris,1500,E1,1,1796,4.24,0.8,6
2024-10-28,Sergio Esteves,Andy Basford,e1 andy basford,1629,E1,0,1776,4.9,0.66,6
2024-11-05,Sergio Esteves,Lucas Zheng,e1 lucas zheng,1709,E1,1,1790,5.45,0.55,7
2024-11-18,Sergio Esteves,Ethan McGrath,e1 ethan mcgrath,1750,E1,1,1805,5.94,0.49,8
2024-11-26,Sergio Esteves,Wayne Holland,e1 wayne holland,1478,E1,1,1811,6.76,0.82,9
2024-12-02,Sergio Esteves,Justin Morgans,e1 justin morgans,1806,E1,0,1798,7.17,0.41,9
2024-12-09,Sergio Esteves,Rune Llewellyn,e1 rune llewellyn,1536,E1,0,1775,7.94,0.77,9
2024-09-03,Emyr Roberts,Kam Choo Yin,e1 kam choo yin,1823,E1,0.5,1746,0.39,0.39,0.5
2024-09-23,Emyr Roberts,Gareth Harding,e1 gareth harding,1776,E1,1,1763,0.84,0.45,1.5
2024-10-15,Emyr Roberts,Andy Basford,e1 andy basford,1629,E1,1,1773,1.5,0.66,2.5
2024-11-11,Emyr Roberts,John Ryles,e1 john ryles,1650,E1,1,1784,2.13,0.63,3.5
2024-11-25,Emyr Roberts,Ethan McGrath,e1 ethan mcgrath,1750,E1,0,1769,2.62,0.49,3.5
2024-10-21,George Bowkett,Matthew Lunnon,e1 matthew lunnon,1739,E1,1,1755,0.5,0.5,1
2024-11-18,George Bowkett,Mike Gale,e1 mike gale,1787,E1,0.5,1757,0.93,0.43,1.5
2024-09-02,Matthew Lunnon,Paul Bridges,e1 paul bridges,1818,E1,0,1727,0.39,0.39,0
2024-09-23,Matthew Lunnon,Ethan McGrath,e1 ethan mcgrath,1750,E1,0,1713,0.87,0.48,0
2024-09-30,Matthew Lunnon,Suraj Prabhu,e1 suraj prabhu,1727,E1,0.5,1712,1.39,0.52,0.5
2024-10-07,Matthew Lunnon,Edd Chwieseni,e1 edd chwieseni,1724,E1,1,1727,1.91,0.52,1.5
2024-10-21,Matthew Lunnon,George Bowkett,e1 george bowkett,1740,E1,0,1712,2.41,0.5,1.5
2024-10-28,Matthew Lunnon,Clive Silver,e1 clive silver,1666,E1,1,1724,3.01,0.6,2.5
2024-11-18,Matthew Lunnon,Jeremy Ryan,e1 jeremy ryan,1758,E1,0.5,1724,3.48,0.47,3
2024-12-02,Matthew Lunnon,Liam Penny,e1 liam penny,1856,E1,0,1714,3.82,0.34,3
2024-06-09,Gary Slegg,Chris Daniel,w1 chris daniel,1752,W1,0.5,1738,0.48,0.48,0.5
2024-07-19,Gary Slegg,Luke Freeman,NA,1890,ENG,0,1729,0.77,0.29,0.5
2024-07-20,Gary Slegg,Luke Chapman,NA,1884,ENG,0,1720,1.07,0.3,0.5
2024-07-21,Gary Slegg,Hugh Tassell,NA,1815,ENG,0,1708,1.46,0.39,0.5
2024-07-21,Gary Slegg,Peter Wood,NA,1825,ENG,0.5,1712,1.84,0.38,1
2024-08-02,Gary Slegg,Leo Cheung,NA,1750,ENG,0,1697,2.32,0.48,1
2024-08-02,Gary Slegg,Shlok Maheshwari,NA,1741,ENG,1,1713,2.81,0.49,2
2024-08-03,Gary Slegg,Tyler Sweeney,NA,1827,ENG,1,1731,3.18,0.37,3
2024-08-04,Gary Slegg,Mark Taylor,NA,1905,ENG,0,1723,3.46,0.28,3
2024-08-16,Gary Slegg,Mark Adams,g1 mark adams,2030,G1,0.5,1733,3.62,0.16,3.5
2024-08-17,Gary Slegg,Paul Hatchett,e1 paul hatchett,2012,E1,0,1728,3.79,0.17,3.5
2024-08-17,Gary Slegg,Stephen Horrell,g1 steve horrell,1851,G1,0,1718,4.13,0.34,3.5
2024-08-18,Gary Slegg,Tim Kett,e1 tim kett,2199,E1,0.5,1730,4.23,0.1,4
2024-09-05,Gary Slegg,Phil Tiddy,NA,1561,ENG,1,1738,4.96,0.73,5
2024-09-06,Gary Slegg,Geoffrey Bishop,NA,1818,ENG,0.5,1742,5.35,0.39,5.5
2024-09-07,Gary Slegg,Luke Julyan,NA,1799,ENG,0,1729,5.76,0.41,5.5
2024-09-07,Gary Slegg,Bruce Oliver,NA,1777,ENG,0.5,1731,6.2,0.44,6
2024-09-08,Gary Slegg,Gert de Block,NA,1803,ENG,1,1749,6.61,0.41,7
2024-09-08,Gary Slegg,William Egan,NA,1759,ENG,0.5,1750,7.08,0.47,7.5
2024-09-17,Gary Slegg,Paul Bluck,NA,1718,ENG,0.5,1749,7.61,0.53,8
2024-09-19,Gary Slegg,Cesar Pileggi,NA,1671,ENG,1,1761,8.2,0.59,9
2024-09-24,Gary Slegg,Paul Bluck,NA,1718,ENG,0,1745,8.73,0.53,9
2024-09-25,Gary Slegg,Roger Brown,NA,1761,ENG,0.5,1746,9.2,0.47,9.5
2024-10-03,Gary Slegg,Malcolm Price,NA,1633,ENG,0,1727,9.85,0.65,9.5
2024-10-08,Gary Slegg,Richard Doble,n1 richard doble,1805,N1,0.5,1730,10.25,0.4,10
2024-10-13,Gary Slegg,Paul Mills,g1 paul mills,1771,G1,0.5,1731,10.7,0.45,10.5
2024-10-15,Gary Slegg,Robert G Clark,n1 robert g clark,2033,N1,0,1727,10.85,0.15,10.5
2024-11-01,Gary Slegg,Adrain Santos Ruiz,NA,1992,ENG,0,1721,11.04,0.19,10.5
2024-11-02,Gary Slegg,Kalin Ivanov,NA,1684,ENG,1,1734,11.62,0.58,11.5
2024-11-02,Gary Slegg,Mohsen Abedian,NA,1827,ENG,0.5,1738,11.99,0.37,12
2024-11-03,Gary Slegg,James Folliard,NA,1837,ENG,0,1727,12.35,0.36,12
2024-11-03,Gary Slegg,Karina Kowalczyk,NA,1724,ENG,0.5,1726,12.87,0.52,12.5
2024-11-07,Gary Slegg,Glyn Pugh,NA,1922,ENG,0,1718,13.13,0.26,12.5
2024-11-12,Gary Slegg,Julie van Kemenade,n1 julie van kemenade,1797,N1,1,1736,13.54,0.41,13.5
2024-11-14,Gary Slegg,Munroe Morrison,NA,1827,ENG,0.5,1740,13.91,0.37,14
2024-12-09,Gary Slegg,Peter S Fisher,n1 peter s fisher,1775,N1,1,1756,14.36,0.45,15
2024-12-12,Gary Slegg,Diego Garcia Lucas,n1 diego garcia lucas,1604,N1,1,1766,15.04,0.68,16
2024-12-14,Gary Slegg,Christian Charalambous,NA,1647,ENG,1,1777,15.67,0.63,17
2024-12-14,Gary Slegg,Aadvik Vadyar,NA,1752,ENG,0.5,1778,16.15,0.48,17.5
2024-12-14,Gary Slegg,Amit Athawale,NA,1738,ENG,0.5,1778,16.65,0.5,18
2024-12-15,Gary Slegg,Paul Jackson,NA,1849,ENG,0.5,1783,16.99,0.34,18.5
2024-12-15,Gary Slegg,Thomas Holmes,NA,1630,ENG,0.5,1778,17.64,0.65,19
2024-12-19,Gary Slegg,Nick Holmes,NA,1723,ENG,0,1762,18.16,0.52,19
2024-07-02,Alex Kennedy,Raman Rajoram,e1 raman rajoram,1398,E1,0,1709,0.87,0.87,0
2024-07-16,Alex Kennedy,Lucas Zheng,e1 lucas zheng,1709,E1,0,1693,1.41,0.54,0
2024-09-24,Alex Kennedy,Andy Basford,e1 andy basford,1629,E1,1,1703,2.06,0.65,1
2024-10-15,Alex Kennedy,John Ryles,e1 john ryles,1650,E1,0.5,1700,2.68,0.62,1.5
2024-11-05,Alex Kennedy,Cosmin Stancu,e1 cosmin stancu,1680,E1,0,1682,3.26,0.58,1.5
2024-11-27,Alex Kennedy,Micah O'Toole,e1 micah o'toole,1774,E1,0,1669,3.7,0.44,1.5
2024-10-15,Blake Stone,David Battell,w1 david battell,1551,W1,1,1740,0.74,0.74,1
2024-10-21,Blake Stone,Darson Beeston,w1 darson beeston,1730,W1,0,1725,1.24,0.5,1
2024-11-05,Blake Stone,Steve Edwards,w1 steve edwards,1646,W1,1,1736,1.86,0.62,2
2024-11-12,Blake Stone,Gary Harber,w1 gary harber,1489,W1,1,1742,2.66,0.8,3
2024-11-26,Blake Stone,Martyn Griffiths,w1 martyn griffiths,1809,W1,0,1730,3.05,0.39,3
2024-12-03,Blake Stone,Huw Jones,w1 huw jones,1772,W1,0.5,1732,3.49,0.44,3.5
2024-12-10,Blake Stone,Les Philpin,w1 les philpin,1701,W1,1,1746,4.03,0.54,4.5
2024-07-05,Bob Hurn,Mei-Xian Eunice Hng,NA,2087,ENG,0,1728,0.11,0.11,0
2024-07-05,Bob Hurn,Calum Harris,e1 calum harris,1919,E1,0,1720,0.36,0.25,0
2024-07-06,Bob Hurn,Liam Powell-Jones,g1 liam powell-jones,1686,G1,1,1733,0.92,0.56,1
2024-07-07,Bob Hurn,Duncan MacDonald,e1 duncan macdonald,2007,E1,1,1758,1.09,0.17,2
2024-07-07,Bob Hurn,Joe Fathallah,e1 joe fathallah,2011,E1,0,1753,1.26,0.17,2
2024-07-08,Bob Hurn,Jack Hannigan,e1 jack hannigan,1650,E1,0,1735,1.87,0.61,2
2024-07-09,Bob Hurn,Matthew R Wilson,NA,1904,ENG,0.5,1741,2.14,0.27,2.5
2024-07-09,Bob Hurn,Paul Moulson,g1 paul moulson,1644,G1,1,1753,2.76,0.62,3.5
2024-07-10,Bob Hurn,Nigel John Moyse,NA,2005,ENG,0,1748,2.93,0.17,3.5
2024-07-13,Bob Hurn,Risha Jithendra,NA,1460,ENG,1,1753,3.76,0.83,4.5
2024-07-13,Bob Hurn,Ann Tagg,NA,1470,ENG,1,1758,4.58,0.82,5.5
2024-08-16,Bob Hurn,Lee Davis,e1 lee davis,2008,E1,0,1753,4.75,0.17,5.5
2024-08-17,Bob Hurn,Michael Binks,e1 michael binks,1994,E1,0,1748,4.93,0.18,5.5
2024-08-17,Bob Hurn,Steve Williams (Cwm),g1 steve williams (cwm),1698,G1,0.5,1746,5.48,0.55,6
2024-08-18,Bob Hurn,Malcolm Probert,w1 malcolm probert,1700,W1,0.5,1745,6.02,0.54,6.5
2024-09-09,Bob Hurn,Dwain Jones,e1 dwain jones,1720,E1,0.5,1745,6.54,0.52,7
2024-09-14,Bob Hurn,Bence Szakmany,e1 bence szakmany,1947,E1,0,1738,6.76,0.22,7
2024-09-14,Bob Hurn,Maazin Rizwan,NA,1700,EST,0,1722,7.3,0.54,7
2024-09-14,Bob Hurn,Timur Ramzan,e1 timur ramzan,1527,E1,0,1699,8.06,0.76,7
2024-09-15,Bob Hurn,Gareth Richards,e1 gareth richards,1574,E1,0.5,1692,8.77,0.71,7.5
2024-09-15,Bob Hurn,Steve Williams (Cwm),g1 steve williams (cwm),1698,G1,0,1676,9.32,0.55,7.5
2024-09-17,Bob Hurn,Dave Williams,g1 dave williams,1785,G1,0.5,1678,9.74,0.42,8
2024-09-23,Bob Hurn,Andrew Jeanes,e1 andrew jeanes,1713,E1,0,1662,10.27,0.53,8
2024-09-30,Bob Hurn,Edd Chwieseni,e1 edd chwieseni,1724,E1,0,1647,10.78,0.51,8
2024-10-02,Bob Hurn,Chris Morgan,g1 chris morgan,1785,G1,1,1664,11.2,0.42,9
2024-10-14,Bob Hurn,Ken Hannah,e1 ken hannah,1774,E1,0.5,1666,11.64,0.44,9.5
2024-10-15,Bob Hurn,Steve Horrell,g1 steve horrell,1851,G1,0,1656,11.97,0.33,9.5
2024-10-16,Bob Hurn,Chris Morgan,g1 chris morgan,1785,G1,1,1674,12.39,0.42,10.5
2024-10-28,Bob Hurn,Ethan McGrath,e1 ethan mcgrath,1750,E1,0,1659,12.86,0.47,10.5
2024-11-04,Bob Hurn,Martin Ilett,e1 martin ilett,1631,E1,0.5,1655,13.5,0.64,11
2024-11-15,Bob Hurn,Andrew Di-Vetta,e1 andrew di-vetta,1830,E1,0,1644,13.86,0.36,11
2024-11-16,Bob Hurn,John A Williams,g1 john a williams,1773,G1,0.5,1646,14.3,0.44,11.5
2024-11-16,Bob Hurn,James Harford,w1 james harford,1828,W1,0,1635,14.66,0.36,11.5
2024-11-17,Bob Hurn,Kam Choo Yin,e1 kam choo yin,1823,E1,1,1654,15.03,0.37,12.5
2024-11-17,Bob Hurn,Elijah Daniel,e1 elijah daniel,1392,E1,1,1658,15.91,0.88,13.5
2024-11-18,Bob Hurn,John Cox,e1 john cox,1601,E1,0.5,1652,16.59,0.68,14
2024-11-19,Bob Hurn,Richard Batey,g1 richard batey,1901,G1,0,1644,16.86,0.27,14
2024-11-25,Bob Hurn,Peter Slater,e1 peter slater,1746,E1,0.5,1645,17.34,0.48,14.5
2024-12-04,Bob Hurn,Kristan Enoch,e1 kristan enoch,1803,E1,0,1633,17.74,0.4,14.5
2024-12-12,Bob Hurn,Simon Blackmore,e1 simon blackmore,1724,E1,0,1618,18.25,0.51,14.5
2024-12-16,Bob Hurn,Sam White,e1 sam white,1591,E1,0.5,1612,18.94,0.69,15
2024-09-09,Anthony Beck,Daniel Attrill,w1 daniel attrill,1425,W1,1,1734,0.85,0.85,1
2024-10-02,Anthony Beck,James Evans,w1 james evans,1686,W1,1,1748,1.41,0.56,2
2024-10-13,Anthony Beck,Vismith Prabhu,w1 vismith prabhu,1703,W1,0.5,1746,1.95,0.54,2.5
2024-10-22,Anthony Beck,John Davies,w1 john davies,1521,W1,1,1753,2.72,0.77,3.5
2024-11-05,Anthony Beck,David Battell,w1 david battell,1551,W1,0,1731,3.46,0.74,3.5
2024-11-26,Anthony Beck,Eugene Tee,w1 eugene tee,1644,W1,1,1743,4.08,0.62,4.5
2024-12-03,Anthony Beck,Les Philpin,w1 les philpin,1701,W1,0,1726,4.62,0.54,4.5
2024-12-17,Anthony Beck,Greg Goold,w1 greg goold,1482,W1,1,1732,5.43,0.81,5.5
2024-09-09,Darson Beeston,Mark Thomas,w1 mark thomas,1949,W1,0,1723,0.22,0.22,0
2024-09-30,Darson Beeston,Malcolm Probert,w1 malcolm probert,1700,W1,1,1737,0.76,0.54,1
2024-10-07,Darson Beeston,Duncan Williams,w1 duncan williams,1898,W1,0,1729,1.04,0.28,1
2024-10-21,Darson Beeston,Blake Stone,w1 blake stone,1732,W1,1,1744,1.54,0.5,2
2024-11-15,Darson Beeston,Ovidiu Pintea,NA,1768,ENG,0.5,1746,1.99,0.45,2.5
2024-11-16,Darson Beeston,Ethan McGrath,e1 ethan mcgrath,1750,E1,0,1731,2.46,0.47,2.5
2024-11-16,Darson Beeston,Danylo Shevchenko,e1 danylo shevchenko,1745,E1,0,1717,2.94,0.48,2.5
2024-11-17,Darson Beeston,Julie Van Kemenade,n1 julie van kemenade,1797,N1,0.5,1720,3.34,0.4,3
2024-11-17,Darson Beeston,Joshua Richards,w1 joshua richards,1762,W1,1,1736,3.79,0.45,4
2024-11-25,Darson Beeston,Jonathan Thomas,w1 jonathan thomas,1882,W1,0,1727,4.08,0.29,4
2024-12-02,Darson Beeston,Tristan Griffith,w1 tristan griffith,1449,W1,1,1732,4.91,0.83,5
2024-12-09,Darson Beeston,Andrew Gibbons,w1 andrew gibbons,1967,W1,0.5,1741,5.11,0.2,5.5
2024-10-08,Paul Headon,John Davies,w1 john davies,1521,W1,0.5,1722,0.77,0.77,0.5
2024-10-15,Paul Headon,Ken Huntley,w1 ken huntley,1624,W1,0.5,1717,1.42,0.65,1
2024-10-23,Paul Headon,Danny Ashburner,w1 danny ashburner,1790,W1,0,1705,1.83,0.41,1
2024-10-30,Paul Headon,Carl Halpin,w1 carl halpin,1616,W1,1,1715,2.49,0.66,2
2024-11-05,Paul Headon,Eugene Tee,w1 eugene tee,1644,W1,1,1727,3.11,0.62,3
2024-11-20,Paul Headon,Ken Huntley,w1 ken huntley,1624,W1,0.5,1722,3.76,0.65,3.5
2024-12-17,Paul Headon,Martyn Griffiths,w1 martyn griffiths,1809,W1,0.5,1726,4.15,0.39,4
2024-10-28,Mark Paffard,Robert Narayan-Taylor,d1 robert narayan-taylor,1598,D1,1,1740,0.68,0.68,1
2024-12-10,Mark Paffard,Mark Reynolds,d1 mark reynolds,1529,D1,0.5,1732,1.44,0.76,1.5
2024-11-20,Lucas James,Ben Tucker,g1 ben tucker,1587,G1,1,1738,0.69,0.69,1
2024-12-18,Lucas James,Andrew Balfe,g1 andrew balfe,1606,G1,1,1748,1.36,0.67,2
2024-07-02,Suraj Prabhu,Tim Kett,e1 tim kett,2199,E1,0,1724,0.1,0.1,0
2024-07-09,Suraj Prabhu,John McGregor,e1 john mcgregor,1890,E1,0,1716,0.38,0.28,0
2024-07-16,Suraj Prabhu,James Choung,e1 james choung,1364,E1,1,1719,1.27,0.89,1
2024-09-23,Suraj Prabhu,Gavin Jones,e1 gavin jones,1815,E1,1,1738,1.65,0.38,2
2024-09-30,Suraj Prabhu,Matthew Lunnon,e1 matthew lunnon,1739,E1,0.5,1738,2.13,0.48,2.5
2024-10-07,Suraj Prabhu,Gareth Richards,e1 gareth richards,1574,E1,0,1717,2.84,0.71,2.5
2024-10-14,Suraj Prabhu,Mike Gale,e1 mike gale,1787,E1,1,1734,3.25,0.41,3.5
2024-11-04,Suraj Prabhu,Steve Jones,e1 steve jones,1784,E1,0,1722,3.67,0.42,3.5
2024-11-18,Suraj Prabhu,Paul Bridges,e1 paul bridges,1818,E1,0.5,1726,4.04,0.37,4
2024-12-04,Suraj Prabhu,Emma Kong,e1 emma kong,1761,E1,0.5,1727,4.49,0.45,4.5
2024-12-12,Suraj Prabhu,Liam Penny,e1 liam penny,1856,E1,0,1718,4.81,0.32,4.5
2024-09-16,Neil Stuart,Malcolm Probert,w1 malcolm probert,1700,W1,0.5,1726,0.54,0.54,0.5
2024-09-23,Neil Stuart,Wiliam Francis,w1 wiliam francis,1589,W1,0.5,1720,1.23,0.69,1
2024-10-30,Neil Stuart,John Arnold,w1 john arnold,1716,W1,0,1705,1.75,0.52,1
2024-11-05,Neil Stuart,Angus Winter,w1 angus winter,1623,W1,0,1685,2.4,0.65,1
2024-11-13,Neil Stuart,Danny Ashburner,w1 danny ashburner,1790,W1,1,1703,2.81,0.41,2
2024-12-03,Neil Stuart,Martyn Griffiths,w1 martyn griffiths,1809,W1,0,1692,3.19,0.38,2
2024-09-14,Marcell Vesz,Amir Jamil,e1 amir jamil,1422,E1,1,1729,0.85,0.85,1
2024-09-14,Marcell Vesz,David Belochkin,e1 david belochkin,1535,E1,1,1737,1.6,0.75,2
2024-09-15,Marcell Vesz,Arush Ajai Murthy,e1 arush ajai murthy,1745,E1,1,1753,2.07,0.47,3
2024-09-15,Marcell Vesz,Lucas Zheng,e1 lucas zheng,1709,E1,0,1737,2.59,0.52,3
2024-09-14,Marcell Vesz,Chris Thompson,g1 chris thompson,1338,G1,1,1740,3.49,0.9,4
2024-10-07,Simon Blackmore,Martin K Jones,e1 martin k jones,1653,E1,1,1736,0.6,0.6,1
2024-10-24,Simon Blackmore,Paul Bridges,e1 paul bridges,1818,E1,0.5,1740,0.97,0.37,1.5
2024-11-25,Simon Blackmore,Kevin Stephens,e1 kevin stephens,1683,E1,0,1723,1.53,0.56,1.5
2024-11-26,Simon Blackmore,Sami Hoosein,e1 sami hoosein,1400,E1,1,1727,2.4,0.87,2.5
2024-12-02,Simon Blackmore,Matt Straiton,e1 matt straiton,1550,E1,1,1735,3.13,0.73,3.5
2024-12-12,Simon Blackmore,Bob Hurn,e1 bob hurn,1731,E1,1,1751,3.62,0.49,4.5
2024-12-17,Simon Blackmore,Kristan Enoch,e1 kristan enoch,1803,E1,1,1769,4.01,0.39,5.5
2024-09-02,Edd Chwieseni,Russell Dodington,e1 russell dodington,1785,E1,0,1712,0.41,0.41,0
2024-09-18,Edd Chwieseni,Kristan Enoch,e1 kristan enoch,1803,E1,0,1700,0.8,0.39,0
2024-09-30,Edd Chwieseni,Bob Hurn,e1 bob hurn,1731,E1,1,1715,1.29,0.49,1
2024-10-07,Edd Chwieseni,Matthew Lunnon,e1 matthew lunnon,1739,E1,0,1701,1.77,0.48,1
2024-11-18,Edd Chwieseni,Andrew Jeanes,e1 andrew jeanes,1713,E1,1,1715,2.29,0.52,2
2024-11-25,Edd Chwieseni,Anshul Swamy,e1 anshul swamy,1636,E1,0,1697,2.91,0.62,2
2024-09-09,Dwain Jones,Bob Hurn,e1 bob hurn,1731,E1,0.5,1720,0.48,0.48,0.5
2024-10-07,Dwain Jones,David Llewellyn,e1 david llewellyn,1940,E1,0,1714,0.7,0.22,0.5
2024-10-21,Dwain Jones,Derek Jones,e1 derek jones,1989,E1,0,1709,0.88,0.18,0.5
2024-11-11,Dwain Jones,Ken Hannah,e1 ken hannah,1774,E1,0,1696,1.3,0.42,0.5
2024-11-25,Dwain Jones,Steve Cunliffe,e1 steve cunliffe,1886,E1,0,1688,1.58,0.28,0.5
2024-12-02,Dwain Jones,Syer Khizer Rizvi,e1 syer khizer rizvi,1800,E1,0,1676,1.97,0.39,0.5
2024-12-09,Dwain Jones,Jonathan James,e1 jonathan james,2027,E1,0,1672,2.12,0.15,0.5
2024-09-17,Paul Sadler,Dave Littlemore,NA,1663,ENG,1,1733,0.58,0.58,1
2024-09-19,Paul Sadler,Alf Evans,NA,1638,ENG,1,1744,1.2,0.62,2
2024-09-25,Paul Sadler,Stefan Tennant,NA,1740,ENG,0,1730,1.67,0.47,2
2024-10-08,Paul Sadler,Andrew Sutton,n1 andrew sutton,1680,N1,1,1743,2.23,0.56,3
2024-10-15,Paul Sadler,G Brian Davies,n1 g brian davies,1833,N1,1,1763,2.57,0.34,4
2024-10-17,Paul Sadler,Nathan Jeukens,NA,1766,ENG,0,1750,3,0.43,4
2024-10-29,Paul Sadler,Andrew Sutton,n1 andrew sutton,1680,N1,1,1763,3.56,0.56,5
2024-11-04,Paul Sadler,Jamie Lear,NA,1830,ENG,0.5,1768,3.91,0.35,5.5
2024-11-05,Paul Sadler,Charles F Morris,n1 charles f morris,2101,N1,0,1765,4.01,0.1,5.5
2024-11-06,Paul Sadler,Angus Weir,n1 angus weir,1647,N1,0,1747,4.61,0.6,5.5
2024-11-12,Paul Sadler,Rudy van Kemenade,n1 rudy van kemenade,1922,N1,0,1740,4.85,0.24,5.5
2024-11-14,Paul Sadler,Mark Billington,NA,1761,ENG,0.5,1741,5.29,0.44,6
2024-09-05,Govind Anandkumar,Georgi Korovski,e1 georgi korovski,1919,E1,0,1712,0.24,0.24,0
2024-10-03,Govind Anandkumar,John McGregor,e1 john mcgregor,1890,E1,0,1704,0.51,0.27,0
2024-10-13,Govind Anandkumar,Kristan Enoch,e1 kristan enoch,1803,E1,1,1722,0.89,0.38,1
2024-10-29,Govind Anandkumar,David Perrett,e1 david perrett,1980,E1,0,1717,1.07,0.18,1
2024-11-07,Govind Anandkumar,Miltos Zoumekas,e1 miltos zoumekas,1700,E1,1,1731,1.6,0.53,2
2024-11-16,Govind Anandkumar,McKenzie Archibald,w1 mckenzie archibald,1707,W1,1,1745,2.12,0.52,3
2024-11-16,Govind Anandkumar,Elijah Daniel,e1 elijah daniel,1392,E1,1,1749,2.99,0.87,4
2024-11-17,Govind Anandkumar,Roger Jenkins,w1 roger jenkins,1696,W1,1,1763,3.52,0.53,5
2024-11-17,Govind Anandkumar,Malcolm Probert,w1 malcolm probert,1700,W1,0.5,1763,4.05,0.53,5.5
2024-12-12,Govind Anandkumar,Robert Wallace,e1 robert wallace,1572,E1,0,1742,4.75,0.7,5.5
2024-10-01,Tanmay Madhusudham,David Stuttard,NA,1826,ENG,1,1738,0.35,0.35,1
2024-10-15,Tanmay Madhusudham,Peter S Fisher,n1 peter s fisher,1775,N1,1,1756,0.77,0.42,2
2024-10-22,Tanmay Madhusudham,Gregory Barker,n1 gregory barker,1750,N1,1,1772,1.23,0.46,3
2024-09-09,Stefan Le Roy,Leon Jansen van Rensburg,e1 leon jansen van rensburg,1758,E1,0.5,1720,0.44,0.44,0.5
2024-10-07,Stefan Le Roy,Lef Zografos,e1 lef zografos,1832,E1,0.5,1724,0.78,0.34,1
2024-10-21,Stefan Le Roy,Roy Thomas,e1 roy thomas,1840,E1,0,1715,1.11,0.33,1
2024-10-28,Stefan Le Roy,David Lewis,e1 david lewis,1815,E1,0,1704,1.47,0.36,1
2024-11-11,Stefan Le Roy,Gwyn Havard,e1 gwyn havard,1855,E1,0,1694,1.78,0.31,1
2024-11-25,Stefan Le Roy,Steve Jones,e1 steve jones,1784,E1,0.5,1697,2.19,0.41,1.5
2024-12-02,Stefan Le Roy,Chris Slack,e1 chris slack,1761,E1,1,1714,2.63,0.44,2.5
2024-12-04,Stefan Le Roy,Guy Wagner,e1 guy wagner,1904,E1,1,1736,2.89,0.26,3.5
2024-12-09,Stefan Le Roy,Paul Bridges,e1 paul bridges,1818,E1,0.5,1740,3.25,0.36,4
2024-12-12,Stefan Le Roy,David Llewellyn,e1 david llewellyn,1940,E1,0,1734,3.47,0.22,4
2024-10-21,Evan Whitehouse,Andrew Golley,w1 andrew golley,1762,W1,1,1734,0.44,0.44,1
2024-10-22,Evan Whitehouse,Les Philpin,w1 les philpin,1701,W1,0.5,1733,0.96,0.52,1.5
2024-10-29,Evan Whitehouse,Martyn Griffiths,w1 martyn griffiths,1809,W1,0.5,1737,1.33,0.37,2
2024-11-12,Evan Whitehouse,Ken Huntley,w1 ken huntley,1624,W1,1,1748,1.96,0.63,3
2024-11-15,Evan Whitehouse,Farouq Nasir,w1 farouq nasir,1654,W1,0,1731,2.55,0.59,3
2024-11-16,Evan Whitehouse,Deio Parri,n1 deio parri,1751,N1,0,1717,3,0.45,3
2024-11-16,Evan Whitehouse,Kam Choo Yin,e1 kam choo yin,1823,E1,1,1736,3.35,0.35,4
2024-11-17,Evan Whitehouse,Andrew Di-Vetta,e1 andrew di-vetta,1830,E1,1,1756,3.69,0.34,5
2024-11-17,Evan Whitehouse,Yaroslav Sharhorodsky,d1 yaroslav sharhorodsky,1830,D1,0,1746,4.03,0.34,5
2024-11-19,Evan Whitehouse,Andrew Di-Vetta,e1 andrew di-vetta,1830,E1,1,1766,4.37,0.34,6
2024-09-09,John Arnold,Richard Cleveland,w1 richard cleveland,2045,W1,0,1712,0.13,0.13,0
2024-09-16,John Arnold,Ian Eustis,w1 ian eustis,1829,W1,1,1732,0.47,0.34,1
2024-09-18,John Arnold,Mark Thomas,w1 mark thomas,1949,W1,0.5,1741,0.68,0.21,1.5
2024-09-25,John Arnold,Andrew Gibbons,w1 andrew gibbons,1967,W1,0,1735,0.87,0.19,1.5
2024-10-02,John Arnold,Martyn Griffiths,w1 martyn griffiths,1809,W1,1,1754,1.24,0.37,2.5
2024-10-16,John Arnold,Glyn Hill,w1 glyn hill,1449,W1,1,1759,2.06,0.82,3.5
2024-10-30,John Arnold,Neil Stuart,w1 neil stuart,1727,W1,1,1775,2.54,0.48,4.5
2024-11-05,John Arnold,Peter Bevan,w1 peter bevan,1907,W1,0,1767,2.79,0.25,4.5
2024-11-06,John Arnold,Eva Gregot,w1 eva gregot,1600,W1,1,1777,3.45,0.66,5.5
2024-11-26,John Arnold,Angus Winter,w1 angus winter,1623,W1,0.5,1773,4.08,0.63,6
2024-11-27,John Arnold,Andrew Smith,w1 andrew smith,1793,W1,0.5,1777,4.47,0.39,6.5
2024-12-04,John Arnold,William Hewitt,w1 william hewitt,2038,W1,0,1773,4.61,0.14,6.5
2024-12-10,John Arnold,Dale Westcott,w1 dale westcott,1824,W1,1,1792,4.96,0.35,7.5
2024-08-16,Dave Connolly,Dillan Duke,NA,2125,ENG,0,1712,0.1,0.1,0
2024-08-17,Dave Connolly,Adam May,w1 adam may,1955,W1,0,1706,0.3,0.2,0
2024-08-18,Dave Connolly,Jac THomas,NA,2020,ENG,0,1702,0.45,0.15,0
2024-11-06,Dave Connolly,John A Williams,g1 john a williams,1773,G1,0.5,1704,0.87,0.42,0.5
2024-11-13,Dave Connolly,Chris Morgan,g1 chris morgan,1785,G1,0,1692,1.27,0.4,0.5
2024-08-17,Tomas Forsey,Andrew Balfe,g1 andrew balfe,1606,G1,1,1724,0.65,0.65,1
2024-08-17,Tomas Forsey,Lef Zografos,e1 lef zografos,1832,E1,1,1743,0.99,0.34,2
2024-08-18,Tomas Forsey,Vismith Prabhu,w1 vismith prabhu,1703,W1,0.5,1743,1.5,0.51,2.5
2024-08-18,Tomas Forsey,Mark Thomas,w1 mark thomas,1949,W1,0,1737,1.7,0.2,2.5
2024-09-18,Tomas Forsey,Chris Dixon,g1 chris dixon,1815,G1,0,1726,2.06,0.36,2.5
2024-09-30,Tomas Forsey,Peter Slater,e1 peter slater,1746,E1,0.5,1728,2.51,0.45,3
2024-11-05,Tomas Forsey,Joshua Colcombe,g1 joshua colcombe,1561,G1,0,1706,3.22,0.71,3
2024-11-06,Tomas Forsey,Chris Morgan,g1 chris morgan,1785,G1,0.5,1709,3.62,0.4,3.5
2024-12-18,Tomas Forsey,S Wyn Howells,e1 s wyn howells,1701,E1,0.5,1709,4.14,0.52,4
2024-07-22,Andrew Jeanes,Robert Wallace,e1 robert wallace,1572,E1,1,1722,0.69,0.69,1
2024-07-29,Andrew Jeanes,Jack Davies,e1 jack davies,1320,E1,1,1725,1.59,0.9,2
2024-08-05,Andrew Jeanes,Tom Jenney,e1 tom jenney,1378,E1,1,1729,2.46,0.87,3
2024-08-12,Andrew Jeanes,Adam Bees,e1 adam bees,1488,E1,1,1735,3.25,0.79,4
2024-08-19,Andrew Jeanes,Kevin Stephens,e1 kevin stephens,1683,E1,0.5,1734,3.79,0.54,4.5
2024-09-02,Andrew Jeanes,Stuart Enoch,e1 stuart enoch,1569,E1,1,1743,4.49,0.7,5.5
2024-09-11,Andrew Jeanes,Michael Arribas-Ayllon,e1 michael arribas-ayllon,1748,E1,0.5,1745,4.94,0.45,6
2024-09-23,Andrew Jeanes,Bob Hurn,e1 bob hurn,1731,E1,1,1761,5.41,0.47,7
2024-09-30,Andrew Jeanes,Daniel Wilmot,e1 daniel wilmot,1968,E1,0,1755,5.6,0.19,7
2024-10-07,Andrew Jeanes,David Perrett,e1 david perrett,1980,E1,0,1750,5.78,0.18,7
2024-10-13,Andrew Jeanes,Rudy van Kemenade,n1 rudy van kemenade,1922,N1,0,1743,6.01,0.23,7
2024-10-14,Andrew Jeanes,Yusuf Sulemani,e1 yusuf sulemani,1700,E1,0,1727,6.53,0.52,7
2024-10-21,Andrew Jeanes,Martin K Jones,e1 martin k jones,1653,E1,0.5,1725,7.12,0.59,7.5
2024-10-28,Andrew Jeanes,Peter Quinn,e1 peter quinn,1843,E1,0,1715,7.44,0.32,7.5
2024-11-04,Andrew Jeanes,Oyvind Ringen,e1 oyvind ringen,1700,E1,1,1729,7.96,0.52,8.5
2024-11-11,Andrew Jeanes,Thomas Mahoney,e1 thomas mahoney,1862,E1,0,1720,8.26,0.3,8.5
2024-11-18,Andrew Jeanes,Edd Chwieseni,e1 edd chwieseni,1724,E1,0,1706,8.74,0.48,8.5
2024-11-25,Andrew Jeanes,Lef Zografos,e1 lef zografos,1832,E1,0,1696,9.08,0.34,8.5
2024-12-02,Andrew Jeanes,Mike Gale,e1 mike gale,1787,E1,0,1684,9.48,0.4,8.5
2024-09-03,Aled Roberts,Adam Sarwar,e1 adam sarwar,1680,E1,0.5,1710,0.54,0.54,0.5
2024-09-23,Aled Roberts,Sergio Esteves,e1 sergio esteves,1743,E1,0,1696,0.99,0.45,0.5
2024-10-15,Aled Roberts,Lucas Zheng,e1 lucas zheng,1709,E1,0.5,1696,1.49,0.5,1
2024-11-11,Aled Roberts,Martin Ilett,e1 martin ilett,1631,E1,1,1708,2.1,0.61,2
2024-07-02,Lucas Zheng,Mark Reckless,e1 mark reckless,1566,E1,0.5,1703,0.69,0.69,0.5
2024-07-09,Lucas Zheng,Emrys Scott-Jones,e1 emrys scott-jones,1568,E1,1,1712,1.38,0.69,1.5
2024-07-13,Lucas Zheng,Arthur Kendall,NA,1876,ENG,0,1704,1.66,0.28,1.5
2024-07-13,Lucas Zheng,Sidhanth Pai,NA,1875,ENG,0,1696,1.94,0.28,1.5
2024-07-16,Lucas Zheng,Alex Kennedy,e1 alex kennedy,1735,E1,1,1712,2.4,0.46,2.5
2024-08-16,Lucas Zheng,Chris Thompson,g1 chris thompson,1338,G1,1,1715,3.29,0.89,3.5
2024-08-17,Lucas Zheng,Bjorn Oliver,g1 bjorn oliver,1604,G1,0.5,1711,3.94,0.65,4
2024-08-17,Lucas Zheng,Mike Stannard,g1 mike stannard,1562,G1,0.5,1705,4.64,0.7,4.5
2024-08-18,Lucas Zheng,Carolus Tang,NA,1668,ENG,0,1688,5.2,0.56,4.5
2024-08-18,Lucas Zheng,Phil McMahon,g1 phil mcmahon,1500,G1,1,1695,5.97,0.77,5.5
2024-09-02,Lucas Zheng,Richard Larg,e1 richard larg,1598,E1,0.5,1690,6.62,0.65,6
2024-09-11,Lucas Zheng,Andrei Zhuravlev,e1 andrei zhuravlev,1484,E1,0,1667,7.41,0.79,6
2024-09-14,Lucas Zheng,Henry Burton,d1 henry burton,1310,D1,1,1670,8.31,0.9,7
2024-09-14,Lucas Zheng,Constantine Popov,e1 constantine popov,1431,E1,1,1675,9.14,0.83,8
2024-09-14,Lucas Zheng,Arush Ajai Murthy,e1 arush ajai murthy,1745,E1,0,1661,9.59,0.45,8
2024-09-15,Lucas Zheng,Andrei Zhuravlev,e1 andrei zhuravlev,1484,E1,1,1668,10.38,0.79,9
2024-09-15,Lucas Zheng,Marcell Vesz,e1 marcell vesz,1725,E1,1,1683,10.86,0.48,10
2024-09-24,Lucas Zheng,Csege Hanczar,e1 csege hanczar,1619,E1,0,1665,11.49,0.63,10
2024-10-05,Lucas Zheng,Ben Newton,NA,1898,ENG,0,1657,11.74,0.25,10
2024-10-05,Lucas Zheng,Aaron Lewis,NA,1659,ENG,1,1670,12.31,0.57,11
2024-10-06,Lucas Zheng,Ted Ronald,NA,1745,ENG,1,1686,12.76,0.45,12
2024-10-06,Lucas Zheng,Shlok Maheshwari,NA,1794,ENG,0,1675,13.14,0.38,12
2024-10-06,Lucas Zheng,Malcolm Fletcher,NA,1666,ENG,1,1688,13.7,0.56,13
2024-10-15,Lucas Zheng,Aled Roberts,e1 aled roberts,1711,E1,0.5,1688,14.2,0.5,13.5
2024-10-28,Lucas Zheng,Jeremy Ryan,e1 jeremy ryan,1758,E1,0,1675,14.63,0.43,13.5
2024-10-29,Lucas Zheng,Gareth Richards,e1 gareth richards,1574,E1,1,1685,15.32,0.69,14.5
2024-11-05,Lucas Zheng,Sergio Esteves,e1 sergio esteves,1743,E1,0,1671,15.77,0.45,14.5
2024-11-15,Lucas Zheng,Yaroslav Sharhorodsky,d1 yaroslav sharhorodsky,1830,D1,1,1691,16.1,0.33,15.5
2024-11-16,Lucas Zheng,Elijah Daniel,e1 elijah daniel,1392,E1,0.5,1680,16.96,0.86,16
2024-11-16,Lucas Zheng,Deio Parri,n1 deio parri,1751,N1,0.5,1682,17.4,0.44,16.5
2024-11-17,Lucas Zheng,Dave Williams,g1 dave williams,1785,G1,1,1700,17.79,0.39,17.5
2024-11-17,Lucas Zheng,Roger Jenkins,w1 roger jenkins,1696,W1,0.5,1700,18.31,0.52,18
2024-11-19,Lucas Zheng,Sam White,e1 sam white,1591,E1,0,1680,18.97,0.66,18
2024-12-03,Lucas Zheng,Tim Whitchurch,e1 tim whitchurch,1568,E1,1,1689,19.66,0.69,19
2024-12-14,Lucas Zheng,Noah Chopra,NA,1330,ENG,0.5,1677,20.56,0.9,19.5
2024-12-14,Lucas Zheng,Alastair Anderson,NA,1389,ENG,1,1681,21.42,0.86,20.5
2024-12-14,Lucas Zheng,Vishnu Rowson,NA,1255,ENG,1,1684,22.32,0.9,21.5
2024-12-14,Lucas Zheng,Hector Hu,NA,1620,ENG,0.5,1681,22.95,0.63,22
2024-12-15,Lucas Zheng,Thomas Ewart,NA,1739,ENG,0,1667,23.41,0.46,22
2024-12-15,Lucas Zheng,Mark Gritsenko,NA,1341,ENG,1,1670,24.3,0.89,23
2024-12-15,Lucas Zheng,Gustavo Astolfi,NA,1431,ENG,0,1645,25.13,0.83,23
2024-12-27,Lucas Zheng,Derek C Pugh,NA,2091,ENG,0,1642,25.23,0.1,23
2024-12-28,Lucas Zheng,Dmytro Plotnikov,NA,1857,ENG,0,1633,25.53,0.3,23
2024-12-28,Lucas Zheng,Henry Burton,d1 henry burton,1310,D1,0.5,1621,26.43,0.9,23.5
2024-12-29,Lucas Zheng,Hector Hu,NA,1620,ENG,1,1632,27.06,0.63,24.5
2024-12-30,Lucas Zheng,Patrick Bourne,d1 patrick bourne,1670,D1,1,1646,27.62,0.56,25.5
2024-12-30,Lucas Zheng,Timothy M Jones,NA,1819,ENG,0.5,1650,27.97,0.35,26
2024-07-05,McKenzie Archibald,Avyukt Dasgupta,NA,2182,ENG,0.5,1719,0.1,0.1,0.5
2024-07-05,McKenzie Archibald,Ifan Rathbone-Jones,n1 ifan rathbone-jones,2078,N1,0,1716,0.21,0.11,0.5
2024-07-06,McKenzie Archibald,Wiliam Francis,w1 wiliam francis,1589,W1,1,1726,0.87,0.66,1.5
2024-07-07,McKenzie Archibald,Jeremy Menadue,NA,2051,ENG,0,1722,0.99,0.12,1.5
2024-07-07,McKenzie Archibald,Leo Keely,NA,1957,ENG,0,1717,1.18,0.19,1.5
2024-07-08,McKenzie Archibald,John A Williams,g1 john a williams,1773,G1,1,1734,1.59,0.41,2.5
2024-07-09,McKenzie Archibald,Duncan Macdonald,e1 duncan macdonald,2007,E1,0.5,1745,1.74,0.15,3
2024-07-09,McKenzie Archibald,Jack Hannigan,e1 jack hannigan,1650,E1,0,1727,2.32,0.58,3
2024-07-10,McKenzie Archibald,Anay Agarwal,NA,1743,ENG,0.5,1729,2.77,0.45,3.5
2024-11-15,McKenzie Archibald,James Harford,w1 james harford,1828,W1,0.5,1734,3.1,0.33,4
2024-11-16,McKenzie Archibald,Govind Anandkumar,e1 govind anandkumar,1719,E1,0,1719,3.58,0.48,4
2024-11-16,McKenzie Archibald,John A Williams,g1 john a williams,1773,G1,0.5,1722,3.99,0.41,4.5
2024-11-17,McKenzie Archibald,Dave Williams,g1 dave williams,1785,G1,1,1741,4.38,0.39,5.5
2024-07-09,Sandra G Blackburn,Glen Clouds,NA,1754,ENG,0.5,1706,0.43,0.43,0.5
2024-07-23,Sandra G Blackburn,Pawel Stanny,NA,1707,ENG,0.5,1706,0.93,0.5,1
2024-07-27,Sandra G Blackburn,Roland Fraser,NA,1782,ENG,0.5,1710,1.32,0.39,1.5
2024-07-27,Sandra G Blackburn,Peter Horlock,NA,1788,ENG,0.5,1713,1.7,0.38,2
2024-07-28,Sandra G Blackburn,Bryony Eccleston,NA,1768,ENG,0.5,1716,2.11,0.41,2.5
2024-07-28,Sandra G Blackburn,Sean Smithson,NA,1780,ENG,0,1704,2.5,0.39,2.5
2024-07-29,Sandra G Blackburn,Andrew Cole,NA,1644,ENG,0.5,1702,3.09,0.59,3
2024-08-08,Sandra G Blackburn,Andrew Crosby,NA,1676,ENG,0.5,1700,3.63,0.54,3.5
2024-08-10,Sandra G Blackburn,Brendon O'Gorman,NA,1887,ENG,0.5,1708,3.89,0.26,4
2024-08-10,Sandra G Blackburn,Bowie Carter,NA,1887,ENG,0,1700,4.15,0.26,4
2024-08-11,Sandra G Blackburn,Joshua Cherrington,NA,1779,ENG,0.5,1703,4.54,0.39,4.5
2024-08-11,Sandra G Blackburn,Alan M Llewellyn,n1 alan m llewellyn,1759,N1,0.5,1705,4.96,0.42,5
2024-08-17,Sandra G Blackburn,Chariie Wainwright,NA,1872,ENG,0,1697,5.24,0.28,5
2024-08-17,Sandra G Blackburn,Paul Leonard,NA,1791,ENG,0.5,1701,5.62,0.38,5.5
2024-08-18,Sandra G Blackburn,Jacob Edwards,NA,1878,ENG,0.5,1708,5.89,0.27,6
2024-08-18,Sandra G Blackburn,Ian Matthew,NA,1804,ENG,0.5,1712,6.25,0.36,6.5
2024-08-20,Sandra G Blackburn,Robert Perry,NA,1518,ENG,1,1720,6.99,0.74,7.5
2024-08-24,Sandra G Blackburn,Mark Taylor,NA,1905,ENG,0,1712,7.23,0.24,7.5
2024-08-24,Sandra G Blackburn,S Wyn Howells,e1 s wyn howells,1701,E1,0.5,1712,7.73,0.5,8
2024-08-25,Sandra G Blackburn,Gordon Glover,NA,1721,ENG,0.5,1713,8.21,0.48,8.5
2024-08-25,Sandra G Blackburn,Martin Baxter,NA,1791,ENG,0.5,1717,8.59,0.38,9
2024-08-26,Sandra G Blackburn,Shlok Maheshwari,NA,1741,ENG,0,1703,9.04,0.45,9
2024-08-26,Sandra G Blackburn,Paul Leonard,NA,1791,ENG,0,1692,9.42,0.38,9
2024-10-01,Sandra G Blackburn,Isaac Stanley,NA,1767,ENG,1,1710,9.83,0.41,10
2024-10-11,Sandra G Blackburn,Charlie Swinson,NA,1675,ENG,0.5,1708,10.37,0.54,10.5
2024-10-15,Sandra G Blackburn,Julian Hawthorne,NA,1824,ENG,0.5,1713,10.7,0.33,11
2024-10-26,Sandra G Blackburn,Neil Graham,NA,1858,ENG,0.5,1720,10.99,0.29,11.5
2024-10-26,Sandra G Blackburn,Charlie Wainwright,NA,1846,ENG,0,1710,11.3,0.31,11.5
2024-10-27,Sandra G Blackburn,Michael Johnson,NA,1858,ENG,0,1702,11.59,0.29,11.5
2024-10-27,Sandra G Blackburn,Jack Howorth,NA,1820,ENG,1,1722,11.93,0.34,12.5
2024-11-12,Sandra G Blackburn,Jamie Roberts,NA,1745,ENG,0.5,1723,12.37,0.44,13
2024-11-19,Sandra G Blackburn,Railton Hyde,NA,1846,ENG,0.5,1729,12.68,0.31,13.5
2024-11-23,Sandra G Blackburn,Giles Stanton,NA,1709,ENG,0.5,1729,13.17,0.49,14
2024-11-26,Sandra G Blackburn,Finlay Charbonneau,NA,1737,ENG,0.5,1731,13.62,0.45,14.5
2024-07-13,Vismith Prabhu,Ben Crosby,NA,1833,ENG,0.5,1708,0.32,0.32,0.5
2024-07-13,Vismith Prabhu,Jacob R Wynn,NA,1798,ENG,0.5,1712,0.69,0.37,1
2024-07-23,Vismith Prabhu,Adam Darker,NA,1731,IRL,0.5,1714,1.15,0.46,1.5
2024-07-23,Vismith Prabhu,Sithun De Silva,NA,1885,ENG,0.5,1721,1.41,0.26,2
2024-07-24,Vismith Prabhu,Yashwardhan Shankar,NA,1827,ENG,0.5,1726,1.74,0.33,2.5
2024-07-24,Vismith Prabhu,Dheeraj Vadlamudi Sai,NA,1461,FIDE,0.5,1717,2.54,0.8,3
2024-07-25,Vismith Prabhu,Arnav Kumar,NA,1911,ENG,0.5,1725,2.77,0.23,3.5
2024-08-16,Vismith Prabhu,Cameron Little,NA,1890,ENG,1,1747,3.02,0.25,4.5
2024-08-17,Vismith Prabhu,Andrew Di-Vetta,e1 andrew di-vetta,1830,E1,1,1768,3.34,0.32,5.5
2024-08-17,Vismith Prabhu,Jack Hannigan,e1 jack hannigan,1650,E1,1,1780,3.92,0.58,6.5
2024-08-18,Vismith Prabhu,Tomas Forsey,g1 tomas forsey,1713,G1,0.5,1781,4.41,0.49,7
2024-08-18,Vismith Prabhu,David McGeeney,NA,1830,ENG,1,1801,4.73,0.32,8
2024-09-09,Vismith Prabhu,Andrew Gibbons,w1 andrew gibbons,1967,W1,0.5,1811,4.91,0.18,8.5
2024-09-14,Vismith Prabhu,James Tapp,e1 james tapp,2011,E1,0,1806,5.06,0.15,8.5
2024-09-14,Vismith Prabhu,Gareth Richards,e1 gareth richards,1574,E1,1,1816,5.74,0.68,9.5
2024-09-14,Vismith Prabhu,Jon Tuson,d1 jon tuson,1796,D1,0.5,1820,6.11,0.37,10
2024-09-15,Vismith Prabhu,Sam Jukes,e1 sam jukes,1993,E1,0,1815,6.27,0.16,10
2024-09-15,Vismith Prabhu,Peter Quinn,e1 peter quinn,1843,E1,0.5,1821,6.58,0.31,10.5
2024-09-16,Vismith Prabhu,Peter Bevan,w1 peter bevan,1907,W1,0.5,1829,6.82,0.24,11
2024-09-18,Vismith Prabhu,Adrian May,w1 adrian may,1310,W1,1,1832,7.72,0.9,12
2024-09-25,Vismith Prabhu,Ian Jones,w1 ian jones,1963,W1,0.5,1841,7.9,0.18,12.5
2024-10-02,Vismith Prabhu,Dale Westcott,w1 dale westcott,1824,W1,0.5,1846,8.23,0.33,13
2024-10-13,Vismith Prabhu,Anthony Beck,w1 anthony beck,1730,W1,0.5,1847,8.69,0.46,13.5
2024-10-30,Vismith Prabhu,Andrew Smith,w1 andrew smith,1793,W1,0.5,1851,9.06,0.37,14
2024-11-05,Vismith Prabhu,Bob Moore,w1 bob moore,1937,W1,1,1875,9.27,0.21,15
2024-11-06,Vismith Prabhu,Lysa Brooks,w1 lysa brooks,1800,W1,0.5,1879,9.63,0.36,15.5
2024-11-26,Vismith Prabhu,David Guy,w1 david guy,1853,W1,0.5,1885,9.93,0.3,16
2024-12-03,Vismith Prabhu,Matteo Favoni,w1 matteo favoni,2019,W1,0,1881,10.07,0.14,16
2024-12-10,Vismith Prabhu,Steve Smith,w1 steve smith,1925,W1,1,1904,10.29,0.22,17
2024-09-04,Chris Fox,Peter Quinn,e1 peter quinn,1843,E1,0.5,1708,0.31,0.31,0.5
2024-09-11,Chris Fox,Mark Jones,e1 mark jones,1793,E1,0.5,1712,0.68,0.37,1
2024-09-18,Chris Fox,Alun Smith,e1 alun smith,1834,E1,0,1702,1,0.32,1
2024-10-09,Chris Fox,Kimberly Chong,e1 kimberly chong,1797,E1,0,1691,1.37,0.37,1
2024-10-13,Chris Fox,Seb Hoccom,e1 seb hoccom,1394,E1,0,1665,2.22,0.85,1
2024-10-16,Chris Fox,Bertie Carvey,e1 bertie carvey,1386,E1,0.5,1655,3.08,0.86,1.5
2024-10-23,Chris Fox,Michael Arribas-Ayllon,e1 michael arribas-ayllon,1748,E1,0.5,1657,3.51,0.43,2
2024-10-30,Chris Fox,Bill Harle,e1 bill harle,1754,E1,0,1644,3.94,0.43,2
2024-11-06,Chris Fox,Oleksandr Zhuravel,e1 oleksandr zhuravel,1310,E1,1,1647,4.84,0.9,3
2024-11-20,Chris Fox,Bill Harle,e1 bill harle,1754,E1,0,1634,5.27,0.43,3
2024-11-27,Chris Fox,Sam Rhydderch,e1 sam rhydderch,1403,E1,0.5,1624,6.12,0.85,3.5
2024-12-04,Chris Fox,Georgi Korovski,e1 georgi korovski,1919,E1,0,1617,6.34,0.22,3.5
2024-12-09,Chris Fox,Justin Morgans,e1 justin morgans,1806,E1,0.5,1621,6.69,0.35,4
2024-12-11,Chris Fox,George Turner,e1 george turner,1924,E1,0.5,1630,6.91,0.22,4.5
2024-12-18,Chris Fox,Joseph Sartin,e1 joseph sartin,1640,E1,1,1642,7.5,0.59,5.5
2024-08-09,S Wyn Howells,Bernie Tedd,NA,1863,ENG,0,1693,0.28,0.28,0
2024-08-10,S Wyn Howells,Alan M Llewellyn,n1 alan m llewellyn,1759,N1,0,1680,0.7,0.42,0
2024-08-11,S Wyn Howells,Stephen Murdoch,NA,1765,ENG,1,1698,1.11,0.41,1
2024-08-11,S Wyn Howells,Zachary Barton,NA,1927,ENG,0.5,1706,1.32,0.21,1.5
2024-08-24,S Wyn Howells,Dave Siddall,NA,1875,ENG,0,1698,1.59,0.27,1.5
2024-08-24,S Wyn Howells,Sandra G Blackburn,n1 sandra g blackburn,1704,N1,0.5,1698,2.09,0.5,2
2024-08-25,S Wyn Howells,John EW Blackburn,NA,1818,ENG,0.5,1703,2.43,0.34,2.5
2024-08-25,S Wyn Howells,Paul Leonard,NA,1791,ENG,0.5,1707,2.8,0.37,3
2024-08-26,S Wyn Howells,Martin Baxter,NA,1791,ENG,1,1726,3.17,0.37,4
2024-08-26,S Wyn Howells,Steven Potter,NA,1915,ENG,0,1719,3.4,0.23,4
2024-09-02,S Wyn Howells,Steffan Mon,e1 steffan mon,1672,E1,0,1703,3.94,0.54,4
2024-09-17,S Wyn Howells,Ian Abraham,e1 ian abraham,1772,E1,0,1691,4.34,0.4,4
2024-09-25,S Wyn Howells,Paul Scott,g1 paul scott,1782,G1,0.5,1694,4.73,0.39,4.5
2024-10-21,S Wyn Howells,Chris Thompson,g1 chris thompson,1338,G1,1,1698,5.62,0.89,5.5
2024-12-12,S Wyn Howells,Paul Scott,g1 paul scott,1782,G1,0,1686,6.01,0.39,5.5
2024-12-18,S Wyn Howells,Tomas Forsey,g1 tomas forsey,1713,G1,0.5,1687,6.49,0.48,6
2024-09-09,Les Philpin,Dale Westcott,w1 dale westcott,1824,W1,0,1691,0.33,0.33,0
2024-09-24,Les Philpin,Ben Rowlands,w1 ben rowlands,1671,W1,1,1705,0.87,0.54,1
2024-10-16,Les Philpin,James Evans,w1 james evans,1686,W1,1,1719,1.39,0.52,2
2024-10-22,Les Philpin,Evan Whitehouse,w1 evan whitehouse,1717,W1,0.5,1720,1.87,0.48,2.5
2024-11-04,Les Philpin,Spencer Ripley,w1 spencer ripley,1488,W1,1,1727,2.64,0.77,3.5
2024-11-13,Les Philpin,Spencer Ripley,w1 spencer ripley,1488,W1,1,1733,3.41,0.77,4.5
2024-11-15,Les Philpin,Dave Williams,g1 dave williams,1785,G1,0.5,1737,3.79,0.38,5
2024-11-16,Les Philpin,Yaroslav Sharhorodsky,d1 yaroslav sharhorodsky,1830,D1,0,1727,4.11,0.32,5
2024-11-17,Les Philpin,John A Williams,g1 john a williams,1773,G1,1,1745,4.51,0.4,6
2024-11-17,Les Philpin,Farouq Nasir,w1 farouq nasir,1654,W1,1,1758,5.08,0.57,7
2024-11-25,Les Philpin,Matthew Billington,w1 matthew billington,1656,W1,0,1741,5.64,0.56,7
2024-12-03,Les Philpin,Anthony Beck,w1 anthony beck,1730,W1,1,1758,6.1,0.46,8
2024-12-10,Les Philpin,Blake Stone,w1 blake stone,1732,W1,0,1744,6.56,0.46,8
2024-12-18,Les Philpin,Gareth Harper,w1 gareth harper,1650,W1,1,1757,7.13,0.57,9
2024-07-05,Malcolm Probert,Jack Liu,NA,2230,ENG,0,1697,0.1,0.1,0
2024-07-05,Malcolm Probert,David Robinson,e1 david robinson,1910,E1,0.5,1705,0.33,0.23,0.5
2024-07-07,Malcolm Probert,Michael Binks,e1 michael binks,1994,E1,0.5,1715,0.49,0.16,1
2024-07-07,Malcolm Probert,Lynda Smith,g1 lynda smith,1886,G1,0.5,1723,0.75,0.26,1.5
2024-07-08,Malcolm Probert,Guy Wagner,e1 guy wagner,1904,E1,1,1746,0.99,0.24,2.5
2024-07-09,Malcolm Probert,James Tapp,NA,1964,ENG,0,1740,1.17,0.18,2.5
2024-07-09,Malcolm Probert,Duncan Macdonald,e1 duncan macdonald,2007,E1,0,1736,1.32,0.15,2.5
2024-07-10,Malcolm Probert,Justin Morgans,e1 justin morgans,1806,E1,0.5,1740,1.67,0.35,3
2024-08-17,Malcolm Probert,Gwyn Havard,e1 gwyn havard,1855,E1,0,1732,1.96,0.29,3
2024-08-17,Malcolm Probert,David Morgan,NA,1839,ENG,0.5,1737,2.27,0.31,3.5
2024-08-18,Malcolm Probert,Bob Hurn,e1 bob hurn,1731,E1,0.5,1739,2.73,0.46,4
2024-08-18,Malcolm Probert,William Phillips,g1 william phillips,1874,G1,1,1761,3,0.27,5
2024-09-09,Malcolm Probert,Ian Jones,w1 ian jones,1963,W1,0.5,1770,3.18,0.18,5.5
2024-09-14,Malcolm Probert,Luke Anthony Honey,NA,2069,ENG,0,1767,3.29,0.11,5.5
2024-09-14,Malcolm Probert,Oliver Bain,NA,1749,ENG,0,1754,3.72,0.43,5.5
2024-09-15,Malcolm Probert,Scott Hammett,d1 scott hammett,1816,D1,0,1744,4.06,0.34,5.5
2024-09-15,Malcolm Probert,Maazin Rizwan,NA,1488,Est,1,1751,4.83,0.77,6.5
2024-09-16,Malcolm Probert,Neil Stuart,w1 neil stuart,1727,W1,0.5,1752,5.29,0.46,7
2024-09-18,Malcolm Probert,Dale Westcott,w1 dale westcott,1824,W1,0,1742,5.62,0.33,7
2024-09-20,Malcolm Probert,David Pemberton,NA,1855,ENG,0.5,1748,5.91,0.29,7.5
2024-09-21,Malcolm Probert,David J Jenkins,NA,1880,ENG,0,1741,6.17,0.26,7.5
2024-09-21,Malcolm Probert,H William Ingham,NA,1870,ENG,0,1732,6.44,0.27,7.5
2024-09-22,Malcolm Probert,Dave Williams,g1 dave williams,1785,G1,0,1721,6.82,0.38,7.5
2024-09-22,Malcolm Probert,James H Galloway,NA,1777,ENG,0.5,1724,7.21,0.39,8
2024-09-30,Malcolm Probert,Darson Beeston,w1 darson beeston,1730,W1,0,1710,7.67,0.46,8
2024-10-18,Malcolm Probert,Oliver T Isaac,NA,1833,ENG,0.5,1716,7.99,0.32,8.5
2024-10-19,Malcolm Probert,Adrian M Lawrence,NA,1828,ENG,0.5,1721,8.31,0.32,9
2024-10-19,Malcolm Probert,Ian R Rescorla,NA,1776,ENG,0,1709,8.7,0.39,9
2024-10-20,Malcolm Probert,Robert Davenport,NA,1782,ENG,0.5,1713,9.08,0.38,9.5
2024-10-20,Malcolm Probert,Kit Nicholson,NA,1774,ENG,1,1731,9.48,0.4,10.5
2024-10-30,Malcolm Probert,Roger Jenkins,w1 roger jenkins,1696,W1,0.5,1731,9.99,0.51,11
2024-11-05,Malcolm Probert,Andrew Thomas,w1 andrew thomas,1883,W1,0,1723,10.25,0.26,11
2024-11-08,Malcolm Probert,Ellis Manning,NA,1800,ENG,0,1712,10.61,0.36,11
2024-11-09,Malcolm Probert,Robert G Wilby,NA,1776,ENG,0,1701,11,0.39,11
2024-11-09,Malcolm Probert,Andrew D Wright,NA,1733,ENG,1,1717,11.45,0.45,12
2024-11-10,Malcolm Probert,Trevor Hurt,NA,1767,ENG,1,1735,11.85,0.4,13
2024-11-10,Malcolm Probert,Peter C Wood,NA,1784,ENG,1,1753,12.23,0.38,14
2024-11-12,Malcolm Probert,Martyn Griffiths,w1 martyn griffiths,1809,W1,0,1743,12.58,0.35,14
2024-11-15,Malcolm Probert,John A Williams,g1 john a williams,1773,G1,1,1761,12.98,0.4,15
2024-11-16,Malcolm Probert,Andrew Di-Vetta,e1 andrew di-vetta,1830,E1,1,1781,13.3,0.32,16
2024-11-16,Malcolm Probert,Roger Jenkins,w1 roger jenkins,1696,W1,0.5,1781,13.81,0.51,16.5
2024-11-17,Malcolm Probert,Farouq Nasir,w1 farouq nasir,1654,W1,1,1794,14.38,0.57,17.5
2024-11-17,Malcolm Probert,Govind Anandkumar,e1 govind anandkumar,1719,E1,0.5,1795,14.85,0.47,18
2024-11-26,Malcolm Probert,Mark Thomas,w1 mark thomas,1949,W1,0,1789,15.04,0.19,18
2024-12-03,Malcolm Probert,Angus Winter,w1 angus winter,1623,W1,0,1771,15.65,0.61,18
2024-12-04,Malcolm Probert,Alan Young,w1 alan young,2047,W1,0,1768,15.77,0.12,18
2024-12-10,Malcolm Probert,Hywel Griffiths,w1 hywel griffiths,1902,W1,0,1760,16.01,0.24,18
2024-09-30,Oyvind Ringen,Yusuf Sulemani,e1 yusuf sulemani,1700,E1,0,1685,0.5,0.5,0
2024-10-07,Oyvind Ringen,Mark Chinnick,e1 mark chinnick,1540,E1,0.5,1679,1.22,0.72,0.5
2024-10-14,Oyvind Ringen,Sergio Esteves,e1 sergio esteves,1743,E1,0,1665,1.66,0.44,0.5
2024-10-21,Oyvind Ringen,Richard Larg,e1 richard larg,1598,E1,1,1676,2.3,0.64,1.5
2024-11-04,Oyvind Ringen,Andrew Jeanes,e1 andrew jeanes,1713,E1,0,1662,2.78,0.48,1.5
2024-11-11,Oyvind Ringen,Jacob Harris,e1 jacob harris,1500,E1,1,1669,3.54,0.76,2.5
2024-11-18,Oyvind Ringen,John Smart,e1 john smart,1310,E1,1,1672,4.44,0.9,3.5
2024-11-25,Oyvind Ringen,Liam Penny,e1 liam penny,1856,E1,0,1663,4.73,0.29,3.5
2024-09-30,Yusuf Sulemani,Oyvind Ringen,e1 oyvind ringen,1700,E1,1,1715,0.5,0.5,1
2024-10-14,Yusuf Sulemani,Andrew Jeanes,e1 andrew jeanes,1713,E1,1,1731,0.98,0.48,2
2024-10-16,Yusuf Sulemani,Dave McGhee,e1 dave mcghee,1896,E1,0.5,1738,1.22,0.24,2.5
2024-10-28,Yusuf Sulemani,Adam Sarwar,e1 adam sarwar,1680,E1,1,1752,1.75,0.53,3.5
2024-11-04,Yusuf Sulemani,Ieuan Thomas,e1 ieuan thomas,1492,E1,1,1759,2.52,0.77,4.5
2024-11-05,Yusuf Sulemani,James Choung,e1 james choung,1364,E1,1,1763,3.39,0.87,5.5
2024-11-13,Yusuf Sulemani,Mike Stannard,g1 mike stannard,1562,G1,0.5,1757,4.08,0.69,6
2024-11-14,Yusuf Sulemani,John McGregor,e1 john mcgregor,1890,E1,0,1750,4.33,0.25,6
2024-11-18,Yusuf Sulemani,David Lewis,e1 david lewis,1815,E1,1,1770,4.67,0.34,7
2024-11-25,Yusuf Sulemani,Mark Jones,e1 mark jones,1793,E1,0,1759,5.04,0.37,7
2024-12-09,Yusuf Sulemani,Gareth Richards,e1 gareth richards,1574,E1,1,1768,5.71,0.67,8
2024-12-12,Yusuf Sulemani,Alun Smith,e1 alun smith,1834,E1,1,1789,6.03,0.32,9
2024-09-11,Miltos Zoumekas,Joshua McKenna,e1 joshua mckenna,1926,E1,0,1694,0.21,0.21,0
2024-09-18,Miltos Zoumekas,James Tapp,e1 james tapp,2011,E1,0,1689,0.35,0.14,0
2024-09-25,Miltos Zoumekas,Hamid Farani Sani,e1 hamid farani sani,1600,E1,0,1670,0.99,0.64,0
2024-10-09,Miltos Zoumekas,Hamid Farani Sani,e1 hamid farani sani,1600,E1,1,1681,1.63,0.64,1
2024-10-16,Miltos Zoumekas,Dominic Murray,e1 dominic murray,1600,E1,1,1692,2.27,0.64,2
2024-10-23,Miltos Zoumekas,Sam Jukes,e1 sam jukes,1993,E1,0,1687,2.43,0.16,2
2024-10-30,Miltos Zoumekas,Peter Quinn,e1 peter quinn,1843,E1,0,1678,2.74,0.31,2
2024-11-07,Miltos Zoumekas,Govind Anandkumar,e1 govind anandkumar,1719,E1,0,1664,3.21,0.47,2
2024-11-13,Miltos Zoumekas,Ivan De La Cruz,e1 ivan de la cruz,2053,E1,0,1660,3.33,0.12,2
2024-11-20,Miltos Zoumekas,Andrei Zhuravlev,e1 andrei zhuravlev,1484,E1,1,1667,4.11,0.78,3
2024-11-27,Miltos Zoumekas,George Turner,e1 george turner,1924,E1,0,1660,4.33,0.22,3
2024-12-04,Miltos Zoumekas,Sam Rhydderch,e1 sam rhydderch,1403,E1,1,1665,5.18,0.85,4
2024-12-18,Miltos Zoumekas,Sam Jones,e1 sam jones,1400,E1,1,1670,6.03,0.85,5
2024-09-23,Piotr Graczyk,John Ryles,e1 john ryles,1650,E1,1,1711,0.57,0.57,1
2024-10-13,Piotr Graczyk,Toby Reckless,e1 toby reckless,1511,E1,1,1719,1.32,0.75,2
2024-10-16,Piotr Graczyk,Chris Peters,e1 chris peters,1673,E1,1,1732,1.86,0.54,3
2024-10-23,Piotr Graczyk,Bill Hunt,e1 bill hunt,1849,E1,1,1754,2.16,0.3,4
2024-11-04,Piotr Graczyk,Nadi Grewal,e1 nadi grewal,1481,E1,1,1760,2.94,0.78,5
2024-11-13,Piotr Graczyk,Gavin Jones,e1 gavin jones,1815,E1,0,1750,3.28,0.34,5
2024-11-27,Piotr Graczyk,Khushi Bagga,e1 khushi bagga,1594,E1,1,1761,3.93,0.65,6
2024-07-26,Steve Williams (Cwm),Aadith Prabhu,NA,1500,EST,0,1675,0.76,0.76,0
2024-07-27,Steve Williams (Cwm),Steve A Spencer,NA,1732,ENG,1,1692,1.21,0.45,1
2024-07-27,Steve Williams (Cwm),Rowan Kent,NA,1828,ENG,0,1682,1.53,0.32,1
2024-07-28,Steve Williams (Cwm),Luca Puig-Souto,NA,1644,ENG,0,1665,2.11,0.58,1
2024-08-06,Steve Williams (Cwm),Mike Stannard,g1 mike stannard,1562,G1,1,1674,2.8,0.69,2
2024-08-16,Steve Williams (Cwm),William Phillips,g1 william phillips,1874,G1,0,1666,3.07,0.27,2
2024-08-17,Steve Williams (Cwm),Julie van Kemenade,n1 julie van kemenade,1797,N1,0,1655,3.43,0.36,2
2024-08-17,Steve Williams (Cwm),Bob Hurn,e1 bob hurn,1731,E1,0.5,1657,3.88,0.45,2.5
2024-08-18,Steve Williams (Cwm),Michael Binks,e1 michael binks,1994,E1,0,1652,4.03,0.15,2.5
2024-09-14,Steve Williams (Cwm),John McGregor,e1 john mcgregor,1890,E1,0,1645,4.28,0.25,2.5
2024-09-14,Steve Williams (Cwm),Peter Quinn,e1 peter quinn,1843,E1,0.5,1651,4.58,0.3,3
2024-09-14,Steve Williams (Cwm),Ifan Rathbone-Jones,n1 ifan rathbone-jones,2078,N1,0,1648,4.68,0.1,3
2024-09-15,Steve Williams (Cwm),Mike Gale,e1 mike gale,1787,E1,0,1636,5.05,0.37,3
2024-09-15,Steve Williams (Cwm),Bob Hurn,e1 bob hurn,1731,E1,1,1653,5.5,0.45,4
2024-09-17,Steve Williams (Cwm),Peter Slater,e1 peter slater,1746,E1,0.5,1655,5.93,0.43,4.5
2024-09-20,Steve Williams (Cwm),Peter J Hughes,NA,1660,ENG,1,1668,6.48,0.55,5.5
2024-09-20,Steve Williams (Cwm),Cal Hope Maginn,NA,1728,ENG,1,1684,6.94,0.46,6.5
2024-09-21,Steve Williams (Cwm),Manraj Singh,NA,1831,ENG,0.5,1690,7.26,0.32,7
2024-09-21,Steve Williams (Cwm),Daniel Espanhol,NA,1500,Est,1,1697,8.02,0.76,8
2024-09-21,Steve Williams (Cwm),Alan Borgars,NA,1674,ENG,1,1711,8.55,0.53,9
2024-09-27,Steve Williams (Cwm),Mark Edmundson,NA,1567,ENG,1,1721,9.23,0.68,10
2024-09-28,Steve Williams (Cwm),Alfie McMonagle,NA,1810,ENG,1,1740,9.57,0.34,11
2024-09-28,Steve Williams (Cwm),Kevin Cox,NA,1756,ENG,1,1758,9.99,0.42,12
2024-09-29,Steve Williams (Cwm),Tim Bowler,NA,1749,ENG,1,1775,10.42,0.43,13
2024-09-29,Steve Williams (Cwm),Daniel Williams,NA,1761,ENG,0.5,1778,10.83,0.41,13.5
2024-10-02,Steve Williams (Cwm),Rowan Ridge,g1 rowan ridge,1350,G1,1,1781,11.71,0.88,14.5
2024-10-05,Steve Williams (Cwm),Gnana Revanth Potu,NA,1722,ENG,0.5,1782,12.18,0.47,15
2024-10-05,Steve Williams (Cwm),Vidhyuth Kavin Sudagar,NA,1651,ENG,1,1795,12.75,0.57,16
2024-10-06,Steve Williams (Cwm),Stephen K Lee,NA,1769,ENG,1,1813,13.15,0.4,17
2024-10-06,Steve Williams (Cwm),Peter Mari,NA,1751,ENG,1,1831,13.57,0.42,18
2024-10-15,Steve Williams (Cwm),William Phillips,g1 william phillips,1874,G1,1,1853,13.84,0.27,19
2024-10-16,Steve Williams (Cwm),Paul Mills,g1 paul mills,1771,G1,1,1871,14.24,0.4,20
2024-10-18,Steve Williams (Cwm),Spencer Lawrence,NA,1841,ENG,1,1892,14.55,0.31,21
2024-10-19,Steve Williams (Cwm),George Georgiou,NA,1853,ENG,0,1883,14.84,0.29,21
2024-10-19,Steve Williams (Cwm),Huw Jones,w1 huw jones,1772,W1,0.5,1886,15.24,0.4,21.5
2024-10-20,Steve Williams (Cwm),Kevin Winter,NA,1840,ENG,0,1877,15.55,0.31,21.5
2024-10-21,Steve Williams (Cwm),Dave Williams,g1 dave williams,1785,G1,0.5,1881,15.93,0.38,22
2024-10-25,Steve Williams (Cwm),Ray M Sayer,NA,1659,ENG,1,1894,16.49,0.56,23
2024-10-26,Steve Williams (Cwm),Anthony Jinks,NA,1726,ENG,1,1910,16.95,0.46,24
2024-10-26,Steve Williams (Cwm),Chris R Tinker,NA,1814,ENG,0,1900,17.29,0.34,24
2024-10-27,Steve Williams (Cwm),Glyn Ward,NA,1818,ENG,0,1890,17.62,0.33,24
2024-10-27,Steve Williams (Cwm),Gary Hunter,NA,1743,ENG,0,1877,18.06,0.44,24
2024-11-01,Steve Williams (Cwm),Derek F Edwards,NA,1848,ENG,0.5,1883,18.36,0.3,24.5
2024-11-02,Steve Williams (Cwm),Robert Parsons,NA,1839,ENG,1,1904,18.67,0.31,25.5
2024-11-02,Steve Williams (Cwm),Manel Fernando,NA,1819,ENG,0,1894,19,0.33,25.5
2024-11-03,Steve Williams (Cwm),Elliott Bleeg,NA,1824,ENG,0.5,1899,19.33,0.33,26
2024-11-03,Steve Williams (Cwm),David M Cole,NA,1878,ENG,0.5,1906,19.59,0.26,26.5
2024-11-15,Steve Williams (Cwm),Glyn Hill,w1 glyn hill,1449,W1,1,1912,20.4,0.81,27.5
2024-11-16,Steve Williams (Cwm),Jack Bull,g1 jack bull,1546,G1,1,1921,21.11,0.71,28.5
2024-11-16,Steve Williams (Cwm),Jordan Heatman,w1 jordan heatman,1653,W1,0,1904,21.67,0.56,28.5
2024-11-17,Steve Williams (Cwm),David Belochkin,e1 david belochkin,1535,E1,0,1882,22.39,0.72,28.5
2024-11-17,Steve Williams (Cwm),Hasini Pamuditha Liyanage,w1 hasini pamuditha liyanage,1468,W1,1,1889,23.18,0.79,29.5
2024-11-19,Steve Williams (Cwm),Ben Richards,g1 ben richards,1599,G1,1,1899,23.82,0.64,30.5
2024-11-23,Steve Williams (Cwm),Roger Moors,NA,1702,ENG,1,1915,24.31,0.49,31.5
2024-11-23,Steve Williams (Cwm),David Kilmartin,NA,1689,ENG,0.5,1914,24.82,0.51,32
2024-11-23,Steve Williams (Cwm),Joshua Pimm,NA,1809,ENG,1,1934,25.17,0.35,33
2024-11-24,Steve Williams (Cwm),Nigel Wright,NA,1802,ENG,1,1953,25.52,0.35,34
2024-11-24,Steve Williams (Cwm),Jonah Tomsett,NA,1756,ENG,0.5,1956,25.94,0.42,34.5
2024-11-25,Steve Williams (Cwm),Dave Williams,g1 dave williams,1785,G1,0,1944,26.32,0.38,34.5
2024-12-03,Steve Williams (Cwm),Jim Sadler,g1 jim sadler,1509,G1,1,1952,27.07,0.75,35.5
2024-12-09,Steve Williams (Cwm),Bob Wiltshire,g1 bob wiltshire,1550,G1,0.5,1946,27.77,0.7,36
2024-12-14,Steve Williams (Cwm),Golam S Ali,NA,1913,ENG,0,1939,27.99,0.22,36
2024-12-15,Steve Williams (Cwm),S Tayeb S Kazemi,NA,1762,ENG,0,1927,28.4,0.41,36
2020-12-15,Steve Williams (Cwm),Joe Ledgerton,NA,1774,ENG,0.5,1930,28.79,0.39,36.5
2024-12-16,Steve Williams (Cwm),Sophie Mahta,NA,1803,ENG,0,1919,29.14,0.35,36.5
2024-12-17,Steve Williams (Cwm),Owain Davies,g1 owain davies,1866,G1,0,1911,29.42,0.28,36.5
2024-12-28,Steve Williams (Cwm),Matt Gilllings,NA,2041,ENG,0,1908,29.54,0.12,36.5
2024-12-28,Steve Williams (Cwm),Diah Patel,NA,1662,ENG,1,1921,30.09,0.55,37.5
2024-12-29,Steve Williams (Cwm),George I Miller,NA,1989,ENG,0,1916,30.25,0.16,37.5
2024-12-29,Steve Williams (Cwm),Diana Krautsova,NA,1752,ENG,1,1934,30.67,0.42,38.5
2024-09-16,Roger Jenkins,Matthew Billington,w1 matthew billington,1656,W1,0.5,1694,0.56,0.56,0.5
2024-09-23,Roger Jenkins,John Davies,w1 john davies,1521,W1,1,1702,1.29,0.73,1.5
2024-09-30,Roger Jenkins,Jonathan Baker,w1 jonathan baker,1612,W1,1,1714,1.91,0.62,2.5
2024-10-22,Roger Jenkins,Eugene Tee,w1 eugene tee,1644,W1,0,1697,2.48,0.57,2.5
2024-10-30,Roger Jenkins,Malcolm Probert,w1 malcolm probert,1700,W1,0.5,1697,2.97,0.49,3
2024-11-06,Roger Jenkins,John Williams (W),w1 john williams (w),1358,W1,1,1700,3.84,0.87,4
2024-11-15,Roger Jenkins,Deio Parri,n1 deio parri,1751,N1,1,1718,4.26,0.42,5
2024-11-16,Roger Jenkins,Kam Choo Yin,e1 kam choo yin,1823,E1,1,1738,4.58,0.32,6
2024-11-16,Roger Jenkins,Malcolm Probert,w1 malcolm probert,1700,W1,0.5,1738,5.07,0.49,6.5
2024-11-17,Roger Jenkins,Govind Anandkumar,e1 govind anandkumar,1719,E1,0,1724,5.54,0.47,6.5
2024-11-17,Roger Jenkins,Lucas Zheng,e1 lucas zheng,1709,E1,0.5,1725,6.02,0.48,7
2024-12-03,Roger Jenkins,Joshua Richards,w1 joshua richards,1762,W1,0.5,1728,6.43,0.41,7.5
2024-09-17,David Fernandez-Arias,Joshua Beech,n1 joshua beech,1610,N1,1,1703,0.61,0.61,1
2024-10-08,David Fernandez-Arias,Daniel Altmann,n1 daniel altmann,1755,N1,1,1720,1.02,0.41,2
2024-10-29,David Fernandez-Arias,Joe Muxlow,n1 joe muxlow,1758,N1,0,1708,1.42,0.4,2
2024-11-05,David Fernandez-Arias,Robert McClennan,NA,1746,ENG,1,1726,1.84,0.42,3
2024-11-19,David Fernandez-Arias,James Babington,n1 james babington,1757,N1,0.5,1728,2.25,0.41,3.5
2024-12-10,David Fernandez-Arias,Dave Hulme,NA,1657,ENG,1,1742,2.8,0.55,4.5
2024-12-19,David Fernandez-Arias,Barrie Wells,n1 barrie wells,1823,N1,0.5,1747,3.12,0.32,5
2024-09-25,James Evans,Bob Moore,w1 bob moore,1937,W1,0,1680,0.19,0.19,0
2024-10-02,James Evans,Anthony Beck,w1 anthony beck,1730,W1,0,1667,0.63,0.44,0
2024-10-09,James Evans,Nick Hale,w1 nick hale,1484,W1,1,1674,1.39,0.76,1
2024-10-16,James Evans,Les Philpin,w1 les philpin,1701,W1,0,1660,1.87,0.48,1
2024-10-23,James Evans,Matthew Billington,w1 matthew billington,1656,W1,0,1644,2.41,0.54,1
2024-11-27,James Evans,Carl Halpin,w1 carl halpin,1616,W1,0.5,1641,3.01,0.6,1.5
2024-12-04,James Evans,Mark Thomas,w1 mark thomas,1949,W1,0,1635,3.19,0.18,1.5
2024-12-11,James Evans,Danny Ashburner,w1 danny ashburner,1790,W1,1,1655,3.54,0.35,2.5
2024-07-05,Liam Powell-Jones,Oliver Stubbs,NA,2261,ENG,0,1683,0.1,0.1,0
2024-07-05,Liam Powell-Jones,Jacco Heij,NA,1960,FIDE,0,1678,0.27,0.17,0
2024-07-06,Liam Powell-Jones,Bob Hurn,e1 bob hurn,1731,E1,0,1665,0.71,0.44,0
2024-07-07,Liam Powell-Jones,Gareth Richards,e1 gareth richards,1574,E1,0,1645,1.37,0.66,0
2024-08-16,Liam Powell-Jones,Junyi Zhang,NA,2038,ENG,0,1642,1.49,0.12,0
2024-08-17,Liam Powell-Jones,Andy Hill,NA,1993,ENG,0,1637,1.64,0.15,0
2024-08-18,Liam Powell-Jones,Ben Brewer,d1 ben brewer,1895,D1,0,1630,1.87,0.23,0
2024-08-18,Liam Powell-Jones,Kandara Acharya,NA,1894,ENG,0,1623,2.1,0.23,0
2024-09-18,Liam Powell-Jones,Phil Smith,g1 phil smith,1666,G1,1,1638,2.63,0.53,1
2024-09-25,Liam Powell-Jones,Ezala Beni,g1 ezala beni,1586,G1,1,1648,3.27,0.64,2
2024-10-14,Liam Powell-Jones,Ron Williams,g1 ron williams,1649,G1,1,1662,3.82,0.55,3
2024-10-16,Liam Powell-Jones,Kevin Thomas,g1 kevin thomas,1800,G1,0,1651,4.16,0.34,3
2024-10-23,Liam Powell-Jones,Bob Wiltshire,g1 bob wiltshire,1550,G1,1,1661,4.85,0.69,4
2024-11-20,Liam Powell-Jones,John A Williams,g1 john a williams,1773,G1,1,1680,5.23,0.38,5
2024-11-27,Liam Powell-Jones,Ben Richards,g1 ben richards,1599,G1,1,1691,5.85,0.62,6
2024-12-18,Liam Powell-Jones,Dave Williams,g1 dave williams,1785,G1,0,1680,6.21,0.36,6
2024-10-28,Ben Bickford,Steffan Mon,e1 steffan mon,1672,E1,0,1668,0.52,0.52,0
2024-12-02,Ben Bickford,Jacob Harris,e1 jacob harris,1500,E1,0.5,1660,1.26,0.74,0.5
2024-07-29,Kevin Stephens,Adam Bees,e1 adam bees,1488,E1,1,1690,0.75,0.75,1
2024-08-05,Kevin Stephens,Mark Chinnick,e1 mark chinnick,1540,E1,1,1700,1.44,0.69,2
2024-08-19,Kevin Stephens,Andrew Jeanes,e1 andrew jeanes,1713,E1,0.5,1701,1.9,0.46,2.5
2024-09-02,Kevin Stephens,Thomas Naljon,e1 thomas naljon,1421,E1,0,1676,2.72,0.82,2.5
2024-09-09,Kevin Stephens,Robert Wallace,e1 robert wallace,1572,E1,1,1687,3.37,0.65,3.5
2024-09-10,Kevin Stephens,Chris Peters,e1 chris peters,1673,E1,1,1701,3.88,0.51,4.5
2024-09-16,Kevin Stephens,Mike Smith,e1 mike smith,1488,E1,1,1709,4.63,0.75,5.5
2024-09-23,Kevin Stephens,Leon Jansen van Rensburg,e1 leon jansen van rensburg,1758,E1,0,1697,5.02,0.39,5.5
2024-09-30,Kevin Stephens,Andrew Chochola,e1 andrew chochola,1310,E1,1,1700,5.92,0.9,6.5
2024-10-13,Kevin Stephens,Otto Bartlett-Davis,e1 otto bartlett-davis,1386,E1,0.5,1689,6.77,0.85,7
2024-10-14,Kevin Stephens,Matt Straiton,e1 matt straiton,1550,E1,1,1699,7.45,0.68,8
2024-10-28,Kevin Stephens,David Belochkin,e1 david belochkin,1535,E1,0,1678,8.15,0.7,8
2024-11-05,Kevin Stephens,Constantine Popov,e1 constantine popov,1431,E1,1,1684,8.96,0.81,9
2024-11-11,Kevin Stephens,Sami Hoosein,e1 sami hoosein,1400,E1,1,1689,9.8,0.84,10
2024-11-25,Kevin Stephens,Simon Blackmore,e1 simon blackmore,1724,E1,1,1705,10.24,0.44,11
2024-10-28,Kevin Heady,Julie Ward,d1 julie ward,1590,D1,1,1691,0.63,0.63,1
2024-11-15,Kevin Heady,Daniel Attrill,NA,1,D1,1,1691,1.63,1,2
2024-11-16,Kevin Heady,Paul Bevan,w1 paul bevan,1510,W1,1,1699,2.36,0.73,3
2024-11-16,Kevin Heady,Carl Halpin,w1 carl halpin,1616,W1,1,1712,2.95,0.59,4
2024-11-17,Kevin Heady,Jordan Heatman,w1 jordan heatman,1653,W1,0,1695,3.49,0.54,4
2024-11-17,Kevin Heady,Jack Bull,g1 jack bull,1546,G1,1,1705,4.17,0.68,5
2024-12-10,Kevin Heady,Peter Evans,d1 peter evans,1557,D1,1,1715,4.84,0.67,6
2024-07-02,Adam Sarwar,James Choung,e1 james choung,1364,E1,1,1684,0.86,0.86,1
2024-07-06,Adam Sarwar,Dominic Czarnuch,NA,1788,ENG,1,1704,1.21,0.35,2
2024-07-06,Adam Sarwar,Ruqayyah Rida,NA,2214,ENG,0,1701,1.31,0.1,2
2024-07-07,Adam Sarwar,Andrii Poliakov,NA,1648,ENG,0,1684,1.86,0.55,2
2024-07-07,Adam Sarwar,Olivia Gee,NA,1347,ENG,1,1688,2.73,0.87,3
2024-07-13,Adam Sarwar,Sidhanth Pai,NA,1875,ENG,0,1681,2.98,0.25,3
2024-07-13,Adam Sarwar,Arthur Kendall,NA,1876,ENG,0,1673,3.22,0.24,3
2024-07-16,Adam Sarwar,Kam Choo Yin,e1 kam choo yin,1823,E1,0,1664,3.53,0.31,3
2024-07-23,Adam Sarwar,Nitish Arun,NA,1928,FIDE,0,1659,3.72,0.19,3
2024-07-23,Adam Sarwar,Junyi Zhang,NA,2093,ENG,0,1656,3.82,0.1,3
2024-07-24,Adam Sarwar,Tavish Railwani,NA,1789,ENG,0,1645,4.17,0.35,3
2024-07-24,Adam Sarwar,Talab Rami,NA,2253,ENG,0,1642,4.27,0.1,3
2024-07-25,Adam Sarwar,George Zhao,NA,2184,ENG,0,1639,4.37,0.1,3
2024-07-27,Adam Sarwar,Rowan Eccleston,NA,1674,ENG,0,1624,4.88,0.51,3
2024-07-27,Adam Sarwar,Samuel Ewart,NA,1573,ENG,1,1634,5.53,0.65,4
2024-07-28,Adam Sarwar,Jenny Gartside,NA,1487,ENG,1,1642,6.28,0.75,5
2024-07-30,Adam Sarwar,Bryony Eccleston,NA,1768,ENG,0,1630,6.66,0.38,5
2024-07-31,Adam Sarwar,Aditya Gupta,NA,1720,ENG,0.5,1632,7.1,0.44,5.5
2024-08-01,Adam Sarwar,Yicheng Ding,NA,1704,ENG,0,1618,7.57,0.47,5.5
2024-08-02,Adam Sarwar,Parisa Patel,NA,1402,ENG,0,1593,8.4,0.83,5.5
2024-08-03,Adam Sarwar,Ian Farrow,NA,1699,ENG,0,1579,8.87,0.47,5.5
2024-07-28,Adam Sarwar,Rezin C Catabay,NA,1895,ENG,0,1572,9.09,0.22,5.5
2024-07-29,Adam Sarwar,Aadhya Parikh,NA,1317,ENG,1,1576,9.98,0.89,6.5
2024-07-30,Adam Sarwar,Brandon Jun Qiao Fang,NA,1379,FIDE,0,1550,10.83,0.85,6.5
2024-07-31,Adam Sarwar,Samuel Shah,NA,1645,ENG,0.5,1549,11.38,0.55,7
2024-08-01,Adam Sarwar,Avyanna Singh,NA,1654,ENG,1,1563,11.92,0.54,8
2024-08-02,Adam Sarwar,Jacob Liu,NA,1876,ENG,0,1555,12.16,0.24,8
2024-08-03,Adam Sarwar,Matthew Helsby,NA,1753,ENG,0,1543,12.56,0.4,8
2024-08-16,Adam Sarwar,Carolus Tang,NA,1668,ENG,1,1558,13.08,0.52,9
2024-08-17,Adam Sarwar,Arush Ajai Murthy,e1 arush ajai murthy,1745,E1,1,1576,13.49,0.41,10
2024-08-17,Adam Sarwar,Anthony Tatam,NA,1691,ENG,0,1561,13.97,0.48,10
2024-08-18,Adam Sarwar,Andrei Zhuravlev,e1 andrei zhuravlev,1484,E1,0.5,1553,14.73,0.76,10.5
2024-08-18,Adam Sarwar,Kevin Lambert,g1 kevin lambert,1587,G1,1,1564,15.36,0.63,11.5
2024-09-02,Adam Sarwar,Ben Hannigan,e1 ben hannigan,1533,E1,0.5,1558,16.06,0.7,12
2024-09-03,Adam Sarwar,Aled Roberts,e1 aled roberts,1711,E1,0.5,1560,16.52,0.46,12.5
2024-09-11,Adam Sarwar,Bertie Carvey,e1 bertie carvey,1386,E1,1,1564,17.36,0.84,13.5
2024-09-14,Adam Sarwar,Andrei Zhuravlev,e1 andrei zhuravlev,1484,E1,1,1572,18.12,0.76,14.5
2024-09-14,Adam Sarwar,Wiliam Francis,w1 wiliam francis,1589,W1,0.5,1568,18.75,0.63,15
2024-09-14,Adam Sarwar,Joshua Colcombe,g1 joshua colcombe,1561,G1,0,1548,19.41,0.66,15
2024-09-15,Adam Sarwar,Constantine Popov,e1 constantine popov,1431,E1,1,1554,20.22,0.81,16
2024-09-15,Adam Sarwar,Donna Chadwick,NA,1522,ENG,1,1562,20.93,0.71,17
2024-09-17,Adam Sarwar,Martin Ilett,e1 martin ilett,1631,E1,0,1545,21.5,0.57,17
2024-09-24,Adam Sarwar,Csombor Hanczar,e1 csombor hanczar,1596,E1,1,1557,22.12,0.62,18
2024-10-05,Adam Sarwar,Gregory Kornilovich,NA,1715,ENG,0,1543,22.57,0.45,18
2024-10-06,Adam Sarwar,Marijka Mykhnenko,NA,1650,ENG,1,1557,23.11,0.54,19
2024-10-06,Adam Sarwar,Yvon Van Neerven,NA,1392,ENG,0,1532,23.95,0.84,19
2024-10-06,Adam Sarwar,Ibrahim Riaz,NA,1479,ENG,1,1539,24.71,0.76,20
2024-10-15,Adam Sarwar,Tomos Ilett,e1 tomos ilett,1445,E1,1,1545,25.5,0.79,21
2024-10-28,Adam Sarwar,Yusuf Sulemani,e1 yusuf sulemani,1700,E1,0,1531,25.97,0.47,21
2024-10-29,Adam Sarwar,Bob Owen,e1 bob owen,1545,E1,1,1540,26.66,0.69,22
2024-11-05,Adam Sarwar,Gareth Richards,e1 gareth richards,1574,E1,0,1521,27.31,0.65,22
2024-11-15,Adam Sarwar,Amir Jamil,e1 amir jamil,1422,E1,1,1526,28.13,0.82,23
2024-11-16,Adam Sarwar,Spencer Ripley,w1 spencer ripley,1488,W1,1,1534,28.88,0.75,24
2024-11-16,Adam Sarwar,Gareth Richards,e1 gareth richards,1574,E1,0,1515,29.53,0.65,24
2024-11-17,Adam Sarwar,Glyn Hill,w1 glyn hill,1449,W1,0.5,1506,30.32,0.79,24.5
2024-11-17,Adam Sarwar,Andrei Zhuravlev,e1 andrei zhuravlev,1484,E1,0,1483,31.08,0.76,24.5
2024-11-19,Adam Sarwar,Gareth Richards,e1 gareth richards,1574,E1,0,1464,31.73,0.65,24.5
2024-11-27,Adam Sarwar,Angus Lloyd,e1 angus lloyd,1522,E1,1,1472,32.44,0.71,25.5
2024-12-03,Adam Sarwar,Robert Wallace,e1 robert wallace,1572,E1,1,1483,33.09,0.65,26.5
2024-12-21,Adam Sarwar,Jonathan Rubeck,NA,1941,ENG,0,1477,33.27,0.18,26.5
2024-12-21,Adam Sarwar,Callum Hill,NA,1758,ENG,1,1496,33.66,0.39,27.5
2024-12-22,Adam Sarwar,Brendan O'Gorman,NA,1864,ENG,0.5,1503,33.92,0.26,28
2024-12-22,Adam Sarwar,Lalit Vidyadhar Nandyala Sharma,NA,1637,ENG,0,1486,34.48,0.56,28
2024-12-28,Adam Sarwar,George Brown,NA,1219,ENG,1,1489,35.38,0.9,29
2024-12-28,Adam Sarwar,Dylan Moute,NA,1406,ENG,1,1494,36.21,0.83,30
2024-12-28,Adam Sarwar,Marcus Yip,NA,1486,ENG,1,1502,36.96,0.75,31
2024-12-29,Adam Sarwar,Duola Lu,NA,1413,ENG,1,1507,37.78,0.82,32
2024-12-29,Adam Sarwar,Sasha Rozov,NA,1495,ENG,1,1515,38.52,0.74,33
2024-12-29,Adam Sarwar,Iaroslav Bunbich,NA,1564,ENG,1,1525,39.18,0.66,34
2024-12-30,Adam Sarwar,Aarav Raj,NA,1687,ENG,0.5,1525,39.67,0.49,34.5
2024-12-30,Adam Sarwar,Rudra Shembekar,NA,1440,ENG,1,1531,40.47,0.8,35.5
2024-12-30,Adam Sarwar,Mark Levitin,NA,1474,ENG,0.5,1523,41.24,0.77,36
2024-09-10,Cosmin Stancu,Sergio Esteves,e1 sergio esteves,1743,E1,0.5,1683,0.41,0.41,0.5
2024-10-16,Cosmin Stancu,Micah O'Toole,e1 micah o'toole,1774,E1,0,1672,0.78,0.37,0.5
2024-11-05,Cosmin Stancu,Alex Kennedy,e1 alex kennedy,1735,E1,1,1689,1.2,0.42,1.5
2024-09-17,Andrew Sutton,Susan F Parry,n1 susan f parry,1501,N1,1,1688,0.74,0.74,1
2024-10-08,Andrew Sutton,Paul Sadler,n1 paul sadler,1720,N1,0,1675,1.18,0.44,1
2024-10-29,Andrew Sutton,Paul Sadler,n1 paul sadler,1720,N1,0,1661,1.62,0.44,1
2024-11-05,Andrew Sutton,Nick Darlington,NA,1741,ENG,1,1679,2.03,0.41,2
2024-11-19,Andrew Sutton,Stuart Hamilton,n1 stuart hamilton,1542,N1,0,1658,2.72,0.69,2
2024-12-10,Andrew Sutton,Ian Clayton,NA,1648,ENG,1,1672,3.27,0.55,3
2024-12-03,Clive Crowley,Owen Tompkins Coll,e1 owen tompkins coll,1750,E1,1,1697,0.4,0.4,1
2024-10-08,Matthew Matthias,Finn Pritchard,n1 finn pritchard,1634,N1,0.5,1677,0.56,0.56,0.5
2024-10-15,Matthew Matthias,Steve Richards,n1 steve richards,1769,N1,1,1696,0.93,0.37,1.5
2024-10-29,Matthew Matthias,Finn Pritchard,n1 finn pritchard,1634,N1,0.5,1694,1.49,0.56,2
2024-11-12,Matthew Matthias,G Brian Davies,n1 g brian davies,1833,N1,0.5,1700,1.78,0.29,2.5
2024-12-12,Matthew Matthias,Karl Davies,n1 karl davies,1500,N1,1,1708,2.52,0.74,3.5
2024-10-01,Simon Tang,Jim Sadler,g1 jim sadler,1509,G1,1,1685,0.72,0.72,1
2024-10-08,Ralph Cook,Wiliam Francis,w1 wiliam francis,1589,W1,1,1687,0.62,0.62,1
2024-10-15,Ralph Cook,Ben Rowlands,w1 ben rowlands,1671,W1,0,1672,1.13,0.51,1
2024-10-23,Ralph Cook,Spencer Ripley,w1 spencer ripley,1488,W1,1,1680,1.88,0.75,2
2024-10-30,Ralph Cook,John Davies,w1 john davies,1521,W1,0.5,1673,2.59,0.71,2.5
2024-10-16,Zack Wilkins,Gareth Richards,e1 gareth richards,1574,E1,1,1687,0.64,0.64,1
2024-10-20,Zack Wilkins,Yehonatan Azoulay,NA,2207,FIDE,0,1684,0.74,0.1,1
2024-10-21,Zack Wilkins,J Morgan Blake,NA,2107,ENG,0,1681,0.84,0.1,1
2024-10-22,Zack Wilkins,Dermot Nolan,NA,1914,FIDE,0,1675,1.04,0.2,1
2024-10-23,Zack Wilkins,Jason Garcia,w1 jason garcia,2038,W1,0,1671,1.15,0.11,1
2024-10-25,Zack Wilkins,Kesia Makinen,NA,1736,FIDE,0,1659,1.56,0.41,1
2024-10-26,Zack Wilkins,Nenad Jokic,NA,1852,FIDE,1,1681,1.83,0.27,2
2024-11-13,Zack Wilkins,Samuele Scarpignato,e1 samuele scarpignato,1764,E1,1,1700,2.21,0.38,3
2024-11-16,Zack Wilkins,Joe Fathallah,e1 joe fathallah,2011,E1,0,1696,2.34,0.13,3
2024-11-16,Zack Wilkins,Peter Bevan,w1 peter bevan,1907,W1,1,1720,2.55,0.21,4
2024-11-17,Zack Wilkins,Alan Young,w1 alan young,2047,W1,0,1716,2.66,0.11,4
2024-11-17,Zack Wilkins,Allan Pleasants,e1 allan pleasants,2126,E1,0.5,1728,2.76,0.1,4.5
2024-12-04,Zack Wilkins,Sam Jukes,e1 sam jukes,1993,E1,0,1724,2.9,0.14,4.5
2024-10-21,Xavier Austin,Steffan Mon,e1 steffan mon,1672,E1,1,1688,0.5,0.5,1
2024-08-16,Chris Peters,Andrew Di-Vetta,e1 andrew di-vetta,1830,E1,0,1664,0.29,0.29,0
2024-08-17,Chris Peters,Cameron Little,NA,1890,ENG,0,1658,0.51,0.22,0
2024-08-17,Chris Peters,Mikhail Saparovich,g1 mikhail saparovich,1400,G1,0.5,1648,1.34,0.83,0.5
2024-08-18,Chris Peters,Justin Morgans,e1 justin morgans,1806,E1,0.5,1653,1.66,0.32,1
2024-08-18,Chris Peters,Patrick Bourne,d1 patrick bourne,1670,D1,0,1638,2.16,0.5,1
2024-09-10,Chris Peters,Kevin Stephens,e1 kevin stephens,1683,E1,0,1624,2.65,0.49,1
2024-09-24,Chris Peters,Marcus Bedwell,e1 marcus bedwell,1336,E1,1,1627,3.52,0.87,2
2024-10-16,Chris Peters,Piotr Graczyk,e1 piotr graczyk,1698,E1,0,1613,3.98,0.46,2
2024-11-15,Chris Peters,Advik Ram,w1 advik ram,1397,W1,1,1619,4.81,0.83,3
2024-11-16,Chris Peters,Leon Vincent,w1 leon vincent,1486,W1,0.5,1611,5.56,0.75,3.5
2024-11-16,Chris Peters,Andrei Zhuravlev,e1 andrei zhuravlev,1484,E1,1,1619,6.31,0.75,4.5
2024-11-17,Chris Peters,David Belochkin,e1 david belochkin,1535,E1,0.5,1613,7,0.69,5
2024-11-17,Chris Peters,Spencer Ripley,w1 spencer ripley,1488,W1,1,1621,7.74,0.74,6
2024-12-03,Chris Peters,Andy Basford,e1 andy basford,1629,E1,0,1604,8.3,0.56,6
2024-12-04,Chris Peters,Michael Arribas-Ayllon,e1 michael arribas-ayllon,1748,E1,0,1592,8.69,0.39,6
2024-12-10,Chris Peters,Bill Harle,e1 bill harle,1754,E1,0.5,1595,9.08,0.39,6.5
2024-09-02,Steffan Mon,S Wyn Howells,e1 s wyn howells,1701,E1,1,1688,0.46,0.46,1
2024-09-18,Steffan Mon,Stuart Enoch,e1 stuart enoch,1569,E1,0,1669,1.1,0.64,1
2024-09-30,Steffan Mon,Ben Hannigan,e1 ben hannigan,1533,E1,1,1678,1.79,0.69,2
2024-10-21,Steffan Mon,Xavier Austin,e1 xavier austin,1673,E1,0,1663,2.29,0.5,2
2024-10-28,Steffan Mon,Ben Bickford,e1 ben bickford,1683,E1,1,1679,2.77,0.48,3
2024-12-09,Steffan Mon,Mike Gale,e1 mike gale,1787,E1,0.5,1684,3.11,0.34,3.5
2024-09-17,Ben Rowlands,Elliot Chapman,w1 elliot chapman,1586,W1,0.5,1667,0.62,0.62,0.5
2024-09-24,Ben Rowlands,Les Philpin,w1 les philpin,1701,W1,0,1654,1.08,0.46,0.5
2024-10-08,Ben Rowlands,Eugene Tee,w1 eugene tee,1644,W1,0.5,1653,1.62,0.54,1
2024-10-15,Ben Rowlands,Ralph Cook,w1 ralph cook,1676,W1,1,1668,2.11,0.49,2
2024-08-16,Patrick Bourne,Lef Zografos,e1 lef zografos,1832,E1,0,1662,0.28,0.28,0
2024-08-17,Patrick Bourne,Mikhail Saparovich,g1 mikhail saparovich,1400,G1,1,1667,1.11,0.83,1
2024-08-17,Patrick Bourne,David J Faulkner,NA,1886,ENG,0,1660,1.33,0.22,1
2024-08-18,Patrick Bourne,Oliver Bain,NA,1753,ENG,0,1649,1.71,0.38,1
2024-08-18,Patrick Bourne,Chris Peters,e1 chris peters,1673,E1,1,1664,2.21,0.5,2
2024-12-27,Patrick Bourne,Robert M Ashworth,NA,1960,ENG,0,1659,2.37,0.16,2
2024-12-28,Patrick Bourne,Rayyan Mussa,NA,1769,ENG,0,1648,2.73,0.36,2
2024-12-28,Patrick Bourne,Joseph Fearnhead,NA,1747,ENG,1,1666,3.12,0.39,3
2024-12-29,Patrick Bourne,Robert Hawkins,NA,1707,ENG,1,1683,3.57,0.45,4
2024-12-29,Patrick Bourne,Oliver Bain,NA,1770,ENG,0,1672,3.93,0.36,4
2024-12-30,Patrick Bourne,Lucas Zheng,e1 lucas zheng,1709,E1,0,1659,4.37,0.44,4
2024-12-30,Patrick Bourne,Nicholas Cunliffe,NA,1850,ENG,0,1651,4.63,0.26,4
2024-12-05,Peter Coutts,Richard Hibbs,n1 richard hibbs,1656,N1,1,1682,0.52,0.52,1
2024-09-09,Clive Silver,Richard Larg,e1 richard larg,1598,E1,1,1678,0.6,0.6,1
2024-10-07,Clive Silver,Liam Penny,e1 liam penny,1856,E1,0.5,1686,0.85,0.25,1.5
2024-10-21,Clive Silver,Gavin Jones,e1 gavin jones,1815,E1,0,1677,1.15,0.3,1.5
2024-10-28,Clive Silver,Matthew Lunnon,e1 matthew lunnon,1739,E1,0,1665,1.55,0.4,1.5
2024-11-11,Clive Silver,Ian Abraham,e1 ian abraham,1772,E1,0,1654,1.9,0.35,1.5
2024-11-25,Clive Silver,Dave Parsons,e1 dave parsons,1824,E1,0.5,1661,2.19,0.29,2
2024-12-02,Clive Silver,Leo Ashworth,e1 leo ashworth,1500,E1,0,1639,2.91,0.72,2
2024-09-18,Phil Smith,Liam Powell-Jones,g1 liam powell-jones,1686,G1,0,1652,0.47,0.47,0
2024-09-09,Matthew Billington,Bob Moore,w1 bob moore,1937,W1,0,1651,0.17,0.17,0
2024-09-10,Matthew Billington,John Davies,w1 john davies,1521,W1,1,1660,0.86,0.69,1
2024-09-16,Matthew Billington,Roger Jenkins,w1 roger jenkins,1696,W1,0.5,1662,1.3,0.44,1.5
2024-10-09,Matthew Billington,Spencer Ripley,w1 spencer ripley,1488,W1,1,1670,2.02,0.72,2.5
2024-10-23,Matthew Billington,James Evans,w1 james evans,1686,W1,1,1687,2.48,0.46,3.5
2024-11-05,Matthew Billington,Ian Eustis,w1 ian eustis,1829,W1,1,1709,2.75,0.27,4.5
2024-11-12,Matthew Billington,Wiliam Francis,w1 wiliam francis,1589,W1,1,1721,3.35,0.6,5.5
2024-11-20,Matthew Billington,Danny Ashburner,w1 danny ashburner,1790,W1,1,1741,3.67,0.32,6.5
2024-11-25,Matthew Billington,Les Philpin,w1 les philpin,1701,W1,1,1758,4.11,0.44,7.5
2024-12-10,Matthew Billington,Michael Beck,w1 michael beck,1853,W1,0.5,1766,4.35,0.24,8
2024-12-05,Richard Hibbs,Peter Coutts,n1 peter coutts,1667,N1,0,1641,0.48,0.48,0
2024-07-13,Farouq Nasir,Cillian Nagy,NA,1588,ENG,0,1636,0.59,0.59,0
2024-07-13,Farouq Nasir,Rose Burgess,NA,1633,ENG,1,1650,1.12,0.53,1
2024-10-02,Farouq Nasir,Elliot Chapman,w1 elliot chapman,1586,W1,1,1662,1.72,0.6,2
2024-10-21,Farouq Nasir,Eugene Tee,w1 eugene tee,1644,W1,0,1647,2.23,0.51,2
2024-10-30,Farouq Nasir,Mike Richards,w1 mike richards,1548,W1,1,1658,2.88,0.65,3
2024-11-15,Farouq Nasir,Evan Whitehouse,w1 evan whitehouse,1717,W1,1,1675,3.29,0.41,4
2024-11-16,Farouq Nasir,Dave Williams,g1 dave williams,1785,G1,1,1696,3.61,0.32,5
2024-11-17,Farouq Nasir,Malcolm Probert,w1 malcolm probert,1700,W1,0,1683,4.04,0.43,5
2024-11-17,Farouq Nasir,Les Philpin,w1 les philpin,1701,W1,0,1670,4.47,0.43,5
2024-09-09,Jordan Heatman,Tony Goodchild,w1 tony goodchild,1465,W1,1,1661,0.75,0.75,1
2024-09-18,Jordan Heatman,Angus Winter,w1 angus winter,1623,W1,0,1644,1.29,0.54,1
2024-10-09,Jordan Heatman,John Williams (W),w1 john williams (w),1358,W1,1,1649,2.14,0.85,2
2024-10-15,Jordan Heatman,Lysa Brooks,w1 lysa brooks,1800,W1,0.5,1655,2.44,0.3,2.5
2024-10-22,Jordan Heatman,Wiliam Francis,w1 wiliam francis,1589,W1,1,1667,3.03,0.59,3.5
2024-10-28,Jordan Heatman,Adam Woodruff,w1 adam woodruff,1959,W1,0,1663,3.18,0.15,3.5
2024-10-29,Jordan Heatman,Eugene Tee,w1 eugene tee,1644,W1,1,1677,3.69,0.51,4.5
2024-11-05,Jordan Heatman,Wiliam Francis,w1 wiliam francis,1589,W1,1,1690,4.28,0.59,5.5
2024-11-09,Jordan Heatman,Gautam Sriram,NA,1731,ENG,1,1708,4.67,0.39,6.5
2024-11-10,Jordan Heatman,Svetlana Popova,NA,1444,ENG,1,1715,5.44,0.77,7.5
2024-11-12,Jordan Heatman,Jonathan Baker,w1 jonathan baker,1612,W1,1,1728,6,0.56,8.5
2024-11-15,Jordan Heatman,Jacob Limeslade,e1 jacob limeslade,1396,E1,1,1734,6.81,0.81,9.5
2024-11-16,Jordan Heatman,James Choung,e1 james choung,1364,E1,1,1739,7.65,0.84,10.5
2024-11-16,Jordan Heatman,Steve Williams (Cwm),g1 steve williams (cwm),1698,G1,1,1755,8.09,0.44,11.5
2024-11-17,Jordan Heatman,Kevin Heady,d1 kevin heady,1680,D1,1,1772,8.55,0.46,12.5
2024-11-17,Jordan Heatman,Gareth Richards,e1 gareth richards,1574,E1,1,1783,9.16,0.61,13.5
2024-11-26,Jordan Heatman,Vianney Foglizzo,w1 vianney foglizzo,1478,W1,1,1791,9.89,0.73,14.5
2024-12-03,Jordan Heatman,Paul Thomas,w1 paul thomas,1602,W1,1,1804,10.46,0.57,15.5
2024-12-17,Jordan Heatman,Spencer Ripley,w1 spencer ripley,1488,W1,1,1812,11.18,0.72,16.5
2024-09-09,Martin K Jones,Justin Morgans,e1 justin morgans,1806,E1,0.5,1659,0.29,0.29,0.5
2024-10-07,Martin K Jones,Simon Blackmore,e1 simon blackmore,1724,E1,0,1647,0.69,0.4,0.5
2024-10-21,Martin K Jones,Andrew Jeanes,e1 andrew jeanes,1713,E1,0.5,1650,1.1,0.41,1
2024-11-25,Martin K Jones,Martin Ilett,e1 martin ilett,1631,E1,0,1634,1.63,0.53,1
2024-12-02,Martin K Jones,Harri Davies,e1 harri davies,1500,E1,1,1643,2.34,0.71,2
2024-12-09,Martin K Jones,Jeremy Jones,e1 jeremy jones,1596,E1,0,1625,2.92,0.58,2
2024-09-25,Sander Den Drijver,Edgar Reynolds,NA,1557,ENG,1,1661,0.63,0.63,1
2024-10-10,Sander Den Drijver,James Babington,n1 james babington,1757,N1,0,1651,0.98,0.35,1
2024-10-15,Sander Den Drijver,Gary Pleavin,NA,1400,EST,0.5,1641,1.79,0.81,1.5
2024-10-30,Sander Den Drijver,Susan F Parry,n1 susan f parry,1501,N1,1,1650,2.49,0.7,2.5
2024-12-10,Michael Edwards,Julie Ward,d1 julie ward,1590,D1,1,1662,0.59,0.59,1
2024-07-05,Jack Hannigan,Jack Rudd,NA,2324,ENG,0,1647,0.1,0.1,0
2024-07-05,Jack Hannigan,Amaya Agarwal,NA,1729,ENG,0.5,1650,0.49,0.39,0.5
2024-07-06,Jack Hannigan,Paul Moulson,g1 paul moulson,1644,G1,1,1665,1,0.51,1.5
2024-07-07,Jack Hannigan,Oliver Stubbs,NA,2261,ENG,0,1662,1.1,0.1,1.5
2024-07-07,Jack Hannigan,Joshua McKenna,e1 joshua mckenna,1926,E1,0.5,1672,1.27,0.17,2
2024-07-08,Jack Hannigan,Bob Hurn,e1 bob hurn,1731,E1,1,1690,1.66,0.39,3
2024-07-09,Jack Hannigan,Michael Binks,e1 michael binks,1994,E1,0,1687,1.78,0.12,3
2024-07-09,Jack Hannigan,McKenzie Archibald,w1 mckenzie archibald,1707,W1,1,1704,2.2,0.42,4
2024-07-10,Jack Hannigan,Joe Fathallah,e1 joe fathallah,2011,E1,0,1701,2.31,0.11,4
2024-08-16,Jack Hannigan,Lyn Holland,g1 lyn holland,1547,G1,1,1712,2.95,0.64,5
2024-08-17,Jack Hannigan,Yaroslav Sharhorodsky,d1 yaroslav sharhorodsky,1830,D1,1,1734,3.21,0.26,6
2024-08-17,Jack Hannigan,Vismith Prabhu,w1 vismith prabhu,1703,W1,0,1721,3.63,0.42,6
2024-08-18,Jack Hannigan,Joshua McKenna,e1 joshua mckenna,1926,E1,0,1716,3.8,0.17,6
2024-08-18,Jack Hannigan,Oliver Bain,NA,1753,ENG,1,1735,4.16,0.36,7
2024-09-14,Jack Hannigan,Timur Ramzan,e1 timur ramzan,1527,E1,1,1745,4.83,0.67,8
2024-09-14,Jack Hannigan,Joe Fathallah,e1 joe fathallah,2011,E1,0,1742,4.94,0.11,8
2024-09-14,Jack Hannigan,Yaroslav Sharhorodsky,d1 yaroslav sharhorodsky,1830,D1,0,1734,5.2,0.26,8
2024-09-15,Jack Hannigan,Elijah Daniel,e1 elijah daniel,1392,E1,1,1739,6.02,0.82,9
2024-09-15,Jack Hannigan,Joshua McKenna,e1 joshua mckenna,1926,E1,0,1734,6.19,0.17,9
2024-10-21,Jack Hannigan,Jeremy Ryan,e1 jeremy ryan,1758,E1,0.5,1739,6.54,0.35,9.5
2024-12-09,Jack Hannigan,David Rovaretti,e1 david rovaretti,1794,E1,0,1730,6.84,0.3,9.5
2024-12-16,Jack Hannigan,Phil Jones,e1 phil jones,1529,E1,1,1740,7.51,0.67,10.5
2024-11-26,Gareth Harper,Huw Jones,w1 huw jones,1772,W1,0.5,1655,0.33,0.33,0.5
2024-12-03,Gareth Harper,Wojtek Liponski,w1 wojtek liponski,1626,W1,0.5,1654,0.86,0.53,1
2024-12-04,Gareth Harper,Carl Halpin,w1 carl halpin,1616,W1,0.5,1653,1.41,0.55,1.5
2024-12-10,Gareth Harper,Andrew Di-Vetta,e1 andrew di-vetta,1830,E1,0.5,1660,1.67,0.26,2
2024-12-18,Gareth Harper,Les Philpin,w1 les philpin,1701,W1,0,1647,2.1,0.43,2
2024-07-08,John Ryles,Gwyn Havard,e1 gwyn havard,1855,E1,0,1643,0.24,0.24,0
2024-07-22,John Ryles,Steve Cunliffe,e1 steve cunliffe,1886,E1,0,1637,0.44,0.2,0
2024-08-05,John Ryles,Peter Watkins,e1 peter watkins,1565,E1,0.5,1633,1.06,0.62,0.5
2024-09-09,John Ryles,Ethan McGrath,e1 ethan mcgrath,1750,E1,0,1622,1.42,0.36,0.5
2024-09-23,John Ryles,Piotr Graczyk,e1 piotr graczyk,1698,E1,0,1609,1.85,0.43,0.5
2024-10-15,John Ryles,Alex Kennedy,e1 alex kennedy,1735,E1,0.5,1613,2.23,0.38,1
2024-10-22,John Ryles,Tom Bennett,e1 tom bennett,1795,E1,0,1604,2.53,0.3,1
2024-11-11,John Ryles,Emyr Roberts,e1 emyr roberts,1743,E1,0,1593,2.9,0.37,1
2024-11-19,John Ryles,Kam Choo Yin,e1 kam choo yin,1823,E1,0,1585,3.17,0.27,1
2024-11-25,John Ryles,Jeremy Ryan,e1 jeremy ryan,1758,E1,0.5,1589,3.52,0.35,1.5
2024-08-16,Robert Muza,Oscar Chilcott,NA,1500,Est,1,1658,0.7,0.7,1
2024-08-17,Robert Muza,Joshua Colcombe,g1 joshua colcombe,1561,G1,1,1669,1.32,0.62,2
2024-08-17,Robert Muza,Reuben Hilliar,e1 reuben hilliar,1571,E1,0,1651,1.93,0.61,2
2024-08-18,Robert Muza,Arush Ajai Murthy,e1 arush ajai murthy,1745,E1,1,1670,2.3,0.37,3
2024-08-18,Robert Muza,Carolus Tang,NA,1668,ENG,1,1686,2.77,0.47,4
2024-09-25,Robert Muza,Andrew Balfe,g1 andrew balfe,1606,G1,1,1699,3.33,0.56,5
2024-10-14,Robert Muza,Bob Wiltshire,g1 bob wiltshire,1550,G1,1,1710,3.97,0.64,6
2024-10-23,Robert Muza,Chris Morgan,g1 chris morgan,1785,G1,1,1730,4.28,0.31,7
2024-11-06,Robert Muza,Joshua Colcombe,g1 joshua colcombe,1561,G1,0,1712,4.9,0.62,7
2024-11-20,Robert Muza,Dave WIlliams,g1 dave williams,1785,G1,0.5,1717,5.21,0.31,7.5
2024-12-18,Robert Muza,Bob Wiltshire,g1 bob wiltshire,1550,G1,0,1698,5.85,0.64,7.5
2024-07-05,Ron Williams,Maria Florencia Fernandez,NA,2124,FIDE,0,1646,0.1,0.1,0
2024-07-05,Ron Williams,Sam Jukes,e1 sam jukes,1993,E1,0,1642,0.22,0.12,0
2024-07-06,Ron Williams,Joshua McKenna,e1 joshua mckenna,1926,E1,0,1637,0.39,0.17,0
2024-07-07,Ron Williams,John A Williams,g1 john a williams,1773,G1,0.5,1642,0.72,0.33,0.5
2024-07-07,Ron Williams,Wiliam Francis,w1 wiliam francis,1589,W1,0,1625,1.31,0.59,0.5
2024-07-08,Ron Williams,Tomos Francis,w1 tomos francis,1316,W1,1,1629,2.18,0.87,1.5
2024-07-09,Ron Williams,Mark Emblem,g1 mark emblem,1572,G1,1,1640,2.79,0.61,2.5
2024-07-09,Ron Williams,Leo A Keely,NA,1957,ENG,0.5,1651,2.94,0.15,3
2024-07-10,Ron Williams,Matthew R Wilson,NA,1904,ENG,0,1645,3.13,0.19,3
2024-10-14,Ron Williams,Liam Powell-Jones,g1 liam powell-jones,1686,G1,0,1632,3.58,0.45,3
2024-10-28,Ron Williams,Dakota Samson,g1 dakota samson,1550,G1,1,1643,4.22,0.64,4
2024-10-30,Ron Williams,Zane Allford,g1 zane allford,1847,G1,0,1636,4.46,0.24,4
2024-10-15,Angus Weir,Peter Bullough,NA,1400,EST,1,1653,0.81,0.81,1
2024-10-23,Angus Weir,Harry McLoed,NA,1716,ENG,0,1641,1.21,0.4,1
2024-10-30,Angus Weir,Danny Den Drijver,n1 danny den drijver,1743,N1,0,1630,1.58,0.37,1
2024-11-06,Angus Weir,Paul Sadler,n1 paul sadler,1720,N1,1,1648,1.98,0.4,2
2024-09-18,Steve Edwards,Spencer Ripley,w1 spencer ripley,1488,W1,1,1655,0.71,0.71,1
2024-09-25,Steve Edwards,Angus Winter,w1 angus winter,1623,W1,0.5,1654,1.24,0.53,1.5
2024-10-16,Steve Edwards,Danny Ashburner,w1 danny ashburner,1790,W1,0,1645,1.54,0.3,1.5
2024-10-23,Steve Edwards,John Williams (W),w1 john williams (w),1358,W1,0.5,1634,2.38,0.84,2
2024-10-30,Steve Edwards,Andrew Powell,w1 andrew powell,1460,W1,0.5,1627,3.12,0.74,2.5
2024-11-05,Steve Edwards,Blake Stone,w1 blake stone,1732,W1,0,1616,3.5,0.38,2.5
2024-07-05,Paul Moulson,Avyukt Dasgupta,NA,2182,ENG,0,1641,0.1,0.1,0
2024-07-06,Paul Moulson,Jack Hannigan,e1 jack hannigan,1650,E1,0,1626,0.59,0.49,0
2024-07-07,Paul Moulson,Guy Wagner,e1 guy wagner,1904,E1,0,1621,0.77,0.18,0
2024-07-08,Paul Moulson,Thomas Nalej,e1 thomas nalej,1455,E1,1,1628,1.52,0.75,1
2024-07-09,Paul Moulson,Joshua Richards,w1 joshua richards,1762,W1,0,1618,1.86,0.34,1
2024-07-09,Paul Moulson,Bob Hurn,e1 bob hurn,1731,E1,0,1607,2.24,0.38,1
2024-07-10,Paul Moulson,Wiliam Francis,w1 wiliam francis,1589,W1,1,1620,2.82,0.58,2
2024-10-08,Eugene Tee,Ben Rowlands,w1 ben rowlands,1671,W1,0.5,1645,0.46,0.46,0.5
2024-10-15,Eugene Tee,John Davies,w1 john davies,1521,W1,1,1655,1.13,0.67,1.5
2024-10-21,Eugene Tee,Farouq Nasir,w1 farouq nasir,1654,W1,1,1670,1.62,0.49,2.5
2024-10-22,Eugene Tee,Roger Jenkins,w1 roger jenkins,1696,W1,1,1688,2.05,0.43,3.5
2024-10-29,Eugene Tee,Jordan Heatman,w1 jordan heatman,1653,W1,0,1673,2.54,0.49,3.5
2024-11-05,Eugene Tee,Paul Headon,w1 paul headon,1730,W1,0,1662,2.92,0.38,3.5
2024-11-06,Eugene Tee,Martin C Jones,d1 martin c jones,1788,D1,0,1653,3.22,0.3,3.5
2024-11-12,Eugene Tee,Derek Bellamy,w1 derek bellamy,1500,W1,1,1662,3.92,0.7,4.5
2024-11-15,Eugene Tee,Peter Bevan,w1 peter bevan,1907,W1,0,1656,4.1,0.18,4.5
2024-11-16,Eugene Tee,Tom Bennett,e1 tom bennett,1795,E1,0,1647,4.4,0.3,4.5
2024-11-16,Eugene Tee,Vlad Pintea,NA,1740,ENG,0,1637,4.77,0.37,4.5
2024-11-19,Eugene Tee,Dale Westcott,w1 dale westcott,1824,W1,1,1659,5.03,0.26,5.5
2024-11-26,Eugene Tee,Anthony Beck,w1 anthony beck,1730,W1,0,1647,5.41,0.38,5.5
2024-12-02,Eugene Tee,James Harford,w1 james harford,1828,W1,0,1640,5.67,0.26,5.5
2024-07-02,Tycho Twohig,Csombor Hanczar,e1 csombor hanczar,1596,E1,0.5,1641,0.57,0.57,0.5
2024-07-09,Tycho Twohig,David Belochkin,e1 david belochkin,1535,E1,0,1621,1.22,0.65,0.5
2024-07-13,Tycho Twohig,Jacob R Wyn,NA,1798,ENG,0,1613,1.51,0.29,0.5
2024-07-13,Tycho Twohig,Ben Crosby,NA,1833,ENG,0,1605,1.76,0.25,0.5
2024-07-16,Tycho Twohig,Otto Bartlett-Davis,e1 otto bartlett-davis,1386,E1,1,1611,2.57,0.81,1.5
2024-09-25,Joseph Sartin,Joshua McKenna,e1 joshua mckenna,1926,E1,0.5,1650,0.16,0.16,0.5
2024-10-09,Joseph Sartin,Dominic Murray,e1 dominic murray,1600,E1,0,1633,0.72,0.56,0.5
2024-11-06,Joseph Sartin,George Turner,e1 george turner,1924,E1,0,1629,0.88,0.16,0.5
2024-11-27,Joseph Sartin,Sam Jones,e1 sam jones,1400,E1,1,1635,1.68,0.8,1.5
2024-12-18,Joseph Sartin,Chris Fox,e1 chris fox,1702,E1,0,1622,2.09,0.41,1.5
2024-09-23,Martin Blackman-Siegler,Erion Pici,e1 erion pici,1559,E1,1,1649,0.61,0.61,1
2024-09-25,Martin Blackman-Siegler,Neethi Helen,e1 neethi helen,1310,E1,1,1653,1.48,0.87,2
2024-10-29,Martin Blackman-Siegler,Paul Bridges,e1 paul bridges,1818,E1,1,1675,1.74,0.26,3
2024-11-04,Martin Blackman-Siegler,Adam Christopher,e1 adam christopher,1588,E1,0,1658,2.31,0.57,3
2024-08-16,Anshul Swamy,Steve Jones,e1 steve jones,1784,E1,0.5,1642,0.3,0.3,0.5
2024-08-17,Anshul Swamy,Tii Loog,NA,1814,ENG,0,1634,0.56,0.26,0.5
2024-08-17,Anshul Swamy,Dale Sibborn,NA,1816,ENG,0,1626,0.82,0.26,0.5
2024-08-18,Anshul Swamy,Andrew Balfe,g1 andrew balfe,1606,G1,0,1610,1.36,0.54,0.5
2024-08-18,Anshul Swamy,Mikhail Saparovich,g1 mikhail saparovich,1400,G1,0.5,1601,2.16,0.8,1
2024-09-03,Anshul Swamy,Raman Rajoram,e1 raman rajoram,1398,E1,1,1607,2.96,0.8,2
2024-09-23,Anshul Swamy,Jeremy Ryan,e1 jeremy ryan,1758,E1,0.5,1612,3.29,0.33,2.5
2024-10-13,Anshul Swamy,Guy Wagner,e1 guy wagner,1904,E1,0,1607,3.47,0.18,2.5
2024-10-15,Anshul Swamy,David Belochkin,e1 david belochkin,1535,E1,1,1618,4.11,0.64,3.5
2024-11-11,Anshul Swamy,Erion Pici,e1 erion pici,1559,E1,0,1599,4.72,0.61,3.5
2024-11-25,Anshul Swamy,Edd Chwieseni,e1 edd chwieseni,1724,E1,1,1618,5.1,0.38,4.5
2024-09-17,Finn Pritchard,Danny Den Drijver,n1 danny den drijver,1743,N1,0,1624,0.35,0.35,0
2024-10-08,Finn Pritchard,Matthew Matthias,n1 matthew matthias,1679,N1,0.5,1625,0.79,0.44,0.5
2024-10-29,Finn Pritchard,Matthew Matthias,n1 matthew matthias,1679,N1,0.5,1627,1.23,0.44,1
2024-11-05,Finn Pritchard,Jack Bell,NA,1500,EST,1,1637,1.91,0.68,2
2024-11-19,Finn Pritchard,Karl Davies,n1 karl davies,1500,N1,1,1646,2.59,0.68,3
2024-12-05,Finn Pritchard,James Will,n1 james will,1550,N1,1,1658,3.21,0.62,4
2024-12-10,Finn Pritchard,Dave Littlemore,NA,1650,ENG,0,1644,3.69,0.48,4
2024-07-22,Martin Ilett,Mike Gale,e1 mike gale,1787,E1,0.5,1637,0.29,0.29,0.5
2024-08-05,Martin Ilett,Erion Pici,e1 erion pici,1559,E1,1,1649,0.89,0.6,1.5
2024-08-19,Martin Ilett,Gwyn Havard,e1 gwyn havard,1855,E1,0.5,1658,1.11,0.22,2
2024-09-02,Martin Ilett,Dave Parsons,e1 dave parsons,1824,E1,1,1680,1.36,0.25,3
2024-09-17,Martin Ilett,Adam Sarwar,e1 adam sarwar,1680,E1,1,1697,1.79,0.43,4
2024-09-23,Martin Ilett,Mike Stannard,g1 mike stannard,1562,G1,0,1680,2.39,0.6,4
2024-10-07,Martin Ilett,Jeremy Jones,e1 jeremy jones,1596,E1,0,1663,2.94,0.55,4
2024-10-15,Martin Ilett,Csege Hanczar,e1 csege hanczar,1619,E1,0,1647,3.46,0.52,4
2024-11-04,Martin Ilett,Bob Hurn,e1 bob hurn,1731,E1,0.5,1652,3.82,0.36,4.5
2024-11-11,Martin Ilett,Aled Roberts,e1 aled roberts,1711,E1,0,1640,4.21,0.39,4.5
2024-11-19,Martin Ilett,Andy Basford,e1 andy basford,1629,E1,0,1625,4.71,0.5,4.5
2024-11-25,Martin Ilett,Martin K Jones,e1 martin k jones,1653,E1,1,1641,5.18,0.47,5.5
2024-09-11,Andy Basford,Reuben Hilliar,e1 reuben hilliar,1571,E1,1,1642,0.58,0.58,1
2024-09-24,Andy Basford,Alex Kennedy,e1 alex kennedy,1735,E1,0,1631,0.93,0.35,1
2024-10-15,Andy Basford,Emyr Roberts,e1 emyr roberts,1743,E1,0,1621,1.27,0.34,1
2024-10-28,Andy Basford,Sergio Esteves,e1 sergio esteves,1743,E1,1,1640,1.61,0.34,2
2024-11-19,Andy Basford,Martin Ilett,e1 martin ilett,1631,E1,1,1656,2.11,0.5,3
2024-12-03,Andy Basford,Chris Peters,e1 chris peters,1673,E1,1,1672,2.55,0.44,4
2024-09-09,Sam Brown,David Guy,w1 david guy,1853,W1,0.5,1637,0.21,0.21,0.5
2024-09-16,Sam Brown,Jonathan Baker,w1 jonathan baker,1612,W1,1,1651,0.73,0.52,1.5
2024-09-23,Sam Brown,Claire Gorman,w1 claire gorman,1489,W1,1,1660,1.42,0.69,2.5
2024-09-30,Sam Brown,Mike Richards,w1 mike richards,1548,W1,1,1672,2.03,0.61,3.5
2024-10-07,Sam Brown,Ian Eustis,w1 ian eustis,1829,W1,0,1665,2.27,0.24,3.5
2024-10-22,Sam Brown,William Selby,w1 william selby,1457,W1,1,1673,3,0.73,4.5
2024-11-06,Sam Brown,Janet Evans,w1 janet evans,1340,W1,1,1678,3.84,0.84,5.5
2024-12-02,Sam Brown,William Selby,w1 william selby,1457,W1,1,1686,4.57,0.73,6.5
2024-12-10,Sam Brown,Angus Winter,w1 angus winter,1623,W1,1,1700,5.08,0.51,7.5
2024-10-29,Wojtek Liponski,Carl Halpin,w1 carl halpin,1616,W1,0,1611,0.51,0.51,0
2024-12-03,Wojtek Liponski,Gareth Harper,w1 gareth harper,1650,W1,0.5,1612,0.98,0.47,0.5
2024-09-17,Ken Huntley,Greg Goold,w1 greg goold,1482,W1,1,1633,0.69,0.69,1
2024-09-24,Ken Huntley,Paul Bevan,w1 paul bevan,1510,W1,1,1643,1.35,0.66,2
2024-10-08,Ken Huntley,Lysa Brooks,w1 lysa brooks,1800,W1,0,1635,1.62,0.27,2
2024-10-15,Ken Huntley,Paul Headon,w1 paul headon,1730,W1,0.5,1640,1.97,0.35,2.5
2024-11-12,Ken Huntley,Evan Whitehouse,w1 evan whitehouse,1717,W1,0,1629,2.34,0.37,2.5
2024-11-20,Ken Huntley,Paul Headon,w1 paul headon,1730,W1,0.5,1633,2.69,0.35,3
2024-09-18,Angus Winter,Jordan Heatman,w1 jordan heatman,1653,W1,1,1639,0.46,0.46,1
2024-09-25,Angus Winter,Steve Edwards,w1 steve edwards,1646,W1,0.5,1640,0.93,0.47,1.5
2024-11-05,Angus Winter,Neil Stuart,w1 neil stuart,1727,W1,1,1660,1.28,0.35,2.5
2024-11-15,Angus Winter,James Choung,e1 james choung,1364,E1,0,1635,2.1,0.82,2.5
2024-11-16,Angus Winter,Jacob Limeslade,e1 jacob limeslade,1396,E1,1,1642,2.89,0.79,3.5
2024-11-16,Angus Winter,Leon Vincent,w1 leon vincent,1486,W1,0,1621,3.58,0.69,3.5
2024-11-17,Angus Winter,Henry Burton,d1 henry burton,1310,D1,1,1625,4.44,0.86,4.5
2024-11-17,Angus Winter,Andrew Powell,w1 andrew powell,1460,W1,1,1634,5.16,0.72,5.5
2024-11-26,Angus Winter,John Arnold,w1 john arnold,1716,W1,0.5,1638,5.53,0.37,6
2024-12-03,Angus Winter,Malcolm Probert,w1 malcolm probert,1700,W1,1,1656,5.92,0.39,7
2024-12-10,Angus Winter,Sam Brown,w1 sam brown,1628,W1,0,1641,6.41,0.49,7
2024-07-02,Csege Hanczar,Constantine Popov,e1 constantine popov,1431,E1,1,1627,0.75,0.75,1
2024-07-09,Csege Hanczar,Andrei Zhuravlev,e1 andrei zhuravlev,1484,E1,1,1636,1.44,0.69,2
2024-09-19,Csege Hanczar,Mark Jones,e1 mark jones,1793,E1,0,1628,1.71,0.27,2
2024-09-24,Csege Hanczar,Lucas Zheng,e1 lucas zheng,1709,E1,1,1647,2.08,0.37,3
2024-10-15,Csege Hanczar,Martin Ilett,e1 martin ilett,1631,E1,1,1662,2.56,0.48,4
2024-10-24,Csege Hanczar,John Cox,e1 john cox,1601,E1,0,1647,3.09,0.53,4
2024-12-17,Csege Hanczar,Matt Straiton,e1 matt straiton,1550,E1,0.5,1644,3.69,0.6,4.5
2024-09-09,Carl Halpin,Bobby Taylor,w1 bobby taylor,1355,W1,0.5,1606,0.82,0.82,0.5
2024-09-10,Carl Halpin,Jonathan Baker,w1 jonathan baker,1612,W1,0,1591,1.33,0.51,0.5
2024-09-18,Carl Halpin,Mike Richards,w1 mike richards,1548,W1,0.5,1588,1.93,0.6,1
2024-10-02,Carl Halpin,Guto Llywelyn,w1 guto llywelyn,1589,W1,0,1572,2.47,0.54,1
2024-10-09,Carl Halpin,Danny Ashburner,w1 danny ashburner,1790,W1,1,1594,2.74,0.27,2
2024-10-22,Carl Halpin,Claire Gorman,w1 claire gorman,1489,W1,1,1604,3.42,0.68,3
2024-10-29,Carl Halpin,Wojtek Liponski,w1 wojtek liponski,1626,W1,1,1619,3.91,0.49,4
2024-10-30,Carl Halpin,Paul Headon,w1 paul headon,1730,W1,0,1609,4.25,0.34,4
2024-11-05,Carl Halpin,Claire Gorman,w1 claire gorman,1489,W1,1,1619,4.93,0.68,5
2024-11-12,Carl Halpin,Guto Llywelyn,w1 guto llywelyn,1589,W1,0.5,1618,5.47,0.54,5.5
2024-11-15,Carl Halpin,David Foster,w1 david foster,1591,W1,1,1632,6.01,0.54,6.5
2024-11-16,Carl Halpin,Chase Winter,NA,1310,Est,1,1636,6.86,0.85,7.5
2024-11-16,Carl Halpin,Kevin Heady,d1 kevin heady,1680,D1,0,1624,7.27,0.41,7.5
2024-11-17,Carl Halpin,Spencer Ripley,w1 spencer ripley,1488,W1,0,1603,7.95,0.68,7.5
2024-11-17,Carl Halpin,Chris Thompson,g1 chris thompson,1338,G1,1,1608,8.78,0.83,8.5
2024-11-19,Carl Halpin,Elliot Chapman,w1 elliot chapman,1586,W1,0,1592,9.32,0.54,8.5
2024-11-27,Carl Halpin,James Evans,w1 james evans,1686,W1,0.5,1595,9.72,0.4,9
2024-12-04,Carl Halpin,Gareth Harper,w1 gareth harper,1650,W1,0.5,1597,10.17,0.45,9.5
2024-12-11,Carl Halpin,Julien Potier,w1 julien potier,1466,W1,0,1576,10.87,0.7,9.5
2024-09-10,Jonathan Baker,Carl Halpin,w1 carl halpin,1616,W1,1,1627,0.49,0.49,1
2024-09-16,Jonathan Baker,Sam Brown,w1 sam brown,1628,W1,0,1613,0.97,0.48,1
2024-09-18,Jonathan Baker,Adam May,w1 adam may,1955,W1,0,1609,1.09,0.12,1
2024-09-30,Jonathan Baker,Roger Jenkins,w1 roger jenkins,1696,W1,0,1598,1.47,0.38,1
2024-10-23,Jonathan Baker,Guto Llywelyn,w1 guto llywelyn,1589,W1,0,1582,2,0.53,1
2024-11-12,Jonathan Baker,Jordan Heatman,w1 jordan heatman,1653,W1,0,1569,2.44,0.44,1
2024-11-25,Jonathan Baker,Tony Goodchild,w1 tony goodchild,1465,W1,1,1578,3.14,0.7,2
2024-12-04,Jonathan Baker,Andrew Powell,w1 andrew powell,1460,W1,1,1586,3.85,0.71,3
2024-09-17,Joshua Beech,David Fernandez-Arias,n1 david fernandez-arias,1691,N1,0,1598,0.39,0.39,0
2024-10-02,Joshua Beech,Patrick Ridley,NA,1699,ENG,0,1587,0.76,0.37,0
2024-10-10,Joshua Beech,Stuart Hamilton,n1 stuart hamilton,1542,N1,0,1569,1.36,0.6,0
2024-11-06,Joshua Beech,John Zlosnik,n1 john zlosnik,1753,N1,0,1560,1.67,0.31,0
2024-08-17,Andrew Balfe,Tomas Forsey,g1 tomas forsey,1713,G1,0,1595,0.35,0.35,0
2024-08-16,Andrew Balfe,Justin Morgans,e1 justin morgans,1806,E1,1,1618,0.59,0.24,1
2024-08-17,Andrew Balfe,Andrew Di-Vetta,e1 andrew di-vetta,1830,E1,0,1612,0.81,0.22,1
2024-08-18,Andrew Balfe,Anshul Swamy,e1 anshul swamy,1636,E1,1,1628,1.27,0.46,2
2024-08-18,Andrew Balfe,Deio Parri,n1 deio parri,1751,N1,0,1619,1.57,0.3,2
2024-09-25,Andrew Balfe,Robert Muza,g1 robert muza,1649,G1,0,1606,2.01,0.44,2
2024-11-06,Andrew Balfe,Paul Mills,g1 paul mills,1771,G1,1,1627,2.29,0.28,3
2024-11-20,Andrew Balfe,Andrew Evans,g1 andrew evans,1577,G1,0,1611,2.83,0.54,3
2024-12-18,Andrew Balfe,Lucas James,g1 lucas james,1729,G1,0,1601,3.16,0.33,3
2024-12-04,Reuben Tarjanyi,Jay Drawbridge,n1 jay drawbridge,1811,N1,0,1598,0.23,0.23,0
2024-12-12,Diego Garcia Lucas,Gary Slegg,n1 gary slegg,1737,N1,0,1594,0.32,0.32,0
2024-08-16,Bjorn Oliver,Toby Reckless,e1 toby reckless,1511,E1,1,1615,0.63,0.63,1
2024-08-17,Bjorn Oliver,Lucas Zheng,e1 lucas zheng,1709,E1,0.5,1619,0.98,0.35,1.5
2024-08-17,Bjorn Oliver,Gwilym Davies-Kabir,g1 gwilym davies-kabir,1459,G1,0,1599,1.68,0.7,1.5
2024-08-18,Bjorn Oliver,Mike Stannard,g1 mike stannard,1562,G1,0,1582,2.24,0.56,1.5
2024-08-18,David Norris,Dave Williams,g1 dave williams,1785,G1,0.5,1610,0.26,0.26,0.5
2024-08-17,David Norris,David Rovaretti,e1 david rovaretti,1794,E1,1,1633,0.51,0.25,1.5
2024-08-17,David Norris,Tiiu Loog,NA,1814,ENG,0,1626,0.74,0.23,1.5
2024-08-18,David Norris,Steve Jones,e1 steve jones,1784,E1,0,1618,1,0.26,1.5
2024-10-14,David Norris,Asifur Rahman,g1 asifur rahman,1450,G1,1,1627,1.71,0.71,2.5
2024-10-28,David Norris,Bob Wiltshire,g1 bob wiltshire,1550,G1,0.5,1625,2.29,0.58,3
2024-11-11,David Norris,Paul Mills,g1 paul mills,1771,G1,0.5,1631,2.57,0.28,3.5
2024-11-20,David Norris,Samson Muputa,g1 samson muputa,1412,G1,1,1639,3.32,0.75,4.5
2024-11-25,David Norris,John A Williams,g1 john a williams,1773,G1,1,1661,3.59,0.27,5.5
2024-10-29,Paul Thomas,David Foster,w1 david foster,1591,W1,0,1587,0.52,0.52,0
2024-11-04,Paul Thomas,Stuart Thomas,w1 stuart thomas,1310,W1,1,1591,1.36,0.84,1
2024-11-13,Paul Thomas,Janet Evans,w1 janet evans,1340,W1,1,1597,2.18,0.82,2
2024-11-19,Paul Thomas,Glyn Hill,w1 glyn hill,1449,W1,1,1605,2.89,0.71,3
2024-11-25,Paul Thomas,Aaron Davies,w1 aaron davies,1530,W1,1,1617,3.49,0.6,4
2024-11-29,Paul Thomas,Dylan Greenway,w1 dylan greenway,1438,W1,0.5,1611,4.21,0.72,4.5
2024-12-03,Paul Thomas,Jordan Heatman,w1 jordan heatman,1653,W1,0,1598,4.64,0.43,4.5
2024-12-10,Paul Thomas,Eva Gregot,w1 eva gregot,1600,W1,0,1583,5.14,0.5,4.5
2024-12-18,Paul Thomas,Riley Fitzpatrick,w1 riley fitzpatrick,1361,W1,1,1589,5.94,0.8,5.5
2024-10-07,John Cox,Dave Parsons,e1 dave parsons,1824,E1,0,1594,0.22,0.22,0
2024-10-24,John Cox,Csege Hanczar,e1 csege hanczar,1619,E1,1,1610,0.69,0.47,1
2024-11-18,John Cox,Bob Hurn,e1 bob hurn,1731,E1,0.5,1616,1.01,0.32,1.5
2024-12-03,John Cox,Dan Edwards,e1 dan edwards,1743,E1,0,1606,1.32,0.31,1.5
2024-10-09,Ieuan Bevan Jones,Oleksandr Zhuravel,e1 oleksandr zhuravel,1310,E1,1,1605,0.84,0.84,1
2024-11-06,Ieuan Bevan Jones,Sam Jukes,e1 sam jukes,1993,E1,0,1602,0.94,0.1,1
2024-11-13,Ieuan Bevan Jones,Joe Fathallah,e1 joe fathallah,2011,E1,0,1599,1.04,0.1,1
2024-12-04,Ieuan Bevan Jones,Abir Deshpande,e1 abir deshpande,1310,E1,0.5,1589,1.88,0.84,1.5
2024-11-13,Richard Cousins,Gareth Harding,e1 gareth harding,1776,E1,0.5,1607,0.27,0.27,0.5
2024-12-11,Richard Cousins,James Tapp,e1 james tapp,2011,E1,0,1604,0.37,0.1,0.5
2024-12-18,Richard Cousins,Peter Quinn,e1 peter quinn,1843,E1,0,1598,0.57,0.2,0.5
2024-08-16,Hamid Farani Sani,Oliver Bain,NA,1753,ENG,1,1621,0.29,0.29,1
2024-08-17,Hamid Farani Sani,Lef Zografos,e1 lef zografos,1832,E1,0,1615,0.5,0.21,1
2024-08-17,Hamid Farani Sani,Steve Jones,e1 steve jones,1784,E1,0,1607,0.76,0.26,1
2024-08-18,Hamid Farani Sani,Jeremy Ryan,e1 jeremy ryan,1758,E1,0,1599,1.05,0.29,1
2024-09-14,Hamid Farani Sani,Peter Quinn,e1 peter quinn,1843,E1,1,1623,1.25,0.2,2
2024-09-14,Hamid Farani Sani,Haroon Majeed,NA,2005,ENG,0,1620,1.35,0.1,2
2024-09-14,Hamid Farani Sani,Dale Westcott,w1 dale westcott,1824,W1,0,1613,1.57,0.22,2
2024-09-15,Hamid Farani Sani,Oliver Bain,NA,1749,ENG,0,1604,1.87,0.3,2
2024-09-15,Hamid Farani Sani,Eron Latif,e1 eron latif,1310,E1,1,1609,2.71,0.84,3
2024-09-18,Hamid Farani Sani,Cyril Ley,e1 cyril ley,1769,E1,1,1631,2.98,0.27,4
2024-09-25,Hamid Farani Sani,Miltos Zoumekas,e1 miltos zoumekas,1700,E1,1,1650,3.34,0.36,5
2024-10-09,Hamid Farani Sani,Miltos Zoumekas,e1 miltos zoumekas,1700,E1,0,1639,3.7,0.36,5
2024-10-13,Hamid Farani Sani,David Belochkin,e1 david belochkin,1535,E1,0.5,1636,4.29,0.59,5.5
2024-10-16,Hamid Farani Sani,Sam Jukes,e1 sam jukes,1993,E1,0.5,1648,4.39,0.1,6
2024-10-23,Hamid Farani Sani,Dominic Murray,e1 dominic murray,1600,E1,1,1663,4.89,0.5,7
2024-10-30,Hamid Farani Sani,Dave McGhee,e1 dave mcghee,1896,E1,0,1659,5.04,0.15,7
2024-11-06,Hamid Farani Sani,Joe Fathallah,e1 joe fathallah,2011,E1,0,1656,5.14,0.1,7
2024-12-11,Hamid Farani Sani,Sam Rhydderch,e1 sam rhydderch,1403,E1,1,1663,5.9,0.76,8
2024-11-06,Eva Gregot,John Arnold,w1 john arnold,1716,W1,0,1590,0.34,0.34,0
2024-11-12,Eva Gregot,Vaughan Thomas,w1 vaughan thomas,1511,W1,0.5,1586,0.97,0.63,0.5
2024-12-10,Eva Gregot,Paul Thomas,w1 paul thomas,1602,W1,1,1601,1.47,0.5,1.5
2024-09-25,Dominic Murray,Lachlan Tyrell,e1 lachlan tyrell,1800,E1,0,1593,0.24,0.24,0
2024-10-02,Dominic Murray,Andrei Zhuravlev,e1 andrei zhuravlev,1484,E1,1,1603,0.9,0.66,1
2024-10-09,Dominic Murray,Joseph Sartin,e1 joseph sartin,1640,E1,1,1620,1.34,0.44,2
2024-10-16,Dominic Murray,Miltos Zoumekas,e1 miltos zoumekas,1700,E1,0,1609,1.7,0.36,2
2024-10-23,Dominic Murray,Hamid Farani Sani,e1 hamid farani sani,1600,E1,0,1594,2.2,0.5,2
2024-10-10,Harry Wood,Stephen Garnett,n1 stephen garnett,1499,N1,1,1611,0.64,0.64,1
2024-11-06,Harry Wood,Susan F Parry,n1 susan f parry,1501,N1,1,1622,1.28,0.64,2
2024-11-06,Harry Wood,Susan F Parry,n1 susan f parry,1501,N1,1,1632,1.92,0.64,3
2024-11-13,Harry Wood,Stephen Dunning,n1 stephen dunning,1781,N1,0,1625,2.18,0.26,3
2024-11-27,Harry Wood,Danny Den Drijver,n1 danny den drijver,1743,N1,1,1645,2.49,0.31,4
2024-12-02,Harry Wood,Thomas Wood,NA,1520,ENG,1,1657,3.1,0.61,5
2024-12-04,Harry Wood,Merle Field,n1 merle field,1450,N1,0,1636,3.8,0.7,5
2024-09-18,Ben Richards,Oliver Rush,g1 oliver rush,1464,G1,1,1608,0.69,0.69,1
2024-10-01,Ben Richards,Mike Stannard,g1 mike stannard,1562,G1,1,1622,1.24,0.55,2
2024-10-02,Ben Richards,Zane Allford,g1 zane allford,1847,G1,0,1616,1.43,0.19,2
2024-10-16,Ben Richards,Andrew Evans,g1 andrew evans,1577,G1,0,1600,1.96,0.53,2
2024-10-30,Ben Richards,Matthew Davies (Aber),g1 matthew davies (aber),1528,G1,0,1582,2.56,0.6,2
2024-11-13,Ben Richards,Andrew Evans,g1 andrew evans,1577,G1,1,1596,3.09,0.53,3
2024-11-19,Ben Richards,Steve Williams (Cwm),g1 steve williams (cwm),1698,G1,0,1585,3.45,0.36,3
2024-11-27,Ben Richards,Liam Powell-Jones,g1 liam powell-jones,1686,G1,0,1574,3.83,0.38,3
2024-12-11,Ben Richards,Jonathan Dark,g1 jonathan dark,1593,G1,1,1589,4.34,0.51,4
2024-09-02,Richard Larg,Lucas Zheng,e1 lucas zheng,1709,E1,0.5,1603,0.35,0.35,0.5
2024-09-09,Richard Larg,Clive Silver,e1 clive silver,1666,E1,0,1591,0.75,0.4,0.5
2024-10-07,Richard Larg,Randall Wright,e1 randall wright,1524,E1,0,1572,1.35,0.6,0.5
2024-10-21,Richard Larg,Oyvind Ringen,e1 oyvind ringen,1700,E1,0,1562,1.71,0.36,0.5
2024-11-04,Richard Larg,Wayne Holland,e1 wayne holland,1478,E1,0.5,1557,2.38,0.67,1
2024-11-11,Richard Larg,Dave Parsons,e1 dave parsons,1824,E1,0,1550,2.59,0.21,1
2024-12-02,Richard Larg,Tom Jenney,e1 tom jenney,1378,E1,0.5,1542,3.37,0.78,1.5
2024-10-28,Robert Narayan-Taylor,Mark Paffard,d1 mark paffard,1730,D1,0,1588,0.32,0.32,0
2024-12-10,Robert Narayan-Taylor,Martin C Jones,d1 martin c jones,1788,D1,1,1611,0.57,0.25,1
2024-07-02,Csombor Hanczar,Tycho Twohig,e1 tycho twohig,1643,E1,0.5,1598,0.43,0.43,0.5
2024-07-09,Csombor Hanczar,Kam Choo Yin,e1 kam choo yin,1823,E1,0,1592,0.64,0.21,0.5
2024-09-24,Csombor Hanczar,Adam Sarwar,e1 adam sarwar,1680,E1,0,1580,1.02,0.38,0.5
2024-12-17,Csombor Hanczar,Nadi Grewal,e1 nadi grewal,1481,E1,1,1590,1.68,0.66,1.5
2024-08-16,Jeremy Jones,Mikhail Saparovich,g1 mikhail saparovich,1400,G1,1,1603,0.76,0.76,1
2024-08-17,Jeremy Jones,Mark Thomas,w1 mark thomas,1949,W1,0,1600,0.88,0.12,1
2024-08-17,Jeremy Jones,Daniel Shek,NA,1989,ENG,0,1597,0.98,0.1,1
2024-08-18,Jeremy Jones,James Williams,e1 james williams,1532,E1,0.5,1594,1.57,0.59,1.5
2024-08-18,Jeremy Jones,Mark Emblem,g1 mark emblem,1572,G1,0.5,1593,2.1,0.53,2
2024-10-07,Jeremy Jones,Martin Ilett,e1 martin ilett,1631,E1,1,1610,2.55,0.45,3
2024-10-29,Jeremy Jones,Stuart Enoch,e1 stuart enoch,1569,E1,1,1623,3.09,0.54,4
2024-11-18,Jeremy Jones,Leon Jansen van Rensburg,e1 leon jansen van rensburg,1758,E1,0,1615,3.37,0.28,4
2024-12-09,Jeremy Jones,Martin K Jones,e1 martin k jones,1653,E1,1,1632,3.79,0.42,5
2024-10-13,Khushi Bagga,Peter Quinn,e1 peter quinn,1843,E1,1,1618,0.19,0.19,1
2024-11-27,Khushi Bagga,Piotr Graczyk,e1 piotr graczyk,1698,E1,0,1608,0.54,0.35,1
2024-10-15,Jonathan Dark,Adam Cooper,g1 adam cooper,1346,G1,1,1599,0.81,0.81,1
2024-10-30,Jonathan Dark,Trey Austen,g1 trey austen,1350,G1,0,1575,1.61,0.8,1
2024-11-13,Jonathan Dark,James Richards,g1 james richards,1545,G1,1,1588,2.18,0.57,2
2024-12-11,Jonathan Dark,Ben Richards,g1 ben richards,1599,G1,0,1573,2.67,0.49,2
2024-09-10,David Foster,James Harford,w1 james harford,1828,W1,0,1585,0.2,0.2,0
2024-09-17,David Foster,Casey Allen,w1 casey allen,1310,W1,1,1590,1.03,0.83,1
2024-09-24,David Foster,Dylan Greenway,w1 dylan greenway,1438,W1,1,1599,1.74,0.71,2
2024-10-01,David Foster,Dylan Greenway,w1 dylan greenway,1438,W1,1,1607,2.45,0.71,3
2024-10-22,David Foster,James Harford,w1 james harford,1828,W1,0.5,1616,2.65,0.2,3.5
2024-10-29,David Foster,Paul Thomas,w1 paul thomas,1602,W1,1,1632,3.13,0.48,4.5
2024-11-12,David Foster,Cain Francis,w1 cain francis,1400,W1,1,1639,3.88,0.75,5.5
2024-11-15,David Foster,Carl Halpin,w1 carl halpin,1616,W1,0,1625,4.34,0.46,5.5
2024-11-16,David Foster,Wayne Holland,e1 wayne holland,1478,E1,1,1636,5,0.66,6.5
2024-11-16,David Foster,Jack Bull,g1 jack bull,1546,G1,0,1619,5.56,0.56,6.5
2024-11-17,David Foster,Andrew Burton,NA,1310,Est,0.5,1609,6.39,0.83,7
2024-11-17,David Foster,Thomas Macdonald-Wright,w1 thomas macdonald-wright,1350,W1,0.5,1600,7.19,0.8,7.5
2024-11-26,David Foster,Leon Vincent,w1 leon vincent,1486,W1,0.5,1595,7.84,0.65,8
2024-11-29,David Foster,Tony Goodchild,w1 tony goodchild,1465,W1,0,1575,8.51,0.67,8
2024-12-06,David Foster,Advik Samiaiya,w1 advik samiaiya,1387,W1,0.5,1567,9.27,0.76,8.5
2024-07-22,Sam White,Mike White,e1 mike white,1403,E1,1,1599,0.75,0.75,1
2024-08-05,Sam White,Dave Parsons,e1 dave parsons,1824,E1,0,1592,0.96,0.21,1
2024-08-19,Sam White,Dave Mahoney,e1 dave mahoney,1355,E1,1,1599,1.76,0.8,2
2024-09-17,Sam White,Constantine Popov,e1 constantine popov,1431,E1,0.5,1592,2.48,0.72,2.5
2024-10-07,Sam White,Sergio Esteves,e1 sergio esteves,1743,E1,0,1583,2.77,0.29,2.5
2024-10-22,Sam White,James Williams,e1 james williams,1532,E1,0,1566,3.35,0.58,2.5
2024-11-19,Sam White,Lucas Zheng,e1 lucas zheng,1709,E1,1,1586,3.69,0.34,3.5
2024-12-02,Sam White,Wayne Holland,e1 wayne holland,1478,E1,0.5,1581,4.35,0.66,4
2024-12-16,Sam White,Bob Hurn,e1 bob hurn,1731,E1,0.5,1587,4.66,0.31,4.5
2024-10-28,Julie Ward,Kevin Heady,d1 kevin heady,1680,D1,0,1579,0.37,0.37,0
2024-12-10,Julie Ward,Michael Edwards,d1 michael edwards,1650,D1,0,1566,0.78,0.41,0
2024-06-17,Wiliam Francis,Sulaiman Nasir,w1 sulaiman nasir,1543,W1,0,1572,0.57,0.57,0
2024-07-05,Wiliam Francis,Lynda Smith,g1 lynda smith,1886,G1,0,1567,0.72,0.15,0
2024-07-06,Wiliam Francis,McKenzie Archibald,w1 mckenzie archibald,1707,W1,0,1557,1.06,0.34,0
2024-07-07,Wiliam Francis,Mark Emblem,g1 mark emblem,1572,G1,0,1542,1.58,0.52,0
2024-07-07,Wiliam Francis,Ron Williams,g1 ron williams,1649,G1,1,1559,1.99,0.41,1
2024-07-08,Wiliam Francis,Justin Morgans,e1 justin morgans,1806,E1,0.5,1567,2.21,0.22,1.5
2024-07-09,Wiliam Francis,Paul Chantrell,NA,1861,ENG,0,1562,2.38,0.17,1.5
2024-07-09,Wiliam Francis,Joshua McKenna,e1 joshua mckenna,1926,E1,0,1559,2.51,0.13,1.5
2024-07-10,Wiliam Francis,Paul Moulson,g1 paul moulson,1644,G1,0,1546,2.93,0.42,1.5
2024-09-10,Wiliam Francis,Mike Richards,w1 mike richards,1548,W1,0.5,1544,3.49,0.56,2
2024-09-14,Wiliam Francis,Emyr-Wyn Francis,w1 emyr-wyn francis,1350,W1,1,1550,4.29,0.8,3
2024-09-14,Wiliam Francis,Adam Sarwar,e1 adam sarwar,1680,E1,0.5,1554,4.66,0.37,3.5
2024-09-15,Wiliam Francis,David Belochkin,e1 david belochkin,1535,E1,0,1537,5.24,0.58,3.5
2024-09-15,Wiliam Francis,Andrei Zhuravlev,e1 andrei zhuravlev,1484,E1,0,1517,5.89,0.65,3.5
2024-09-23,Wiliam Francis,Neil Stuart,w1 neil stuart,1727,W1,0.5,1523,6.2,0.31,4
2024-10-01,Wiliam Francis,June Evans,w1 june evans,1355,W1,1,1529,6.99,0.79,5
2024-10-08,Wiliam Francis,Ralph Cook,w1 ralph cook,1676,W1,0,1518,7.37,0.38,5
2024-10-13,Wiliam Francis,Chris Daniel,w1 chris daniel,1752,W1,0,1509,7.65,0.28,5
2024-10-15,Wiliam Francis,Ian Phillips,w1 ian phillips,1421,W1,0.5,1503,8.37,0.72,5.5
2024-10-22,Wiliam Francis,Jordan Heatman,w1 jordan heatman,1653,W1,0,1490,8.78,0.41,5.5
2024-11-05,Wiliam Francis,Jordan Heatman,w1 jordan heatman,1653,W1,0,1478,9.19,0.41,5.5
2024-11-08,Wiliam Francis,Tony Goodchild,w1 tony goodchild,1465,W1,1,1488,9.86,0.67,6.5
2024-11-12,Wiliam Francis,Matthew Billington,w1 matthew billington,1656,W1,0,1476,10.26,0.4,6.5
2024-11-15,Wiliam Francis,Emyr-Wyn Francis,w1 emyr-wyn francis,1350,W1,1,1482,11.06,0.8,7.5
2024-11-16,Wiliam Francis,David Belochkin,e1 david belochkin,1535,E1,0,1465,11.64,0.58,7.5
2024-11-17,Wiliam Francis,James Choung,e1 james choung,1364,E1,0.5,1456,12.43,0.79,8
2024-11-17,Wiliam Francis,Claire Gorman,w1 claire gorman,1489,W1,1,1467,13.07,0.64,9
2024-11-19,Wiliam Francis,June Evans,w1 june evans,1355,W1,1,1473,13.86,0.79,10
2024-11-27,Wiliam Francis,Tony Williams,w1 tony williams,1408,W1,1,1481,14.6,0.74,11
2024-12-04,Wiliam Francis,Guto Llywelyn,w1 guto llywelyn,1589,W1,0,1466,15.1,0.5,11
2024-12-11,Wiliam Francis,Spencer Ripley,w1 spencer ripley,1488,W1,1,1477,15.74,0.64,12
2024-09-16,Guto Llywelyn,Paul Bevan,w1 paul bevan,1510,W1,1,1601,0.61,0.61,1
2024-10-02,Guto Llywelyn,Carl Halpin,w1 carl halpin,1616,W1,1,1617,1.07,0.46,2
2024-10-09,Guto Llywelyn,Janet Evans,w1 janet evans,1340,W1,1,1623,1.88,0.81,3
2024-10-23,Guto Llywelyn,Jonathan Baker,w1 jonathan baker,1612,W1,1,1639,2.35,0.47,4
2024-11-12,Guto Llywelyn,Carl Halpin,w1 carl halpin,1616,W1,0.5,1640,2.81,0.46,4.5
2024-11-25,Guto Llywelyn,Daniel Attrill,w1 daniel attrill,1425,W1,1,1648,3.53,0.72,5.5
2024-12-04,Guto Llywelyn,Wiliam Francis,w1 wiliam francis,1589,W1,1,1663,4.03,0.5,6.5
2024-12-11,Guto Llywelyn,Jeff Boyce,w1 jeff boyce,1530,W1,1,1676,4.61,0.58,7.5
2024-09-09,Adam Christopher,Erion Pici,e1 erion pici,1559,E1,0,1572,0.54,0.54,0
2024-11-04,Adam Christopher,Martin Blackman-Siegler,e1 martin blackman-siegler,1637,E1,1,1589,0.97,0.43,1
2024-08-17,Kevin Lambert,Shaun Walsh,NA,1578,ENG,0.5,1587,0.51,0.51,0.5
2024-08-17,Kevin Lambert,Dillon Harle,NA,1458,ENG,1,1596,1.19,0.68,1.5
2024-08-18,Kevin Lambert,Naveen Daniel George,NA,1534,FIDE,0.5,1594,1.77,0.58,2
2024-08-18,Kevin Lambert,Adam Sarwar,e1 adam sarwar,1680,E1,0,1583,2.14,0.37,2
2024-10-02,Kevin Lambert,James Richards,g1 james richards,1545,G1,0,1566,2.7,0.56,2
2024-11-08,Kevin Lambert,Paul E Wood,NA,1810,ENG,0,1560,2.92,0.22,2
2024-11-09,Kevin Lambert,Christine F Constable,NA,1679,ENG,0,1549,3.29,0.37,2
2024-11-09,Kevin Lambert,Joy P Fursman,NA,1707,ENG,1,1568,3.62,0.33,3
2024-11-10,Kevin Lambert,Michael D Plumb,NA,1798,ENG,0.5,1577,3.85,0.23,3.5
2024-11-18,Kevin Lambert,Jack Bull,g1 jack bull,1546,G1,1,1590,4.41,0.56,4.5
2024-12-09,Kevin Lambert,Mark Emblem,g1 mark emblem,1572,G1,1,1604,4.93,0.52,5.5
2024-11-20,Ben Tucker,Lucas James,g1 lucas james,1729,G1,0,1578,0.31,0.31,0
2024-12-18,Ben Tucker,Dakota Samson,g1 dakota samson,1550,G1,1,1591,0.86,0.55,1
2024-09-25,Ezala Beni,Liam Powell-Jones,g1 liam powell-jones,1686,G1,0,1575,0.36,0.36,0
2024-09-17,Elliot Chapman,Ben Rowlands,w1 ben rowlands,1671,W1,0.5,1590,0.38,0.38,0.5
2024-09-18,Elliot Chapman,John Williams (W),w1 john williams (w),1358,W1,1,1596,1.17,0.79,1.5
2024-10-02,Elliot Chapman,Farouq Nasir,w1 farouq nasir,1654,W1,0,1584,1.57,0.4,1.5
2024-11-19,Elliot Chapman,Carl Halpin,w1 carl halpin,1616,W1,1,1600,2.03,0.46,2.5
2024-11-20,Elliot Chapman,Derek Bellamy,w1 derek bellamy,1500,W1,0,1582,2.65,0.62,2.5
2024-11-27,Elliot Chapman,Danny Ashburner,w1 danny ashburner,1790,W1,1,1604,2.89,0.24,3.5
2024-11-19,Bob Stanworth,Joshua Colcombe,g1 joshua colcombe,1561,G1,1,1598,0.53,0.53,1
2024-12-17,Bob Stanworth,Lucio Nocivelli,g1 lucio nocivelli,1429,G1,0,1577,1.24,0.71,1
2024-07-16,Andrew Evans,Charlie Cooper,g1 charlie cooper,1412,G1,1,1585,0.72,0.72,1
2024-09-17,Andrew Evans,Adam Cooper,g1 adam cooper,1346,G1,0,1562,1.51,0.79,1
2024-10-02,Andrew Evans,Matthew Davies (Aber),g1 matthew davies (aber),1528,G1,0.5,1560,2.08,0.57,1.5
2024-10-16,Andrew Evans,Ben Richards,g1 ben richards,1599,G1,1,1575,2.55,0.47,2.5
2024-11-05,Andrew Evans,Lyn Holland,g1 lyn holland,1547,G1,0.5,1574,3.09,0.54,3
2024-11-13,Andrew Evans,Ben Richards,g1 ben richards,1599,G1,0,1560,3.56,0.47,3
2024-11-20,Andrew Evans,Andrew Balfe,g1 andrew balfe,1606,G1,1,1576,4.02,0.46,4
2024-12-09,Andrew Evans,Jack Bull,g1 jack bull,1546,G1,1,1590,4.56,0.54,5
2024-07-05,Gareth Richards,Hugo Fowler,g1 hugo fowler,2116,G1,0,1571,0.1,0.1,0
2024-07-05,Gareth Richards,Roy Thomas,e1 roy thomas,1840,E1,0.5,1581,0.28,0.18,0.5
2024-07-06,Gareth Richards,Anay Agarwal,NA,1743,ENG,0,1572,0.55,0.27,0.5
2024-07-07,Gareth Richards,Justin Morgans,e1 justin morgans,1806,E1,0,1566,0.76,0.21,0.5
2024-07-07,Gareth Richards,Liam Powell-Jones,g1 liam powell-jones,1686,G1,1,1586,1.1,0.34,1.5
2024-07-08,Gareth Richards,Duncan MacDonald,e1 duncan macdonald,2007,E1,0,1583,1.2,0.1,1.5
2024-07-09,Gareth Richards,Tomos Francis,w1 tomos francis,1316,W1,1,1588,2.02,0.82,2.5
2024-07-09,Gareth Richards,Matthew R Wilson,NA,1904,ENG,0.5,1599,2.15,0.13,3
2024-07-10,Gareth Richards,Joshua Richards,w1 joshua richards,1762,W1,0,1592,2.4,0.25,3
2024-08-17,Gareth Richards,Stephen J Homer,NA,2080,ENG,0,1589,2.5,0.1,3
2024-08-18,Gareth Richards,Stephen J Meek,NA,2105,ENG,0,1586,2.6,0.1,3
2024-08-18,Gareth Richards,Sam Jukes,e1 sam jukes,1993,E1,0,1583,2.7,0.1,3
2024-09-03,Gareth Richards,Wayne Holland,e1 wayne holland,1478,E1,1,1594,3.33,0.63,4
2024-09-14,Gareth Richards,Steve Jones,e1 steve jones,1784,E1,0,1587,3.56,0.23,4
2024-09-14,Gareth Richards,Vismith Prabhu,w1 vismith prabhu,1703,W1,0,1577,3.88,0.32,4
2024-09-14,Gareth Richards,Eron Latif,e1 eron latif,1310,E1,0,1553,4.7,0.82,4
2024-09-15,Gareth Richards,Bob Hurn,e1 bob hurn,1731,E1,0.5,1559,4.99,0.29,4.5
2024-09-17,Gareth Richards,Adam Bees,e1 adam bees,1488,E1,1,1570,5.61,0.62,5.5
2024-10-07,Gareth Richards,Suraj Prabhu,e1 suraj prabhu,1727,E1,1,1592,5.9,0.29,6.5
2024-10-16,Gareth Richards,Zack Wilkins,e1 zack wilkins,1676,E1,0,1581,6.26,0.36,6.5
2024-10-22,Gareth Richards,Peter Watkins,e1 peter watkins,1565,E1,0.5,1580,6.77,0.51,7
2024-10-29,Gareth Richards,Lucas Zheng,e1 lucas zheng,1709,E1,0,1571,7.08,0.31,7
2024-11-05,Gareth Richards,Adam Sarwar,e1 adam sarwar,1680,E1,1,1590,7.43,0.35,8
2024-11-15,Gareth Richards,Chris Thompson,g1 chris thompson,1338,G1,1,1597,8.23,0.8,9
2024-11-16,Gareth Richards,Thomas Macdonald-Wright,w1 thomas macdonald-wright,1350,W1,1,1603,9.01,0.78,10
2024-11-16,Gareth Richards,Adam Sarwar,e1 adam sarwar,1680,E1,1,1623,9.36,0.35,11
2024-11-17,Gareth Richards,Leon Vincent,w1 leon vincent,1486,W1,1,1634,9.98,0.62,12
2024-11-17,Gareth Richards,Jordan Heatman,w1 jordan heatman,1653,W1,0,1622,10.37,0.39,12
2024-11-19,Gareth Richards,Adam Sarwar,e1 adam sarwar,1680,E1,1,1642,10.72,0.35,13
2024-12-09,Gareth Richards,Yusuf Sulemani,e1 yusuf sulemani,1700,E1,0,1632,11.05,0.33,13
2024-07-09,Mark Emblem,Ron Williams,g1 ron williams,1649,G1,0,1560,0.39,0.39,0
2024-07-05,Mark Emblem,Michael Binks,e1 michael binks,1994,E1,0,1557,0.49,0.1,0
2024-07-05,Mark Emblem,Guy Wagner,e1 guy wagner,1904,E1,0,1553,0.62,0.13,0
2024-07-06,Mark Emblem,Justin Morgans,e1 justin morgans,1806,E1,0.5,1562,0.83,0.21,0.5
2024-07-07,Mark Emblem,Wiliam Francis,w1 wiliam francis,1589,W1,1,1578,1.31,0.48,1.5
2024-07-07,Mark Emblem,Roy Thomas,e1 roy thomas,1840,E1,0,1573,1.49,0.18,1.5
2024-07-08,Mark Emblem,Anay Agarwal,NA,1801,FIDE,0,1566,1.7,0.21,1.5
2024-07-09,Mark Emblem,Thomas Nalej,e1 thomas nalej,1455,E1,0.5,1561,2.36,0.66,2
2024-07-10,Mark Emblem,Tomos Francis,w1 tomos francis,1316,W1,1,1567,3.17,0.81,3
2024-08-18,Mark Emblem,Lyn Holland,g1 lyn holland,1547,G1,1,1581,3.71,0.54,4
2024-08-16,Mark Emblem,Kevin Thomas,g1 kevin thomas,1800,G1,0,1575,3.92,0.21,4
2024-08-17,Mark Emblem,Oliver Bain,NA,1753,ENG,0.5,1582,4.18,0.26,4.5
2024-08-17,Mark Emblem,Jeremy Ryan,e1 jeremy ryan,1758,E1,0,1574,4.44,0.26,4.5
2024-08-18,Mark Emblem,Jeremy Jones,e1 jeremy jones,1596,E1,0.5,1575,4.91,0.47,5
2024-10-14,Mark Emblem,Gee Garel,g1 gee garel,1395,G1,0,1553,5.64,0.73,5
2024-10-28,Mark Emblem,Jack Bull,g1 jack bull,1546,G1,1,1567,6.18,0.54,6
2024-12-09,Mark Emblem,Kevin Lambert,g1 kevin lambert,1587,G1,0,1553,6.66,0.48,6
2024-07-22,Robert Wallace,Andrew Jeanes,e1 andrew jeanes,1713,E1,0,1563,0.31,0.31,0
2024-08-05,Robert Wallace,Andrew Price,e1 andrew price,1500,E1,1,1575,0.91,0.6,1
2024-08-12,Robert Wallace,Daniel Wilmot,e1 daniel wilmot,1968,E1,0,1572,1.01,0.1,1
2024-08-19,Robert Wallace,Mark Chinnick,e1 mark chinnick,1540,E1,0,1555,1.56,0.55,1
2024-09-09,Robert Wallace,Kevin Stephens,e1 kevin stephens,1683,E1,0,1545,1.91,0.35,1
2024-09-10,Robert Wallace,Tim Whitchurch,e1 tim whitchurch,1568,E1,0,1530,2.42,0.51,1
2024-09-16,Robert Wallace,Adam Bees,e1 adam bees,1488,E1,0,1511,3.04,0.62,1
2024-09-30,Robert Wallace,Antony Phillips,e1 antony phillips,1310,E1,1,1517,3.86,0.82,2
2024-10-07,Robert Wallace,Peter Watkins,e1 peter watkins,1565,E1,1,1531,4.37,0.51,3
2024-11-25,Robert Wallace,Erion Pici,e1 erion pici,1559,E1,0.5,1531,4.89,0.52,3.5
2024-12-03,Robert Wallace,Adam Sarwar,e1 adam sarwar,1680,E1,0,1520,5.24,0.35,3.5
2024-12-12,Robert Wallace,Govind Anandkumar,e1 govind anandkumar,1719,E1,1,1541,5.54,0.3,4.5
2024-09-09,Louis Bathein,John Ward,w1 john ward,1327,W1,0,1547,0.8,0.8,0
2024-09-18,Louis Bathein,Aaron Davies,w1 aaron davies,1530,W1,0,1530,1.36,0.56,0
2024-10-02,Louis Bathein,Tony Williams,w1 tony williams,1408,W1,1,1539,2.08,0.72,1
2024-10-09,Louis Bathein,June Evans,w1 june evans,1355,W1,1,1545,2.86,0.78,2
2024-10-22,Louis Bathein,Glyn Hill,w1 glyn hill,1449,W1,0.5,1540,3.53,0.67,2.5
2024-10-29,Louis Bathein,Edward Levy,w1 edward levy,1310,W1,1,1546,4.35,0.82,3.5
2024-11-05,Louis Bathein,Andrew Powell,w1 andrew powell,1460,W1,1,1556,5,0.65,4.5
2024-11-26,Louis Bathein,Joic Majo,w1 joic majo,1454,W1,0,1536,5.66,0.66,4.5
2024-12-03,Louis Bathein,Tony Goodchild,w1 tony goodchild,1465,W1,0,1517,6.31,0.65,4.5
2024-12-17,Louis Bathein,Nick Hale,w1 nick hale,1484,W1,1,1528,6.93,0.62,5.5
2024-08-16,Reuben Hilliar,Sam Rhydderch,e1 sam rhydderch,1403,E1,1,1579,0.72,0.72,1
2024-08-17,Reuben Hilliar,Wayne Holland,e1 wayne holland,1478,E1,1,1590,1.35,0.63,2
2024-08-17,Reuben Hilliar,Robert Muza,g1 robert muza,1649,G1,1,1609,1.74,0.39,3
2024-08-18,Reuben Hilliar,Anthony Tatam,NA,1691,ENG,1,1629,2.07,0.33,4
2024-08-18,Reuben Hilliar,Jack Bull,g1 jack bull,1546,G1,1,1643,2.61,0.54,5
2024-09-11,Reuben Hilliar,Andy Basford,e1 andy basford,1629,E1,0,1630,3.03,0.42,5
2024-09-02,Stuart Enoch,Andrew Jeanes,e1 andrew jeanes,1713,E1,0,1560,0.3,0.3,0
2024-09-18,Stuart Enoch,Steffan Mon,e1 steffan mon,1672,E1,1,1579,0.66,0.36,1
2024-09-30,Stuart Enoch,Ian Abraham,e1 ian abraham,1772,E1,0,1572,0.9,0.24,1
2024-10-13,Stuart Enoch,Constantine Popov,e1 constantine popov,1431,E1,1,1581,1.59,0.69,2
2024-10-29,Stuart Enoch,Jeremy Jones,e1 jeremy jones,1596,E1,0,1568,2.05,0.46,2
2024-12-04,Stuart Enoch,Leon Jansen van Rensburg,e1 leon jansen van rensburg,1758,E1,0,1560,2.3,0.25,2
2024-12-11,Stuart Enoch,Sam Jones,e1 sam jones,1400,E1,1,1568,3.03,0.73,3
2024-12-17,Stuart Enoch,Peter Slater,e1 peter slater,1746,E1,0,1560,3.3,0.27,3
2024-07-02,Emrys Scott-Jones,Raga Sreya Mandadapu,e1 raga sreya mandadapu,1332,E1,0,1544,0.8,0.8,0
2024-07-09,Emrys Scott-Jones,Lucas Zheng,e1 lucas zheng,1709,E1,0,1535,1.11,0.31,0
2024-07-16,Emrys Scott-Jones,Mark Reckless,e1 mark reckless,1566,E1,0,1520,1.61,0.5,0
2024-09-10,Tim Whitchurch,Robert Wallace,e1 robert wallace,1572,E1,1,1583,0.49,0.49,1
2024-09-24,Tim Whitchurch,Gruffydd Chwieseni,e1 gruffydd chwieseni,1310,E1,1,1589,1.31,0.82,2
2024-10-16,Tim Whitchurch,Andrei Zhuravlev,e1 andrei zhuravlev,1484,E1,1,1600,1.93,0.62,3
2024-11-05,Tim Whitchurch,Raman Rajoram,e1 raman rajoram,1398,E1,0.5,1593,2.66,0.73,3.5
2024-12-03,Tim Whitchurch,Lucas Zheng,e1 lucas zheng,1709,E1,0,1584,2.97,0.31,3.5
2024-07-02,Mark Reckless,Lucas Zheng,e1 lucas zheng,1709,E1,0.5,1572,0.31,0.31,0.5
2024-07-09,Mark Reckless,Otto Bartlett-Davis,e1 otto bartlett-davis,1386,E1,0,1550,1.05,0.74,0.5
2024-07-16,Mark Reckless,Emrys Scott-Jones,e1 emrys scott-jones,1568,E1,1,1565,1.55,0.5,1.5
2024-08-16,Mark Reckless,Wayne Holland,e1 wayne holland,1478,E1,0,1546,2.17,0.62,1.5
2024-08-17,Mark Reckless,Sam Rhydderch,e1 sam rhydderch,1403,E1,0.5,1540,2.89,0.72,2
2024-08-17,Mark Reckless,Noah Pynn,NA,1310,EST,1,1545,3.7,0.81,3
2024-08-18,Mark Reckless,Dillon Harle,NA,1481,EST,1,1557,4.32,0.62,4
2024-12-17,Mark Reckless,Patrick Civil,e1 patrick civil,1442,E1,0,1536,4.99,0.67,4
2024-07-08,Peter Watkins,Dave Mahoney,e1 dave mahoney,1355,E1,1,1572,0.77,0.77,1
2024-07-22,Peter Watkins,Erion Pici,e1 erion pici,1559,E1,0,1557,1.28,0.51,1
2024-08-05,Peter Watkins,John Ryles,e1 john ryles,1650,E1,0.5,1560,1.66,0.38,1.5
2024-08-19,Peter Watkins,Mike Gale,e1 mike gale,1787,E1,0,1554,1.88,0.22,1.5
2024-09-02,Peter Watkins,Steve Jones,e1 steve jones,1784,E1,0,1547,2.1,0.22,1.5
2024-09-17,Peter Watkins,Otto Bartlett-Davis,e1 otto bartlett-davis,1386,E1,0,1525,2.84,0.74,1.5
2024-10-07,Peter Watkins,Robert Wallace,e1 robert wallace,1572,E1,0,1510,3.33,0.49,1.5
2024-10-22,Peter Watkins,Gareth Richards,e1 gareth richards,1574,E1,0.5,1511,3.82,0.49,2
2024-11-25,Peter Watkins,Mark Chinnick,e1 mark chinnick,1540,E1,0.5,1510,4.36,0.54,2.5
2024-12-02,Peter Watkins,Joshua Phillips,e1 joshua phillips,1310,E1,1,1515,5.17,0.81,3.5
2024-12-10,Ray Greenwood,Jack Poole,d1 jack poole,1310,D1,0,1539,0.81,0.81,0
2024-07-16,Mike Stannard,John A WIlliams,g1 john a williams,1773,G1,0,1555,0.23,0.23,0
2024-08-06,Mike Stannard,Steve Williams (Cwm),g1 steve williams (cwm),1698,G1,0,1546,0.54,0.31,0
2024-08-18,Mike Stannard,Bjorn Oliver,g1 bjorn oliver,1604,G1,1,1563,0.98,0.44,1
2024-08-18,Mike Stannard,Joshua Colcombe,g1 joshua colcombe,1561,G1,0,1547,1.48,0.5,1
2024-08-16,Mike Stannard,Bronwen Tuson,d1 bronwen tuson,1450,D1,0.5,1543,2.14,0.66,1.5
2024-08-17,Mike Stannard,Noah Pynn,g1 noah pynn,1350,G1,1,1550,2.91,0.77,2.5
2024-08-17,Mike Stannard,Lucas Zheng,e1 lucas zheng,1709,E1,0.5,1556,3.21,0.3,3
2024-09-03,Mike Stannard,Joshua Colcombe,g1 joshua colcombe,1561,G1,0,1541,3.71,0.5,3
2024-09-23,Mike Stannard,Martin Ilett,e1 martin ilett,1631,E1,1,1559,4.11,0.4,4
2024-10-01,Mike Stannard,Ben Richards,g1 ben richards,1599,G1,0,1545,4.56,0.45,4
2024-10-30,Mike Stannard,Dave Hurst,g1 dave hurst,1449,G1,1,1555,5.22,0.66,5
2024-11-13,Mike Stannard,Yusuf Sulemani,e1 yusuf sulemani,1700,E1,0.5,1561,5.53,0.31,5.5
2024-11-19,Mike Stannard,Mike Diamond,g1 mike diamond,1501,G1,1,1573,6.12,0.59,6.5
2024-12-03,Mike Stannard,Chris Thompson,g1 chris thompson,1338,G1,1,1580,6.9,0.78,7.5
2024-12-11,Mike Stannard,Lyn Holland,g1 lyn holland,1547,G1,0,1564,7.42,0.52,7.5
2024-07-16,Joshua Colcombe,Jim Sadler,g1 jim sadler,1509,G1,0,1544,0.57,0.57,0
2024-08-06,Joshua Colcombe,John A Williams,g1 john a williams,1773,G1,0.5,1552,0.8,0.23,0.5
2024-08-17,Joshua Colcombe,Robert Muza,g1 robert muza,1649,G1,0,1541,1.18,0.38,0.5
2024-08-16,Joshua Colcombe,Devanshu Srivastava,NA,1400,Est,1,1549,1.9,0.72,1.5
2024-08-17,Joshua Colcombe,Chris Thompson,g1 chris thompson,1338,G1,1,1556,2.68,0.78,2.5
2024-08-18,Joshua Colcombe,Mike Stannard,g1 mike stannard,1562,G1,1,1571,3.18,0.5,3.5
2024-08-18,Joshua Colcombe,Naveen Daniel George,NA,1534,FIDE,0,1555,3.72,0.54,3.5
2024-09-03,Joshua Colcombe,Mike Stannard,g1 mike stannard,1562,G1,1,1570,4.22,0.5,4.5
2024-09-15,Joshua Colcombe,John A WIlliams,g1 john a williams,1773,G1,0,1563,4.45,0.23,4.5
2024-09-14,Joshua Colcombe,Constantine Popov,e1 constantine popov,1431,E1,0,1542,5.13,0.68,4.5
2024-09-14,Joshua Colcombe,Emyr-Wyn Francis,w1 emyr-wyn francis,1350,W1,1,1549,5.9,0.77,5.5
2024-09-14,Joshua Colcombe,Adam Sarwar,e1 adam sarwar,1680,E1,1,1569,6.24,0.34,6.5
2024-09-15,Joshua Colcombe,Wayne Holland,e1 wayne holland,1478,E1,0,1551,6.86,0.62,6.5
2024-10-01,Joshua Colcombe,Dakota Samson,g1 dakota samson,1550,G1,1,1565,7.38,0.52,7.5
2024-10-15,Joshua Colcombe,Zane Allford,g1 zane allford,1847,G1,0,1560,7.54,0.16,7.5
2024-10-30,Joshua Colcombe,Charlie Gibson,g1 charlie gibson,1536,G1,1,1574,8.08,0.54,8.5
2024-11-05,Joshua Colcombe,Tomas Forsey,g1 tomas forsey,1713,G1,1,1595,8.37,0.29,9.5
2024-11-06,Joshua Colcombe,Robert Muza,g1 robert muza,1649,G1,1,1614,8.75,0.38,10.5
2024-11-19,Joshua Colcombe,Bob Stanworth,g1 bob stanworth,1584,G1,0,1600,9.22,0.47,10.5
2024-09-24,David Jones,Rhodri Chwieseni,e1 rhodri chwieseni,1310,E1,1,1566,0.81,0.81,1
2024-12-03,David Jones,Constantine Popov,e1 constantine popov,1431,E1,0,1545,1.49,0.68,1
2024-07-08,Erion Pici,Phil Jones,e1 phil jones,1529,E1,0.5,1558,0.54,0.54,0.5
2024-07-22,Erion Pici,Peter Watkins,e1 peter watkins,1565,E1,1,1573,1.03,0.49,1.5
2024-08-05,Erion Pici,Martin Ilett,e1 martin ilett,1631,E1,0,1561,1.43,0.4,1.5
2024-09-09,Erion Pici,Adam Christopher,e1 adam christopher,1588,E1,1,1577,1.89,0.46,2.5
2024-09-23,Erion Pici,Martin Blackman-Siegler,e1 martin blackman-siegler,1637,E1,0,1566,2.28,0.39,2.5
2024-11-04,Erion Pici,Jacob Harris,e1 jacob harris,1500,E1,1,1578,2.86,0.58,3.5
2024-11-11,Erion Pici,Anshul Swamy,e1 anshul swamy,1636,E1,1,1596,3.25,0.39,4.5
2024-11-25,Erion Pici,Robert Wallace,e1 robert wallace,1572,E1,0.5,1597,3.73,0.48,5
2024-10-28,Peter Evans,Mark Reynolds,d1 mark reynolds,1529,D1,1,1571,0.54,0.54,1
2024-12-10,Peter Evans,Kevin Heady,d1 kevin heady,1680,D1,0,1561,0.87,0.33,1
2024-10-01,David Battell,Spencer Ripley,w1 spencer ripley,1488,W1,1,1563,0.59,0.59,1
2024-10-15,David Battell,Blake Stone,w1 blake stone,1732,W1,0,1555,0.85,0.26,1
2024-10-22,David Battell,Martyn Griffiths,w1 martyn griffiths,1809,W1,0,1550,1.03,0.18,1
2024-11-05,David Battell,Anthony Beck,w1 anthony beck,1730,W1,1,1572,1.29,0.26,2
2024-11-19,David Battell,Greg Goold,w1 greg goold,1482,W1,1,1584,1.89,0.6,3
2024-10-23,Robert G Hill,Paul Greenway,NA,1668,ENG,1,1570,0.34,0.34,1
2024-10-30,Robert G Hill,Richard Owens,n1 richard owens,1750,N1,0,1563,0.58,0.24,1
2024-11-06,Robert G Hill,Steve Richards,n1 steve richards,1769,N1,0.5,1571,0.8,0.22,1.5
2024-11-13,Robert G Hill,Mark Thomas (N),n1 mark thomas (n),1831,N1,1,1596,0.97,0.17,2.5
2024-11-27,Robert G Hill,Haydn Parry,n1 haydn parry,1852,N1,0,1592,1.12,0.15,2.5
2024-11-28,Robert G Hill,Gareth Ellis,n1 gareth ellis,1935,N1,0,1589,1.22,0.1,2.5
2024-12-02,Robert G Hill,Charlie Ren,NA,1545,ENG,1,1603,1.73,0.51,3.5
2024-12-04,Robert G Hill,Richard Owens,n1 richard owens,1750,N1,0,1596,1.97,0.24,3.5
2024-12-09,Robert G Hill,Robert McClennan,NA,1738,ENG,0.5,1604,2.22,0.25,4
2024-10-23,Andrew Johnson,Paul Mills,g1 paul mills,1771,G1,1,1573,0.22,0.22,1
2024-11-06,Andrew Johnson,Paul Scott,g1 paul scott,1782,G1,1,1597,0.43,0.21,2
2024-10-01,Dakota Samson,Joshua Colcombe,g1 joshua colcombe,1561,G1,0,1535,0.48,0.48,0
2024-10-14,Dakota Samson,Samson Muputa,g1 samson muputa,1412,G1,1,1545,1.17,0.69,1
2024-10-23,Dakota Samson,Gee Garel,g1 gee garel,1395,G1,0,1524,1.88,0.71,1
2024-10-28,Dakota Samson,Ron Williams,g1 ron williams,1649,G1,0,1513,2.24,0.36,1
2024-11-18,Dakota Samson,Paul Scott,g1 paul scott,1782,G1,0,1506,2.45,0.21,1
2024-12-09,Dakota Samson,John A Williams,g1 john a williams,1773,G1,0,1500,2.67,0.22,1
2024-12-18,Dakota Samson,Ben Tucker,g1 ben tucker,1587,G1,0,1487,3.12,0.45,1
2024-09-24,Matt Straiton,James Williams,e1 james williams,1532,E1,1,1564,0.53,0.53,1
2024-10-07,Matt Straiton,Gruffydd Chwieseni,e1 gruffydd chwieseni,1310,E1,1,1570,1.33,0.8,2
2024-10-14,Matt Straiton,Kevin Stephens,e1 kevin stephens,1683,E1,0,1561,1.65,0.32,2
2024-10-21,Matt Straiton,Patrick Civil,e1 patrick civil,1442,E1,1,1571,2.3,0.65,3
2024-11-25,Matt Straiton,Louise Davies,e1 louise davies,1537,E1,1,1586,2.82,0.52,4
2024-12-02,Matt Straiton,Simon Blackmore,e1 simon blackmore,1724,E1,0,1578,3.09,0.27,4
2024-12-09,Matt Straiton,Ian Abraham,e1 ian abraham,1772,E1,0,1571,3.31,0.22,4
2024-12-17,Matt Straiton,Csege Hanczar,e1 csege hanczar,1619,E1,0.5,1574,3.71,0.4,4.5
2024-12-05,James Will,Finn Pritchard,n1 finn pritchard,1634,N1,0,1539,0.38,0.38,0
2024-10-14,Bob Wiltshire,Robert Muza,g1 robert muza,1649,G1,0,1539,0.36,0.36,0
2024-10-23,Bob Wiltshire,Liam Powell-Jones,g1 liam powell-jones,1686,G1,0,1530,0.67,0.31,0
2024-10-28,Bob Wiltshire,David Norris,g1 david norris,1603,G1,0.5,1532,1.09,0.42,0.5
2024-11-18,Bob Wiltshire,Chris Morgan,g1 chris morgan,1785,G1,0,1526,1.3,0.21,0.5
2024-12-09,Bob Wiltshire,Steve Williams (Cwm),g1 steve williams (cwm),1698,G1,0.5,1532,1.6,0.3,1
2024-12-18,Bob Wiltshire,Robert Muza,g1 robert muza,1649,G1,1,1551,1.96,0.36,2
2024-09-10,Mike Richards,Wiliam Francis,w1 wiliam francis,1589,W1,0.5,1550,0.44,0.44,0.5
2024-09-16,Mike Richards,James Harford,w1 james harford,1828,W1,0,1545,0.61,0.17,0.5
2024-09-18,Mike Richards,Carl Halpin,w1 carl halpin,1616,W1,0.5,1548,1.01,0.4,1
2024-09-25,Mike Richards,Spencer Ripley,w1 spencer ripley,1488,W1,0,1530,1.6,0.59,1
2024-09-30,Mike Richards,Sam Brown,w1 sam brown,1628,W1,0,1518,1.99,0.39,1
2024-10-23,Mike Richards,Joe Rogers,w1 joe rogers,1467,W1,0.5,1515,2.6,0.61,1.5
2024-10-30,Mike Richards,Farouq Nasir,w1 farouq nasir,1654,W1,0,1505,2.95,0.35,1.5
2024-11-20,Mike Richards,Janet Evans,w1 janet evans,1340,W1,1,1511,3.72,0.77,2.5
2024-11-27,Mike Richards,John Davies,w1 john davies,1521,W1,0.5,1510,4.26,0.54,3
2024-08-16,Lyn Holland,Jack Hannigan,e1 jack hannigan,1650,E1,0,1536,0.36,0.36,0
2024-08-17,Lyn Holland,Daniel Shek,NA,1989,ENG,0,1533,0.46,0.1,0
2024-08-17,Lyn Holland,James Williams,e1 james williams,1532,E1,0,1518,0.98,0.52,0
2024-08-18,Lyn Holland,Mark Emblem,g1 mark emblem,1572,G1,0,1504,1.44,0.46,0
2024-10-16,Lyn Holland,Matthew Davies (Aber),g1 matthew davies (aber),1528,G1,1,1518,1.97,0.53,1
2024-10-30,Lyn Holland,Alan Keene,g1 alan keene,1898,G1,0,1514,2.09,0.12,1
2024-11-05,Lyn Holland,Andrew Evans,g1 andrew evans,1577,G1,0.5,1516,2.55,0.46,1.5
2024-11-27,Lyn Holland,James Richards,g1 james richards,1545,G1,0.5,1516,3.05,0.5,2
2024-12-11,Lyn Holland,Mike Stannard,g1 mike stannard,1562,G1,1,1531,3.53,0.48,3
2024-08-16,Jack Bull,George Thompson,g1 george thompson,1367,G1,1,1554,0.74,0.74,1
2024-08-17,Jack Bull,Hector Hu,NA,1564,ENG,1,1570,1.21,0.47,2
2024-08-18,Jack Bull,Gwilym Davies-Kabir,g1 gwilym davies-kabir,1459,G1,1,1581,1.83,0.62,3
2024-08-18,Jack Bull,Reuben Hilliar,e1 reuben hilliar,1571,E1,0,1567,2.29,0.46,3
2024-10-01,Jack Bull,John A Williams,g1 john a williams,1773,G1,0,1561,2.5,0.21,3
2024-10-14,Jack Bull,Bevin Magama,g1 bevin magama,1400,G1,1,1570,3.2,0.7,4
2024-10-23,Jack Bull,Asifur Rahman,g1 asifur rahman,1450,G1,1,1581,3.83,0.63,5
2024-10-28,Jack Bull,Mark Emblem,g1 mark emblem,1572,G1,0,1567,4.29,0.46,5
2024-11-16,Jack Bull,Steve Williams (Cwm),g1 steve williams (cwm),1698,G1,0,1558,4.58,0.29,5
2024-11-15,Jack Bull,John Ward,w1 john ward,1327,W1,1,1565,5.36,0.78,6
2024-11-16,Jack Bull,David Foster,w1 david foster,1591,W1,1,1582,5.8,0.44,7
2024-11-17,Jack Bull,Advik Ram,w1 advik ram,1397,W1,1,1590,6.5,0.7,8
2024-11-17,Jack Bull,Kevin Heady,d1 kevin heady,1680,D1,0,1581,6.82,0.32,8
2024-11-18,Jack Bull,Kevin Lambert,g1 kevin lambert,1587,G1,0,1568,7.26,0.44,8
2024-12-09,Jack Bull,Andrew Evans,g1 andrew evans,1577,G1,0,1554,7.72,0.46,8
2024-12-18,Jack Bull,Samson Muputa,g1 samson muputa,1412,G1,1,1564,8.4,0.68,9
2024-09-03,Bob Owen,Tomos Bryant,e1 tomos bryant,1340,E1,0,1522,0.76,0.76,0
2024-10-29,Bob Owen,Adam Sarwar,e1 adam sarwar,1680,E1,0,1513,1.07,0.31,0
2024-12-03,Bob Owen,David Belochkin,e1 david belochkin,1535,E1,0,1497,1.58,0.51,0
2024-09-18,James Richards,Howard Keane,g1 howard keane,1366,G1,1,1553,0.74,0.74,1
2024-10-02,James Richards,Kevin Lambert,g1 kevin lambert,1587,G1,1,1570,1.18,0.44,2
2024-10-16,James Richards,George Thompson,g1 george thompson,1367,G1,0,1548,1.92,0.74,2
2024-10-30,James Richards,Mike Diamond,g1 mike diamond,1501,G1,0,1531,2.48,0.56,2
2024-11-13,James Richards,Jonathan Dark,g1 jonathan dark,1593,G1,0,1518,2.91,0.43,2
2024-11-27,James Richards,Lyn Holland,g1 lyn holland,1547,G1,0.5,1518,3.41,0.5,2.5
2024-12-11,James Richards,Charlie Gibson,g1 charlie gibson,1536,G1,0.5,1517,3.92,0.51,3
2024-06-17,Sulaiman Nasir,Wiliam Francis,w1 wiliam francis,1589,W1,1,1560,0.43,0.43,1
2024-10-02,Sulaiman Nasir,John Williams (W),w1 john williams (w),1358,W1,1,1568,1.17,0.74,2
2024-10-30,Sulaiman Nasir,Aaron Davies,w1 aaron davies,1530,W1,0,1552,1.69,0.52,2
2024-12-02,Sulaiman Nasir,Ian Phillips,w1 ian phillips,1421,W1,0,1532,2.36,0.67,2
2024-09-16,Stuart Hamilton,Robert McClennan,NA,1753,ENG,0,1535,0.23,0.23,0
2024-10-10,Stuart Hamilton,Joshua Beech,n1 joshua beech,1610,N1,1,1553,0.63,0.4,1
2024-10-31,Stuart Hamilton,Peter Bullough,NA,1626,ENG,0,1542,1.01,0.38,1
2024-11-05,Stuart Hamilton,Dave Hulme,NA,1665,ENG,1,1562,1.34,0.33,2
2024-11-19,Stuart Hamilton,Andrew Sutton,n1 andrew sutton,1680,N1,1,1582,1.65,0.31,3
2024-07-29,Mark Chinnick,Tom Jenney,e1 tom jenney,1378,E1,1,1548,0.72,0.72,1
2024-08-05,Mark Chinnick,Kevin Stephens,e1 kevin stephens,1683,E1,0,1539,1.03,0.31,1
2024-08-19,Mark Chinnick,Robert Wallace,e1 robert wallace,1572,E1,1,1556,1.48,0.45,2
2024-09-09,Mark Chinnick,Daniel Wilmot,e1 daniel wilmot,1968,E1,0,1553,1.58,0.1,2
2024-09-10,Mark Chinnick,James Williams,e1 james williams,1532,E1,1,1567,2.09,0.51,3
2024-09-23,Mark Chinnick,Rhys Davies,e1 rhys davies,1425,E1,1,1578,2.75,0.66,4
2024-09-30,Mark Chinnick,Mike Smith,e1 mike smith,1488,E1,1,1590,3.32,0.57,5
2024-10-07,Mark Chinnick,Oyvind Ringen,e1 oyvind ringen,1700,E1,0.5,1597,3.6,0.28,5.5
2024-10-14,Mark Chinnick,Gwawr Evans,e1 gwawr evans,1310,E1,0,1573,4.39,0.79,5.5
2024-11-11,Mark Chinnick,Shaun Harris,e1 shaun harris,1310,E1,1,1579,5.18,0.79,6.5
2024-11-13,Mark Chinnick,Bertie Carvey,e1 bertie carvey,1386,E1,0,1558,5.89,0.71,6.5
2024-11-25,Mark Chinnick,Peter Watkins,e1 peter watkins,1565,E1,0.5,1559,6.35,0.46,7
2024-12-09,Mark Chinnick,Randall Wright,e1 randall wright,1524,E1,1,1574,6.87,0.52,8
2024-09-09,Martin Ricketts,Nadi Grewal,e1 nadi grewal,1481,E1,1,1551,0.58,0.58,1
2024-11-04,Martin Ricketts,Adam Bees,e1 adam bees,1488,E1,0.5,1548,1.15,0.57,1.5
2024-11-11,Martin Ricketts,Rhys Davies,e1 rhys davies,1425,E1,0,1529,1.81,0.66,1.5
2024-07-06,Louise Davies,Valentin Boucherie,NA,1562,FIDE,0,1523,0.46,0.46,0
2024-07-06,Louise Davies,Corentin Demanghon,NA,1310,EST,1,1529,1.25,0.79,1
2024-07-06,Louise Davies,Valentin Boucherie,NA,1310,EST,0,1506,2.04,0.79,1
2024-07-06,Louise Davies,Corentin Demanghon,NA,1310,EST,1,1512,2.83,0.79,2
2024-07-06,Louise Davies,Ilan Andre,NA,1310,EST,1,1519,3.62,0.79,3
2024-07-06,Louise Davies,Eden Ruelland,NA,1410,EST,1,1528,4.3,0.68,4
2024-07-06,Louise Davies,Jean-Baptiste Desmonts,NA,1310,EST,0,1505,5.09,0.79,4
2024-07-06,Louise Davies,Joshua Cauchemez,NA,1310,EST,0,1481,5.88,0.79,4
2024-07-06,Louise Davies,Baptiste Pons,NA,1410,EST,1,1491,6.56,0.68,5
2024-07-06,Louise Davies,Benediktas Zilinskas,NA,1410,EST,0.5,1486,7.24,0.68,5.5
2024-07-06,Louise Davies,Elijas Liutikas,NA,1310,EST,1,1492,8.03,0.79,6.5
2024-11-25,Louise Davies,Matt Straiton,e1 matt straiton,1550,E1,0,1478,8.51,0.48,6.5
2024-09-18,Charlie Gibson,Chris Morton,g1 chris morton,1451,G1,0.5,1532,0.62,0.62,0.5
2024-10-15,Charlie Gibson,Lucio Nocivelli,g1 lucio nocivelli,1429,G1,1,1543,1.27,0.65,1.5
2024-10-30,Charlie Gibson,Joshua Colcombe,g1 joshua colcombe,1561,G1,0,1529,1.73,0.46,1.5
2024-11-27,Charlie Gibson,Noah Pynn,g1 noah pynn,1350,G1,1,1537,2.47,0.74,2.5
2024-12-11,Charlie Gibson,James Richards,g1 james richards,1545,G1,0.5,1537,2.96,0.49,3
2024-07-05,Rune Llewellyn,James Golding,NA,2235,ENG,0,1533,0.1,0.1,0
2024-07-06,Rune Llewellyn,James Tapp,e1 james tapp,2011,E1,0,1530,0.2,0.1,0
2024-07-07,Rune Llewellyn,Paul Chantrell,NA,1861,ENG,1,1556,0.33,0.13,1
2024-07-07,Rune Llewellyn,Petr Marusenko,NA,2109,ENG,0,1553,0.43,0.1,1
2024-07-08,Rune Llewellyn,Joshua Richards,w1 joshua richards,1762,W1,1,1577,0.64,0.21,2
2024-07-09,Rune Llewellyn,Leo A Keely,NA,1957,ENG,1,1604,0.74,0.1,3
2024-07-09,Rune Llewellyn,Michael Binks,e1 michael binks,1994,E1,0,1601,0.84,0.1,3
2024-07-10,Rune Llewellyn,Jeremy FS Menadue,NA,2051,ENG,0,1598,0.94,0.1,3
2024-09-17,Rune Llewellyn,Mike Smith,e1 mike smith,1488,E1,1,1611,1.51,0.57,4
2024-12-09,Rune Llewellyn,Sergio Esteves,e1 sergio esteves,1743,E1,1,1634,1.74,0.23,5
2024-07-02,David Belochkin,John McGregor,e1 john mcgregor,1890,E1,0.5,1547,0.11,0.11,0.5
2024-07-09,David Belochkin,Tycho Twohig,e1 tycho twohig,1643,E1,1,1566,0.46,0.35,1.5
2024-07-13,David Belochkin,Sophia Blin,NA,1492,ENG,1,1579,1.02,0.56,2.5
2024-07-13,David Belochkin,George Tagg,NA,1533,ENG,0,1564,1.52,0.5,2.5
2024-07-16,David Belochkin,Seb Hoccom,e1 seb hoccom,1394,E1,1,1573,2.21,0.69,3.5
2024-07-23,David Belochkin,Liam Okeeffe,NA,674,EST,1,1576,3.11,0.9,4.5
2024-07-23,David Belochkin,Edward Chu,NA,1716,ENG,1,1599,3.37,0.26,5.5
2024-07-24,David Belochkin,Srinivas Rath,NA,1561,ENG,1,1615,3.83,0.46,6.5
2024-07-24,David Belochkin,Odin Flanagan,NA,1630,ENG,1,1634,4.2,0.37,7.5
2024-07-25,David Belochkin,Daniel Meredith,NA,1884,ENG,0,1630,4.32,0.12,7.5
2024-09-14,David Belochkin,John A Williams,g1 john a williams,1773,G1,1,1654,4.52,0.2,8.5
2024-09-14,David Belochkin,Naveen Daniel George,NA,1725,ENG,1,1677,4.77,0.25,9.5
2024-09-14,David Belochkin,Marcell Vesz,e1 marcell vesz,1725,E1,0,1669,5.02,0.25,9.5
2024-09-15,David Belochkin,Wiliam Francis,w1 wiliam francis,1589,W1,1,1686,5.44,0.42,10.5
2024-09-15,David Belochkin,Arush Ajai Murthy,e1 arush ajai murthy,1745,E1,1,1709,5.67,0.23,11.5
2024-09-24,David Belochkin,Seb Hoccom,e1 seb hoccom,1394,E1,1,1719,6.36,0.69,12.5
2024-10-13,David Belochkin,Hamid Farani Sani,e1 hamid farani sani,1600,E1,0.5,1721,6.77,0.41,13
2024-10-15,David Belochkin,Anshul Swamy,e1 anshul swamy,1636,E1,0,1711,7.13,0.36,13
2024-10-28,David Belochkin,Kevin Stephens,e1 kevin stephens,1683,E1,1,1732,7.43,0.3,14
2024-11-16,David Belochkin,Andrew Powell,w1 andrew powell,1460,W1,1,1743,8.04,0.61,15
2024-11-16,David Belochkin,Wiliam Francis,w1 wiliam francis,1589,W1,1,1761,8.46,0.42,16
2024-11-17,David Belochkin,Chris Peters,e1 chris peters,1673,E1,0.5,1766,8.77,0.31,16.5
2024-11-17,David Belochkin,Steve Williams (Cwm),g1 steve williams (cwm),1698,G1,1,1788,9.05,0.28,17.5
2024-12-03,David Belochkin,Bob Owen,e1 bob owen,1545,E1,1,1803,9.54,0.49,18.5
2024-09-02,Ben Hannigan,Adam Sarwar,e1 adam sarwar,1680,E1,0.5,1539,0.3,0.3,0.5
2024-09-30,Ben Hannigan,Steffan Mon,e1 steffan mon,1672,E1,0,1530,0.61,0.31,0.5
2024-10-07,Ben Hannigan,Jacob Limeslade,e1 jacob limeslade,1396,E1,0.5,1524,1.3,0.69,1
2024-10-21,Ben Hannigan,Mike Smith,e1 mike smith,1488,E1,1,1537,1.86,0.56,2
2024-11-04,Ben Hannigan,Anthony Williams,e1 anthony williams,1437,E1,1,1548,2.49,0.63,3
2024-12-02,Ben Hannigan,Shaun Harris,e1 shaun harris,1310,E1,1,1555,3.27,0.78,4
2024-12-16,Ben Hannigan,Ieuan Thomas,e1 ieuan thomas,1492,E1,1,1568,3.83,0.56,5
2024-08-16,James Williams,David McGeeney,NA,1830,ENG,0,1527,0.15,0.15,0
2024-08-17,James Williams,Deio Parri,n1 deio parri,1751,N1,0,1521,0.37,0.22,0
2024-08-17,James Williams,Lyn Holland,g1 lyn holland,1547,G1,1,1536,0.85,0.48,1
2024-08-18,James Williams,Jeremy Jones,e1 jeremy jones,1596,E1,0.5,1539,1.26,0.41,1.5
2024-08-18,James Williams,David Rovaretti,e1 david rovaretti,1794,E1,0,1534,1.44,0.18,1.5
2024-09-10,James Williams,Mark Chinnick,e1 mark chinnick,1540,E1,0,1519,1.93,0.49,1.5
2024-09-24,James Williams,Matt Straiton,e1 matt straiton,1550,E1,0,1505,2.4,0.47,1.5
2024-10-22,James Williams,Sam White,e1 sam white,1591,E1,1,1522,2.82,0.42,2.5
2024-09-18,Jeff Boyce,Danny Ashburner,w1 danny ashburner,1790,W1,0,1525,0.18,0.18,0
2024-09-25,Jeff Boyce,Kai Palmer,w1 kai palmer,1310,W1,1,1531,0.96,0.78,1
2024-10-02,Jeff Boyce,Tony Goodchild,w1 tony goodchild,1465,W1,1,1543,1.55,0.59,2
2024-10-09,Jeff Boyce,Aaron Davies,w1 aaron davies,1530,W1,0.5,1543,2.05,0.5,2.5
2024-10-16,Jeff Boyce,Rajith Babu,w1 rajith babu,1310,W1,1,1550,2.83,0.78,3.5
2024-10-23,Jeff Boyce,Nick Hale,w1 nick hale,1484,W1,0.5,1548,3.4,0.57,4
2024-10-30,Jeff Boyce,Emyr-Wyn Francis,w1 emyr-wyn francis,1350,W1,1,1556,4.14,0.74,5
2024-11-05,Jeff Boyce,Vianney Foglizzo,w1 vianney foglizzo,1478,W1,1,1569,4.71,0.57,6
2024-11-20,Jeff Boyce,Aaron Davies,w1 aaron davies,1530,W1,0,1554,5.21,0.5,6
2024-11-27,Jeff Boyce,Spencer Ripley,w1 spencer ripley,1488,W1,0,1537,5.77,0.56,6
2024-12-11,Jeff Boyce,Guto Llywelyn,w1 guto llywelyn,1589,W1,0,1524,6.19,0.42,6
2024-09-18,Aaron Davies,Louis Bathein,w1 louis bathein,1571,W1,1,1547,0.44,0.44,1
2024-09-25,Aaron Davies,Greg Goold,w1 greg goold,1482,W1,0,1530,1.01,0.57,1
2024-09-30,Aaron Davies,Paul Bevan,w1 paul bevan,1510,W1,1,1544,1.54,0.53,2
2024-10-09,Aaron Davies,Jeff Boyce,w1 jeff boyce,1530,W1,0.5,1544,2.04,0.5,2.5
2024-10-16,Aaron Davies,Tony Goodchild,w1 tony goodchild,1465,W1,0,1526,2.63,0.59,2.5
2024-10-30,Aaron Davies,Sulaiman Nasir,w1 sulaiman nasir,1543,W1,1,1542,3.11,0.48,3.5
2024-11-20,Aaron Davies,Jeff Boyce,w1 jeff boyce,1530,W1,1,1557,3.61,0.5,4.5
2024-11-25,Aaron Davies,Paul Thomas,w1 paul thomas,1602,W1,0,1545,4.01,0.4,4.5
2024-12-04,Aaron Davies,Adam May,w1 adam may,1955,W1,0,1542,4.11,0.1,4.5
2024-12-11,Aaron Davies,June Evans,w1 june evans,1355,W1,0.5,1535,4.84,0.73,5
2024-07-08,Phil Jones,Erion Pici,e1 erion pici,1559,E1,0.5,1530,0.46,0.46,0.5
2024-08-05,Phil Jones,Dave Mahoney,e1 dave mahoney,1355,E1,1,1538,1.19,0.73,1.5
2024-09-17,Phil Jones,James Choung,e1 james choung,1364,E1,1,1547,1.91,0.72,2.5
2024-12-02,Phil Jones,Anthony Williams,e1 anthony williams,1437,E1,1,1558,2.54,0.63,3.5
2024-12-16,Phil Jones,Jack Hannigan,e1 jack hannigan,1650,E1,0,1548,2.87,0.33,3.5
2024-10-28,Mark Reynolds,Peter Evans,d1 peter evans,1557,D1,0,1515,0.46,0.46,0
2024-12-10,Mark Reynolds,Mark Paffard,d1 mark paffard,1730,D1,0.5,1523,0.7,0.24,0.5
2024-10-02,Matthew Davies (Aber),Andrew Evans,g1 andrew evans,1577,G1,0.5,1530,0.43,0.43,0.5
2024-10-16,Matthew Davies (Aber),Lyn Holland,g1 lyn holland,1547,G1,0,1516,0.9,0.47,0.5
2024-10-30,Matthew Davies (Aber),Ben Richards,g1 ben richards,1599,G1,1,1534,1.3,0.4,1.5
2024-11-27,Matthew Davies (Aber),Chris Morton,g1 chris morton,1451,G1,1,1546,1.91,0.61,2.5
2024-12-17,Matthew Davies (Aber),Charlie Cooper,g1 charlie cooper,1412,G1,1,1556,2.57,0.66,3.5
2024-12-05,Steve McCall,Catriona Coutts,n1 catriona coutts,1746,N1,0,1521,0.22,0.22,0
2024-09-14,Timur Ramzan,Jack Hannigan,e1 jack hannigan,1650,E1,0,1517,0.33,0.33,0
2024-09-14,Timur Ramzan,Joseph Browse,e1 joseph browse,1827,E1,0,1513,0.48,0.15,0
2024-09-14,Timur Ramzan,Bob Hurn,e1 bob hurn,1731,E1,1,1535,0.72,0.24,1
2024-09-15,Timur Ramzan,Gwyn Havard,e1 gwyn havard,1855,E1,0.5,1547,0.85,0.13,1.5
2024-09-15,Timur Ramzan,Chris Dixon,g1 chris dixon,1815,G1,0.5,1557,1.01,0.16,2
2024-09-03,Randall Wright,Richard Gardner,e1 richard gardner,1310,E1,1,1531,0.77,0.77,1
2024-10-07,Randall Wright,Richard Larg,e1 richard larg,1598,E1,1,1549,1.17,0.4,2
2024-12-09,Randall Wright,Mark Chinnick,e1 mark chinnick,1540,E1,0,1535,1.65,0.48,2
2024-09-23,Angus Lloyd,Tomos Ilett,e1 tomos ilett,1445,E1,1,1534,0.61,0.61,1
2024-11-04,Angus Lloyd,Patrick Civil,e1 patrick civil,1442,E1,0.5,1530,1.22,0.61,1.5
2024-11-27,Angus Lloyd,Adam Sarwar,e1 adam sarwar,1680,E1,0,1522,1.51,0.29,1.5
2024-09-10,John Davies,Matthew Billington,w1 matthew billington,1656,W1,0,1512,0.31,0.31,0
2024-09-23,John Davies,Roger Jenkins,w1 roger jenkins,1696,W1,0,1504,0.58,0.27,0
2024-10-01,John Davies,Greg Goold,w1 greg goold,1482,W1,0.5,1502,1.14,0.56,0.5
2024-10-08,John Davies,Paul Headon,w1 paul headon,1730,W1,0.5,1510,1.37,0.23,1
2024-10-15,John Davies,Eugene Tee,w1 eugene tee,1644,W1,0,1500,1.7,0.33,1
2024-10-22,John Davies,Anthony Beck,w1 anthony beck,1730,W1,0,1493,1.93,0.23,1
2024-10-30,John Davies,Ralph Cook,w1 ralph cook,1676,W1,0.5,1499,2.22,0.29,1.5
2024-11-19,John Davies,Nick Hale,w1 nick hale,1484,W1,0,1483,2.77,0.55,1.5
2024-11-27,John Davies,Mike Richards,w1 mike richards,1548,W1,0.5,1484,3.23,0.46,2
2024-12-11,John Davies,Greg Goold,w1 greg goold,1482,W1,0.5,1482,3.79,0.56,2.5
2024-12-10,Gwyn Evans,Ieuan Din,d1 ieuan din,1310,D1,1,1522,0.76,0.76,1
2024-07-02,Toby Reckless,Andrei Zhuravlev,e1 andrei zhuravlev,1484,E1,0,1495,0.54,0.54,0
2024-07-09,Toby Reckless,Blake Fry,e1 blake fry,1405,E1,1,1505,1.19,0.65,1
2024-07-16,Toby Reckless,Raga Sreya Mandadapu,e1 raga sreya mandadapu,1332,E1,1,1513,1.93,0.74,2
2024-08-16,Toby Reckless,Bjorn Oliver,g1 bjorn oliver,1604,G1,0,1502,2.3,0.37,2
2024-08-17,Toby Reckless,George Thompson,g1 george thompson,1367,G1,1,1511,3,0.7,3
2024-08-17,Toby Reckless,Carolus Tang,NA,1668,ENG,0,1503,3.29,0.29,3
2024-08-18,Toby Reckless,Wayne Holland,e1 wayne holland,1478,E1,1,1516,3.84,0.55,4
2024-10-13,Toby Reckless,Piotr Graczyk,e1 piotr graczyk,1698,E1,0,1509,4.09,0.25,4
2024-12-17,Toby Reckless,David Corney,e1 david corney,1417,E1,0,1490,4.72,0.63,4
2024-09-17,Vaughan Thomas,Janet Evans,w1 janet evans,1340,W1,0.5,1504,0.73,0.73,0.5
2024-11-12,Vaughan Thomas,Eva Gregot,w1 eva gregot,1600,W1,0.5,1508,1.1,0.37,1
2024-11-20,Vaughan Thomas,Greg Goold,w1 greg goold,1482,W1,0.5,1507,1.64,0.54,1.5
2024-09-16,Paul Bevan,Guto Llywelyn,w1 guto llywelyn,1589,W1,0,1498,0.39,0.39,0
2024-09-23,Paul Bevan,Andrew Powell,w1 andrew powell,1460,W1,0.5,1496,0.96,0.57,0.5
2024-09-24,Paul Bevan,Ken Huntley,w1 ken huntley,1624,W1,0,1486,1.3,0.34,0.5
2024-09-30,Paul Bevan,Aaron Davies,w1 aaron davies,1530,W1,0,1472,1.77,0.47,0.5
2024-10-22,Paul Bevan,Ian Phillips,w1 ian phillips,1421,W1,0,1453,2.4,0.63,0.5
2024-10-30,Paul Bevan,Joe Rogers,w1 joe rogers,1467,W1,0,1436,2.96,0.56,0.5
2024-11-15,Paul Bevan,Tomos Francis,w1 tomos francis,1316,W1,1,1444,3.71,0.75,1.5
2024-11-16,Paul Bevan,Kevin Heady,d1 kevin heady,1680,D1,0,1435,3.98,0.27,1.5
2024-11-16,Paul Bevan,Chris Thompson,g1 chris thompson,1338,G1,1,1444,4.71,0.73,2.5
2024-12-02,Paul Bevan,Joic Majo,w1 joic majo,1454,W1,1,1456,5.29,0.58,3.5
2024-07-16,Jim Sadler,Joshua Colcombe,g1 joshua colcombe,1561,G1,1,1526,0.43,0.43,1
2024-08-06,Jim Sadler,Charlie Cooper,g1 charlie cooper,1412,G1,1,1537,1.07,0.64,2
2024-10-01,Jim Sadler,Simon Tang,g1 simon tang,1677,G1,0,1529,1.35,0.28,2
2024-10-16,Jim Sadler,Paul Scott,g1 paul scott,1782,G1,0,1524,1.52,0.17,2
2024-11-06,Jim Sadler,Samson Muputa,g1 samson muputa,1412,G1,1,1535,2.16,0.64,3
2024-11-20,Jim Sadler,Michael Binding,g1 michael binding,1377,G1,0,1514,2.84,0.68,3
2024-12-03,Jim Sadler,Steve Williams (Cwm),g1 steve williams (cwm),1698,G1,0,1507,3.09,0.25,3
2024-10-02,Gareth Holyfield,Lucio Nocivelli,g1 lucio nocivelli,1429,G1,0.5,1499,0.6,0.6,0.5
2024-11-19,Gareth Holyfield,George Thompson,g1 george thompson,1367,G1,1,1508,1.29,0.69,1.5
2024-12-17,Gareth Holyfield,Adam Cooper,g1 adam cooper,1346,G1,0.5,1502,2,0.71,2
2024-09-18,Mike Diamond,Rowan Ridge,g1 rowan ridge,1350,G1,0,1480,0.7,0.7,0
2024-10-16,Mike Diamond,Howard Keane,g1 howard keane,1366,G1,1,1489,1.39,0.69,1
2024-10-30,Mike Diamond,James Richards,g1 james richards,1545,G1,1,1506,1.83,0.44,2
2024-11-19,Mike Diamond,Mike Stannard,g1 mike stannard,1562,G1,0,1494,2.24,0.41,2
2024-09-17,Susan F Parry,Andrew Sutton,n1 andrew sutton,1680,N1,0,1493,0.26,0.26,0
2024-10-02,Susan F Parry,Max Yates,NA,1701,ENG,0,1486,0.5,0.24,0
2024-10-15,Susan F Parry,Warren Bates,NA,1356,ENG,1,1495,1.2,0.7,1
2024-10-23,Susan F Parry,Felix Lefeuvre,NA,1666,ENG,0,1487,1.48,0.28,1
2024-10-30,Susan F Parry,Sander Den Drijver,n1 sander den drijver,1650,N1,0,1478,1.78,0.3,1
2024-11-06,Susan F Parry,Harry Wood,n1 harry wood,1600,N1,0,1467,2.14,0.36,1
2024-11-06,Susan F Parry,Harry Wood,n1 harry wood,1600,N1,0,1456,2.5,0.36,1
2024-11-13,Susan F Parry,Merle Field,n1 merle field,1450,N1,1,1469,3.07,0.57,2
2024-11-27,Susan F Parry,Richard Owens,n1 richard owens,1750,N1,0,1463,3.26,0.19,2
2024-11-27,Susan F Parry,Richard Owens,n1 richard owens,1750,N1,0,1457,3.45,0.19,2
2024-11-28,Susan F Parry,Shion Rowlands,n1 shion rowlands,1814,N1,0,1453,3.59,0.14,2
2024-12-02,Leo Ashworth,Clive Silver,e1 clive silver,1666,E1,1,1522,0.28,0.28,1
2024-09-17,Derek Bellamy,Nick Hale,w1 nick hale,1484,W1,1,1514,0.52,0.52,1
2024-09-24,Derek Bellamy,Daniel Attrill,w1 daniel attrill,1425,W1,0.5,1511,1.13,0.61,1.5
2024-10-08,Derek Bellamy,Ian Phillips,w1 ian phillips,1421,W1,0,1493,1.74,0.61,1.5
2024-10-15,Derek Bellamy,Spencer Ripley,w1 spencer ripley,1488,W1,1,1507,2.26,0.52,2.5
2024-11-12,Derek Bellamy,Eugene Tee,w1 eugene tee,1644,W1,0,1498,2.56,0.3,2.5
2024-11-20,Derek Bellamy,Elliot Chapman,w1 elliot chapman,1586,W1,1,1517,2.94,0.38,3.5
2024-10-28,Harri Davies,Steve Jones,e1 steve jones,1784,E1,0,1495,0.16,0.16,0
2024-12-02,Harri Davies,Martin K Jones,e1 martin k jones,1653,E1,0,1486,0.45,0.29,0
2024-10-31,Karl Davies,Gary Pleavin,NA,1670,ENG,0,1492,0.27,0.27,0
2024-11-19,Karl Davies,Finn Pritchard,n1 finn pritchard,1634,N1,0,1482,0.59,0.32,0
2024-12-12,Karl Davies,Matthew Matthias,n1 matthew matthias,1679,N1,0,1474,0.85,0.26,0
2024-10-22,Jacob Harris,Sergio Esteves,e1 sergio esteves,1743,E1,0,1494,0.2,0.2,0
2024-11-04,Jacob Harris,Erion Pici,e1 erion pici,1559,E1,0,1482,0.62,0.42,0
2024-11-11,Jacob Harris,Oyvind Ringen,e1 oyvind ringen,1700,E1,0,1474,0.86,0.24,0
2024-11-18,Jacob Harris,Andrew Chochola,e1 andrew chochola,1310,E1,1,1482,1.61,0.75,1
2024-11-25,Jacob Harris,Tomos Ilett,e1 tomos ilett,1445,E1,0,1465,2.19,0.58,1
2024-12-02,Jacob Harris,Ben Bickford,e1 ben bickford,1683,E1,0.5,1472,2.45,0.26,1.5
2024-12-12,Aidan Jones,Gary Fox,n1 gary fox,1803,N1,0.5,1511,0.15,0.15,0.5
2024-10-28,Morgan McGuigan,Ian Abraham,e1 ian abraham,1772,E1,0.5,1510,0.17,0.17,0.5
2024-08-16,Phil McMahon,Anthony Tatam,NA,1691,ENG,0,1493,0.25,0.25,0
2024-08-17,Phil McMahon,Jacob Limeslade,e1 jacob limeslade,1396,E1,0.5,1488,0.9,0.65,0.5
2024-08-18,Phil McMahon,Devanshu Srivastava,NA,1400,Est,1,1499,1.54,0.64,1.5
2024-08-18,Phil McMahon,Lucas Zheng,e1 lucas zheng,1709,E1,0,1492,1.77,0.23,1.5
2024-08-05,Andrew Price,Robert Wallace,e1 robert wallace,1572,E1,0,1488,0.4,0.4,0
2024-08-05,Jody Richards,John Smart,e1 john smart,1310,E1,1,1508,0.75,0.75,1
2024-09-16,Stephen Garnett,Christopher Goy,NA,1593,ENG,0.5,1503,0.37,0.37,0.5
2024-10-10,Stephen Garnett,Harry Wood,n1 harry wood,1600,N1,0,1492,0.73,0.36,0.5
2024-10-31,Stephen Garnett,Ian Clayton,NA,1650,ENG,0,1483,1.03,0.3,0.5
2024-11-05,Stephen Garnett,Dave Littlemore,NA,1654,ENG,0,1475,1.32,0.29,0.5
2024-07-13,Robert Sequeira,George Tagg,NA,1533,ENG,0,1485,0.45,0.45,0
2024-07-13,Robert Sequeira,Sophia Blin,NA,1492,ENG,1,1499,0.96,0.51,1
2024-09-02,Steve Keable,James Choung,e1 james choung,1364,E1,1,1503,0.68,0.68,1
2024-10-21,Steve Keable,Tabitha Ryan,e1 tabitha ryan,1398,E1,0,1484,1.31,0.63,1
2024-11-04,Steve Keable,Joshua Phillips,e1 joshua phillips,1310,E1,0,1461,2.05,0.74,1
2024-10-07,Ieuan Thomas,Mike Smith,e1 mike smith,1488,E1,1,1507,0.51,0.51,1
2024-11-04,Ieuan Thomas,Yusuf Sulemani,e1 yusuf sulemani,1700,E1,0,1500,0.74,0.23,1
2024-12-02,Ieuan Thomas,Jacob Limeslade,e1 jacob limeslade,1396,E1,0,1481,1.37,0.63,1
2024-12-16,Ieuan Thomas,Ben Hannigan,e1 ben hannigan,1533,E1,0,1468,1.81,0.44,1
2024-09-10,Claire Gorman,Tony Williams,w1 tony williams,1408,W1,0,1471,0.61,0.61,0
2024-09-23,Claire Gorman,Sam Brown,w1 sam brown,1628,W1,0,1461,0.92,0.31,0
2024-10-01,Claire Gorman,Danny Ashburner,w1 danny ashburner,1790,W1,0,1457,1.07,0.15,0
2024-10-08,Claire Gorman,Spencer Ripley,w1 spencer ripley,1488,W1,1,1472,1.57,0.5,1
2024-10-09,Claire Gorman,Rajith Babu,w1 rajith babu,1310,W1,1,1480,2.31,0.74,2
2024-10-15,Claire Gorman,Vianney Foglizzo,w1 vianney foglizzo,1478,W1,1,1494,2.83,0.52,3
2024-10-22,Claire Gorman,Carl Halpin,w1 carl halpin,1616,W1,0,1484,3.15,0.32,3
2024-11-05,Claire Gorman,Carl Halpin,w1 carl halpin,1616,W1,0,1475,3.47,0.32,3
2024-11-16,Claire Gorman,Glyn Hill,w1 glyn hill,1449,W1,0,1458,4.03,0.56,3
2024-11-16,Claire Gorman,Emyr-Wyn Francis,w1 emyr-wyn francis,1350,W1,0,1437,4.72,0.69,3
2024-11-17,Claire Gorman,Jacob Limeslade,e1 jacob limeslade,1396,E1,1,1448,5.35,0.63,4
2024-11-17,Claire Gorman,Wiliam Francis,w1 wiliam francis,1589,W1,0,1437,5.71,0.36,4
2024-11-27,Claire Gorman,Riley Fitzpatrick,w1 riley fitzpatrick,1361,W1,0,1417,6.39,0.68,4
2024-12-11,Claire Gorman,John Williams (W),w1 john williams (w),1358,W1,1,1427,7.07,0.68,5
2024-09-17,Gary Harber,Spencer Ripley,w1 spencer ripley,1488,W1,0,1474,0.5,0.5,0
2024-09-24,Gary Harber,Tony Goodchild,w1 tony goodchild,1465,W1,0,1458,1.03,0.53,0
2024-10-08,Gary Harber,William Selby,w1 william selby,1457,W1,0,1442,1.58,0.55,0
2024-11-12,Gary Harber,Blake Stone,w1 blake stone,1732,W1,0,1436,1.78,0.2,0
2024-07-22,Adam Bees,Tom Jenney,e1 tom jenney,1378,E1,0,1468,0.65,0.65,0
2024-07-29,Adam Bees,Kevin Stephens,e1 kevin stephens,1683,E1,0,1461,0.9,0.25,0
2024-08-05,Adam Bees,Gavin Jones,e1 gavin jones,1815,E1,0.5,1472,1.03,0.13,0.5
2024-08-12,Adam Bees,Andrew Jeanes,e1 andrew jeanes,1713,E1,0,1466,1.24,0.21,0.5
2024-08-19,Adam Bees,Andrew Chochola,e1 andrew chochola,1310,E1,1,1474,1.98,0.74,1.5
2024-09-02,Adam Bees,Tom Jenney,e1 tom jenney,1378,E1,1,1484,2.63,0.65,2.5
2024-09-16,Adam Bees,Robert Wallace,e1 robert wallace,1572,E1,1,1503,3.01,0.38,3.5
2024-09-17,Adam Bees,Gareth Richards,e1 gareth richards,1574,E1,0,1491,3.39,0.38,3.5
2024-11-04,Adam Bees,Martin Ricketts,e1 martin ricketts,1538,E1,0.5,1493,3.82,0.43,4
2024-09-17,Spencer Ripley,Gary Harber,w1 gary harber,1489,W1,1,1503,0.5,0.5,1
2024-09-18,Spencer Ripley,Steve Edwards,w1 steve edwards,1646,W1,0,1494,0.79,0.29,1
2024-09-25,Spencer Ripley,Mike Richards,w1 mike richards,1548,W1,1,1512,1.2,0.41,2
2024-10-01,Spencer Ripley,David Battell,w1 david battell,1551,W1,0,1500,1.61,0.41,2
2024-10-08,Spencer Ripley,Claire Gorman,w1 claire gorman,1489,W1,0,1485,2.11,0.5,2
2024-10-09,Spencer Ripley,Matthew Billington,w1 matthew billington,1656,W1,0,1476,2.39,0.28,2
2024-10-15,Spencer Ripley,Derek Bellamy,w1 derek bellamy,1500,W1,0,1462,2.87,0.48,2
2024-10-16,Spencer Ripley,John Williams (W),w1 john williams (w),1358,W1,1,1472,3.55,0.68,3
2024-10-23,Spencer Ripley,Ralph Cook,w1 ralph cook,1676,W1,0,1464,3.8,0.25,3
2024-11-04,Spencer Ripley,Les Philpin,w1 les philpin,1701,W1,0,1457,4.03,0.23,3
2024-11-13,Spencer Ripley,Les Philpin,w1 les philpin,1701,W1,0,1450,4.26,0.23,3
2024-11-15,Spencer Ripley,Henry Burton,d1 henry burton,1310,D1,1,1458,5,0.74,4
2024-11-16,Spencer Ripley,Adam Sarwar,e1 adam sarwar,1680,E1,0,1451,5.25,0.25,4
2024-11-16,Spencer Ripley,Chase Winter,NA,1310,Est,1,1459,5.99,0.74,5
2024-11-17,Spencer Ripley,Carl Halpin,w1 carl halpin,1616,W1,1,1479,6.31,0.32,6
2024-11-17,Spencer Ripley,Chris Peters,e1 chris peters,1673,E1,0,1471,6.57,0.26,6
2024-11-27,Spencer Ripley,Jeff Boyce,w1 jeff boyce,1530,W1,1,1488,7.01,0.44,7
2024-12-11,Spencer Ripley,Wiliam Francis,w1 wiliam francis,1589,W1,0,1477,7.37,0.36,7
2024-12-17,Spencer Ripley,Jordan Heatman,w1 jordan heatman,1653,W1,0,1469,7.65,0.28,7
2024-09-09,Mike Smith,Andrew Chochola,e1 andrew chochola,1310,E1,1,1496,0.74,0.74,1
2024-09-16,Mike Smith,Kevin Stephens,e1 kevin stephens,1683,E1,0,1489,0.99,0.25,1
2024-09-17,Mike Smith,Rune Llewellyn,e1 rune llewellyn,1536,E1,0,1476,1.42,0.43,1
2024-09-30,Mike Smith,Mark Chinnick,e1 mark chinnick,1540,E1,0,1463,1.85,0.43,1
2024-10-07,Mike Smith,Ieuan Thomas,e1 ieuan thomas,1492,E1,0,1448,2.34,0.49,1
2024-10-14,Mike Smith,Daniel Wilmot,e1 daniel wilmot,1968,E1,0,1445,2.44,0.1,1
2024-10-21,Mike Smith,Ben Hannigan,e1 ben hannigan,1533,E1,0,1432,2.88,0.44,1
2024-11-05,Mike Smith,Amir Jamil,e1 amir jamil,1422,E1,1,1444,3.47,0.59,2
2024-11-11,Mike Smith,Tom Jenney,e1 tom jenney,1378,E1,0,1425,4.12,0.65,2
2024-11-26,Mike Smith,Antony Phillips,e1 antony phillips,1310,E1,1,1432,4.86,0.74,3
2024-12-03,Mike Smith,Otto Bartlett-Davis,e1 otto bartlett-davis,1386,E1,1,1443,5.5,0.64,4
2024-12-09,Mike Smith,Anthony Williams,e1 anthony williams,1437,E1,1,1456,6.07,0.57,5
2024-09-13,Leon Vincent,Tony Goodchild,w1 tony goodchild,1465,W1,1,1500,0.53,0.53,1
2024-09-17,Leon Vincent,Cameron Ferguson,w1 cameron ferguson,1392,W1,0,1481,1.16,0.63,1
2024-09-24,Leon Vincent,Tomos Francis,w1 tomos francis,1316,W1,1,1489,1.89,0.73,2
2024-10-01,Leon Vincent,Tomos Francis,w1 tomos francis,1316,W1,1,1498,2.62,0.73,3
2024-10-29,Leon Vincent,Alexander Bailey,w1 alexander bailey,1310,W1,1,1506,3.35,0.73,4
2024-11-05,Leon Vincent,Glyn Hill,w1 glyn hill,1449,W1,1,1519,3.9,0.55,5
2024-11-15,Leon Vincent,Andrew Burton,NA,1310,Est,1,1527,4.63,0.73,6
2024-11-16,Leon Vincent,Chris Peters,e1 chris peters,1673,E1,0.5,1534,4.88,0.25,6.5
2024-11-16,Leon Vincent,Angus Winter,w1 angus winter,1623,W1,1,1555,5.19,0.31,7.5
2024-11-17,Leon Vincent,Gareth Richards,e1 gareth richards,1574,E1,0,1544,5.57,0.38,7.5
2024-11-17,Leon Vincent,Glyn Hill,w1 glyn hill,1449,W1,0,1527,6.12,0.55,7.5
2024-11-26,Leon Vincent,David Foster,w1 david foster,1591,W1,0.5,1531,6.47,0.35,8
2024-09-17,Nick Hale,Derek Bellamy,w1 derek bellamy,1500,W1,0,1470,0.48,0.48,0
2024-10-09,Nick Hale,James Evans,w1 james evans,1686,W1,0,1463,0.72,0.24,0
2024-10-16,Nick Hale,June Evans,w1 june evans,1355,W1,0,1442,1.4,0.68,0
2024-10-23,Nick Hale,Jeff Boyce,w1 jeff boyce,1530,W1,0.5,1444,1.83,0.43,0.5
2024-11-04,Nick Hale,Tony Goodchild,w1 tony goodchild,1465,W1,0,1428,2.36,0.53,0.5
2024-11-05,Nick Hale,Ian Phillips,w1 ian phillips,1421,W1,1,1441,2.95,0.59,1.5
2024-11-19,Nick Hale,John Davies,w1 john davies,1521,W1,1,1457,3.4,0.45,2.5
2024-12-11,Nick Hale,Andrew Powell,w1 andrew powell,1460,W1,1,1471,3.93,0.53,3.5
2024-12-17,Nick Hale,Louis Bathein,w1 louis bathein,1571,W1,0,1460,4.31,0.38,3.5
2024-07-02,Andrei Zhuravlev,Toby Reckless,e1 toby reckless,1511,E1,1,1500,0.46,0.46,1
2024-07-09,Andrei Zhuravlev,Csege Hanczar,e1 csege hanczar,1619,E1,0,1491,0.77,0.31,1
2024-07-13,Andrei Zhuravlev,James Ratcliffe,NA,1774,ENG,0.5,1501,0.93,0.16,1.5
2024-07-13,Andrei Zhuravlev,Aidan Burnside,NA,1645,ENG,0.5,1507,1.21,0.28,2
2024-07-16,Andrei Zhuravlev,Toby Blankley,e1 toby blankley,1467,E1,1,1522,1.73,0.52,3
2024-07-23,Andrei Zhuravlev,Ethan Cole,NA,1887,ENG,0,1519,1.83,0.1,3
2024-07-23,Andrei Zhuravlev,Ayan Pradhan,NA,1906,ENG,0.5,1531,1.93,0.1,3.5
2024-07-24,Andrei Zhuravlev,Advik Mittal,NA,1767,SCO,0,1526,2.09,0.16,3.5
2024-07-24,Andrei Zhuravlev,Maksym Kryshtafor,NA,1692,FIDE,0,1519,2.32,0.23,3.5
2024-07-25,Andrei Zhuravlev,Adithya Vaidyanathan,NA,2082,ENG,0,1516,2.42,0.1,3.5
2024-08-16,Andrei Zhuravlev,Dillon Harle,NA,1481,EST,0,1501,2.92,0.5,3.5
2024-08-17,Andrei Zhuravlev,Lawrence Becker,NA,1400,EST,1,1512,3.54,0.62,4.5
2024-08-17,Andrei Zhuravlev,Shaun Walsh,NA,1579,ENG,0.5,1516,3.91,0.37,5
2024-08-18,Andrei Zhuravlev,Adam Sarwar,e1 adam sarwar,1680,E1,0.5,1524,4.15,0.24,5.5
2024-08-18,Andrei Zhuravlev,Chris Thompson,g1 chris thompson,1338,G1,0.5,1518,4.85,0.7,6
2024-09-11,Andrei Zhuravlev,Lucas Zheng,e1 lucas zheng,1709,E1,1,1541,5.06,0.21,7
2024-09-14,Andrei Zhuravlev,Adam Sarwar,e1 adam sarwar,1680,E1,0,1534,5.3,0.24,7
2024-09-14,Andrei Zhuravlev,Tomos Francis,w1 tomos francis,1316,W1,1,1542,6.02,0.72,8
2024-09-14,Andrei Zhuravlev,Henry Burton,d1 henry burton,1310,D1,1,1550,6.75,0.73,9
2024-09-15,Andrei Zhuravlev,Lucas Zheng,e1 lucas zheng,1709,E1,0,1544,6.96,0.21,9
2024-09-15,Andrei Zhuravlev,Wiliam Francis,w1 wiliam francis,1589,W1,1,1563,7.31,0.35,10
2024-09-18,Andrei Zhuravlev,Oleksandr Zhuravel,e1 oleksandr zhuravel,1310,E1,1,1571,8.04,0.73,11
2024-10-02,Andrei Zhuravlev,Dominic Murray,e1 dominic murray,1600,E1,0,1561,8.38,0.34,11
2024-10-09,Andrei Zhuravlev,Henry Jones,e1 henry jones,1310,E1,1,1569,9.11,0.73,12
2024-10-16,Andrei Zhuravlev,Tim Whitchurch,e1 tim whitchurch,1568,E1,0,1558,9.49,0.38,12
2024-10-23,Andrei Zhuravlev,Neethi Helen,e1 neethi helen,1310,E1,1,1566,10.22,0.73,13
2024-11-06,Andrei Zhuravlev,Peter Quinn,e1 peter quinn,1843,E1,0,1563,10.33,0.11,13
2024-11-13,Andrei Zhuravlev,Sam Jones,e1 sam jones,1400,E1,1,1574,10.95,0.62,14
2024-11-16,Andrei Zhuravlev,Chris Peters,e1 chris peters,1673,E1,0,1566,11.2,0.25,14
2024-11-17,Andrei Zhuravlev,Emyr-Wyn Francis,w1 emyr-wyn francis,1350,W1,1,1576,11.88,0.68,15
2024-11-17,Andrei Zhuravlev,Adam Sarwar,e1 adam sarwar,1680,E1,1,1599,12.12,0.24,16
2024-11-20,Andrei Zhuravlev,Miltos Zoumekas,e1 miltos zoumekas,1700,E1,0,1592,12.34,0.22,16
2024-11-27,Andrei Zhuravlev,Seb Hoccom,e1 seb hoccom,1394,E1,0,1573,12.97,0.63,16
2024-12-11,Andrei Zhuravlev,Samuele Scarpignato,e1 samuele scarpignato,1764,E1,1,1598,13.14,0.17,17
2024-12-18,Andrei Zhuravlev,Abir Deshpande,e1 abir deshpande,1310,E1,1,1606,13.87,0.73,18
2024-02-05,Greg Goold,John Ward,w1 john ward,1327,W1,1,1491,0.71,0.71,1
2024-09-17,Greg Goold,Ken Huntley,w1 ken huntley,1624,W1,0,1482,1.02,0.31,1
2024-09-18,Greg Goold,June Evans,w1 june evans,1355,W1,1,1491,1.7,0.68,2
2024-09-25,Greg Goold,Aaron Davies,w1 aaron davies,1530,W1,1,1508,2.13,0.43,3
2024-10-01,Greg Goold,John Davies,w1 john davies,1521,W1,0.5,1510,2.57,0.44,3.5
2024-10-08,Greg Goold,Andrew Powell,w1 andrew powell,1460,W1,0,1494,3.1,0.53,3.5
2024-10-09,Greg Goold,Martyn Griffiths,w1 martyn griffiths,1809,W1,0,1490,3.23,0.13,3.5
2024-11-19,Greg Goold,David Battell,w1 david battell,1551,W1,0,1478,3.63,0.4,3.5
2024-11-20,Greg Goold,Vaughan Thomas,w1 vaughan thomas,1511,W1,0.5,1479,4.09,0.46,4
2024-11-27,Greg Goold,Julien Potier,w1 julien potier,1466,W1,0,1464,4.61,0.52,4
2024-12-11,Greg Goold,John Davies,w1 john davies,1521,W1,0.5,1465,5.05,0.44,4.5
2024-12-17,Greg Goold,Anthony Beck,w1 anthony beck,1730,W1,0,1459,5.24,0.19,4.5
2024-09-09,Nadi Grewal,Martin Ricketts,e1 martin ricketts,1538,E1,0,1468,0.42,0.42,0
2024-10-14,Nadi Grewal,Jeremy Ryan,e1 jeremy ryan,1758,E1,0.5,1478,0.59,0.17,0.5
2024-11-04,Nadi Grewal,Piotr Graczyk,e1 piotr graczyk,1698,E1,0,1472,0.81,0.22,0.5
2024-12-17,Nadi Grewal,Csombor Hanczar,e1 csombor hanczar,1596,E1,0,1461,1.15,0.34,0.5
2024-10-08,Vianney Foglizzo,Roger Llewellyn,w1 roger llewellyn,1472,W1,1,1493,0.51,0.51,1
2024-10-15,Vianney Foglizzo,Claire Gorman,w1 claire gorman,1489,W1,0,1478,0.99,0.48,1
2024-11-05,Vianney Foglizzo,Jeff Boyce,w1 jeff boyce,1530,W1,0,1465,1.42,0.43,1
2024-11-26,Vianney Foglizzo,Jordan Heatman,w1 jordan heatman,1653,W1,0,1457,1.69,0.27,1
2024-08-16,Wayne Holland,Mark Reckless,e1 mark reckless,1566,E1,1,1497,0.38,0.38,1
2024-08-17,Wayne Holland,Reuben Hilliar,e1 reuben hilliar,1571,E1,0,1486,0.75,0.37,1
2024-08-17,Wayne Holland,Ann Tagg,NA,1476,ENG,0.5,1486,1.25,0.5,1.5
2024-08-18,Wayne Holland,David Long,NA,1673,ENG,0,1478,1.5,0.25,1.5
2024-08-18,Wayne Holland,Toby Reckless,e1 toby reckless,1511,E1,0,1465,1.95,0.45,1.5
2024-09-03,Wayne Holland,Gareth Richards,e1 gareth richards,1574,E1,0,1454,2.32,0.37,1.5
2024-09-14,Wayne Holland,Arush Ajai Murthy,e1 arush ajai murthy,1745,E1,0,1448,2.5,0.18,1.5
2024-09-14,Wayne Holland,John A Williams,g1 john a williams,1773,G1,1,1474,2.65,0.15,2.5
2024-09-15,Wayne Holland,Joshua Colcombe,g1 joshua colcombe,1561,G1,1,1492,3.03,0.38,3.5
2024-09-15,Wayne Holland,Naveen Daniel George,NA,1725,ENG,0,1486,3.22,0.19,3.5
2024-09-30,Wayne Holland,Jeremy Ryan,e1 jeremy ryan,1758,E1,0,1481,3.39,0.17,3.5
2024-10-29,Wayne Holland,James Choung,e1 james choung,1364,E1,0,1462,4.05,0.66,3.5
2024-11-04,Wayne Holland,Richard Larg,e1 richard larg,1598,E1,0.5,1467,4.38,0.33,4
2024-11-15,Wayne Holland,Chase Winter,NA,1350,Est,0,1446,5.06,0.68,4
2024-11-16,Wayne Holland,David Foster,w1 david foster,1591,W1,0,1436,5.4,0.34,4
2024-11-16,Wayne Holland,Jacob Limeslade,e1 jacob limeslade,1396,E1,0.5,1433,6.02,0.62,4.5
2024-11-17,Wayne Holland,Tomos Francis,w1 tomos francis,1316,W1,1,1441,6.74,0.72,5.5
2024-11-17,Wayne Holland,Emyr-Wyn Francis,w1 emyr-wyn francis,1350,W1,1,1451,7.42,0.68,6.5
2024-11-26,Wayne Holland,Sergio Esteves,e1 sergio esteves,1743,E1,0,1445,7.6,0.18,6.5
2024-12-02,Wayne Holland,Sam White,e1 sam white,1591,E1,0.5,1450,7.94,0.34,7
2024-09-24,Roger Llewellyn,John Giannini,w1 john giannini,1310,W1,1,1480,0.72,0.72,1
2024-10-08,Roger Llewellyn,Vianney Foglizzo,w1 vianney foglizzo,1478,W1,0,1466,1.21,0.49,1
2024-10-15,Roger Llewellyn,Danny Ashburner,w1 danny ashburner,1790,W1,0,1462,1.35,0.14,1
2024-11-12,Roger Llewellyn,Ian Phillips,w1 ian phillips,1421,W1,0.5,1459,1.92,0.57,1.5
2024-11-15,Hasini Pamuditha Liyanage,Roy Thomas,e1 roy thomas,1840,E1,0,1465,0.11,0.11,0
2024-11-16,Hasini Pamuditha Liyanage,Ben Brewer,d1 ben brewer,1895,D1,0,1462,0.21,0.1,0
2024-11-16,Hasini Pamuditha Liyanage,Julie Van Kemenade,n1 julie van kemenade,1797,N1,0,1458,0.34,0.13,0
2024-11-17,Hasini Pamuditha Liyanage,Steve Williams (Cwm),g1 steve williams (cwm),1698,G1,0,1452,0.55,0.21,0
2024-07-02,Toby Blankley,Rhys Bounds,e1 rhys bounds,1327,E1,0.5,1461,0.69,0.69,0.5
2024-07-09,Toby Blankley,Arjan Reddy,e1 arjan reddy,1310,E1,1,1470,1.4,0.71,1.5
2024-07-16,Toby Blankley,Andrei Zhuravlev,e1 andrei zhuravlev,1484,E1,0,1456,1.88,0.48,1.5
2024-10-16,Joe Rogers,Daniel Attrill,w1 daniel attrill,1425,W1,1,1480,0.56,0.56,1
2024-10-23,Joe Rogers,Mike Richards,w1 mike richards,1548,W1,0.5,1484,0.95,0.39,1.5
2024-10-30,Joe Rogers,Paul Bevan,w1 paul bevan,1510,W1,1,1500,1.39,0.44,2.5
2024-11-27,Julien Potier,Greg Goold,w1 greg goold,1482,W1,1,1482,0.48,0.48,1
2024-12-11,Julien Potier,Carl Halpin,w1 carl halpin,1616,W1,1,1503,0.78,0.3,2
2024-12-17,Julien Potier,Dale Westcott,w1 dale westcott,1824,W1,0,1499,0.89,0.11,2
2024-09-09,Tony Goodchild,Jordan Heatman,w1 jordan heatman,1653,W1,0,1457,0.25,0.25,0
2024-09-13,Tony Goodchild,Leon Vincent,w1 leon vincent,1486,W1,0,1443,0.72,0.47,0
2024-09-24,Tony Goodchild,Gary Harber,w1 gary harber,1489,W1,1,1459,1.19,0.47,1
2024-10-02,Tony Goodchild,Jeff Boyce,w1 jeff boyce,1530,W1,0,1447,1.6,0.41,1
2024-10-15,Tony Goodchild,Glyn Hill,w1 glyn hill,1449,W1,1,1461,2.12,0.52,2
2024-10-16,Tony Goodchild,Aaron Davies,w1 aaron davies,1530,W1,1,1479,2.53,0.41,3
2024-10-22,Tony Goodchild,Joic Majo,w1 joic majo,1454,W1,0.5,1479,3.05,0.52,3.5
2024-10-29,Tony Goodchild,Cain Francis,w1 cain francis,1400,W1,0,1461,3.64,0.59,3.5
2024-10-30,Tony Goodchild,Riley Fitzpatrick,w1 riley fitzpatrick,1361,W1,1,1472,4.29,0.65,4.5
2024-11-04,Tony Goodchild,Nick Hale,w1 nick hale,1484,W1,1,1487,4.76,0.47,5.5
2024-11-08,Tony Goodchild,Wiliam Francis,w1 wiliam francis,1589,W1,0,1478,5.09,0.33,5.5
2024-11-13,Tony Goodchild,John Williams (W),w1 john williams (w),1358,W1,1,1488,5.74,0.65,6.5
2024-11-25,Tony Goodchild,Jonathan Baker,w1 jonathan baker,1612,W1,0,1479,6.04,0.3,6.5
2024-11-29,Tony Goodchild,David Foster,w1 david foster,1591,W1,1,1499,6.37,0.33,7.5
2024-12-03,Tony Goodchild,Louis Bathein,w1 louis bathein,1571,W1,1,1519,6.72,0.35,8.5
2024-12-10,Tony Goodchild,Ian Phillips,w1 ian phillips,1421,W1,0.5,1517,7.28,0.56,9
2024-12-18,Tony Goodchild,Phil Moss,w1 phil moss,1310,W1,1,1526,7.99,0.71,10
2024-09-18,Oliver Rush,Ben Richards,g1 ben richards,1599,G1,0,1455,0.31,0.31,0
2024-10-01,Oliver Rush,Chris Thompson,g1 chris thompson,1338,G1,0,1434,0.98,0.67,0
2024-10-16,Oliver Rush,Elijah Daniel,e1 elijah daniel,1392,E1,0,1416,1.58,0.6,0
2024-11-27,Oliver Rush,Howard Keane,g1 howard keane,1366,G1,1,1427,2.22,0.64,1
2024-12-11,Oliver Rush,Chris Thompson,g1 chris thompson,1338,G1,0.5,1422,2.89,0.67,1.5
2024-09-02,Chris Kavanagh,Raga Sreya Mandadapu,e1 raga sreya mandadapu,1332,E1,1,1471,0.68,0.68,1
2024-10-07,Chris Kavanagh,Mal Llewellyn,e1 mal llewellyn,1310,E1,0,1450,1.38,0.7,1
2024-11-04,Chris Kavanagh,Mal Llewellyn,e1 mal llewellyn,1310,E1,0,1428,2.08,0.7,1
2024-12-16,Chris Kavanagh,Mike White,e1 mike white,1403,E1,0.5,1426,2.66,0.58,1.5
2024-09-10,Andrew Powell,Kai Palmer,w1 kai palmer,1310,W1,1,1469,0.7,0.7,1
2024-09-23,Andrew Powell,Paul Bevan,w1 paul bevan,1510,W1,0.5,1471,1.13,0.43,1.5
2024-10-01,Andrew Powell,Janet Evans,w1 janet evans,1340,W1,1,1481,1.8,0.67,2.5
2024-10-08,Andrew Powell,Greg Goold,w1 greg goold,1482,W1,1,1497,2.27,0.47,3.5
2024-10-30,Andrew Powell,Steve Edwards,w1 steve edwards,1646,W1,0.5,1504,2.53,0.26,4
2024-11-05,Andrew Powell,Louis Bathein,w1 louis bathein,1571,W1,0,1494,2.88,0.35,4
2024-11-16,Andrew Powell,David Belochkin,e1 david belochkin,1535,E1,0,1482,3.27,0.39,4
2024-11-16,Andrew Powell,Tomos Francis,w1 tomos francis,1316,W1,1,1491,3.97,0.7,5
2024-11-17,Andrew Powell,Daniel Attrill,w1 daniel attrill,1425,W1,0.5,1490,4.52,0.55,5.5
2024-11-17,Andrew Powell,Angus Winter,w1 angus winter,1623,W1,0,1481,4.8,0.28,5.5
2024-11-19,Andrew Powell,Stuart Thomas,w1 stuart thomas,1310,W1,1,1490,5.5,0.7,6.5
2024-11-27,Andrew Powell,Kai Palmer,w1 kai palmer,1310,W1,0.5,1484,6.2,0.7,7
2024-12-04,Andrew Powell,Jonathan Baker,w1 jonathan baker,1612,W1,0,1475,6.49,0.29,7
2024-12-11,Andrew Powell,Nick Hale,w1 nick hale,1484,W1,0,1461,6.96,0.47,7
2024-08-17,Gwilym Davies-Kabir,Bjorn Oliver,g1 bjorn oliver,1604,G1,1,1480,0.3,0.3,1
2024-08-18,Gwilym Davies-Kabir,Jack Bull,g1 jack bull,1546,G1,0,1469,0.68,0.38,1
2024-08-17,Gwilym Davies-Kabir,Yimo Liu,e1 yimo liu,1326,E1,1,1478,1.36,0.68,2
2024-08-18,Gwilym Davies-Kabir,Jacob Limeslade,e1 jacob limeslade,1396,E1,0,1460,1.95,0.59,2
2024-10-08,William Selby,Gary Harber,w1 gary harber,1489,W1,1,1473,0.45,0.45,1
2024-10-22,William Selby,Sam Brown,w1 sam brown,1628,W1,0,1465,0.72,0.27,1
2024-12-02,William Selby,Sam Brown,w1 sam brown,1628,W1,0,1457,0.99,0.27,1
2024-07-05,Thomas Nalej,Jeremy FS Menadue,NA,2051,ENG,0,1452,0.1,0.1,0
2024-07-05,Thomas Nalej,Anay Agarwal,NA,1743,ENG,0.5,1462,0.26,0.16,0.5
2024-07-07,Thomas Nalej,Joshua Richards,w1 joshua richards,1762,W1,0,1458,0.41,0.15,0.5
2024-07-07,Thomas Nalej,Paul Chantrell,NA,1861,ENG,0,1455,0.51,0.1,0.5
2024-07-08,Thomas Nalej,Paul Moulson,g1 paul moulson,1644,G1,0,1447,0.76,0.25,0.5
2024-07-09,Thomas Nalej,John A Williams,g1 john a williams,1773,G1,0,1443,0.9,0.14,0.5
2024-07-09,Thomas Nalej,Mark Emblem,g1 mark emblem,1572,G1,0.5,1448,1.24,0.34,1
2024-10-22,Joic Majo,Tony Goodchild,w1 tony goodchild,1465,W1,0.5,1454,0.48,0.48,0.5
2024-11-05,Joic Majo,Stuart Thomas,w1 stuart thomas,1310,W1,0.5,1449,1.18,0.7,1
2024-11-26,Joic Majo,Louis Bathein,w1 louis bathein,1571,W1,1,1468,1.52,0.34,2
2024-12-02,Joic Majo,Paul Bevan,w1 paul bevan,1510,W1,0,1456,1.94,0.42,2
2024-12-10,Joic Majo,Daniel Attrill,w1 daniel attrill,1425,W1,0.5,1455,2.48,0.54,2.5
2024-09-18,Chris Morton,Charlie Gibson,g1 charlie gibson,1536,G1,0.5,1455,0.38,0.38,0.5
2024-10-02,Chris Morton,Howard Keane,g1 howard keane,1366,G1,1,1466,1,0.62,1.5
2024-10-15,Chris Morton,Charlie Cooper,g1 charlie cooper,1412,G1,1,1479,1.56,0.56,2.5
2024-11-13,Chris Morton,Howard Keane,g1 howard keane,1366,G1,1,1491,2.18,0.62,3.5
2024-11-27,Chris Morton,Matthew Davies (Aber),g1 matthew davies (aber),1528,G1,0,1479,2.57,0.39,3.5
2024-11-13,Merle Field,Susan F Parry,n1 susan f parry,1501,N1,0,1437,0.43,0.43,0
2024-11-28,Merle Field,Michael J Williams,n1 michael j williams,1814,N1,0,1434,0.54,0.11,0
2024-12-04,Merle Field,Harry Wood,n1 harry wood,1600,N1,1,1455,0.84,0.3,1
2024-09-25,Asifur Rahman,Samson Muputa,g1 samson muputa,1412,G1,1,1463,0.55,0.55,1
2024-10-14,Asifur Rahman,David Norris,g1 david norris,1603,G1,0,1455,0.84,0.29,1
2024-10-23,Asifur Rahman,Jack Bull,g1 jack bull,1546,G1,0,1444,1.21,0.37,1
2024-07-23,Bronwen Tuson,Prisha Gupta,NA,1409,IRL,1,1463,0.56,0.56,1
2024-07-23,Bronwen Tuson,Sophie Mehta,NA,1816,ENG,0,1460,0.67,0.11,1
2024-07-24,Bronwen Tuson,Florence Wilson,NA,1916,SCO,1,1487,0.77,0.1,2
2024-07-24,Bronwen Tuson,Sahana Chakraborty,NA,764,EST,1,1490,1.67,0.9,3
2024-07-25,Bronwen Tuson,Anum Sheikh,NA,1967,ENG,0,1487,1.77,0.1,3
2024-08-16,Bronwen Tuson,Mike Stannard,g1 mike stannard,1562,G1,0.5,1492,2.11,0.34,3.5
2024-08-17,Bronwen Tuson,Dillon Harle,NA,1481,EST,1,1508,2.57,0.46,4.5
2024-08-17,Bronwen Tuson,Naveen Daniel George,NA,1725,ENG,0,1503,2.74,0.17,4.5
2024-08-18,Bronwen Tuson,Shaun Walsh,NA,1578,ENG,1,1523,3.06,0.32,5.5
2024-08-18,Bronwen Tuson,Anthony Tatam,NA,1691,ENG,1,1547,3.26,0.2,6.5
2024-09-14,Bronwen Tuson,Jon Tuson,d1 jon tuson,1796,D1,1,1574,3.38,0.12,7.5
2024-09-14,Bronwen Tuson,John Mcgregor,e1 john mcgregor,1890,E1,0,1571,3.48,0.1,7.5
2024-09-14,Bronwen Tuson,Steve Jones,e1 steve jones,1784,E1,0,1567,3.61,0.13,7.5
2024-09-15,Bronwen Tuson,Maazin Rizwan,NA,1488,EST,1,1583,4.06,0.45,8.5
2024-09-15,Bronwen Tuson,Deio Parri,n1 deio parri,1751,N1,1,1609,4.21,0.15,9.5
2024-12-02,Tristan Griffith,Darson Beeston,w1 darson beeston,1730,W1,0,1444,0.17,0.17,0
2024-08-16,Glyn Hill,David Long,NA,1673,ENG,0.5,1458,0.22,0.22,0.5
2024-08-17,Glyn Hill,Carolus Tang,NA,1668,ENG,0,1451,0.44,0.22,0.5
2024-08-17,Glyn Hill,Jacob Limeslade,e1 jacob limeslade,1396,E1,0,1434,1.02,0.58,0.5
2024-08-18,Glyn Hill,Noah Pynn,NA,1400,Est,1,1447,1.59,0.57,1.5
2024-08-18,Glyn Hill,Shaun Walsh,NA,1578,ENG,1,1467,1.91,0.32,2.5
2024-09-13,Glyn Hill,Bradley Parfitt,w1 bradley parfitt,1344,W1,1,1477,2.56,0.65,3.5
2024-09-14,Glyn Hill,Arush Ajai Murthy,e1 arush ajai murthy,1745,E1,0,1473,2.71,0.15,3.5
2024-09-14,Glyn Hill,Henry Burton,d1 henry burton,1310,D1,0,1452,3.4,0.69,3.5
2024-09-14,Glyn Hill,Emyr-Wyn Francis,w1 emyr-wyn francis,1350,W1,1,1463,4.04,0.64,4.5
2024-09-15,Glyn Hill,John A Williams,g1 john a williams,1773,G1,0,1459,4.17,0.13,4.5
2024-09-15,Glyn Hill,Chris Thompson,g1 chris thompson,1338,G1,0,1439,4.82,0.65,4.5
2024-09-17,Glyn Hill,Rhydian Fox,w1 rhydian fox,1400,W1,1,1452,5.39,0.57,5.5
2024-09-18,Glyn Hill,Riley Fitzpatrick,w1 riley fitzpatrick,1361,W1,0,1433,6.01,0.62,5.5
2024-09-24,Glyn Hill,Steffani Dimitrova,w1 steffani dimitrova,1350,W1,0,1414,6.65,0.64,5.5
2024-10-01,Glyn Hill,Steffani Dimitrova,w1 steffani dimitrova,1350,W1,0,1395,7.29,0.64,5.5
2024-10-08,Glyn Hill,June Evans,w1 june evans,1355,W1,1,1406,7.92,0.63,6.5
2024-10-15,Glyn Hill,Tony Goodchild,w1 tony goodchild,1465,W1,0,1392,8.4,0.48,6.5
2024-10-16,Glyn Hill,John Arnold,w1 john arnold,1716,W1,0,1387,8.58,0.18,6.5
2024-10-22,Glyn Hill,Louis Bathein,w1 louis bathein,1571,W1,0.5,1392,8.91,0.33,7
2024-10-30,Glyn Hill,Danny Ashburner,w1 danny ashburner,1790,W1,0,1388,9.03,0.12,7
2024-11-05,Glyn Hill,Leon Vincent,w1 leon vincent,1486,W1,0,1375,9.48,0.45,7
2024-11-15,Glyn Hill,Steve Williams (Cwm),g1 steve williams (cwm),1698,G1,0,1369,9.67,0.19,7
2024-11-16,Glyn Hill,Claire Gorman,w1 claire gorman,1489,W1,1,1385,10.11,0.44,8
2024-11-16,Glyn Hill,Henry Burton,d1 henry burton,1310,D1,1,1395,10.8,0.69,9
2024-11-17,Glyn Hill,Adam Sarwar,e1 adam sarwar,1680,E1,0.5,1404,11.01,0.21,9.5
2024-11-17,Glyn Hill,Leon Vincent,w1 leon vincent,1486,W1,1,1420,11.46,0.45,10.5
2024-11-19,Glyn Hill,Paul Thomas,w1 paul thomas,1602,W1,0,1411,11.75,0.29,10.5
2024-11-26,Glyn Hill,Steffani Dimitrova,w1 steffani dimitrova,1350,W1,1,1422,12.39,0.64,11.5
2024-12-04,Glyn Hill,Adrian May,w1 adrian may,1310,W1,1,1431,13.08,0.69,12.5
2024-09-18,Dave Hurst,Noah Pynn,g1 noah pynn,1350,G1,1,1460,0.64,0.64,1
2024-10-02,Dave Hurst,Micah Matheson,g1 micah matheson,1350,G1,1,1471,1.28,0.64,2
2024-10-30,Dave Hurst,Mike Stannard,g1 mike stannard,1562,G1,0,1460,1.62,0.34,2
2024-11-27,Dave Hurst,Elijah Daniel,e1 elijah daniel,1392,E1,0,1443,2.2,0.58,2
2024-09-09,Tomos Ilett,Marcus Bedwell,e1 marcus bedwell,1336,E1,1,1455,0.65,0.65,1
2024-09-23,Tomos Ilett,Angus Lloyd,e1 angus lloyd,1522,E1,0,1444,1.04,0.39,1
2024-10-15,Tomos Ilett,Adam Sarwar,e1 adam sarwar,1680,E1,0,1438,1.25,0.21,1
2024-11-25,Tomos Ilett,Jacob Harris,e1 jacob harris,1500,E1,1,1455,1.67,0.42,2
2024-10-07,Patrick Civil,Rhodri Chwieseni,e1 rhodri chwieseni,1310,E1,1,1452,0.68,0.68,1
2024-10-21,Patrick Civil,Gwawr Evans,e1 gwawr evans,1310,E1,1,1461,1.36,0.68,2
2024-10-21,Patrick Civil,Matt Straiton,e1 matt straiton,1550,E1,0,1451,1.71,0.35,2
2024-11-04,Patrick Civil,Angus Lloyd,e1 angus lloyd,1522,E1,0.5,1454,2.1,0.39,2.5
2024-12-17,Patrick Civil,Mark Reckless,e1 mark reckless,1566,E1,1,1474,2.43,0.33,3.5
2024-09-13,Dylan Greenway,Advik Samiaiya,w1 advik samiaiya,1387,W1,1,1451,0.57,0.57,1
2024-09-17,Dylan Greenway,Cain Francis,w1 cain francis,1400,W1,0,1434,1.12,0.55,1
2024-09-24,Dylan Greenway,David Foster,w1 david foster,1591,W1,0,1425,1.41,0.29,1
2024-10-01,Dylan Greenway,David Foster,w1 david foster,1591,W1,0,1417,1.7,0.29,1
2024-10-15,Dylan Greenway,James Harford,w1 james harford,1828,W1,0,1414,1.8,0.1,1
2024-11-19,Dylan Greenway,John Giannini,w1 john giannini,1310,W1,1,1423,2.48,0.68,2
2024-11-26,Dylan Greenway,Jacob Wright,w1 jacob wright,1359,W1,1,1435,3.09,0.61,3
2024-11-29,Dylan Greenway,Paul Thomas,w1 paul thomas,1602,W1,0.5,1442,3.37,0.28,3.5
2024-09-03,Anthony Williams,Joshua Phillips,e1 joshua phillips,1310,E1,1,1447,0.68,0.68,1
2024-10-22,Anthony Williams,Mike White,e1 mike white,1403,E1,0,1430,1.23,0.55,1
2024-11-04,Anthony Williams,Ben Hannigan,e1 ben hannigan,1533,E1,0,1419,1.6,0.37,1
2024-11-19,Anthony Williams,Constantine Popov,e1 constantine popov,1431,E1,1,1434,2.11,0.51,2
2024-12-02,Anthony Williams,Phil Jones,e1 phil jones,1529,E1,0,1423,2.48,0.37,2
2024-12-09,Anthony Williams,Mike Smith,e1 mike smith,1488,E1,0,1410,2.91,0.43,2
2024-12-03,Kenul Herath,James Choung,e1 james choung,1364,E1,0,1413,0.6,0.6,0
2024-07-02,Constantine Popov,Csege Hanczar,e1 csege hanczar,1619,E1,0,1423,0.25,0.25,0
2024-07-09,Constantine Popov,Yimo Liu,e1 yimo liu,1326,E1,1,1434,0.9,0.65,1
2024-07-13,Constantine Popov,Nathanael Waller,NA,1378,ENG,0,1417,1.48,0.58,1
2024-07-13,Constantine Popov,Samuel Shah,NA,1645,ENG,0,1410,1.71,0.23,1
2024-07-16,Constantine Popov,Toby Sargents,e1 toby sargents,1365,E1,1,1422,2.3,0.59,2
2024-07-23,Constantine Popov,Krish Bhattacharjee,NA,1469,FIDE,0,1409,2.75,0.45,2
2024-07-23,Constantine Popov,Adamjeet Singh,NA,1740,ENG,0,1404,2.89,0.14,2
2024-07-24,Constantine Popov,Atticus Yip,NA,1598,SCO,0,1396,3.17,0.28,2
2024-07-24,Constantine Popov,Dylan Flanagan,NA,1655,FIDE,0,1390,3.39,0.22,2
2024-07-25,Constantine Popov,Rezin C Catabay,NA,1895,ENG,0,1387,3.49,0.1,2
2024-09-11,Constantine Popov,Henry Jones,e1 henry jones,1310,E1,1,1397,4.16,0.67,3
2024-09-14,Constantine Popov,Joshua Colcombe,g1 joshua colcombe,1561,G1,1,1417,4.48,0.32,4
2024-09-14,Constantine Popov,Lucas Zheng,e1 lucas zheng,1709,E1,0,1412,4.65,0.17,4
2024-09-15,Constantine Popov,Adam Sarwar,e1 adam sarwar,1680,E1,0,1406,4.84,0.19,4
2024-09-15,Constantine Popov,Henry Burton,d1 henry burton,1310,D1,0,1386,5.51,0.67,4
2024-09-17,Constantine Popov,Sam White,e1 sam white,1591,E1,0.5,1393,5.79,0.28,4.5
2024-09-24,Constantine Popov,Isaac Kennedy,e1 isaac kennedy,1310,E1,1,1403,6.46,0.67,5.5
2024-10-13,Constantine Popov,Stuart Enoch,e1 stuart enoch,1569,E1,0,1393,6.77,0.31,5.5
2024-10-15,Constantine Popov,William Roberts,e1 william roberts,1355,E1,0,1375,7.38,0.61,5.5
2024-11-05,Constantine Popov,Kevin Stephens,e1 kevin stephens,1683,E1,0,1369,7.57,0.19,5.5
2024-11-19,Constantine Popov,Anthony Williams,e1 anthony williams,1437,E1,0,1355,8.06,0.49,5.5
2024-12-03,Constantine Popov,David Jones,e1 david jones,1560,E1,1,1375,8.38,0.32,6.5
2024-12-14,Constantine Popov,Silk Irie-Williams,NA,1206,ENG,1,1381,9.17,0.79,7.5
2024-12-14,Constantine Popov,Dildarav Lishoy Gengis Paratazham,NA,2074,ENG,0,1378,9.27,0.1,7.5
2024-12-14,Constantine Popov,Donir Alpeev,NA,1357,ENG,0.5,1375,9.87,0.6,8
2024-12-14,Constantine Popov,Mobai Lu,NA,1347,ENG,1,1387,10.49,0.62,9
2024-12-15,Constantine Popov,Christian Delfaud,NA,1438,ENG,0,1372,10.98,0.49,9
2024-12-15,Constantine Popov,Rishabh Iyer,NA,1421,ENG,0.5,1372,11.49,0.51,9.5
2024-12-15,Constantine Popov,Niles Zhao,NA,1336,ENG,0.5,1368,12.12,0.63,10
2024-09-17,Lucio Nocivelli,Chris Thompson,g1 chris thompson,1338,G1,0,1410,0.63,0.63,0
2024-10-02,Lucio Nocivelli,Gareth Holyfield,g1 gareth holyfield,1502,G1,0.5,1413,1.03,0.4,0.5
2024-10-15,Lucio Nocivelli,Charlie Gibson,g1 charlie gibson,1536,G1,0,1403,1.38,0.35,0.5
2024-12-03,Lucio Nocivelli,Adam Cooper,g1 adam cooper,1346,G1,1,1414,2,0.62,1.5
2024-12-17,Lucio Nocivelli,Bob Stanworth,g1 bob stanworth,1584,G1,1,1436,2.29,0.29,2.5
2024-09-09,Daniel Attrill,Anthony Beck,w1 anthony beck,1730,W1,0,1421,0.15,0.15,0
2024-09-24,Daniel Attrill,Derek Bellamy,w1 derek bellamy,1500,W1,0.5,1424,0.54,0.39,0.5
2024-10-02,Daniel Attrill,Stuart Thomas,w1 stuart thomas,1310,W1,1,1434,1.2,0.66,1.5
2024-10-15,Daniel Attrill,Steffani Dimitrova,w1 steffani dimitrova,1350,W1,1,1446,1.81,0.61,2.5
2024-10-16,Daniel Attrill,Joe Rogers,w1 joe rogers,1467,W1,0,1433,2.25,0.44,2.5
2024-10-22,Daniel Attrill,Cameron Ferguson,w1 cameron ferguson,1392,W1,1,1446,2.8,0.55,3.5
2024-10-29,Daniel Attrill,Cameron Ferguson,w1 cameron ferguson,1392,W1,1,1460,3.35,0.55,4.5
2024-11-08,Daniel Attrill,Emyr-Wyn Francis,w1 emyr-wyn francis,1350,W1,1,1472,3.96,0.61,5.5
2024-11-15,Daniel Attrill,Kevin Heady,d1 kevin heady,1680,D1,0,1466,4.15,0.19,5.5
2024-11-16,Daniel Attrill,Chris Thompson,g1 chris thompson,1338,G1,0,1447,4.77,0.62,5.5
2024-11-16,Daniel Attrill,Amir Jamil,e1 amir jamil,1422,E1,1,1462,5.27,0.5,6.5
2024-11-17,Daniel Attrill,Andrew Powell,w1 andrew powell,1460,W1,0.5,1464,5.72,0.45,7
2024-11-17,Daniel Attrill,Andrew Burton,NA,1310,Est,1,1474,6.38,0.66,8
2024-11-25,Daniel Attrill,Guto Llywelyn,w1 guto llywelyn,1589,W1,0,1465,6.66,0.28,8
2024-12-10,Daniel Attrill,Joic Majo,w1 joic majo,1454,W1,0.5,1467,7.12,0.46,8.5
2024-07-06,Rhys Davies,Loris Combezou-Gobert,NA,1199,EST,0,1401,0.79,0.79,0
2024-07-06,Rhys Davies,Pablo Simon,NA,1515,FIDE,1,1420,1.16,0.37,1
2024-07-06,Rhys Davies,Etienne Lloret,NA,1730,FIDE,0,1416,1.31,0.15,1
2024-07-06,Rhys Davies,Louis Sedillot,NA,1515,FIDE,1,1435,1.68,0.37,2
2024-07-06,Rhys Davies,Melusine Troadec,NA,1629,FIDE,0,1428,1.92,0.24,2
2024-07-06,Rhys Davies,Louis Leger,NA,1199,FIDE,1,1434,2.71,0.79,3
2024-07-06,Rhys Davies,Anaelle Carnet,NA,1625,FIDE,0,1427,2.95,0.24,3
2024-07-06,Rhys Davies,Lucas Bourain,NA,1009,EST,1,1430,3.85,0.9,4
2024-07-06,Rhys Davies,Timeo Douarinou,NA,1607,FIDE,0,1422,4.11,0.26,4
2024-09-03,Rhys Davies,Seb Hoccom,e1 seb hoccom,1394,E1,1,1436,4.65,0.54,5
2024-09-23,Rhys Davies,Mark Chinnick,e1 mark chinnick,1540,E1,0,1425,4.99,0.34,5
2024-10-15,Rhys Davies,James Choung,e1 james choung,1364,E1,0,1408,5.58,0.59,5
2024-11-11,Rhys Davies,Martin Ricketts,e1 martin ricketts,1538,E1,1,1428,5.92,0.34,6
2024-11-25,Rhys Davies,Rhodri Chwieseni,e1 rhodri chwieseni,1310,E1,1,1438,6.58,0.66,7
2024-07-23,Amir Jamil,George White,NA,1635,FIDE,0,1415,0.23,0.23,0
2024-07-23,Amir Jamil,Krish Keshari,NA,1804,ENG,0,1412,0.33,0.1,0
2024-07-24,Amir Jamil,Haruo Uegaki,NA,1617,SCO,0,1405,0.58,0.25,0
2024-07-24,Amir Jamil,Furion Kapitanski,NA,1581,FIDE,0,1396,0.87,0.29,0
2024-07-25,Amir Jamil,Arthur Kendall,NA,1876,ENG,0,1393,0.97,0.1,0
2024-09-14,Amir Jamil,Marcell Vesz,e1 marcell vesz,1725,E1,0,1389,1.12,0.15,0
2024-09-14,Amir Jamil,Naveen Daniel George,NA,1725,ENG,0,1384,1.27,0.15,0
2024-09-15,Amir Jamil,Henry Burton,d1 henry burton,1310,D1,0,1365,1.93,0.66,0
2024-09-15,Amir Jamil,Emyr-Wyn Francis,w1 emyr-wyn francis,1350,W1,1,1377,2.53,0.6,1
2024-10-15,Amir Jamil,Mabon Hanczar,e1 mabon hanczar,1312,E1,0,1357,3.18,0.65,1
2024-10-29,Amir Jamil,Adam Morris,e1 adam morris,1311,E1,0.5,1352,3.83,0.65,1.5
2024-11-05,Amir Jamil,Mike Smith,e1 mike smith,1488,E1,0,1340,4.24,0.41,1.5
2024-11-15,Amir Jamil,Adam Sarwar,e1 adam sarwar,1680,E1,0,1335,4.42,0.18,1.5
2024-11-16,Amir Jamil,Henry Burton,d1 henry burton,1310,D1,0,1315,5.08,0.66,1.5
2024-11-16,Amir Jamil,Daniel Attrill,w1 daniel attrill,1425,W1,0,1300,5.58,0.5,1.5
2024-11-17,Amir Jamil,Tomos Francis,w1 tomos francis,1316,W1,0,1281,6.23,0.65,1.5
2024-11-19,Amir Jamil,Jacob Limeslade,e1 jacob limeslade,1396,E1,0,1265,6.77,0.54,1.5
2024-12-03,Amir Jamil,Brendan Donovan,e1 brendan donovan,1310,E1,1,1275,7.43,0.66,2.5
2024-09-02,Thomas Naljon,Kevin Stephens,e1 kevin stephens,1683,E1,1,1446,0.18,0.18,1
2024-09-16,Thomas Naljon,Tom Jenney,e1 tom jenney,1378,E1,0,1429,0.74,0.56,1
2024-09-17,Thomas Naljon,Tomos Bryant,e1 tomos bryant,1340,E1,0,1410,1.35,0.61,1
2024-10-08,Ian Phillips,Derek Bellamy,w1 derek bellamy,1500,W1,1,1439,0.39,0.39,1
2024-10-15,Ian Phillips,Wiliam Francis,w1 wiliam francis,1589,W1,0.5,1446,0.67,0.28,1.5
2024-10-22,Ian Phillips,Paul Bevan,w1 paul bevan,1510,W1,1,1465,1.04,0.37,2.5
2024-11-05,Ian Phillips,Nick Hale,w1 nick hale,1484,W1,0,1453,1.45,0.41,2.5
2024-11-12,Ian Phillips,Roger Llewellyn,w1 roger llewellyn,1472,W1,0.5,1455,1.88,0.43,3
2024-11-26,Ian Phillips,Joshua Richards,w1 joshua richards,1762,W1,0,1451,2,0.12,3
2024-12-02,Ian Phillips,Sulaiman Nasir,w1 sulaiman nasir,1543,W1,1,1471,2.33,0.33,4
2024-12-10,Ian Phillips,Tony Goodchild,w1 tony goodchild,1465,W1,0.5,1473,2.77,0.44,4.5
2024-12-09,David Corney,Steve Jones,e1 steve jones,1784,E1,0,1414,0.11,0.11,0
2024-12-17,David Corney,Toby Reckless,e1 toby reckless,1511,E1,1,1433,0.48,0.37,1
2024-07-16,Charlie Cooper,Andrew Evans,g1 andrew evans,1577,G1,0,1404,0.28,0.28,0
2024-08-06,Charlie Cooper,Jim Sadler,g1 jim sadler,1509,G1,0,1393,0.64,0.36,0
2024-09-17,Charlie Cooper,George Thompson,g1 george thompson,1367,G1,1,1406,1.2,0.56,1
2024-10-02,Charlie Cooper,Noah Pynn,g1 noah pynn,1350,G1,0,1388,1.79,0.59,1
2024-10-15,Charlie Cooper,Chris Morton,g1 chris morton,1451,G1,0,1375,2.23,0.44,1
2024-11-05,Charlie Cooper,Howard Keane,g1 howard keane,1366,G1,1,1388,2.8,0.57,2
2024-11-13,Charlie Cooper,Micah Matheson,g1 micah matheson,1350,G1,1,1400,3.39,0.59,3
2024-12-03,Charlie Cooper,Gideon Way,g1 gideon way,1325,G1,0,1382,4.01,0.62,3
2024-12-17,Charlie Cooper,Matthew Davies (Aber),g1 matthew davies (aber),1528,G1,0,1371,4.35,0.34,3
2024-09-25,Samson Muputa,Asifur Rahman,g1 asifur rahman,1450,G1,0,1399,0.45,0.45,0
2024-10-14,Samson Muputa,Dakota Samson,g1 dakota samson,1550,G1,0,1389,0.76,0.31,0
2024-10-23,Samson Muputa,Paul Scott,g1 paul scott,1782,G1,0,1386,0.87,0.11,0
2024-11-06,Samson Muputa,Jim Sadler,g1 jim sadler,1509,G1,0,1375,1.23,0.36,0
2024-11-20,Samson Muputa,David Norris,g1 david norris,1603,G1,0,1368,1.48,0.25,0
2024-12-18,Samson Muputa,Jack Bull,g1 jack bull,1546,G1,0,1358,1.8,0.32,0
2024-07-02,Daniel Chaure-Larsen,Felix Deng,e1 felix deng,1310,E1,1,1422,0.64,0.64,1
2024-07-09,Daniel Chaure-Larsen,Liam Penny,e1 liam penny,1856,E1,0,1419,0.74,0.1,1
2024-07-16,Daniel Chaure-Larsen,Rhys Bounds,e1 rhys bounds,1327,E1,1,1430,1.36,0.62,2
2024-08-17,Emrys Davies-Kabir,Naveen Daniel George,NA,1534,FIDE,0,1400,0.33,0.33,0
2024-08-17,Emrys Davies-Kabir,David Long,NA,1673,ENG,0,1395,0.51,0.18,0
2024-08-18,Emrys Davies-Kabir,Yimo Liu,e1 yimo liu,1326,E1,0,1376,1.13,0.62,0
2024-09-10,Tony Williams,Claire Gorman,w1 claire gorman,1489,W1,1,1426,0.39,0.39,1
2024-10-02,Tony Williams,Louis Bathein,w1 louis bathein,1571,W1,0,1418,0.67,0.28,1
2024-10-09,Tony Williams,Stuart Thomas,w1 stuart thomas,1310,W1,1,1429,1.31,0.64,2
2024-10-23,Tony Williams,Adrian May,w1 adrian may,1310,W1,0,1410,1.95,0.64,2
2024-11-20,Tony Williams,Stuart Thomas,w1 stuart thomas,1310,W1,1,1421,2.59,0.64,3
2024-11-25,Tony Williams,Bobby Taylor,w1 bobby taylor,1355,W1,0,1403,3.17,0.58,3
2024-11-27,Tony Williams,Wiliam Francis,w1 wiliam francis,1589,W1,0,1396,3.43,0.26,3
2024-12-04,Tony Williams,Martin C Jones,d1 martin c jones,1788,D1,0,1393,3.53,0.1,3
2024-12-11,Tony Williams,Janet Evans,w1 janet evans,1340,W1,1,1405,4.13,0.6,4
2024-07-09,Blake Fry,Toby Reckless,e1 toby reckless,1511,E1,0,1394,0.35,0.35,0
2024-07-16,Blake Fry,Matilda Kennedy,e1 matilda kennedy,1310,E1,1,1405,0.98,0.63,1
2024-07-23,Bethan Mattingley,Anjali Singh,NA,1349,EST,0,1388,0.58,0.58,0
2024-07-23,Bethan Mattingley,Julie Oh,NA,1766,ENG,0,1384,0.69,0.11,0
2024-07-24,Bethan Mattingley,Angharad Hunt,NA,1491,FIDE,0,1373,1.07,0.38,0
2024-07-25,Bethan Mattingley,Michelle (Ngo yu) Chan,NA,1940,ENG,0,1370,1.17,0.1,0
2024-08-16,Sam Rhydderch,Reuben Hilliar,e1 reuben hilliar,1571,E1,0,1395,0.28,0.28,0
2024-08-17,Sam Rhydderch,Mark Reckless,e1 mark reckless,1566,E1,0.5,1401,0.56,0.28,0.5
2024-08-17,Sam Rhydderch,Yimo Liu,e1 yimo liu,1326,E1,1,1413,1.17,0.61,1.5
2024-08-18,Sam Rhydderch,Ann Tagg,NA,1476,ENG,1,1431,1.57,0.4,2.5
2024-08-18,Sam Rhydderch,David Long,NA,1673,ENG,0.5,1441,1.74,0.17,3
2024-10-23,Sam Rhydderch,Oleksandr Zhuravel,e1 oleksandr zhuravel,1310,E1,1,1452,2.37,0.63,4
2024-11-27,Sam Rhydderch,Chris Fox,e1 chris fox,1702,E1,0.5,1462,2.52,0.15,4.5
2024-12-04,Sam Rhydderch,Miltos Zoumekas,e1 miltos zoumekas,1700,E1,0,1458,2.67,0.15,4.5
2024-12-11,Sam Rhydderch,Hamid Farani Sani,e1 hamid farani sani,1600,E1,0,1451,2.91,0.24,4.5
2024-07-22,Mike White,Sam White,e1 sam white,1591,E1,0,1395,0.25,0.25,0
2024-10-07,Mike White,Tom Jenney,e1 tom jenney,1378,E1,0,1379,0.79,0.54,0
2024-10-15,Mike White,Seb Hoccom,e1 seb hoccom,1394,E1,0,1364,1.3,0.51,0
2024-10-22,Mike White,Anthony Williams,e1 anthony williams,1437,E1,1,1380,1.75,0.45,1
2024-11-04,Mike White,Shaun Harris,e1 shaun harris,1310,E1,1,1391,2.38,0.63,2
2024-12-16,Mike White,Chris Kavanagh,e1 chris kavanagh,1461,E1,0.5,1394,2.8,0.42,2.5
2024-09-17,Rhydian Fox,Glyn Hill,w1 glyn hill,1449,W1,0,1387,0.43,0.43,0
2024-11-12,Rhydian Fox,Emyr-Wyn Francis,w1 emyr-wyn francis,1350,W1,1,1400,1,0.57,1
2024-09-17,Cain Francis,Dylan Greenway,w1 dylan greenway,1438,W1,1,1417,0.45,0.45,1
2024-10-29,Cain Francis,Tony Goodchild,w1 tony goodchild,1465,W1,1,1434,0.86,0.41,2
2024-11-12,Cain Francis,David Foster,w1 david foster,1591,W1,0,1427,1.11,0.25,2
2024-11-11,Sami Hoosein,Kevin Stephens,e1 kevin stephens,1683,E1,0,1395,0.16,0.16,0
2024-11-26,Sami Hoosein,Simon Blackmore,e1 simon blackmore,1724,E1,0,1391,0.29,0.13,0
2024-11-13,Sam Jones,Andrei Zhuravlev,e1 andrei zhuravlev,1484,E1,0,1389,0.38,0.38,0
2024-11-20,Sam Jones,Abir Deshpande,e1 abir deshpande,1310,E1,1,1400,1.01,0.63,1
2024-11-27,Sam Jones,Joseph Sartin,e1 joseph sartin,1640,E1,0,1394,1.21,0.2,1
2024-12-04,Sam Jones,Oleksandr Zhuravel,e1 oleksandr zhuravel,1310,E1,1,1405,1.84,0.63,2
2024-12-11,Sam Jones,Stuart Enoch,e1 stuart enoch,1569,E1,0,1397,2.11,0.27,2
2024-12-18,Sam Jones,Miltos Zoumekas,e1 miltos zoumekas,1700,E1,0,1392,2.26,0.15,2
2024-10-14,Bevin Magama,Jack Bull,g1 jack bull,1546,G1,0,1391,0.3,0.3,0
2024-08-16,Mikhail Saparovich,Jeremy Jones,e1 jeremy jones,1596,E1,0,1393,0.24,0.24,0
2024-08-17,Mikhail Saparovich,Patrick Bourne,d1 patrick bourne,1670,D1,0,1387,0.41,0.17,0
2024-08-17,Mikhail Saparovich,Chris Peters,e1 chris peters,1673,E1,0.5,1397,0.58,0.17,0.5
2024-08-18,Mikhail Saparovich,David Rovaretti,e1 david rovaretti,1794,E1,0,1394,0.68,0.1,0.5
2024-08-18,Mikhail Saparovich,Anshul Swamy,e1 anshul swamy,1636,E1,0.5,1403,0.88,0.2,1
2024-07-02,Raman Rajoram,Alex Kennedy,e1 alex kennedy,1735,E1,1,1424,0.13,0.13,1
2024-07-09,Raman Rajoram,Alun Smith,e1 alun smith,1834,E1,0,1421,0.23,0.1,1
2024-07-16,Raman Rajoram,Joshua McKenna,e1 joshua mckenna,1926,E1,0,1418,0.33,0.1,1
2024-09-03,Raman Rajoram,Anshul Swamy,e1 anshul swamy,1636,E1,0,1412,0.53,0.2,1
2024-11-05,Raman Rajoram,Tim Whitchurch,e1 tim whitchurch,1568,E1,0.5,1419,0.8,0.27,1.5
2024-09-02,Tabitha Ryan,Artur Esteves,e1 artur esteves,1310,E1,1,1409,0.62,0.62,1
2024-09-30,Tabitha Ryan,Joshua Phillips,e1 joshua phillips,1310,E1,1,1421,1.24,0.62,2
2024-10-21,Tabitha Ryan,Steve Keable,e1 steve keable,1493,E1,1,1440,1.61,0.37,3
2024-09-13,Advik Ram,John Ward,w1 john ward,1327,W1,0,1379,0.6,0.6,0
2024-09-17,Advik Ram,Maisy Miles,w1 maisy miles,1310,W1,1,1390,1.22,0.62,1
2024-09-24,Advik Ram,Jacob Wright,w1 jacob wright,1359,W1,1,1404,1.77,0.55,2
2024-10-01,Advik Ram,Jacob Wright,w1 jacob wright,1359,W1,1,1417,2.32,0.55,3
2024-10-15,Advik Ram,Bradley Parfitt,w1 bradley parfitt,1344,W1,0,1400,2.9,0.58,3
2024-11-12,Advik Ram,Jacob Wright,w1 jacob wright,1359,W1,0,1383,3.45,0.55,3
2024-11-15,Advik Ram,Chris Peters,e1 chris peters,1673,E1,0,1378,3.62,0.17,3
2024-11-16,Advik Ram,Andrew Burton,NA,1310,Est,1,1389,4.24,0.62,4
2024-11-16,Advik Ram,Thomas Macdonald-Wright,w1 thomas macdonald-wright,1350,W1,1,1402,4.81,0.57,5
2024-11-17,Advik Ram,Jack Bull,g1 jack bull,1546,G1,0,1393,5.11,0.3,5
2024-11-17,Advik Ram,James Choung,e1 james choung,1364,E1,0,1377,5.66,0.55,5
2024-11-26,Advik Ram,Emyr-Wyn Francis,w1 emyr-wyn francis,1350,W1,1,1390,6.23,0.57,6
2024-08-17,Jacob Limeslade,Glyn Hill,w1 glyn hill,1449,W1,1,1413,0.42,0.42,1
2024-08-18,Jacob Limeslade,Hector Hu,NA,1571,ENG,1,1435,0.69,0.27,2
2024-08-18,Jacob Limeslade,Gwilym Davies-Kabir,g1 gwilym davies-kabir,1459,G1,1,1453,1.1,0.41,3
2024-10-07,Jacob Limeslade,Ben Hannigan,e1 ben hannigan,1533,E1,0.5,1459,1.41,0.31,3.5
2024-11-15,Jacob Limeslade,Jordan Heatman,w1 jordan heatman,1653,W1,0,1453,1.6,0.19,3.5
2024-11-16,Jacob Limeslade,Angus Winter,w1 angus winter,1623,W1,0,1447,1.81,0.21,3.5
2024-11-16,Jacob Limeslade,Wayne Holland,e1 wayne holland,1478,E1,0.5,1450,2.19,0.38,4
2024-11-17,Jacob Limeslade,Claire Gorman,w1 claire gorman,1489,W1,0,1439,2.56,0.37,4
2024-11-19,Jacob Limeslade,Amir Jamil,e1 amir jamil,1422,E1,1,1455,3.02,0.46,5
2024-12-02,Jacob Limeslade,Ieuan Thomas,e1 ieuan thomas,1492,E1,1,1474,3.39,0.37,6
2024-08-16,Jacob Limeslade,Ann Tagg,NA,1476,ENG,0,1463,3.78,0.39,6
2024-08-16,Jacob Limeslade,Phil McMahon,g1 phil mcmahon,1500,G1,0.5,1467,4.13,0.35,6.5
2024-10-14,Gee Garel,Mark Emblem,g1 mark emblem,1572,G1,1,1417,0.27,0.27,1
2024-10-23,Gee Garel,Dakota Samson,g1 dakota samson,1550,G1,1,1438,0.56,0.29,2
2024-07-02,Seb Hoccom,Kam Choo Yin,e1 kam choo yin,1823,E1,1,1421,0.1,0.1,1
2024-07-09,Seb Hoccom,Tim Kett,e1 tim kett,2199,E1,0.5,1433,0.2,0.1,1.5
2024-07-16,Seb Hoccom,David Belochkin,e1 david belochkin,1535,E1,0,1424,0.51,0.31,1.5
2024-09-03,Seb Hoccom,Rhys Davies,e1 rhys davies,1425,E1,0,1410,0.97,0.46,1.5
2024-09-24,Seb Hoccom,David Belochkin,e1 david belochkin,1535,E1,0,1401,1.28,0.31,1.5
2024-10-13,Seb Hoccom,Chris Fox,e1 chris fox,1702,E1,1,1427,1.43,0.15,2.5
2024-10-15,Seb Hoccom,Mike White,e1 mike white,1403,E1,1,1442,1.92,0.49,3.5
2024-11-19,Seb Hoccom,James Choung,e1 james choung,1364,E1,1,1456,2.46,0.54,4.5
2024-11-27,Seb Hoccom,Andrei Zhuravlev,e1 andrei zhuravlev,1484,E1,1,1474,2.83,0.37,5.5
2024-08-17,Elijah Daniel,Kevin Thomas,g1 kevin thomas,1800,G1,0,1389,0.1,0.1,0
2024-08-17,Elijah Daniel,Deio Parri,n1 deio parri,1751,N1,0,1386,0.21,0.11,0
2024-08-18,Elijah Daniel,Yaroslav Sharhorodsky,d1 yaroslav sharhorodsky,1830,D1,1,1413,0.31,0.1,1
2024-08-18,Elijah Daniel,David J Faulkner,NA,1886,ENG,0,1410,0.41,0.1,1
2024-09-14,Elijah Daniel,Andrew Di-Vetta,e1 andrew di-vetta,1830,E1,0,1407,0.51,0.1,1
2024-09-14,Elijah Daniel,Yaroslav Sharhorodsky,d1 yaroslav sharhorodsky,1830,D1,0,1404,0.61,0.1,1
2024-09-15,Elijah Daniel,Jack Hannigan,e1 jack hannigan,1650,E1,0,1398,0.79,0.18,1
2024-09-15,Elijah Daniel,Scott Hammett,d1 scott hammett,1816,D1,0,1395,0.89,0.1,1
2024-10-16,Elijah Daniel,Oliver Rush,g1 oliver rush,1464,G1,1,1413,1.29,0.4,2
2024-10-30,Elijah Daniel,Micah Matheson,g1 micah matheson,1350,G1,1,1426,1.85,0.56,3
2024-11-16,Elijah Daniel,Lucas Zheng,e1 lucas zheng,1709,E1,0.5,1437,1.99,0.14,3.5
2024-11-16,Elijah Daniel,Govind Anandkumar,e1 govind anandkumar,1719,E1,0,1433,2.12,0.13,3.5
2024-11-17,Elijah Daniel,Deio Parri,n1 deio parri,1751,N1,0,1430,2.23,0.11,3.5
2024-11-17,Elijah Daniel,Bob Hurn,e1 bob hurn,1731,E1,0,1426,2.35,0.12,3.5
2024-11-17,Elijah Daniel,Thomas Macdonald-Wright,w1 thomas macdonald-wright,1350,W1,0,1409,2.91,0.56,3.5
2024-11-27,Elijah Daniel,Dave Hurst,g1 dave hurst,1449,G1,1,1427,3.33,0.42,4.5
2024-09-17,Cameron Ferguson,Leon Vincent,w1 leon vincent,1486,W1,1,1411,0.37,0.37,1
2024-09-23,Cameron Ferguson,John Giannini,w1 john giannini,1310,W1,1,1422,0.99,0.62,2
2024-10-22,Cameron Ferguson,Daniel Attrill,w1 daniel attrill,1425,W1,0,1409,1.44,0.45,2
2024-10-29,Cameron Ferguson,Daniel Attrill,w1 daniel attrill,1425,W1,0,1395,1.89,0.45,2
2024-11-05,Peter Merrifield,Hugh Dominic Thompson,NA,1591,ENG,1,1412,0.24,0.24,1
2024-11-19,Peter Merrifield,Martin Scott,NA,1668,ENG,1,1437,0.41,0.17,2
2024-12-10,Peter Merrifield,Robert A Gordon,NA,1611,ENG,0,1430,0.63,0.22,2
2024-12-14,Peter Merrifield,Mason McDermott,NA,1580,? Est,0.5,1438,0.88,0.25,2.5
2024-12-14,Peter Merrifield,John Sears,NA,1580,? Est,0.5,1445,1.13,0.25,3
2024-10-22,Seth Livesey,Joe Muxlow,n1 joe muxlow,1758,N1,0,1384,0.11,0.11,0
2024-09-10,Advik Samiaiya,Steffani Dimitrova,w1 steffani dimitrova,1350,W1,0,1370,0.55,0.55,0
2024-09-13,Advik Samiaiya,Dylan Greenway,w1 dylan greenway,1438,W1,0,1358,0.98,0.43,0
2024-10-04,Advik Samiaiya,John Giannini,w1 john giannini,1310,W1,1,1369,1.59,0.61,1
2024-10-22,Advik Samiaiya,Casey Allen,w1 casey allen,1310,W1,0,1351,2.2,0.61,1
2024-11-08,Advik Samiaiya,Tomos Francis,w1 tomos francis,1316,W1,1,1363,2.8,0.6,2
2024-12-06,Advik Samiaiya,David Foster,w1 david foster,1591,W1,0.5,1371,3.04,0.24,2.5
2024-07-02,Otto Bartlett-Davis,Joshua McKenna,e1 joshua mckenna,1926,E1,0,1383,0.1,0.1,0
2024-07-09,Otto Bartlett-Davis,Mark Reckless,e1 mark reckless,1566,E1,1,1405,0.36,0.26,1
2024-07-13,Otto Bartlett-Davis,Aidan Burnside,NA,1645,ENG,0,1400,0.54,0.18,1
2024-07-13,Otto Bartlett-Davis,James Ratcliffe,NA,1774,ENG,0,1397,0.64,0.1,1
2024-07-16,Otto Bartlett-Davis,Tycho Twohig,e1 tycho twohig,1643,E1,0,1391,0.83,0.19,1
2024-07-23,Otto Bartlett-Davis,Korneliusz Bartczak,NA,1817,FIDE,0,1388,0.93,0.1,1
2024-07-23,Otto Bartlett-Davis,Aarav Katukuri,NA,1864,ENG,0,1385,1.03,0.1,1
2024-07-24,Otto Bartlett-Davis,Aadith Prabhu,NA,1749,SCO,0,1382,1.14,0.11,1
2024-07-24,Otto Bartlett-Davis,Dinuga Sanketh Basnayake,NA,1641,FIDE,0,1376,1.33,0.19,1
2024-07-25,Otto Bartlett-Davis,Srivathsan Sasikumar,NA,2004,ENG,0,1373,1.43,0.1,1
2024-09-17,Otto Bartlett-Davis,Peter Watkins,e1 peter watkins,1565,E1,1,1395,1.69,0.26,2
2024-09-24,Otto Bartlett-Davis,James Choung,e1 james choung,1364,E1,0.5,1394,2.22,0.53,2.5
2024-10-13,Otto Bartlett-Davis,Kevin Stephens,e1 kevin stephens,1683,E1,0.5,1405,2.37,0.15,3
2024-10-15,Otto Bartlett-Davis,Brendan Lee,e1 brendan lee,1310,E1,1,1416,2.98,0.61,4
2024-12-03,Otto Bartlett-Davis,Mike Smith,e1 mike smith,1488,E1,0,1406,3.34,0.36,4
2024-09-11,Bertie Carvey,Adam Sarwar,e1 adam sarwar,1680,E1,0,1381,0.16,0.16,0
2024-10-16,Bertie Carvey,Chris Fox,e1 chris fox,1702,E1,0.5,1392,0.3,0.14,0.5
2024-11-13,Bertie Carvey,Mark Chinnick,e1 mark chinnick,1540,E1,1,1413,0.59,0.29,1.5
2024-11-27,Bertie Carvey,Isaac Kennedy,e1 isaac kennedy,1310,E1,1,1425,1.2,0.61,2.5
2024-07-22,Tom Jenney,Adam Bees,e1 adam bees,1488,E1,1,1398,0.35,0.35,1
2024-07-29,Tom Jenney,Mark Chinnick,e1 mark chinnick,1540,E1,0,1389,0.63,0.28,1
2024-08-05,Tom Jenney,Andrew Jeanes,e1 andrew jeanes,1713,E1,0,1385,0.76,0.13,1
2024-08-12,Tom Jenney,Jack Davies,e1 jack davies,1320,E1,1,1398,1.34,0.58,2
2024-08-19,Tom Jenney,John Smart,e1 john smart,1310,E1,1,1410,1.94,0.6,3
2024-09-02,Tom Jenney,Adam Bees,e1 adam bees,1488,E1,0,1400,2.29,0.35,3
2024-09-16,Tom Jenney,Thomas Naljon,e1 thomas naljon,1421,E1,1,1416,2.73,0.44,4
2024-09-30,Tom Jenney,Mal Llewellyn,e1 mal llewellyn,1310,E1,0,1398,3.33,0.6,4
2024-10-07,Tom Jenney,Mike White,e1 mike white,1403,E1,1,1415,3.79,0.46,5
2024-10-28,Tom Jenney,James Choung,e1 james choung,1364,E1,0,1399,4.31,0.52,5
2024-11-11,Tom Jenney,Mike Smith,e1 mike smith,1488,E1,1,1419,4.66,0.35,6
2024-12-02,Tom Jenney,Richard Larg,e1 richard larg,1598,E1,0.5,1427,4.88,0.22,6.5
2024-11-20,Michael Binding,Jim Sadler,g1 jim sadler,1509,G1,1,1397,0.32,0.32,1
2024-08-16,George Thompson,Jack Bull,g1 jack bull,1546,G1,0,1359,0.26,0.26,0
2024-08-17,George Thompson,Toby Reckless,e1 toby reckless,1511,E1,0,1350,0.56,0.3,0
2024-08-18,George Thompson,Dillon Harle,NA,1458,ENG,0,1339,0.93,0.37,0
2024-08-18,George Thompson,Noah Pynn,g1 noah pynn,1350,G1,1,1353,1.45,0.52,1
2024-09-14,George Thompson,Naveen Daniel George,NA,1725,ENG,0,1350,1.56,0.11,1
2024-09-14,George Thompson,Donna Chadwick,NA,1515,ENG,0,1341,1.86,0.3,1
2024-09-14,George Thompson,Chris Thompson,g1 chris thompson,1338,G1,0.5,1339,2.4,0.54,1.5
2024-09-15,George Thompson,Emyr-Wyn Francis,w1 emyr-wyn francis,1350,W1,0,1324,2.92,0.52,1.5
2024-09-15,George Thompson,Tomos Francis,w1 tomos francis,1316,W1,1,1337,3.49,0.57,2.5
2024-09-17,George Thompson,Charlie Cooper,g1 charlie cooper,1412,G1,0,1324,3.93,0.44,2.5
2024-10-01,George Thompson,Trey Austen,g1 trey austen,1350,G1,0,1308,4.45,0.52,2.5
2024-10-16,George Thompson,James Richards,g1 james richards,1545,G1,1,1330,4.71,0.26,3.5
2024-11-19,George Thompson,Gareth Holyfield,g1 gareth holyfield,1502,G1,0,1320,5.02,0.31,3.5
2024-09-18,Howard Keane,James Richards,g1 james richards,1545,G1,0,1358,0.26,0.26,0
2024-10-02,Howard Keane,Chris Morton,g1 chris morton,1451,G1,0,1347,0.64,0.38,0
2024-10-16,Howard Keane,Mike Diamond,g1 mike diamond,1501,G1,0,1337,0.95,0.31,0
2024-11-05,Howard Keane,Charlie Cooper,g1 charlie cooper,1412,G1,0,1324,1.38,0.43,0
2024-11-13,Howard Keane,Chris Morton,g1 chris morton,1451,G1,0,1313,1.76,0.38,0
2024-11-27,Howard Keane,Oliver Rush,g1 oliver rush,1464,G1,0,1302,2.12,0.36,0
2024-12-11,Howard Keane,Gideon Way,g1 gideon way,1325,G1,0,1285,2.68,0.56,0
2024-07-02,Toby Sargents,Akshara Mandadapu,e1 akshara mandadapu,1321,E1,1,1378,0.56,0.56,1
2024-07-09,Toby Sargents,Mabon Hanczar,e1 mabon hanczar,1312,E1,1,1391,1.14,0.58,2
2024-07-16,Toby Sargents,Constantine Popov,e1 constantine popov,1431,E1,0,1379,1.55,0.41,2
2024-07-02,James Choung,Adam Sarwar,e1 adam sarwar,1680,E1,0,1360,0.14,0.14,0
2024-07-09,James Choung,Raga Sreya Mandadapu,e1 raga sreya mandadapu,1332,E1,1,1373,0.69,0.55,1
2024-07-13,James Choung,Samuel Shah,NA,1645,ENG,0.5,1383,0.86,0.17,1.5
2024-07-13,James Choung,Nathanael Waller,NA,1378,ENG,0,1369,1.34,0.48,1.5
2024-07-16,James Choung,Suraj Prabhu,e1 suraj prabhu,1727,E1,0,1366,1.45,0.11,1.5
2024-07-23,James Choung,Thomas Syms,NA,1700,FIDE,1,1392,1.58,0.13,2.5
2024-07-23,James Choung,Junyan Hu,NA,1851,ENG,0,1389,1.68,0.1,2.5
2024-07-24,James Choung,Oscar Yip,NA,1678,SCO,0,1385,1.82,0.14,2.5
2024-07-24,James Choung,Leo Kowalski Rubiales,NA,1593,FIDE,0,1378,2.03,0.21,2.5
2024-07-25,James Choung,Ramsey Dairi,NA,1931,ENG,0,1375,2.13,0.1,2.5
2024-09-02,James Choung,Steve Keable,e1 steve keable,1493,E1,0,1366,2.45,0.32,2.5
2024-09-17,James Choung,Phil Jones,e1 phil jones,1529,E1,0,1357,2.73,0.28,2.5
2024-09-24,James Choung,Otto Bartlett-Davis,e1 otto bartlett-davis,1386,E1,0.5,1358,3.2,0.47,3
2024-10-15,James Choung,Rhys Davies,e1 rhys davies,1425,E1,1,1376,3.61,0.41,4
2024-10-28,James Choung,Tom Jenney,e1 tom jenney,1378,E1,1,1392,4.09,0.48,5
2024-10-29,James Choung,Wayne Holland,e1 wayne holland,1478,E1,1,1411,4.43,0.34,6
2024-11-05,James Choung,Yusuf Sulemani,e1 yusuf sulemani,1700,E1,0,1408,4.56,0.13,6
2024-11-15,James Choung,Angus Winter,w1 angus winter,1623,W1,1,1432,4.74,0.18,7
2024-11-16,James Choung,Jordan Heatman,w1 jordan heatman,1653,W1,0,1427,4.9,0.16,7
2024-11-17,James Choung,Wiliam Francis,w1 wiliam francis,1589,W1,0.5,1436,5.11,0.21,7.5
2024-11-17,James Choung,Advik Ram,w1 advik ram,1397,W1,1,1452,5.56,0.45,8.5
2024-11-19,James Choung,Seb Hoccom,e1 seb hoccom,1394,E1,0,1438,6.02,0.46,8.5
2024-12-03,James Choung,Kenul Herath,e1 kenul herath,1431,E1,1,1456,6.42,0.4,9.5
2024-09-18,Riley Fitzpatrick,Glyn Hill,w1 glyn hill,1449,W1,1,1380,0.38,0.38,1
2024-09-25,Riley Fitzpatrick,Danny Ashburner,w1 danny ashburner,1790,W1,0,1377,0.48,0.1,1
2024-09-30,Riley Fitzpatrick,James Harford,w1 james harford,1828,W1,0,1374,0.58,0.1,1
2024-10-23,Riley Fitzpatrick,Kai Palmer,w1 kai palmer,1310,W1,1,1387,1.15,0.57,2
2024-10-30,Riley Fitzpatrick,Tony Goodchild,w1 tony goodchild,1465,W1,0,1376,1.5,0.35,2
2024-11-26,Riley Fitzpatrick,Adrian May,w1 adrian may,1310,W1,0,1359,2.07,0.57,2
2024-11-27,Riley Fitzpatrick,Claire Gorman,w1 claire gorman,1489,W1,1,1379,2.39,0.32,3
2024-12-18,Riley Fitzpatrick,Paul Thomas,w1 paul thomas,1602,W1,0,1373,2.59,0.2,3
2024-09-10,Jacob Wright,John Giannini,w1 john giannini,1310,W1,1,1372,0.57,0.57,1
2024-09-20,Jacob Wright,John Ward,w1 john ward,1327,W1,0,1356,1.12,0.55,1
2024-09-24,Jacob Wright,Advik Ram,w1 advik ram,1397,W1,0,1342,1.57,0.45,1
2024-10-01,Jacob Wright,Advik Ram,w1 advik ram,1397,W1,0,1329,2.02,0.45,1
2024-11-08,Jacob Wright,John Ward,w1 john ward,1327,W1,1,1342,2.57,0.55,2
2024-11-12,Jacob Wright,Advik Ram,w1 advik ram,1397,W1,1,1359,3.02,0.45,3
2024-11-26,Jacob Wright,Dylan Greenway,w1 dylan greenway,1438,W1,0,1347,3.41,0.39,3
2024-11-29,Jacob Wright,Bobby Taylor,w1 bobby taylor,1355,W1,0,1332,3.92,0.51,3
2024-12-06,Jacob Wright,John Ward,w1 john ward,1327,W1,0,1316,4.47,0.55,3
2024-09-18,John Williams (W),Elliot Chapman,w1 elliot chapman,1586,W1,0,1352,0.21,0.21,0
2024-10-02,John Williams (W),Sulaiman Nasir,w1 sulaiman nasir,1543,W1,0,1344,0.47,0.26,0
2024-10-09,John Williams (W),Jordan Heatman,w1 jordan heatman,1653,W1,0,1339,0.62,0.15,0
2024-10-16,John Williams (W),Spencer Ripley,w1 spencer ripley,1488,W1,0,1330,0.94,0.32,0
2024-10-23,John Williams (W),Steve Edwards,w1 steve edwards,1646,W1,0.5,1340,1.1,0.16,0.5
2024-11-06,John Williams (W),Roger Jenkins,w1 roger jenkins,1696,W1,0,1336,1.23,0.13,0.5
2024-11-13,John Williams (W),Tony Goodchild,w1 tony goodchild,1465,W1,0,1326,1.58,0.35,0.5
2024-12-11,John Williams (W),Claire Gorman,w1 claire gorman,1489,W1,0,1316,1.9,0.32,0.5
2024-09-18,June Evans,Greg Goold,w1 greg goold,1482,W1,0,1345,0.32,0.32,0
2024-10-01,June Evans,Wiliam Francis,w1 wiliam francis,1589,W1,0,1339,0.53,0.21,0
2024-10-08,June Evans,Glyn Hill,w1 glyn hill,1449,W1,0,1328,0.9,0.37,0
2024-10-09,June Evans,Louis Bathein,w1 louis bathein,1571,W1,0,1321,1.12,0.22,0
2024-10-16,June Evans,Nick Hale,w1 nick hale,1484,W1,1,1342,1.44,0.32,1
2024-11-04,June Evans,Bobby Taylor,w1 bobby taylor,1355,W1,1,1357,1.94,0.5,2
2024-11-19,June Evans,Wiliam Francis,w1 wiliam francis,1589,W1,0,1350,2.15,0.21,2
2024-12-11,June Evans,Aaron Davies,w1 aaron davies,1530,W1,0.5,1357,2.42,0.27,2.5
2024-07-08,Dave Mahoney,Peter Watkins,e1 peter watkins,1565,E1,0,1348,0.23,0.23,0
2024-07-22,Dave Mahoney,Steve Jones,e1 steve jones,1784,E1,0,1345,0.33,0.1,0
2024-08-05,Dave Mahoney,Phil Jones,e1 phil jones,1529,E1,0,1337,0.6,0.27,0
2024-08-19,Dave Mahoney,Sam White,e1 sam white,1591,E1,0,1331,0.8,0.2,0
2024-10-15,William Roberts,Constantine Popov,e1 constantine popov,1431,E1,1,1373,0.39,0.39,1
2024-09-09,Bobby Taylor,Carl Halpin,w1 carl halpin,1616,W1,0.5,1365,0.18,0.18,0.5
2024-09-10,Bobby Taylor,Tomos Francis,w1 tomos francis,1316,W1,0.5,1363,0.74,0.56,1
2024-11-04,Bobby Taylor,June Evans,w1 june evans,1355,W1,0,1348,1.24,0.5,1
2024-11-25,Bobby Taylor,Tony Williams,w1 tony williams,1408,W1,1,1365,1.66,0.42,2
2024-11-29,Bobby Taylor,Jacob Wright,w1 jacob wright,1359,W1,1,1380,2.15,0.49,3
2024-09-18,Trey Austen,Micah Matheson,g1 micah matheson,1350,G1,1,1365,0.5,0.5,1
2024-10-01,Trey Austen,George Thompson,g1 george thompson,1367,G1,1,1381,0.98,0.48,2
2024-10-30,Trey Austen,Jonathan Dark,g1 jonathan dark,1593,G1,1,1405,1.18,0.2,3
2024-11-05,Trey Austen,Adam Cooper,g1 adam cooper,1346,G1,1,1420,1.69,0.51,4
2024-11-27,Trey Austen,Micah Matheson,g1 micah matheson,1350,G1,1,1435,2.19,0.5,5
2024-12-11,Trey Austen,Zane Allford,g1 zane allford,1847,G1,0.5,1447,2.29,0.1,5.5
2024-09-10,Steffani Dimitrova,Advik Samiaiya,w1 advik samiaiya,1387,W1,1,1367,0.45,0.45,1
2024-09-24,Steffani Dimitrova,Glyn Hill,w1 glyn hill,1449,W1,1,1386,0.81,0.36,2
2024-10-01,Steffani Dimitrova,Glyn Hill,w1 glyn hill,1449,W1,1,1405,1.17,0.36,3
2024-10-15,Steffani Dimitrova,Daniel Attrill,w1 daniel attrill,1425,W1,0,1393,1.56,0.39,3
2024-11-26,Steffani Dimitrova,Glyn Hill,w1 glyn hill,1449,W1,0,1382,1.92,0.36,3
2024-09-14,Emyr-Wyn Francis,Wiliam Francis,w1 wiliam francis,1589,W1,0,1344,0.2,0.2,0
2024-09-14,Emyr-Wyn Francis,Joshua Colcombe,g1 joshua colcombe,1561,G1,0,1337,0.43,0.23,0
2024-09-14,Emyr-Wyn Francis,Glyn Hill,w1 glyn hill,1449,W1,0,1326,0.79,0.36,0
2024-09-15,Emyr-Wyn Francis,George Thompson,g1 george thompson,1367,G1,1,1342,1.27,0.48,1
2024-09-15,Emyr-Wyn Francis,Amir Jamil,e1 amir jamil,1422,E1,0,1330,1.67,0.4,1
2024-09-24,Emyr-Wyn Francis,Byron Minter,w1 byron minter,1310,W1,1,1343,2.23,0.56,2
2024-10-01,Emyr-Wyn Francis,Byron Minter,w1 byron minter,1310,W1,1,1357,2.79,0.56,3
2024-10-30,Emyr-Wyn Francis,Jeff Boyce,w1 jeff boyce,1530,W1,0,1349,3.05,0.26,3
2024-11-08,Emyr-Wyn Francis,Daniel Attrill,w1 daniel attrill,1425,W1,0,1337,3.44,0.39,3
2024-11-12,Emyr-Wyn Francis,Rhydian Fox,w1 rhydian fox,1400,W1,0,1324,3.87,0.43,3
2024-11-15,Emyr-Wyn Francis,Wiliam Francis,w1 wiliam francis,1589,W1,0,1318,4.07,0.2,3
2024-11-16,Emyr-Wyn Francis,Claire Gorman,w1 claire gorman,1489,W1,1,1339,4.38,0.31,4
2024-11-17,Emyr-Wyn Francis,Andrei Zhuravlev,e1 andrei zhuravlev,1484,E1,0,1329,4.7,0.32,4
2024-11-17,Emyr-Wyn Francis,Wayne Holland,e1 wayne holland,1478,E1,0,1320,5.02,0.32,4
2024-11-26,Emyr-Wyn Francis,Advik Ram,w1 advik ram,1397,W1,0,1307,5.45,0.43,4
2024-11-29,Emyr-Wyn Francis,Thomas Macdonald-Wright,w1 thomas macdonald-wright,1350,W1,1,1322,5.95,0.5,5
2024-12-06,Emyr-Wyn Francis,John Giannini,w1 john giannini,1310,W1,0.5,1320,6.51,0.56,5.5
2024-11-15,Thomas Macdonald-Wright,Elijah Daniel,e1 elijah daniel,1392,E1,1,1367,0.44,0.44,1
2024-11-16,Thomas Macdonald-Wright,Gareth Richards,e1 gareth richards,1574,E1,0,1360,0.66,0.22,1
2024-11-16,Thomas Macdonald-Wright,Advik Ram,w1 advik ram,1397,W1,0,1347,1.09,0.43,1
2024-11-17,Thomas Macdonald-Wright,David Foster,w1 david foster,1591,W1,0.5,1356,1.29,0.2,1.5
2024-11-29,Thomas Macdonald-Wright,Emyr-Wyn Francis,w1 emyr-wyn francis,1350,W1,0,1341,1.79,0.5,1.5
2024-09-18,Micah Matheson,Trey Austen,g1 trey austen,1350,G1,0,1335,0.5,0.5,0
2024-10-02,Micah Matheson,Dave Hurst,g1 dave hurst,1449,G1,0,1324,0.86,0.36,0
2024-10-16,Micah Matheson,Chris Thompson,g1 chris thompson,1338,G1,1,1339,1.38,0.52,1
2024-10-30,Micah Matheson,Elijah Daniel,e1 elijah daniel,1392,E1,0,1325,1.82,0.44,1
2024-11-13,Micah Matheson,Charlie Cooper,g1 charlie cooper,1412,G1,0,1313,2.23,0.41,1
2024-11-27,Micah Matheson,Trey Austen,g1 trey austen,1350,G1,0,1298,2.73,0.5,1
2024-12-11,Micah Matheson,Noah Pynn,g1 noah pynn,1350,G1,0,1283,3.23,0.5,1
2024-08-17,Noah Pynn,Mike Stannard,g1 mike stannard,1562,G1,0,1343,0.23,0.23,0
2024-08-18,Noah Pynn,George Thompson,g1 george thompson,1367,G1,0,1329,0.71,0.48,0
2024-08-17,Noah Pynn,Mark Reckless,e1 mark reckless,1566,E1,0,1322,0.93,0.22,0
2024-08-18,Noah Pynn,Glyn Hill,w1 glyn hill,1449,W1,0,1311,1.29,0.36,0
2024-09-18,Noah Pynn,Dave Hurst,g1 dave hurst,1449,G1,0,1301,1.65,0.36,0
2024-10-02,Noah Pynn,Charlie Cooper,g1 charlie cooper,1412,G1,1,1318,2.06,0.41,1
2024-11-27,Noah Pynn,Charlie Gibson,g1 charlie gibson,1536,G1,0,1310,2.32,0.26,1
2024-12-11,Noah Pynn,Micah Matheson,g1 micah matheson,1350,G1,1,1325,2.82,0.5,2
2024-09-18,Rowan Ridge,Mike Diamond,g1 mike diamond,1501,G1,1,1371,0.3,0.3,1
2024-10-02,Rowan Ridge,Steve Williams (Cwm),g1 steve williams (cwm),1698,G1,0,1368,0.42,0.12,1
2024-10-30,Rowan Ridge,Chris Thompson,g1 chris thompson,1338,G1,1,1382,0.94,0.52,2
2024-09-17,Adam Cooper,Andrew Evans,g1 andrew evans,1577,G1,1,1370,0.21,0.21,1
2024-10-15,Adam Cooper,Jonathan Dark,g1 jonathan dark,1593,G1,0,1364,0.4,0.19,1
2024-11-05,Adam Cooper,Trey Austen,g1 trey austen,1350,G1,0,1349,0.89,0.49,1
2024-12-03,Adam Cooper,Lucio Nocivelli,g1 lucio nocivelli,1429,G1,0,1338,1.27,0.38,1
2024-12-17,Adam Cooper,Gareth Holyfield,g1 gareth holyfield,1502,G1,0.5,1344,1.56,0.29,1.5
2024-09-13,Bradley Parfitt,Glyn Hill,w1 glyn hill,1449,W1,0,1333,0.35,0.35,0
2024-10-04,Bradley Parfitt,William Erasmus,w1 william erasmus,1310,W1,1,1347,0.9,0.55,1
2024-10-15,Bradley Parfitt,Advik Ram,w1 advik ram,1397,W1,1,1364,1.32,0.42,2
2024-10-22,Bradley Parfitt,Maisy Miles,w1 maisy miles,1310,W1,1,1378,1.87,0.55,3
2024-10-29,Bradley Parfitt,Casey Allen,w1 casey allen,1310,W1,1,1391,2.42,0.55,4
2024-09-03,Tomos Bryant,Bob Owen,e1 bob owen,1545,E1,1,1363,0.24,0.24,1
2024-09-17,Tomos Bryant,Thomas Naljon,e1 thomas naljon,1421,E1,1,1381,0.63,0.39,2
2024-09-17,Janet Evans,Vaughan Thomas,w1 vaughan thomas,1511,W1,0.5,1347,0.27,0.27,0.5
2024-10-01,Janet Evans,Andrew Powell,w1 andrew powell,1460,W1,0,1337,0.6,0.33,0.5
2024-10-09,Janet Evans,Guto Llywelyn,w1 guto llywelyn,1589,W1,0,1331,0.79,0.19,0.5
2024-10-16,Janet Evans,Stuart Thomas,w1 stuart thomas,1310,W1,1,1345,1.33,0.54,1.5
2024-11-04,Janet Evans,John Ward,w1 john ward,1327,W1,0,1329,1.85,0.52,1.5
2024-11-06,Janet Evans,Sam Brown,w1 sam brown,1628,W1,0,1324,2.01,0.16,1.5
2024-11-13,Janet Evans,Paul Thomas,w1 paul thomas,1602,W1,0,1319,2.19,0.18,1.5
2024-11-20,Janet Evans,Mike Richards,w1 mike richards,1548,W1,0,1312,2.42,0.23,1.5
2024-12-11,Janet Evans,Tony Williams,w1 tony williams,1408,W1,0,1300,2.82,0.4,1.5
2024-07-02,Chris Thompson,John A Williams,g1 john a williams,1773,G1,0,1335,0.1,0.1,0
2024-08-17,Chris Thompson,Joshua Colcombe,g1 joshua colcombe,1561,G1,0,1328,0.32,0.22,0
2024-08-17,Chris Thompson,Lucas Zheng,e1 lucas zheng,1709,E1,0,1325,0.43,0.11,0
2024-08-18,Chris Thompson,Lawrence Becker,NA,1400,Est,1,1343,0.84,0.41,1
2024-08-18,Chris Thompson,Andrei Zhuravlev,e1 andrei zhuravlev,1484,E1,0.5,1349,1.14,0.3,1.5
2024-09-14,Chris Thompson,John A WIlliams,g1 john a williams,1773,G1,0,1346,1.24,0.1,1.5
2024-09-14,Chris Thompson,George Thompson,g1 george thompson,1367,G1,0.5,1347,1.7,0.46,2
2024-09-14,Chris Thompson,Marcell Vesz,NA,1500,Est,0,1339,1.98,0.28,2
2024-09-15,Chris Thompson,Tomos Francis,w1 tomos francis,1316,W1,1,1353,2.51,0.53,3
2024-09-15,Chris Thompson,Glyn Hill,w1 glyn hill,1449,W1,1,1372,2.86,0.35,4
2024-09-17,Chris Thompson,Lucio Nocivelli,g1 lucio nocivelli,1429,G1,1,1391,3.23,0.37,5
2024-10-01,Chris Thompson,Oliver Rush,g1 oliver rush,1464,G1,1,1411,3.56,0.33,6
2024-10-16,Chris Thompson,Micah Matheson,g1 micah matheson,1350,G1,0,1397,4.04,0.48,6
2024-10-21,Chris Thompson,S Wyn Howells,e1 s wyn howells,1701,E1,0,1394,4.15,0.11,6
2024-10-30,Chris Thompson,Rowan Ridge,g1 rowan ridge,1350,G1,0,1379,4.63,0.48,6
2024-11-15,Chris Thompson,Gareth Richards,e1 gareth richards,1574,E1,0,1373,4.83,0.2,6
2024-11-16,Chris Thompson,Daniel Attrill,w1 daniel attrill,1425,W1,1,1392,5.21,0.38,7
2024-11-16,Chris Thompson,Paul Bevan,w1 paul bevan,1510,W1,0,1384,5.48,0.27,7
2024-11-17,Chris Thompson,Chase Winter,NA,1350,Est,1,1399,5.96,0.48,8
2024-11-17,Chris Thompson,Carl Halpin,w1 carl halpin,1616,W1,0,1394,6.13,0.17,8
2024-12-03,Chris Thompson,Mike Stannard,g1 mike stannard,1562,G1,0,1388,6.35,0.22,8
2024-12-11,Chris Thompson,Oliver Rush,g1 oliver rush,1464,G1,0.5,1393,6.68,0.33,8.5
2024-09-09,Marcus Bedwell,Tomos Ilett,e1 tomos ilett,1445,E1,0,1326,0.35,0.35,0
2024-09-24,Marcus Bedwell,Chris Peters,e1 chris peters,1673,E1,0,1322,0.48,0.13,0
2024-11-08,Marcus Bedwell,Mareks Ogars,NA,1680,ENG,0,1318,0.6,0.12,0
2024-11-09,Marcus Bedwell,Lennon Jarman,NA,1648,ENG,0,1314,0.74,0.14,0
2024-11-09,Marcus Bedwell,Stephen Hinde,NA,1524,ENG,0,1306,0.99,0.25,0
2024-07-02,Raga Sreya Mandadapu,Emrys Scott-Jones,e1 emrys scott-jones,1568,E1,1,1356,0.2,0.2,1
2024-07-09,Raga Sreya Mandadapu,James Choung,e1 james choung,1364,E1,0,1342,0.65,0.45,1
2024-07-13,Raga Sreya Mandadapu,Ann Tagg,NA,1470,ENG,0,1333,0.96,0.31,1
2024-07-13,Raga Sreya Mandadapu,Risha Jithendra,NA,1460,ENG,0,1323,1.28,0.32,1
2024-07-16,Raga Sreya Mandadapu,Toby Reckless,e1 toby reckless,1511,E1,0,1315,1.54,0.26,1
2024-09-02,Raga Sreya Mandadapu,Chris Kavanagh,e1 chris kavanagh,1461,E1,0,1306,1.86,0.32,1
2024-07-02,Rhys Bounds,Toby Blankley,e1 toby blankley,1467,E1,0.5,1333,0.31,0.31,0.5
2024-07-09,Rhys Bounds,Isaac Kennedy,e1 isaac kennedy,1310,E1,1,1347,0.83,0.52,1.5
2024-07-16,Rhys Bounds,Daniel Chaure-Larsen,e1 daniel chaure-larsen,1411,E1,0,1336,1.21,0.38,1.5
2024-10-15,Rhys Bounds,Ishaan Marugonda,e1 ishaan marugonda,1310,E1,1,1350,1.73,0.52,2.5
2024-02-05,John Ward,Greg Goold,w1 greg goold,1482,W1,0,1318,0.29,0.29,0
2024-09-09,John Ward,Louis Bathein,w1 louis bathein,1571,W1,1,1342,0.49,0.2,1
2024-09-13,John Ward,Advik Ram,w1 advik ram,1397,W1,1,1360,0.89,0.4,2
2024-09-20,John Ward,Jacob Wright,w1 jacob wright,1359,W1,1,1377,1.34,0.45,3
2024-10-02,John Ward,Rajith Babu,w1 rajith babu,1310,W1,1,1391,1.86,0.52,4
2024-10-04,John Ward,James Harford,w1 james harford,1828,W1,0,1388,1.96,0.1,4
2024-10-16,John Ward,Adrian May,w1 adrian may,1310,W1,0,1372,2.48,0.52,4
2024-11-04,John Ward,Janet Evans,w1 janet evans,1340,W1,1,1388,2.96,0.48,5
2024-11-08,John Ward,Jacob Wright,w1 jacob wright,1359,W1,0,1374,3.41,0.45,5
2024-11-13,John Ward,Rajith Babu,w1 rajith babu,1310,W1,1,1388,3.93,0.52,6
2024-11-15,John Ward,Jack Bull,g1 jack bull,1546,G1,0,1382,4.15,0.22,6
2024-12-06,John Ward,Jacob Wright,w1 jacob wright,1359,W1,1,1398,4.6,0.45,7
2024-07-02,Yimo Liu,Mabon Hanczar,e1 mabon hanczar,1312,E1,1,1340,0.52,0.52,1
2024-07-09,Yimo Liu,Constantine Popov,e1 constantine popov,1431,E1,0,1330,0.87,0.35,1
2024-08-17,Yimo Liu,Gwilym Davies-Kabir,g1 gwilym davies-kabir,1459,G1,0,1320,1.19,0.32,1
2024-08-17,Yimo Liu,Sam Rhydderch,e1 sam rhydderch,1403,E1,0,1309,1.58,0.39,1
2024-08-18,Yimo Liu,Emrys Davies-Kabir,g1 emrys davies-kabir,1410,G1,1,1327,1.96,0.38,2
2024-08-18,Yimo Liu,Hector Hu,NA,1571,ENG,0,1321,2.16,0.2,2
2024-12-03,Gideon Way,Charlie Cooper,g1 charlie cooper,1412,G1,1,1344,0.38,0.38,1
2024-12-11,Gideon Way,Howard Keane,g1 howard keane,1366,G1,1,1360,0.82,0.44,2
2024-07-02,Akshara Mandadapu,Toby Sargents,e1 toby sargents,1365,E1,0,1308,0.44,0.44,0
2024-07-09,Akshara Mandadapu,Ishaan Marugonda,e1 ishaan marugonda,1310,E1,1,1322,0.96,0.52,1
2024-07-16,Akshara Mandadapu,Felix Deng,e1 felix deng,1310,E1,0,1307,1.48,0.52,1
2024-07-29,Jack Davies,Andrew Jeanes,e1 andrew jeanes,1713,E1,0,1317,0.1,0.1,0
2024-08-12,Jack Davies,Tom Jenney,e1 tom jenney,1378,E1,0,1304,0.52,0.42,0
2024-07-05,Tomos Francis,Nigel J Moyse,NA,2005,ENG,0,1313,0.1,0.1,0
2024-07-06,Tomos Francis,Roy Thomas,e1 roy thomas,1840,E1,0,1310,0.2,0.1,0
2024-07-07,Tomos Francis,David Robinson,e1 david robinson,1910,E1,0,1307,0.3,0.1,0
2024-07-07,Tomos Francis,John A Williams,g1 john a williams,1773,G1,0,1304,0.4,0.1,0
2024-07-08,Tomos Francis,Ron Williams,g1 ron williams,1649,G1,0,1300,0.53,0.13,0
2024-07-09,Tomos Francis,Gareth Richards,e1 gareth richards,1574,E1,0,1295,0.71,0.18,0
2024-07-10,Tomos Francis,Mark Emblem,g1 mark emblem,1572,G1,0,1289,0.9,0.19,0
2024-09-10,Tomos Francis,Bobby Taylor,w1 bobby taylor,1355,W1,0.5,1291,1.34,0.44,0.5
2024-09-14,Tomos Francis,Andrei Zhuravlev,e1 andrei zhuravlev,1484,E1,0,1282,1.62,0.28,0.5
2024-09-14,Tomos Francis,Donna Chadwick,NA,1515,ENG,0,1275,1.86,0.24,0.5
2024-09-15,Tomos Francis,Chris Thompson,g1 chris thompson,1338,G1,0,1261,2.33,0.47,0.5
2024-09-15,Tomos Francis,George Thompson,g1 george thompson,1367,G1,0,1248,2.76,0.43,0.5
2024-09-24,Tomos Francis,Leon Vincent,w1 leon vincent,1486,W1,0,1240,3.03,0.27,0.5
2024-10-01,Tomos Francis,Leon Vincent,w1 leon vincent,1486,W1,0,1232,3.3,0.27,0.5
2024-11-08,Tomos Francis,Advik Samiaiya,w1 advik samiaiya,1387,W1,0,1220,3.7,0.4,0.5
2024-11-12,Tomos Francis,Maisy Miles,w1 maisy miles,1310,W1,1,1235,4.21,0.51,1.5
2024-11-15,Tomos Francis,Paul Bevan,w1 paul bevan,1510,W1,0,1227,4.46,0.25,1.5
2024-11-16,Tomos Francis,Andrew Powell,w1 andrew powell,1460,W1,0,1218,4.76,0.3,1.5
2024-11-17,Tomos Francis,Wayne Holland,e1 wayne holland,1478,E1,0,1210,5.04,0.28,1.5
2024-11-17,Tomos Francis,Amir Jamil,e1 amir jamil,1422,E1,1,1229,5.39,0.35,2.5
2024-07-02,Mabon Hanczar,Yimo Liu,e1 yimo liu,1326,E1,0,1298,0.48,0.48,0
2024-07-09,Mabon Hanczar,Toby Sargents,e1 toby sargents,1365,E1,0,1285,0.9,0.42,0
2024-10-15,Mabon Hanczar,Amir Jamil,e1 amir jamil,1422,E1,1,1304,1.25,0.35,1
2024-09-17,Adam Morris,John Smart,e1 john smart,1310,E1,1,1326,0.5,0.5,1
2024-10-29,Adam Morris,Amir Jamil,e1 amir jamil,1422,E1,0.5,1331,0.85,0.35,1.5
2024-11-19,Adam Morris,Brendan Lee,e1 brendan lee,1310,E1,1,1346,1.35,0.5,2.5
2024-09-17,Casey Allen,David Foster,w1 david foster,1591,W1,0,1305,0.17,0.17,0
2024-09-20,Casey Allen,John Giannini,w1 john giannini,1310,W1,0,1290,0.67,0.5,0
2024-10-22,Casey Allen,Advik Samiaiya,w1 advik samiaiya,1387,W1,1,1308,1.06,0.39,1
2024-10-29,Casey Allen,Bradley Parfitt,w1 bradley parfitt,1344,W1,0,1295,1.51,0.45,1
2024-09-18,Rajith Babu,Stuart Thomas,w1 stuart thomas,1310,W1,1,1325,0.5,0.5,1
2024-10-02,Rajith Babu,John Ward,w1 john ward,1327,W1,0,1311,0.98,0.48,1
2024-10-09,Rajith Babu,Claire Gorman,w1 claire gorman,1489,W1,0,1303,1.24,0.26,1
2024-10-16,Rajith Babu,Jeff Boyce,w1 jeff boyce,1530,W1,0,1296,1.46,0.22,1
2024-10-23,Rajith Babu,Stuart Thomas,w1 stuart thomas,1310,W1,1,1311,1.96,0.5,2
2024-11-13,Rajith Babu,John Ward,w1 john ward,1327,W1,0,1297,2.44,0.48,2
2024-11-20,Rajith Babu,Kai Palmer,w1 kai palmer,1310,W1,1,1312,2.94,0.5,3
2024-11-27,Rajith Babu,Stuart Thomas,w1 stuart thomas,1310,W1,0,1297,3.44,0.5,3
2024-10-29,Alexander Bailey,Leon Vincent,w1 leon vincent,1486,W1,0,1302,0.27,0.27,0
2024-11-15,Andrew Burton,Leon Vincent,w1 leon vincent,1486,W1,0,1302,0.27,0.27,0
2024-11-16,Andrew Burton,Advik Ram,w1 advik ram,1397,W1,0,1291,0.65,0.38,0
2024-11-17,Andrew Burton,David Foster,w1 david foster,1591,W1,0.5,1301,0.82,0.17,0.5
2024-11-17,Andrew Burton,Daniel Attrill,w1 daniel attrill,1425,W1,0,1291,1.16,0.34,0.5
2024-09-14,Henry Burton,Lucas Zheng,e1 lucas zheng,1709,E1,0,1307,0.1,0.1,0
2024-09-14,Henry Burton,Glyn Hill,w1 glyn hill,1449,W1,1,1328,0.41,0.31,1
2024-09-15,Henry Burton,Andrei Zhuravlev,e1 andrei zhuravlev,1484,E1,0,1320,0.68,0.27,1
2024-09-15,Henry Burton,Amir Jamil,e1 amir jamil,1422,E1,1,1339,1.02,0.34,2
2024-09-15,Henry Burton,Constantine Popov,e1 constantine popov,1431,E1,1,1359,1.35,0.33,3
2024-10-28,Henry Burton,Ieuan Din,d1 ieuan din,1310,D1,0,1344,1.85,0.5,3
2024-11-16,Henry Burton,Amir Jamil,e1 amir jamil,1422,E1,1,1364,2.19,0.34,4
2024-11-16,Henry Burton,Glyn Hill,w1 glyn hill,1449,W1,0,1355,2.5,0.31,4
2024-11-17,Henry Burton,Angus Winter,w1 angus winter,1623,W1,0,1350,2.64,0.14,4
2024-11-17,Henry Burton,Chase Winter,NA,1350,EST,1,1367,3.08,0.44,5
2024-12-14,Henry Burton,Ayush Gupta,NA,1398,ENG,1,1386,3.46,0.38,6
2024-12-14,Henry Burton,Atharva Desai,NA,1255,ENG,1,1399,4.04,0.58,7
2024-12-14,Henry Burton,Patrick Bao,NA,1405,ENG,0,1388,4.41,0.37,7
2024-12-14,Henry Burton,Karm Kapoor Jain,NA,1474,ENG,1,1409,4.69,0.28,8
2024-12-15,Henry Burton,Boyan Spassov,NA,1210,ENG,0,1390,5.33,0.64,8
2024-12-15,Henry Burton,Alice Li,NA,1353,ENG,0,1377,5.77,0.44,8
2024-12-15,Henry Burton,Joel Fosu-Simpson,NA,1261,ENG,1,1390,6.34,0.57,9
2024-12-27,Henry Burton,Kandara Acharya,NA,1915,ENG,0,1387,6.44,0.1,9
2024-12-28,Henry Burton,Soumil Saha,NA,1746,ENG,0,1384,6.54,0.1,9
2024-12-28,Henry Burton,Lucas Zheng,e1 lucas zheng,1709,E1,0.5,1396,6.64,0.1,9.5
2024-12-29,Henry Burton,Diana Krautsova,NA,1752,ENG,0,1393,6.74,0.1,9.5
2024-12-29,Henry Burton,Michael Jennings,NA,1665,ENG,0,1389,6.85,0.11,9.5
2024-12-30,Henry Burton,Joseph Fearnhead,NA,1747,ENG,0,1386,6.95,0.1,9.5
2024-08-19,Andrew Chochola,Adam Bees,e1 adam bees,1488,E1,0,1302,0.26,0.26,0
2024-09-09,Andrew Chochola,Mike Smith,e1 mike smith,1488,E1,0,1294,0.52,0.26,0
2024-09-16,Andrew Chochola,John Smart,e1 john smart,1310,E1,0,1279,1.02,0.5,0
2024-09-30,Andrew Chochola,Kevin Stephens,e1 kevin stephens,1683,E1,0,1276,1.12,0.1,0
2024-10-22,Andrew Chochola,Artur Esteves,e1 artur esteves,1310,E1,0,1261,1.62,0.5,0
2024-11-18,Andrew Chochola,Jacob Harris,e1 jacob harris,1500,E1,0,1253,1.87,0.25,0
2024-09-24,Gruffydd Chwieseni,Tim Whitchurch,e1 tim whitchurch,1568,E1,0,1304,0.18,0.18,0
2024-10-07,Gruffydd Chwieseni,Matt Straiton,e1 matt straiton,1550,E1,0,1298,0.38,0.2,0
2024-11-25,Gruffydd Chwieseni,Joseff Roberts,e1 joseff roberts,1310,E1,0,1283,0.88,0.5,0
2024-09-24,Rhodri Chwieseni,David Jones,e1 david jones,1560,E1,0,1304,0.19,0.19,0
2024-10-07,Rhodri Chwieseni,Patrick Civil,e1 patrick civil,1442,E1,0,1295,0.51,0.32,0
2024-11-25,Rhodri Chwieseni,Rhys Davies,e1 rhys davies,1425,E1,0,1284,0.85,0.34,0
2024-07-22,Mathew Daws,John Smart,e1 john smart,1310,E1,0,1295,0.5,0.5,0
2024-07-02,Felix Deng,Daniel Chaure-Larsen,e1 daniel chaure-larsen,1411,E1,0,1299,0.36,0.36,0
2024-07-16,Felix Deng,Akshara Mandadapu,e1 akshara mandadapu,1321,E1,1,1315,0.84,0.48,1
2024-11-20,Abir Deshpande,Sam Jones,e1 sam jones,1400,E1,0,1299,0.37,0.37,0
2024-11-27,Abir Deshpande,Georgi Korovski,e1 georgi korovski,1919,E1,0,1296,0.47,0.1,0
2024-12-04,Abir Deshpande,Ieuan Bevan Jones,e1 ieuan bevan jones,1600,E1,0.5,1306,0.63,0.16,0.5
2024-12-11,Abir Deshpande,Oleksandr Zhuravel,e1 oleksandr zhuravel,1310,E1,0,1291,1.13,0.5,0.5
2024-12-18,Abir Deshpande,Andrei Zhuravlev,e1 andrei zhuravlev,1484,E1,0,1283,1.4,0.27,0.5
2024-10-28,Ieuan Din,Henry Burton,d1 henry burton,1310,D1,1,1325,0.5,0.5,1
2024-12-10,Ieuan Din,Gwyn Evans,d1 gwyn evans,1515,D1,0,1318,0.74,0.24,1
2024-12-03,Brendan Donovan,Amir Jamil,e1 amir jamil,1422,E1,0,1300,0.34,0.34,0
2024-10-04,William Erasmus,Bradley Parfitt,w1 bradley parfitt,1344,W1,0,1296,0.45,0.45,0
2024-09-02,Artur Esteves,Tabitha Ryan,e1 tabitha ryan,1398,E1,0,1299,0.38,0.38,0
2024-10-22,Artur Esteves,Andrew Chochola,e1 andrew chochola,1310,E1,1,1314,0.88,0.5,1
2024-11-26,Artur Esteves,Richard Gardner,e1 richard gardner,1310,E1,1,1329,1.38,0.5,2
2024-10-07,Gwawr Evans,Ethan McGrath,e1 ethan mcgrath,1750,E1,0,1307,0.1,0.1,0
2024-10-14,Gwawr Evans,Mark Chinnick,e1 mark chinnick,1540,E1,1,1331,0.31,0.21,1
2024-10-21,Gwawr Evans,Patrick Civil,e1 patrick civil,1442,E1,0,1321,0.63,0.32,1
2024-09-03,Richard Gardner,Randall Wright,e1 randall wright,1524,E1,0,1303,0.23,0.23,0
2024-11-26,Richard Gardner,Artur Esteves,e1 artur esteves,1310,E1,0,1288,0.73,0.5,0
2024-09-10,John Giannini,Jacob Wright,w1 jacob wright,1359,W1,0,1297,0.43,0.43,0
2024-09-20,John Giannini,Casey Allen,w1 casey allen,1310,W1,1,1312,0.93,0.5,1
2024-09-23,John Giannini,Cameron Ferguson,w1 cameron ferguson,1392,W1,0,1301,1.31,0.38,1
2024-09-24,John Giannini,Roger Llewellyn,w1 roger llewellyn,1472,W1,0,1292,1.59,0.28,1
2024-10-04,John Giannini,Advik Samiaiya,w1 advik samiaiya,1387,W1,0,1280,1.98,0.39,1
2024-11-19,John Giannini,Dylan Greenway,w1 dylan greenway,1438,W1,0,1271,2.3,0.32,1
2024-12-06,John Giannini,Emyr-Wyn Francis,w1 emyr-wyn francis,1350,W1,0.5,1272,2.74,0.44,1.5
2024-11-04,Shaun Harris,Mike White,e1 mike white,1403,E1,0,1299,0.37,0.37,0
2024-11-11,Shaun Harris,Mark Chinnick,e1 mark chinnick,1540,E1,0,1293,0.58,0.21,0
2024-12-02,Shaun Harris,Ben Hannigan,e1 ben hannigan,1533,E1,0,1286,0.8,0.22,0
2024-09-04,Neethi Helen,Henry Jones,e1 henry jones,1310,E1,0,1295,0.5,0.5,0
2024-09-25,Neethi Helen,Martin Blackman-Siegler,e1 martin blackman-siegler,1637,E1,0,1291,0.63,0.13,0
2024-10-02,Neethi Helen,Sam Jukes,e1 sam jukes,1993,E1,0,1288,0.73,0.1,0
2024-10-16,Neethi Helen,Joshua McKenna,e1 joshua mckenna,1926,E1,0,1285,0.83,0.1,0
2024-10-23,Neethi Helen,Andrei Zhuravlev,e1 andrei zhuravlev,1484,E1,0,1277,1.1,0.27,0
2024-09-04,Henry Jones,Neethi Helen,e1 neethi helen,1310,E1,1,1325,0.5,0.5,1
2024-09-11,Henry Jones,Constantine Popov,e1 constantine popov,1431,E1,0,1315,0.83,0.33,1
2024-10-02,Henry Jones,Joshua McKenna,e1 joshua mckenna,1926,E1,0,1312,0.93,0.1,1
2024-10-09,Henry Jones,Andrei Zhuravlev,e1 andrei zhuravlev,1484,E1,0,1304,1.2,0.27,1
2024-11-13,Henry Jones,Peter Quinn,e1 peter quinn,1843,E1,0,1301,1.3,0.1,1
2024-07-02,Isaac Kennedy,Henry Lai,e1 henry lai,1310,E1,1,1325,0.5,0.5,1
2024-07-09,Isaac Kennedy,Rhys Bounds,e1 rhys bounds,1327,E1,0,1311,0.98,0.48,1
2024-07-16,Isaac Kennedy,Arjan Reddy,e1 arjan reddy,1310,E1,1,1326,1.48,0.5,2
2024-09-24,Isaac Kennedy,Constantine Popov,e1 constantine popov,1431,E1,0,1316,1.81,0.33,2
2024-11-27,Isaac Kennedy,Bertie Carvey,e1 bertie carvey,1386,E1,0,1304,2.2,0.39,2
2024-07-02,Matilda Kennedy,Ishaan Marugonda,e1 ishaan marugonda,1310,E1,0.5,1310,0.5,0.5,0.5
2024-07-09,Matilda Kennedy,Samy Maguluri,e1 samy maguluri,1310,E1,1,1325,1,0.5,1.5
2024-07-16,Matilda Kennedy,Blake Fry,e1 blake fry,1405,E1,0,1314,1.37,0.37,1.5
2024-07-02,Henry Lai,Isaac Kennedy,e1 isaac kennedy,1310,E1,0,1295,0.5,0.5,0
2024-07-16,Henry Lai,Ishaan Marugonda,e1 ishaan marugonda,1310,E1,0,1280,1,0.5,0
2024-09-14,Eron Latif,Joshua Richards,w1 joshua richards,1762,W1,0,1307,0.1,0.1,0
2024-09-14,Eron Latif,Joshua McKenna,e1 joshua mckenna,1926,E1,0,1304,0.2,0.1,0
2024-09-14,Eron Latif,Gareth Richards,e1 gareth richards,1574,E1,1,1329,0.38,0.18,1
2024-09-15,Eron Latif,Deio Parri,n1 deio parri,1751,N1,0,1326,0.48,0.1,1
2024-09-15,Eron Latif,Hamid Farani Sani,e1 hamid farani sani,1600,E1,0,1321,0.64,0.16,1
2024-10-15,Brendan Lee,Otto Bartlett-Davis,e1 otto bartlett-davis,1386,E1,0,1298,0.39,0.39,0
2024-10-29,Brendan Lee,Joshua Phillips,e1 joshua phillips,1310,E1,1,1313,0.89,0.5,1
2024-11-19,Brendan Lee,Adam Morris,e1 adam morris,1311,E1,0,1298,1.39,0.5,1
2024-10-29,Edward Levy,Louis Bathein,w1 louis bathein,1571,W1,0,1305,0.18,0.18,0
2024-09-30,Mal Llewellyn,Tom Jenney,e1 tom jenney,1378,E1,1,1328,0.4,0.4,1
2024-10-07,Mal Llewellyn,Chris Kavanagh,e1 chris kavanagh,1461,E1,1,1349,0.7,0.3,2
2024-11-04,Mal Llewellyn,Chris Kavanagh,e1 chris kavanagh,1461,E1,1,1370,1,0.3,3
2024-07-02,Samy Maguluri,Trystan Williams,e1 trystan williams,1310,E1,1,1325,0.5,0.5,1
2024-07-09,Samy Maguluri,Matilda Kennedy,e1 matilda kennedy,1310,E1,0,1310,1,0.5,1
2024-07-16,Samy Maguluri,Jamie Reckless,e1 jamie reckless,1310,E1,0.5,1310,1.5,0.5,1.5
2024-07-02,Ishaan Marugonda,Matilda Kennedy,e1 matilda kennedy,1310,E1,0.5,1310,0.5,0.5,0.5
2024-07-09,Ishaan Marugonda,Akshara Mandadapu,e1 akshara mandadapu,1321,E1,0,1295,0.98,0.48,0.5
2024-07-16,Ishaan Marugonda,Henry Lai,e1 henry lai,1310,E1,1,1310,1.48,0.5,1.5
2024-10-15,Ishaan Marugonda,Rhys Bounds,e1 rhys bounds,1327,E1,0,1296,1.96,0.48,1.5
2024-09-18,Adrian May,Vismith Prabhu,w1 vismith prabhu,1703,W1,0,1307,0.1,0.1,0
2024-10-16,Adrian May,John Ward,w1 john ward,1327,W1,1,1323,0.58,0.48,1
2024-10-23,Adrian May,Tony Williams,w1 tony williams,1408,W1,1,1342,0.94,0.36,2
2024-11-26,Adrian May,Riley Fitzpatrick,w1 riley fitzpatrick,1361,W1,1,1359,1.37,0.43,3
2024-12-04,Adrian May,Glyn Hill,w1 glyn hill,1449,W1,0,1350,1.68,0.31,3
2024-09-17,Maisy Miles,Advik Ram,w1 advik ram,1397,W1,0,1299,0.38,0.38,0
2024-10-22,Maisy Miles,Bradley Parfitt,w1 bradley parfitt,1344,W1,0,1285,0.83,0.45,0
2024-11-12,Maisy Miles,Tomos Francis,w1 tomos francis,1316,W1,0,1270,1.32,0.49,0
2024-09-24,Byron Minter,Emyr-Wyn Francis,w1 emyr-wyn francis,1350,W1,0,1297,0.44,0.44,0
2024-10-01,Byron Minter,Emyr-Wyn Francis,w1 emyr-wyn francis,1350,W1,0,1283,0.88,0.44,0
2024-12-18,Phil Moss,Tony Goodchild,w1 tony goodchild,1465,W1,0,1301,0.29,0.29,0
2024-09-10,Kai Palmer,Andrew Powell,w1 andrew powell,1460,W1,0,1301,0.3,0.3,0
2024-09-25,Kai Palmer,Jeff Boyce,w1 jeff boyce,1530,W1,0,1295,0.52,0.22,0
2024-10-23,Kai Palmer,Riley Fitzpatrick,w1 riley fitzpatrick,1361,W1,0,1282,0.95,0.43,0
2024-11-20,Kai Palmer,Rajith Babu,w1 rajith babu,1310,W1,0,1267,1.45,0.5,0
2024-11-27,Kai Palmer,Andrew Powell,w1 andrew powell,1460,W1,0.5,1273,1.75,0.3,0.5
2024-12-11,Kai Palmer,Stuart Thomas,w1 stuart thomas,1310,W1,0.5,1273,2.25,0.5,1
2024-09-30,Antony Phillips,Robert Wallace,e1 robert wallace,1572,E1,0,1305,0.18,0.18,0
2024-11-26,Antony Phillips,Mike Smith,e1 mike smith,1488,E1,0,1297,0.44,0.26,0
2024-09-03,Joshua Phillips,Anthony Williams,e1 anthony williams,1437,E1,0,1300,0.32,0.32,0
2024-09-30,Joshua Phillips,Tabitha Ryan,e1 tabitha ryan,1398,E1,0,1289,0.7,0.38,0
2024-10-29,Joshua Phillips,Brendan Lee,e1 brendan lee,1310,E1,0,1274,1.2,0.5,0
2024-11-04,Joshua Phillips,Steve Keable,e1 steve keable,1493,E1,1,1296,1.46,0.26,1
2024-12-02,Joshua Phillips,Peter Watkins,e1 peter watkins,1565,E1,0,1291,1.65,0.19,1
2024-12-10,Jack Poole,Ray Greenwood,d1 ray greenwood,1563,D1,1,1334,0.19,0.19,1
2024-07-16,Jamie Reckless,Samy Maguluri,e1 samy maguluri,1310,E1,0.5,1310,0.5,0.5,0.5
2024-07-09,Arjan Reddy,Toby Blankley,e1 toby blankley,1467,E1,0,1301,0.29,0.29,0
2024-07-16,Arjan Reddy,Isaac Kennedy,e1 isaac kennedy,1310,E1,0,1286,0.79,0.5,0
2024-07-13,Sam Rein,Peter Crosby,NA,1747,ENG,0,1307,0.1,0.1,0
2024-07-13,Sam Rein,Raina Jithendra,NA,1773,ENG,0,1304,0.2,0.1,0
2024-11-25,Joseff Roberts,Gruffydd Chwieseni,e1 gruffydd chwieseni,1310,E1,1,1325,0.5,0.5,1
2024-07-22,John Smart,Mathew Daws,e1 mathew daws,1310,E1,1,1325,0.5,0.5,1
2024-07-29,John Smart,Daniel Wilmot,e1 daniel wilmot,1968,E1,0,1322,0.6,0.1,1
2024-08-05,John Smart,Jody Richards,e1 jody richards,1500,E1,0,1314,0.85,0.25,1
2024-08-19,John Smart,Tom Jenney,e1 tom jenney,1378,E1,0,1302,1.25,0.4,1
2024-09-16,John Smart,Andrew Chochola,e1 andrew chochola,1310,E1,1,1317,1.75,0.5,2
2024-09-17,John Smart,Adam Morris,e1 adam morris,1311,E1,0,1302,2.25,0.5,2
2024-11-18,John Smart,Oyvind Ringen,e1 oyvind ringen,1700,E1,0,1299,2.35,0.1,2
2024-09-18,Stuart Thomas,Rajith Babu,w1 rajith babu,1310,W1,0,1295,0.5,0.5,0
2024-10-02,Stuart Thomas,Daniel Attrill,w1 daniel attrill,1425,W1,0,1285,0.84,0.34,0
2024-10-09,Stuart Thomas,Tony Williams,w1 tony williams,1408,W1,0,1274,1.2,0.36,0
2024-10-16,Stuart Thomas,Janet Evans,w1 janet evans,1340,W1,0,1260,1.66,0.46,0
2024-10-23,Stuart Thomas,Rajith Babu,w1 rajith babu,1310,W1,0,1245,2.16,0.5,0
2024-11-04,Stuart Thomas,Paul Thomas,w1 paul thomas,1602,W1,0,1240,2.32,0.16,0
2024-11-05,Stuart Thomas,Joic Majo,w1 joic majo,1454,W1,0.5,1246,2.62,0.3,0.5
2024-11-19,Stuart Thomas,Andrew Powell,w1 andrew powell,1460,W1,0,1237,2.92,0.3,0.5
2024-11-20,Stuart Thomas,Tony Williams,w1 tony williams,1408,W1,0,1227,3.28,0.36,0.5
2024-11-27,Stuart Thomas,Rajith Babu,w1 rajith babu,1310,W1,1,1242,3.78,0.5,1.5
2024-12-11,Stuart Thomas,Kai Palmer,w1 kai palmer,1310,W1,0.5,1242,4.28,0.5,2
2024-07-02,Trystan Williams,Samy Maguluri,e1 samy maguluri,1310,E1,0,1295,0.5,0.5,0
2024-09-18,Oleksandr Zhuravel,Andrei Zhuravlev,e1 andrei zhuravlev,1484,E1,0,1302,0.27,0.27,0
2024-10-02,Oleksandr Zhuravel,Micah O'Toole,e1 micah o'toole,1774,E1,0,1299,0.37,0.1,0
2024-10-09,Oleksandr Zhuravel,Ieuan Bevan Jones,e1 ieuan bevan jones,1600,E1,0,1294,0.53,0.16,0
2024-10-23,Oleksandr Zhuravel,Sam Rhydderch,e1 sam rhydderch,1403,E1,0,1283,0.9,0.37,0
2024-11-06,Oleksandr Zhuravel,Chris Fox,e1 chris fox,1702,E1,0,1280,1,0.1,0
2024-11-27,Oleksandr Zhuravel,Peter Quinn,e1 peter quinn,1843,E1,0,1277,1.1,0.1,0
2024-12-04,Oleksandr Zhuravel,Sam Jones,e1 sam jones,1400,E1,0,1266,1.47,0.37,0
2024-12-11,Oleksandr Zhuravel,Abir Deshpande,e1 abir deshpande,1310,E1,1,1281,1.97,0.5,1
