Date,Player1,Player2,OppKey,OppRating_Display,RatingType,Result,New,Tot,Exp,Pts
2023-07-03,Ian Abraham,Martin Ilett,e1 martin ilett,1323,E1,1,1568,0.8,0.8,1
2023-07-17,Ian Abraham,Mike Gale,e1 mike gale,1617,E1,0,1555,1.22,0.42,1
2023-07-31,Ian Abraham,Mike White,e1 mike white,909,E1,1,1558,2.12,0.9,2
2023-08-21,Ian Abraham,Sam White,e1 sam white,1376,E1,0.5,1550,2.86,0.74,2.5
2023-09-04,Ian Abraham,John Ryles,e1 john ryles,1521,E1,1,1564,3.42,0.56,3.5
2023-09-25,Ian Abraham,Justin Morgans,e1 justin morgans,1732,E1,1,1588,3.69,0.27,4.5
2023-10-17,Ian Abraham,Anthony Baker,e1 anthony baker,1464,E1,0.5,1583,4.33,0.64,5
2023-11-06,Ian Abraham,Chris Peters,e1 chris peters,1560,E1,1,1599,4.83,0.5,6
2023-11-16,Ian Abraham,Csombor Hanczar,e1 csombor hanczar,1210,E1,1,1603,5.71,0.88,7
2023-11-20,Ian Abraham,Kevin Stephens,e1 kevin stephens,1282,E1,1,1608,6.54,0.83,8
2023-09-14,Govind Anandkumar,John Cox,e1 john cox,1365,E1,0,1356,0.51,0.51,0
2023-10-12,Govind Anandkumar,Martin Ricketts,e1 martin ricketts,1288,E1,1,1368,1.13,0.62,1
2023-10-19,Govind Anandkumar,Joshua McKenna,e1 joshua mckenna,1754,E1,1,1397,1.23,0.1,2
2023-10-22,Govind Anandkumar,Jonathan Thomas,w1 jonathan thomas,1780,W1,0,1393,1.33,0.1,2
2023-10-23,Govind Anandkumar,Justin Morgans,e1 justin morgans,1732,E1,0,1390,1.44,0.11,2
2023-11-03,Govind Anandkumar,Gwyn Havard,e1 gwyn havard,1855,E1,0,1387,1.54,0.1,2
2023-11-09,Govind Anandkumar,Andrei Zhuravlev,e1 andrei zhuravlev,999,E1,1,1390,2.44,0.9,3
2023-11-11,Govind Anandkumar,Claire Gorman,w1 claire gorman,1044,W1,1,1394,3.31,0.87,4
2023-11-11,Govind Anandkumar,Jordan Heatman,w1 jordan heatman,1250,W1,1,1405,3.98,0.67,5
2023-11-12,Govind Anandkumar,Lucas Zheng,e1 lucas zheng,1104,E1,1,1410,4.8,0.82,6
2023-11-12,Govind Anandkumar,David Belochkin,e1 david belochkin,1250,E1,1,1421,5.47,0.67,7
2023-11-26,Govind Anandkumar,Ian Eustis,w1 ian eustis,1779,W1,1,1450,5.57,0.1,8
2023-12-09,Govind Anandkumar,Archie Hewitt,NA,1209,ENG,1,1459,6.29,0.72,9
2023-12-09,Govind Anandkumar,Alex Worsell,NA,1276,ENG,0,1439,6.92,0.63,9
2023-09-20,Michael Arribas-Ayllon,Edward Donovan,e1 edward donovan,1895,E1,0,1620,0.17,0.17,0
2023-10-04,Michael Arribas-Ayllon,David Tibbs,e1 david tibbs,1436,E1,1,1626,0.92,0.75,1
2023-11-29,Michael Arribas-Ayllon,Liam Penny,e1 liam penny,1748,E1,0.5,1630,1.25,0.33,1.5
2023-12-06,Michael Arribas-Ayllon,Chris Fox,e1 chris fox,1577,E1,0,1616,1.82,0.57,1.5
2023-12-13,Michael Arribas-Ayllon,Jake Hurley,e1 jake hurley,1800,E1,0,1610,2.09,0.27,1.5
2023-10-15,Xavier Austin,Stuart Enoch,e1 stuart enoch,1337,E1,0.5,1489,0.71,0.71,0.5
2023-12-06,Xavier Austin,Matthew Davies,e1 matthew davies,1935,E1,0,1486,0.81,0.1,0.5
2023-08-18,Khushi Bagga,Chrysa Mitraka,NA,1436,SCO,0.5,1327,0.34,0.34,0.5
2023-08-18,Khushi Bagga,Sohana Sengupta,NA,1492,ENG,1,1350,0.61,0.27,1.5
2023-08-19,Khushi Bagga,Niamh Bridgeman,NA,1940,ENG,0,1347,0.71,0.1,1.5
2023-08-19,Khushi Bagga,Chrysa Mitraka,NA,1436,SCO,0,1336,1.05,0.34,1.5
2023-08-20,Khushi Bagga,Sohana Sengupta,NA,1492,ENG,0,1327,1.32,0.27,1.5
2023-08-20,Khushi Bagga,Niamh Bridgeman,NA,1940,ENG,0,1324,1.42,0.1,1.5
2023-09-12,Oliver Baines,Vince Teisar,e1 vince teisar,978,E1,0,834,0.32,0.32,0
2023-10-02,Anthony Baker,Ken Hannah,e1 ken hannah,1605,E1,0,1454,0.31,0.31,0
2023-10-17,Anthony Baker,Ian Abraham,e1 ian abraham,1562,E1,0.5,1459,0.67,0.36,0.5
2023-09-14,Andy Basford,Paul Bridges,e1 paul bridges,1703,E1,0.5,1540,0.27,0.27,0.5
2023-10-12,Andy Basford,Steve Jones,e1 steve jones,1500,E1,0,1523,0.82,0.55,0.5
2023-10-17,Andy Basford,Dwain Jones,e1 dwain jones,1426,E1,0,1502,1.47,0.65,0.5
2023-10-23,Andy Basford,Gwynfor Rees,e1 gwynfor rees,2050,E1,0,1499,1.57,0.1,0.5
2023-10-25,Andy Basford,Micah O'Toole,e1 micah o'toole,1600,E1,0,1486,1.97,0.4,0.5
2023-11-23,Andy Basford,Chris Peters,e1 chris peters,1560,E1,0,1471,2.43,0.46,0.5
2023-11-28,Andy Basford,David Lewis,e1 david lewis,1666,E1,0,1461,2.75,0.32,0.5
2023-12-04,Andy Basford,Roy Thomas,e1 roy thomas,1743,E1,0,1454,2.98,0.23,0.5
2023-12-14,Andy Basford,Gareth Richards,e1 gareth richards,1200,E1,0,1426,3.85,0.87,0.5
2023-09-04,Marcus Bedwell,Mike Joslin,e1 mike joslin,1351,E1,1,914,0.1,0.1,1
2023-09-20,Marcus Bedwell,Kristan Enoch,e1 kristan enoch,1454,E1,0,909,0.2,0.1,1
2023-10-09,Marcus Bedwell,Mike Maguire,e1 mike maguire,1574,E1,0,905,0.3,0.1,1
2023-10-30,Marcus Bedwell,Gareth Richards,e1 gareth richards,1200,E1,0,898,0.43,0.13,1
2023-11-05,Marcus Bedwell,Mike Maguire,e1 mike maguire,1574,E1,0,894,0.53,0.1,1
2023-07-04,David Belochkin,Morgan Foulkes,e1 morgan foulkes,1196,E1,0,1232,0.58,0.58,0
2023-07-18,David Belochkin,Adam Sarwar,e1 adam sarwar,926,E1,1,1236,1.45,0.87,1
2023-07-07,David Belochkin,Benjamin Larkin,NA,2094,ENG,0,1233,1.55,0.1,1
2023-07-08,David Belochkin,David Maloberti,NA,2064,FIDE,0,1229,1.65,0.1,1
2023-07-09,David Belochkin,Gareth Richards,e1 gareth richards,1200,E1,0.5,1227,2.22,0.57,1.5
2023-07-09,David Belochkin,Ron Williams,g1 ron williams,1554,G1,1,1254,2.37,0.15,2.5
2023-07-10,David Belochkin,Matthew R Wilson,NA,1934,ENG,0,1251,2.47,0.1,2.5
2023-07-11,David Belochkin,Malcolm Probert,w1 malcolm probert,1472,W1,1,1276,2.69,0.22,3.5
2023-07-12,David Belochkin,Jeremy Menadue,NA,2058,ENG,0,1273,2.79,0.1,3.5
2023-09-05,David Belochkin,Milo Davies,e1 milo davies,1410,E1,0,1264,3.07,0.28,3.5
2023-10-07,David Belochkin,Darson Beeston,w1 darson beeston,1477,W1,1,1289,3.28,0.21,4.5
2023-10-07,David Belochkin,Dave Turner,g1 dave turner,1957,G1,0,1286,3.38,0.1,4.5
2023-10-07,David Belochkin,Ellison Smith,e1 ellison smith,1773,E1,0,1283,3.48,0.1,4.5
2023-10-08,David Belochkin,Joshua McKenna,e1 joshua mckenna,1754,E1,0,1279,3.58,0.1,4.5
2023-10-08,David Belochkin,Bronwen Tuson,d1 bronwen tuson,1100,D1,1,1289,4.28,0.7,5.5
2023-11-10,David Belochkin,Emyr-Wyn Francis,w1 emyr-wyn francis,850,W1,1,1292,5.18,0.9,6.5
2023-11-11,David Belochkin,William Francis,w1 william francis,850,W1,1,1295,6.08,0.9,7.5
2023-11-11,David Belochkin,Arush Ajai Murthy,e1 arush ajai murthy,916,E1,1,1299,6.95,0.87,8.5
2023-11-12,David Belochkin,Kedar Walke,NA,1556,ENG,1,1327,7.1,0.15,9.5
2023-11-12,David Belochkin,Govind Anandkumar,e1 govind anandkumar,1372,E1,0,1316,7.43,0.33,9.5
2023-11-13,David Belochkin,Mike Smith,e1 mike smith,1200,E1,0,1298,8,0.57,9.5
2023-11-26,David Belochkin,Andrew Di-Vetta,e1 andrew di-vetta,1783,E1,0,1295,8.1,0.1,9.5
2023-07-07,Ben Bickford,Joe Fathallah,e1 joe fathallah,2080,E1,0,1496,0.1,0.1,0
2023-07-07,Ben Bickford,David Robinson,e1 david robinson,1885,E1,0.5,1509,0.2,0.1,0.5
2023-07-08,Ben Bickford,Andrew Di-Vetta,e1 andrew di-vetta,1783,E1,0,1503,0.36,0.16,0.5
2023-07-09,Ben Bickford,Thomas Nalej,e1 thomas nalej,1086,E1,1,1507,1.26,0.9,1.5
2023-07-09,Ben Bickford,Matthew R Wilson,NA,1934,ENG,0,1503,1.36,0.1,1.5
2023-07-10,Ben Bickford,McKenzie Archibald,w1 mckenzie archibald,1374,W1,0.5,1498,2.03,0.67,2
2023-07-11,Ben Bickford,Malcolm Probert,w1 malcolm probert,1472,W1,0.5,1497,2.57,0.54,2.5
2023-07-11,Ben Bickford,Kamran Harandi,NA,1517,ENG,0,1481,3.04,0.47,2.5
2023-09-08,Ben Bickford,Mark Reckless,e1 mark reckless,1400,E1,1,1493,3.68,0.64,3.5
2023-09-09,Ben Bickford,Patrick Bourne,d1 patrick bourne,1109,D1,1,1496,4.58,0.9,4.5
2023-09-09,Ben Bickford,Ron Williams,g1 ron williams,1554,G1,0,1483,5,0.42,4.5
2023-09-10,Ben Bickford,Laurence Tarbuck,NA,1706,ENG,0,1475,5.23,0.23,4.5
2023-09-10,Ben Bickford,Mike Stannard,g1 mike stannard,1226,G1,0.5,1465,6.06,0.83,5
2023-09-11,Ben Bickford,Gwynfor Rees,e1 gwynfor rees,2050,E1,0,1462,6.16,0.1,5
2023-10-02,Ben Bickford,Dave Parsons,e1 dave parsons,1704,E1,0,1454,6.4,0.24,5
2023-10-16,Ben Bickford,Russell Dodington,e1 russell dodington,1678,E1,0,1446,6.66,0.26,5
2023-10-30,Ben Bickford,Andrew Jeanes,e1 andrew jeanes,1556,E1,0.5,1448,7.08,0.42,5.5
2023-11-06,Ben Bickford,Emma Kong,e1 emma kong,1478,E1,0,1431,7.61,0.53,5.5
2023-12-11,Ben Bickford,Ken Hannah,e1 ken hannah,1605,E1,1,1452,7.96,0.35,6.5
2023-07-07,Michael Binks,Andrew Di-Vetta,e1 andrew di-vetta,1783,E1,1,2142,0.89,0.89,1
2023-07-07,Michael Binks,James C Foster,NA,1919,ENG,0,2129,1.67,0.78,1
2023-07-08,Michael Binks,Emily Maton,NA,2016,ENG,1,2135,2.34,0.67,2
2023-07-09,Michael Binks,Jeremy Menadue,NA,2058,ENG,0,2125,2.96,0.62,2
2023-07-09,Michael Binks,David Robinson,e1 david robinson,1885,E1,0.5,2120,3.77,0.81,2.5
2023-07-10,Michael Binks,Bence Szakmany,e1 bence szakmany,1799,E1,1,2122,4.65,0.88,3.5
2023-07-11,Michael Binks,Ifan Rathbone-Jones,n1 ifan rathbone-jones,2038,N1,1,2127,5.29,0.64,4.5
2023-07-11,Michael Binks,Olivia Smith,e1 olivia smith,2196,E1,0,2121,5.71,0.42,4.5
2023-07-12,Michael Binks,David L Roberts,NA,2031,ENG,0.5,2118,6.36,0.65,5
2023-07-24,Michael Binks,David W Fryer,NA,1961,ENG,0,2106,7.1,0.74,5
2023-07-25,Michael Binks,Nigel W Dennis,NA,1766,ENG,1,2108,8,0.9,6
2023-07-26,Michael Binks,Susan Chadwick,NA,1510,ENG,1,2110,8.9,0.9,7
2023-07-27,Michael Binks,Maurice Lawson,NA,2023,ENG,0,2099,9.56,0.66,7
2023-07-28,Michael Binks,Ed H Goodwin,NA,1904,ENG,1,2102,10.36,0.8,8
2023-07-29,Michael Binks,Raj Bhopal,NA,2117,SCO,1,2110,10.89,0.53,9
2023-09-26,Michael Binks,Jonathan James,e1 jonathan james,1992,E1,0,2099,11.59,0.7,9
2023-10-16,Michael Binks,Mike Gale,e1 mike gale,1617,E1,0,2084,12.49,0.9,9
2023-10-31,Michael Binks,Jonathan Gilbert,g1 jonathan gilbert,2031,G1,0.5,2082,13.14,0.65,9.5
2023-11-06,Michael Binks,Steve Cunliffe,e1 steve cunliffe,1907,E1,1,2085,13.93,0.79,10.5
2023-11-10,Michael Binks,Steve Jones,e1 steve jones,1500,E1,1,2087,14.83,0.9,11.5
2023-11-11,Michael Binks,Allan Pleasants,e1 allan pleasants,2080,E1,0,2077,15.42,0.59,11.5
2023-11-11,Michael Binks,Duncan Williams,w1 duncan williams,1817,W1,0,2064,16.29,0.87,11.5
2023-11-12,Michael Binks,Dave McGhee,e1 dave mcghee,1643,E1,0,2049,17.19,0.9,11.5
2023-09-06,Martin Blackman-Siegler,Zack Wilkins,e1 zack wilkins,1337,E1,0,1042,0.16,0.16,0
2023-10-02,Martin Blackman-Siegler,Mike Joslin,e1 mike joslin,1351,E1,1,1083,0.31,0.15,1
2023-10-24,Martin Blackman-Siegler,Tomos Bryant,e1 tomos bryant,850,E1,1,1095,1.07,0.76,2
2023-10-25,Martin Blackman-Siegler,Lucas Zheng,e1 lucas zheng,1104,E1,1,1122,1.49,0.42,3
2023-11-08,Martin Blackman-Siegler,Reuben Hilliar,e1 reuben hilliar,861,E1,0,1086,2.24,0.75,3
2023-11-22,Martin Blackman-Siegler,Angus Lloyd,e1 angus lloyd,1050,E1,1,1110,2.74,0.5,4
2023-12-18,Martin Blackman-Siegler,Matthew Lunnon,e1 matthew lunnon,1618,E1,1,1154,2.84,0.1,5
2023-07-04,Simon Blackmore,Alun Smith,e1 alun smith,1708,E1,0,1624,0.39,0.39,0
2023-07-11,Simon Blackmore,Lucas Zheng,e1 lucas zheng,1104,E1,1,1626,1.29,0.9,1
2023-07-18,Simon Blackmore,Liam Penny,e1 liam penny,1748,E1,0,1618,1.63,0.34,1
2023-09-08,Simon Blackmore,Mike Stannard,g1 mike stannard,1226,G1,1,1620,2.53,0.9,2
2023-09-09,Simon Blackmore,Joshua Colcombe,g1 joshua colcombe,1400,G1,1,1625,3.32,0.79,3
2023-09-09,Simon Blackmore,Darson Beeston,w1 darson beeston,1477,W1,0,1608,4.03,0.71,3
2023-09-10,Simon Blackmore,Zack Wilkins,e1 zack wilkins,1337,E1,0,1588,4.88,0.85,3
2023-09-10,Simon Blackmore,Liam Hayles,e1 liam hayles,900,E1,1,1590,5.78,0.9,4
2023-09-14,Simon Blackmore,Joshua McKenna,e1 joshua mckenna,1754,E1,0,1582,6.11,0.33,4
2023-09-27,Simon Blackmore,Kristan Enoch,e1 kristan enoch,1454,E1,0,1565,6.85,0.74,4
2023-10-12,Simon Blackmore,Michael Sawtell,e1 michael sawtell,1532,E1,1,1573,7.49,0.64,5
2023-10-19,Simon Blackmore,Alun Smith,e1 alun smith,1708,E1,1,1588,7.88,0.39,6
2023-11-27,Simon Blackmore,Mike Smith,e1 mike smith,1200,E1,1,1590,8.78,0.9,7
2023-12-14,Simon Blackmore,Krzysztof Jakubiak,e1 krzysztof jakubiak,1599,E1,0,1577,9.33,0.55,7
2023-07-03,Tim Bowers,Mike White,e1 mike white,909,E1,0,877,0.49,0.49,0
2023-07-31,Tim Bowers,John Velda,e1 john velda,1166,E1,0,868,0.67,0.18,0
2023-10-09,Tim Bowers,Sophie Wood,e1 sophie wood,850,E1,0,841,1.24,0.57,0
2023-09-14,Paul Bridges,Andy Basford,e1 andy basford,1533,E1,0.5,1698,0.73,0.73,0.5
2023-10-30,Paul Bridges,Dave McGhee,e1 dave mcghee,1643,E1,0.5,1696,1.32,0.59,1
2023-11-20,Paul Bridges,Gwyn Havard,e1 gwyn havard,1855,E1,0,1688,1.61,0.29,1
2023-07-07,Tom Brown,Joshua McKenna,e1 joshua mckenna,1754,E1,1,2151,0.9,0.9,1
2023-07-07,Tom Brown,Ifan Rathbone-Jones,n1 ifan rathbone-jones,2038,N1,0.5,2148,1.55,0.65,1.5
2023-07-08,Tom Brown,Guy Wagner,e1 guy wagner,1676,E1,1,2150,2.45,0.9,2.5
2023-07-09,Tom Brown,Peter K Wells,NA,2358,ENG,0,2146,2.68,0.23,2.5
2023-07-09,Tom Brown,Tim Kett,e1 tim kett,2192,E1,0.5,2147,3.12,0.44,3
2023-07-10,Tom Brown,Nigel Ralphs,e1 nigel ralphs,2053,E1,0.5,2145,3.75,0.63,3.5
2023-07-11,Tom Brown,Jeremy Menadue,NA,2058,ENG,1,2151,4.38,0.63,4.5
2023-07-11,Tom Brown,Joakim Nilsson,NA,2176,FIDE,0,2143,4.84,0.46,4.5
2023-08-09,Tom Brown,Charles F Morris,n1 charles f morris,2165,N1,1,2152,5.32,0.48,5.5
2023-08-10,Tom Brown,Jonathan LB Blackburn,g1 jonathan lb blackburn,2329,G1,0,2148,5.58,0.26,5.5
2023-08-10,Tom Brown,Alan Byron,NA,2180,ENG,0.5,2148,6.04,0.46,6
2023-08-11,Tom Brown,Jacob Connor Boswell,NA,2283,ENG,0,2143,6.36,0.32,6
2023-08-11,Tom Brown,Alan Walton,NA,2123,ENG,0,2135,6.9,0.54,6
2023-08-12,Tom Brown,Shabir Okhai,NA,2254,ENG,0.5,2137,7.25,0.35,6.5
2023-08-12,Tom Brown,Richard WY Lee,NA,2109,ENG,0.5,2136,7.81,0.56,7
2023-08-13,Tom Brown,Roger G Williamson,NA,2184,ENG,1,2145,8.26,0.45,8
2023-08-13,Tom Brown,Tim Kett,e1 tim kett,2192,E1,0.5,2146,8.7,0.44,8.5
2023-09-07,Tom Brown,Callum Smith,e1 callum smith,1789,E1,0.5,2140,9.59,0.89,9
2023-09-20,Tom Brown,Sam Jukes,e1 sam jukes,2034,E1,1,2145,10.25,0.66,10
2023-10-04,Tom Brown,Bill Hunt,e1 bill hunt,1766,E1,1,2147,11.15,0.9,11
2023-10-22,Tom Brown,Adam Musson,w1 adam musson,2130,W1,1,2154,11.68,0.53,12
2023-11-11,Tom Brown,Adrian G Elwin,NA,1975,ENG,0.5,2151,12.41,0.73,12.5
2023-11-12,Tom Brown,Simon N Gilmore,NA,2061,ENG,0.5,2149,13.03,0.62,13
2023-11-22,Tom Brown,Matthew Davies,e1 matthew davies,1935,E1,0.5,2144,13.8,0.77,13.5
2023-11-26,Tom Brown,Dave Turner,g1 dave turner,1957,G1,0.5,2140,14.55,0.75,14
2023-12-06,Tom Brown,Alex Bullen,e1 alex bullen,2245,E1,0.5,2142,14.92,0.37,14.5
2023-12-13,Tom Brown,Joe Fathallah,e1 joe fathallah,2080,E1,1,2149,15.52,0.6,15.5
2023-12-14,Tom Brown,Tim Kett,e1 tim kett,2192,E1,0,2142,15.96,0.44,15.5
2023-11-02,Joseph Browse,Ellison Smith,e1 ellison smith,1773,E1,1,1751,0.45,0.45,1
2023-12-10,Joseph Browse,Anezka Vlkova,e1 anezka vlkova,1936,E1,0,1745,0.69,0.24,1
2023-09-12,Tomos Bryant,Bob Owen,e1 bob owen,1294,E1,0.5,869,0.1,0.1,0.5
2023-10-17,Tomos Bryant,Nathan Trickey,e1 nathan trickey,1389,E1,1,912,0.2,0.1,1.5
2023-10-24,Tomos Bryant,Martin Blackman-Siegler,e1 martin blackman-siegler,1050,E1,0,901,0.44,0.24,1.5
2023-08-27,Alex Bullen,Marie Vavrinkova,NA,1416,FIDE,1,2247,0.9,0.9,1
2023-08-27,Alex Bullen,Michael Ulcak,NA,1780,FIDE,1,2248,1.8,0.9,2
2023-08-28,Alex Bullen,Radek Wunsch,NA,1955,FIDE,1,2251,2.64,0.84,3
2023-08-29,Alex Bullen,Vaclav Buchta,NA,1921,FIDE,1,2253,3.51,0.87,4
2023-08-30,Alex Bullen,Neklan Vyskocil,NA,2307,FIDE,0.5,2254,3.92,0.41,4.5
2023-08-31,Alex Bullen,Martin Husek,NA,2197,FIDE,0,2245,4.49,0.57,4.5
2023-09-01,Alex Bullen,Miroslav Lisik,NA,1764,FIDE,1,2247,5.39,0.9,5.5
2023-09-02,Alex Bullen,Ludek Meszaros,NA,2065,FIDE,1,2251,6.13,0.74,6.5
2023-09-03,Alex Bullen,Petr Pokorny,NA,2146,FIDE,1,2257,6.77,0.64,7.5
2023-09-07,Alex Bullen,Adam Musson,w1 adam musson,2130,W1,1,2262,7.43,0.66,8.5
2023-09-08,Alex Bullen,Alun Smith,e1 alun smith,1708,E1,1,2264,8.33,0.9,9.5
2023-09-09,Alex Bullen,James Thomas,e1 james thomas,1991,E1,1,2267,9.14,0.81,10.5
2023-09-09,Alex Bullen,Thomas Wells,NA,1999,EST,1,2270,9.94,0.8,11.5
2023-09-10,Alex Bullen,Alan Young,w1 alan young,2125,W1,1,2275,10.61,0.67,12.5
2023-09-10,Alex Bullen,Keith Arkell,NA,2390,ENG,0,2270,10.91,0.3,12.5
2023-09-13,Alex Bullen,Peter Quinn,e1 peter quinn,1733,E1,1,2272,11.81,0.9,13.5
2023-09-20,Alex Bullen,Callum Smith,e1 callum smith,1789,E1,0.5,2266,12.71,0.9,14
2023-10-07,Alex Bullen,Julian Nieto Foresti,NA,1723,FIDE,1,2267,13.61,0.9,15
2023-10-07,Alex Bullen,Sten Sjodahl,NA,1860,FIDE,1,2269,14.51,0.9,16
2023-10-07,Alex Bullen,Edwin Woudt,NA,2045,FIDE,0.5,2265,15.27,0.76,16.5
2023-10-07,Alex Bullen,Antonio Manuel Pinto,NA,1542,FIDE,1,2266,16.17,0.9,17.5
2023-10-07,Alex Bullen,Oliver Stubbs,NA,2226,ENG,0,2258,16.7,0.53,17.5
2023-10-07,Alex Bullen,Jiri Danko,NA,1857,FIDE,0,2243,17.6,0.9,17.5
2023-10-07,Alex Bullen,Miquel Gonzalez Sureda,NA,1835,FIDE,1,2245,18.5,0.9,18.5
2023-10-07,Alex Bullen,Ladislav Hrbolka,NA,2035,FIDE,1,2249,19.27,0.77,19.5
2023-10-07,Alex Bullen,Marc Lacrosse,NA,2057,FIDE,0.5,2245,20.02,0.75,20
2023-10-18,Alex Bullen,Joe Fathallah,e1 joe fathallah,2080,E1,1,2249,20.74,0.72,21
2023-10-25,Alex Bullen,Derek Jones,e1 derek jones,2039,E1,1,2253,21.51,0.77,22
2023-11-06,Alex Bullen,Daniel Wilmot,e1 daniel wilmot,1869,E1,0,2239,22.41,0.9,22
2023-11-08,Alex Bullen,Georgi Korovski,e1 georgi korovski,1824,E1,1,2240,23.31,0.9,23
2023-11-11,Alex Bullen,Phil J Brooks,NA,2178,ENG,1,2247,23.91,0.6,24
2023-11-12,Alex Bullen,Max P Pert,NA,2151,ENG,0,2237,24.54,0.63,24
2023-11-15,Alex Bullen,Matthew Davies,e1 matthew davies,1935,E1,1,2239,25.4,0.86,25
2023-11-22,Alex Bullen,Joshua McKenna,e1 joshua mckenna,1754,E1,1,2240,26.3,0.9,26
2023-11-26,Alex Bullen,Joseph Addis,g1 joseph addis,1776,G1,0,2226,27.2,0.9,26
2023-12-06,Alex Bullen,Tom Brown,e1 tom brown,2149,E1,0.5,2224,27.83,0.63,26.5
2023-12-10,Alex Bullen,Callum Davies,e1 callum davies,1885,E1,1,2226,28.72,0.89,27.5
2023-12-13,Alex Bullen,Krzysztof Jakubiak,e1 krzysztof jakubiak,1599,E1,1,2227,29.62,0.9,28.5
2023-09-18,John Callan,Martin Ricketts,e1 martin ricketts,1288,E1,0,1223,0.43,0.43,0
2023-10-07,Jose Camacho Collados,Michael Sawtell,e1 michael sawtell,1532,E1,1,2466,0.9,0.9,1
2023-10-07,Jose Camacho Collados,Mike Gale,e1 mike gale,1617,E1,1,2467,1.8,0.9,2
2023-10-07,Jose Camacho Collados,Dave Turner,g1 dave turner,1957,G1,1,2468,2.7,0.9,3
2023-10-08,Jose Camacho Collados,Alun Smith,e1 alun smith,1708,E1,1,2469,3.6,0.9,4
2023-10-08,Jose Camacho Collados,Joe Fathallah,e1 joe fathallah,2080,E1,0.5,2465,4.5,0.9,4.5
2023-10-22,Jose Camacho Collados,David Perrett,e1 david perrett,1992,E1,1,2466,5.4,0.9,5.5
2023-11-11,Jose Camacho Collados,Peter M Gayson,NA,2158,ENG,1,2467,6.25,0.85,6.5
2023-11-12,Jose Camacho Collados,Mark Hebden,NA,2469,ENG,1,2473,6.74,0.49,7.5
2023-09-20,Bertie Carvey,Reuben Hilliar,e1 reuben hilliar,861,E1,0,908,0.61,0.61,0
2023-09-27,Bertie Carvey,Adam Sarwar,e1 adam sarwar,926,E1,0.5,907,1.13,0.52,0.5
2023-11-08,Bertie Carvey,Sam Rhydderch,e1 sam rhydderch,1000,E1,0.5,911,1.54,0.41,1
2023-11-15,Bertie Carvey,Piotr Graczyk,e1 piotr graczyk,1565,E1,0,907,1.64,0.1,1
2023-11-29,Bertie Carvey,Mike Joslin,e1 mike joslin,1351,E1,0,902,1.74,0.1,1
2023-12-14,Bertie Carvey,Rhys Davies,e1 rhys davies,1000,E1,1,930,2.15,0.41,2
2023-07-04,Kam Choo Yin,Csege Hanczar,e1 csege hanczar,1188,E1,1,1640,0.9,0.9,1
2023-07-11,Kam Choo Yin,Liam Penny,e1 liam penny,1748,E1,0.5,1644,1.25,0.35,1.5
2023-07-18,Kam Choo Yin,Joshua McKenna,e1 joshua mckenna,1754,E1,1,1660,1.59,0.34,2.5
2023-09-14,Kam Choo Yin,Jonathan James,e1 jonathan james,1992,E1,0,1657,1.71,0.12,2.5
2023-09-27,Kam Choo Yin,Emma Kong,e1 emma kong,1478,E1,1,1664,2.43,0.72,3.5
2023-10-12,Kam Choo Yin,Mike Gale,e1 mike gale,1617,E1,0.5,1663,2.96,0.53,4
2023-10-23,Kam Choo Yin,Jonathan Gilbert,g1 jonathan gilbert,2031,G1,0,1661,3.06,0.1,4
2023-11-09,Kam Choo Yin,Wilfrid Tang,e1 wilfrid tang,850,E1,1,1663,3.96,0.9,5
2023-11-10,Kam Choo Yin,Bob Hurn,e1 bob hurn,1459,E1,0.5,1658,4.7,0.74,5.5
2023-11-11,Kam Choo Yin,Krzysztof Jakubiak,e1 krzysztof jakubiak,1599,E1,0,1644,5.26,0.56,5.5
2023-11-11,Kam Choo Yin,Darson Beeston,w1 darson beeston,1477,W1,1,1651,5.98,0.72,6.5
2023-11-12,Kam Choo Yin,Paul Moulson,g1 paul moulson,1402,G1,1,1656,6.78,0.8,7.5
2023-11-12,Kam Choo Yin,Mark Thomas,w1 mark thomas,1802,W1,0,1649,7.06,0.28,7.5
2023-11-23,Kam Choo Yin,Mark Jones,e1 mark jones,1676,E1,0,1639,7.51,0.45,7.5
2023-12-04,Kam Choo Yin,Daniel Wilmot,e1 daniel wilmot,1869,E1,1,1658,7.72,0.21,8.5
2023-09-04,Adam Christopher,Jack Hannigan,e1 jack hannigan,1393,E1,0,1279,0.36,0.36,0
2023-10-09,Adam Christopher,David Lewis,e1 david lewis,1666,E1,0,1275,0.46,0.1,0
2023-11-05,Adam Christopher,David Lewis,e1 david lewis,1666,E1,0,1272,0.56,0.1,0
2023-11-20,Adam Christopher,Joseff Roberts,e1 joseff roberts,860,E1,1,1275,1.46,0.9,1
2023-11-27,Adam Christopher,Ken Hannah,e1 ken hannah,1605,E1,0.5,1287,1.6,0.14,1.5
2023-12-09,Ethan Chung,Stephen Gaskell,NA,1874,ENG,0,1671,0.24,0.24,0
2023-12-09,Ethan Chung,Joel Bartlett,NA,1791,ENG,0.5,1675,0.58,0.34,0.5
2023-09-14,Edd Chwieseni,Csege Hanczar,e1 csege hanczar,1188,E1,0,1564,0.9,0.9,0
2023-09-25,Edd Chwieseni,Chris Fox,e1 chris fox,1577,E1,0,1547,1.42,0.52,0
2023-10-07,Edd Chwieseni,Emma Kong,e1 emma kong,1478,E1,0.5,1542,2.08,0.66,0.5
2023-10-07,Edd Chwieseni,Yaroslav Sharhorodsky,e1 yaroslav sharhorodsky,1557,E1,0,1525,2.63,0.55,0.5
2023-10-08,Edd Chwieseni,Paul Moulson,g1 paul moulson,1402,G1,0.5,1517,3.38,0.75,1
2023-10-08,Edd Chwieseni,HaoYu Yin,e1 haoyu yin,1461,E1,1,1527,4.06,0.68,2
2023-10-23,Edd Chwieseni,Bob Hurn,e1 bob hurn,1459,E1,1,1537,4.74,0.68,3
2023-09-04,Patrick Civil,Martin K Jones,e1 martin k jones,1476,E1,0,1028,0.1,0.1,0
2023-09-20,Patrick Civil,Piotr Graczyk,e1 piotr graczyk,1565,E1,0,1023,0.2,0.1,0
2023-10-16,Patrick Civil,Kevin Stephens,e1 kevin stephens,1282,E1,0.5,1038,0.39,0.19,0.5
2023-10-30,Patrick Civil,James Williams,e1 james williams,1105,E1,0,1019,0.79,0.4,0.5
2023-11-09,Patrick Civil,Ethan Jenkins,e1 ethan jenkins,850,E1,0.5,1007,1.53,0.74,1
2023-11-27,Patrick Civil,Erion Pici,e1 erion pici,1206,E1,0,995,1.8,0.27,1
2023-12-04,Patrick Civil,Clive Silver,e1 clive silver,1459,E1,0,990,1.9,0.1,1
2023-12-11,Patrick Civil,Sam White,e1 sam white,1376,E1,1,1032,2.02,0.12,2
2023-09-05,Geoff Clarke,Rhys Matthews,e1 rhys matthews,1159,E1,0.5,1275,0.67,0.67,0.5
2023-10-25,Geoff Clarke,Piotr Graczyk,e1 piotr graczyk,1565,E1,0,1269,0.83,0.16,0.5
2023-11-28,Geoff Clarke,Matthew Lunnon,e1 matthew lunnon,1618,E1,0.5,1281,0.96,0.13,1
2023-07-04,Adam Colcombe,Andrei Zhuravlev,e1 andrei zhuravlev,999,E1,1,1089,0.6,0.6,1
2023-07-11,Adam Colcombe,Adam Sarwar,e1 adam sarwar,926,E1,1,1104,1.3,0.7,2
2023-07-18,Adam Colcombe,Harri Gillen,e1 harri gillen,850,E1,1,1114,2.08,0.78,3
2023-10-09,David Corney,Ioan Davies,e1 ioan davies,896,E1,1,909,0.48,0.48,1
2023-10-16,David Corney,Kenul Herath,e1 kenul herath,1000,E1,1,941,0.82,0.34,2
2023-11-05,David Corney,Ioan Davies,e1 ioan davies,896,E1,1,965,1.3,0.48,3
2023-11-27,David Corney,David Murphy,e1 david murphy,1000,E1,1,997,1.64,0.34,4
2023-12-04,David Corney,Richard Larg,e1 richard larg,1453,E1,0.5,1016,1.74,0.1,4.5
2023-07-11,Clara Correa,Raga Sreya Mandadapu,e1 raga sreya mandadapu,850,E1,0,826,0.5,0.5,0
2023-07-18,Clara Correa,Dev Pandit,e1 dev pandit,850,E1,0,802,1,0.5,0
2023-07-04,Salvador Correa,Adam Sarwar,e1 adam sarwar,926,E1,0,831,0.39,0.39,0
2023-07-11,Salvador Correa,Matilda Kennedy,e1 matilda kennedy,850,E1,1,855,0.89,0.5,1
2023-07-18,Salvador Correa,Lee Gillen,e1 lee gillen,850,E1,0,831,1.39,0.5,1
2023-09-14,John Cox,Govind Anandkumar,e1 govind anandkumar,1372,E1,1,1381,0.49,0.49,1
2023-10-16,John Cox,Curtis Reid,e1 curtis reid,1121,E1,0,1356,1.29,0.8,1
2023-10-30,Clive Crowley,Kristan Enoch,e1 kristan enoch,1454,E1,0,1475,0.56,0.56,0
2023-07-04,Oliver Cumiskey,Suraj Prabhu,e1 suraj prabhu,1493,E1,0.5,1209,0.15,0.15,0.5
2023-07-11,Oliver Cumiskey,Ellison Smith,e1 ellison smith,1773,E1,0,1204,0.25,0.1,0.5
2023-09-08,Oliver Cumiskey,Steve Jones,e1 steve jones,1500,E1,1,1245,0.4,0.15,1.5
2023-09-27,Oliver Cumiskey,Stuart Enoch,e1 stuart enoch,1337,E1,0,1230,0.7,0.3,1.5
2023-10-04,Oliver Cumiskey,Andrei Zhuravlev,e1 andrei zhuravlev,999,E1,1,1242,1.45,0.75,2.5
2023-10-22,Oliver Cumiskey,Jonathan Dark,g1 jonathan dark,1243,G1,1,1270,1.88,0.43,3.5
2023-10-23,Oliver Cumiskey,Leon Jansen van Rensburg,e1 leon jansen van rensburg,1649,E1,1,1313,1.98,0.1,4.5
2023-11-03,Oliver Cumiskey,John Ryles,e1 john ryles,1521,E1,0.5,1331,2.11,0.13,5
2023-12-04,Oliver Cumiskey,Andrew Jeanes,e1 andrew jeanes,1556,E1,1,1374,2.22,0.11,6
2023-12-09,Oliver Cumiskey,Archie Hewitt,NA,1209,ENG,1,1399,2.7,0.48,7
2023-12-09,Oliver Cumiskey,Alex Worsell,NA,1276,ENG,1,1428,3.08,0.38,8
2023-07-03,Steve Cunliffe,Steve Maguire,e1 steve maguire,946,E1,1,1909,0.9,0.9,1
2023-07-17,Steve Cunliffe,John Ryles,e1 john ryles,1521,E1,1,1912,1.8,0.9,2
2023-07-31,Steve Cunliffe,Ken Hannah,e1 ken hannah,1605,E1,1,1915,2.65,0.85,3
2023-08-21,Steve Cunliffe,Gwyn Havard,e1 gwyn havard,1855,E1,1,1926,3.22,0.57,4
2023-09-11,Steve Cunliffe,Mike Gale,e1 mike gale,1617,E1,1,1929,4.06,0.84,5
2023-09-25,Steve Cunliffe,Jonathan Gilbert,g1 jonathan gilbert,2031,G1,0.5,1934,4.39,0.33,5.5
2023-10-02,Steve Cunliffe,Bob Hurn,e1 bob hurn,1459,E1,1,1936,5.29,0.9,6.5
2023-10-23,Steve Cunliffe,Daniel Wilmot,e1 daniel wilmot,1869,E1,0,1923,5.84,0.55,6.5
2023-11-03,Steve Cunliffe,Alex Kennedy,e1 alex kennedy,1516,E1,0,1901,6.74,0.9,6.5
2023-11-06,Steve Cunliffe,Michael Binks,e1 michael binks,2140,E1,0,1896,6.95,0.21,6.5
2023-11-20,Steve Cunliffe,Jonathan James,e1 jonathan james,1992,E1,0,1887,7.33,0.38,6.5
2023-09-23,Peter Davies,Kajus Mikalajunas,NA,2108,ENG,0,1964,0.31,0.31,0
2023-09-23,Peter Davies,Simon Gilmore,NA,2106,ENG,0.5,1968,0.62,0.31,0.5
2023-09-23,Peter Davies,Vasileios Papoutsis,NA,1990,ENG,0.5,1969,1.09,0.47,1
2023-09-24,Peter Davies,John Tompson,NA,2067,ENG,0.5,1972,1.46,0.37,1.5
2023-09-24,Peter Davies,Julian Cast,NA,2011,ENG,0,1961,1.9,0.44,1.5
2023-11-25,Peter Davies,Mahin Rughani,NA,1737,ENG,0,1942,2.69,0.79,1.5
2023-11-25,Peter Davies,Aayush Dewangan,NA,1833,ENG,1,1950,3.38,0.69,2.5
2023-11-25,Peter Davies,Chaniru Ranasinghe,NA,1529,ENG,1,1952,4.28,0.9,3.5
2023-11-26,Peter Davies,Hugo Fowler,g1 hugo fowler,2109,G1,1,1969,4.59,0.31,4.5
2023-11-26,Peter Davies,Benjamin Larkin,NA,2024,ENG,0,1958,5.01,0.42,4.5
2023-09-13,Matthew Davies,Sam Jukes,e1 sam jukes,2034,E1,0.5,1938,0.36,0.36,0.5
2023-09-27,Matthew Davies,Derek Jones,e1 derek jones,2039,E1,0,1930,0.71,0.35,0.5
2023-10-10,Matthew Davies,David Robinson,e1 david robinson,1885,E1,0.5,1928,1.28,0.57,1
2023-11-15,Matthew Davies,Alex Bullen,e1 alex bullen,2245,E1,0,1925,1.42,0.14,1
2023-11-22,Matthew Davies,Tom Brown,e1 tom brown,2149,E1,0.5,1931,1.65,0.23,1.5
2023-11-26,Matthew Davies,Tomas Forsey,g1 tomas forsey,1301,G1,0.5,1922,2.55,0.9,2
2023-11-29,Matthew Davies,Tim Kett,e1 tim kett,2192,E1,0,1917,2.74,0.19,2
2023-12-06,Matthew Davies,Xavier Austin,e1 xavier austin,1496,E1,1,1920,3.64,0.9,3
2023-07-08,Tom Davies,Martin Calleja Urry,NA,1275,FIDE,1,1666,0.9,0.9,1
2023-07-09,Tom Davies,Alexis Doutez,NA,1468,FIDE,0,1648,1.66,0.76,1
2023-07-10,Tom Davies,Gabriel Dubois,NA,1325,FIDE,0.5,1639,2.54,0.88,1.5
2023-07-11,Tom Davies,Mohamed Maftah,NA,1164,FIDE,1,1642,3.44,0.9,2.5
2023-07-12,Tom Davies,Beya Abdelkefi,NA,1115,FIDE,1,1644,4.34,0.9,3.5
2023-07-13,Tom Davies,Elwan Viossat,NA,1387,FIDE,1,1648,5.17,0.83,4.5
2023-07-14,Tom Davies,Tom Jousset,NA,1507,FIDE,0.5,1643,5.88,0.71,5
2023-07-15,Tom Davies,Youssef Jalleli,NA,1255,FIDE,1,1645,6.78,0.9,6
2023-08-18,Tom Davies,Kit Blades,NA,1879,ENG,0,1640,7,0.22,6
2023-08-18,Tom Davies,Kritan Boggarapu,NA,1839,SCO,0,1634,7.27,0.27,6
2023-08-19,Tom Davies,Yannick Woods,NA,1830,IRE,0,1627,7.55,0.28,6
2023-08-19,Tom Davies,Kit Blades,NA,1879,ENG,0,1622,7.77,0.22,6
2023-08-20,Tom Davies,Kritan Boggarapu,NA,1957,SCO,0,1618,7.93,0.16,6
2023-08-20,Tom Davies,Yannick Woods,NA,1830,IRE,1,1635,8.21,0.28,7
2023-08-18,Milo Davies,Marvin Gera,NA,1621,SCO,0,1403,0.23,0.23,0
2023-08-18,Milo Davies,Caleb Caleshu,NA,1967,ENG,0,1399,0.33,0.1,0
2023-08-19,Milo Davies,Sean Gannon,NA,1297,IRE,0,1378,0.99,0.66,0
2023-08-19,Milo Davies,Marvin Gera,NA,1621,SCO,0,1371,1.22,0.23,0
2023-08-20,Milo Davies,Caleb Caleshu,NA,1967,ENG,0,1368,1.32,0.1,0
2023-08-20,Milo Davies,Sean Gannon,NA,1297,IRE,1,1379,1.98,0.66,1
2023-09-05,Milo Davies,David Belochkin,e1 david belochkin,1250,E1,1,1388,2.7,0.72,2
2023-09-21,Bill Davies,Chris Peters,e1 chris peters,1560,E1,0,1110,0.1,0.1,0
2023-11-09,Bill Davies,Nadi Grewal,e1 nadi grewal,1178,E1,0.5,1115,0.51,0.41,0.5
2023-07-08,Rhys Davies,Jean Dominique Coqueraut,NA,1522,FIDE,1,1043,0.1,0.1,1
2023-07-09,Rhys Davies,Laurent Chatelain,NA,1593,FIDE,0,1038,0.2,0.1,1
2023-07-10,Rhys Davies,David Dutheil,NA,1435,FIDE,0,1034,0.3,0.1,1
2023-07-11,Rhys Davies,Yann Bouder,NA,1124,FIDE,0,1018,0.63,0.33,1
2023-07-12,Rhys Davies,Selene Dubois,NA,1035,FIDE,1,1044,1.08,0.45,2
2023-07-13,Rhys Davies,Nathalie Fourmy,NA,1029,FIDE,1,1070,1.54,0.46,3
2023-07-14,Rhys Davies,Cedric Brulhard,NA,1199,FIDE,0,1059,1.78,0.24,3
2023-07-15,Rhys Davies,Jean-Louis Maurel,NA,1651,FIDE,0,1054,1.88,0.1,3
2023-09-05,Rhys Davies,Adam Sarwar,e1 adam sarwar,926,E1,0,1025,2.48,0.6,3
2023-10-09,Rhys Davies,Steve Keable,e1 steve keable,1300,E1,1,1066,2.63,0.15,4
2023-10-23,Rhys Davies,Richard Larg,e1 richard larg,1453,E1,1,1109,2.73,0.1,5
2023-11-16,Rhys Davies,Tom Jenney,e1 tom jenney,850,E1,1,1123,3.43,0.7,6
2023-11-20,Rhys Davies,Mike Maguire,e1 mike maguire,1574,E1,0,1118,3.53,0.1,6
2023-12-14,Rhys Davies,Bertie Carvey,e1 bertie carvey,937,E1,0,1090,4.12,0.59,6
2023-07-08,Louise Davies,Adam Topiol,NA,1009,EST,1,914,0.32,0.32,1
2023-07-09,Louise Davies,Aurelien Bouveresse,NA,1108,FIDE,0.5,928,0.53,0.21,1.5
2023-07-10,Louise Davies,Robin Julien Tachot,NA,1099,EST,1,965,0.75,0.22,2.5
2023-07-11,Louise Davies,Mira El Mansouri,NA,1155,FIDE,0,957,0.92,0.17,2.5
2023-07-12,Louise Davies,Hugo Fauny,NA,1118,FIDE,0,947,1.12,0.2,2.5
2023-07-13,Louise Davies,Alexandre Combes,NA,1099,EST,1,985,1.34,0.22,3.5
2023-07-14,Louise Davies,Paul Lourdel,NA,1136,FIDE,0,976,1.53,0.19,3.5
2023-07-14,Louise Davies,Elise Levaufre,NA,1099,EST,1,1013,1.75,0.22,4.5
2023-07-15,Louise Davies,Esteban Renault Rodriguez,NA,1099,EST,0.5,1026,1.97,0.22,5
2023-07-15,Louise Davies,Maria Smirnov,NA,1009,EST,1,1059,2.29,0.32,6
2023-08-18,Louise Davies,Saiansh Biswal,NA,853,IRE,0,1033,2.83,0.54,6
2023-08-18,Louise Davies,Tavish Railwani,NA,1582,SCO,0,1028,2.93,0.1,6
2023-08-19,Louise Davies,Senith Thenula Gunarathne,NA,1795,ENG,0,1023,3.03,0.1,6
2023-08-19,Louise Davies,Saiansh Biswal,NA,853,IRE,0,997,3.57,0.54,6
2023-08-20,Louise Davies,Tavish Railwani,NA,1582,SCO,0,992,3.67,0.1,6
2023-08-20,Louise Davies,Senith Thenula Gunarathne,NA,1795,ENG,0,987,3.77,0.1,6
2023-10-09,Louise Davies,Chris Kavanagh,e1 chris kavanagh,1208,E1,1,1029,3.9,0.13,7
2023-10-23,Louise Davies,Mike Joslin,e1 mike joslin,1351,E1,0,1024,4,0.1,7
2023-10-28,Louise Davies,Paul Clemence,NA,1199,EST,0,1018,4.14,0.14,7
2023-10-29,Louise Davies,Anh Khuc,NA,1199,EST,1,1059,4.28,0.14,8
2023-10-29,Louise Davies,Gerard Vuillerme Delgranget,NA,1199,EST,0,1052,4.42,0.14,8
2023-10-30,Louise Davies,Robert Maslo,NA,1199,EST,1,1094,4.56,0.14,9
2023-10-31,Louise Davies,Claudia Fleischhauer,NA,1199,EST,1,1135,4.7,0.14,10
2023-11-01,Louise Davies,Nathan Vandecavaye,NA,1328,EST,0,1130,4.8,0.1,10
2023-11-02,Louise Davies,Anna Boulanger,NA,1199,EST,1,1171,4.94,0.14,11
2023-11-03,Louise Davies,Denis Laffargue,NA,1199,EST,1,1213,5.08,0.14,12
2023-11-04,Louise Davies,Jean-Marie Fabre,NA,1294,EST,1,1256,5.18,0.1,13
2023-11-20,Louise Davies,Steffan Mon,e1 steffan mon,1377,E1,0,1251,5.28,0.1,13
2023-12-14,Louise Davies,Reuben Hilliar,e1 reuben hilliar,861,E1,0,1226,5.81,0.53,13
2023-10-09,Ioan Davies,David Corney,e1 david corney,884,E1,0,871,0.52,0.52,0
2023-11-05,Ioan Davies,David Corney,e1 david corney,884,E1,0,846,1.04,0.52,0
2023-09-08,Callum Davies,Alan Young,w1 alan young,2125,W1,0,1880,0.2,0.2,0
2023-09-08,Callum Davies,Robert Ashworth,NA,1856,ENG,0,1867,0.74,0.54,0
2023-09-09,Callum Davies,McKenzie Archibald,w1 mckenzie archibald,1374,W1,1,1870,1.64,0.9,1
2023-09-10,Callum Davies,Joe Cossins-Smith,NA,1757,ENG,0,1853,2.32,0.68,1
2023-09-10,Callum Davies,Tom Weale,NA,1540,ENG,0,1832,3.2,0.88,1
2023-10-08,Callum Davies,Calum Harris,e1 calum harris,1882,E1,1,1844,3.7,0.5,2
2023-10-12,Callum Davies,Adam Musson,w1 adam musson,2130,W1,0,1839,3.9,0.2,2
2023-10-15,Callum Davies,Sam Jukes,e1 sam jukes,2034,E1,0,1832,4.2,0.3,2
2023-12-10,Callum Davies,Alex Bullen,e1 alex bullen,2245,E1,0,1830,4.31,0.11,2
2023-07-12,Lee Davis,Jean-Luc Roos,NA,2169,FIDE,0.5,1935,0.2,0.2,0.5
2023-07-13,Lee Davis,Mira Kierzek,NA,1937,FIDE,0.5,1936,0.69,0.49,1
2023-07-14,Lee Davis,Peter R Wood,NA,1905,ENG,0.5,1935,1.22,0.53,1.5
2023-07-15,Lee Davis,Stjepan Novak,NA,1943,FIDE,1,1947,1.7,0.48,2.5
2023-07-16,Lee Davis,Tim Spanton,NA,1941,ENG,1,1960,2.18,0.48,3.5
2023-07-17,Lee Davis,Poul Erik Norgaard Olesen,NA,1976,FIDE,0.5,1961,2.61,0.43,4
2023-07-18,Lee Davis,Zbigniew Daleczko,NA,1672,FIDE,0.5,1954,3.42,0.81,4.5
2023-07-19,Lee Davis,John Mortensen,NA,2038,FIDE,1,1969,3.77,0.35,5.5
2023-07-20,Lee Davis,Magnus Wahlbom,NA,2130,FIDE,0.5,1976,4.01,0.24,6
2023-08-15,Lee Davis,Ian J Clarke,NA,1978,ENG,1,1989,4.44,0.43,7
2023-08-26,Lee Davis,Julie C Wilson,NA,1724,ENG,1,1995,5.2,0.76,8
2023-08-26,Lee Davis,Darren H Whitmore,NA,1858,ENG,1,2005,5.8,0.6,9
2023-08-27,Lee Davis,Joseph D Friar,NA,2033,ENG,0.5,2008,6.15,0.35,9.5
2023-08-27,Lee Davis,Peter R Kitson,NA,2017,ENG,0.5,2011,6.52,0.37,10
2023-09-08,Lee Davis,Bob Hurn,e1 bob hurn,1459,E1,1,2014,7.42,0.9,11
2023-09-09,Lee Davis,Richard Miles,g1 richard miles,1971,G1,0.5,2015,7.86,0.44,11.5
2023-09-09,Lee Davis,Mark Thomas,w1 mark thomas,1802,W1,0,1999,8.53,0.67,11.5
2023-09-10,Lee Davis,Julie van Kemenade,n1 julie van kemenade,1635,N1,0.5,1991,9.37,0.84,12
2023-09-10,Lee Davis,Peter Quinn,e1 peter quinn,1733,E1,0.5,1985,10.12,0.75,12.5
2023-09-20,Lee Davis,Aman Nisanth,NA,1732,ENG,1,1991,10.88,0.76,13.5
2023-09-20,Lee Davis,Lile Alarova,NA,1,E1,1,1991,11.88,1,14.5
2023-09-20,Lee Davis,Yanfeng An,NA,2259,FIDE,0,1987,12.01,0.13,14.5
2023-09-24,Lee Davis,Ramesh Jhunjhnuwala,NA,2088,FIDE,0.5,1993,12.29,0.28,15
2023-09-27,Lee Davis,Witalis Sapis,NA,2375,FIDE,0,1990,12.39,0.1,15
2023-09-28,Lee Davis,Robert Mcandrew,NA,1935,SCO,0.5,1990,12.88,0.49,15.5
2023-09-19,Lee Davis,Louis Roos,NA,2253,FIDE,0,1987,13.01,0.13,15.5
2023-09-21,Lee Davis,Johan Goormachtigh,NA,2183,FIDE,0,1983,13.2,0.19,15.5
2023-09-26,Lee Davis,Mario Cocozza,NA,2226,FIDE,0,1979,13.35,0.15,15.5
2023-09-27,Lee Davis,Kiegan Vallely,NA,1636,ENG,1,1983,14.19,0.84,16.5
2023-10-01,Lee Davis,Peter Jakobsen,NA,2185,FIDE,0.5,1990,14.38,0.19,17
2023-10-02,Lee Davis,Axel Smith,NA,2412,FIDE,0,1988,14.48,0.1,17
2023-10-03,Lee Davis,Harri Laakso,NA,2117,FIDE,0.5,1994,14.73,0.25,17.5
2023-10-04,Lee Davis,Murat Mejdini,NA,1991,FIDE,0.5,1996,15.14,0.41,18
2023-10-05,Lee Davis,Thomas Sandvik,NA,1945,FIDE,1,2009,15.62,0.48,19
2023-10-07,Lee Davis,Rory Quinn,NA,2114,IRL,0.5,2015,15.88,0.26,19.5
2023-10-11,Lee Davis,Les P Collard,NA,1928,ENG,0.5,2015,16.38,0.5,20
2023-10-14,Lee Davis,Brian Turner,NA,1951,ENG,0.5,2015,16.85,0.47,20.5
2023-10-18,Lee Davis,Carlos Patterson-Navarro,NA,1596,ENG,1,2018,17.72,0.87,21.5
2023-10-22,Lee Davis,Hugo Fowler,g1 hugo fowler,2109,G1,0.5,2024,17.98,0.26,22
2023-10-25,Lee Davis,Joseph D Friar,NA,2033,ENG,1,2040,18.33,0.35,23
2023-10-28,Lee Davis,James Allsopp,NA,1530,ENG,0.5,2030,19.23,0.9,23.5
2023-11-01,Lee Davis,Peter Davies,NA,1359,ENG,1,2032,20.13,0.9,24.5
2023-11-02,Lee Davis,Joe Rastall,NA,1883,ENG,1,2043,20.69,0.56,25.5
2023-11-08,Lee Davis,Nicholas Tweddell,NA,1513,ENG,1,2045,21.59,0.9,26.5
2023-11-10,Lee Davis,John A Edge,NA,2075,ENG,0.5,2050,21.89,0.3,27
2023-11-15,Lee Davis,Mark Adams,g1 mark adams,1989,G1,0.5,2052,22.3,0.41,27.5
2023-11-16,Lee Davis,Edward Higgs,NA,1456,ENG,0.5,2043,23.2,0.9,28
2023-11-17,Lee Davis,Matthew Jordan,NA,1765,ENG,1,2049,23.92,0.72,29
2023-11-18,Lee Davis,Steven Charles,NA,1464,ENG,1,2052,24.82,0.9,30
2023-11-19,Lee Davis,Chirag Guha,NA,2135,ENG,1,2070,25.05,0.23,31
2023-11-22,Lee Davis,Chris Tremayne,NA,1662,ENG,1,2074,25.87,0.82,32
2023-11-24,Lee Davis,Nigel K Hosken,NA,2075,ENG,0.5,2079,26.17,0.3,32.5
2023-11-29,Lee Davis,Will Slater,NA,1944,ENG,1,2092,26.65,0.48,33.5
2023-12-02,Lee Davis,Jason M Dilley,NA,2189,ENG,0.5,2099,26.83,0.18,34
2023-12-06,Lee Davis,Mark Calderwood,NA,1584,ENG,1,2102,27.71,0.88,35
2023-12-08,Lee Davis,John P Wrench,NA,1970,ENG,0.5,2104,28.15,0.44,35.5
2023-12-13,Lee Davis,Les P Collard,NA,2083,ENG,1,2121,28.44,0.29,36.5
2023-12-15,Lee Davis,David Waud,NA,1733,ENG,1,2127,29.19,0.75,37.5
2023-09-08,Ashley Davis,Joe Cossins-Smith,NA,1757,ENG,1,2011,0.81,0.81,1
2023-09-09,Ashley Davis,Michael Ashworth,NA,2117,ENG,0,2005,1.16,0.35,1
2023-09-10,Ashley Davis,Callum Smith,e1 callum smith,1789,E1,0,1993,1.94,0.78,1
2023-07-07,Andrew Di-Vetta,Michael Binks,e1 michael binks,2140,E1,0,1780,0.11,0.11,0
2023-07-07,Andrew Di-Vetta,Teymour Harandi,NA,1661,ENG,0.5,1776,0.78,0.67,0.5
2023-07-08,Andrew Di-Vetta,Ben Bickford,e1 ben bickford,1499,E1,1,1780,1.62,0.84,1.5
2023-07-09,Andrew Di-Vetta,Dave Turner,g1 dave turner,1957,G1,0.5,1786,1.89,0.27,2
2023-07-09,Andrew Di-Vetta,Dillan Duke,NA,2018,ENG,0.5,1793,2.1,0.21,2.5
2023-07-10,Andrew Di-Vetta,Iwan Cave,NA,2156,ENG,0,1790,2.2,0.1,2.5
2023-07-11,Andrew Di-Vetta,Roy Thomas,e1 roy thomas,1743,E1,1,1801,2.76,0.56,3.5
2023-07-11,Andrew Di-Vetta,Benjamin Larkin,NA,2094,ENG,1,1821,2.9,0.14,4.5
2023-07-12,Andrew Di-Vetta,Nigel Ralphs,e1 nigel ralphs,2053,E1,1,1841,3.07,0.17,5.5
2023-07-21,Andrew Di-Vetta,Robert K Taylor,NA,1935,ENG,0,1834,3.36,0.29,5.5
2023-07-22,Andrew Di-Vetta,Joshua McKenna,e1 joshua mckenna,1754,E1,1,1845,3.9,0.54,6.5
2023-07-24,Andrew Di-Vetta,Philip Staniland,NA,1908,ENG,0.5,1849,4.23,0.33,7
2023-07-25,Andrew Di-Vetta,Nick Burton,NA,1965,ENG,1,1867,4.49,0.26,8
2023-07-26,Andrew Di-Vetta,Shree Rao,NA,1599,ENG,1,1873,5.23,0.74,9
2023-07-27,Andrew Di-Vetta,Ian J Clarke,NA,1983,ENG,0,1868,5.47,0.24,9
2023-07-28,Andrew Di-Vetta,Alisha Vyas,NA,1878,ENG,0,1859,5.84,0.37,9
2023-07-24,Andrew Di-Vetta,Shree Rao,NA,1599,ENG,1,1865,6.58,0.74,10
2023-07-25,Andrew Di-Vetta,Luke Honey,NA,1897,ENG,0,1857,6.92,0.34,10
2023-07-26,Andrew Di-Vetta,Sujan Nargund,NA,1564,ENG,0,1838,7.7,0.78,10
2023-07-27,Andrew Di-Vetta,Louis Yi,NA,1629,ENG,1,1845,8.41,0.71,11
2023-07-28,Andrew Di-Vetta,Simon Morris,NA,1604,ENG,0,1827,9.15,0.74,11
2023-08-18,Andrew Di-Vetta,Michael J Fisher,NA,1893,ENG,0,1819,9.5,0.35,11
2023-08-19,Andrew Di-Vetta,Nigel R Hepworth,NA,1700,ENG,1,1828,10.12,0.62,12
2023-08-19,Andrew Di-Vetta,James Hall,NA,1923,ENG,1,1845,10.43,0.31,13
2023-08-20,Andrew Di-Vetta,AJ Tony Slinger,NA,1849,ENG,0,1835,10.84,0.41,13
2023-08-20,Andrew Di-Vetta,M John Cawston,NA,1818,ENG,0.5,1836,11.29,0.45,13.5
2023-08-26,Andrew Di-Vetta,Finn Schell,NA,1839,ENG,0,1826,11.71,0.42,13.5
2023-08-27,Andrew Di-Vetta,Austin Ivan,NA,1813,ENG,0,1815,12.17,0.46,13.5
2023-08-27,Andrew Di-Vetta,Yunus Ahmed,NA,1647,ENG,1,1823,12.86,0.69,14.5
2023-08-28,Andrew Di-Vetta,Shambavi Hariharan,NA,1810,ENG,0,1812,13.32,0.46,14.5
2023-08-28,Andrew Di-Vetta,Josh Sharma,NA,1789,ENG,0,1800,13.81,0.49,14.5
2023-09-08,Andrew Di-Vetta,Zack Wilkins,e1 zack wilkins,1337,E1,1,1802,14.71,0.9,15.5
2023-09-09,Andrew Di-Vetta,James Thomas,NA,1607,ENG,0.5,1797,15.44,0.73,16
2023-09-09,Andrew Di-Vetta,Paul Moulson,g1 paul moulson,1402,G1,1,1799,16.34,0.9,17
2023-09-10,Andrew Di-Vetta,Dave Williams,g1 dave williams,1611,G1,1,1806,17.07,0.73,18
2023-09-10,Andrew Di-Vetta,Jon Tuson,d1 jon tuson,1500,D1,1,1809,17.91,0.84,19
2023-09-13,Andrew Di-Vetta,Les Philpin,w1 les philpin,1618,W1,1,1816,18.63,0.72,20
2023-09-26,Andrew Di-Vetta,Russell Dodington,e1 russell dodington,1678,E1,0,1801,19.28,0.65,20
2023-10-10,Andrew Di-Vetta,Kristan Enoch,e1 kristan enoch,1454,E1,1,1804,20.15,0.87,21
2023-10-30,Andrew Di-Vetta,Bob Moore,w1 bob moore,1853,W1,0,1794,20.55,0.4,21
2023-10-31,Andrew Di-Vetta,Justin Morgans,e1 justin morgans,1732,E1,0.5,1792,21.12,0.57,21.5
2023-11-06,Andrew Di-Vetta,Dave Parsons,e1 dave parsons,1704,E1,0.5,1790,21.73,0.61,22
2023-11-07,Andrew Di-Vetta,Yash Dave,w1 yash dave,1500,W1,1,1794,22.57,0.84,23
2023-11-10,Andrew Di-Vetta,Andrew Gibbons,w1 andrew gibbons,1953,W1,0,1787,22.84,0.27,23
2023-11-11,Andrew Di-Vetta,Steve Jones,e1 steve jones,1500,E1,0.5,1779,23.68,0.84,23.5
2023-11-11,Andrew Di-Vetta,Dave McGhee,e1 dave mcghee,1643,E1,0.5,1774,24.37,0.69,24
2023-11-12,Andrew Di-Vetta,McKenzie Archibald,w1 mckenzie archibald,1374,W1,1,1777,25.27,0.9,25
2023-11-12,Andrew Di-Vetta,Duncan Williams,w1 duncan williams,1817,W1,0,1766,25.72,0.45,25
2023-11-20,Andrew Di-Vetta,Moss McCarthy,w1 moss mccarthy,2025,W1,0,1761,25.92,0.2,25
2023-11-26,Andrew Di-Vetta,David Belochkin,e1 david belochkin,1250,E1,1,1764,26.82,0.9,26
2023-11-27,Andrew Di-Vetta,Darson Beeston,w1 darson beeston,1477,W1,1,1767,27.67,0.85,27
2023-12-12,Andrew Di-Vetta,Roy Thomas,e1 roy thomas,1743,E1,0,1754,28.23,0.56,27
2023-09-08,Russell Dodington,Gwyn Havard,e1 gwyn havard,1855,E1,0,1672,0.27,0.27,0
2023-09-09,Russell Dodington,Roy Thomas,e1 roy thomas,1743,E1,0,1662,0.68,0.41,0
2023-09-09,Russell Dodington,Bob Hurn,e1 bob hurn,1459,E1,0.5,1655,1.46,0.78,0.5
2023-09-10,Russell Dodington,Mark Cooke,NA,1413,FIDE,0.5,1647,2.28,0.82,1
2023-09-26,Russell Dodington,Andrew Di-Vetta,e1 andrew di-vetta,1783,E1,1,1663,2.63,0.35,2
2023-10-16,Russell Dodington,Ben Bickford,e1 ben bickford,1499,E1,1,1669,3.37,0.74,3
2023-11-06,Russell Dodington,Ken Hannah,e1 ken hannah,1605,E1,0.5,1667,3.97,0.6,3.5
2023-11-20,Russell Dodington,Dave Parsons,e1 dave parsons,1704,E1,0,1656,4.43,0.46,3.5
2023-09-13,Edward Donovan,Dave McGhee,e1 dave mcghee,1643,E1,0,1876,0.81,0.81,0
2023-09-20,Edward Donovan,Michael Arribas-Ayllon,e1 michael arribas-ayllon,1624,E1,1,1880,1.64,0.83,1
2023-10-12,Edward Donovan,Peter Slater,e1 peter slater,1679,E1,1,1885,2.42,0.78,2
2023-10-18,Edward Donovan,Peter Quinn,e1 peter quinn,1733,E1,0,1868,3.14,0.72,2
2023-11-01,Edward Donovan,Peter Slater,e1 peter slater,1679,E1,1,1873,3.92,0.78,3
2023-11-23,Edward Donovan,Ellison Smith,e1 ellison smith,1773,E1,0.5,1869,4.59,0.67,3.5
2023-11-29,Edward Donovan,Michael Sawtell,e1 michael sawtell,1532,E1,1,1872,5.48,0.89,4.5
2023-12-13,Edward Donovan,James Tapp,e1 james tapp,1974,E1,0.5,1875,5.87,0.39,5
2023-09-04,Brendan Donovan,Liam Hayles,e1 liam hayles,900,E1,0,876,0.5,0.5,0
2023-09-25,Brendan Donovan,Richard Gardner,e1 richard gardner,850,E1,1,897,1.07,0.57,1
2023-10-30,Brendan Donovan,Mike White,e1 mike white,909,E1,0,873,1.56,0.49,1
2023-11-06,Brendan Donovan,Mike Joslin,e1 mike joslin,1351,E1,0,868,1.66,0.1,1
2023-11-28,Brendan Donovan,Anthony Williams,e1 anthony williams,1067,E1,0,855,1.94,0.28,1
2023-12-18,Brendan Donovan,Mike Joslin,e1 mike joslin,1351,E1,0,850,2.04,0.1,1
2023-11-02,Dan Edwards,Alun Smith,e1 alun smith,1708,E1,0,1592,0.35,0.35,0
2023-11-29,Dan Edwards,Jake Hurley,e1 jake hurley,1800,E1,0,1586,0.59,0.24,0
2023-12-06,Dan Edwards,Georgi Korovski,e1 georgi korovski,1824,E1,0,1581,0.81,0.22,0
2023-09-11,Stuart Enoch,Roy Thomas,e1 roy thomas,1743,E1,0,1334,0.1,0.1,0
2023-09-13,Stuart Enoch,Chris Fox,e1 chris fox,1577,E1,0,1327,0.3,0.2,0
2023-09-27,Stuart Enoch,Oliver Cumiskey,e1 oliver cumiskey,1192,E1,1,1337,1,0.7,1
2023-10-04,Stuart Enoch,Sam Jukes,e1 sam jukes,2034,E1,0,1334,1.1,0.1,1
2023-10-10,Stuart Enoch,Mark Jones,e1 mark jones,1676,E1,0,1330,1.22,0.12,1
2023-10-15,Stuart Enoch,Xavier Austin,e1 xavier austin,1496,E1,0.5,1337,1.51,0.29,1.5
2023-10-18,Stuart Enoch,Mike Stannard,g1 mike stannard,1226,G1,0,1316,2.16,0.65,1.5
2023-10-25,Stuart Enoch,Dave McGhee,e1 dave mcghee,1643,E1,0,1311,2.31,0.15,1.5
2023-10-30,Stuart Enoch,Harri Llwyd Dafydd,e1 harri llwyd dafydd,920,E1,1,1314,3.21,0.9,2.5
2023-11-01,Stuart Enoch,Joshua McKenna,e1 joshua mckenna,1754,E1,0,1311,3.31,0.1,2.5
2023-11-22,Stuart Enoch,Peter Quinn,e1 peter quinn,1733,E1,0,1308,3.41,0.1,2.5
2023-12-06,Stuart Enoch,Steve Jones,e1 steve jones,1500,E1,0,1299,3.69,0.28,2.5
2023-12-18,Stuart Enoch,Leon Jansen van Rensburg,e1 leon jansen van rensburg,1649,E1,0,1294,3.83,0.14,2.5
2023-08-18,Kristan Enoch,Austin Ivan,NA,1813,ENG,0.5,1466,0.11,0.11,0.5
2023-08-18,Kristan Enoch,Tushar Roul,NA,1548,SCO,0.5,1471,0.48,0.37,1
2023-08-19,Kristan Enoch,Bedhbh Doolin,NA,1353,FIDE,0,1450,1.12,0.64,1
2023-08-19,Kristan Enoch,Austin Ivan,NA,1813,ENG,0,1447,1.23,0.11,1
2023-08-20,Kristan Enoch,Tushar Roul,NA,1724,SCO,0.5,1457,1.4,0.17,1.5
2023-08-20,Kristan Enoch,Bedhbh Doolin,NA,1353,FIDE,0,1436,2.04,0.64,1.5
2023-09-11,Kristan Enoch,Daniel Wilmot,e1 daniel wilmot,1869,E1,0,1433,2.14,0.1,1.5
2023-09-13,Kristan Enoch,Emma Kong,e1 emma kong,1478,E1,1,1450,2.61,0.47,2.5
2023-09-20,Kristan Enoch,Marcus Bedwell,e1 marcus bedwell,871,E1,1,1454,3.51,0.9,3.5
2023-09-27,Kristan Enoch,Simon Blackmore,e1 simon blackmore,1633,E1,1,1477,3.77,0.26,4.5
2023-10-03,Kristan Enoch,Gavin Jones,e1 gavin jones,1602,E1,0,1468,4.07,0.3,4.5
2023-10-04,Kristan Enoch,HaoYu Yin,e1 haoyu yin,1461,E1,1,1484,4.56,0.49,5.5
2023-10-10,Kristan Enoch,Andrew Di-Vetta,e1 andrew di-vetta,1783,E1,0,1480,4.69,0.13,5.5
2023-10-11,Kristan Enoch,Peter Quinn,e1 peter quinn,1733,E1,0,1474,4.86,0.17,5.5
2023-10-18,Kristan Enoch,Joshua McKenna,e1 joshua mckenna,1754,E1,0,1469,5.01,0.15,5.5
2023-10-25,Kristan Enoch,Mike Stannard,g1 mike stannard,1226,G1,1,1476,5.8,0.79,6.5
2023-10-30,Kristan Enoch,Clive Crowley,e1 clive crowley,1493,E1,1,1494,6.24,0.44,7.5
2023-11-01,Kristan Enoch,Chris Fox,e1 chris fox,1577,E1,0.5,1499,6.57,0.33,8
2023-11-06,Kristan Enoch,Curtis Reid,e1 curtis reid,1121,E1,1,1504,7.44,0.87,9
2023-11-22,Kristan Enoch,Samuele Scarpignato,e1 samuele scarpignato,1612,E1,0,1494,7.73,0.29,9
2023-11-26,Kristan Enoch,Emir Rhouni,e1 emir rhouni,900,E1,0,1466,8.63,0.9,9
2023-12-06,Kristan Enoch,Mike Gale,e1 mike gale,1617,E1,0.5,1473,8.91,0.28,9.5
2023-12-18,Kristan Enoch,Justin Morgans,e1 justin morgans,1732,E1,0.5,1483,9.08,0.17,10
2023-09-04,Sergio Esteves,Jeremy Ryan,e1 jeremy ryan,1583,E1,0.5,1402,0.25,0.25,0.5
2023-09-18,Sergio Esteves,Csege Hanczar,e1 csege hanczar,1188,E1,0.5,1393,1.02,0.77,1
2023-10-11,Sergio Esteves,Emma Kong,e1 emma kong,1478,E1,1,1413,1.4,0.38,2
2023-10-16,Sergio Esteves,Nadi Grewal,e1 nadi grewal,1178,E1,1,1420,2.18,0.78,3
2023-10-22,Sergio Esteves,Duncan Williams,w1 duncan williams,1817,W1,0.5,1433,2.28,0.1,3.5
2023-11-06,Sergio Esteves,Jack Hannigan,e1 jack hannigan,1393,E1,0,1417,2.78,0.5,3.5
2023-11-13,Sergio Esteves,Suraj Prabhu,e1 suraj prabhu,1493,E1,0.5,1422,3.14,0.36,4
2023-11-16,Sergio Esteves,Emyr Roberts,e1 emyr roberts,1634,E1,1,1447,3.34,0.2,5
2023-11-26,Sergio Esteves,Bill Harle,e1 bill harle,1659,E1,0,1441,3.52,0.18,5
2023-12-18,Sergio Esteves,Bob Hurn,e1 bob hurn,1459,E1,1,1460,3.93,0.41,6
2023-09-04,Artur Esteves,John Smart,e1 john smart,869,E1,0.5,851,0.47,0.47,0.5
2023-09-18,Artur Esteves,Mabon Hanczar,e1 mabon hanczar,936,E1,1,881,0.85,0.38,1.5
2023-10-11,Artur Esteves,Andrei Zhuravlev,e1 andrei zhuravlev,999,E1,0,867,1.15,0.3,1.5
2023-10-16,Artur Esteves,Gwawr Evans,e1 gwawr evans,874,E1,1,892,1.62,0.47,2.5
2023-11-06,Artur Esteves,Ben Hannigan,e1 ben hannigan,1234,E1,0,888,1.72,0.1,2.5
2023-11-13,Artur Esteves,Adam Sarwar,e1 adam sarwar,926,E1,0.5,893,2.11,0.39,3
2023-11-16,Artur Esteves,Rhys Matthews,e1 rhys matthews,1159,E1,0,886,2.25,0.14,3
2023-09-04,Gwawr Evans,Clive Silver,e1 clive silver,1459,E1,0,869,0.1,0.1,0
2023-09-20,Gwawr Evans,Angus Lloyd,e1 angus lloyd,1050,E1,0,856,0.37,0.27,0
2023-10-09,Gwawr Evans,Steffan Mon,e1 steffan mon,1377,E1,0,852,0.47,0.1,0
2023-10-16,Gwawr Evans,Artur Esteves,e1 artur esteves,850,E1,0,826,1,0.53,0
2023-11-05,Gwawr Evans,Steffan Mon,e1 steffan mon,1377,E1,0,821,1.1,0.1,0
2023-11-09,Gwawr Evans,Zhouyi Gao,e1 zhouyi gao,850,E1,1,844,1.63,0.53,1
2023-12-04,Gwawr Evans,Martin K Jones,e1 martin k jones,1476,E1,0,839,1.73,0.1,1
2023-12-11,Gwawr Evans,Martin Ilett,e1 martin ilett,1323,E1,0,834,1.83,0.1,1
2023-07-07,Joe Fathallah,Ben Bickford,e1 ben bickford,1499,E1,1,2082,0.9,0.9,1
2023-07-07,Joe Fathallah,Daniel Kozusek,e1 daniel kozusek,2427,E1,0,2080,1.02,0.12,1
2023-07-08,Joe Fathallah,Duncan MacDonald,e1 duncan macdonald,1953,E1,1,2085,1.7,0.68,2
2023-07-09,Joe Fathallah,Joakim Nilsson,NA,2176,FIDE,0,2079,2.07,0.37,2
2023-07-09,Joe Fathallah,Emily Maton,NA,2016,ENG,0.5,2078,2.66,0.59,2.5
2023-07-10,Joe Fathallah,Benjamin Larkin,NA,2094,ENG,0,2070,3.14,0.48,2.5
2023-07-11,Joe Fathallah,Jack Hannigan,e1 jack hannigan,1393,E1,0,2056,4.04,0.9,2.5
2023-07-11,Joe Fathallah,Dai James,e1 dai james,1858,E1,1,2059,4.82,0.78,3.5
2023-07-12,Joe Fathallah,Kamran Harandi,NA,1517,ENG,1,2061,5.72,0.9,4.5
2023-08-11,Joe Fathallah,Oliver Barnes,NA,1587,FIDE,0.5,2054,6.62,0.9,5
2023-08-12,Joe Fathallah,Advaith Nichenametla V,NA,1466,FIDE,1,2056,7.52,0.9,6
2023-08-12,Joe Fathallah,Luke Hayden,NA,1653,FIDE,1,2057,8.42,0.9,7
2023-08-13,Joe Fathallah,Leif Hafstad,NA,1970,ENG,0,2047,9.07,0.65,7
2023-08-13,Joe Fathallah,Sam Murray,NA,1664,FIDE,1,2049,9.97,0.9,8
2023-09-13,Joe Fathallah,Georgi Korovski,e1 georgi korovski,1824,E1,1,2052,10.78,0.81,9
2023-09-20,Joe Fathallah,Reginald Mba,e1 reginald mba,1952,E1,0,2041,11.46,0.68,9
2023-09-27,Joe Fathallah,Zack Wilkins,e1 zack wilkins,1337,E1,1,2042,12.36,0.9,10
2023-10-04,Joe Fathallah,Georgi Korovski,e1 georgi korovski,1824,E1,1,2045,13.17,0.81,11
2023-10-07,Joe Fathallah,David Norris,g1 david norris,1509,G1,1,2047,14.07,0.9,12
2023-10-07,Joe Fathallah,David Lewis,e1 david lewis,1666,E1,1,2048,14.97,0.9,13
2023-10-07,Joe Fathallah,Dominic V Gibbs,NA,1902,ENG,1,2053,15.71,0.74,14
2023-10-08,Joe Fathallah,Duncan MacDonald,e1 duncan macdonald,1953,E1,1,2058,16.39,0.68,15
2023-10-08,Joe Fathallah,Jose Camacho Collados,e1 jose camacho collados,2465,E1,0.5,2064,16.49,0.1,15.5
2023-10-12,Joe Fathallah,Tim Kett,e1 tim kett,2192,E1,0,2059,16.83,0.34,15.5
2023-10-18,Joe Fathallah,Alex Bullen,e1 alex bullen,2245,E1,0,2054,17.11,0.28,15.5
2023-10-22,Joe Fathallah,Peter Bevan,w1 peter bevan,1929,W1,1,2059,17.81,0.7,16.5
2023-10-25,Joe Fathallah,Joshua McKenna,e1 joshua mckenna,1754,E1,1,2061,18.68,0.87,17.5
2023-11-01,Joe Fathallah,Adam Musson,w1 adam musson,2130,W1,1,2070,19.11,0.43,18.5
2023-11-08,Joe Fathallah,Sam Jukes,e1 sam jukes,2034,E1,1,2077,19.68,0.57,19.5
2023-11-22,Joe Fathallah,Cyril Ley,e1 cyril ley,1552,E1,0,2063,20.58,0.9,19.5
2023-11-23,Joe Fathallah,David Llewellyn,e1 david llewellyn,1874,E1,1,2067,21.35,0.77,20.5
2023-12-06,Joe Fathallah,Krzysztof Jakubiak,e1 krzysztof jakubiak,1599,E1,0.5,2060,22.25,0.9,21
2023-12-13,Joe Fathallah,Tom Brown,e1 tom brown,2149,E1,0,2054,22.65,0.4,21
2023-09-20,John Fletcher,Karppinen Martti,NA,1856,FIDE,1,2061,0.76,0.76,1
2023-09-21,John Fletcher,Jan Rooze,NA,2244,FIDE,0,2057,1.01,0.25,1
2023-09-22,John Fletcher,Patrick Hugentobler,NA,2161,FIDE,0,2051,1.36,0.35,1
2023-09-23,John Fletcher,Aleksander Kralevski,NA,2054,FIDE,1,2059,1.86,0.5,2
2023-09-24,John Fletcher,Timo Tuomala,NA,2180,FIDE,0.5,2062,2.19,0.33,2.5
2023-09-26,John Fletcher,Roberto Messa,NA,2289,FIDE,0.5,2066,2.4,0.21,3
2023-09-27,John Fletcher,Ed Baarslag,NA,2060,FIDE,0.5,2066,2.9,0.5,3.5
2023-09-28,John Fletcher,Geoffrey H James,NA,2082,FIDE,1,2075,3.36,0.46,4.5
2023-10-23,John Fletcher,Michael Handley,NA,2103,ENG,0.5,2076,3.79,0.43,5
2023-11-09,John Fletcher,Peter Ackley,NA,2146,ENG,0,2070,4.16,0.37,5
2023-11-18,John Fletcher,Chas Chapman,NA,1524,ENG,0.5,2064,5.06,0.9,5.5
2023-11-19,John Fletcher,Ifan Rathbone-Jones,n1 ifan rathbone-jones,2038,N1,0,2055,5.59,0.53,5.5
2023-07-04,Morgan Foulkes,David Belochkin,e1 david belochkin,1250,E1,1,1224,0.42,0.42,1
2023-07-11,Morgan Foulkes,Suraj Prabhu,e1 suraj prabhu,1493,E1,0,1216,0.57,0.15,1
2023-11-03,Morgan Foulkes,Martin Ilett,e1 martin ilett,1323,E1,0.5,1225,0.89,0.32,1.5
2023-09-07,Chris Fox,Joshua McKenna,e1 joshua mckenna,1754,E1,0.5,1585,0.27,0.27,0.5
2023-09-13,Chris Fox,Stuart Enoch,e1 stuart enoch,1337,E1,1,1591,1.07,0.8,1.5
2023-09-20,Chris Fox,Alun Smith,e1 alun smith,1708,E1,0.5,1597,1.39,0.32,2
2023-09-25,Chris Fox,Edd Chwieseni,e1 edd chwieseni,1593,E1,1,1613,1.87,0.48,3
2023-09-27,Chris Fox,Peter Quinn,e1 peter quinn,1733,E1,0.5,1620,2.16,0.29,3.5
2023-10-18,Chris Fox,Jake Hurley,e1 jake hurley,1800,E1,0.5,1629,2.38,0.22,4
2023-10-22,Chris Fox,Martin C Jones,d1 martin c jones,1620,D1,0,1615,2.82,0.44,4
2023-10-25,Chris Fox,Bill Harle,e1 bill harle,1659,E1,0,1603,3.2,0.38,4
2023-11-01,Chris Fox,Kristan Enoch,e1 kristan enoch,1454,E1,0.5,1597,3.87,0.67,4.5
2023-11-06,Chris Fox,Kevin Stephens,e1 kevin stephens,1282,E1,1,1602,4.72,0.85,5.5
2023-11-08,Chris Fox,Cyril Ley,e1 cyril ley,1552,E1,0,1585,5.26,0.54,5.5
2023-11-15,Chris Fox,Bill Harle,e1 bill harle,1659,E1,0.5,1589,5.64,0.38,6
2023-11-22,Chris Fox,Andrei Zhuravlev,e1 andrei zhuravlev,999,E1,1,1592,6.54,0.9,7
2023-11-22,Chris Fox,James Tapp,e1 james tapp,1974,E1,0,1589,6.64,0.1,7
2023-11-29,Chris Fox,Bob Hurn,e1 bob hurn,1459,E1,0.5,1584,7.3,0.66,7.5
2023-12-06,Chris Fox,Michael Arribas-Ayllon,e1 michael arribas-ayllon,1624,E1,1,1602,7.73,0.43,8.5
2023-12-10,Chris Fox,Chris Slack,e1 chris slack,1600,E1,0.5,1603,8.2,0.47,9
2023-09-08,Rob Frame,Lalit Vidyadhar Nandyala,NA,1438,ENG,1,1179,0.15,0.15,1
2023-09-09,Rob Frame,Jon Tuson,d1 jon tuson,1500,D1,0,1173,0.26,0.11,1
2023-09-09,Rob Frame,William Davies,d1 william davies,1415,D1,1,1213,0.43,0.17,2
2023-09-10,Rob Frame,Paul Mills,g1 paul mills,1528,G1,0,1209,0.53,0.1,2
2023-09-10,Rob Frame,Robert Muza,g1 robert muza,1298,G1,1,1243,0.81,0.28,3
2023-09-12,Rob Frame,Chris Peters,e1 chris peters,1560,E1,0,1238,0.91,0.1,3
2023-09-25,Rob Frame,Thomas Nalej,e1 thomas nalej,1086,E1,1,1259,1.48,0.57,4
2023-10-03,Rob Frame,Tim Whitchurch,e1 tim whitchurch,1317,E1,0,1246,1.74,0.26,4
2023-10-10,Rob Frame,Vince Teisar,e1 vince teisar,978,E1,0,1212,2.46,0.72,4
2023-10-17,Rob Frame,Phil Jones,e1 phil jones,1258,E1,1,1244,2.79,0.33,5
2023-10-30,Rob Frame,Nadi Grewal,e1 nadi grewal,1178,E1,1,1270,3.23,0.44,6
2023-11-14,Rob Frame,Richard Larg,e1 richard larg,1453,E1,0,1264,3.37,0.14,6
2023-07-01,Alex Freeland,Robert Noyce,NA,2117,ENG,0.5,2075,0.44,0.44,0.5
2023-11-11,Alex Freeland,Jeremy R Fallowfield,NA,2199,ENG,1,2086,0.77,0.33,1.5
2023-11-12,Alex Freeland,Andrew R Brett,NA,2066,ENG,0.5,2086,1.28,0.51,2
2023-12-02,Alex Freeland,Tariq Oozeerally,NA,2135,ENG,0,2079,1.69,0.41,2
2023-12-21,Alex Freeland,Tom Townsend,NA,1958,ENG,1,2084,2.35,0.66,3
2023-07-03,Mike Gale,Erion Pici,e1 erion pici,1206,E1,1,1619,0.9,0.9,1
2023-07-17,Mike Gale,Ian Abraham,e1 ian abraham,1562,E1,1,1630,1.48,0.58,2
2023-07-31,Mike Gale,Gwyn Havard,e1 gwyn havard,1855,E1,0,1625,1.68,0.2,2
2023-08-21,Mike Gale,Steve Jones,e1 steve jones,1500,E1,1,1633,2.34,0.66,3
2023-09-09,Mike Gale,Scott Hammett,d1 scott hammett,1610,D1,0,1621,2.85,0.51,3
2023-09-09,Mike Gale,Patrick Bourne,d1 patrick bourne,1109,D1,0,1599,3.75,0.9,3
2023-09-10,Mike Gale,Jack Bull,NA,1200,EST,1,1601,4.65,0.9,4
2023-09-10,Mike Gale,Curtis Reid,e1 curtis reid,1121,E1,0,1580,5.55,0.9,4
2023-09-11,Mike Gale,Steve Cunliffe,e1 steve cunliffe,1907,E1,0,1576,5.71,0.16,4
2023-09-18,Mike Gale,Daniel Wilmot,e1 daniel wilmot,1869,E1,0,1571,5.9,0.19,4
2023-09-23,Mike Gale,Haydn Parry,n1 haydn parry,1747,N1,0.5,1576,6.22,0.32,4.5
2023-09-23,Mike Gale,Chris Grier,n1 chris grier,1746,N1,0.5,1580,6.54,0.32,5
2023-09-24,Mike Gale,Andrew N Lake,NA,1807,ENG,1,1598,6.79,0.25,6
2023-09-24,Mike Gale,David Lambton,NA,1752,ENG,0,1590,7.1,0.31,6
2023-10-07,Mike Gale,Reuben Hilliar,e1 reuben hilliar,861,E1,1,1593,8,0.9,7
2023-10-07,Mike Gale,Jose Camacho Collados,e1 jose camacho collados,2465,E1,0,1590,8.1,0.1,7
2023-10-08,Mike Gale,HaoYu Yin,e1 haoyu yin,1461,E1,1,1597,8.81,0.71,8
2023-10-08,Mike Gale,Steve Williams (Cwm),g1 steve williams (cwm),1626,G1,1,1610,9.3,0.49,9
2023-10-12,Mike Gale,Kam Choo Yin,e1 kam choo yin,1638,E1,0.5,1610,9.77,0.47,9.5
2023-10-16,Mike Gale,Michael Binks,e1 michael binks,2140,E1,1,1632,9.87,0.1,10.5
2023-11-06,Mike Gale,Jonathan James,e1 jonathan james,1992,E1,0.5,1641,9.97,0.1,11
2023-11-20,Mike Gale,David Rovaretti,e1 david rovaretti,1664,E1,1,1655,10.4,0.43,12
2023-12-06,Mike Gale,Kristan Enoch,e1 kristan enoch,1454,E1,0.5,1650,11.12,0.72,12.5
2023-12-11,Mike Gale,Dwain Jones,e1 dwain jones,1426,E1,0.5,1644,11.87,0.75,13
2023-09-21,Zhouyi Gao,James Williams,e1 james williams,1105,E1,0,841,0.19,0.19,0
2023-10-26,Zhouyi Gao,Mabon Hanczar,e1 mabon hanczar,936,E1,1,871,0.57,0.38,1
2023-11-09,Zhouyi Gao,Gwawr Evans,e1 gwawr evans,874,E1,0,848,1.04,0.47,1
2023-09-25,Richard Gardner,Brendan Donovan,e1 brendan donovan,900,E1,0,829,0.43,0.43,0
2023-07-04,Lee Gillen,Isaac Kennedy,e1 isaac kennedy,870,E1,1,875,0.47,0.47,1
2023-07-18,Lee Gillen,Salvador Correa,e1 salvador correa,850,E1,1,899,0.97,0.5,2
2023-07-04,Harri Gillen,Matilda Kennedy,e1 matilda kennedy,850,E1,1,874,0.5,0.5,1
2023-07-11,Harri Gillen,Thomas Jackson,e1 thomas jackson,874,E1,1,900,0.97,0.47,2
2023-07-18,Harri Gillen,Adam Colcombe,e1 adam colcombe,1070,E1,0,889,1.19,0.22,2
2023-09-06,Piotr Graczyk,Emma Kong,e1 emma kong,1478,E1,0,1545,0.62,0.62,0
2023-09-13,Piotr Graczyk,Adnan Yilmaz,e1 adnan yilmaz,850,E1,1,1548,1.52,0.9,1
2023-09-20,Piotr Graczyk,Patrick Civil,e1 patrick civil,1033,E1,1,1551,2.42,0.9,2
2023-09-27,Piotr Graczyk,Jude Roberts,e1 jude roberts,1600,E1,1,1569,2.87,0.45,3
2023-10-02,Piotr Graczyk,Jack Hannigan,e1 jack hannigan,1393,E1,0.5,1562,3.6,0.73,3.5
2023-10-04,Piotr Graczyk,Leon Zedlmayer,e1 leon zedlmayer,1790,E1,0,1555,3.81,0.21,3.5
2023-10-11,Piotr Graczyk,Reginald Mba,e1 reginald mba,1952,E1,0,1552,3.91,0.1,3.5
2023-10-18,Piotr Graczyk,Andrei Zhuravlev,e1 andrei zhuravlev,999,E1,1,1555,4.81,0.9,4.5
2023-10-22,Piotr Graczyk,Huw Jones,w1 huw jones,1670,W1,0.5,1560,5.16,0.35,5
2023-10-25,Piotr Graczyk,Geoff Clarke,e1 geoff clarke,1280,E1,1,1565,6,0.84,6
2023-11-01,Piotr Graczyk,Mike Stannard,g1 mike stannard,1226,G1,1,1569,6.88,0.88,7
2023-11-08,Piotr Graczyk,Krzysztof Jakubiak,e1 krzysztof jakubiak,1599,E1,0,1554,7.33,0.45,7
2023-11-15,Piotr Graczyk,Bertie Carvey,e1 bertie carvey,937,E1,1,1558,8.23,0.9,8
2023-11-22,Piotr Graczyk,Sam Jukes,e1 sam jukes,2034,E1,0,1554,8.33,0.1,8
2023-11-29,Piotr Graczyk,Clive Silver,e1 clive silver,1459,E1,0.5,1550,8.98,0.65,8.5
2023-12-06,Piotr Graczyk,HaoYu Yin,e1 haoyu yin,1461,E1,1,1561,9.63,0.65,9.5
2023-12-13,Piotr Graczyk,Micah O'Toole,e1 micah o'toole,1600,E1,1,1579,10.08,0.45,10.5
2023-12-18,Piotr Graczyk,David Lewis,e1 david lewis,1666,E1,0,1567,10.44,0.36,10.5
2023-09-20,David Grant,Andrei Zhuravlev,e1 andrei zhuravlev,999,E1,0,976,0.5,0.5,0
2023-10-04,David Grant,Reuben Hilliar,e1 reuben hilliar,861,E1,0.5,967,1.19,0.69,0.5
2023-10-11,David Grant,Sam Rhydderch,e1 sam rhydderch,1000,E1,1,991,1.69,0.5,1.5
2023-10-25,David Grant,Will Parkinson,e1 will parkinson,1003,E1,0,967,2.19,0.5,1.5
2023-12-06,David Grant,Zack Wilkins,e1 zack wilkins,1337,E1,1,1009,2.32,0.13,2.5
2023-12-13,David Grant,Mike Stannard,g1 mike stannard,1226,G1,1,1047,2.53,0.21,3.5
2023-11-06,Chris Green,Mark Jones,e1 mark jones,1676,E1,0,1487,0.26,0.26,0
2023-10-16,Nadi Grewal,Sergio Esteves,e1 sergio esteves,1394,E1,0,1167,0.22,0.22,0
2023-10-30,Nadi Grewal,Rob Frame,e1 rob frame,1138,E1,0,1141,0.78,0.56,0
2023-11-09,Nadi Grewal,Bill Davies,e1 bill davies,1115,E1,0.5,1136,1.37,0.59,0.5
2023-11-27,Nadi Grewal,Martin Ilett,e1 martin ilett,1323,E1,1,1170,1.67,0.3,1.5
2023-12-11,Nadi Grewal,John Ryles,e1 john ryles,1521,E1,0,1164,1.79,0.12,1.5
2023-09-04,Ashton Grey,Dave Mahoney,e1 dave mahoney,993,E1,0,955,0.48,0.48,0
2023-09-11,Ashton Grey,Mike Hollyman,e1 mike hollyman,1746,E1,1,998,0.58,0.1,1
2023-10-09,Ashton Grey,Dave Mahoney,e1 dave mahoney,993,E1,1,1023,1.06,0.48,2
2023-11-16,Ashton Grey,Gergely Hanczar,e1 gergely hanczar,1125,E1,1,1057,1.36,0.3,3
2023-11-20,Ashton Grey,Thomas Nalej,e1 thomas nalej,1086,E1,0,1040,1.71,0.35,3
2023-11-27,Ashton Grey,Gergely Hanczar,e1 gergely hanczar,1125,E1,0,1026,2.01,0.3,3
2023-10-17,Owain Groves,Richard Larg,e1 richard larg,1453,E1,0.5,1258,0.24,0.24,0.5
2023-07-04,Csege Hanczar,Kam Choo Yin,e1 kam choo yin,1638,E1,0,1183,0.1,0.1,0
2023-07-14,Csege Hanczar,Petra Zsuzsanna Buri,NA,1939,FIDE,0.5,1202,0.2,0.1,0.5
2023-07-15,Csege Hanczar,Mark Csernyik,NA,2044,FIDE,0,1198,0.3,0.1,0.5
2023-07-16,Csege Hanczar,Krisztian Levente Boros,NA,1777,FIDE,0,1193,0.4,0.1,0.5
2023-07-16,Csege Hanczar,Laszlo Sr. Krizsany,NA,1719,FIDE,0,1188,0.5,0.1,0.5
2023-07-17,Csege Hanczar,Joanna Pancewicz,NA,1108,FIDE,0,1159,1.11,0.61,0.5
2023-07-17,Csege Hanczar,Otgonbayar Enkhjin,NA,1245,EST,1,1186,1.53,0.42,1.5
2023-07-18,Csege Hanczar,Bela Szabo,NA,1705,FIDE,1,1230,1.63,0.1,2.5
2023-07-18,Csege Hanczar,Miklos Szendeff,NA,1641,FIDE,0,1225,1.73,0.1,2.5
2023-07-19,Csege Hanczar,Andras Szurkos,NA,1497,FIDE,0,1218,1.87,0.14,2.5
2023-09-05,Csege Hanczar,James Williams,e1 james williams,1105,E1,0,1188,2.49,0.62,2.5
2023-09-14,Csege Hanczar,Edd Chwieseni,e1 edd chwieseni,1593,E1,1,1232,2.59,0.1,3.5
2023-09-18,Csege Hanczar,Sergio Esteves,e1 sergio esteves,1394,E1,0.5,1244,2.82,0.23,4
2023-10-07,Csege Hanczar,Duncan MacDonald,e1 duncan macdonald,1953,E1,0,1239,2.92,0.1,4
2023-10-07,Csege Hanczar,Michael Sawtell,e1 michael sawtell,1532,E1,1,1282,3.04,0.12,5
2023-10-07,Csege Hanczar,Malcolm Probert,w1 malcolm probert,1472,W1,0,1274,3.2,0.16,5
2023-10-08,Csege Hanczar,Toby Reckless,e1 toby reckless,850,E1,1,1280,4.07,0.87,6
2023-10-08,Csege Hanczar,Justin Morgans,e1 justin morgans,1732,E1,1,1323,4.17,0.1,7
2023-10-26,Csege Hanczar,Roland Humphries,e1 roland humphries,1246,E1,1,1351,4.59,0.42,8
2023-11-16,Csege Hanczar,Steve Jones,e1 steve jones,1500,E1,0,1344,4.73,0.14,8
2023-11-26,Csege Hanczar,Dale Westcott,w1 dale westcott,1607,W1,1,1387,4.83,0.1,9
2023-11-27,Csege Hanczar,John Velda,e1 john velda,1166,E1,0,1362,5.36,0.53,9
2023-07-04,Csombor Hanczar,Liam Penny,e1 liam penny,1748,E1,0,1207,0.1,0.1,0
2023-07-14,Csombor Hanczar,Lucia Sevcikova,NA,1976,FIDE,0,1204,0.2,0.1,0
2023-07-15,Csombor Hanczar,Virag Farkas,NA,1763,FIDE,0,1200,0.3,0.1,0
2023-07-16,Csombor Hanczar,Vasiliki Alexandri,NA,1646,FIDE,0,1197,0.4,0.1,0
2023-07-16,Csombor Hanczar,Balint Toaso,NA,1656,EST,0,1194,0.5,0.1,0
2023-07-17,Csombor Hanczar,Otgonbayar Munkhjin,NA,1245,EST,0.5,1196,0.95,0.45,0.5
2023-07-17,Csombor Hanczar,Roland Matrahazi,NA,1463,FIDE,0,1190,1.14,0.19,0.5
2023-07-18,Csombor Hanczar,Otgonbayar Enkhjin,NA,1245,EST,0,1175,1.59,0.45,0.5
2023-07-18,Csombor Hanczar,Bela Szabo,NA,1705,FIDE,0,1172,1.69,0.1,0.5
2023-07-19,Csombor Hanczar,Gerzson Peter,NA,1053,EST,1,1181,2.4,0.71,1.5
2023-09-05,Csombor Hanczar,Gareth Richards,e1 gareth richards,1200,E1,1,1197,2.91,0.51,2.5
2023-09-14,Csombor Hanczar,David Lewis,e1 david lewis,1666,E1,0,1194,3.01,0.1,2.5
2023-09-18,Csombor Hanczar,Emir Rhouni,e1 emir rhouni,900,E1,1,1198,3.87,0.86,3.5
2023-10-07,Csombor Hanczar,Samuele Scarpignato,e1 samuele scarpignato,1612,E1,0.5,1211,3.97,0.1,4
2023-10-07,Csombor Hanczar,Roy Thomas,e1 roy thomas,1743,E1,0.5,1224,4.07,0.1,4.5
2023-10-07,Csombor Hanczar,David Lewis,e1 david lewis,1666,E1,0,1221,4.17,0.1,4.5
2023-10-08,Csombor Hanczar,Ellis Jones,e1 ellis jones,884,E1,1,1225,5.04,0.87,5.5
2023-10-08,Csombor Hanczar,Adam Sarwar,e1 adam sarwar,926,E1,1,1230,5.88,0.84,6.5
2023-10-26,Csombor Hanczar,Mike Hollyman,e1 mike hollyman,1746,E1,1,1259,5.98,0.1,7.5
2023-11-16,Csombor Hanczar,Ian Abraham,e1 ian abraham,1562,E1,0,1255,6.1,0.12,7.5
2023-11-26,Csombor Hanczar,Jonathan Thomas,w1 jonathan thomas,1780,W1,0,1252,6.2,0.1,7.5
2023-11-27,Csombor Hanczar,John Ryles,e1 john ryles,1521,E1,1,1279,6.34,0.14,8.5
2023-12-18,Csombor Hanczar,Gwyn Havard,e1 gwyn havard,1855,E1,0,1276,6.44,0.1,8.5
2023-07-04,Mabon Hanczar,Constantine Popov,e1 constantine popov,850,E1,0,906,0.62,0.62,0
2023-09-05,Mabon Hanczar,Darren Martin,e1 darren martin,850,E1,0,876,1.24,0.62,0
2023-09-14,Mabon Hanczar,Steffan Mon,e1 steffan mon,1377,E1,0,872,1.34,0.1,0
2023-09-18,Mabon Hanczar,Artur Esteves,e1 artur esteves,850,E1,0,842,1.96,0.62,0
2023-10-04,Mabon Hanczar,Thomas Jackson,e1 thomas jackson,874,E1,1,861,2.55,0.59,1
2023-10-17,Mabon Hanczar,Isaac Kennedy,e1 isaac kennedy,870,E1,0,833,3.14,0.59,1
2023-10-26,Mabon Hanczar,Zhouyi Gao,e1 zhouyi gao,850,E1,0,803,3.76,0.62,1
2023-11-16,Mabon Hanczar,Mike White,e1 mike white,909,E1,0,777,4.3,0.54,1
2023-11-27,Mabon Hanczar,Sophie Wood,e1 sophie wood,850,E1,1,795,4.92,0.62,2
2023-12-18,Mabon Hanczar,Martin Ilett,e1 martin ilett,1323,E1,0,791,5.02,0.1,2
2023-09-05,Gergely Hanczar,Steve Rigg,e1 steve rigg,862,E1,1,1134,0.82,0.82,1
2023-09-14,Gergely Hanczar,Mike Maguire,e1 mike maguire,1574,E1,1,1177,0.92,0.1,2
2023-09-18,Gergely Hanczar,Ryan Pugh,e1 ryan pugh,850,E1,1,1185,1.75,0.83,3
2023-10-26,Gergely Hanczar,Ethan Jenkins,e1 ethan jenkins,850,E1,0,1145,2.58,0.83,3
2023-11-16,Gergely Hanczar,Ashton Grey,e1 ashton grey,978,E1,0,1112,3.28,0.7,3
2023-11-27,Gergely Hanczar,Ashton Grey,e1 ashton grey,978,E1,1,1126,3.98,0.7,4
2023-12-18,Gergely Hanczar,Steve Jones,e1 steve jones,1500,E1,0,1121,4.08,0.1,4
2023-07-03,Ken Hannah,Sam White,e1 sam white,1376,E1,0.5,1598,0.79,0.79,0.5
2023-07-17,Ken Hannah,Tomos Ilett,e1 tomos ilett,973,E1,1,1600,1.69,0.9,1.5
2023-07-31,Ken Hannah,Steve Cunliffe,e1 steve cunliffe,1907,E1,0,1597,1.84,0.15,1.5
2023-09-11,Ken Hannah,Gwyn Havard,e1 gwyn havard,1855,E1,0.5,1604,2.03,0.19,2
2023-09-18,Ken Hannah,Andrew Jeanes,e1 andrew jeanes,1556,E1,0.5,1603,2.6,0.57,2.5
2023-10-02,Ken Hannah,Anthony Baker,e1 anthony baker,1464,E1,1,1610,3.29,0.69,3.5
2023-10-12,Ken Hannah,Suraj Prabhu,e1 suraj prabhu,1493,E1,0,1594,3.95,0.66,3.5
2023-10-16,Ken Hannah,David Robinson,e1 david robinson,1885,E1,0,1590,4.12,0.17,3.5
2023-10-23,Ken Hannah,Jeremy Ryan,e1 jeremy ryan,1583,E1,0.5,1589,4.65,0.53,4
2023-11-06,Ken Hannah,Russell Dodington,e1 russell dodington,1678,E1,0.5,1592,5.05,0.4,4.5
2023-11-22,Ken Hannah,David Tibbs,e1 david tibbs,1436,E1,1,1599,5.78,0.73,5.5
2023-11-27,Ken Hannah,Adam Christopher,e1 adam christopher,1290,E1,0.5,1590,6.64,0.86,6
2023-12-11,Ken Hannah,Ben Bickford,e1 ben bickford,1499,E1,0,1574,7.29,0.65,6
2023-07-07,Jack Hannigan,David L Roberts,NA,2031,ENG,0,1390,0.1,0.1,0
2023-07-07,Jack Hannigan,Duncan MacDonald,e1 duncan macdonald,1953,E1,0,1387,0.2,0.1,0
2023-07-08,Jack Hannigan,Ron Williams,g1 ron williams,1554,G1,0,1378,0.48,0.28,0
2023-07-09,Jack Hannigan,Jeremy Jones,e1 jeremy jones,1405,E1,1,1394,0.96,0.48,1
2023-07-09,Jack Hannigan,Bob Hurn,e1 bob hurn,1459,E1,1,1413,1.37,0.41,2
2023-07-10,Jack Hannigan,Dai James,e1 dai james,1858,E1,1,1442,1.47,0.1,3
2023-07-11,Jack Hannigan,Joe Fathallah,e1 joe fathallah,2080,E1,1,1471,1.57,0.1,4
2023-07-11,Jack Hannigan,Petr Marusenko,NA,2160,ENG,0,1467,1.67,0.1,4
2023-07-12,Jack Hannigan,Dave Turner,g1 dave turner,1957,G1,0,1464,1.77,0.1,4
2023-09-04,Jack Hannigan,Adam Christopher,e1 adam christopher,1290,E1,1,1476,2.41,0.64,5
2023-09-08,Jack Hannigan,Oliver Stubbs,NA,2212,ENG,0,1472,2.51,0.1,5
2023-09-08,Jack Hannigan,Spencer Lawrence,NA,1809,ENG,0.5,1485,2.61,0.1,5.5
2023-09-09,Jack Hannigan,Yuxuan Wu,e1 yuxuan wu,1764,E1,0,1482,2.72,0.11,5.5
2023-09-10,Jack Hannigan,Andrew Golley,w1 andrew golley,1679,W1,1,1509,2.88,0.16,6.5
2023-09-10,Jack Hannigan,Zack Norris,NA,1684,ENG,0.5,1520,3.04,0.16,7
2023-09-11,Jack Hannigan,Justin Morgans,e1 justin morgans,1732,E1,0.5,1532,3.16,0.12,7.5
2023-09-18,Jack Hannigan,Richard Larg,e1 richard larg,1453,E1,0,1518,3.57,0.41,7.5
2023-10-02,Jack Hannigan,Piotr Graczyk,e1 piotr graczyk,1565,E1,0.5,1526,3.84,0.27,8
2023-10-09,Jack Hannigan,Rhys Matthews,e1 rhys matthews,1159,E1,0,1500,4.63,0.79,8
2023-10-23,Jack Hannigan,David Lewis,e1 david lewis,1666,E1,1,1527,4.8,0.17,9
2023-11-06,Jack Hannigan,Sergio Esteves,e1 sergio esteves,1394,E1,1,1543,5.3,0.5,10
2023-11-10,Jack Hannigan,Jonathan Jones,d1 jonathan jones,1576,D1,0,1535,5.56,0.26,10
2023-11-11,Jack Hannigan,Neil Stuart,w1 neil stuart,1537,W1,0.5,1541,5.86,0.3,10.5
2023-11-11,Jack Hannigan,Dave Williams,g1 dave williams,1611,G1,0,1534,6.08,0.22,10.5
2023-11-12,Jack Hannigan,John A Williams,NA,1501,ENG,1,1555,6.43,0.35,11.5
2023-11-12,Jack Hannigan,Deio Parri,n1 deio parri,1624,N1,0,1548,6.64,0.21,11.5
2023-11-14,Jack Hannigan,Rune Llewellyn,e1 rune llewellyn,1200,E1,0,1524,7.39,0.75,11.5
2023-11-27,Jack Hannigan,Gareth Harding,e1 gareth harding,1658,E1,1,1550,7.57,0.18,12.5
2023-12-04,Jack Hannigan,Martin Ilett,e1 martin ilett,1323,E1,0,1531,8.17,0.6,12.5
2023-10-02,Ben Hannigan,Angus Lloyd,e1 angus lloyd,1050,E1,0,1210,0.74,0.74,0
2023-10-23,Ben Hannigan,Mike Maguire,e1 mike maguire,1574,E1,0,1206,0.86,0.12,0
2023-11-06,Ben Hannigan,Artur Esteves,e1 artur esteves,850,E1,1,1209,1.76,0.9,1
2023-11-10,Ben Hannigan,Reuben Hilliar,e1 reuben hilliar,861,E1,0,1181,2.66,0.9,1
2023-11-11,Ben Hannigan,Darson Beeston,w1 darson beeston,1477,W1,0.5,1190,2.86,0.2,1.5
2023-11-11,Ben Hannigan,John A Williams,NA,1501,ENG,1,1217,3.04,0.18,2.5
2023-11-12,Ben Hannigan,Krzysztof Jakubiak,e1 krzysztof jakubiak,1599,E1,0,1213,3.15,0.11,2.5
2023-11-12,Ben Hannigan,Jon Tuson,d1 jon tuson,1500,D1,0.5,1224,3.33,0.18,3
2023-11-14,Ben Hannigan,Elijah Rhoden,e1 elijah rhoden,950,E1,1,1229,4.17,0.84,4
2023-11-27,Ben Hannigan,Dave A Lewis,e1 dave a lewis,1619,E1,0,1226,4.27,0.1,4
2023-12-04,Ben Hannigan,Tomos Ilett,e1 tomos ilett,973,E1,0.5,1215,5.09,0.82,4.5
2023-09-11,Gareth Harding,John Velda,e1 john velda,1166,E1,0.5,1648,0.9,0.9,0.5
2023-11-27,Gareth Harding,Jack Hannigan,e1 jack hannigan,1393,E1,0,1629,1.72,0.82,0.5
2023-09-07,Bill Harle,Alun Smith,e1 alun smith,1708,E1,0.5,1661,0.43,0.43,0.5
2023-09-13,Bill Harle,Jake Hurley,e1 jake hurley,1800,E1,0,1653,0.74,0.31,0.5
2023-10-18,Bill Harle,Reuben Hilliar,e1 reuben hilliar,861,E1,0,1632,1.64,0.9,0.5
2023-10-25,Bill Harle,Chris Fox,e1 chris fox,1577,E1,1,1641,2.26,0.62,1.5
2023-11-01,Bill Harle,Sam Rhydderch,e1 sam rhydderch,1000,E1,1,1643,3.16,0.9,2.5
2023-11-08,Bill Harle,Emma Kong,e1 emma kong,1478,E1,0,1626,3.9,0.74,2.5
2023-11-12,Bill Harle,Rohit Saseendian,e1 rohit saseendian,1350,E1,1,1629,4.76,0.86,3.5
2023-11-15,Bill Harle,Chris Fox,e1 chris fox,1577,E1,0.5,1626,5.38,0.62,4
2023-11-26,Bill Harle,Sergio Esteves,e1 sergio esteves,1394,E1,1,1631,6.2,0.82,5
2023-11-29,Bill Harle,Joshua McKenna,e1 joshua mckenna,1754,E1,0.5,1634,6.57,0.37,5.5
2023-12-06,Bill Harle,Guy Wagner,e1 guy wagner,1676,E1,0,1622,7.05,0.48,5.5
2023-12-14,Bill Harle,Peter Slater,e1 peter slater,1679,E1,0,1611,7.52,0.47,5.5
2023-07-07,Calum Harris,Jonathan LB Blackburn,g1 jonathan lb blackburn,2329,G1,0,1880,0.1,0.1,0
2023-07-08,Calum Harris,Gareth Richards,e1 gareth richards,1200,E1,1,1882,1,0.9,1
2023-07-09,Calum Harris,Olivia Smith,e1 olivia smith,2196,E1,0,1879,1.14,0.14,1
2023-07-10,Calum Harris,Malcolm Probert,w1 malcolm probert,1472,W1,1,1881,2.04,0.9,2
2023-07-11,Calum Harris,David L Roberts,NA,2031,ENG,1,1898,2.34,0.3,3
2023-07-11,Calum Harris,David Maloberti,NA,2064,FIDE,0,1892,2.6,0.26,3
2023-07-12,Calum Harris,Sam Jukes,e1 sam jukes,2034,E1,0,1885,2.89,0.29,3
2023-09-08,Calum Harris,Jonathan LB Blackburn,g1 jonathan lb blackburn,2329,G1,0,1882,2.99,0.1,3
2023-09-09,Calum Harris,Bob Gore,NA,1678,ENG,1,1888,3.75,0.76,4
2023-09-09,Calum Harris,Vincent Sagues,NA,2085,ENG,0.5,1894,3.99,0.24,4.5
2023-09-10,Calum Harris,James Thomas,e1 james thomas,1991,E1,0.5,1898,4.34,0.35,5
2023-09-13,Calum Harris,James Tapp,e1 james tapp,1974,E1,0,1889,4.71,0.37,5
2023-10-08,Calum Harris,Callum Davies,e1 callum davies,1885,E1,0,1877,5.21,0.5,5
2023-10-22,Calum Harris,Paul Hatchett,e1 paul hatchett,2030,E1,0,1870,5.51,0.3,5
2023-12-18,Will Harwood,Micah O'Toole,e1 micah o'toole,1600,E1,0.5,1742,0.7,0.7,0.5
2023-10-16,Paul Hatchett,Ashvin Sivakumar,NA,2221,ENG,0.5,2034,0.25,0.25,0.5
2023-10-22,Paul Hatchett,Calum Harris,e1 calum harris,1882,E1,1,2039,0.95,0.7,1.5
2023-10-30,Paul Hatchett,Andrejs Olehnovics,NA,2063,ENG,0.5,2040,1.4,0.45,2
2023-11-09,Paul Hatchett,Jeffrey Bryant,NA,1696,ENG,1,2042,2.27,0.87,3
2023-11-11,Paul Hatchett,Brian J Valentine,NA,1939,ENG,0.5,2040,2.9,0.63,3.5
2023-11-12,Paul Hatchett,Piotr Wasilak,NA,1977,ENG,0,2030,3.48,0.58,3.5
2023-11-16,Paul Hatchett,Thomas D Moss,NA,1792,ENG,0.5,2026,4.28,0.8,4
2023-11-20,Paul Hatchett,Joe Cossins-Smith,NA,1833,ENG,1,2029,5.04,0.76,5
2023-11-26,Paul Hatchett,Ian Jones,w1 ian jones,1979,W1,0.5,2028,5.61,0.57,5.5
2023-12-20,Paul Hatchett,Matthew Hitchens,NA,1825,ENG,0.5,2024,6.37,0.76,6
2023-07-03,Gwyn Havard,Steve Jones,e1 steve jones,1500,E1,1,1858,0.89,0.89,1
2023-07-17,Gwyn Havard,Dave Parsons,e1 dave parsons,1704,E1,1,1865,1.59,0.7,2
2023-07-31,Gwyn Havard,Mike Gale,e1 mike gale,1617,E1,1,1870,2.39,0.8,3
2023-08-21,Gwyn Havard,Steve Cunliffe,e1 steve cunliffe,1907,E1,0,1859,2.82,0.43,3
2023-09-08,Gwyn Havard,Russell Dodington,e1 russell dodington,1678,E1,1,1866,3.55,0.73,4
2023-09-09,Gwyn Havard,Rudy van Kemenade,n1 rudy van kemenade,1993,N1,0.5,1870,3.86,0.31,4.5
2023-09-09,Gwyn Havard,Richard Miles,g1 richard miles,1971,G1,1,1886,4.2,0.34,5.5
2023-09-10,Gwyn Havard,Mark Thomas,w1 mark thomas,1802,W1,0,1872,4.78,0.58,5.5
2023-09-10,Gwyn Havard,Walter N.R. Saunders,NA,2124,ENG,0,1868,4.96,0.18,5.5
2023-09-11,Gwyn Havard,Ken Hannah,e1 ken hannah,1605,E1,0.5,1861,5.77,0.81,6
2023-09-25,Gwyn Havard,Gwynfor Rees,e1 gwynfor rees,2050,E1,1,1879,6.02,0.25,7
2023-10-23,Gwyn Havard,Gavin Jones,e1 gavin jones,1602,E1,0,1859,6.83,0.81,7
2023-11-03,Gwyn Havard,Govind Anandkumar,e1 govind anandkumar,1372,E1,1,1862,7.73,0.9,8
2023-11-06,Gwyn Havard,David Robinson,e1 david robinson,1885,E1,0.5,1863,8.19,0.46,8.5
2023-11-20,Gwyn Havard,Paul Bridges,e1 paul bridges,1703,E1,1,1870,8.9,0.71,9.5
2023-11-22,Gwyn Havard,Emma Kong,e1 emma kong,1478,E1,0,1848,9.8,0.9,9.5
2023-12-04,Gwyn Havard,Dwain Jones,e1 dwain jones,1426,E1,1,1851,10.7,0.9,10.5
2023-12-06,Gwyn Havard,Cyril Ley,e1 cyril ley,1552,E1,0.5,1842,11.55,0.85,11
2023-12-18,Gwyn Havard,Csombor Hanczar,e1 csombor hanczar,1210,E1,1,1845,12.45,0.9,12
2023-09-04,Liam Hayles,Brendan Donovan,e1 brendan donovan,900,E1,1,924,0.5,0.5,1
2023-09-08,Liam Hayles,Paul Mills,g1 paul mills,1528,G1,0,919,0.6,0.1,1
2023-09-09,Liam Hayles,Lalit Vidyadhar Nandyala Sharma,NA,1438,ENG,0,914,0.7,0.1,1
2023-09-09,Liam Hayles,Thomas Nalej,e1 thomas nalej,1086,E1,1,950,0.96,0.26,2
2023-09-10,Liam Hayles,William Davies,d1 william davies,1415,D1,1,993,1.06,0.1,3
2023-09-10,Liam Hayles,Simon Blackmore,e1 simon blackmore,1633,E1,0,989,1.16,0.1,3
2023-10-23,Liam Hayles,Steve Maguire,e1 steve maguire,946,E1,0,968,1.59,0.43,3
2023-11-20,Liam Hayles,Mike White,e1 mike white,909,E1,1,992,2.08,0.49,4
2023-12-18,Liam Hayles,Martin K Jones,e1 martin k jones,1476,E1,0,988,2.18,0.1,4
2023-09-14,Pete Heaven,Adam Musson,w1 adam musson,2130,W1,0.5,2098,0.45,0.45,0.5
2023-09-28,Pete Heaven,Bence Szakmany,e1 bence szakmany,1799,E1,1,2100,1.3,0.85,1.5
2023-10-12,Pete Heaven,Sam Jukes,e1 sam jukes,2034,E1,0.5,2099,1.89,0.59,2
2023-10-22,Pete Heaven,Sam Jukes,e1 sam jukes,2034,E1,1,2105,2.48,0.59,3
2023-10-26,Pete Heaven,Arjan Sian,e1 arjan sian,1700,E1,0.5,2099,3.38,0.9,3.5
2023-11-08,Pete Heaven,James Tapp,e1 james tapp,1974,E1,0.5,2096,4.05,0.67,4
2023-11-23,Pete Heaven,Roy Thomas,e1 roy thomas,1743,E1,0.5,2090,4.93,0.88,4.5
2023-11-26,Pete Heaven,Adam Musson,w1 adam musson,2130,W1,0.5,2091,5.38,0.45,5
2023-11-29,Pete Heaven,Georgi Korovski,e1 georgi korovski,1824,E1,1,2094,6.21,0.83,6
2023-12-14,Pete Heaven,Charles Summers,e1 charles summers,1872,E1,0.5,2089,7,0.79,6.5
2023-08-18,Kenul Herath,Sreeyan Andhurthi,NA,1061,IRE,0,980,0.41,0.41,0
2023-08-18,Kenul Herath,Yashwardhan Shankar,NA,1519,FIDE,0,975,0.51,0.1,0
2023-08-19,Kenul Herath,Rock Yu,NA,1826,ENG,0,971,0.61,0.1,0
2023-08-19,Kenul Herath,Sreeyan Andhurthi,NA,1061,IRE,0,951,1.02,0.41,0
2023-08-20,Kenul Herath,Yashwardhan Shankar,NA,1519,FIDE,0,946,1.12,0.1,0
2023-08-20,Kenul Herath,Rock Yu,NA,1826,ENG,0,941,1.22,0.1,0
2023-10-16,Kenul Herath,David Corney,e1 david corney,884,E1,0,909,1.88,0.66,0
2023-12-09,Kenul Herath,John Llu,NA,1,E1,1,909,2.88,1,1
2023-12-09,Kenul Herath,Anna McKenna,NA,895,ENG,1,926,3.53,0.65,2
2023-09-06,Reuben Hilliar,Will Parkinson,e1 will parkinson,1003,E1,1,894,0.31,0.31,1
2023-09-13,Reuben Hilliar,Sam Rhydderch,e1 sam rhydderch,1000,E1,1,927,0.62,0.31,2
2023-09-20,Reuben Hilliar,Bertie Carvey,e1 bertie carvey,937,E1,1,957,1.01,0.39,3
2023-09-27,Reuben Hilliar,Andrei Zhuravlev,e1 andrei zhuravlev,999,E1,0,942,1.32,0.31,3
2023-10-04,Reuben Hilliar,David Grant,e1 david grant,1000,E1,0.5,951,1.63,0.31,3.5
2023-10-07,Reuben Hilliar,Mike Gale,e1 mike gale,1617,E1,0,946,1.73,0.1,3.5
2023-10-07,Reuben Hilliar,Ellison Smith,e1 ellison smith,1773,E1,0,941,1.83,0.1,3.5
2023-10-07,Reuben Hilliar,Michael Sawtell,e1 michael sawtell,1532,E1,1,984,1.93,0.1,4.5
2023-10-08,Reuben Hilliar,Darson Beeston,w1 darson beeston,1477,W1,1,1028,2.03,0.1,5.5
2023-10-08,Reuben Hilliar,Deio Parri,n1 deio parri,1624,N1,0.5,1047,2.13,0.1,6
2023-10-11,Reuben Hilliar,Tom Jenney,e1 tom jenney,850,E1,0,1022,2.65,0.52,6
2023-10-18,Reuben Hilliar,Bill Harle,e1 bill harle,1659,E1,1,1065,2.75,0.1,7
2023-10-25,Reuben Hilliar,Oleksandr Zhuravel,e1 oleksandr zhuravel,850,E1,1,1088,3.27,0.52,8
2023-11-08,Reuben Hilliar,Martin Blackman-Siegler,e1 martin blackman-siegler,1050,E1,1,1124,3.52,0.25,9
2023-11-10,Reuben Hilliar,Ben Hannigan,e1 ben hannigan,1234,E1,1,1167,3.62,0.1,10
2023-11-11,Reuben Hilliar,Jonathan Jones,d1 jonathan jones,1576,D1,0,1163,3.72,0.1,10
2023-11-11,Reuben Hilliar,Deio Parri,n1 deio parri,1624,N1,1,1206,3.82,0.1,11
2023-11-12,Reuben Hilliar,Lef Zografos,e1 lef zografos,1728,E1,0,1201,3.92,0.1,11
2023-11-12,Reuben Hilliar,John A Williams,NA,1501,ENG,0.5,1220,4.02,0.1,11.5
2023-11-15,Reuben Hilliar,Mike Stannard,g1 mike stannard,1226,G1,1,1263,4.13,0.11,12.5
2023-11-29,Reuben Hilliar,Rohit Saseendian,e1 rohit saseendian,1350,E1,0,1258,4.23,0.1,12.5
2023-12-06,Reuben Hilliar,Jude Roberts,e1 jude roberts,1600,E1,1,1301,4.33,0.1,13.5
2023-12-13,Reuben Hilliar,Angus Lloyd,e1 angus lloyd,1050,E1,1,1337,4.58,0.25,14.5
2023-12-14,Reuben Hilliar,Louise Davies,e1 louise davies,882,E1,1,1363,5.05,0.47,15.5
2023-11-21,Seb Hoccom,Joshua McKenna,e1 joshua mckenna,1754,E1,0,956,0.1,0.1,0
2023-12-14,Wayne Holland,Adam Sarwar,e1 adam sarwar,926,E1,1,1019,0.6,0.6,1
2023-07-21,Mike Hollyman,Ryan Colclough,NA,1795,ENG,0,1736,0.43,0.43,0
2023-07-22,Mike Hollyman,Gary Thomas,n1 gary thomas,1831,N1,0,1727,0.81,0.38,0
2023-07-22,Mike Hollyman,Hiren Venn,NA,1795,ENG,1,1740,1.24,0.43,1
2023-07-23,Mike Hollyman,Brendan O'Gorman,NA,1797,ENG,0,1730,1.67,0.43,1
2023-07-24,Mike Hollyman,Philip Staniland,NA,1908,ENG,0.5,1735,1.95,0.28,1.5
2023-07-24,Mike Hollyman,Spencer Lawrence,NA,1849,ENG,0,1727,2.31,0.36,1.5
2023-07-26,Mike Hollyman,Mohammed Khan,NA,1873,ENG,0,1719,2.63,0.32,1.5
2023-07-27,Mike Hollyman,Matthew Connor,NA,1805,ENG,0,1709,3.05,0.42,1.5
2023-07-28,Mike Hollyman,Carl Gartside,NA,1895,ENG,0,1702,3.35,0.3,1.5
2023-07-29,Mike Hollyman,Neil Coward,NA,1800,ENG,0,1692,3.77,0.42,1.5
2023-07-24,Mike Hollyman,Andrew Macqueen,NA,1893,SCO,0,1684,4.07,0.3,1.5
2023-07-26,Mike Hollyman,Ceferino Gonzales,NA,1746,ENG,0,1672,4.57,0.5,1.5
2023-07-27,Mike Hollyman,Simon Morris,NA,1604,ENG,0,1656,5.26,0.69,1.5
2023-07-28,Mike Hollyman,Nigel Collins,NA,1501,ENG,0,1636,6.06,0.8,1.5
2023-07-29,Mike Hollyman,Ian G Matthew,NA,1675,ENG,0,1622,6.66,0.6,1.5
2023-09-08,Mike Hollyman,Vince Teisar,e1 vince teisar,978,E1,1,1624,7.56,0.9,2.5
2023-09-09,Mike Hollyman,Joshua McKenna,e1 joshua mckenna,1754,E1,0,1613,8.05,0.49,2.5
2023-09-09,Mike Hollyman,James Williams,e1 james williams,1105,E1,0,1591,8.95,0.9,2.5
2023-09-10,Mike Hollyman,Bronwen Tuson,d1 bronwen tuson,1100,D1,1,1594,9.85,0.9,3.5
2023-09-10,Mike Hollyman,Andrew Powell,w1 andrew powell,1087,W1,1,1596,10.75,0.9,4.5
2023-09-11,Mike Hollyman,Ashton Grey,e1 ashton grey,978,E1,0,1574,11.65,0.9,4.5
2023-09-22,Mike Hollyman,Chris Grier,n1 chris grier,1746,N1,1,1586,12.15,0.5,5.5
2023-09-23,Mike Hollyman,Alfie Melia,NA,1882,ENG,0,1579,12.46,0.31,5.5
2023-09-23,Mike Hollyman,Gary Fox,n1 gary fox,1526,N1,0.5,1572,13.24,0.78,6
2023-09-24,Mike Hollyman,Roy Thomas,e1 roy thomas,1743,E1,0,1560,13.74,0.5,6
2023-09-24,Mike Hollyman,Ian G Matthew,NA,1645,ENG,1,1569,14.38,0.64,7
2023-10-02,Mike Hollyman,Jeremy Ryan,e1 jeremy ryan,1583,E1,0,1551,15.1,0.72,7
2023-10-07,Mike Hollyman,Dominic V Gibbs,NA,1902,ENG,0,1544,15.39,0.29,7
2023-10-07,Mike Hollyman,Darson Beeston,w1 darson beeston,1477,W1,0.5,1537,16.21,0.82,7.5
2023-10-07,Mike Hollyman,Timur Ramzan,e1 timur ramzan,1170,E1,1,1539,17.11,0.9,8.5
2023-10-08,Mike Hollyman,S Wyn Howells,e1 s wyn howells,1588,E1,1,1546,17.82,0.71,9.5
2023-10-08,Mike Hollyman,David Lewis,e1 david lewis,1666,E1,0,1531,18.43,0.61,9.5
2023-10-26,Mike Hollyman,Csombor Hanczar,e1 csombor hanczar,1210,E1,0,1510,19.33,0.9,9.5
2023-11-27,Mike Hollyman,Richard Larg,e1 richard larg,1453,E1,1,1513,20.17,0.84,10.5
2023-08-18,S Wyn Howells,Robert Starley,NA,2190,ENG,0,1585,0.1,0.1,0
2023-08-19,S Wyn Howells,Roger De Coverly,NA,2023,ENG,0,1582,0.2,0.1,0
2023-08-20,S Wyn Howells,Martin J Faulkner,NA,1982,ENG,0,1578,0.3,0.1,0
2023-08-20,S Wyn Howells,Druha Chandrashekhar,NA,1393,ENG,0,1554,1.05,0.75,0
2023-09-08,S Wyn Howells,Mark Wilkins,NA,1904,FIDE,0.5,1566,1.19,0.14,0.5
2023-09-09,S Wyn Howells,Hugo Fowler,g1 hugo fowler,2109,G1,0,1563,1.29,0.1,0.5
2023-09-09,S Wyn Howells,Alun Smith,e1 alun smith,1708,E1,0,1552,1.62,0.33,0.5
2023-09-10,S Wyn Howells,Anshul Swamy,e1 anshul swamy,1358,E1,0.5,1543,2.41,0.79,1
2023-09-10,S Wyn Howells,Bob Gore,NA,1678,ENG,0.5,1547,2.78,0.37,1.5
2023-09-26,S Wyn Howells,Mark Jones,e1 mark jones,1676,E1,0.5,1551,3.16,0.38,2
2023-10-07,S Wyn Howells,Andrei Zhuravlev,e1 andrei zhuravlev,999,E1,0.5,1538,4.06,0.9,2.5
2023-10-07,S Wyn Howells,Toby Reckless,e1 toby reckless,850,E1,0.5,1525,4.96,0.9,3
2023-10-08,S Wyn Howells,Mike Hollyman,e1 mike hollyman,1746,E1,0,1516,5.25,0.29,3
2023-10-08,S Wyn Howells,Samuele Scarpignato,e1 samuele scarpignato,1612,E1,0.5,1517,5.72,0.47,3.5
2023-10-16,S Wyn Howells,Richard Larg,e1 richard larg,1453,E1,0,1495,6.41,0.69,3.5
2023-11-06,S Wyn Howells,Martin Ricketts,e1 martin ricketts,1288,E1,1,1500,7.26,0.85,4.5
2023-11-10,S Wyn Howells,Allan Pleasants,e1 allan pleasants,2080,E1,0,1497,7.36,0.1,4.5
2023-11-11,S Wyn Howells,Andrew Golley,w1 andrew golley,1679,W1,1,1517,7.73,0.37,5.5
2023-11-12,S Wyn Howells,Dale Westcott,w1 dale westcott,1607,W1,0,1502,8.2,0.47,5.5
2023-09-11,Roland Humphries,Mike White,e1 mike white,909,E1,1,1250,0.87,0.87,1
2023-10-02,Roland Humphries,Thomas Nalej,e1 thomas nalej,1086,E1,1,1259,1.59,0.72,2
2023-10-26,Roland Humphries,Csege Hanczar,e1 csege hanczar,1188,E1,0,1240,2.17,0.58,2
2023-09-25,Bill Hunt,David Lewis,e1 david lewis,1666,E1,0.5,1763,0.64,0.64,0.5
2023-10-04,Bill Hunt,Tom Brown,e1 tom brown,2149,E1,0,1760,0.74,0.1,0.5
2023-10-24,Bill Hunt,Nathan Trickey,e1 nathan trickey,1389,E1,1,1763,1.64,0.9,1.5
2023-10-25,Bill Hunt,Peter Quinn,e1 peter quinn,1733,E1,0.5,1762,2.19,0.55,2
2023-11-16,Bill Hunt,David Llewellyn,e1 david llewellyn,1874,E1,0,1753,2.54,0.35,2
2023-09-13,Jake Hurley,Bill Harle,e1 bill harle,1659,E1,1,1807,0.69,0.69,1
2023-09-20,Jake Hurley,Guy Wagner,e1 guy wagner,1676,E1,0,1791,1.36,0.67,1
2023-10-12,Jake Hurley,Joshua McKenna,e1 joshua mckenna,1754,E1,0.5,1790,1.93,0.57,1.5
2023-10-18,Jake Hurley,Chris Fox,e1 chris fox,1577,E1,0.5,1783,2.71,0.78,2
2023-11-01,Jake Hurley,Liam Penny,e1 liam penny,1748,E1,1,1793,3.28,0.57,3
2023-11-23,Jake Hurley,Alun Smith,e1 alun smith,1708,E1,1,1802,3.91,0.63,4
2023-11-29,Jake Hurley,Dan Edwards,e1 dan edwards,1600,E1,1,1808,4.67,0.76,5
2023-12-13,Jake Hurley,Michael Arribas-Ayllon,e1 michael arribas-ayllon,1624,E1,1,1814,5.4,0.73,6
2023-10-08,Michael Hurley,Kevin Stephens,e1 kevin stephens,1282,E1,1,1610,0.87,0.87,1
2023-10-12,Michael Hurley,Liam Penny,e1 liam penny,1748,E1,0.5,1615,1.18,0.31,1.5
2023-10-15,Michael Hurley,Georgi Korovski,e1 georgi korovski,1824,E1,0,1609,1.4,0.22,1.5
2023-10-26,Michael Hurley,John McGregor,e1 john mcgregor,1886,E1,1,1629,1.57,0.17,2.5
2023-11-02,Michael Hurley,Bence Szakmany,e1 bence szakmany,1799,E1,0,1623,1.82,0.25,2.5
2023-11-12,Michael Hurley,Charles Summers,e1 charles summers,1872,E1,0,1619,2,0.18,2.5
2023-11-29,Michael Hurley,Sam Jukes,e1 sam jukes,2034,E1,1,1641,2.1,0.1,3.5
2023-12-06,Michael Hurley,Sam Jukes,e1 sam jukes,2034,E1,0,1638,2.2,0.1,3.5
2023-12-10,Michael Hurley,Peter Quinn,e1 peter quinn,1733,E1,0.5,1643,2.53,0.33,4
2023-07-07,Bob Hurn,David Maloberti,NA,2064,FIDE,0.5,1472,0.1,0.1,0.5
2023-07-07,Bob Hurn,Dillan Duke,NA,2018,ENG,0,1469,0.2,0.1,0.5
2023-07-08,Bob Hurn,Joshua McKenna,e1 joshua mckenna,1754,E1,0,1464,0.35,0.15,0.5
2023-07-09,Bob Hurn,Kamran Harandi,NA,1517,ENG,0.5,1466,0.77,0.42,1
2023-07-09,Bob Hurn,Jack Hannigan,e1 jack hannigan,1393,E1,0,1447,1.36,0.59,1
2023-07-10,Bob Hurn,Jeremy Jones,e1 jeremy jones,1405,E1,0,1429,1.94,0.58,1
2023-07-11,Bob Hurn,Thomas Nalej,e1 thomas nalej,1086,E1,1,1432,2.84,0.9,2
2023-07-11,Bob Hurn,Roy Thomas,e1 roy thomas,1743,E1,0,1427,3,0.16,2
2023-07-12,Bob Hurn,Mark Emblem,g1 mark emblem,1317,G1,0.5,1421,3.69,0.69,2.5
2023-09-08,Bob Hurn,Lee Davis,e1 lee davis,1928,E1,0,1418,3.79,0.1,2.5
2023-09-09,Bob Hurn,Mark Cooke,NA,1413,FIDE,0,1399,4.36,0.57,2.5
2023-09-09,Bob Hurn,Russell Dodington,e1 russell dodington,1678,E1,0.5,1408,4.58,0.22,3
2023-09-10,Bob Hurn,David Morgan,NA,1683,ENG,0.5,1417,4.8,0.22,3.5
2023-09-10,Bob Hurn,William Phillips,NA,1829,ENG,0.5,1430,4.91,0.11,4
2023-09-18,Bob Hurn,Chris Kavanagh,e1 chris kavanagh,1208,E1,1,1436,5.72,0.81,5
2023-10-02,Bob Hurn,Steve Cunliffe,e1 steve cunliffe,1907,E1,0,1433,5.82,0.1,5
2023-10-04,Bob Hurn,Joseph Addis,g1 joseph addis,1776,G1,0,1429,5.96,0.14,5
2023-10-17,Bob Hurn,William Phillips,g1 william phillips,1789,G1,0.5,1440,6.09,0.13,5.5
2023-10-23,Bob Hurn,Edd Chwieseni,e1 edd chwieseni,1593,E1,0,1430,6.41,0.32,5.5
2023-10-30,Bob Hurn,Gavin Jones,e1 gavin jones,1602,E1,0,1420,6.72,0.31,5.5
2023-11-06,Bob Hurn,Dave McGhee,e1 dave mcghee,1643,E1,0,1412,6.98,0.26,5.5
2023-11-07,Bob Hurn,Nigel Saunders,g1 nigel saunders,1985,G1,0.5,1425,7.08,0.1,6
2023-11-10,Bob Hurn,Kam Choo Yin,e1 kam choo yin,1638,E1,0.5,1433,7.34,0.26,6.5
2023-11-11,Bob Hurn,Deio Parri,n1 deio parri,1624,N1,0.5,1440,7.62,0.28,7
2023-11-11,Bob Hurn,David Guy,w1 david guy,1843,W1,0,1437,7.72,0.1,7
2023-11-12,Bob Hurn,Richard Larg,e1 richard larg,1453,E1,1,1452,8.23,0.51,8
2023-11-12,Bob Hurn,Dave Williams,g1 dave williams,1611,G1,0.5,1459,8.52,0.29,8.5
2023-11-15,Bob Hurn,Ron Williams,g1 ron williams,1554,G1,1,1479,8.89,0.37,9.5
2023-11-29,Bob Hurn,Chris Fox,e1 chris fox,1577,E1,0.5,1484,9.23,0.34,10
2023-12-04,Bob Hurn,Matthew Lunnon,e1 matthew lunnon,1618,E1,0.5,1491,9.52,0.29,10.5
2023-12-05,Bob Hurn,Chris Dixon,g1 chris dixon,1719,G1,0.5,1501,9.7,0.18,11
2023-12-18,Bob Hurn,Sergio Esteves,e1 sergio esteves,1394,E1,0,1482,10.29,0.59,11
2023-12-19,Bob Hurn,Joseph Addis,g1 joseph addis,1776,G1,0,1478,10.43,0.14,11
2023-07-03,Tomos Ilett,John Velda,e1 john velda,1166,E1,1,1009,0.25,0.25,1
2023-07-17,Tomos Ilett,Ken Hannah,e1 ken hannah,1605,E1,0,1004,0.35,0.1,1
2023-07-31,Tomos Ilett,Steve Maguire,e1 steve maguire,946,E1,0.5,1002,0.89,0.54,1.5
2023-08-21,Tomos Ilett,Martin Ilett,e1 martin ilett,1323,E1,0,997,1.01,0.12,1.5
2023-09-18,Tomos Ilett,Sophie Wood,e1 sophie wood,850,E1,1,1013,1.68,0.67,2.5
2023-11-20,Tomos Ilett,Tom Jenney,e1 tom jenney,850,E1,0.5,1004,2.35,0.67,3
2023-11-22,Tomos Ilett,Will Parkinson,e1 will parkinson,1003,E1,0.5,1007,2.81,0.46,3.5
2023-12-04,Tomos Ilett,Ben Hannigan,e1 ben hannigan,1234,E1,0.5,1022,2.99,0.18,4
2023-12-18,Tomos Ilett,Constantine Popov,e1 constantine popov,850,E1,1,1038,3.66,0.67,5
2023-07-11,Thomas Jackson,Harri Gillen,e1 harri gillen,850,E1,0,848,0.53,0.53,0
2023-07-18,Thomas Jackson,Lucas Zheng,e1 lucas zheng,1104,E1,0,838,0.74,0.21,0
2023-10-04,Thomas Jackson,Mabon Hanczar,e1 mabon hanczar,936,E1,0,818,1.15,0.41,0
2023-09-08,Krzysztof Jakubiak,Jonathan Dark,g1 jonathan dark,1243,G1,1,1603,0.89,0.89,1
2023-09-09,Krzysztof Jakubiak,John Williams,g1 john williams,1400,G1,0.5,1594,1.65,0.76,1.5
2023-09-09,Krzysztof Jakubiak,Chris Peters,e1 chris peters,1560,E1,1,1609,2.21,0.56,2.5
2023-09-10,Krzysztof Jakubiak,Malcolm Probert,w1 malcolm probert,1472,W1,0,1587,2.89,0.68,2.5
2023-09-10,Krzysztof Jakubiak,Alexis Kristoff Malibiran,NA,1585,ENG,1,1602,3.41,0.52,3.5
2023-09-13,Krzysztof Jakubiak,Andrew Jeanes,e1 andrew jeanes,1556,E1,1,1616,3.97,0.56,4.5
2023-10-04,Krzysztof Jakubiak,Charles Summers,e1 charles summers,1872,E1,0,1611,4.14,0.17,4.5
2023-10-18,Krzysztof Jakubiak,Georgi Korovski,e1 georgi korovski,1824,E1,0.5,1620,4.35,0.21,5
2023-10-25,Krzysztof Jakubiak,Emma Kong,e1 emma kong,1478,E1,1,1631,5.02,0.67,6
2023-11-01,Krzysztof Jakubiak,Joseph Nicholls,e1 joseph nicholls,1000,E1,1,1634,5.92,0.9,7
2023-11-08,Krzysztof Jakubiak,Piotr Graczyk,e1 piotr graczyk,1565,E1,1,1648,6.47,0.55,8
2023-11-11,Krzysztof Jakubiak,Kam Choo Yin,e1 kam choo yin,1638,E1,1,1666,6.91,0.44,9
2023-11-11,Krzysztof Jakubiak,Malcolm Probert,w1 malcolm probert,1472,W1,0,1644,7.59,0.68,9
2023-11-12,Krzysztof Jakubiak,Ben Hannigan,e1 ben hannigan,1234,E1,1,1648,8.48,0.89,10
2023-11-12,Krzysztof Jakubiak,Graham Ashcroft,NA,1852,ENG,0,1642,8.67,0.19,10
2023-12-06,Krzysztof Jakubiak,Joe Fathallah,e1 joe fathallah,2080,E1,0.5,1655,8.77,0.1,10.5
2023-12-13,Krzysztof Jakubiak,Alex Bullen,e1 alex bullen,2245,E1,0,1651,8.87,0.1,10.5
2023-12-14,Krzysztof Jakubiak,Simon Blackmore,e1 simon blackmore,1633,E1,1,1669,9.32,0.45,11.5
2023-09-14,Jonathan James,Kam Choo Yin,e1 kam choo yin,1638,E1,1,1995,0.88,0.88,1
2023-09-26,Jonathan James,Michael Binks,e1 michael binks,2140,E1,1,2012,1.18,0.3,2
2023-11-06,Jonathan James,Mike Gale,e1 mike gale,1617,E1,0.5,2002,2.08,0.9,2.5
2023-11-20,Jonathan James,Steve Cunliffe,e1 steve cunliffe,1907,E1,1,2011,2.7,0.62,3.5
2023-07-07,Dai James,Daniel Kozusek,e1 daniel kozusek,2427,E1,0,1856,0.1,0.1,0
2023-07-07,Dai James,Malcolm Probert,w1 malcolm probert,1472,W1,0.5,1846,1,0.9,0.5
2023-07-08,Dai James,Roy Thomas,e1 roy thomas,1743,E1,0,1830,1.66,0.66,0.5
2023-07-09,Dai James,Mark Emblem,g1 mark emblem,1317,G1,1,1833,2.56,0.9,1.5
2023-07-10,Dai James,Jack Hannigan,e1 jack hannigan,1393,E1,0,1811,3.46,0.9,1.5
2023-07-11,Dai James,Joe Fathallah,e1 joe fathallah,2080,E1,0,1806,3.68,0.22,1.5
2023-07-12,Dai James,Jeremy Jones,e1 jeremy jones,1405,E1,1,1808,4.58,0.9,2.5
2023-11-06,Dai James,Anezka Vlkova,e1 anezka vlkova,1936,E1,0,1799,4.97,0.39,2.5
2023-09-11,Leon Jansen van Rensburg,Curtis Reid,e1 curtis reid,1121,E1,1,1651,0.9,0.9,1
2023-09-25,Leon Jansen van Rensburg,John Ryles,e1 john ryles,1521,E1,0,1635,1.58,0.68,1
2023-10-09,Leon Jansen van Rensburg,Kevin Stephens,e1 kevin stephens,1282,E1,1,1638,2.47,0.89,2
2023-10-23,Leon Jansen van Rensburg,Oliver Cumiskey,e1 oliver cumiskey,1192,E1,0,1616,3.37,0.9,2
2023-12-18,Leon Jansen van Rensburg,Stuart Enoch,e1 stuart enoch,1337,E1,1,1620,4.23,0.86,3
2023-09-11,Andrew Jeanes,Mike Stannard,g1 mike stannard,1226,G1,0,1528,0.87,0.87,0
2023-09-13,Andrew Jeanes,Krzysztof Jakubiak,e1 krzysztof jakubiak,1599,E1,0,1514,1.31,0.44,0
2023-09-18,Andrew Jeanes,Ken Hannah,e1 ken hannah,1605,E1,0.5,1516,1.74,0.43,0.5
2023-10-08,Andrew Jeanes,Arjan Sian,e1 arjan sian,1700,E1,0.5,1523,2.04,0.3,1
2023-10-09,Andrew Jeanes,Justin Morgans,e1 justin morgans,1732,E1,0.5,1530,2.31,0.27,1.5
2023-10-23,Andrew Jeanes,Dave Parsons,e1 dave parsons,1704,E1,0,1521,2.61,0.3,1.5
2023-10-30,Andrew Jeanes,Ben Bickford,e1 ben bickford,1499,E1,0.5,1518,3.19,0.58,2
2023-11-06,Andrew Jeanes,Peter Quinn,e1 peter quinn,1733,E1,0,1509,3.46,0.27,2
2023-11-23,Andrew Jeanes,John McGregor,e1 john mcgregor,1886,E1,0.5,1521,3.59,0.13,2.5
2023-11-27,Andrew Jeanes,Peter Slater,e1 peter slater,1679,E1,0.5,1527,3.92,0.33,3
2023-12-04,Andrew Jeanes,Oliver Cumiskey,e1 oliver cumiskey,1192,E1,0,1498,4.81,0.89,3
2023-12-12,Andrew Jeanes,Chris Peters,e1 chris peters,1560,E1,0,1482,5.3,0.49,3
2023-09-21,Julian Jeczalik,Anthony Williams,e1 anthony williams,1067,E1,0,839,0.22,0.22,0
2023-10-02,Julian Jeczalik,Tom Jenney,e1 tom jenney,850,E1,0,815,0.72,0.5,0
2023-09-08,Aidan Jelf,Patrick Bourne,d1 patrick bourne,1109,D1,0,1442,0.89,0.89,0
2023-09-11,Ethan Jenkins,Sophie Wood,e1 sophie wood,850,E1,1,874,0.5,0.5,1
2023-09-21,Ethan Jenkins,Tim Whitchurch,e1 tim whitchurch,1317,E1,0,869,0.6,0.1,1
2023-10-02,Ethan Jenkins,Tabitha Ryan,e1 tabitha ryan,1016,E1,1,904,0.88,0.28,2
2023-10-26,Ethan Jenkins,Gergely Hanczar,e1 gergely hanczar,1125,E1,1,944,1.05,0.17,3
2023-11-09,Ethan Jenkins,Patrick Civil,e1 patrick civil,1033,E1,0.5,955,1.31,0.26,3.5
2023-11-27,Ethan Jenkins,Chris Kavanagh,e1 chris kavanagh,1208,E1,0,950,1.42,0.11,3.5
2023-10-02,Tom Jenney,Julian Jeczalik,e1 julian jeczalik,850,E1,1,874,0.5,0.5,1
2023-10-11,Tom Jenney,Reuben Hilliar,e1 reuben hilliar,861,E1,1,899,0.98,0.48,2
2023-10-23,Tom Jenney,Erion Pici,e1 erion pici,1206,E1,1,941,1.09,0.11,3
2023-11-13,Tom Jenney,Lucas Zheng,e1 lucas zheng,1104,E1,0,932,1.28,0.19,3
2023-11-16,Tom Jenney,Rhys Davies,e1 rhys davies,1000,E1,0,918,1.58,0.3,3
2023-11-20,Tom Jenney,Tomos Ilett,e1 tomos ilett,973,E1,0.5,926,1.91,0.33,3.5
2023-09-27,Derek Jones,Matthew Davies,e1 matthew davies,1935,E1,1,2045,0.65,0.65,1
2023-10-25,Derek Jones,Alex Bullen,e1 alex bullen,2245,E1,0,2041,0.88,0.23,1
2023-11-08,Derek Jones,Tim Kett,e1 tim kett,2192,E1,0,2036,1.17,0.29,1
2023-11-29,Derek Jones,Bence Szakmany,e1 bence szakmany,1799,E1,0.5,2031,1.97,0.8,1.5
2023-12-13,Derek Jones,Sam Jukes,e1 sam jukes,2034,E1,0,2023,2.48,0.51,1.5
2023-09-26,Mark Jones,S Wyn Howells,e1 s wyn howells,1588,E1,0.5,1673,0.62,0.62,0.5
2023-10-10,Mark Jones,Stuart Enoch,e1 stuart enoch,1337,E1,1,1676,1.5,0.88,1.5
2023-10-16,Mark Jones,Steve Jones,e1 steve jones,1500,E1,1,1682,2.23,0.73,2.5
2023-10-31,Mark Jones,Dwain Jones,e1 dwain jones,1426,E1,1,1687,3.04,0.81,3.5
2023-11-06,Mark Jones,Chris Green,e1 chris green,1495,E1,1,1693,3.78,0.74,4.5
2023-11-23,Mark Jones,Kam Choo Yin,e1 kam choo yin,1638,E1,1,1704,4.33,0.55,5.5
2023-12-12,Mark Jones,Gavin Jones,e1 gavin jones,1602,E1,0,1689,4.93,0.6,5.5
2023-10-03,Gavin Jones,Kristan Enoch,e1 kristan enoch,1454,E1,1,1609,0.7,0.7,1
2023-10-09,Gavin Jones,Gwynfor Rees,e1 gwynfor rees,2050,E1,0.5,1619,0.8,0.1,1.5
2023-10-23,Gavin Jones,Gwyn Havard,e1 gwyn havard,1855,E1,1,1638,0.99,0.19,2.5
2023-10-30,Gavin Jones,Bob Hurn,e1 bob hurn,1459,E1,1,1646,1.68,0.69,3.5
2023-12-12,Gavin Jones,Mark Jones,e1 mark jones,1676,E1,1,1660,2.08,0.4,4.5
2023-09-04,Martin K Jones,Patrick Civil,e1 patrick civil,1033,E1,1,1479,0.9,0.9,1
2023-09-18,Martin K Jones,Steve Keable,e1 steve keable,1300,E1,0.5,1472,1.63,0.73,1.5
2023-12-04,Martin K Jones,Gwawr Evans,e1 gwawr evans,874,E1,1,1475,2.53,0.9,2.5
2023-12-18,Martin K Jones,Liam Hayles,e1 liam hayles,900,E1,1,1478,3.43,0.9,3.5
2023-07-07,Jeremy Jones,Olivia Smith,e1 olivia smith,2196,E1,0,1402,0.1,0.1,0
2023-07-07,Jeremy Jones,Iwan Cave,NA,2156,ENG,0,1399,0.2,0.1,0
2023-07-08,Jeremy Jones,Kamran Harandi,NA,1517,ENG,0,1388,0.54,0.34,0
2023-07-09,Jeremy Jones,Jack Hannigan,e1 jack hannigan,1393,E1,0,1371,1.06,0.52,0
2023-07-09,Jeremy Jones,Thomas Nalej,e1 thomas nalej,1086,E1,1,1375,1.92,0.86,1
2023-07-10,Jeremy Jones,Bob Hurn,e1 bob hurn,1459,E1,1,1394,2.34,0.42,2
2023-07-11,Jeremy Jones,McKenzie Archibald,w1 mckenzie archibald,1374,W1,0,1376,2.88,0.54,2
2023-07-11,Jeremy Jones,Ron Williams,g1 ron williams,1554,G1,0.5,1383,3.18,0.3,2.5
2023-07-12,Jeremy Jones,Dai James,e1 dai james,1858,E1,0,1380,3.28,0.1,2.5
2023-09-08,Jeremy Jones,Joy Edwin,NA,1500,EST,0,1368,3.65,0.37,2.5
2023-09-09,Jeremy Jones,Andrew Evans,g1 andrew evans,1200,G1,0.5,1360,4.41,0.76,3
2023-09-09,Jeremy Jones,David Battell,w1 david battell,1120,W1,1,1365,5.25,0.84,4
2023-09-10,Jeremy Jones,Vince Teisar,e1 vince teisar,978,E1,0,1336,6.15,0.9,4
2023-09-10,Jeremy Jones,Adam Sarwar,e1 adam sarwar,926,E1,1,1339,7.05,0.9,5
2023-09-14,Jeremy Jones,Lucas Zheng,e1 lucas zheng,1104,E1,0,1312,7.9,0.85,5
2023-10-07,Jeremy Jones,Tim Kett,e1 tim kett,2192,E1,0,1309,8,0.1,5
2023-10-07,Jeremy Jones,Emir Rhouni,e1 emir rhouni,900,E1,1,1312,8.9,0.9,6
2023-10-08,Jeremy Jones,Adam Sarwar,e1 adam sarwar,926,E1,1,1315,9.8,0.9,7
2023-10-08,Jeremy Jones,James Thomas,e1 james thomas,1991,E1,0,1312,9.9,0.1,7
2023-10-30,Jeremy Jones,Mike Stannard,g1 mike stannard,1226,G1,1,1320,10.64,0.74,8
2023-09-11,Dwain Jones,Jonathan Gilbert,g1 jonathan gilbert,2031,G1,0,1423,0.1,0.1,0
2023-10-16,Dwain Jones,David Rovaretti,e1 david rovaretti,1664,E1,0,1416,0.3,0.2,0
2023-10-17,Dwain Jones,Andy Basford,e1 andy basford,1533,E1,1,1437,0.65,0.35,1
2023-10-23,Dwain Jones,Emyr Roberts,e1 emyr roberts,1634,E1,0.5,1446,0.88,0.23,1.5
2023-10-30,Dwain Jones,Daniel Wilmot,e1 daniel wilmot,1869,E1,0,1442,0.98,0.1,1.5
2023-10-31,Dwain Jones,Mark Jones,e1 mark jones,1676,E1,0,1436,1.17,0.19,1.5
2023-12-04,Dwain Jones,Gwyn Havard,e1 gwyn havard,1855,E1,0,1433,1.27,0.1,1.5
2023-12-11,Dwain Jones,Mike Gale,e1 mike gale,1617,E1,0.5,1441,1.52,0.25,2
2023-10-17,Phil Jones,Rob Frame,e1 rob frame,1138,E1,0,1237,0.67,0.67,0
2023-10-02,David Jones,Martin Ilett,e1 martin ilett,1323,E1,0,1189,0.33,0.33,0
2023-10-17,David Jones,Steve Maguire,e1 steve maguire,946,E1,1,1195,1.14,0.81,1
2023-11-28,David Jones,Thomas Nalej,e1 thomas nalej,1086,E1,1,1206,1.8,0.66,2
2023-07-03,Steve Jones,Gwyn Havard,e1 gwyn havard,1855,E1,0,1496,0.11,0.11,0
2023-07-17,Steve Jones,David Murphy,e1 david murphy,1000,E1,1,1500,1.01,0.9,1
2023-07-31,Steve Jones,John Ryles,e1 john ryles,1521,E1,0.5,1500,1.48,0.47,1.5
2023-08-21,Steve Jones,Mike Gale,e1 mike gale,1617,E1,0,1490,1.82,0.34,1.5
2023-09-08,Steve Jones,Oliver Cumiskey,e1 oliver cumiskey,1192,E1,0,1462,2.67,0.85,1.5
2023-09-09,Steve Jones,Harri Llwyd Dafydd,e1 harri llwyd dafydd,920,E1,1,1466,3.57,0.9,2.5
2023-09-09,Steve Jones,Jonathan Dark,g1 jonathan dark,1243,G1,1,1471,4.38,0.81,3.5
2023-09-10,Steve Jones,James Williams,e1 james williams,1105,E1,1,1475,5.28,0.9,4.5
2023-09-10,Steve Jones,Joshua McKenna,e1 joshua mckenna,1754,E1,1,1501,5.47,0.19,5.5
2023-09-11,Steve Jones,John Ryles,e1 john ryles,1521,E1,1,1518,5.94,0.47,6.5
2023-09-18,Steve Jones,Kevin Stephens,e1 kevin stephens,1282,E1,0,1493,6.72,0.78,6.5
2023-10-07,Steve Jones,Sam Jukes,e1 sam jukes,2034,E1,0,1490,6.82,0.1,6.5
2023-10-07,Steve Jones,Jon Tuson,d1 jon tuson,1500,D1,1,1506,7.32,0.5,7.5
2023-10-07,Steve Jones,Justin Morgans,e1 justin morgans,1732,E1,1,1531,7.53,0.21,8.5
2023-10-08,Steve Jones,Dave Turner,g1 dave turner,1957,G1,0,1528,7.63,0.1,8.5
2023-10-08,Steve Jones,Emma Kong,e1 emma kong,1478,E1,1,1543,8.16,0.53,9.5
2023-10-12,Steve Jones,Andy Basford,e1 andy basford,1533,E1,1,1560,8.61,0.45,10.5
2023-10-16,Steve Jones,Mark Jones,e1 mark jones,1676,E1,0,1552,8.88,0.27,10.5
2023-11-06,Steve Jones,David Rovaretti,e1 david rovaretti,1664,E1,1,1575,9.16,0.28,11.5
2023-11-10,Steve Jones,Michael Binks,e1 michael binks,2140,E1,0,1571,9.26,0.1,11.5
2023-11-11,Steve Jones,Andrew Di-Vetta,e1 andrew di-vetta,1783,E1,0.5,1582,9.42,0.16,12
2023-11-11,Steve Jones,Shambavi Hariharan,NA,1899,ENG,1,1611,9.52,0.1,13
2023-11-12,Steve Jones,Alan Young,w1 alan young,2125,W1,0,1608,9.62,0.1,13
2023-11-12,Steve Jones,Chris Dixon,g1 chris dixon,1719,G1,0.5,1617,9.84,0.22,13.5
2023-11-16,Steve Jones,Csege Hanczar,e1 csege hanczar,1188,E1,1,1621,10.7,0.86,14.5
2023-12-06,Steve Jones,Stuart Enoch,e1 stuart enoch,1337,E1,1,1630,11.42,0.72,15.5
2023-12-11,Steve Jones,Richard Larg,e1 richard larg,1453,E1,1,1644,11.99,0.57,16.5
2023-12-18,Steve Jones,Gergely Hanczar,e1 gergely hanczar,1125,E1,1,1647,12.89,0.9,17.5
2023-07-04,Ellis Jones,Tycho Twohig,e1 tycho twohig,1412,E1,0,879,0.1,0.1,0
2023-07-11,Ellis Jones,Andrei Zhuravlev,e1 andrei zhuravlev,999,E1,0,863,0.44,0.34,0
2023-07-18,Ellis Jones,Raga Sreya Mandadapu,e1 raga sreya mandadapu,850,E1,1,885,0.99,0.55,1
2023-10-07,Ellis Jones,Duncan MacDonald,e1 duncan macdonald,1953,E1,0,880,1.09,0.1,1
2023-10-07,Ellis Jones,Steve Williams (Cwm),g1 steve williams (cwm),1626,G1,0,875,1.19,0.1,1
2023-10-08,Ellis Jones,Csombor Hanczar,e1 csombor hanczar,1210,E1,0,869,1.32,0.13,1
2023-10-08,Ellis Jones,Andrei Zhuravlev,e1 andrei zhuravlev,999,E1,0,852,1.66,0.34,1
2023-10-12,Ellis Jones,Lucas Zheng,e1 lucas zheng,1104,E1,1,890,1.88,0.22,2
2023-11-26,Ellis Jones,Darson Beeston,w1 darson beeston,1477,W1,0,885,1.98,0.1,2
2023-12-09,Ellis Jones,Bobby Murray,NA,1079,ENG,0,873,2.23,0.25,2
2023-12-09,Ellis Jones,Krithik Bavikatte,NA,1312,ENG,0,868,2.33,0.1,2
2023-09-04,Mike Joslin,Marcus Bedwell,e1 marcus bedwell,871,E1,0,1322,0.9,0.9,0
2023-09-18,Mike Joslin,Curtis Reid,e1 curtis reid,1121,E1,0,1297,1.69,0.79,0
2023-10-02,Mike Joslin,Martin Blackman-Siegler,e1 martin blackman-siegler,1050,E1,0,1270,2.54,0.85,0
2023-10-17,Mike Joslin,Constantine Popov,e1 constantine popov,850,E1,0.5,1257,3.44,0.9,0.5
2023-10-23,Mike Joslin,Louise Davies,e1 louise davies,882,E1,1,1260,4.34,0.9,1.5
2023-11-06,Mike Joslin,Brendan Donovan,e1 brendan donovan,900,E1,1,1263,5.24,0.9,2.5
2023-11-14,Mike Joslin,Adam Morris,e1 adam morris,850,E1,0.5,1251,6.14,0.9,3
2023-11-29,Mike Joslin,Bertie Carvey,e1 bertie carvey,937,E1,1,1254,7.04,0.9,4
2023-12-18,Mike Joslin,Brendan Donovan,e1 brendan donovan,900,E1,1,1257,7.94,0.9,5
2023-07-07,Sam Jukes,Oscar Pollack,NA,2198,ENG,0,2030,0.28,0.28,0
2023-07-08,Sam Jukes,Mark Emblem,g1 mark emblem,1317,G1,1,2031,1.18,0.9,1
2023-07-09,Sam Jukes,Petr Marusenko,NA,2160,ENG,1,2042,1.51,0.33,2
2023-07-09,Sam Jukes,Jacob Boswell,NA,2275,ENG,0,2039,1.71,0.2,2
2023-07-10,Sam Jukes,David L Roberts,NA,2031,ENG,1,2047,2.21,0.5,3
2023-07-11,Sam Jukes,Alan Byron,NA,2180,ENG,0,2042,2.51,0.3,3
2023-07-11,Sam Jukes,James C Foster,NA,2058,ENG,0,2034,2.98,0.47,3
2023-07-12,Sam Jukes,Calum Harris,e1 calum harris,1882,E1,1,2039,3.69,0.71,4
2023-07-24,Sam Jukes,Mike Surtees,NA,2172,ENG,0,2034,4,0.31,4
2023-07-25,Sam Jukes,Vishnu Kirupakaran,NA,1881,ENG,0,2023,4.71,0.71,4
2023-07-26,Sam Jukes,Philip Staniland,NA,1908,ENG,0.5,2020,5.38,0.67,4.5
2023-07-27,Sam Jukes,Philipp Orgler,NA,2057,ENG,0,2013,5.85,0.47,4.5
2023-07-24,Sam Jukes,Jeff Tomy,NA,1791,ENG,1,2016,6.65,0.8,5.5
2023-07-25,Sam Jukes,Steve Hodge,NA,2035,ENG,1,2024,7.15,0.5,6.5
2023-07-26,Sam Jukes,Ian J Clarke,NA,1983,ENG,1,2031,7.72,0.57,7.5
2023-07-27,Sam Jukes,Sean Gordon,NA,1999,ENG,0,2022,8.27,0.55,7.5
2023-09-08,Sam Jukes,Yuxuan Wu,e1 yuxuan wu,1764,E1,1,2025,9.1,0.83,8.5
2023-09-09,Sam Jukes,Oliver Stubbs,NA,2212,ENG,1,2036,9.36,0.26,9.5
2023-09-09,Sam Jukes,Peter Varley,g1 peter varley,2168,G1,0,2031,9.68,0.32,9.5
2023-09-10,Sam Jukes,Thomas Wells,NA,1999,EST,0.5,2030,10.23,0.55,10
2023-09-10,Sam Jukes,Adam Musson,w1 adam musson,2130,W1,0.5,2033,10.6,0.37,10.5
2023-09-13,Sam Jukes,Matthew Davies,e1 matthew davies,1935,E1,0.5,2030,11.24,0.64,11
2023-09-20,Sam Jukes,Tom Brown,e1 tom brown,2149,E1,0,2025,11.58,0.34,11
2023-09-27,Sam Jukes,Joshua McKenna,e1 joshua mckenna,1754,E1,1,2028,12.41,0.83,12
2023-10-04,Sam Jukes,Stuart Enoch,e1 stuart enoch,1337,E1,1,2029,13.31,0.9,13
2023-10-07,Sam Jukes,Steve Jones,e1 steve jones,1500,E1,1,2031,14.21,0.9,14
2023-10-07,Sam Jukes,Joshua McKenna,e1 joshua mckenna,1754,E1,1,2033,15.04,0.83,15
2023-10-07,Sam Jukes,Duncan MacDonald,e1 duncan macdonald,1953,E1,0,2024,15.65,0.61,15
2023-10-08,Sam Jukes,Yuxuan Wu,e1 yuxuan wu,1764,E1,0,2010,16.48,0.83,15
2023-10-08,Sam Jukes,Andrew Golley,w1 andrew golley,1679,W1,1,2012,17.37,0.89,16
2023-10-11,Sam Jukes,Samuele Scarpignato,e1 samuele scarpignato,1612,E1,1,2014,18.27,0.9,17
2023-10-12,Sam Jukes,Pete Heaven,e1 pete heaven,2097,E1,0.5,2015,18.68,0.41,17.5
2023-10-15,Sam Jukes,Callum Davies,e1 callum davies,1885,E1,1,2020,19.38,0.7,18.5
2023-10-18,Sam Jukes,Anezka Vlkova,e1 anezka vlkova,1936,E1,0.5,2018,20.02,0.64,19
2023-10-22,Sam Jukes,Pete Heaven,e1 pete heaven,2097,E1,0,2011,20.43,0.41,19
2023-10-25,Sam Jukes,Oliver Van Halden,e1 oliver van halden,1100,E1,1,2013,21.33,0.9,20
2023-11-01,Sam Jukes,David Llewellyn,e1 david llewellyn,1874,E1,0,2001,22.05,0.72,20
2023-11-08,Sam Jukes,Joe Fathallah,e1 joe fathallah,2080,E1,0,1995,22.48,0.43,20
2023-11-10,Sam Jukes,Dave McGhee,e1 dave mcghee,1643,E1,0.5,1988,23.38,0.9,20.5
2023-11-11,Sam Jukes,Shambavi Hariharan,NA,1899,ENG,1,1993,24.07,0.69,21.5
2023-11-11,Sam Jukes,Tim Kett,e1 tim kett,2192,E1,1,2005,24.36,0.29,22.5
2023-11-12,Sam Jukes,Allan Pleasants,e1 allan pleasants,2080,E1,0,1998,24.79,0.43,22.5
2023-11-12,Sam Jukes,Jason Garcia,w1 jason garcia,2026,W1,0.5,1997,25.3,0.51,23
2023-11-15,Sam Jukes,Micah O'Toole,e1 micah o'toole,1600,E1,1,1999,26.2,0.9,24
2023-11-22,Sam Jukes,Piotr Graczyk,e1 piotr graczyk,1565,E1,1,2001,27.1,0.9,25
2023-11-23,Sam Jukes,Bence Szakmany,e1 bence szakmany,1799,E1,0,1988,27.89,0.79,25
2023-11-29,Sam Jukes,Michael Hurley,e1 michael hurley,1607,E1,0,1974,28.79,0.9,25
2023-12-06,Sam Jukes,Michael Hurley,e1 michael hurley,1607,E1,1,1975,29.69,0.9,26
2023-12-13,Sam Jukes,Derek Jones,e1 derek jones,2039,E1,1,1983,30.18,0.49,27
2023-12-14,Sam Jukes,David Llewellyn,e1 david llewellyn,1874,E1,1,1988,30.9,0.72,28
2023-09-18,Chris Kavanagh,Bob Hurn,e1 bob hurn,1459,E1,0,1202,0.19,0.19,0
2023-10-09,Chris Kavanagh,Louise Davies,e1 louise davies,882,E1,0,1174,1.06,0.87,0
2023-11-27,Chris Kavanagh,Ethan Jenkins,e1 ethan jenkins,850,E1,1,1178,1.95,0.89,1
2023-12-04,Chris Kavanagh,David Murphy,e1 david murphy,1000,E1,0,1153,2.72,0.77,1
2023-09-18,Steve Keable,Martin K Jones,e1 martin k jones,1476,E1,0.5,1307,0.27,0.27,0.5
2023-10-09,Steve Keable,Rhys Davies,e1 rhys davies,1000,E1,0,1280,1.12,0.85,0.5
2023-10-23,Steve Keable,Steffan Mon,e1 steffan mon,1377,E1,0,1268,1.51,0.39,0.5
2023-10-22,Alex Kennedy,Michael Beck,w1 michael beck,1740,W1,0,1509,0.22,0.22,0
2023-11-03,Alex Kennedy,Steve Cunliffe,e1 steve cunliffe,1907,E1,1,1538,0.32,0.1,1
2023-11-21,Alex Kennedy,Constantine Popov,e1 constantine popov,850,E1,1,1541,1.22,0.9,2
2023-07-04,Isaac Kennedy,Lee Gillen,e1 lee gillen,850,E1,0,845,0.53,0.53,0
2023-07-11,Isaac Kennedy,Toby Reckless,e1 toby reckless,850,E1,0.5,843,1.06,0.53,0.5
2023-10-04,Isaac Kennedy,Constantine Popov,e1 constantine popov,850,E1,0,818,1.59,0.53,0.5
2023-10-17,Isaac Kennedy,Mabon Hanczar,e1 mabon hanczar,936,E1,1,846,2,0.41,1.5
2023-11-21,Isaac Kennedy,Toby Reckless,e1 toby reckless,850,E1,0,821,2.53,0.53,1.5
2023-12-09,Isaac Kennedy,Ruya Kenz,NA,950,ENG,0,802,2.92,0.39,1.5
2023-12-09,Isaac Kennedy,Emma Shin,NA,877,ENG,0,779,3.41,0.49,1.5
2023-07-04,Matilda Kennedy,Harri Gillen,e1 harri gillen,850,E1,0,826,0.5,0.5,0
2023-07-11,Matilda Kennedy,Salvador Correa,e1 salvador correa,850,E1,0,802,1,0.5,0
2023-07-04,Tim Kett,Duncan MacDonald,e1 duncan macdonald,1953,E1,1,2195,0.8,0.8,1
2023-07-18,Tim Kett,Alun Smith,e1 alun smith,1708,E1,0.5,2189,1.7,0.9,1.5
2023-07-08,Tim Kett,James Thomas,e1 james thomas,1991,E1,0.5,2185,2.46,0.76,2
2023-07-09,Tim Kett,Benjamin Larkin,NA,2094,ENG,1,2190,3.1,0.64,3
2023-07-09,Tim Kett,Tom Brown,e1 tom brown,2149,E1,0.5,2189,3.66,0.56,3.5
2023-07-10,Tim Kett,Jeremy Menadue,NA,2058,ENG,0.5,2187,4.34,0.68,4
2023-07-11,Tim Kett,Iwan Cave,NA,2156,ENG,1,2194,4.89,0.55,5
2023-07-11,Tim Kett,Nigel Ralphs,e1 nigel ralphs,2053,E1,1,2199,5.58,0.69,6
2023-07-12,Tim Kett,Boris Chatalbashev,NA,2493,FIDE,0,2196,5.73,0.15,6
2023-07-24,Tim Kett,Craig Kennedy,NA,1890,ENG,1,2199,6.58,0.85,7
2023-07-25,Tim Kett,Keith Arkell,NA,2475,ENG,1,2212,6.74,0.16,8
2023-07-26,Tim Kett,John Pitcher,NA,2320,ENG,0,2207,7.06,0.32,8
2023-07-27,Tim Kett,Geoff Lawton,NA,2266,ENG,0,2201,7.46,0.4,8
2023-07-28,Tim Kett,Andrew Grillage,NA,1976,ENG,1,2204,8.24,0.78,9
2023-07-29,Tim Kett,Ian D Thompson,NA,2156,ENG,1,2211,8.79,0.55,10
2023-07-30,Tim Kett,Chris R Duncan,NA,2275,ENG,0,2205,9.17,0.38,10
2023-08-09,Tim Kett,Jonathan LB Blackburn,g1 jonathan lb blackburn,2329,G1,0,2200,9.48,0.31,10
2023-08-10,Tim Kett,Jacob Connor Boswell,NA,2283,ENG,0,2194,9.85,0.37,10
2023-08-10,Tim Kett,Shabir Okhai,NA,2254,ENG,1,2204,10.26,0.41,11
2023-08-11,Tim Kett,Roger G Williamson,NA,2184,ENG,1,2211,10.77,0.51,12
2023-08-11,Tim Kett,Charles F Morris,n1 charles f morris,2165,N1,1,2219,11.31,0.54,13
2023-08-12,Tim Kett,Alan Byron,NA,2180,ENG,0.5,2219,11.83,0.52,13.5
2023-08-12,Tim Kett,Alan Walton,NA,2123,ENG,1,2225,12.43,0.6,14.5
2023-08-13,Tim Kett,Richard WY Lee,NA,2109,ENG,1,2231,13.05,0.62,15.5
2023-08-13,Tim Kett,Tom Brown,e1 tom brown,2149,E1,0.5,2230,13.61,0.56,16
2023-08-24,Tim Kett,Jacob Connor Boswell,NA,2283,ENG,0,2224,13.98,0.37,16
2023-08-24,Tim Kett,Thomas Villiers,NA,2286,ENG,0,2218,14.35,0.37,16
2023-08-25,Tim Kett,Sheng Liang Bernard Chan,NA,2192,ENG,0.5,2218,14.85,0.5,16.5
2023-08-26,Tim Kett,Peter Sowray,NA,2231,ENG,0,2211,15.29,0.44,16.5
2023-08-28,Tim Kett,Shyam Jagdish Modi,NA,2203,ENG,1,2219,15.77,0.48,17.5
2023-09-03,Tim Kett,Jamie Morgan,NA,1894,ENG,1,2222,16.62,0.85,18.5
2023-09-04,Tim Kett,H William Ingham,NA,1926,ENG,1,2225,17.44,0.82,19.5
2023-09-05,Tim Kett,Oliver A Jackson,NA,2146,ENG,1,2232,18.01,0.57,20.5
2023-09-06,Tim Kett,Alan M Brown,NA,2019,ENG,0.5,2228,18.74,0.73,21
2023-09-07,Tim Kett,Keith Arkell,NA,2390,ENG,0,2224,18.98,0.24,21
2023-09-04,Tim Kett,Robert C Stern,NA,1968,ENG,0.5,2220,19.76,0.78,21.5
2023-09-05,Tim Kett,David Openshaw,NA,1856,ENG,1,2222,20.63,0.87,22.5
2023-09-06,Tim Kett,Peter J Kirby,NA,2018,ENG,1,2226,21.36,0.73,23.5
2023-09-07,Tim Kett,Keith Arkell,NA,2390,ENG,0,2222,21.6,0.24,23.5
2023-09-28,Tim Kett,Callum Smith,e1 callum smith,1789,E1,1,2224,22.5,0.9,24.5
2023-10-07,Tim Kett,Jeremy Jones,e1 jeremy jones,1405,E1,1,2225,23.4,0.9,25.5
2023-10-07,Tim Kett,Deio Parri,n1 deio parri,1624,N1,1,2227,24.3,0.9,26.5
2023-10-08,Tim Kett,James Lavender,g1 james lavender,2125,G1,0.5,2225,24.9,0.6,27
2023-10-08,Tim Kett,Yuxuan Wu,e1 yuxuan wu,1764,E1,1,2227,25.8,0.9,28
2023-10-12,Tim Kett,Joe Fathallah,e1 joe fathallah,2080,E1,1,2232,26.46,0.66,29
2023-10-21,Tim Kett,Henk Pompstra,NA,1661,FIDE,1,2234,27.36,0.9,30
2023-10-22,Tim Kett,Elise Knobbe,NA,1640,FIDE,0.5,2228,28.26,0.9,30.5
2023-10-23,Tim Kett,Gerard Grotenhuis,NA,1924,FIDE,1,2230,29.08,0.82,31.5
2023-10-24,Tim Kett,Jeroen Van den Berg,NA,1994,FIDE,0,2218,29.84,0.76,31.5
2023-10-26,Tim Kett,Jan Schol,NA,1747,FIDE,1,2220,30.74,0.9,32.5
2023-10-27,Tim Kett,Bram Ten Dam,NA,2091,EST,1,2226,31.38,0.64,33.5
2023-10-28,Tim Kett,Geon Knol,NA,2042,FIDE,1,2230,32.08,0.7,34.5
2023-10-21,Tim Kett,Lorenzo Lodici,NA,2550,FIDE,0,2229,32.19,0.11,34.5
2023-10-22,Tim Kett,Manisha Mohanty Kiran,NA,2058,FIDE,0.5,2226,32.87,0.68,35
2023-10-23,Tim Kett,Jan Boersma,NA,1972,FIDE,1,2229,33.65,0.78,36
2023-10-24,Tim Kett,Leandro Slagboom,NA,2320,FIDE,0,2224,33.97,0.32,36
2023-10-25,Tim Kett,Erdenebayar Margadgua,NA,2013,FIDE,0.5,2220,34.71,0.74,36.5
2023-10-25,Tim Kett,Oscar Zecha,NA,1907,FIDE,1,2223,35.55,0.84,37.5
2023-10-26,Tim Kett,Nick Maatman,NA,2373,FIDE,0,2219,35.81,0.26,37.5
2023-10-27,Tim Kett,Sebastian Mueer,NA,2190,FIDE,0,2211,36.31,0.5,37.5
2023-10-28,Tim Kett,Brian Nijdam,NA,1928,FIDE,1,2213,37.13,0.82,38.5
2023-11-08,Tim Kett,Derek Jones,e1 derek jones,2039,E1,1,2218,37.84,0.71,39.5
2023-11-11,Tim Kett,Roy Hare,NA,1674,ENG,1,2220,38.74,0.9,40.5
2023-11-11,Tim Kett,Sam Jukes,e1 sam jukes,2034,E1,0,2208,39.45,0.71,40.5
2023-11-12,Tim Kett,Duncan Williams,w1 duncan williams,1817,W1,1,2210,40.35,0.9,41.5
2023-11-12,Tim Kett,Roy Thomas,e1 roy thomas,1743,E1,1,2212,41.25,0.9,42.5
2023-11-21,Tim Kett,Andrei Zhuravlev,e1 andrei zhuravlev,999,E1,1,2213,42.15,0.9,43.5
2023-11-23,Tim Kett,Daniel Wilmot,e1 daniel wilmot,1869,E1,1,2215,43.02,0.87,44.5
2023-11-26,Tim Kett,Daniel Kozusek,e1 daniel kozusek,2427,E1,0,2212,43.23,0.21,44.5
2023-11-29,Tim Kett,Matthew Davies,e1 matthew davies,1935,E1,1,2215,44.04,0.81,45.5
2023-12-14,Tim Kett,Tom Brown,e1 tom brown,2149,E1,1,2222,44.6,0.56,46.5
2023-07-25,Emma Kong,Naavya Parikh,NA,1728,ENG,0.5,1488,0.19,0.19,0.5
2023-07-26,Emma Kong,Aditya Mittal,NA,1642,ENG,0,1479,0.47,0.28,0.5
2023-07-26,Emma Kong,Luke Chapman,NA,1344,ENG,1,1489,1.15,0.68,1.5
2023-07-28,Emma Kong,Hunain Malik,NA,1675,ENG,0,1481,1.39,0.24,1.5
2023-07-28,Emma Kong,Kanishka Bhatia,NA,1750,SCO,0.5,1492,1.56,0.17,2
2023-07-29,Emma Kong,Dominik Swiatkowski,NA,1537,ENG,0.5,1494,1.98,0.42,2.5
2023-08-18,Emma Kong,Kanishka Bhatia,NA,1886,SCO,0,1491,2.08,0.1,2.5
2023-08-18,Emma Kong,Megan Birch,NA,1523,ENG,1,1509,2.52,0.44,3.5
2023-08-19,Emma Kong,Emily Maton,NA,2016,ENG,0,1506,2.62,0.1,3.5
2023-08-19,Emma Kong,Kanishka Bhatia,NA,1886,SCO,0,1503,2.72,0.1,3.5
2023-08-20,Emma Kong,Megan Birch,NA,1523,ENG,0.5,1505,3.16,0.44,4
2023-08-20,Emma Kong,Emily Maton,NA,2016,ENG,0,1502,3.26,0.1,4
2023-09-06,Emma Kong,Piotr Graczyk,e1 piotr graczyk,1565,E1,1,1522,3.64,0.38,5
2023-09-08,Emma Kong,Dale Westcott,w1 dale westcott,1607,W1,0,1511,3.96,0.32,5
2023-09-09,Emma Kong,Mark Reckless,e1 mark reckless,1400,E1,1,1524,4.57,0.61,6
2023-09-09,Emma Kong,Toby Reckless,e1 toby reckless,850,E1,1,1527,5.47,0.9,7
2023-09-10,Emma Kong,Andrea Passariello,NA,1736,ENG,0,1521,5.65,0.18,7
2023-09-10,Emma Kong,Emir Rhouni,e1 emir rhouni,900,E1,1,1524,6.55,0.9,8
2023-09-13,Emma Kong,Kristan Enoch,e1 kristan enoch,1454,E1,0,1507,7.08,0.53,8
2023-09-20,Emma Kong,Jude Roberts,e1 jude roberts,1600,E1,1,1529,7.41,0.33,9
2023-09-25,Emma Kong,Mike Maguire,e1 mike maguire,1574,E1,0,1517,7.78,0.37,9
2023-09-27,Emma Kong,Kam Choo Yin,e1 kam choo yin,1638,E1,0,1508,8.06,0.28,9
2023-10-04,Emma Kong,Dave McGhee,e1 dave mcghee,1643,E1,0,1499,8.34,0.28,9
2023-10-07,Emma Kong,Edd Chwieseni,e1 edd chwieseni,1593,E1,0.5,1504,8.68,0.34,9.5
2023-10-07,Emma Kong,James Thomas,e1 james thomas,1991,E1,0,1501,8.78,0.1,9.5
2023-10-08,Emma Kong,Yat Nok Li,NA,1008,FIDE,1,1504,9.68,0.9,10.5
2023-10-08,Emma Kong,Steve Jones,e1 steve jones,1500,E1,0,1489,10.15,0.47,10.5
2023-10-11,Emma Kong,Sergio Esteves,e1 sergio esteves,1394,E1,0,1469,10.77,0.62,10.5
2023-10-18,Emma Kong,Samuele Scarpignato,e1 samuele scarpignato,1612,E1,0,1459,11.09,0.32,10.5
2023-10-25,Emma Kong,Krzysztof Jakubiak,e1 krzysztof jakubiak,1599,E1,0,1448,11.42,0.33,10.5
2023-11-06,Emma Kong,Ben Bickford,e1 ben bickford,1499,E1,1,1465,11.89,0.47,11.5
2023-11-08,Emma Kong,Bill Harle,e1 bill harle,1659,E1,1,1489,12.15,0.26,12.5
2023-11-10,Emma Kong,Mark Thomas,w1 mark thomas,1802,W1,1,1517,12.28,0.13,13.5
2023-11-11,Emma Kong,Les Philpin,w1 les philpin,1618,W1,1,1539,12.59,0.31,14.5
2023-11-12,Emma Kong,Jonathan Jones,d1 jonathan jones,1576,D1,1,1559,12.95,0.36,15.5
2023-11-12,Emma Kong,Yaroslav Sharhorodsky,e1 yaroslav sharhorodsky,1557,E1,0.5,1563,13.34,0.39,16
2023-11-15,Emma Kong,Joshua McKenna,e1 joshua mckenna,1754,E1,0,1557,13.51,0.17,16
2023-11-22,Emma Kong,Gwyn Havard,e1 gwyn havard,1855,E1,1,1586,13.61,0.1,17
2023-11-29,Emma Kong,Richard Larg,e1 richard larg,1453,E1,0.5,1585,14.15,0.54,17.5
2023-12-09,Emma Kong,John S Clarke,NA,1789,ENG,1,1612,14.29,0.14,18.5
2023-12-09,Emma Kong,Isaac Stanley,NA,1441,ENG,0.5,1611,14.84,0.55,19
2023-12-13,Emma Kong,Peter Quinn,e1 peter quinn,1733,E1,0.5,1621,15.03,0.19,19.5
2023-12-14,Emma Kong,Emyr Roberts,e1 emyr roberts,1634,E1,0,1611,15.32,0.29,19.5
2023-12-18,Emma Kong,Gwynfor Rees,e1 gwynfor rees,2050,E1,0,1608,15.42,0.1,19.5
2023-09-13,Georgi Korovski,Joe Fathallah,e1 joe fathallah,2080,E1,0,1820,0.19,0.19,0
2023-09-27,Georgi Korovski,Gareth Quinn,e1 gareth quinn,1800,E1,1,1831,0.72,0.53,1
2023-10-03,Georgi Korovski,Daniel Wilmot,e1 daniel wilmot,1869,E1,0,1820,1.16,0.44,1
2023-10-04,Georgi Korovski,Joe Fathallah,e1 joe fathallah,2080,E1,0,1816,1.35,0.19,1
2023-10-11,Georgi Korovski,Cyril Ley,e1 cyril ley,1552,E1,1,1820,2.18,0.83,2
2023-10-15,Georgi Korovski,Michael Hurley,e1 michael hurley,1607,E1,1,1825,2.96,0.78,3
2023-10-18,Georgi Korovski,Krzysztof Jakubiak,e1 krzysztof jakubiak,1599,E1,0.5,1818,3.75,0.79,3.5
2023-10-25,Georgi Korovski,Reginald Mba,e1 reginald mba,1952,E1,1,1835,4.07,0.32,4.5
2023-11-08,Georgi Korovski,Alex Bullen,e1 alex bullen,2245,E1,0,1832,4.17,0.1,4.5
2023-11-15,Georgi Korovski,Anezka Vlkova,e1 anezka vlkova,1936,E1,1,1848,4.51,0.34,5.5
2023-11-22,Georgi Korovski,Reginald Mba,e1 reginald mba,1952,E1,0,1840,4.83,0.32,5.5
2023-11-26,Georgi Korovski,Liam Powell-Jones,g1 liam powell-jones,1301,G1,1,1843,5.73,0.9,6.5
2023-11-29,Georgi Korovski,Pete Heaven,e1 pete heaven,2097,E1,0,1839,5.9,0.17,6.5
2023-12-06,Georgi Korovski,Dan Edwards,e1 dan edwards,1600,E1,1,1844,6.68,0.78,7.5
2023-12-13,Georgi Korovski,Joshua McKenna,e1 joshua mckenna,1754,E1,0,1829,7.28,0.6,7.5
2023-12-14,Georgi Korovski,Liam Penny,e1 liam penny,1748,E1,1,1839,7.89,0.61,8.5
2023-07-07,Daniel Kozusek,Dai James,e1 dai james,1858,E1,1,2428,0.9,0.9,1
2023-07-07,Daniel Kozusek,Joe Fathallah,e1 joe fathallah,2080,E1,1,2429,1.78,0.88,2
2023-07-08,Daniel Kozusek,Oscar Pollack,NA,2198,ENG,1,2431,2.57,0.79,3
2023-07-09,Daniel Kozusek,Boris Chatalbashev,NA,2493,FIDE,0.5,2432,2.98,0.41,3.5
2023-07-09,Daniel Kozusek,Peter K Wells,NA,2358,ENG,1,2436,3.58,0.6,4.5
2023-07-10,Daniel Kozusek,Oleg Korneev,NA,2569,ENG,0.5,2438,3.89,0.31,5
2023-07-11,Daniel Kozusek,Jack Rudd,NA,2361,ENG,0,2432,4.48,0.59,5
2023-07-11,Daniel Kozusek,Alan Byron,NA,2180,ENG,0.5,2429,5.29,0.81,5.5
2023-09-18,Daniel Kozusek,Vilmos Balint,NA,2217,FIDE,1,2432,6.06,0.77,6.5
2023-09-18,Daniel Kozusek,Gyula Pap,NA,2432,FIDE,0,2427,6.55,0.49,6.5
2023-09-19,Daniel Kozusek,Nhat Minh To,NA,2338,FIDE,0.5,2425,7.18,0.63,7
2023-09-19,Daniel Kozusek,Jonathan Pagan,NA,2021,FIDE,1,2426,8.08,0.9,8
2023-09-20,Daniel Kozusek,Angelika Valkova,NA,2048,FIDE,1,2427,8.98,0.9,9
2023-09-20,Daniel Kozusek,Adam Szeberenyi,NA,2306,FIDE,0,2421,9.65,0.67,9
2023-09-21,Daniel Kozusek,Hussain Besou,NA,2353,FIDE,0.5,2420,10.25,0.6,9.5
2023-09-21,Daniel Kozusek,Rudolf Meessen,NA,2109,FIDE,0.5,2416,11.11,0.86,10
2023-09-22,Daniel Kozusek,Abel Szabo,NA,2223,FIDE,1,2418,11.87,0.76,11
2023-10-22,Daniel Kozusek,Grzegorz Toczek,e1 grzegorz toczek,2323,E1,0.5,2417,12.52,0.65,11.5
2023-11-11,Daniel Kozusek,John Pitcher,NA,2315,ENG,1,2420,13.18,0.66,12.5
2023-11-12,Daniel Kozusek,Alan B Merry,NA,2541,ENG,0.5,2422,13.52,0.34,13
2023-11-26,Daniel Kozusek,Tim Kett,e1 tim kett,2192,E1,1,2424,14.31,0.79,14
2023-09-18,Richard Larg,Jack Hannigan,e1 jack hannigan,1393,E1,1,1466,0.59,0.59,1
2023-10-02,Richard Larg,Micah O'Toole,e1 micah o'toole,1600,E1,0,1457,0.89,0.3,1
2023-10-16,Richard Larg,S Wyn Howells,e1 s wyn howells,1588,E1,1,1479,1.2,0.31,2
2023-10-17,Richard Larg,Owain Groves,e1 owain groves,1250,E1,0.5,1470,1.96,0.76,2.5
2023-10-23,Richard Larg,Rhys Davies,e1 rhys davies,1000,E1,0,1441,2.86,0.9,2.5
2023-11-06,Richard Larg,Mike Smith,e1 mike smith,1200,E1,0.5,1431,3.67,0.81,3
2023-11-10,Richard Larg,Martin C Jones,d1 martin c jones,1620,D1,0.5,1439,3.95,0.28,3.5
2023-11-11,Richard Larg,Les Philpin,w1 les philpin,1618,W1,0.5,1446,4.23,0.28,4
2023-11-11,Richard Larg,Mark Thomas,w1 mark thomas,1802,W1,0,1442,4.35,0.12,4
2023-11-12,Richard Larg,Bob Hurn,e1 bob hurn,1459,E1,0,1426,4.84,0.49,4
2023-11-12,Richard Larg,Darson Beeston,w1 darson beeston,1477,W1,0.5,1427,5.31,0.47,4.5
2023-11-14,Richard Larg,Rob Frame,e1 rob frame,1138,E1,1,1432,6.17,0.86,5.5
2023-11-27,Richard Larg,Mike Hollyman,e1 mike hollyman,1746,E1,0,1427,6.33,0.16,5.5
2023-11-29,Richard Larg,Emma Kong,e1 emma kong,1478,E1,0.5,1428,6.79,0.46,6
2023-12-04,Richard Larg,David Corney,e1 david corney,884,E1,0.5,1415,7.69,0.9,6.5
2023-12-11,Richard Larg,Steve Jones,e1 steve jones,1500,E1,0,1401,8.12,0.43,6.5
2023-12-18,Richard Larg,Mike Smith,e1 mike smith,1200,E1,0.5,1391,8.93,0.81,7
2023-09-14,David Lewis,Csombor Hanczar,e1 csombor hanczar,1210,E1,1,1668,0.9,0.9,1
2023-09-25,David Lewis,Bill Hunt,e1 bill hunt,1766,E1,0.5,1672,1.26,0.36,1.5
2023-10-07,David Lewis,Joe Fathallah,e1 joe fathallah,2080,E1,0,1669,1.36,0.1,1.5
2023-10-07,David Lewis,Csombor Hanczar,e1 csombor hanczar,1210,E1,1,1672,2.26,0.9,2.5
2023-10-08,David Lewis,Mike Hollyman,e1 mike hollyman,1746,E1,1,1686,2.65,0.39,3.5
2023-10-09,David Lewis,Adam Christopher,e1 adam christopher,1290,E1,1,1689,3.55,0.9,4.5
2023-10-23,David Lewis,Jack Hannigan,e1 jack hannigan,1393,E1,0,1669,4.38,0.83,4.5
2023-11-05,David Lewis,Adam Christopher,e1 adam christopher,1290,E1,1,1672,5.28,0.9,5.5
2023-11-28,David Lewis,Andy Basford,e1 andy basford,1533,E1,1,1679,5.96,0.68,6.5
2023-12-18,David Lewis,Piotr Graczyk,e1 piotr graczyk,1565,E1,1,1688,6.6,0.64,7.5
2023-11-27,Dave A Lewis,Ben Hannigan,e1 ben hannigan,1234,E1,1,1621,0.9,0.9,1
2023-10-04,Cyril Ley,Joshua McKenna,e1 joshua mckenna,1754,E1,1,1576,0.24,0.24,1
2023-10-11,Cyril Ley,Georgi Korovski,e1 georgi korovski,1824,E1,0,1571,0.41,0.17,1
2023-10-18,Cyril Ley,Reginald Mba,e1 reginald mba,1952,E1,0,1568,0.51,0.1,1
2023-11-01,Cyril Ley,Peter Quinn,e1 peter quinn,1733,E1,1,1591,0.77,0.26,2
2023-11-08,Cyril Ley,Chris Fox,e1 chris fox,1577,E1,1,1608,1.23,0.46,3
2023-11-15,Cyril Ley,Samuele Scarpignato,e1 samuele scarpignato,1612,E1,0,1595,1.64,0.41,3
2023-11-22,Cyril Ley,Joe Fathallah,e1 joe fathallah,2080,E1,1,1624,1.74,0.1,4
2023-12-06,Cyril Ley,Gwyn Havard,e1 gwyn havard,1855,E1,0.5,1635,1.89,0.15,4.5
2023-12-13,Cyril Ley,Dave McGhee,e1 dave mcghee,1643,E1,0,1623,2.26,0.37,4.5
2023-07-04,David Llewellyn,Emyr Roberts,e1 emyr roberts,1634,E1,1,1879,0.8,0.8,1
2023-07-11,David Llewellyn,Alun Smith,e1 alun smith,1708,E1,0,1861,1.52,0.72,1
2023-07-18,David Llewellyn,Gavin Williams,e1 gavin williams,1630,E1,1,1866,2.32,0.8,2
2023-09-07,David Llewellyn,Peter Quinn,e1 peter quinn,1733,E1,0.5,1862,3.01,0.69,2.5
2023-09-14,David Llewellyn,Duncan MacDonald,e1 duncan macdonald,1953,E1,0,1852,3.4,0.39,2.5
2023-10-12,David Llewellyn,Rufus Long,e1 rufus long,1820,E1,1,1862,3.98,0.58,3.5
2023-10-19,David Llewellyn,Bence Szakmany,e1 bence szakmany,1799,E1,0,1848,4.59,0.61,3.5
2023-10-22,David Llewellyn,Tomas Forsey,g1 tomas forsey,1301,G1,0,1826,5.49,0.9,3.5
2023-11-01,David Llewellyn,Sam Jukes,e1 sam jukes,2034,E1,1,1843,5.77,0.28,4.5
2023-11-08,David Llewellyn,Guy Wagner,e1 guy wagner,1676,E1,0.5,1837,6.53,0.76,5
2023-11-15,David Llewellyn,Peter Varley,g1 peter varley,2168,G1,0,1834,6.69,0.16,5
2023-11-16,David Llewellyn,Bill Hunt,e1 bill hunt,1766,E1,1,1842,7.34,0.65,6
2023-11-23,David Llewellyn,Joe Fathallah,e1 joe fathallah,2080,E1,0,1836,7.57,0.23,6
2023-11-26,David Llewellyn,Alan Young,w1 alan young,2125,W1,0,1832,7.76,0.19,6
2023-11-29,David Llewellyn,Peter Kirby,g1 peter kirby,2029,G1,0.5,1837,8.05,0.29,6.5
2023-12-14,David Llewellyn,Sam Jukes,e1 sam jukes,2034,E1,0,1830,8.33,0.28,6.5
2023-09-25,Rune Llewellyn,John Smart,e1 john smart,869,E1,1,1204,0.87,0.87,1
2023-11-14,Rune Llewellyn,Jack Hannigan,e1 jack hannigan,1393,E1,1,1228,1.12,0.25,2
2023-09-07,Greg Lloyd,Peter Slater,e1 peter slater,1679,E1,1,1432,0.17,0.17,1
2023-09-23,Greg Lloyd,Paul G Broderick,NA,1333,ENG,0.5,1429,0.77,0.6,1.5
2023-09-23,Greg Lloyd,Rory Lynch,NA,1118,ENG,1,1434,1.61,0.84,2.5
2023-09-24,Greg Lloyd,James Weldon,NA,1469,ENG,0,1421,2.02,0.41,2.5
2023-09-24,Greg Lloyd,Leo Fernandez-Arias,NA,1534,ENG,0.5,1427,2.34,0.32,3
2023-09-20,Angus Lloyd,Gwawr Evans,e1 gwawr evans,874,E1,1,1063,0.73,0.73,1
2023-10-02,Angus Lloyd,Ben Hannigan,e1 ben hannigan,1234,E1,1,1098,0.99,0.26,2
2023-10-11,Angus Lloyd,Kevin Stephens,e1 kevin stephens,1282,E1,0,1088,1.2,0.21,2
2023-10-24,Angus Lloyd,Adam Morris,e1 adam morris,850,E1,1,1100,1.96,0.76,3
2023-10-25,Angus Lloyd,Raga Sreya Mandadapu,e1 raga sreya mandadapu,850,E1,1,1111,2.72,0.76,4
2023-11-06,Angus Lloyd,Oleksandr Zhuravel,e1 oleksandr zhuravel,850,E1,1,1123,3.48,0.76,5
2023-11-15,Angus Lloyd,Andrei Zhuravlev,e1 andrei zhuravlev,999,E1,1,1144,4.05,0.57,6
2023-11-22,Angus Lloyd,Martin Blackman-Siegler,e1 martin blackman-siegler,1050,E1,0,1120,4.55,0.5,6
2023-12-13,Angus Lloyd,Reuben Hilliar,e1 reuben hilliar,861,E1,0,1084,5.3,0.75,6
2023-12-14,Angus Lloyd,Rhys Matthews,e1 rhys matthews,1159,E1,0,1067,5.65,0.35,6
2023-12-18,Angus Lloyd,Steffan Mon,e1 steffan mon,1377,E1,0,1061,5.78,0.13,6
2023-09-08,Harri Llwyd Dafydd,Dave McGhee,e1 dave mcghee,1643,E1,0,915,0.1,0.1,0
2023-09-09,Harri Llwyd Dafydd,Steve Jones,e1 steve jones,1500,E1,0,910,0.2,0.1,0
2023-09-09,Harri Llwyd Dafydd,Claire Gorman,w1 claire gorman,1044,W1,0,895,0.53,0.33,0
2023-09-10,Harri Llwyd Dafydd,Mark Reckless,e1 mark reckless,1400,E1,1,938,0.63,0.1,1
2023-09-10,Harri Llwyd Dafydd,Toby Reckless,e1 toby reckless,850,E1,1,957,1.23,0.6,2
2023-10-30,Harri Llwyd Dafydd,Stuart Enoch,e1 stuart enoch,1337,E1,0,952,1.33,0.1,2
2023-10-08,Rufus Long,Daniel Wilmot,e1 daniel wilmot,1869,E1,1,1834,0.43,0.43,1
2023-10-12,Rufus Long,David Llewellyn,e1 david llewellyn,1874,E1,0,1824,0.85,0.42,1
2023-10-26,Rufus Long,Adam Musson,w1 adam musson,2130,W1,1,1844,0.99,0.14,2
2023-11-20,Matthew Lunnon,Emyr Roberts,e1 emyr roberts,1634,E1,0,1607,0.48,0.48,0
2023-11-28,Matthew Lunnon,Geoff Clarke,e1 geoff clarke,1280,E1,0.5,1598,1.35,0.87,0.5
2023-12-04,Matthew Lunnon,Bob Hurn,e1 bob hurn,1459,E1,0.5,1592,2.06,0.71,1
2023-12-18,Matthew Lunnon,Martin Blackman-Siegler,e1 martin blackman-siegler,1050,E1,0,1571,2.96,0.9,1
2023-07-04,Duncan MacDonald,Tim Kett,e1 tim kett,2192,E1,0,1948,0.2,0.2,0
2023-07-18,Duncan MacDonald,Emyr Roberts,e1 emyr roberts,1634,E1,1,1951,1.06,0.86,1
2023-07-07,Duncan MacDonald,Jacob Boswell,NA,2275,ENG,0,1948,1.2,0.14,1
2023-07-07,Duncan MacDonald,Jack Hannigan,e1 jack hannigan,1393,E1,1,1951,2.1,0.9,2
2023-07-08,Duncan MacDonald,Joe Fathallah,e1 joe fathallah,2080,E1,0,1943,2.42,0.32,2
2023-07-09,Duncan MacDonald,Mark Emblem,g1 mark emblem,1317,G1,1,1945,3.32,0.9,3
2023-07-09,Duncan MacDonald,James C Foster,NA,2058,ENG,1,1961,3.67,0.35,4
2023-07-10,Duncan MacDonald,Petr Marusenko,NA,2160,ENG,0,1955,3.9,0.23,4
2023-07-11,Duncan MacDonald,James Thomas,e1 james thomas,1991,E1,1,1968,4.35,0.45,5
2023-07-11,Duncan MacDonald,Oscar Pollack,NA,2198,ENG,0,1964,4.55,0.2,5
2023-07-12,Duncan MacDonald,David Robinson,e1 david robinson,1885,E1,1,1973,5.15,0.6,6
2023-09-08,Duncan MacDonald,James Lavender,g1 james lavender,2125,G1,0,1967,5.42,0.27,6
2023-09-08,Duncan MacDonald,Tom Weale,NA,1540,ENG,1,1969,6.32,0.9,7
2023-09-09,Duncan MacDonald,James Thomas,e1 james thomas,1991,E1,1,1983,6.77,0.45,8
2023-09-10,Duncan MacDonald,Olivia Smith,e1 olivia smith,2196,E1,0.5,1990,6.97,0.2,8.5
2023-09-10,Duncan MacDonald,Hugo Fowler,g1 hugo fowler,2109,G1,0.5,1995,7.26,0.29,9
2023-09-14,Duncan MacDonald,David Llewellyn,e1 david llewellyn,1874,E1,1,2004,7.87,0.61,10
2023-09-28,Duncan MacDonald,Ellison Smith,e1 ellison smith,1773,E1,0,1987,8.61,0.74,10
2023-10-07,Duncan MacDonald,Csege Hanczar,e1 csege hanczar,1188,E1,1,1989,9.51,0.9,11
2023-10-07,Duncan MacDonald,Ellis Jones,e1 ellis jones,884,E1,1,1991,10.41,0.9,12
2023-10-07,Duncan MacDonald,Sam Jukes,e1 sam jukes,2034,E1,1,2006,10.8,0.39,13
2023-10-08,Duncan MacDonald,Joe Fathallah,e1 joe fathallah,2080,E1,0,1998,11.12,0.32,13
2023-10-08,Duncan MacDonald,Dave Turner,g1 dave turner,1957,G1,1,2010,11.61,0.49,14
2023-10-22,Duncan MacDonald,Daniel Wilmot,e1 daniel wilmot,1869,E1,1,2020,12.23,0.62,15
2023-11-13,Elliott MacNeil,Anthony Kent,NA,1816,ENG,1,1907,0.62,0.62,1
2023-11-18,Elliott MacNeil,Tetsuaki Sanada,NA,1974,ENG,0.5,1910,1.01,0.39,1.5
2023-11-19,Elliott MacNeil,Ramsay Dairi,NA,1797,ENG,1,1918,1.65,0.64,2.5
2023-11-20,Elliott MacNeil,Hendrik Wessels,NA,1692,ENG,1,1924,2.42,0.77,3.5
2023-11-27,Elliott MacNeil,Liam Fleming,NA,1899,ENG,1,1936,2.92,0.5,4.5
2023-07-03,Steve Maguire,Steve Cunliffe,e1 steve cunliffe,1907,E1,0,941,0.1,0.1,0
2023-07-17,Steve Maguire,Erion Pici,e1 erion pici,1206,E1,0,932,0.28,0.18,0
2023-07-31,Steve Maguire,Tomos Ilett,e1 tomos ilett,973,E1,0.5,934,0.74,0.46,0.5
2023-08-21,Steve Maguire,David Murphy,e1 david murphy,1000,E1,1,962,1.16,0.42,1.5
2023-09-18,Steve Maguire,Mike White,e1 mike white,909,E1,0,935,1.71,0.55,1.5
2023-10-17,Steve Maguire,David Jones,e1 david jones,1200,E1,0,926,1.9,0.19,1.5
2023-10-23,Steve Maguire,Liam Hayles,e1 liam hayles,900,E1,1,947,2.47,0.57,2.5
2023-11-10,Steve Maguire,Matthew Billington,w1 matthew billington,1415,W1,0,942,2.57,0.1,2.5
2023-11-11,Steve Maguire,Lucas Zheng,e1 lucas zheng,1104,E1,0,929,2.86,0.29,2.5
2023-11-11,Steve Maguire,Emyr-Wyn Francis,w1 emyr-wyn francis,850,W1,0,898,3.49,0.63,2.5
2023-09-14,Mike Maguire,Gergely Hanczar,e1 gergely hanczar,1125,E1,0,1545,0.9,0.9,0
2023-09-25,Mike Maguire,Emma Kong,e1 emma kong,1478,E1,1,1557,1.53,0.63,1
2023-10-09,Mike Maguire,Marcus Bedwell,e1 marcus bedwell,871,E1,1,1560,2.43,0.9,2
2023-10-23,Mike Maguire,Ben Hannigan,e1 ben hannigan,1234,E1,1,1564,3.31,0.88,3
2023-11-05,Mike Maguire,Marcus Bedwell,e1 marcus bedwell,871,E1,1,1567,4.21,0.9,4
2023-11-20,Mike Maguire,Rhys Davies,e1 rhys davies,1000,E1,1,1570,5.11,0.9,5
2023-11-28,Mike Maguire,Lucas Zheng,e1 lucas zheng,1104,E1,1,1574,6.01,0.9,6
2023-07-03,Dave Mahoney,David Murphy,e1 david murphy,1000,E1,0,969,0.49,0.49,0
2023-07-31,Dave Mahoney,Sophie Wood,e1 sophie wood,850,E1,1,984,1.18,0.69,1
2023-08-21,Dave Mahoney,John Velda,e1 john velda,1166,E1,0,971,1.45,0.27,1
2023-09-04,Dave Mahoney,Ashton Grey,e1 ashton grey,978,E1,1,994,1.97,0.52,2
2023-10-09,Dave Mahoney,Ashton Grey,e1 ashton grey,978,E1,0,969,2.49,0.52,2
2023-12-11,Dave Mahoney,Ethan McGrath,e1 ethan mcgrath,850,E1,0,936,3.18,0.69,2
2023-07-04,Raga Sreya Mandadapu,Lucas Zheng,e1 lucas zheng,1104,E1,0,841,0.19,0.19,0
2023-07-11,Raga Sreya Mandadapu,Clara Correa,e1 clara correa,850,E1,1,865,0.69,0.5,1
2023-07-18,Raga Sreya Mandadapu,Ellis Jones,e1 ellis jones,884,E1,0,843,1.14,0.45,1
2023-10-12,Raga Sreya Mandadapu,Adam Sarwar,e1 adam sarwar,926,E1,0,824,1.53,0.39,1
2023-10-17,Raga Sreya Mandadapu,Dev Pandit,e1 dev pandit,850,E1,1,848,2.03,0.5,2
2023-10-19,Raga Sreya Mandadapu,Constantine Popov,e1 constantine popov,850,E1,1,872,2.53,0.5,3
2023-10-22,Raga Sreya Mandadapu,Charlie Gibson,g1 charlie gibson,1200,G1,0,867,2.65,0.12,3
2023-10-25,Raga Sreya Mandadapu,Angus Lloyd,e1 angus lloyd,1050,E1,0,855,2.89,0.24,3
2023-11-09,Raga Sreya Mandadapu,Alun Smith,e1 alun smith,1708,E1,0,850,2.99,0.1,3
2023-11-28,Raga Sreya Mandadapu,Steffan Mon,e1 steffan mon,1377,E1,0,846,3.09,0.1,3
2023-09-05,Darren Martin,Mabon Hanczar,e1 mabon hanczar,936,E1,1,880,0.38,0.38,1
2023-09-05,Rhys Matthews,Geoff Clarke,e1 geoff clarke,1280,E1,0.5,1167,0.33,0.33,0.5
2023-10-09,Rhys Matthews,Jack Hannigan,e1 jack hannigan,1393,E1,1,1205,0.54,0.21,1.5
2023-11-16,Rhys Matthews,Artur Esteves,e1 artur esteves,850,E1,1,1212,1.4,0.86,2.5
2023-12-14,Rhys Matthews,Angus Lloyd,e1 angus lloyd,1050,E1,1,1229,2.05,0.65,3.5
2023-12-09,Bethan Mattingley,Henry Bedford,NA,998,ENG,0,854,0.32,0.32,0
2023-12-09,Bethan Mattingley,Finley Jenkins,NA,891,ENG,1,880,0.79,0.47,1
2023-09-07,Reginald Mba,Bence Szakmany,e1 bence szakmany,1799,E1,0.5,1947,0.71,0.71,0.5
2023-09-13,Reginald Mba,Daniel Wilmot,e1 daniel wilmot,1869,E1,1,1956,1.33,0.62,1.5
2023-09-20,Reginald Mba,Joe Fathallah,e1 joe fathallah,2080,E1,1,1972,1.65,0.32,2.5
2023-10-11,Reginald Mba,Piotr Graczyk,e1 piotr graczyk,1565,E1,1,1975,2.55,0.9,3.5
2023-10-18,Reginald Mba,Cyril Ley,e1 cyril ley,1552,E1,1,1977,3.45,0.9,4.5
2023-10-22,Reginald Mba,Bob Moore,w1 bob moore,1853,W1,0.5,1974,4.09,0.64,5
2023-10-25,Reginald Mba,Georgi Korovski,e1 georgi korovski,1824,E1,0,1958,4.77,0.68,5
2023-11-01,Reginald Mba,Dave McGhee,e1 dave mcghee,1643,E1,1,1961,5.63,0.86,6
2023-11-08,Reginald Mba,Peter Quinn,e1 peter quinn,1733,E1,1,1966,6.41,0.78,7
2023-11-12,Reginald Mba,Arjan Sian,e1 arjan sian,1700,E1,1,1971,7.22,0.81,8
2023-11-15,Reginald Mba,James Tapp,e1 james tapp,1974,E1,0.5,1972,7.69,0.47,8.5
2023-11-22,Reginald Mba,Georgi Korovski,e1 georgi korovski,1824,E1,1,1980,8.37,0.68,9.5
2023-12-06,Reginald Mba,Anezka Vlkova,e1 anezka vlkova,1936,E1,0.5,1979,8.89,0.52,10
2023-09-08,Dave McGhee,Harri Llwyd Dafydd,e1 harri llwyd dafydd,920,E1,1,1645,0.9,0.9,1
2023-09-09,Dave McGhee,Laurence Tarbuck,NA,1706,ENG,1,1660,1.31,0.41,2
2023-09-10,Dave McGhee,Yaroslav Sharhorodsky,e1 yaroslav sharhorodsky,1557,E1,0,1645,1.93,0.62,2
2023-09-10,Dave McGhee,Dale Westcott,w1 dale westcott,1607,W1,1,1655,2.48,0.55,3
2023-09-13,Dave McGhee,Edward Donovan,e1 edward donovan,1895,E1,1,1675,2.67,0.19,4
2023-09-20,Dave McGhee,Mike Stannard,g1 mike stannard,1226,G1,1,1677,3.57,0.9,5
2023-09-27,Dave McGhee,Guy Wagner,e1 guy wagner,1676,E1,1,1690,4.02,0.45,6
2023-10-03,Dave McGhee,Roy Thomas,e1 roy thomas,1743,E1,1,1706,4.38,0.36,7
2023-10-04,Dave McGhee,Emma Kong,e1 emma kong,1478,E1,1,1712,5.1,0.72,8
2023-10-25,Dave McGhee,Stuart Enoch,e1 stuart enoch,1337,E1,1,1716,5.95,0.85,9
2023-10-30,Dave McGhee,Paul Bridges,e1 paul bridges,1703,E1,0.5,1718,6.36,0.41,9.5
2023-11-01,Dave McGhee,Reginald Mba,e1 reginald mba,1952,E1,0,1715,6.5,0.14,9.5
2023-11-06,Dave McGhee,Bob Hurn,e1 bob hurn,1459,E1,1,1721,7.24,0.74,10.5
2023-11-08,Dave McGhee,Joshua McKenna,e1 joshua mckenna,1754,E1,0.5,1724,7.59,0.35,11
2023-11-10,Dave McGhee,Sam Jukes,e1 sam jukes,2034,E1,0.5,1734,7.69,0.1,11.5
2023-11-11,Dave McGhee,Dave Turner,g1 dave turner,1957,G1,0,1731,7.83,0.14,11.5
2023-11-11,Dave McGhee,Andrew Di-Vetta,e1 andrew di-vetta,1783,E1,0.5,1735,8.14,0.31,12
2023-11-12,Dave McGhee,Michael Binks,e1 michael binks,2140,E1,1,1757,8.24,0.1,13
2023-11-12,Dave McGhee,Adam Musson,w1 adam musson,2130,W1,0,1754,8.34,0.1,13
2023-11-15,Dave McGhee,Peter Quinn,e1 peter quinn,1733,E1,1,1769,8.71,0.37,14
2023-11-16,Dave McGhee,Liam Penny,e1 liam penny,1748,E1,0.5,1773,9.06,0.35,14.5
2023-11-22,Dave McGhee,Charles Summers,e1 charles summers,1872,E1,1,1792,9.27,0.21,15.5
2023-11-29,Dave McGhee,Lef Zografos,e1 lef zografos,1728,E1,1,1807,9.65,0.38,16.5
2023-12-06,Dave McGhee,Rohit Saseendian,e1 rohit saseendian,1350,E1,0.5,1799,10.49,0.84,17
2023-12-13,Dave McGhee,Cyril Ley,e1 cyril ley,1552,E1,1,1807,11.12,0.63,18
2023-12-18,Dave McGhee,Jonathan Gilbert,g1 jonathan gilbert,2031,G1,0,1805,11.22,0.1,18
2023-12-11,Ethan McGrath,Dave Mahoney,e1 dave mahoney,993,E1,1,883,0.31,0.31,1
2023-09-14,John McGregor,Peter Slater,e1 peter slater,1679,E1,0.5,1880,0.77,0.77,0.5
2023-09-28,John McGregor,Alun Smith,e1 alun smith,1708,E1,1,1886,1.51,0.74,1.5
2023-10-26,John McGregor,Michael Hurley,e1 michael hurley,1607,E1,0,1866,2.34,0.83,1.5
2023-11-23,John McGregor,Andrew Jeanes,e1 andrew jeanes,1556,E1,0.5,1857,3.21,0.87,2
2023-12-14,John McGregor,Guy Wagner,e1 guy wagner,1676,E1,1,1863,3.98,0.77,3
2023-07-04,Joshua McKenna,Gavin Williams,e1 gavin williams,1630,E1,0,1738,0.67,0.67,0
2023-07-18,Joshua McKenna,Kam Choo Yin,e1 kam choo yin,1638,E1,0,1722,1.33,0.66,0
2023-07-07,Joshua McKenna,Tom Brown,e1 tom brown,2149,E1,0,1720,1.43,0.1,0
2023-07-07,Joshua McKenna,James Thomas,e1 james thomas,1991,E1,0,1715,1.63,0.2,0
2023-07-08,Joshua McKenna,Bob Hurn,e1 bob hurn,1459,E1,1,1718,2.48,0.85,1
2023-07-09,Joshua McKenna,Iwan Cave,NA,2156,ENG,0.5,1728,2.58,0.1,1.5
2023-07-09,Joshua McKenna,Dominic V Gibbs,NA,1923,ENG,0,1721,2.85,0.27,1.5
2023-07-10,Joshua McKenna,Mark Emblem,g1 mark emblem,1317,G1,1,1724,3.75,0.9,2.5
2023-07-11,Joshua McKenna,Bence Szakmany,e1 bence szakmany,1799,E1,0.5,1725,4.19,0.44,3
2023-07-11,Joshua McKenna,David Robinson,e1 david robinson,1885,E1,0,1718,4.51,0.32,3
2023-07-12,Joshua McKenna,Matthew R Wilson,NA,1934,ENG,0,1711,4.77,0.26,3
2023-07-21,Joshua McKenna,Neil Coward,NA,1800,ENG,0,1701,5.2,0.43,3
2023-07-22,Joshua McKenna,Andrew Di-Vetta,e1 andrew di-vetta,1783,E1,0,1690,5.66,0.46,3
2023-07-22,Joshua McKenna,Graham Cole,NA,1757,ENG,0,1678,6.16,0.5,3
2023-07-23,Joshua McKenna,Hiren Venn,NA,1795,ENG,0.5,1680,6.6,0.44,3.5
2023-07-24,Joshua McKenna,Matthew Ball,NA,1778,ENG,0,1668,7.07,0.47,3.5
2023-07-24,Joshua McKenna,James T Bingham,NA,1767,ENG,0.5,1669,7.55,0.48,4
2023-07-25,Joshua McKenna,Philip Staniland,NA,1908,ENG,0,1662,7.84,0.29,4
2023-07-26,Joshua McKenna,Neil Coward,NA,1800,ENG,0.5,1663,8.27,0.43,4.5
2023-07-27,Joshua McKenna,Nick Burton,NA,1965,ENG,1,1682,8.5,0.23,5.5
2023-07-28,Joshua McKenna,Kandara Acharya,NA,1783,ENG,1,1695,8.96,0.46,6.5
2023-07-29,Joshua McKenna,Pat O'Hanlon,NA,1575,IRE,0.5,1689,9.7,0.74,7
2023-07-24,Joshua McKenna,Brendan O'Gorman,NA,1797,ENG,1,1703,10.14,0.44,8
2023-07-25,Joshua McKenna,Kandara Acharya,NA,1783,ENG,0,1692,10.6,0.46,8
2023-07-26,Joshua McKenna,Mark Murrell,NA,1801,ENG,0,1681,11.03,0.43,8
2023-07-27,Joshua McKenna,Ian G Matthew,NA,1675,ENG,1,1691,11.64,0.61,9
2023-07-28,Joshua McKenna,Reece Whittington,NA,1766,ENG,0,1679,12.12,0.48,9
2023-07-29,Joshua McKenna,Robert Crompton,NA,1662,ENG,0.5,1676,12.75,0.63,9.5
2023-08-12,Joshua McKenna,Sharvari Saharkar,NA,1459,ENG,0.5,1668,13.6,0.85,10
2023-08-12,Joshua McKenna,Peter J Hughes,NA,1445,ENG,0.5,1659,14.46,0.86,10.5
2023-08-12,Joshua McKenna,Mark Osborn,NA,1385,ENG,1,1662,15.35,0.89,11.5
2023-08-13,Joshua McKenna,Michael Kanishk Walia,NA,1526,ENG,0,1643,16.14,0.79,11.5
2023-08-13,Joshua McKenna,Yuman Ranjula Gamage Ranasinghe,NA,1624,EST,1,1650,16.82,0.68,12.5
2023-09-07,Joshua McKenna,Chris Fox,e1 chris fox,1577,E1,0.5,1645,17.55,0.73,13
2023-09-08,Joshua McKenna,Jack Bull,NA,1200,EST,1,1647,18.45,0.9,14
2023-09-09,Joshua McKenna,Mike Hollyman,e1 mike hollyman,1746,E1,1,1659,18.96,0.51,15
2023-09-09,Joshua McKenna,Tomas Forsey,g1 tomas forsey,1301,G1,0,1637,19.86,0.9,15
2023-09-10,Joshua McKenna,Emir Rhouni,e1 emir rhouni,900,E1,1,1640,20.76,0.9,16
2023-09-10,Joshua McKenna,Steve Jones,e1 steve jones,1500,E1,0,1620,21.57,0.81,16
2023-09-14,Joshua McKenna,Simon Blackmore,e1 simon blackmore,1633,E1,1,1628,22.24,0.67,17
2023-09-20,Joshua McKenna,Sam Rhydderch,e1 sam rhydderch,1000,E1,1,1631,23.14,0.9,18
2023-09-27,Joshua McKenna,Sam Jukes,e1 sam jukes,2034,E1,0,1627,23.31,0.17,18
2023-10-04,Joshua McKenna,Cyril Ley,e1 cyril ley,1552,E1,0,1608,24.07,0.76,18
2023-10-07,Joshua McKenna,Jon Tuson,d1 jon tuson,1500,D1,1,1613,24.88,0.81,19
2023-10-07,Joshua McKenna,Sam Jukes,e1 sam jukes,2034,E1,0,1609,25.05,0.17,19
2023-10-07,Joshua McKenna,Bence Szakmany,e1 bence szakmany,1799,E1,0,1598,25.49,0.44,19
2023-10-08,Joshua McKenna,David Belochkin,e1 david belochkin,1250,E1,1,1601,26.39,0.9,20
2023-10-08,Joshua McKenna,Paul Moulson,g1 paul moulson,1402,G1,0.5,1592,27.27,0.88,20.5
2023-10-11,Joshua McKenna,Mike Stannard,g1 mike stannard,1226,G1,1,1594,28.17,0.9,21.5
2023-10-12,Joshua McKenna,Jake Hurley,e1 jake hurley,1800,E1,0.5,1596,28.6,0.43,22
2023-10-18,Joshua McKenna,Kristan Enoch,e1 kristan enoch,1454,E1,1,1599,29.45,0.85,23
2023-10-19,Joshua McKenna,Govind Anandkumar,e1 govind anandkumar,1372,E1,0,1578,30.35,0.9,23
2023-10-22,Joshua McKenna,Steve Horrell,g1 steve horrell,1740,G1,1,1589,30.87,0.52,24
2023-10-25,Joshua McKenna,Joe Fathallah,e1 joe fathallah,2080,E1,0,1586,31,0.13,24
2023-10-26,Joshua McKenna,Chris Slack,e1 chris slack,1600,E1,0.5,1581,31.71,0.71,24.5
2023-11-01,Joshua McKenna,Stuart Enoch,e1 stuart enoch,1337,E1,1,1583,32.61,0.9,25.5
2023-11-02,Joshua McKenna,Rohit Saseendian,e1 rohit saseendian,1350,E1,1,1586,33.51,0.9,26.5
2023-11-04,Joshua McKenna,Sathya Vaidyanathan,NA,1701,ENG,0,1572,34.09,0.58,26.5
2023-11-04,Joshua McKenna,Jamie Masacorale,NA,1479,ENG,0.5,1564,34.92,0.83,27
2023-11-04,Joshua McKenna,Tom Weale,NA,1561,ENG,1,1570,35.67,0.75,28
2023-11-05,Joshua McKenna,Derek F Edwards,NA,1698,ENG,0.5,1568,36.25,0.58,28.5
2023-11-05,Joshua McKenna,Roy Ludlow,NA,1622,ENG,1,1576,36.93,0.68,29.5
2023-11-08,Joshua McKenna,Dave McGhee,e1 dave mcghee,1643,E1,0.5,1572,37.58,0.65,30
2023-11-09,Joshua McKenna,Constantine Popov,e1 constantine popov,850,E1,1,1574,38.48,0.9,31
2023-11-10,Joshua McKenna,Darson Beeston,w1 darson beeston,1477,W1,1,1578,39.31,0.83,32
2023-11-11,Joshua McKenna,Jon Tuson,d1 jon tuson,1500,D1,1,1583,40.12,0.81,33
2023-11-11,Joshua McKenna,Jonathan Jones,d1 jonathan jones,1576,D1,1,1589,40.86,0.74,34
2023-11-12,Joshua McKenna,Scott Hammett,d1 scott hammett,1610,D1,0.5,1585,41.56,0.7,34.5
2023-11-12,Joshua McKenna,Lef Zografos,e1 lef zografos,1728,E1,0,1572,42.1,0.54,34.5
2023-11-15,Joshua McKenna,Emma Kong,e1 emma kong,1478,E1,1,1576,42.93,0.83,35.5
2023-11-18,Joshua McKenna,Alan Hayward,NA,1826,ENG,0,1566,43.33,0.4,35.5
2023-11-18,Joshua McKenna,Junyan Hu,NA,1451,ENG,0.5,1558,44.18,0.85,36
2023-11-18,Joshua McKenna,Larissa Cuthbert,NA,1652,ENG,0.5,1554,44.82,0.64,36.5
2023-11-19,Joshua McKenna,Dominik Swiatkowski,NA,1528,ENG,1,1560,45.61,0.79,37.5
2023-11-19,Joshua McKenna,Aarav Katukuri,NA,1524,ENG,0.5,1553,46.4,0.79,38
2023-11-21,Joshua McKenna,Seb Hoccom,e1 seb hoccom,961,E1,1,1555,47.3,0.9,39
2023-11-22,Joshua McKenna,Alex Bullen,e1 alex bullen,2245,E1,0,1553,47.4,0.1,39
2023-11-23,Joshua McKenna,Mike Smith,e1 mike smith,1200,E1,1,1555,48.3,0.9,40
2023-11-29,Joshua McKenna,Bill Harle,e1 bill harle,1659,E1,0.5,1552,48.93,0.63,40.5
2023-12-06,Joshua McKenna,Will Parkinson,e1 will parkinson,1003,E1,1,1554,49.83,0.9,41.5
2023-12-13,Joshua McKenna,Georgi Korovski,e1 georgi korovski,1824,E1,1,1569,50.23,0.4,42.5
2023-09-14,Steffan Mon,Mabon Hanczar,e1 mabon hanczar,936,E1,1,1380,0.9,0.9,1
2023-09-20,Steffan Mon,Micah O'Toole,e1 micah o'toole,1600,E1,0.5,1389,1.12,0.22,1.5
2023-09-25,Steffan Mon,Will Parkinson,e1 will parkinson,1003,E1,1,1393,2.02,0.9,2.5
2023-10-09,Steffan Mon,Gwawr Evans,e1 gwawr evans,874,E1,1,1396,2.92,0.9,3.5
2023-10-23,Steffan Mon,Steve Keable,e1 steve keable,1300,E1,1,1408,3.53,0.61,4.5
2023-10-30,Steffan Mon,Bob Owen,e1 bob owen,1294,E1,1,1421,4.15,0.62,5.5
2023-11-05,Steffan Mon,Gwawr Evans,e1 gwawr evans,874,E1,1,1424,5.05,0.9,6.5
2023-11-20,Steffan Mon,Louise Davies,e1 louise davies,882,E1,1,1427,5.95,0.9,7.5
2023-11-28,Steffan Mon,Raga Sreya Mandadapu,e1 raga sreya mandadapu,850,E1,1,1430,6.85,0.9,8.5
2023-12-18,Steffan Mon,Angus Lloyd,e1 angus lloyd,1050,E1,1,1434,7.72,0.87,9.5
2023-09-08,Justin Morgans,Adam May,w1 adam may,1871,W1,0.5,1737,0.31,0.31,0.5
2023-09-09,Justin Morgans,Andy Hill,NA,1980,ENG,0,1732,0.5,0.19,0.5
2023-09-09,Justin Morgans,Daniel Hilditch-Love,NA,1935,ENG,0,1726,0.74,0.24,0.5
2023-09-10,Justin Morgans,Kai Sandbrink,NA,1870,ENG,0,1719,1.05,0.31,0.5
2023-09-10,Justin Morgans,McKenzie Archibald,w1 mckenzie archibald,1374,W1,1,1721,1.94,0.89,1.5
2023-09-11,Justin Morgans,Jack Hannigan,e1 jack hannigan,1393,E1,0.5,1712,2.82,0.88,2
2023-09-25,Justin Morgans,Ian Abraham,e1 ian abraham,1562,E1,0,1695,3.55,0.73,2
2023-10-07,Justin Morgans,Adam Sarwar,e1 adam sarwar,926,E1,0.5,1685,4.45,0.9,2.5
2023-10-07,Justin Morgans,Andrew Evans,g1 andrew evans,1200,G1,0.5,1676,5.35,0.9,3
2023-10-07,Justin Morgans,Steve Jones,e1 steve jones,1500,E1,0,1657,6.14,0.79,3
2023-10-08,Justin Morgans,Bronwen Tuson,d1 bronwen tuson,1100,D1,1,1659,7.04,0.9,4
2023-10-08,Justin Morgans,Csege Hanczar,e1 csege hanczar,1188,E1,0,1638,7.94,0.9,4
2023-10-09,Justin Morgans,Andrew Jeanes,e1 andrew jeanes,1556,E1,0.5,1632,8.67,0.73,4.5
2023-10-23,Justin Morgans,Govind Anandkumar,e1 govind anandkumar,1372,E1,1,1635,9.56,0.89,5.5
2023-10-31,Justin Morgans,Andrew Di-Vetta,e1 andrew di-vetta,1783,E1,0.5,1636,9.99,0.43,6
2023-12-18,Justin Morgans,Kristan Enoch,e1 kristan enoch,1454,E1,0.5,1628,10.82,0.83,6.5
2023-10-03,Adam Morris,Cosmin Stancu,e1 cosmin stancu,1400,E1,0,845,0.1,0.1,0
2023-10-24,Adam Morris,Angus Lloyd,e1 angus lloyd,1050,E1,0,834,0.34,0.24,0
2023-11-14,Adam Morris,Mike Joslin,e1 mike joslin,1351,E1,0.5,853,0.44,0.1,0.5
2023-07-03,David Murphy,Dave Mahoney,e1 dave mahoney,993,E1,1,1024,0.51,0.51,1
2023-07-17,David Murphy,Steve Jones,e1 steve jones,1500,E1,0,1019,0.61,0.1,1
2023-07-31,David Murphy,Martin Ilett,e1 martin ilett,1323,E1,0,1012,0.74,0.13,1
2023-08-21,David Murphy,Steve Maguire,e1 steve maguire,946,E1,0,985,1.32,0.58,1
2023-09-04,David Murphy,Erion Pici,e1 erion pici,1206,E1,0,973,1.55,0.23,1
2023-10-02,David Murphy,Anthony Williams,e1 anthony williams,1067,E1,1,1002,1.95,0.4,2
2023-11-27,David Murphy,David Corney,e1 david corney,884,E1,0,970,2.61,0.66,2
2023-12-04,David Murphy,Chris Kavanagh,e1 chris kavanagh,1208,E1,1,1007,2.84,0.23,3
2023-07-25,Arush Ajai Murthy,Arthur Kendall,NA,1664,ENG,0,911,0.1,0.1,0
2023-07-26,Arush Ajai Murthy,Aditya Gupta,NA,1393,ENG,0.5,930,0.2,0.1,0.5
2023-07-26,Arush Ajai Murthy,Armaan Nilim,NA,1413,ENG,0.5,950,0.3,0.1,1
2023-07-27,Arush Ajai Murthy,Diah Patel,NA,1369,ENG,0,945,0.4,0.1,1
2023-07-28,Arush Ajai Murthy,Isabella Walsh,NA,738,ENG,1,957,1.14,0.74,2
2023-07-28,Arush Ajai Murthy,Yueyue Sui,NA,1553,ENG,0,953,1.24,0.1,2
2023-07-29,Arush Ajai Murthy,Zac Paintin,NA,1458,EST,1,996,1.34,0.1,3
2023-08-18,Arush Ajai Murthy,Polly McCormick,NA,1274,FIDE,1,1038,1.45,0.11,4
2023-08-18,Arush Ajai Murthy,Alagu Naachiappan Karthick,NA,1006,SCO,1,1069,1.82,0.37,5
2023-08-19,Arush Ajai Murthy,Pengxiao Zhu,NA,1827,ENG,0,1064,1.92,0.1,5
2023-08-19,Arush Ajai Murthy,Polly McCormick,NA,1274,FIDE,1,1106,2.03,0.11,6
2023-08-20,Arush Ajai Murthy,Alagu Naachiappan Karthick,NA,1006,SCO,0,1088,2.4,0.37,6
2023-08-20,Arush Ajai Murthy,Pengxiao Zhu,NA,1827,ENG,0,1084,2.5,0.1,6
2023-09-08,Arush Ajai Murthy,Jon Tuson,d1 jon tuson,1500,D1,0,1079,2.6,0.1,6
2023-09-09,Arush Ajai Murthy,Aidan Jelf,NA,1470,ENG,1,1122,2.7,0.1,7
2023-09-09,Arush Ajai Murthy,Lalit Vidyadhar Nandyala Sharma,NA,1438,ENG,0,1117,2.8,0.1,7
2023-09-10,Arush Ajai Murthy,Robert Muza,g1 robert muza,1298,G1,0,1112,2.9,0.1,7
2023-09-10,Arush Ajai Murthy,Mark Reckless,e1 mark reckless,1400,E1,1,1156,3,0.1,8
2023-09-25,Arush Ajai Murthy,Emir Rhouni,e1 emir rhouni,900,E1,0,1130,3.52,0.52,8
2023-11-10,Arush Ajai Murthy,Carl Halpin,w1 carl halpin,1375,W1,1,1174,3.62,0.1,9
2023-11-11,Arush Ajai Murthy,Matthew Billington,w1 matthew billington,1415,W1,1,1217,3.72,0.1,10
2023-11-11,Arush Ajai Murthy,David Belochkin,e1 david belochkin,1250,E1,0,1211,3.85,0.13,10
2023-11-12,Arush Ajai Murthy,Kedar Walke,NA,1556,ENG,0,1206,3.95,0.1,10
2023-12-09,Arush Ajai Murthy,Oskar Jarynski,NA,1000,EST,0.5,1212,4.33,0.38,10.5
2023-12-09,Arush Ajai Murthy,Benjamin Francis,NA,1345,ENG,0,1207,4.43,0.1,10.5
2023-12-28,Arush Ajai Murthy,Yuk Hei Lee,NA,1465,ENG,0,1202,4.53,0.1,10.5
2023-12-28,Arush Ajai Murthy,Tiara Khanna,NA,1340,ENG,1,1245,4.63,0.1,11.5
2023-12-28,Arush Ajai Murthy,Rohan Theo Barbier-Ramaiah,NA,1502,ENG,1,1288,4.73,0.1,12.5
2023-12-29,Arush Ajai Murthy,Varish Tarigopula,NA,1426,ENG,0,1284,4.83,0.1,12.5
2023-12-29,Arush Ajai Murthy,James Ratcliffe,NA,1409,ENG,0,1279,4.93,0.1,12.5
2023-12-29,Arush Ajai Murthy,Lucas Yang,NA,1269,ENG,1,1321,5.05,0.12,13.5
2023-12-30,Arush Ajai Murthy,Grace Wilde,NA,1335,ENG,0,1316,5.15,0.1,13.5
2023-12-30,Arush Ajai Murthy,Yuan Ya Wang,NA,1396,ENG,0.5,1336,5.25,0.1,14
2023-12-30,Arush Ajai Murthy,Li Yueci,NA,1337,ENG,0,1331,5.35,0.1,14
2023-07-07,Thomas Nalej,Ifan Rathbone-Jones,n1 ifan rathbone-jones,2038,N1,0,1081,0.1,0.1,0
2023-07-08,Thomas Nalej,Dave Turner,g1 dave turner,1957,G1,0,1076,0.2,0.1,0
2023-07-09,Thomas Nalej,Ben Bickford,e1 ben bickford,1499,E1,0,1072,0.3,0.1,0
2023-07-09,Thomas Nalej,Jeremy Jones,e1 jeremy jones,1405,E1,0,1065,0.44,0.14,0
2023-07-10,Thomas Nalej,Ron Williams,g1 ron williams,1554,G1,1,1108,0.54,0.1,1
2023-07-11,Thomas Nalej,Bob Hurn,e1 bob hurn,1459,E1,0,1103,0.64,0.1,1
2023-07-11,Thomas Nalej,Mark Emblem,g1 mark emblem,1317,G1,0,1093,0.85,0.21,1
2023-07-12,Thomas Nalej,Malcolm Probert,w1 malcolm probert,1472,W1,0,1088,0.95,0.1,1
2023-09-08,Thomas Nalej,Chris Peters,e1 chris peters,1560,E1,0,1084,1.05,0.1,1
2023-09-09,Thomas Nalej,Joseph Fearnhead,NA,1295,ENG,0,1072,1.28,0.23,1
2023-09-09,Thomas Nalej,Liam Hayles,e1 liam hayles,900,E1,0,1037,2.02,0.74,1
2023-09-10,Thomas Nalej,Aidan Jelf,NA,1470,ENG,1,1080,2.12,0.1,2
2023-09-10,Thomas Nalej,William Davies,d1 william davies,1415,D1,0.5,1098,2.25,0.13,2.5
2023-09-25,Thomas Nalej,Rob Frame,e1 rob frame,1138,E1,0,1077,2.68,0.43,2.5
2023-10-02,Thomas Nalej,Roland Humphries,e1 roland humphries,1246,E1,0,1064,2.96,0.28,2.5
2023-10-22,Thomas Nalej,Donovan Sipho,w1 donovan sipho,1712,W1,0,1059,3.06,0.1,2.5
2023-11-20,Thomas Nalej,Ashton Grey,e1 ashton grey,978,E1,1,1075,3.71,0.65,3.5
2023-11-26,Thomas Nalej,Peter Quinn,e1 peter quinn,1733,E1,0,1071,3.81,0.1,3.5
2023-11-28,Thomas Nalej,David Jones,e1 david jones,1200,E1,0,1054,4.15,0.34,3.5
2023-11-01,Joseph Nicholls,Krzysztof Jakubiak,e1 krzysztof jakubiak,1599,E1,0,995,0.1,0.1,0
2023-09-20,Micah O'Toole,Steffan Mon,e1 steffan mon,1377,E1,0.5,1593,0.78,0.78,0.5
2023-10-02,Micah O'Toole,Richard Larg,e1 richard larg,1453,E1,1,1600,1.48,0.7,1.5
2023-10-24,Micah O'Toole,Vince Teisar,e1 vince teisar,978,E1,1,1603,2.38,0.9,2.5
2023-10-25,Micah O'Toole,Andy Basford,e1 andy basford,1533,E1,1,1613,2.98,0.6,3.5
2023-11-08,Micah O'Toole,Will Parkinson,e1 will parkinson,1003,E1,1,1615,3.88,0.9,4.5
2023-11-15,Micah O'Toole,Sam Jukes,e1 sam jukes,2034,E1,0,1613,3.98,0.1,4.5
2023-11-22,Micah O'Toole,Artem Panasik,e1 artem panasik,1000,E1,1,1615,4.88,0.9,5.5
2023-12-13,Micah O'Toole,Piotr Graczyk,e1 piotr graczyk,1565,E1,0,1602,5.43,0.55,5.5
2023-12-18,Micah O'Toole,Will Harwood,e1 will harwood,1747,E1,0.5,1607,5.73,0.3,6
2023-09-12,Bob Owen,Tomos Bryant,e1 tomos bryant,850,E1,0.5,1281,0.9,0.9,0.5
2023-10-30,Bob Owen,Steffan Mon,e1 steffan mon,1377,E1,0,1269,1.28,0.38,0.5
2023-11-06,Bob Owen,Ieuan Thomas,e1 ieuan thomas,1107,E1,1,1277,2.03,0.75,1.5
2023-11-01,Artem Panasik,Will Parkinson,e1 will parkinson,1003,E1,0,976,0.5,0.5,0
2023-11-08,Artem Panasik,Andrei Zhuravlev,e1 andrei zhuravlev,999,E1,0,952,1,0.5,0
2023-11-22,Artem Panasik,Micah O'Toole,e1 micah o'toole,1600,E1,0,947,1.1,0.1,0
2023-07-18,Dev Pandit,Clara Correa,e1 clara correa,850,E1,1,874,0.5,0.5,1
2023-10-17,Dev Pandit,Raga Sreya Mandadapu,e1 raga sreya mandadapu,850,E1,0,850,1,0.5,1
2023-09-06,Will Parkinson,Reuben Hilliar,e1 reuben hilliar,861,E1,0,970,0.69,0.69,0
2023-09-11,Will Parkinson,Kevin Stephens,e1 kevin stephens,1282,E1,0.5,986,0.86,0.17,0.5
2023-09-25,Will Parkinson,Steffan Mon,e1 steffan mon,1377,E1,0,981,0.96,0.1,0.5
2023-10-04,Will Parkinson,Mike Stannard,g1 mike stannard,1226,G1,1,1018,1.18,0.22,1.5
2023-10-11,Will Parkinson,Zack Wilkins,e1 zack wilkins,1337,E1,0,1012,1.31,0.13,1.5
2023-10-18,Will Parkinson,Oleksandr Zhuravel,e1 oleksandr zhuravel,850,E1,0.5,1002,2.02,0.71,2
2023-10-25,Will Parkinson,David Grant,e1 david grant,1000,E1,1,1026,2.52,0.5,3
2023-11-01,Will Parkinson,Artem Panasik,e1 artem panasik,1000,E1,1,1050,3.02,0.5,4
2023-11-08,Will Parkinson,Micah O'Toole,e1 micah o'toole,1600,E1,0,1045,3.12,0.1,4
2023-11-22,Will Parkinson,Tomos Ilett,e1 tomos ilett,973,E1,0.5,1043,3.66,0.54,4.5
2023-12-06,Will Parkinson,Joshua McKenna,e1 joshua mckenna,1754,E1,0,1038,3.76,0.1,4.5
2023-07-03,Dave Parsons,Peter Watkins,e1 peter watkins,1352,E1,1,1707,0.88,0.88,1
2023-07-17,Dave Parsons,Gwyn Havard,e1 gwyn havard,1855,E1,0,1700,1.18,0.3,1
2023-07-31,Dave Parsons,Erion Pici,e1 erion pici,1206,E1,1,1702,2.08,0.9,2
2023-08-21,Dave Parsons,John Ryles,e1 john ryles,1521,E1,0.5,1696,2.82,0.74,2.5
2023-10-02,Dave Parsons,Ben Bickford,e1 ben bickford,1499,E1,1,1702,3.58,0.76,3.5
2023-10-09,Dave Parsons,John Velda,e1 john velda,1166,E1,1,1704,4.48,0.9,4.5
2023-10-23,Dave Parsons,Andrew Jeanes,e1 andrew jeanes,1556,E1,1,1712,5.18,0.7,5.5
2023-10-30,Dave Parsons,Mike Smith,e1 mike smith,1200,E1,1,1714,6.08,0.9,6.5
2023-11-06,Dave Parsons,Andrew Di-Vetta,e1 andrew di-vetta,1783,E1,0.5,1717,6.47,0.39,7
2023-11-20,Dave Parsons,Russell Dodington,e1 russell dodington,1678,E1,1,1728,7.01,0.54,8
2023-07-04,Liam Penny,Csombor Hanczar,e1 csombor hanczar,1210,E1,1,1750,0.9,0.9,1
2023-07-11,Liam Penny,Kam Choo Yin,e1 kam choo yin,1638,E1,0.5,1747,1.55,0.65,1.5
2023-07-18,Liam Penny,Simon Blackmore,e1 simon blackmore,1633,E1,1,1755,2.21,0.66,2.5
2023-10-12,Liam Penny,Michael Hurley,e1 michael hurley,1607,E1,0.5,1750,2.9,0.69,3
2023-10-19,Liam Penny,Ellison Smith,e1 ellison smith,1773,E1,1,1763,3.36,0.46,4
2023-11-01,Liam Penny,Jake Hurley,e1 jake hurley,1800,E1,0,1753,3.79,0.43,4
2023-11-09,Liam Penny,Lucas Zheng,e1 lucas zheng,1104,E1,1,1755,4.69,0.9,5
2023-11-16,Liam Penny,Dave McGhee,e1 dave mcghee,1643,E1,0.5,1752,5.34,0.65,5.5
2023-11-26,Liam Penny,Duncan Williams,w1 duncan williams,1817,W1,0.5,1754,5.74,0.4,6
2023-11-29,Liam Penny,Michael Arribas-Ayllon,e1 michael arribas-ayllon,1624,E1,0.5,1750,6.41,0.67,6.5
2023-12-14,Liam Penny,Georgi Korovski,e1 georgi korovski,1824,E1,0,1741,6.8,0.39,6.5
2023-09-19,David Perrett,Bogdan Podlesnik,NA,2289,FIDE,0,1988,0.15,0.15,0
2023-09-20,David Perrett,Olga Angelovska,NA,1265,FIDE,1,1991,1.05,0.9,1
2023-09-21,David Perrett,Gary M Clark,NA,2241,ENG,0,1986,1.24,0.19,1
2023-09-23,David Perrett,Gabriel Barandiaran,NA,1897,FIDE,0.5,1983,1.87,0.63,1.5
2023-09-24,David Perrett,Naresh Jhunjhnuwala,NA,2039,FIDE,0.5,1985,2.3,0.43,2
2023-09-26,David Perrett,K.Sande Atanasov,NA,1768,FIDE,1,1990,3.08,0.78,3
2023-09-27,David Perrett,Tomasz Sielicki,NA,1956,FIDE,0,1976,3.63,0.55,3
2023-09-28,David Perrett,Douglas S Heatlie,NA,1499,SCO,1,1979,4.53,0.9,4
2023-10-22,David Perrett,Jose Camacho Collados,e1 jose camacho collados,2465,E1,0,1976,4.63,0.1,4
2023-11-18,David Perrett,Tristan Searle,NA,1425,ENG,1,1979,5.53,0.9,5
2023-11-19,David Perrett,Jem Gurner,NA,2077,ENG,0.5,1982,5.91,0.38,5.5
2023-09-08,Chris Peters,Thomas Nalej,e1 thomas nalej,1086,E1,1,1563,0.9,0.9,1
2023-09-09,Chris Peters,Dale Westcott,w1 dale westcott,1607,W1,1,1581,1.33,0.43,2
2023-09-09,Chris Peters,Krzysztof Jakubiak,e1 krzysztof jakubiak,1599,E1,0,1567,1.77,0.44,2
2023-09-10,Chris Peters,Duncan M Macarthur,NA,1658,ENG,0,1556,2.13,0.36,2
2023-09-10,Chris Peters,Joy Edwin,NA,1500,EST,0,1537,2.72,0.59,2
2023-09-12,Chris Peters,Rob Frame,e1 rob frame,1138,E1,1,1540,3.62,0.9,3
2023-09-21,Chris Peters,Bill Davies,e1 bill davies,1115,E1,1,1543,4.52,0.9,4
2023-10-10,Chris Peters,Mike Stannard,g1 mike stannard,1226,G1,1,1547,5.39,0.87,5
2023-10-16,Chris Peters,Martin Ricketts,e1 martin ricketts,1288,E1,1,1553,6.22,0.83,6
2023-11-06,Chris Peters,Ian Abraham,e1 ian abraham,1562,E1,0,1537,6.72,0.5,6
2023-11-23,Chris Peters,Andy Basford,e1 andy basford,1533,E1,1,1552,7.26,0.54,7
2023-12-12,Chris Peters,Andrew Jeanes,e1 andrew jeanes,1556,E1,1,1567,7.77,0.51,8
2023-07-03,Erion Pici,Mike Gale,e1 mike gale,1617,E1,0,1203,0.1,0.1,0
2023-07-17,Erion Pici,Steve Maguire,e1 steve maguire,946,E1,1,1209,0.92,0.82,1
2023-07-31,Erion Pici,Dave Parsons,e1 dave parsons,1704,E1,0,1205,1.02,0.1,1
2023-09-04,Erion Pici,David Murphy,e1 david murphy,1000,E1,1,1213,1.79,0.77,2
2023-09-18,Erion Pici,John Velda,e1 john velda,1166,E1,1,1227,2.35,0.56,3
2023-10-02,Erion Pici,James Williams,e1 james williams,1105,E1,0.5,1223,2.99,0.64,3.5
2023-10-23,Erion Pici,Tom Jenney,e1 tom jenney,850,E1,0,1194,3.88,0.89,3.5
2023-11-27,Erion Pici,Patrick Civil,e1 patrick civil,1033,E1,1,1203,4.61,0.73,4.5
2023-09-14,Allan Pleasants,Mike Waddingon,NA,2111,ENG,0,2073,0.46,0.46,0
2023-10-01,Allan Pleasants,Jacob Sylvan,NA,2296,FIDE,0,2069,0.68,0.22,0
2023-10-02,Allan Pleasants,Kaan Kucuksari,NA,2493,FIDE,1,2084,0.78,0.1,1
2023-10-03,Allan Pleasants,Tero Kokkila,NA,2283,FIDE,0,2080,1.02,0.24,1
2023-10-04,Allan Pleasants,Ilir Seitaj,NA,2346,FIDE,0.5,2085,1.2,0.18,1.5
2023-10-05,Allan Pleasants,Mikka Maki-Uuro,NA,2284,FIDE,0,2081,1.44,0.24,1.5
2023-10-06,Allan Pleasants,Stephen Brady,NA,2254,IRL,0,2077,1.71,0.27,1.5
2023-10-07,Allan Pleasants,Zalan Nemeth,NA,2207,FIDE,0,2072,2.03,0.32,1.5
2023-10-14,Allan Pleasants,Rolf Hansen,NA,2098,ENG,1,2080,2.5,0.47,2.5
2023-10-14,Allan Pleasants,Nigel Saunders,g1 nigel saunders,1985,G1,1,2086,3.13,0.63,3.5
2023-10-15,Allan Pleasants,William Adaway,NA,2001,ENG,0.5,2084,3.74,0.61,4
2023-10-15,Allan Pleasants,Keith Gregory,NA,1982,ENG,0.5,2082,4.38,0.64,4.5
2023-10-15,Allan Pleasants,Mark Littleton,NA,2011,ENG,1,2088,4.98,0.6,5.5
2023-11-09,Allan Pleasants,Alexander Maxwell,NA,1894,ENG,1,2092,5.72,0.74,6.5
2023-11-11,Allan Pleasants,Michael Binks,e1 michael binks,2140,E1,1,2102,6.13,0.41,7.5
2023-11-10,Allan Pleasants,S Wyn Howells,e1 s wyn howells,1588,E1,1,2103,7.03,0.9,8.5
2023-11-11,Allan Pleasants,Daniel Wells,NA,2097,ENG,0,2096,7.51,0.48,8.5
2023-11-12,Allan Pleasants,Sam Jukes,e1 sam jukes,2034,E1,1,2103,8.08,0.57,9.5
2023-11-12,Allan Pleasants,Alan Young,w1 alan young,2125,W1,0.5,2104,8.52,0.44,10
2023-11-15,Allan Pleasants,Mike Waddingon,NA,2123,ENG,1,2113,8.96,0.44,11
2023-11-18,Allan Pleasants,Kyle Pelling,NA,2015,ENG,1,2119,9.55,0.59,12
2023-11-19,Allan Pleasants,Jonathan Rubeck,NA,1971,ENG,1,2125,10.2,0.65,13
2023-11-26,Allan Pleasants,Richard Miles,g1 richard miles,1971,G1,0.5,2122,10.85,0.65,13.5
2023-11-30,Allan Pleasants,Mike P Waddington,NA,2123,ENG,0,2115,11.29,0.44,13.5
2023-12-04,Allan Pleasants,Ciprian Stanciu,NA,1990,ENG,1,2121,11.92,0.63,14.5
2023-07-04,Constantine Popov,Mabon Hanczar,e1 mabon hanczar,936,E1,1,880,0.38,0.38,1
2023-07-11,Constantine Popov,Emyr Roberts,e1 emyr roberts,1634,E1,0,875,0.48,0.1,1
2023-07-18,Constantine Popov,Andrei Zhuravlev,e1 andrei zhuravlev,999,E1,0,861,0.78,0.3,1
2023-09-08,Constantine Popov,Andrew Balfe,g1 andrew balfe,1343,G1,0,856,0.88,0.1,1
2023-09-09,Constantine Popov,Zack Wilkins,e1 zack wilkins,1337,E1,0,851,0.98,0.1,1
2023-09-10,Constantine Popov,Mike Stannard,g1 mike stannard,1226,G1,0,846,1.08,0.1,1
2023-10-04,Constantine Popov,Isaac Kennedy,e1 isaac kennedy,870,E1,1,872,1.55,0.47,2
2023-10-17,Constantine Popov,Mike Joslin,e1 mike joslin,1351,E1,0.5,891,1.65,0.1,2.5
2023-10-19,Constantine Popov,Raga Sreya Mandadapu,e1 raga sreya mandadapu,850,E1,0,867,2.15,0.5,2.5
2023-11-09,Constantine Popov,Joshua McKenna,e1 joshua mckenna,1754,E1,0,862,2.25,0.1,2.5
2023-11-21,Constantine Popov,Alex Kennedy,e1 alex kennedy,1516,E1,0,857,2.35,0.1,2.5
2023-12-09,Constantine Popov,Finley Jenkins,NA,891,ENG,0,836,2.79,0.44,2.5
2023-12-09,Constantine Popov,Henry Bedford,NA,998,ENG,1,870,3.09,0.3,3.5
2023-12-18,Constantine Popov,Tomos Ilett,e1 tomos ilett,973,E1,0,854,3.42,0.33,3.5
2023-07-04,Suraj Prabhu,Oliver Cumiskey,e1 oliver cumiskey,1192,E1,0.5,1482,0.85,0.85,0.5
2023-07-11,Suraj Prabhu,Morgan Foulkes,e1 morgan foulkes,1196,E1,1,1487,1.7,0.85,1.5
2023-07-18,Suraj Prabhu,Ellison Smith,e1 ellison smith,1773,E1,0,1481,1.87,0.17,1.5
2023-09-05,Suraj Prabhu,Emyr Roberts,e1 emyr roberts,1634,E1,1,1504,2.18,0.31,2.5
2023-10-12,Suraj Prabhu,Ken Hannah,e1 ken hannah,1605,E1,1,1525,2.52,0.34,3.5
2023-11-13,Suraj Prabhu,Sergio Esteves,e1 sergio esteves,1394,E1,0.5,1520,3.16,0.64,4
2023-11-21,Suraj Prabhu,Lucas Zheng,e1 lucas zheng,1104,E1,1,1523,4.06,0.9,5
2023-12-14,Suraj Prabhu,James Williams,e1 james williams,1105,E1,1,1526,4.96,0.9,6
2023-10-17,James Pryce,David Robinson,e1 david robinson,1885,E1,0,982,0.1,0.1,0
2023-10-17,James Pryce,Gareth Richards,e1 gareth richards,1200,E1,0,971,0.33,0.23,0
2023-09-18,Ryan Pugh,Gergely Hanczar,e1 gergely hanczar,1125,E1,0,842,0.17,0.17,0
2023-09-07,Peter Quinn,David Llewellyn,e1 david llewellyn,1874,E1,0.5,1738,0.31,0.31,0.5
2023-09-08,Peter Quinn,Walter N.R. Saunders,NA,2124,ENG,0,1735,0.41,0.1,0.5
2023-09-09,Peter Quinn,David Morgan,NA,1683,ENG,0.5,1734,0.98,0.57,1
2023-09-09,Peter Quinn,William Phillips,NA,1829,ENG,0.5,1737,1.35,0.37,1.5
2023-09-10,Peter Quinn,Mark Cooke,NA,1413,FIDE,1,1740,2.21,0.86,2.5
2023-09-10,Peter Quinn,Lee Davis,e1 lee davis,1928,E1,0.5,1746,2.46,0.25,3
2023-09-13,Peter Quinn,Alex Bullen,e1 alex bullen,2245,E1,0,1744,2.56,0.1,3
2023-09-20,Peter Quinn,Ellison Smith,e1 ellison smith,1773,E1,0.5,1745,3,0.44,3.5
2023-09-27,Peter Quinn,Chris Fox,e1 chris fox,1577,E1,0.5,1740,3.71,0.71,4
2023-10-04,Peter Quinn,Zack Wilkins,e1 zack wilkins,1337,E1,1,1742,4.61,0.9,5
2023-10-07,Peter Quinn,Andrew Evans,g1 andrew evans,1200,G1,0.5,1733,5.51,0.9,5.5
2023-10-07,Peter Quinn,Adam Sarwar,e1 adam sarwar,926,E1,1,1735,6.41,0.9,6.5
2023-10-07,Peter Quinn,James Lavender,g1 james lavender,2125,G1,0,1733,6.51,0.1,6.5
2023-10-08,Peter Quinn,Andrew Golley,w1 andrew golley,1679,W1,0.5,1731,7.09,0.58,7
2023-10-08,Peter Quinn,Yaroslav Sharhorodsky,e1 yaroslav sharhorodsky,1557,E1,0,1713,7.82,0.73,7
2023-10-11,Peter Quinn,Kristan Enoch,e1 kristan enoch,1454,E1,1,1717,8.65,0.83,8
2023-10-18,Peter Quinn,Edward Donovan,e1 edward donovan,1895,E1,1,1735,8.93,0.28,9
2023-10-22,Peter Quinn,David Guy,w1 david guy,1843,W1,0.5,1738,9.28,0.35,9.5
2023-10-25,Peter Quinn,Bill Hunt,e1 bill hunt,1766,E1,0.5,1739,9.73,0.45,10
2023-11-01,Peter Quinn,Cyril Ley,e1 cyril ley,1552,E1,0,1722,10.47,0.74,10
2023-11-06,Peter Quinn,Andrew Jeanes,e1 andrew jeanes,1556,E1,1,1728,11.2,0.73,11
2023-11-08,Peter Quinn,Reginald Mba,e1 reginald mba,1952,E1,0,1723,11.42,0.22,11
2023-11-15,Peter Quinn,Dave McGhee,e1 dave mcghee,1643,E1,0,1708,12.05,0.63,11
2023-11-22,Peter Quinn,Stuart Enoch,e1 stuart enoch,1337,E1,1,1710,12.95,0.9,12
2023-11-26,Peter Quinn,Thomas Nalej,e1 thomas nalej,1086,E1,1,1713,13.85,0.9,13
2023-12-06,Peter Quinn,Charles Summers,e1 charles summers,1872,E1,1,1729,14.16,0.31,14
2023-12-10,Peter Quinn,Michael Hurley,e1 michael hurley,1607,E1,0.5,1725,14.83,0.67,14.5
2023-12-13,Peter Quinn,Emma Kong,e1 emma kong,1478,E1,0.5,1717,15.64,0.81,15
2023-09-13,Gareth Quinn,Roy Thomas,e1 roy thomas,1743,E1,0.5,1798,0.58,0.58,0.5
2023-09-27,Gareth Quinn,Georgi Korovski,e1 georgi korovski,1824,E1,0,1787,1.05,0.47,0.5
2023-07-07,Nigel Ralphs,Teymour Harandi,NA,1661,ENG,1,2055,0.9,0.9,1
2023-07-07,Nigel Ralphs,Jack Rudd,NA,2361,ENG,0,2052,1.05,0.15,1
2023-07-09,Nigel Ralphs,David Robinson,e1 david robinson,1885,E1,0.5,2049,1.77,0.72,1.5
2023-07-09,Nigel Ralphs,Guy Wagner,e1 guy wagner,1676,E1,1,2050,2.67,0.9,2.5
2023-07-10,Nigel Ralphs,Tom Brown,e1 tom brown,2149,E1,0.5,2052,3.04,0.37,3
2023-07-11,Nigel Ralphs,Emily Maton,NA,2016,ENG,1,2060,3.59,0.55,4
2023-07-11,Nigel Ralphs,Tim Kett,e1 tim kett,2192,E1,0,2055,3.9,0.31,4
2023-07-12,Nigel Ralphs,Andrew Di-Vetta,e1 andrew di-vetta,1783,E1,0,2041,4.73,0.83,4
2023-10-07,Timur Ramzan,Andrew Golley,w1 andrew golley,1679,W1,0,1165,0.1,0.1,0
2023-10-07,Timur Ramzan,Mike Hollyman,e1 mike hollyman,1746,E1,0,1160,0.2,0.1,0
2023-10-08,Timur Ramzan,Andrei Zhuravlev,e1 andrei zhuravlev,999,E1,1,1173,0.93,0.73,1
2023-10-08,Timur Ramzan,Darson Beeston,w1 darson beeston,1477,W1,0,1166,1.08,0.15,1
2023-07-04,Toby Reckless,Yavor Rogesz,e1 yavor rogesz,850,E1,1,874,0.5,0.5,1
2023-07-11,Toby Reckless,Isaac Kennedy,e1 isaac kennedy,870,E1,0.5,875,0.97,0.47,1.5
2023-09-08,Toby Reckless,Jesse Davies,g1 jesse davies,1340,G1,0,871,1.07,0.1,1.5
2023-09-09,Toby Reckless,Emma Kong,e1 emma kong,1478,E1,0,866,1.17,0.1,1.5
2023-09-10,Toby Reckless,Jonathan Dark,g1 jonathan dark,1243,G1,0,861,1.27,0.1,1.5
2023-09-10,Toby Reckless,Harri Llwyd Dafydd,e1 harri llwyd dafydd,920,E1,0,842,1.67,0.4,1.5
2023-10-07,Toby Reckless,S Wyn Howells,e1 s wyn howells,1588,E1,0.5,861,1.77,0.1,2
2023-10-07,Toby Reckless,Roy Thomas,e1 roy thomas,1743,E1,0,856,1.87,0.1,2
2023-10-08,Toby Reckless,Csege Hanczar,e1 csege hanczar,1188,E1,0,850,2,0.13,2
2023-10-08,Toby Reckless,Zack Wilkins,e1 zack wilkins,1337,E1,0,845,2.1,0.1,2
2023-11-21,Toby Reckless,Isaac Kennedy,e1 isaac kennedy,870,E1,1,871,2.57,0.47,3
2023-07-04,Mark Reckless,Ellison Smith,e1 ellison smith,1773,E1,0,1397,0.1,0.1,0
2023-07-11,Mark Reckless,Tycho Twohig,e1 tycho twohig,1412,E1,0,1381,0.58,0.48,0
2023-09-08,Mark Reckless,Ben Bickford,e1 ben bickford,1499,E1,0,1370,0.94,0.36,0
2023-09-09,Mark Reckless,Emma Kong,e1 emma kong,1478,E1,0,1357,1.33,0.39,0
2023-09-09,Mark Reckless,Andrei Zhuravlev,e1 andrei zhuravlev,999,E1,0,1328,2.23,0.9,0
2023-09-10,Mark Reckless,Harri Llwyd Dafydd,e1 harri llwyd dafydd,920,E1,0,1300,3.13,0.9,0
2023-09-10,Mark Reckless,Arush Ajai Murthy,e1 arush ajai murthy,916,E1,0,1271,4.03,0.9,0
2023-10-07,Mark Reckless,Yuxuan Wu,e1 yuxuan wu,1764,E1,0,1267,4.14,0.11,0
2023-10-07,Mark Reckless,Adam Sarwar,e1 adam sarwar,926,E1,0,1238,5.04,0.9,0
2023-10-08,Mark Reckless,Jon Tuson,d1 jon tuson,1500,D1,0,1227,5.4,0.36,0
2023-10-08,Mark Reckless,Michael Sawtell,e1 michael sawtell,1532,E1,0.5,1233,5.72,0.32,0.5
2023-11-21,Mark Reckless,Adam Sarwar,e1 adam sarwar,926,E1,1,1236,6.62,0.9,1.5
2023-07-14,Ioan Rees,Matthew Wadsworth,NA,2474,ENG,0,2340,0.32,0.32,0
2023-07-14,Ioan Rees,Ketevan Arakhamia,NA,2333,ENG,1,2345,0.83,0.51,1
2023-07-15,Ioan Rees,Andre Ventura Sousa,NA,2455,FIDE,0.5,2346,1.17,0.34,1.5
2023-07-15,Ioan Rees,Ameet Ghasi,NA,2606,ENG,0,2344,1.35,0.18,1.5
2023-07-16,Ioan Rees,Jack Rudd,NA,2361,ENG,0.5,2345,1.82,0.47,2
2023-07-17,Ioan Rees,Matthew J Turner,NA,2465,ENG,0,2341,2.15,0.33,2
2023-07-17,Ioan Rees,Jonah B Willow,NA,2494,ENG,0,2338,2.45,0.3,2
2023-07-18,Ioan Rees,Eldar Gasanov,NA,2481,FIDE,0.5,2340,2.76,0.31,2.5
2023-07-18,Ioan Rees,Frederick Waldhausen Gordon,NA,2346,SCO,0.5,2340,3.26,0.5,3
2023-09-25,Ioan Rees,John Mildenhall,NA,1945,ENG,1,2341,4.16,0.9,4
2023-11-11,Ioan Rees,Finlay Bowcott-Terry,NA,2303,ENG,0,2336,4.72,0.56,4
2023-11-12,Ioan Rees,Stephen Dishman,NA,2207,ENG,0.5,2334,5.41,0.69,4.5
2023-11-11,Ioan Rees,Finlay Bowcott-Terry,NA,2303,ENG,0,2328,5.97,0.56,4.5
2023-11-12,Ioan Rees,Stephen Dishman,NA,2207,ENG,0.5,2326,6.66,0.69,5
2023-11-29,Ioan Rees,Patrick CM Duncan,NA,2072,ENG,1,2328,7.49,0.83,6
2023-12-04,Ioan Rees,Irvin B Ortega,NA,2321,ENG,1,2333,8.02,0.53,7
2023-09-11,Gwynfor Rees,Ben Bickford,e1 ben bickford,1499,E1,1,2052,0.9,0.9,1
2023-09-25,Gwynfor Rees,Gwyn Havard,e1 gwyn havard,1855,E1,0,2040,1.65,0.75,1
2023-10-09,Gwynfor Rees,Gavin Jones,e1 gavin jones,1602,E1,0.5,2033,2.55,0.9,1.5
2023-10-23,Gwynfor Rees,Andy Basford,e1 andy basford,1533,E1,1,2035,3.45,0.9,2.5
2023-10-31,Gwynfor Rees,David Robinson,e1 david robinson,1885,E1,0.5,2031,4.17,0.72,3
2023-12-18,Gwynfor Rees,Emma Kong,e1 emma kong,1478,E1,1,2033,5.07,0.9,4
2023-09-08,Curtis Reid,Darson Beeston,w1 darson beeston,1477,W1,0,1116,0.11,0.11,0
2023-09-09,Curtis Reid,Joshua Colcombe,g1 joshua colcombe,1400,G1,0.5,1131,0.28,0.17,0.5
2023-09-10,Curtis Reid,Mateusz Gibiec,g1 mateusz gibiec,1715,G1,0,1127,0.38,0.1,0.5
2023-09-10,Curtis Reid,Mike Gale,e1 mike gale,1617,E1,1,1170,0.48,0.1,1.5
2023-09-11,Curtis Reid,Leon Jansen van Rensburg,e1 leon jansen van rensburg,1649,E1,0,1165,0.58,0.1,1.5
2023-09-18,Curtis Reid,Mike Joslin,e1 mike joslin,1351,E1,1,1203,0.79,0.21,2.5
2023-10-02,Curtis Reid,John Ryles,e1 john ryles,1521,E1,0,1198,0.89,0.1,2.5
2023-10-16,Curtis Reid,John Cox,e1 john cox,1365,E1,1,1237,1.09,0.2,3.5
2023-10-30,Curtis Reid,Kevin Stephens,e1 kevin stephens,1282,E1,0,1223,1.37,0.28,3.5
2023-11-06,Curtis Reid,Kristan Enoch,e1 kristan enoch,1454,E1,0,1217,1.5,0.13,3.5
2023-12-11,Curtis Reid,Martin Ricketts,e1 martin ricketts,1288,E1,1,1252,1.78,0.28,4.5
2023-11-14,Elijah Rhoden,Ben Hannigan,e1 ben hannigan,1234,E1,0,942,0.16,0.16,0
2023-09-04,Emir Rhouni,Tabitha Ryan,e1 tabitha ryan,1016,E1,0,884,0.34,0.34,0
2023-09-09,Emir Rhouni,Mateusz Gibiec,g1 mateusz gibiec,1715,G1,1,927,0.44,0.1,1
2023-09-09,Emir Rhouni,Jon Tuson,d1 jon tuson,1500,D1,0,922,0.54,0.1,1
2023-09-10,Emir Rhouni,Joshua McKenna,e1 joshua mckenna,1754,E1,0,917,0.64,0.1,1
2023-09-10,Emir Rhouni,Emma Kong,e1 emma kong,1478,E1,0,913,0.74,0.1,1
2023-09-18,Emir Rhouni,Csombor Hanczar,e1 csombor hanczar,1210,E1,0,906,0.88,0.14,1
2023-09-25,Emir Rhouni,Arush Ajai Murthy,e1 arush ajai murthy,916,E1,1,931,1.36,0.48,2
2023-10-07,Emir Rhouni,Deio Parri,n1 deio parri,1624,N1,0,926,1.46,0.1,2
2023-10-07,Emir Rhouni,Jeremy Jones,e1 jeremy jones,1405,E1,0,921,1.56,0.1,2
2023-10-07,Emir Rhouni,Bronwen Tuson,d1 bronwen tuson,1100,D1,0,910,1.8,0.24,2
2023-10-08,Emir Rhouni,Yat Nok Li,NA,1008,FIDE,0,893,2.15,0.35,2
2023-10-22,Emir Rhouni,Darson Beeston,w1 darson beeston,1477,W1,1,936,2.25,0.1,3
2023-10-30,Emir Rhouni,Peter Watkins,e1 peter watkins,1352,E1,0.5,955,2.35,0.1,3.5
2023-11-26,Emir Rhouni,Kristan Enoch,e1 kristan enoch,1454,E1,1,998,2.45,0.1,4.5
2023-11-28,Emir Rhouni,Steve Rigg,e1 steve rigg,862,E1,1,1020,3,0.55,5.5
2023-12-07,Emir Rhouni,Alun Smith,e1 alun smith,1708,E1,0,1015,3.1,0.1,5.5
2023-09-13,Sam Rhydderch,Reuben Hilliar,e1 reuben hilliar,861,E1,0,967,0.69,0.69,0
2023-09-20,Sam Rhydderch,Joshua McKenna,e1 joshua mckenna,1754,E1,0,962,0.79,0.1,0
2023-09-27,Sam Rhydderch,Oleksandr Zhuravel,e1 oleksandr zhuravel,850,E1,1,976,1.49,0.7,1
2023-10-04,Sam Rhydderch,Andrei Zhuravlev,e1 andrei zhuravlev,999,E1,0,952,1.99,0.5,1
2023-10-11,Sam Rhydderch,David Grant,e1 david grant,1000,E1,0,928,2.49,0.5,1
2023-10-18,Sam Rhydderch,HaoYu Yin,e1 haoyu yin,1461,E1,0,923,2.59,0.1,1
2023-11-01,Sam Rhydderch,Bill Harle,e1 bill harle,1659,E1,0,919,2.69,0.1,1
2023-11-08,Sam Rhydderch,Bertie Carvey,e1 bertie carvey,937,E1,0.5,914,3.28,0.59,1.5
2023-11-22,Sam Rhydderch,Martin Ilett,e1 martin ilett,1323,E1,0,908,3.41,0.13,1.5
2023-07-07,Gareth Richards,Emily Maton,NA,2016,ENG,0,1197,0.1,0.1,0
2023-07-08,Gareth Richards,Calum Harris,e1 calum harris,1882,E1,0,1194,0.2,0.1,0
2023-07-09,Gareth Richards,David Belochkin,e1 david belochkin,1250,E1,0.5,1196,0.63,0.43,0.5
2023-07-10,Gareth Richards,Kamran Harandi,NA,1517,ENG,0,1191,0.77,0.14,0.5
2023-07-11,Gareth Richards,Teymour Harandi,NA,1661,ENG,0,1188,0.87,0.1,0.5
2023-09-05,Gareth Richards,Csombor Hanczar,e1 csombor hanczar,1210,E1,0,1173,1.36,0.49,0.5
2023-10-17,Gareth Richards,James Pryce,e1 james pryce,987,E1,1,1180,2.13,0.77,1.5
2023-10-30,Gareth Richards,Marcus Bedwell,e1 marcus bedwell,871,E1,1,1184,3,0.87,2.5
2023-12-14,Gareth Richards,Andy Basford,e1 andy basford,1533,E1,1,1212,3.13,0.13,3.5
2023-09-11,Martin Ricketts,Peter Watkins,e1 peter watkins,1352,E1,0.5,1291,0.41,0.41,0.5
2023-09-18,Martin Ricketts,John Callan,e1 john callan,1237,E1,1,1305,0.98,0.57,1.5
2023-10-12,Martin Ricketts,Govind Anandkumar,e1 govind anandkumar,1372,E1,0,1292,1.36,0.38,1.5
2023-10-16,Martin Ricketts,Chris Peters,e1 chris peters,1560,E1,0,1287,1.53,0.17,1.5
2023-11-06,Martin Ricketts,S Wyn Howells,e1 s wyn howells,1588,E1,0,1282,1.68,0.15,1.5
2023-12-11,Martin Ricketts,Curtis Reid,e1 curtis reid,1121,E1,0,1259,2.4,0.72,1.5
2023-09-05,Steve Rigg,Gergely Hanczar,e1 gergely hanczar,1125,E1,0,853,0.18,0.18,0
2023-11-28,Steve Rigg,Emir Rhouni,e1 emir rhouni,900,E1,0,832,0.63,0.45,0
2023-07-04,Emyr Roberts,David Llewellyn,e1 david llewellyn,1874,E1,0,1629,0.2,0.2,0
2023-07-11,Emyr Roberts,Constantine Popov,e1 constantine popov,850,E1,1,1632,1.1,0.9,1
2023-07-18,Emyr Roberts,Duncan MacDonald,e1 duncan macdonald,1953,E1,0,1628,1.24,0.14,1
2023-09-05,Emyr Roberts,Suraj Prabhu,e1 suraj prabhu,1493,E1,0,1612,1.93,0.69,1
2023-10-09,Emyr Roberts,Clive Silver,e1 clive silver,1459,E1,0.5,1606,2.66,0.73,1.5
2023-10-23,Emyr Roberts,Dwain Jones,e1 dwain jones,1426,E1,0.5,1600,3.43,0.77,2
2023-11-16,Emyr Roberts,Sergio Esteves,e1 sergio esteves,1394,E1,0,1580,4.23,0.8,2
2023-11-20,Emyr Roberts,Matthew Lunnon,e1 matthew lunnon,1618,E1,1,1592,4.75,0.52,3
2023-12-14,Emyr Roberts,Emma Kong,e1 emma kong,1478,E1,1,1599,5.46,0.71,4
2023-10-23,William Roberts,Clive Silver,e1 clive silver,1459,E1,0,953,0.1,0.1,0
2023-11-20,Joseff Roberts,Adam Christopher,e1 adam christopher,1290,E1,0,855,0.1,0.1,0
2023-11-16,Aled Roberts,Mike Smith,e1 mike smith,1200,E1,1,1557,0.88,0.88,1
2023-09-06,Jude Roberts,Jeff Rowland,e1 jeff rowland,1588,E1,1,1612,0.52,0.52,1
2023-09-20,Jude Roberts,Emma Kong,e1 emma kong,1478,E1,0,1596,1.19,0.67,1
2023-09-27,Jude Roberts,Piotr Graczyk,e1 piotr graczyk,1565,E1,0,1582,1.74,0.55,1
2023-10-25,Jude Roberts,HaoYu Yin,e1 haoyu yin,1461,E1,1,1590,2.43,0.69,2
2023-11-22,Jude Roberts,Guy Wagner,e1 guy wagner,1676,E1,0,1580,2.82,0.39,2
2023-12-06,Jude Roberts,Reuben Hilliar,e1 reuben hilliar,861,E1,0,1559,3.72,0.9,2
2023-07-07,David Robinson,Jack Rudd,NA,2361,ENG,0,1883,0.1,0.1,0
2023-07-07,David Robinson,Ben Bickford,e1 ben bickford,1499,E1,0.5,1873,1,0.9,0.5
2023-07-08,David Robinson,Malcolm Probert,w1 malcolm probert,1472,W1,1,1875,1.9,0.9,1.5
2023-07-09,David Robinson,Nigel Ralphs,e1 nigel ralphs,2053,E1,0.5,1881,2.18,0.28,2
2023-07-09,David Robinson,Michael Binks,e1 michael binks,2140,E1,0.5,1888,2.37,0.19,2.5
2023-07-09,David Robinson,Michael Binks,NA,2140,FIDE,0.5,1896,2.56,0.19,3
2023-07-10,David Robinson,Dillan Duke,NA,2018,ENG,0.5,1900,2.88,0.32,3.5
2023-07-11,David Robinson,David Maloberti,NA,2064,FIDE,0,1894,3.14,0.26,3.5
2023-07-11,David Robinson,Joshua McKenna,e1 joshua mckenna,1754,E1,1,1902,3.82,0.68,4.5
2023-07-12,David Robinson,Duncan MacDonald,e1 duncan macdonald,1953,E1,0,1892,4.22,0.4,4.5
2023-09-26,David Robinson,David Rovaretti,e1 david rovaretti,1664,E1,1,1897,5,0.78,5.5
2023-10-10,David Robinson,Matthew Davies,e1 matthew davies,1935,E1,0.5,1899,5.43,0.43,6
2023-10-16,David Robinson,Ken Hannah,e1 ken hannah,1605,E1,1,1903,6.26,0.83,7
2023-10-17,David Robinson,James Pryce,e1 james pryce,987,E1,1,1905,7.16,0.9,8
2023-10-31,David Robinson,Gwynfor Rees,e1 gwynfor rees,2050,E1,0.5,1911,7.44,0.28,8.5
2023-11-06,David Robinson,Gwyn Havard,e1 gwyn havard,1855,E1,0.5,1910,7.98,0.54,9
2023-11-23,David Robinson,Peter Slater,e1 peter slater,1679,E1,1,1915,8.75,0.77,10
2023-11-26,David Robinson,Guy Wagner,e1 guy wagner,1676,E1,0,1897,9.52,0.77,10
2023-07-04,Yavor Rogesz,Toby Reckless,e1 toby reckless,850,E1,0,826,0.5,0.5,0
2023-09-26,David Rovaretti,David Robinson,e1 david robinson,1885,E1,0,1659,0.22,0.22,0
2023-10-16,David Rovaretti,Dwain Jones,e1 dwain jones,1426,E1,1,1664,1.02,0.8,1
2023-11-06,David Rovaretti,Steve Jones,e1 steve jones,1500,E1,0,1646,1.74,0.72,1
2023-11-20,David Rovaretti,Mike Gale,e1 mike gale,1617,E1,0,1633,2.31,0.57,1
2023-09-06,Jeff Rowland,Jude Roberts,e1 jude roberts,1600,E1,0,1573,0.48,0.48,0
2023-10-04,Jeff Rowland,Guy Wagner,e1 guy wagner,1676,E1,0,1561,0.86,0.38,0
2023-09-04,Tabitha Ryan,Emir Rhouni,e1 emir rhouni,900,E1,1,1032,0.66,0.66,1
2023-10-02,Tabitha Ryan,Ethan Jenkins,e1 ethan jenkins,850,E1,0,998,1.38,0.72,1
2023-09-04,Jeremy Ryan,Sergio Esteves,e1 sergio esteves,1394,E1,0.5,1575,0.75,0.75,0.5
2023-10-02,Jeremy Ryan,Mike Hollyman,e1 mike hollyman,1746,E1,1,1598,1.03,0.28,1.5
2023-10-23,Jeremy Ryan,Ken Hannah,e1 ken hannah,1605,E1,0.5,1599,1.5,0.47,2
2023-07-03,John Ryles,Sophie Wood,e1 sophie wood,850,E1,1,1524,0.9,0.9,1
2023-07-17,John Ryles,Steve Cunliffe,e1 steve cunliffe,1907,E1,0,1521,1,0.1,1
2023-07-31,John Ryles,Steve Jones,e1 steve jones,1500,E1,0.5,1520,1.53,0.53,1.5
2023-08-21,John Ryles,Dave Parsons,e1 dave parsons,1704,E1,0.5,1528,1.79,0.26,2
2023-09-04,John Ryles,Ian Abraham,e1 ian abraham,1562,E1,0,1514,2.23,0.44,2
2023-09-11,John Ryles,Steve Jones,e1 steve jones,1500,E1,0,1497,2.76,0.53,2
2023-09-25,John Ryles,Leon Jansen van Rensburg,e1 leon jansen van rensburg,1649,E1,1,1518,3.08,0.32,3
2023-10-02,John Ryles,Curtis Reid,e1 curtis reid,1121,E1,1,1522,3.98,0.9,4
2023-10-23,John Ryles,Kevin Stephens,e1 kevin stephens,1282,E1,0,1496,4.78,0.8,4
2023-11-03,John Ryles,Oliver Cumiskey,e1 oliver cumiskey,1192,E1,0.5,1484,5.65,0.87,4.5
2023-11-27,John Ryles,Csombor Hanczar,e1 csombor hanczar,1210,E1,0,1457,6.51,0.86,4.5
2023-12-11,John Ryles,Nadi Grewal,e1 nadi grewal,1178,E1,1,1461,7.39,0.88,5.5
2023-07-04,Adam Sarwar,Salvador Correa,e1 salvador correa,850,E1,1,945,0.61,0.61,1
2023-07-11,Adam Sarwar,Adam Colcombe,e1 adam colcombe,1070,E1,0,930,0.91,0.3,1
2023-07-18,Adam Sarwar,David Belochkin,e1 david belochkin,1250,E1,0,924,1.04,0.13,1
2023-07-25,Adam Sarwar,Amy Ba,NA,1149,ENG,0,913,1.26,0.22,1
2023-07-26,Adam Sarwar,Aaryan Ragam,NA,1041,ENGR,1,945,1.6,0.34,2
2023-07-26,Adam Sarwar,Lam Vy Le Nguyen,NA,1244,ENG,0,938,1.74,0.14,2
2023-07-27,Adam Sarwar,Laurence Edwards,NA,1263,ENG,0,932,1.87,0.13,2
2023-07-28,Adam Sarwar,Hector Hu,NA,1016,ENG,0,914,2.24,0.37,2
2023-07-28,Adam Sarwar,Zara Mehta,NA,990,ENG,1,943,2.65,0.41,3
2023-07-29,Adam Sarwar,Ashwin Gopikrishna,NA,881,ENG,0,916,3.21,0.56,3
2023-08-18,Adam Sarwar,Hugo Sweetman,NA,828,IRE,0,885,3.85,0.64,3
2023-08-18,Adam Sarwar,Devesh Sharma,NA,1398,EST,0,880,3.95,0.1,3
2023-08-19,Adam Sarwar,Benedikt Pitel,NA,1757,ENG,0,876,4.05,0.1,3
2023-08-19,Adam Sarwar,Hugo Sweetman,NA,828,IRE,0,845,4.69,0.64,3
2023-08-20,Adam Sarwar,Devesh Sharma,NA,1398,EST,0,840,4.79,0.1,3
2023-08-20,Adam Sarwar,Benedikt Pitel,NA,1757,ENG,0,835,4.89,0.1,3
2023-09-05,Adam Sarwar,Rhys Davies,e1 rhys davies,1000,E1,1,864,5.29,0.4,4
2023-09-09,Adam Sarwar,Tomas Forsey,g1 tomas forsey,1301,G1,0,859,5.39,0.1,4
2023-09-09,Adam Sarwar,Gryff Thomas,NA,1200,EST,1,899,5.56,0.17,5
2023-09-10,Adam Sarwar,Paul Moulson,g1 paul moulson,1402,G1,0,894,5.66,0.1,5
2023-09-10,Adam Sarwar,Jeremy Jones,e1 jeremy jones,1405,E1,0,890,5.76,0.1,5
2023-09-27,Adam Sarwar,Bertie Carvey,e1 bertie carvey,937,E1,0.5,890,6.24,0.48,5.5
2023-10-04,Adam Sarwar,Lucas Zheng,e1 lucas zheng,1104,E1,0,878,6.5,0.26,5.5
2023-10-07,Adam Sarwar,Justin Morgans,e1 justin morgans,1732,E1,0.5,897,6.6,0.1,6
2023-10-07,Adam Sarwar,Peter Quinn,e1 peter quinn,1733,E1,0,892,6.7,0.1,6
2023-10-07,Adam Sarwar,Mark Reckless,e1 mark reckless,1400,E1,1,935,6.8,0.1,7
2023-10-08,Adam Sarwar,Jeremy Jones,e1 jeremy jones,1405,E1,0,931,6.9,0.1,7
2023-10-08,Adam Sarwar,Csombor Hanczar,e1 csombor hanczar,1210,E1,0,923,7.06,0.16,7
2023-10-12,Adam Sarwar,Raga Sreya Mandadapu,e1 raga sreya mandadapu,850,E1,1,942,7.67,0.61,8
2023-10-19,Adam Sarwar,Lucas Zheng,e1 lucas zheng,1104,E1,0,929,7.93,0.26,8
2023-10-22,Adam Sarwar,Dale Westcott,w1 dale westcott,1607,W1,0,924,8.03,0.1,8
2023-11-11,Adam Sarwar,Bronwen Tuson,d1 bronwen tuson,1100,D1,0.5,935,8.3,0.27,8.5
2023-11-11,Adam Sarwar,Spencer Ripley,w1 spencer ripley,1036,W1,1,966,8.65,0.35,9.5
2023-11-12,Adam Sarwar,Andrew Powell,w1 andrew powell,1087,W1,0.5,977,8.93,0.28,10
2023-11-12,Adam Sarwar,Lucas Zheng,e1 lucas zheng,1104,E1,0,964,9.19,0.26,10
2023-11-13,Adam Sarwar,Artur Esteves,e1 artur esteves,850,E1,0.5,959,9.8,0.61,10.5
2023-11-21,Adam Sarwar,Mark Reckless,e1 mark reckless,1400,E1,0,954,9.9,0.1,10.5
2023-12-09,Adam Sarwar,Benjamin Francis,NA,1345,ENG,0,949,10,0.1,10.5
2023-12-09,Adam Sarwar,Oskar Jarynski,NA,1000,EST,0,930,10.4,0.4,10.5
2023-12-14,Adam Sarwar,Wayne Holland,e1 wayne holland,1000,E1,0,911,10.8,0.4,10.5
2023-12-28,Adam Sarwar,Malik Turaev,NA,1102,ENG,0.5,923,11.07,0.27,11
2023-12-28,Adam Sarwar,Benas Arbocius,NA,1189,ENG,0,914,11.25,0.18,11
2023-12-28,Adam Sarwar,Keerthivasan Ravisangar,NA,1046,ENG,1,946,11.58,0.33,12
2023-12-29,Adam Sarwar,William Killey,NA,1037,ENG,1,977,11.93,0.35,13
2023-12-29,Adam Sarwar,Anastasiia Shukhman,NA,1285,ENG,0,972,12.04,0.11,13
2023-12-29,Adam Sarwar,Shruthika Anandkumar,NA,1042,ENG,1,1004,12.38,0.34,14
2023-12-30,Adam Sarwar,O Aathiran Oyalood,NA,1142,ENG,1,1041,12.6,0.22,15
2023-12-30,Adam Sarwar,William Lewis,NA,1156,ENG,1,1079,12.81,0.21,16
2023-12-30,Adam Sarwar,Noam Boucard,NA,1486,ENG,0,1074,12.91,0.1,16
2023-11-02,Rohit Saseendian,Joshua McKenna,e1 joshua mckenna,1754,E1,0,1347,0.1,0.1,0
2023-11-12,Rohit Saseendian,Bill Harle,e1 bill harle,1659,E1,0,1342,0.24,0.14,0
2023-11-29,Rohit Saseendian,Reuben Hilliar,e1 reuben hilliar,861,E1,1,1345,1.14,0.9,1
2023-12-06,Rohit Saseendian,Dave McGhee,e1 dave mcghee,1643,E1,0.5,1356,1.3,0.16,1.5
2023-10-07,Michael Sawtell,Jose Camacho Collados,e1 jose camacho collados,2465,E1,0,1529,0.1,0.1,0
2023-10-07,Michael Sawtell,Csege Hanczar,e1 csege hanczar,1188,E1,0,1501,0.98,0.88,0
2023-10-07,Michael Sawtell,Reuben Hilliar,e1 reuben hilliar,861,E1,0,1472,1.88,0.9,0
2023-10-08,Michael Sawtell,Zack Wilkins,e1 zack wilkins,1337,E1,0,1448,2.63,0.75,0
2023-10-08,Michael Sawtell,Mark Reckless,e1 mark reckless,1400,E1,0.5,1442,3.31,0.68,0.5
2023-10-12,Michael Sawtell,Simon Blackmore,e1 simon blackmore,1633,E1,0,1430,3.67,0.36,0.5
2023-10-15,Michael Sawtell,Leon Zedlmayer,e1 leon zedlmayer,1790,E1,0,1425,3.85,0.18,0.5
2023-11-29,Michael Sawtell,Edward Donovan,e1 edward donovan,1895,E1,0,1421,3.96,0.11,0.5
2023-10-07,Samuele Scarpignato,Csombor Hanczar,e1 csombor hanczar,1210,E1,0.5,1602,0.9,0.9,0.5
2023-10-07,Samuele Scarpignato,Paul Moulson,g1 paul moulson,1402,G1,0,1584,1.67,0.77,0.5
2023-10-07,Samuele Scarpignato,Andrei Zhuravlev,e1 andrei zhuravlev,999,E1,1,1586,2.57,0.9,1.5
2023-10-08,Samuele Scarpignato,David Norris,g1 david norris,1509,G1,0,1571,3.21,0.64,1.5
2023-10-08,Samuele Scarpignato,S Wyn Howells,e1 s wyn howells,1588,E1,0.5,1570,3.74,0.53,2
2023-10-11,Samuele Scarpignato,Sam Jukes,e1 sam jukes,2034,E1,0,1568,3.84,0.1,2
2023-10-18,Samuele Scarpignato,Emma Kong,e1 emma kong,1478,E1,1,1575,4.52,0.68,3
2023-11-01,Samuele Scarpignato,Zack Wilkins,e1 zack wilkins,1337,E1,1,1579,5.35,0.83,4
2023-11-15,Samuele Scarpignato,Cyril Ley,e1 cyril ley,1552,E1,1,1589,5.94,0.59,5
2023-11-22,Samuele Scarpignato,Kristan Enoch,e1 kristan enoch,1454,E1,1,1596,6.65,0.71,6
2023-08-18,Ashika Shahameeran,Jennifer Feng,NA,1282,SCO,0,1225,0.44,0.44,0
2023-08-18,Ashika Shahameeran,Sophie Mehta,NA,1089,EST,1,1234,1.14,0.7,1
2023-08-19,Ashika Shahameeran,Michelle Chan,NA,1842,ENG,0,1231,1.24,0.1,1
2023-08-19,Ashika Shahameeran,Jennifer Feng,NA,1282,SCO,0.5,1233,1.68,0.44,1.5
2023-08-20,Ashika Shahameeran,Sophie Mehta,NA,1089,EST,0,1211,2.38,0.7,1.5
2023-08-20,Ashika Shahameeran,Michelle Chan,NA,1842,ENG,0,1208,2.48,0.1,1.5
2023-07-07,Yaroslav Sharhorodsky,Jeremy Menadue,NA,2058,ENG,0,1554,0.1,0.1,0
2023-08-18,Yaroslav Sharhorodsky,Joseph Morrison,NA,1828,ENG,0,1548,0.27,0.17,0
2023-08-18,Yaroslav Sharhorodsky,Jainill Vadalia,NA,1750,SCO,0,1540,0.52,0.25,0
2023-08-19,Yaroslav Sharhorodsky,George Stack,NA,1800,FIDE,0.5,1550,0.72,0.2,0.5
2023-08-19,Yaroslav Sharhorodsky,Joseph Morrison,NA,1828,ENG,0,1544,0.89,0.17,0.5
2023-08-20,Yaroslav Sharhorodsky,Jainill Vadalia,NA,1886,SCO,0.5,1556,1.02,0.13,1
2023-08-20,Yaroslav Sharhorodsky,George Stack,NA,1800,FIDE,0,1550,1.22,0.2,1
2023-09-08,Yaroslav Sharhorodsky,Andrei Zhuravlev,e1 andrei zhuravlev,999,E1,1,1553,2.12,0.9,2
2023-09-09,Yaroslav Sharhorodsky,Duncan M Macarthur,NA,1658,ENG,1,1574,2.48,0.36,3
2023-09-09,Yaroslav Sharhorodsky,Paul Mills,g1 paul mills,1528,G1,1,1588,3.02,0.54,4
2023-09-10,Yaroslav Sharhorodsky,Dave McGhee,e1 dave mcghee,1643,E1,1,1608,3.4,0.38,5
2023-09-10,Yaroslav Sharhorodsky,Ron Williams,g1 ron williams,1554,G1,1,1624,3.9,0.5,6
2023-10-07,Yaroslav Sharhorodsky,James Thomas,e1 james thomas,1991,E1,1,1653,4,0.1,7
2023-10-07,Yaroslav Sharhorodsky,Ben Thomas,e1 ben thomas,2011,E1,0,1650,4.1,0.1,7
2023-10-07,Yaroslav Sharhorodsky,Ben Thomas,e1 ben thomas,2011,E1,0,1646,4.2,0.1,7
2023-10-07,Yaroslav Sharhorodsky,Edd Chwieseni,e1 edd chwieseni,1593,E1,1,1664,4.65,0.45,8
2023-10-08,Yaroslav Sharhorodsky,Roy Thomas,e1 roy thomas,1743,E1,0.5,1672,4.91,0.26,8.5
2023-10-08,Yaroslav Sharhorodsky,Peter Quinn,e1 peter quinn,1733,E1,1,1695,5.18,0.27,9.5
2023-11-10,Yaroslav Sharhorodsky,Vismith Prabhu,w1 vismith prabhu,1335,W1,1,1702,5.96,0.78,10.5
2023-11-11,Yaroslav Sharhorodsky,Graham Ashcroft,NA,1852,ENG,1,1729,6.11,0.15,11.5
2023-11-11,Yaroslav Sharhorodsky,Scott Hammett,d1 scott hammett,1610,D1,0,1716,6.53,0.42,11.5
2023-11-12,Yaroslav Sharhorodsky,David Guy,w1 david guy,1843,W1,1,1743,6.69,0.16,12.5
2023-11-12,Yaroslav Sharhorodsky,Emma Kong,e1 emma kong,1478,E1,0.5,1739,7.3,0.61,13
2023-12-09,Yaroslav Sharhorodsky,Isaac Stanley,NA,1441,ENG,0,1718,7.96,0.66,13
2023-12-09,Yaroslav Sharhorodsky,John S Clarke,NA,1789,ENG,1,1743,8.17,0.21,14
2023-10-08,Arjan Sian,Andrew Jeanes,e1 andrew jeanes,1556,E1,0.5,1695,0.7,0.7,0.5
2023-10-26,Arjan Sian,Pete Heaven,e1 pete heaven,2097,E1,0.5,1705,0.8,0.1,1
2023-11-12,Arjan Sian,Reginald Mba,e1 reginald mba,1952,E1,0,1700,0.99,0.19,1
2023-09-04,Clive Silver,Gwawr Evans,e1 gwawr evans,874,E1,1,1462,0.9,0.9,1
2023-10-09,Clive Silver,Emyr Roberts,e1 emyr roberts,1634,E1,0.5,1470,1.17,0.27,1.5
2023-10-17,Clive Silver,Lucas Zheng,e1 lucas zheng,1104,E1,1,1473,2.06,0.89,2.5
2023-10-23,Clive Silver,William Roberts,e1 william roberts,958,E1,1,1477,2.96,0.9,3.5
2023-11-29,Clive Silver,Piotr Graczyk,e1 piotr graczyk,1565,E1,0.5,1481,3.31,0.35,4
2023-12-04,Clive Silver,Patrick Civil,e1 patrick civil,1033,E1,1,1484,4.21,0.9,5
2023-10-26,Chris Slack,Joshua McKenna,e1 joshua mckenna,1754,E1,0.5,1605,0.29,0.29,0.5
2023-11-12,Chris Slack,Guy Wagner,e1 guy wagner,1676,E1,1,1620,0.68,0.39,1.5
2023-12-10,Chris Slack,Chris Fox,e1 chris fox,1577,E1,0.5,1619,1.21,0.53,2
2023-09-07,Peter Slater,Greg Lloyd,e1 greg lloyd,1406,E1,0,1659,0.83,0.83,0
2023-09-14,Peter Slater,John McGregor,e1 john mcgregor,1886,E1,0.5,1666,1.06,0.23,0.5
2023-10-04,Peter Slater,Chris Dixon,g1 chris dixon,1719,G1,0.5,1667,1.5,0.44,1
2023-10-12,Peter Slater,Edward Donovan,e1 edward donovan,1895,E1,0,1662,1.72,0.22,1
2023-10-18,Peter Slater,Chris Morgan,g1 chris morgan,1670,G1,1,1673,2.23,0.51,2
2023-11-01,Peter Slater,Edward Donovan,e1 edward donovan,1895,E1,0,1668,2.45,0.22,2
2023-11-23,Peter Slater,David Robinson,e1 david robinson,1885,E1,0,1662,2.68,0.23,2
2023-11-27,Peter Slater,Andrew Jeanes,e1 andrew jeanes,1556,E1,0.5,1658,3.35,0.67,2.5
2023-11-29,Peter Slater,Richard Miles,g1 richard miles,1971,G1,0,1654,3.51,0.16,2.5
2023-12-06,Peter Slater,Robert Muza,g1 robert muza,1298,G1,1,1657,4.41,0.9,3.5
2023-12-13,Peter Slater,Richard Batey,g1 richard batey,1891,G1,0.5,1663,4.64,0.23,4
2023-12-14,Peter Slater,Bill Harle,e1 bill harle,1659,E1,1,1675,5.17,0.53,5
2023-12-20,Peter Slater,Mike Diamond,g1 mike diamond,1200,G1,1,1677,6.07,0.9,6
2023-09-04,John Smart,Artur Esteves,e1 artur esteves,850,E1,0.5,868,0.53,0.53,0.5
2023-09-25,John Smart,Rune Llewellyn,e1 rune llewellyn,1200,E1,0,861,0.66,0.13,0.5
2023-10-30,John Smart,Ieuan Thomas,e1 ieuan thomas,1107,E1,0,852,0.86,0.2,0.5
2023-07-07,Olivia Smith,Jeremy Jones,e1 jeremy jones,1405,E1,1,2198,0.9,0.9,1
2023-07-07,Olivia Smith,Oleg Korneev,NA,2569,ENG,0,2196,1,0.1,1
2023-07-08,Olivia Smith,Dominic V Gibbs,NA,1923,ENG,1,2199,1.83,0.83,2
2023-07-09,Olivia Smith,Jacob Boswell,NA,2275,ENG,0,2192,2.22,0.39,2
2023-07-09,Olivia Smith,Calum Harris,e1 calum harris,1882,E1,1,2195,3.08,0.86,3
2023-07-10,Olivia Smith,Ifan Rathbone-Jones,n1 ifan rathbone-jones,2038,N1,0.5,2191,3.79,0.71,3.5
2023-07-11,Olivia Smith,Benjamin Larkin,NA,2094,ENG,1,2197,4.43,0.64,4.5
2023-07-11,Olivia Smith,Michael Binks,e1 michael binks,2140,E1,1,2204,5.01,0.58,5.5
2023-07-12,Olivia Smith,Jack Rudd,NA,2361,ENG,0,2199,5.29,0.28,5.5
2023-07-22,Olivia Smith,Adam Ashton,NA,2354,ENG,0,2195,5.58,0.29,5.5
2023-07-23,Olivia Smith,Jacob Connor Boswell,NA,2275,ENG,0.5,2196,5.97,0.39,6
2023-07-24,Olivia Smith,Matthew J Payne,NA,2176,ENG,1,2204,6.5,0.53,7
2023-07-25,Olivia Smith,John Merriman,NA,2359,ENG,0,2200,6.78,0.28,7
2023-07-26,Olivia Smith,Dietmar Kolbus,NA,2364,ENG,1,2211,7.06,0.28,8
2023-07-27,Olivia Smith,Ankush Khandelwal,NA,2374,ENG,1,2223,7.32,0.26,9
2023-07-28,Olivia Smith,Borna Chatalbashev,NA,2341,FIDE,0,2218,7.62,0.3,9
2023-07-29,Olivia Smith,Trisha Kanyamarala,NA,2344,FIDE,0.5,2221,7.92,0.3,9.5
2023-07-30,Olivia Smith,Aron Saunders,NA,2255,IRE,0,2215,8.34,0.42,9.5
2023-09-09,Olivia Smith,Adam May,w1 adam may,1871,W1,1,2217,9.21,0.87,10.5
2023-09-09,Olivia Smith,Sean Gordon,NA,2091,ENG,0,2206,9.86,0.65,10.5
2023-09-10,Olivia Smith,Duncan MacDonald,e1 duncan macdonald,1953,E1,0.5,2202,10.66,0.8,11
2023-10-22,Olivia Smith,Ian Jones,w1 ian jones,1979,W1,1,2205,11.44,0.78,12
2023-11-11,Olivia Smith,Alan M Brown,NA,2028,ENG,1,2210,12.16,0.72,13
2023-11-12,Olivia Smith,Roy Hughes,NA,2052,ENG,1,2214,12.86,0.7,14
2023-12-28,Olivia Smith,Tetsuaki Sanada,NA,1993,ENG,0.5,2210,13.62,0.76,14.5
2023-12-28,Olivia Smith,Oleg Verbytski,NA,2101,ENG,0,2200,14.25,0.63,14.5
2023-12-29,Olivia Smith,Yugeon Lee,NA,1523,ENG,1,2202,15.15,0.9,15.5
2023-12-30,Olivia Smith,Henry Cove,NA,1945,ENG,0,2189,15.96,0.81,15.5
2023-07-04,Ellison Smith,Mark Reckless,e1 mark reckless,1400,E1,1,1776,0.9,0.9,1
2023-07-11,Ellison Smith,Oliver Cumiskey,e1 oliver cumiskey,1192,E1,1,1778,1.8,0.9,2
2023-07-18,Ellison Smith,Suraj Prabhu,e1 suraj prabhu,1493,E1,1,1782,2.63,0.83,3
2023-09-07,Ellison Smith,Guy Wagner,e1 guy wagner,1676,E1,1,1791,3.27,0.64,4
2023-09-08,Ellison Smith,Iwan Cave,NA,2176,ENG,0,1788,3.37,0.1,4
2023-09-09,Ellison Smith,Andrew Golley,w1 andrew golley,1679,W1,0.5,1785,4,0.63,4.5
2023-09-10,Ellison Smith,Bence Szakmany,e1 bence szakmany,1799,E1,0.5,1786,4.46,0.46,5
2023-09-10,Ellison Smith,Daniel Hilditch-Love,NA,1935,ENG,0.5,1791,4.74,0.28,5.5
2023-09-20,Ellison Smith,Peter Quinn,e1 peter quinn,1733,E1,0.5,1790,5.3,0.56,6
2023-09-28,Ellison Smith,Duncan MacDonald,e1 duncan macdonald,1953,E1,1,1808,5.56,0.26,7
2023-10-07,Ellison Smith,James Lavender,g1 james lavender,2125,G1,0,1805,5.68,0.12,7
2023-10-07,Ellison Smith,Reuben Hilliar,e1 reuben hilliar,861,E1,1,1807,6.58,0.9,8
2023-10-07,Ellison Smith,David Belochkin,e1 david belochkin,1250,E1,1,1810,7.48,0.9,9
2023-10-08,Ellison Smith,James Thomas,e1 james thomas,1991,E1,0.5,1816,7.7,0.22,9.5
2023-10-08,Ellison Smith,Dominic V Gibbs,NA,1902,ENG,0.5,1820,8.02,0.32,10
2023-10-19,Ellison Smith,Liam Penny,e1 liam penny,1748,E1,0,1808,8.56,0.54,10
2023-10-22,Ellison Smith,Zane Allford,g1 zane allford,1799,G1,0,1797,9.02,0.46,10
2023-11-02,Ellison Smith,Joseph Browse,e1 joseph browse,1738,E1,0,1783,9.57,0.55,10
2023-11-23,Ellison Smith,Edward Donovan,e1 edward donovan,1895,E1,0.5,1787,9.9,0.33,10.5
2023-11-26,Ellison Smith,Bob Moore,w1 bob moore,1853,W1,0,1778,10.29,0.39,10.5
2023-11-29,Ellison Smith,James Tapp,e1 james tapp,1974,E1,0.5,1784,10.53,0.24,11
2023-12-07,Ellison Smith,Mike Smith,e1 mike smith,1200,E1,1,1787,11.43,0.9,12
2023-09-07,Callum Smith,Tom Brown,e1 tom brown,2149,E1,0.5,1798,0.11,0.11,0.5
2023-09-08,Callum Smith,Dave Turner,g1 dave turner,1957,G1,0,1792,0.39,0.28,0.5
2023-09-08,Callum Smith,Andrew Golley,w1 andrew golley,1679,W1,0.5,1788,1.04,0.65,1
2023-09-09,Callum Smith,Kai Sandbrink,NA,1870,ENG,1,1803,1.43,0.39,2
2023-09-10,Callum Smith,Max Walker,NA,2073,ENG,0.5,1811,1.59,0.16,2.5
2023-09-10,Callum Smith,Ashley Davis,e1 ashley davis,2008,E1,1,1830,1.81,0.22,3.5
2023-09-20,Callum Smith,Alex Bullen,e1 alex bullen,2245,E1,0.5,1839,1.91,0.1,4
2023-09-28,Callum Smith,Tim Kett,e1 tim kett,2192,E1,0,1837,2.01,0.1,4
2023-10-26,Callum Smith,Mark Sayers,NA,1855,ENG,0,1827,2.42,0.41,4
2023-12-07,Callum Smith,Daniel Wilmot,e1 daniel wilmot,1869,E1,0.5,1830,2.81,0.39,4.5
2023-07-04,Alun Smith,Simon Blackmore,e1 simon blackmore,1633,E1,1,1717,0.61,0.61,1
2023-07-11,Alun Smith,David Llewellyn,e1 david llewellyn,1874,E1,1,1735,0.89,0.28,2
2023-07-18,Alun Smith,Tim Kett,e1 tim kett,2192,E1,0.5,1744,0.99,0.1,2.5
2023-09-07,Alun Smith,Bill Harle,e1 bill harle,1659,E1,0.5,1743,1.56,0.57,3
2023-09-08,Alun Smith,Alex Bullen,e1 alex bullen,2245,E1,0,1740,1.66,0.1,3
2023-09-09,Alun Smith,S Wyn Howells,e1 s wyn howells,1588,E1,1,1748,2.33,0.67,4
2023-09-10,Alun Smith,Mark Wilkins,NA,1904,FIDE,0.5,1754,2.57,0.24,4.5
2023-09-10,Alun Smith,Michael Ashworth,NA,2117,ENG,0,1752,2.67,0.1,4.5
2023-09-20,Alun Smith,Chris Fox,e1 chris fox,1577,E1,0.5,1748,3.35,0.68,5
2023-09-28,Alun Smith,John McGregor,e1 john mcgregor,1886,E1,0,1741,3.61,0.26,5
2023-10-07,Alun Smith,Zack Wilkins,e1 zack wilkins,1337,E1,1,1744,4.5,0.89,6
2023-10-07,Alun Smith,HaoYu Yin,e1 haoyu yin,1461,E1,1,1749,5.31,0.81,7
2023-10-07,Alun Smith,Ben Thomas,e1 ben thomas,2011,E1,1,1769,5.46,0.15,8
2023-10-08,Alun Smith,Jose Camacho Collados,e1 jose camacho collados,2465,E1,0,1767,5.56,0.1,8
2023-10-08,Alun Smith,James Lavender,g1 james lavender,2125,G1,0,1764,5.66,0.1,8
2023-10-19,Alun Smith,Simon Blackmore,e1 simon blackmore,1633,E1,0,1750,6.27,0.61,8
2023-11-02,Alun Smith,Dan Edwards,e1 dan edwards,1600,E1,1,1758,6.92,0.65,9
2023-11-09,Alun Smith,Raga Sreya Mandadapu,e1 raga sreya mandadapu,850,E1,1,1760,7.82,0.9,10
2023-11-23,Alun Smith,Jake Hurley,e1 jake hurley,1800,E1,0,1752,8.19,0.37,10
2023-11-26,Alun Smith,Peter Bevan,w1 peter bevan,1929,W1,1,1770,8.41,0.22,11
2023-11-29,Alun Smith,Guy Wagner,e1 guy wagner,1676,E1,0,1757,8.96,0.55,11
2023-12-07,Alun Smith,Emir Rhouni,e1 emir rhouni,900,E1,1,1760,9.86,0.9,12
2023-10-23,Mike Smith,Martin Ilett,e1 martin ilett,1323,E1,0,1189,0.33,0.33,0
2023-10-30,Mike Smith,Dave Parsons,e1 dave parsons,1704,E1,0,1186,0.43,0.1,0
2023-11-06,Mike Smith,Richard Larg,e1 richard larg,1453,E1,0.5,1196,0.62,0.19,0.5
2023-11-13,Mike Smith,David Belochkin,e1 david belochkin,1250,E1,1,1214,1.05,0.43,1.5
2023-11-16,Mike Smith,Aled Roberts,e1 aled roberts,1553,E1,0,1211,1.17,0.12,1.5
2023-11-23,Mike Smith,Joshua McKenna,e1 joshua mckenna,1754,E1,0,1208,1.27,0.1,1.5
2023-11-27,Mike Smith,Simon Blackmore,e1 simon blackmore,1633,E1,0,1204,1.37,0.1,1.5
2023-11-28,Mike Smith,Cosmin Stancu,e1 cosmin stancu,1400,E1,0,1197,1.61,0.24,1.5
2023-12-07,Mike Smith,Ellison Smith,e1 ellison smith,1773,E1,0,1193,1.71,0.1,1.5
2023-12-18,Mike Smith,Richard Larg,e1 richard larg,1453,E1,0.5,1203,1.9,0.19,2
2023-09-12,Cosmin Stancu,Anthony Williams,e1 anthony williams,1067,E1,1,1404,0.87,0.87,1
2023-10-03,Cosmin Stancu,Adam Morris,e1 adam morris,850,E1,1,1407,1.77,0.9,2
2023-10-17,Cosmin Stancu,Sam White,e1 sam white,1376,E1,1,1422,2.3,0.53,3
2023-11-28,Cosmin Stancu,Mike Smith,e1 mike smith,1200,E1,1,1430,3.06,0.76,4
2023-12-12,Cosmin Stancu,Kevin Stephens,e1 kevin stephens,1282,E1,1,1441,3.72,0.66,5
2023-09-08,Matt Staniforth,Chris Dixon,g1 chris dixon,1719,G1,1,2039,0.86,0.86,1
2023-09-09,Matt Staniforth,Keith Arkell,NA,2390,ENG,0,2037,0.98,0.12,1
2023-09-09,Matt Staniforth,Bence Szakmany,e1 bence szakmany,1799,E1,1,2041,1.78,0.8,2
2023-09-10,Matt Staniforth,Andy Hill,NA,1980,ENG,0,2031,2.36,0.58,2
2023-09-11,Kevin Stephens,Will Parkinson,e1 will parkinson,1003,E1,0.5,1271,0.83,0.83,0.5
2023-09-18,Kevin Stephens,Steve Jones,e1 steve jones,1500,E1,1,1296,1.05,0.22,1.5
2023-10-08,Kevin Stephens,Michael Hurley,e1 michael hurley,1607,E1,0,1292,1.18,0.13,1.5
2023-10-09,Kevin Stephens,Leon Jansen van Rensburg,e1 leon jansen van rensburg,1649,E1,0,1289,1.29,0.11,1.5
2023-10-11,Kevin Stephens,Angus Lloyd,e1 angus lloyd,1050,E1,1,1295,2.08,0.79,2.5
2023-10-16,Kevin Stephens,Patrick Civil,e1 patrick civil,1033,E1,0.5,1285,2.89,0.81,3
2023-10-22,Kevin Stephens,Ian Eustis,w1 ian eustis,1779,W1,1,1314,2.99,0.1,4
2023-10-23,Kevin Stephens,John Ryles,e1 john ryles,1521,E1,1,1340,3.19,0.2,5
2023-10-30,Kevin Stephens,Curtis Reid,e1 curtis reid,1121,E1,1,1349,3.91,0.72,6
2023-11-06,Kevin Stephens,Chris Fox,e1 chris fox,1577,E1,0,1344,4.06,0.15,6
2023-11-20,Kevin Stephens,Ian Abraham,e1 ian abraham,1562,E1,0,1339,4.23,0.17,6
2023-12-12,Kevin Stephens,Cosmin Stancu,e1 cosmin stancu,1400,E1,0,1328,4.57,0.34,6
2023-10-04,Charles Summers,Krzysztof Jakubiak,e1 krzysztof jakubiak,1599,E1,1,1876,0.83,0.83,1
2023-11-12,Charles Summers,Michael Hurley,e1 michael hurley,1607,E1,1,1880,1.65,0.82,2
2023-11-22,Charles Summers,Dave McGhee,e1 dave mcghee,1643,E1,0,1861,2.44,0.79,2
2023-12-06,Charles Summers,Peter Quinn,e1 peter quinn,1733,E1,0,1845,3.13,0.69,2
2023-12-14,Charles Summers,Pete Heaven,e1 pete heaven,2097,E1,0.5,1852,3.34,0.21,2.5
2023-09-09,Anshul Swamy,Mark Wilkins,NA,1904,FIDE,0,1355,0.1,0.1,0
2023-09-09,Anshul Swamy,Spencer Lawrence,NA,1809,ENG,0,1352,0.2,0.1,0
2023-09-10,Anshul Swamy,S Wyn Howells,e1 s wyn howells,1588,E1,0.5,1361,0.41,0.21,0.5
2023-09-10,Anshul Swamy,Joe Cossins-Smith,NA,1757,ENG,0.5,1374,0.51,0.1,1
2023-07-09,Bence Szakmany,Ron Williams,g1 ron williams,1554,G1,1,1804,0.8,0.8,1
2023-07-09,Bence Szakmany,Dave Turner,g1 dave turner,1957,G1,0.5,1809,1.09,0.29,1.5
2023-07-10,Bence Szakmany,Michael Binks,e1 michael binks,2140,E1,0,1806,1.21,0.12,1.5
2023-07-11,Bence Szakmany,Joshua McKenna,e1 joshua mckenna,1754,E1,0.5,1804,1.77,0.56,2
2023-07-11,Bence Szakmany,David L Roberts,NA,2031,ENG,0,1799,1.98,0.21,2
2023-07-12,Bence Szakmany,Teymour Harandi,NA,1517,ENG,1,1803,2.82,0.84,3
2023-08-18,Bence Szakmany,Sanjith Madhavan,NA,2128,SCO,0,1800,2.95,0.13,3
2023-08-18,Bence Szakmany,Kyle Pelling,NA,2030,ENG,0.5,1807,3.16,0.21,3.5
2023-08-19,Bence Szakmany,Adam Collins,NA,2114,IRE,0,1804,3.3,0.14,3.5
2023-08-19,Bence Szakmany,Sanjith Madhavan,NA,2128,SCO,0,1801,3.43,0.13,3.5
2023-08-20,Bence Szakmany,Kyle Pelling,NA,2030,ENG,0.5,1808,3.64,0.21,4
2023-08-20,Bence Szakmany,Adam Collins,NA,2114,IRE,0,1804,3.78,0.14,4
2023-09-07,Bence Szakmany,Reginald Mba,e1 reginald mba,1952,E1,0.5,1809,4.07,0.29,4.5
2023-09-08,Bence Szakmany,Michael Ashworth,NA,2117,ENG,0,1806,4.21,0.14,4.5
2023-09-08,Bence Szakmany,McKenzie Archibald,w1 mckenzie archibald,1374,W1,1,1808,5.11,0.9,5.5
2023-09-09,Bence Szakmany,Matt Staniforth,e1 matt staniforth,2037,E1,0,1803,5.31,0.2,5.5
2023-09-10,Bence Szakmany,Ellison Smith,e1 ellison smith,1773,E1,0.5,1803,5.85,0.54,6
2023-09-10,Bence Szakmany,Luis Sanchez,d1 luis sanchez,1949,D1,0,1795,6.15,0.3,6
2023-09-20,Bence Szakmany,Anezka Vlkova,e1 anezka vlkova,1936,E1,0,1788,6.46,0.31,6
2023-09-28,Bence Szakmany,Pete Heaven,e1 pete heaven,2097,E1,0,1784,6.61,0.15,6
2023-10-07,Bence Szakmany,Yat Nok Li,NA,1008,FIDE,1,1787,7.51,0.9,7
2023-10-07,Bence Szakmany,Dominic V Gibbs,NA,1902,ENG,0,1778,7.87,0.36,7
2023-10-07,Bence Szakmany,Joshua McKenna,e1 joshua mckenna,1754,E1,1,1789,8.43,0.56,8
2023-10-08,Bence Szakmany,Dale Westcott,w1 dale westcott,1607,W1,1,1795,9.18,0.75,9
2023-10-08,Bence Szakmany,Ben Thomas,e1 ben thomas,2011,E1,0.5,1801,9.41,0.23,9.5
2023-10-19,Bence Szakmany,David Llewellyn,e1 david llewellyn,1874,E1,1,1816,9.8,0.39,10.5
2023-10-22,Bence Szakmany,Roy Thomas,e1 roy thomas,1743,E1,1,1826,10.38,0.58,11.5
2023-11-02,Bence Szakmany,Michael Hurley,e1 michael hurley,1607,E1,1,1832,11.13,0.75,12.5
2023-11-23,Bence Szakmany,Sam Jukes,e1 sam jukes,2034,E1,1,1851,11.34,0.21,13.5
2023-11-26,Bence Szakmany,Andrew Gibbons,w1 andrew gibbons,1953,W1,0,1844,11.63,0.29,13.5
2023-11-29,Bence Szakmany,Derek Jones,e1 derek jones,2039,E1,0.5,1851,11.83,0.2,14
2023-12-07,Bence Szakmany,Roy Thomas,e1 roy thomas,1743,E1,1,1861,12.41,0.58,15
2023-11-09,Wilfrid Tang,Kam Choo Yin,e1 kam choo yin,1638,E1,0,845,0.1,0.1,0
2023-09-13,James Tapp,Calum Harris,e1 calum harris,1882,E1,1,1983,0.63,0.63,1
2023-10-25,James Tapp,Anezka Vlkova,e1 anezka vlkova,1936,E1,1,1994,1.18,0.55,2
2023-11-08,James Tapp,Pete Heaven,e1 pete heaven,2097,E1,0.5,1998,1.51,0.33,2.5
2023-11-15,James Tapp,Reginald Mba,e1 reginald mba,1952,E1,0.5,1997,2.04,0.53,3
2023-11-16,James Tapp,Adam Musson,w1 adam musson,2130,W1,0,1990,2.33,0.29,3
2023-11-22,James Tapp,Chris Fox,e1 chris fox,1577,E1,1,1992,3.23,0.9,4
2023-11-26,James Tapp,Neil Carter,g1 neil carter,1734,G1,1,1997,4.03,0.8,5
2023-11-29,James Tapp,Ellison Smith,e1 ellison smith,1773,E1,0.5,1991,4.79,0.76,5.5
2023-12-13,James Tapp,Edward Donovan,e1 edward donovan,1895,E1,0.5,1988,5.4,0.61,6
2023-09-08,Vince Teisar,Mike Hollyman,e1 mike hollyman,1746,E1,0,973,0.1,0.1,0
2023-09-09,Vince Teisar,Jack Bull,NA,1200,EST,1,1011,0.32,0.22,1
2023-09-09,Vince Teisar,Jesse Davies,g1 jesse davies,1340,G1,1,1053,0.43,0.11,2
2023-09-10,Vince Teisar,Jeremy Jones,e1 jeremy jones,1405,E1,1,1097,0.53,0.1,3
2023-09-10,Vince Teisar,Andrea Passariello,NA,1736,ENG,1,1140,0.63,0.1,4
2023-09-12,Vince Teisar,Oliver Baines,e1 oliver baines,850,E1,1,1155,1.31,0.68,5
2023-10-10,Vince Teisar,Rob Frame,e1 rob frame,1138,E1,1,1190,1.59,0.28,6
2023-10-24,Vince Teisar,Micah O'Toole,e1 micah o'toole,1600,E1,0,1185,1.69,0.1,6
2023-11-06,Vince Teisar,Sophie Wood,e1 sophie wood,850,E1,1,1200,2.37,0.68,7
2023-07-07,James Thomas,Peter K Wells,NA,2358,ENG,0,1988,0.11,0.11,0
2023-07-07,James Thomas,Joshua McKenna,e1 joshua mckenna,1754,E1,1,1993,0.91,0.8,1
2023-07-08,James Thomas,Tim Kett,e1 tim kett,2192,E1,0.5,2000,1.15,0.24,1.5
2023-07-09,James Thomas,McKenzie Archibald,w1 mckenzie archibald,1374,W1,1,2002,2.05,0.9,2.5
2023-07-09,James Thomas,Petr Marusenko,NA,2160,ENG,0,1995,2.32,0.27,2.5
2023-07-11,James Thomas,Duncan MacDonald,e1 duncan macdonald,1953,E1,0,1982,2.87,0.55,2.5
2023-07-11,James Thomas,Teymour Harandi,NA,1661,ENG,1,1985,3.74,0.87,3.5
2023-07-12,James Thomas,Guy Wagner,e1 guy wagner,1676,E1,1,1989,4.6,0.86,4.5
2023-09-08,James Thomas,Robert Ashworth,NA,1856,ENG,1,1996,5.29,0.69,5.5
2023-09-09,James Thomas,Alex Bullen,e1 alex bullen,2245,E1,0,1992,5.48,0.19,5.5
2023-09-09,James Thomas,Duncan MacDonald,e1 duncan macdonald,1953,E1,0,1978,6.03,0.55,5.5
2023-09-10,James Thomas,Bob Gore,NA,1678,ENG,1,1982,6.89,0.86,6.5
2023-09-10,James Thomas,Calum Harris,e1 calum harris,1882,E1,0.5,1978,7.54,0.65,7
2023-10-07,James Thomas,Yaroslav Sharhorodsky,e1 yaroslav sharhorodsky,1557,E1,0,1956,8.44,0.9,7
2023-10-07,James Thomas,Andrei Zhuravlev,e1 andrei zhuravlev,999,E1,1,1959,9.34,0.9,8
2023-10-07,James Thomas,Emma Kong,e1 emma kong,1478,E1,1,1961,10.24,0.9,9
2023-10-08,James Thomas,Ellison Smith,e1 ellison smith,1773,E1,0.5,1955,11.02,0.78,9.5
2023-10-08,James Thomas,Jeremy Jones,e1 jeremy jones,1405,E1,1,1957,11.92,0.9,10.5
2023-11-10,James Thomas,Spencer Lawrence,NA,1797,ENG,1,1963,12.67,0.75,11.5
2023-11-11,James Thomas,Oleksandr Matlak,NA,2302,ENG,0,1959,12.81,0.14,11.5
2023-11-11,James Thomas,Grigoris Sklavounos,NA,2000,ENG,0,1948,13.3,0.49,11.5
2023-11-11,James Thomas,George N Crockart,NA,1987,ENG,0.5,1948,13.81,0.51,12
2023-07-07,Roy Thomas,Alan Byron,NA,2180,ENG,0,1741,0.1,0.1,0
2023-07-07,Roy Thomas,Kamran Harandi,NA,1517,ENG,1,1746,0.89,0.79,1
2023-07-08,Roy Thomas,Dai James,e1 dai james,1858,E1,1,1762,1.23,0.34,2
2023-07-09,Roy Thomas,Oscar Pollack,NA,2198,ENG,0,1759,1.33,0.1,2
2023-07-09,Roy Thomas,Hugo Fowler,g1 hugo fowler,2109,G1,0,1757,1.44,0.11,2
2023-07-10,Roy Thomas,James C Foster,NA,2058,ENG,0,1753,1.58,0.14,2
2023-07-11,Roy Thomas,Andrew Di-Vetta,e1 andrew di-vetta,1783,E1,0,1743,2.02,0.44,2
2023-07-11,Roy Thomas,Bob Hurn,e1 bob hurn,1459,E1,1,1746,2.86,0.84,3
2023-07-12,Roy Thomas,McKenzie Archibald,w1 mckenzie archibald,1374,W1,1,1749,3.75,0.89,4
2023-09-08,Roy Thomas,Rudy van Kemenade,n1 rudy van kemenade,1993,N1,0,1744,3.94,0.19,4
2023-09-09,Roy Thomas,Russell Dodington,e1 russell dodington,1678,E1,1,1754,4.53,0.59,5
2023-09-09,Roy Thomas,Richard Batey,g1 richard batey,1891,G1,0.5,1759,4.83,0.3,5.5
2023-09-10,Roy Thomas,Richard Miles,g1 richard miles,1971,G1,0,1754,5.04,0.21,5.5
2023-09-10,Roy Thomas,David Morgan,NA,1683,ENG,1,1764,5.63,0.59,6.5
2023-09-11,Roy Thomas,Stuart Enoch,e1 stuart enoch,1337,E1,1,1766,6.53,0.9,7.5
2023-09-13,Roy Thomas,Gareth Quinn,e1 gareth quinn,1800,E1,0.5,1768,6.95,0.42,8
2023-09-23,Roy Thomas,James Clark,NA,1633,ENG,0,1753,7.6,0.65,8
2023-09-23,Roy Thomas,Sandra G Blackburn,n1 sandra g blackburn,1593,N1,1,1760,8.3,0.7,9
2023-09-24,Roy Thomas,Mike Hollyman,e1 mike hollyman,1746,E1,1,1772,8.8,0.5,10
2023-09-24,Roy Thomas,James Holyhead,NA,1701,ENG,1,1782,9.36,0.56,11
2023-10-03,Roy Thomas,Dave McGhee,e1 dave mcghee,1643,E1,0,1767,10,0.64,11
2023-10-07,Roy Thomas,Csombor Hanczar,e1 csombor hanczar,1210,E1,0.5,1757,10.9,0.9,11.5
2023-10-07,Roy Thomas,Toby Reckless,e1 toby reckless,850,E1,1,1760,11.8,0.9,12.5
2023-10-08,Roy Thomas,Yaroslav Sharhorodsky,e1 yaroslav sharhorodsky,1557,E1,0.5,1754,12.54,0.74,13
2023-10-08,Roy Thomas,David Norris,g1 david norris,1509,G1,0,1735,13.33,0.79,13
2023-10-22,Roy Thomas,Bence Szakmany,e1 bence szakmany,1799,E1,0,1725,13.75,0.42,13
2023-11-10,Roy Thomas,Jason Garcia,w1 jason garcia,2026,W1,0,1721,13.91,0.16,13
2023-11-11,Roy Thomas,Donovan Sipho,w1 donovan sipho,1712,W1,1,1732,14.45,0.54,14
2023-11-11,Roy Thomas,Roy Hare,NA,1674,ENG,1,1741,15.05,0.6,15
2023-11-12,Roy Thomas,Andrew Gibbons,w1 andrew gibbons,1953,W1,0.5,1748,15.28,0.23,15.5
2023-11-12,Roy Thomas,Tim Kett,e1 tim kett,2192,E1,0,1746,15.38,0.1,15.5
2023-11-23,Roy Thomas,Pete Heaven,e1 pete heaven,2097,E1,0.5,1755,15.5,0.12,16
2023-11-27,Roy Thomas,Lef Zografos,e1 lef zografos,1728,E1,0.5,1754,16.02,0.52,16.5
2023-12-04,Roy Thomas,Andy Basford,e1 andy basford,1533,E1,1,1760,16.79,0.77,17.5
2023-12-07,Roy Thomas,Bence Szakmany,e1 bence szakmany,1799,E1,0,1750,17.21,0.42,17.5
2023-12-12,Roy Thomas,Andrew Di-Vetta,e1 andrew di-vetta,1783,E1,1,1763,17.65,0.44,18.5
2023-10-09,Ieuan Thomas,Mike White,e1 mike white,909,E1,0.5,1095,0.76,0.76,0.5
2023-10-30,Ieuan Thomas,John Smart,e1 john smart,869,E1,1,1104,1.56,0.8,1.5
2023-11-06,Ieuan Thomas,Bob Owen,e1 bob owen,1294,E1,0,1092,1.81,0.25,1.5
2023-10-07,Ben Thomas,Stephen Williams (Tre),n1 stephen williams (tre),1670,N1,1,2013,0.88,0.88,1
2023-10-07,Ben Thomas,Yaroslav Sharhorodsky,e1 yaroslav sharhorodsky,1557,E1,1,2015,1.78,0.9,2
2023-10-07,Ben Thomas,Yaroslav Sharhorodsky,e1 yaroslav sharhorodsky,1557,E1,1,2016,2.68,0.9,3
2023-10-07,Ben Thomas,Alun Smith,e1 alun smith,1708,E1,0,2003,3.53,0.85,3
2023-10-08,Ben Thomas,Malcolm Probert,w1 malcolm probert,1472,W1,1,2004,4.43,0.9,4
2023-10-08,Ben Thomas,Bence Szakmany,e1 bence szakmany,1799,E1,0.5,2000,5.2,0.77,4.5
2023-11-10,Ben Thomas,Sean Gordon,NA,2128,ENG,1,2010,5.54,0.34,5.5
2023-11-11,Ben Thomas,Jasper Tambini,NA,2033,ENG,0,2003,6.01,0.47,5.5
2023-11-11,Ben Thomas,Max Walker,NA,2087,ENG,0,1997,6.4,0.39,5.5
2023-11-11,Ben Thomas,William Adaway,NA,2001,ENG,0,1988,6.91,0.51,5.5
2023-10-04,David Tibbs,Michael Arribas-Ayllon,e1 michael arribas-ayllon,1624,E1,0,1428,0.25,0.25,0
2023-11-22,David Tibbs,Ken Hannah,e1 ken hannah,1605,E1,0,1419,0.52,0.27,0
2023-09-23,Grzegorz Toczek,Zbigniew Robak,NA,2182,FIDE,0.5,2321,0.69,0.69,0.5
2023-09-24,Grzegorz Toczek,Michal Luch,NA,2333,FIDE,0.5,2321,1.18,0.49,1
2023-09-25,Grzegorz Toczek,Piotr Goluch,NA,2314,FIDE,0,2316,1.69,0.51,1
2023-09-26,Grzegorz Toczek,Mikkel Manosri Jacobsen,NA,2321,FIDE,1,2321,2.19,0.5,2
2023-09-27,Grzegorz Toczek,Dawid Czerw,NA,2400,FIDE,0.5,2322,2.58,0.39,2.5
2023-09-28,Grzegorz Toczek,Bartlomiej Turski,NA,2334,FIDE,0.5,2322,3.06,0.48,3
2023-09-29,Grzegorz Toczek,Grzegorz Protaziuk,NA,2340,FIDE,0.5,2323,3.54,0.48,3.5
2023-09-30,Grzegorz Toczek,Antoni Paprocki,NA,2161,FIDE,0.5,2320,4.26,0.72,4
2023-10-01,Grzegorz Toczek,Artem Padalka,NA,2181,FIDE,1,2323,4.95,0.69,5
2023-10-22,Grzegorz Toczek,Daniel Kozusek,e1 daniel kozusek,2427,E1,0.5,2325,5.3,0.35,5.5
2023-11-26,Grzegorz Toczek,Peter Varley,g1 peter varley,2168,G1,1,2328,6.01,0.71,6.5
2023-10-05,David Tomboline,Chris John Evans,NA,1827,ENG,0.5,1972,0.7,0.7,0.5
2023-10-16,David Tomboline,Jem Gurner,NA,2075,ENG,0.5,1975,1.06,0.36,1
2023-11-04,David Tomboline,Matthew A Holmes,NA,1804,ENG,1,1982,1.79,0.73,2
2023-11-04,David Tomboline,Jeffrey Bryant,NA,1696,ENG,0.5,1974,2.62,0.83,2.5
2023-11-05,David Tomboline,Mark RA Murrell,NA,1820,ENG,0,1957,3.33,0.71,2.5
2023-11-05,David Tomboline,Sebastien Chua,NA,1980,ENG,0,1945,3.83,0.5,2.5
2023-11-19,David Tomboline,Ruqayyah Rida,NA,2024,ENG,0.5,1946,4.26,0.43,3
2023-11-20,David Tomboline,Graham Cole,NA,1803,ENG,0.5,1941,4.99,0.73,3.5
2023-11-11,John Trevelyan,Kevin J Williamson,NA,1852,ENG,1,1966,0.65,0.65,1
2023-11-12,John Trevelyan,Luis Sanchez,d1 luis sanchez,1949,D1,0.5,1966,1.16,0.51,1.5
2023-10-17,Nathan Trickey,Tomos Bryant,e1 tomos bryant,850,E1,0,1360,0.9,0.9,0
2023-10-24,Nathan Trickey,Bill Hunt,e1 bill hunt,1766,E1,0,1357,1,0.1,0
2023-07-04,Tycho Twohig,Ellis Jones,e1 ellis jones,884,E1,1,1415,0.9,0.9,1
2023-07-11,Tycho Twohig,Mark Reckless,e1 mark reckless,1400,E1,1,1431,1.42,0.52,2
2023-10-25,Oliver Van Halden,Sam Jukes,e1 sam jukes,2034,E1,0,1095,0.1,0.1,0
2023-11-15,Oliver Van Halden,HaoYu Yin,e1 haoyu yin,1461,E1,1,1138,0.21,0.11,1
2023-07-03,John Velda,Tomos Ilett,e1 tomos ilett,973,E1,0,1130,0.75,0.75,0
2023-07-17,John Velda,Martin Ilett,e1 martin ilett,1323,E1,0,1116,1.04,0.29,0
2023-07-31,John Velda,Tim Bowers,e1 tim bowers,900,E1,1,1125,1.86,0.82,1
2023-08-21,John Velda,Dave Mahoney,e1 dave mahoney,993,E1,1,1138,2.59,0.73,2
2023-09-11,John Velda,Gareth Harding,e1 gareth harding,1658,E1,0.5,1157,2.69,0.1,2.5
2023-09-18,John Velda,Erion Pici,e1 erion pici,1206,E1,0,1135,3.13,0.44,2.5
2023-10-09,John Velda,Dave Parsons,e1 dave parsons,1704,E1,0,1131,3.23,0.1,2.5
2023-11-06,John Velda,Tim Whitchurch,e1 tim whitchurch,1317,E1,0,1117,3.53,0.3,2.5
2023-11-27,John Velda,Csege Hanczar,e1 csege hanczar,1188,E1,1,1142,4,0.47,3.5
2023-09-20,Anezka Vlkova,Bence Szakmany,e1 bence szakmany,1799,E1,1,1943,0.69,0.69,1
2023-10-18,Anezka Vlkova,Sam Jukes,e1 sam jukes,2034,E1,0.5,1947,1.05,0.36,1.5
2023-10-22,Anezka Vlkova,Andrew Gibbons,w1 andrew gibbons,1953,W1,0,1935,1.53,0.48,1.5
2023-10-25,Anezka Vlkova,James Tapp,e1 james tapp,1974,E1,0,1925,1.98,0.45,1.5
2023-11-06,Anezka Vlkova,Dai James,e1 dai james,1858,E1,1,1934,2.59,0.61,2.5
2023-11-15,Anezka Vlkova,Georgi Korovski,e1 georgi korovski,1824,E1,0,1918,3.25,0.66,2.5
2023-12-06,Anezka Vlkova,Reginald Mba,e1 reginald mba,1952,E1,0.5,1919,3.73,0.48,3
2023-12-10,Anezka Vlkova,Joseph Browse,e1 joseph browse,1738,E1,1,1925,4.49,0.76,4
2023-07-07,Guy Wagner,Joakim Nilsson,NA,2176,FIDE,0.5,1686,0.1,0.1,0.5
2023-07-07,Guy Wagner,David Maloberti,NA,2064,FIDE,1,1707,0.2,0.1,1.5
2023-07-08,Guy Wagner,Tom Brown,e1 tom brown,2149,E1,0,1705,0.3,0.1,1.5
2023-07-09,Guy Wagner,Dillan Duke,NA,2018,ENG,0.5,1714,0.42,0.12,2
2023-07-09,Guy Wagner,Nigel Ralphs,e1 nigel ralphs,2053,E1,0,1711,0.52,0.1,2
2023-07-10,Guy Wagner,Teymour Harandi,NA,1661,ENG,1,1723,1.04,0.52,3
2023-07-11,Guy Wagner,James C Foster,NA,2058,ENG,0,1720,1.14,0.1,3
2023-07-11,Guy Wagner,McKenzie Archibald,w1 mckenzie archibald,1374,W1,1,1724,1.99,0.85,4
2023-07-12,Guy Wagner,James Thomas,e1 james thomas,1991,E1,0,1721,2.13,0.14,4
2023-09-07,Guy Wagner,Ellison Smith,e1 ellison smith,1773,E1,0,1712,2.49,0.36,4
2023-09-20,Guy Wagner,Jake Hurley,e1 jake hurley,1800,E1,1,1728,2.82,0.33,5
2023-09-27,Guy Wagner,Dave McGhee,e1 dave mcghee,1643,E1,0,1715,3.37,0.55,5
2023-10-04,Guy Wagner,Jeff Rowland,e1 jeff rowland,1588,E1,1,1724,3.99,0.62,6
2023-11-08,Guy Wagner,David Llewellyn,e1 david llewellyn,1874,E1,0.5,1730,4.23,0.24,6.5
2023-11-12,Guy Wagner,Chris Slack,e1 chris slack,1600,E1,0,1716,4.84,0.61,6.5
2023-11-16,Guy Wagner,Lef Zografos,e1 lef zografos,1728,E1,1,1729,5.27,0.43,7.5
2023-11-22,Guy Wagner,Jude Roberts,e1 jude roberts,1600,E1,1,1739,5.88,0.61,8.5
2023-11-26,Guy Wagner,David Robinson,e1 david robinson,1885,E1,1,1757,6.11,0.23,9.5
2023-11-29,Guy Wagner,Alun Smith,e1 alun smith,1708,E1,1,1770,6.56,0.45,10.5
2023-12-06,Guy Wagner,Bill Harle,e1 bill harle,1659,E1,1,1782,7.08,0.52,11.5
2023-12-14,Guy Wagner,John McGregor,e1 john mcgregor,1886,E1,0,1776,7.31,0.23,11.5
2023-07-03,Peter Watkins,Dave Parsons,e1 dave parsons,1704,E1,0,1348,0.12,0.12,0
2023-07-31,Peter Watkins,Sam White,e1 sam white,1376,E1,0.5,1349,0.59,0.47,0.5
2023-09-11,Peter Watkins,Martin Ricketts,e1 martin ricketts,1288,E1,0.5,1346,1.18,0.59,1
2023-09-18,Peter Watkins,Martin Ilett,e1 martin ilett,1323,E1,0.5,1345,1.72,0.54,1.5
2023-10-30,Peter Watkins,Emir Rhouni,e1 emir rhouni,900,E1,0.5,1332,2.62,0.9,2
2023-09-21,Tim Whitchurch,Ethan Jenkins,e1 ethan jenkins,850,E1,1,1320,0.9,0.9,1
2023-10-03,Tim Whitchurch,Rob Frame,e1 rob frame,1138,E1,1,1329,1.64,0.74,2
2023-11-06,Tim Whitchurch,John Velda,e1 john velda,1166,E1,1,1338,2.34,0.7,3
2023-07-03,Sam White,Ken Hannah,e1 ken hannah,1605,E1,0.5,1385,0.21,0.21,0.5
2023-07-31,Sam White,Peter Watkins,e1 peter watkins,1352,E1,0.5,1384,0.74,0.53,1
2023-08-21,Sam White,Ian Abraham,e1 ian abraham,1562,E1,0.5,1392,1,0.26,1.5
2023-09-04,Sam White,Martin Ilett,e1 martin ilett,1323,E1,0,1374,1.58,0.58,1.5
2023-10-17,Sam White,Cosmin Stancu,e1 cosmin stancu,1400,E1,0,1359,2.05,0.47,1.5
2023-12-11,Sam White,Patrick Civil,e1 patrick civil,1033,E1,0,1331,2.93,0.88,1.5
2023-07-03,Mike White,Tim Bowers,e1 tim bowers,900,E1,1,932,0.51,0.51,1
2023-07-31,Mike White,Ian Abraham,e1 ian abraham,1562,E1,0,928,0.61,0.1,1
2023-09-11,Mike White,Roland Humphries,e1 roland humphries,1246,E1,0,922,0.74,0.13,1
2023-09-18,Mike White,Steve Maguire,e1 steve maguire,946,E1,1,948,1.19,0.45,2
2023-10-09,Mike White,Ieuan Thomas,e1 ieuan thomas,1107,E1,0.5,960,1.43,0.24,2.5
2023-10-30,Mike White,Brendan Donovan,e1 brendan donovan,900,E1,1,984,1.94,0.51,3.5
2023-11-16,Mike White,Mabon Hanczar,e1 mabon hanczar,936,E1,1,1010,2.4,0.46,4.5
2023-11-20,Mike White,Liam Hayles,e1 liam hayles,900,E1,0,985,2.91,0.51,4.5
2023-09-06,Zack Wilkins,Martin Blackman-Siegler,e1 martin blackman-siegler,1050,E1,1,1342,0.84,0.84,1
2023-09-08,Zack Wilkins,Andrew Di-Vetta,e1 andrew di-vetta,1783,E1,0,1339,0.94,0.1,1
2023-09-09,Zack Wilkins,Bronwen Tuson,d1 bronwen tuson,1100,D1,1,1345,1.74,0.8,2
2023-09-09,Zack Wilkins,Constantine Popov,e1 constantine popov,850,E1,1,1349,2.64,0.9,3
2023-09-10,Zack Wilkins,Simon Blackmore,e1 simon blackmore,1633,E1,1,1376,2.79,0.15,4
2023-09-10,Zack Wilkins,Paul Mills,g1 paul mills,1528,G1,0,1368,3.04,0.25,4
2023-09-27,Zack Wilkins,Joe Fathallah,e1 joe fathallah,2080,E1,0,1365,3.14,0.1,4
2023-10-04,Zack Wilkins,Peter Quinn,e1 peter quinn,1733,E1,0,1361,3.24,0.1,4
2023-10-07,Zack Wilkins,Alun Smith,e1 alun smith,1708,E1,0,1358,3.35,0.11,4
2023-10-07,Zack Wilkins,Malcolm Probert,w1 malcolm probert,1472,W1,0,1348,3.66,0.31,4
2023-10-07,Zack Wilkins,Jon Tuson,d1 jon tuson,1500,D1,0,1339,3.94,0.28,4
2023-10-08,Zack Wilkins,Michael Sawtell,e1 michael sawtell,1532,E1,1,1363,4.19,0.25,5
2023-10-08,Zack Wilkins,Toby Reckless,e1 toby reckless,850,E1,1,1366,5.09,0.9,6
2023-10-11,Zack Wilkins,Will Parkinson,e1 will parkinson,1003,E1,1,1370,5.96,0.87,7
2023-11-01,Zack Wilkins,Samuele Scarpignato,e1 samuele scarpignato,1612,E1,0,1365,6.13,0.17,7
2023-12-06,Zack Wilkins,David Grant,e1 david grant,1000,E1,0,1337,7,0.87,7
2023-07-04,Gavin Williams,Joshua McKenna,e1 joshua mckenna,1754,E1,1,1646,0.33,0.33,1
2023-07-18,Gavin Williams,David Llewellyn,e1 david llewellyn,1874,E1,0,1641,0.53,0.2,1
2023-09-05,James Williams,Csege Hanczar,e1 csege hanczar,1188,E1,1,1135,0.38,0.38,1
2023-09-08,James Williams,Kevin Chojnacki,NA,1668,ENG,1,1178,0.48,0.1,2
2023-09-09,James Williams,Darson Beeston,w1 darson beeston,1477,W1,0,1173,0.59,0.11,2
2023-09-09,James Williams,Mike Hollyman,e1 mike hollyman,1746,E1,1,1216,0.69,0.1,3
2023-09-10,James Williams,Steve Jones,e1 steve jones,1500,E1,0,1211,0.79,0.1,3
2023-09-10,James Williams,Joseph Fearnhead,NA,1295,ENG,0,1199,1.04,0.25,3
2023-09-21,James Williams,Zhouyi Gao,e1 zhouyi gao,850,E1,1,1208,1.85,0.81,4
2023-10-02,James Williams,Erion Pici,e1 erion pici,1206,E1,0.5,1215,2.21,0.36,4.5
2023-10-30,James Williams,Patrick Civil,e1 patrick civil,1033,E1,1,1234,2.81,0.6,5.5
2023-12-14,James Williams,Suraj Prabhu,e1 suraj prabhu,1493,E1,0,1229,2.91,0.1,5.5
2023-09-12,Anthony Williams,Cosmin Stancu,e1 cosmin stancu,1400,E1,0,1061,0.13,0.13,0
2023-09-21,Anthony Williams,Julian Jeczalik,e1 julian jeczalik,850,E1,1,1072,0.91,0.78,1
2023-10-02,Anthony Williams,David Murphy,e1 david murphy,1000,E1,0,1043,1.51,0.6,1
2023-11-28,Anthony Williams,Brendan Donovan,e1 brendan donovan,900,E1,1,1056,2.23,0.72,2
2023-12-14,Anthony Williams,Lucas Zheng,e1 lucas zheng,1104,E1,0,1035,2.68,0.45,2
2023-09-11,Daniel Wilmot,Kristan Enoch,e1 kristan enoch,1454,E1,1,1871,0.9,0.9,1
2023-09-13,Daniel Wilmot,Reginald Mba,e1 reginald mba,1952,E1,0,1862,1.28,0.38,1
2023-09-18,Daniel Wilmot,Mike Gale,e1 mike gale,1617,E1,1,1867,2.09,0.81,2
2023-10-03,Daniel Wilmot,Georgi Korovski,e1 georgi korovski,1824,E1,1,1877,2.65,0.56,3
2023-10-08,Daniel Wilmot,Rufus Long,e1 rufus long,1820,E1,0,1864,3.22,0.57,3
2023-10-09,Daniel Wilmot,Jonathan Gilbert,g1 jonathan gilbert,2031,G1,1,1881,3.5,0.28,4
2023-10-22,Daniel Wilmot,Duncan MacDonald,e1 duncan macdonald,1953,E1,0,1872,3.88,0.38,4
2023-10-23,Daniel Wilmot,Steve Cunliffe,e1 steve cunliffe,1907,E1,1,1885,4.33,0.45,5
2023-10-30,Daniel Wilmot,Dwain Jones,e1 dwain jones,1426,E1,1,1887,5.23,0.9,6
2023-11-06,Daniel Wilmot,Alex Bullen,e1 alex bullen,2245,E1,1,1909,5.33,0.1,7
2023-11-23,Daniel Wilmot,Tim Kett,e1 tim kett,2192,E1,0,1906,5.46,0.13,7
2023-11-27,Daniel Wilmot,Adam Musson,w1 adam musson,2130,W1,0,1901,5.64,0.18,7
2023-12-04,Daniel Wilmot,Kam Choo Yin,e1 kam choo yin,1638,E1,0,1882,6.43,0.79,7
2023-12-07,Daniel Wilmot,Callum Smith,e1 callum smith,1789,E1,0.5,1880,7.04,0.61,7.5
2023-07-03,Sophie Wood,John Ryles,e1 john ryles,1521,E1,0,845,0.1,0.1,0
2023-07-31,Sophie Wood,Dave Mahoney,e1 dave mahoney,993,E1,0,831,0.41,0.31,0
2023-09-11,Sophie Wood,Ethan Jenkins,e1 ethan jenkins,850,E1,0,807,0.91,0.5,0
2023-09-18,Sophie Wood,Tomos Ilett,e1 tomos ilett,973,E1,0,791,1.24,0.33,0
2023-10-09,Sophie Wood,Tim Bowers,e1 tim bowers,900,E1,1,818,1.67,0.43,1
2023-11-06,Sophie Wood,Vince Teisar,e1 vince teisar,978,E1,0,803,1.99,0.32,1
2023-11-27,Sophie Wood,Mabon Hanczar,e1 mabon hanczar,936,E1,0,784,2.37,0.38,1
2023-09-08,Yuxuan Wu,Sam Jukes,e1 sam jukes,2034,E1,0,1760,0.17,0.17,0
2023-09-08,Yuxuan Wu,Daniel Hilditch-Love,NA,1935,ENG,0.5,1765,0.44,0.27,0.5
2023-09-09,Yuxuan Wu,Jack Hannigan,e1 jack hannigan,1393,E1,1,1768,1.33,0.89,1.5
2023-09-10,Yuxuan Wu,Luis Sanchez,d1 luis sanchez,1949,D1,1,1786,1.59,0.26,2.5
2023-09-10,Yuxuan Wu,Alan Young,w1 alan young,2125,W1,0.5,1795,1.7,0.11,3
2023-10-07,Yuxuan Wu,Mark Reckless,e1 mark reckless,1400,E1,1,1798,2.59,0.89,4
2023-10-07,Yuxuan Wu,Paul Moulson,g1 paul moulson,1402,G1,1,1800,3.48,0.89,5
2023-10-08,Yuxuan Wu,Sam Jukes,e1 sam jukes,2034,E1,1,1820,3.65,0.17,6
2023-10-08,Yuxuan Wu,Tim Kett,e1 tim kett,2192,E1,0,1818,3.75,0.1,6
2023-09-13,Adnan Yilmaz,Piotr Graczyk,e1 piotr graczyk,1565,E1,0,845,0.1,0.1,0
2023-09-27,Adnan Yilmaz,HaoYu Yin,e1 haoyu yin,1461,E1,0.5,864,0.2,0.1,0.5
2023-10-04,Adnan Yilmaz,Oleksandr Zhuravel,e1 oleksandr zhuravel,850,E1,0,840,0.7,0.5,0.5
2023-09-20,HaoYu Yin,Oleksandr Zhuravel,e1 oleksandr zhuravel,850,E1,1,1464,0.9,0.9,1
2023-09-27,HaoYu Yin,Adnan Yilmaz,e1 adnan yilmaz,850,E1,0.5,1451,1.8,0.9,1.5
2023-10-04,HaoYu Yin,Kristan Enoch,e1 kristan enoch,1454,E1,0,1435,2.31,0.51,1.5
2023-10-07,HaoYu Yin,Malcolm Probert,w1 malcolm probert,1472,W1,1,1452,2.79,0.48,2.5
2023-10-07,HaoYu Yin,Alun Smith,e1 alun smith,1708,E1,0,1445,2.98,0.19,2.5
2023-10-08,HaoYu Yin,Mike Gale,e1 mike gale,1617,E1,0,1436,3.27,0.29,2.5
2023-10-08,HaoYu Yin,Edd Chwieseni,e1 edd chwieseni,1593,E1,0,1426,3.59,0.32,2.5
2023-10-18,HaoYu Yin,Sam Rhydderch,e1 sam rhydderch,1000,E1,1,1429,4.49,0.9,3.5
2023-10-25,HaoYu Yin,Jude Roberts,e1 jude roberts,1600,E1,0,1419,4.8,0.31,3.5
2023-11-15,HaoYu Yin,Oliver Van Halden,e1 oliver van halden,1100,E1,0,1391,5.69,0.89,3.5
2023-12-06,HaoYu Yin,Piotr Graczyk,e1 piotr graczyk,1565,E1,0,1379,6.04,0.35,3.5
2023-10-04,Leon Zedlmayer,Piotr Graczyk,e1 piotr graczyk,1565,E1,1,1795,0.79,0.79,1
2023-10-15,Leon Zedlmayer,Michael Sawtell,e1 michael sawtell,1532,E1,1,1800,1.61,0.82,2
2023-10-22,Leon Zedlmayer,Mark Thomas,w1 mark thomas,1802,W1,0,1788,2.09,0.48,2
2023-07-04,Lucas Zheng,Raga Sreya Mandadapu,e1 raga sreya mandadapu,850,E1,1,1113,0.81,0.81,1
2023-07-07,Lucas Zheng,Adam Amirthanathan,NA,796,ENG,1,1120,1.66,0.85,2
2023-07-08,Lucas Zheng,Yichen Xiong,NA,1157,ENG,0,1100,2.08,0.42,2
2023-07-08,Lucas Zheng,Liubava Maksak,NA,845,ENG,1,1108,2.9,0.82,3
2023-07-09,Lucas Zheng,Aahna Kilambi,NA,1017,ENG,1,1127,3.52,0.62,4
2023-07-09,Lucas Zheng,Varshyth Vinoth,NA,1025,ENG,0,1097,4.13,0.61,4
2023-07-11,Lucas Zheng,Simon Blackmore,e1 simon blackmore,1633,E1,0,1092,4.23,0.1,4
2023-07-18,Lucas Zheng,Thomas Jackson,e1 thomas jackson,874,E1,1,1102,5.02,0.79,5
2023-07-25,Lucas Zheng,Anvay Makarabbi,NA,1223,ENG,0,1086,5.36,0.34,5
2023-07-26,Lucas Zheng,Miheli Gunarathne,NA,982,ENG,0,1054,6.03,0.67,5
2023-07-26,Lucas Zheng,Shlok Lath,NA,838,ENG,1,1063,6.85,0.82,6
2023-07-27,Lucas Zheng,Jasper Mun,NA,736,ENGR,1,1068,7.74,0.89,7
2023-07-28,Lucas Zheng,Advik Saxena,NA,1103,ENG,0,1044,8.24,0.5,7
2023-07-28,Lucas Zheng,Ronak Sandhu,NA,994,ENG,1,1061,8.89,0.65,8
2023-07-29,Lucas Zheng,Oscar Qin,NA,858,ENG,1,1070,9.69,0.8,9
2023-08-18,Lucas Zheng,Darragh Greenan,NA,1609,FIDE,0.5,1089,9.79,0.1,9.5
2023-08-18,Lucas Zheng,Vedanth Vikram,NA,1350,EST,0.5,1104,9.99,0.2,10
2023-08-19,Lucas Zheng,Adam Sefton,NA,1803,ENG,0,1099,10.09,0.1,10
2023-08-19,Lucas Zheng,Darragh Greenan,NA,1609,FIDE,0,1094,10.19,0.1,10
2023-08-20,Lucas Zheng,Vedanth Vikram,NA,1350,EST,0,1085,10.39,0.2,10
2023-08-20,Lucas Zheng,Adam Sefton,NA,1803,ENG,0,1080,10.49,0.1,10
2023-09-14,Lucas Zheng,Jeremy Jones,e1 jeremy jones,1405,E1,1,1121,10.64,0.15,11
2023-10-04,Lucas Zheng,Adam Sarwar,e1 adam sarwar,926,E1,1,1133,11.38,0.74,12
2023-10-12,Lucas Zheng,Ellis Jones,e1 ellis jones,884,E1,0,1096,12.16,0.78,12
2023-10-17,Lucas Zheng,Clive Silver,e1 clive silver,1459,E1,0,1091,12.27,0.11,12
2023-10-19,Lucas Zheng,Adam Sarwar,e1 adam sarwar,926,E1,1,1103,13.01,0.74,13
2023-10-25,Lucas Zheng,Martin Blackman-Siegler,e1 martin blackman-siegler,1050,E1,0,1075,13.59,0.58,13
2023-11-09,Lucas Zheng,Liam Penny,e1 liam penny,1748,E1,0,1071,13.69,0.1,13
2023-11-10,Lucas Zheng,William Francis,w1 william francis,850,W1,1,1080,14.5,0.81,14
2023-11-11,Lucas Zheng,Steve Maguire,e1 steve maguire,946,E1,1,1093,15.21,0.71,15
2023-11-11,Lucas Zheng,Kedar Walke,NA,1556,ENG,0,1089,15.31,0.1,15
2023-11-12,Lucas Zheng,Govind Anandkumar,e1 govind anandkumar,1372,E1,0,1080,15.49,0.18,15
2023-11-12,Lucas Zheng,Adam Sarwar,e1 adam sarwar,926,E1,1,1093,16.23,0.74,16
2023-11-13,Lucas Zheng,Tom Jenney,e1 tom jenney,850,E1,1,1102,17.04,0.81,17
2023-11-21,Lucas Zheng,Suraj Prabhu,e1 suraj prabhu,1493,E1,0,1097,17.14,0.1,17
2023-11-26,Lucas Zheng,Neil Stuart,w1 neil stuart,1537,W1,0.5,1116,17.24,0.1,17.5
2023-11-28,Lucas Zheng,Mike Maguire,e1 mike maguire,1574,E1,0,1112,17.34,0.1,17.5
2023-12-09,Lucas Zheng,Rudi Bedford,NA,1348,ENG,0,1102,17.54,0.2,17.5
2023-12-09,Lucas Zheng,Dinuli Rajaguru,NA,1346,ENG,0.5,1117,17.74,0.2,18
2023-12-14,Lucas Zheng,Anthony Williams,e1 anthony williams,1067,E1,1,1138,18.29,0.55,19
2023-12-16,Lucas Zheng,Jia-Arn Yeung,NA,1192,ENG,1,1168,18.67,0.38,20
2023-12-16,Lucas Zheng,Ashwin GopiKrishna,NA,1314,ENG,0,1157,18.9,0.23,20
2023-12-16,Lucas Zheng,Shaoting Shi,NA,1197,ENG,0,1139,19.27,0.37,20
2023-12-16,Lucas Zheng,Ravi Singh,NA,1012,ENG,1,1157,19.9,0.63,21
2023-12-17,Lucas Zheng,Mingkai Yuan,NA,1104,ENG,1,1181,20.4,0.5,22
2023-12-17,Lucas Zheng,Daniel Dupuis,NA,1231,ENG,0.5,1189,20.72,0.32,22.5
2023-12-17,Lucas Zheng,Yugan Suganya,NA,1328,ENG,0.5,1203,20.94,0.22,23
2023-09-20,Oleksandr Zhuravel,HaoYu Yin,e1 haoyu yin,1461,E1,0,845,0.1,0.1,0
2023-09-27,Oleksandr Zhuravel,Sam Rhydderch,e1 sam rhydderch,1000,E1,0,831,0.4,0.3,0
2023-10-04,Oleksandr Zhuravel,Adnan Yilmaz,e1 adnan yilmaz,850,E1,1,855,0.9,0.5,1
2023-10-18,Oleksandr Zhuravel,Will Parkinson,e1 will parkinson,1003,E1,0.5,865,1.19,0.29,1.5
2023-10-25,Oleksandr Zhuravel,Reuben Hilliar,e1 reuben hilliar,861,E1,0,842,1.67,0.48,1.5
2023-11-06,Oleksandr Zhuravel,Angus Lloyd,e1 angus lloyd,1050,E1,0,830,1.91,0.24,1.5
2023-12-13,Oleksandr Zhuravel,Andrei Zhuravlev,e1 andrei zhuravlev,999,E1,0.5,840,2.21,0.3,2
2023-07-04,Andrei Zhuravlev,Adam Colcombe,e1 adam colcombe,1070,E1,0,980,0.4,0.4,0
2023-07-11,Andrei Zhuravlev,Ellis Jones,e1 ellis jones,884,E1,1,996,1.06,0.66,1
2023-07-18,Andrei Zhuravlev,Constantine Popov,e1 constantine popov,850,E1,1,1010,1.76,0.7,2
2023-09-08,Andrei Zhuravlev,Yaroslav Sharhorodsky,e1 yaroslav sharhorodsky,1557,E1,0,1006,1.86,0.1,2
2023-09-09,Andrei Zhuravlev,Mike Stannard,g1 mike stannard,1226,G1,0,995,2.07,0.21,2
2023-09-09,Andrei Zhuravlev,Mark Reckless,e1 mark reckless,1400,E1,1,1039,2.17,0.1,3
2023-09-10,Andrei Zhuravlev,Joseph Fearnhead,NA,1295,ENG,0,1031,2.32,0.15,3
2023-09-10,Andrei Zhuravlev,Jesse Davies,g1 jesse davies,1340,G1,0,1025,2.44,0.12,3
2023-09-20,Andrei Zhuravlev,David Grant,e1 david grant,1000,E1,1,1049,2.94,0.5,4
2023-09-27,Andrei Zhuravlev,Reuben Hilliar,e1 reuben hilliar,861,E1,1,1064,3.63,0.69,5
2023-10-04,Andrei Zhuravlev,Oliver Cumiskey,e1 oliver cumiskey,1192,E1,0,1052,3.88,0.25,5
2023-10-04,Andrei Zhuravlev,Sam Rhydderch,e1 sam rhydderch,1000,E1,1,1077,4.38,0.5,6
2023-10-07,Andrei Zhuravlev,S Wyn Howells,e1 s wyn howells,1588,E1,0.5,1096,4.48,0.1,6.5
2023-10-07,Andrei Zhuravlev,James Thomas,e1 james thomas,1991,E1,0,1091,4.58,0.1,6.5
2023-10-07,Andrei Zhuravlev,Samuele Scarpignato,e1 samuele scarpignato,1612,E1,0,1086,4.68,0.1,6.5
2023-10-08,Andrei Zhuravlev,Timur Ramzan,e1 timur ramzan,1170,E1,0,1073,4.95,0.27,6.5
2023-10-08,Andrei Zhuravlev,Ellis Jones,e1 ellis jones,884,E1,1,1089,5.61,0.66,7.5
2023-10-11,Andrei Zhuravlev,Artur Esteves,e1 artur esteves,850,E1,1,1104,6.31,0.7,8.5
2023-10-18,Andrei Zhuravlev,Piotr Graczyk,e1 piotr graczyk,1565,E1,0,1099,6.41,0.1,8.5
2023-11-08,Andrei Zhuravlev,Artem Panasik,e1 artem panasik,1000,E1,1,1123,6.91,0.5,9.5
2023-11-09,Andrei Zhuravlev,Govind Anandkumar,e1 govind anandkumar,1372,E1,0,1118,7.01,0.1,9.5
2023-11-10,Andrei Zhuravlev,Kedar Walke,NA,1556,ENG,0,1113,7.11,0.1,9.5
2023-11-11,Andrei Zhuravlev,Eugene Tee,NA,1042,EST,0.5,1116,7.55,0.44,10
2023-11-11,Andrei Zhuravlev,Tomos Francis,w1 tomos francis,850,W1,1,1130,8.25,0.7,11
2023-11-12,Andrei Zhuravlev,Glyn Hill,w1 glyn hill,850,W1,0,1097,8.95,0.7,11
2023-11-12,Andrei Zhuravlev,William Francis,w1 william francis,850,W1,1,1111,9.65,0.7,12
2023-11-15,Andrei Zhuravlev,Angus Lloyd,e1 angus lloyd,1050,E1,0,1090,10.08,0.43,12
2023-11-21,Andrei Zhuravlev,Tim Kett,e1 tim kett,2192,E1,0,1086,10.18,0.1,12
2023-11-22,Andrei Zhuravlev,Chris Fox,e1 chris fox,1577,E1,0,1081,10.28,0.1,12
2023-12-09,Andrei Zhuravlev,Dinuli Rajaguru,NA,1346,ENG,0,1075,10.4,0.12,12
2023-12-09,Andrei Zhuravlev,Rudi Bedford,NA,1348,ENG,0,1069,10.52,0.12,12
2023-12-13,Andrei Zhuravlev,Oleksandr Zhuravel,e1 oleksandr zhuravel,850,E1,0.5,1060,11.22,0.7,12.5
2023-11-10,Lef Zografos,Malcolm Probert,w1 malcolm probert,1472,W1,0.5,1720,0.81,0.81,0.5
2023-11-11,Lef Zografos,Dave Williams,g1 dave williams,1611,G1,1,1729,1.47,0.66,1.5
2023-11-11,Lef Zografos,Graham Ashcroft,NA,1852,ENG,0.5,1733,1.8,0.33,2
2023-11-12,Lef Zografos,Reuben Hilliar,e1 reuben hilliar,861,E1,1,1735,2.7,0.9,3
2023-11-12,Lef Zografos,Joshua McKenna,e1 joshua mckenna,1754,E1,1,1748,3.16,0.46,4
2023-11-16,Lef Zografos,Guy Wagner,e1 guy wagner,1676,E1,0,1734,3.73,0.57,4
2023-11-27,Lef Zografos,Roy Thomas,e1 roy thomas,1743,E1,0.5,1735,4.21,0.48,4.5
2023-11-29,Lef Zografos,Dave McGhee,e1 dave mcghee,1643,E1,0,1720,4.83,0.62,4.5
2023-10-24,Toby Bates,Dan Richards,d1 dan richards,946,D1,1,1489,0.9,0.9,1
2023-11-07,Toby Bates,Jon Tuson,d1 jon tuson,1500,D1,1,1506,1.38,0.48,2
2023-11-21,Toby Bates,Dave Edwards,d1 dave edwards,1200,D1,1,1511,2.22,0.84,3
2023-11-27,Toby Bates,Julie Ward,d1 julie ward,1341,D1,1,1521,2.92,0.7,4
2023-12-07,Toby Bates,Mark Paffard,d1 mark paffard,1599,D1,1,1542,3.26,0.34,5
2023-09-08,Patrick Bourne,Aidan Jelf,NA,1470,ENG,1,1152,0.11,0.11,1
2023-09-09,Patrick Bourne,Ben Bickford,e1 ben bickford,1499,E1,0,1147,0.21,0.1,1
2023-09-09,Patrick Bourne,Mike Gale,e1 mike gale,1617,E1,1,1190,0.31,0.1,2
2023-09-10,Patrick Bourne,Lalit Vidyadhar Nandyala Sharma,NA,1438,ENG,0,1184,0.44,0.13,2
2023-09-10,Patrick Bourne,Jonathan Dark,g1 jonathan dark,1243,G1,0,1169,0.76,0.32,2
2023-10-24,Patrick Bourne,Jon Tuson,d1 jon tuson,1500,D1,0,1164,0.86,0.1,2
2023-11-27,Patrick Bourne,Mark Reynolds,d1 mark reynolds,1211,D1,0,1147,1.22,0.36,2
2023-12-04,Patrick Bourne,Kieran Edwards,d1 kieran edwards,1400,D1,0,1139,1.38,0.16,2
2023-12-06,Patrick Bourne,Peter Evans,d1 peter evans,1293,D1,1,1175,1.64,0.26,3
2023-11-06,Ben Brewer,Martin C Jones,d1 martin c jones,1620,D1,1,1741,0.66,0.66,1
2023-11-21,Ben Brewer,Peter Windows,d1 peter windows,1700,D1,1,1752,1.21,0.55,2
2023-12-04,Ben Brewer,Paolo Ignignoli,NA,1,D1,1,1752,2.21,1,3
2023-09-08,William Davies,Claire Gorman,w1 claire gorman,1044,W1,1,1418,0.89,0.89,1
2023-09-09,William Davies,Laurence Tarbuck,NA,1681,ENG,0,1413,1.07,0.18,1
2023-09-09,William Davies,Rob Frame,e1 rob frame,1138,E1,0,1386,1.9,0.83,1
2023-09-10,William Davies,Liam Hayles,e1 liam hayles,900,E1,0,1357,2.8,0.9,1
2023-09-10,William Davies,Thomas Nalej,e1 thomas nalej,1086,E1,0.5,1345,3.67,0.87,1.5
2023-10-24,Kieran Edwards,Adam Watkin-Jones,d1 adam watkin-jones,1924,D1,0,1397,0.1,0.1,0
2023-11-06,Kieran Edwards,Scott Hammett,d1 scott hammett,1610,D1,0,1389,0.33,0.23,0
2023-11-21,Kieran Edwards,Jon Tuson,d1 jon tuson,1500,D1,0,1378,0.69,0.36,0
2023-12-04,Kieran Edwards,Patrick Bourne,d1 patrick bourne,1109,D1,1,1383,1.53,0.84,1
2023-10-24,Dave Edwards,Matthew Francis,d1 matthew francis,1607,D1,0,1197,0.1,0.1,0
2023-11-21,Dave Edwards,Toby Bates,d1 toby bates,1486,D1,0,1192,0.26,0.16,0
2023-10-23,Peter Evans,Mark Paffard,d1 mark paffard,1599,D1,0,1288,0.15,0.15,0
2023-11-27,Peter Evans,Cai Lewis,d1 cai lewis,1300,D1,1,1305,0.64,0.49,1
2023-12-06,Peter Evans,Patrick Bourne,d1 patrick bourne,1109,D1,0,1281,1.38,0.74,1
2023-12-11,Peter Evans,Jon Tuson,d1 jon tuson,1500,D1,0,1273,1.61,0.23,1
2023-10-23,Ewan Ferguson,Alexis Harakis,d1 alexis harakis,2313,D1,0,1722,0.1,0.1,0
2023-11-27,Ewan Ferguson,Adam Watkin-Jones,d1 adam watkin-jones,1924,D1,0.5,1728,0.34,0.24,0.5
2023-12-11,Ewan Ferguson,Luis Sanchez,d1 luis sanchez,1949,D1,0,1723,0.55,0.21,0.5
2023-10-24,Matthew Francis,Dave Edwards,d1 dave edwards,1200,D1,1,1609,0.9,0.9,1
2023-11-07,Matthew Francis,Peter Windows,d1 peter windows,1700,D1,0.5,1613,1.27,0.37,1.5
2023-12-07,Matthew Francis,Martin C Jones,d1 martin c jones,1620,D1,1,1625,1.75,0.48,2.5
2023-12-13,Matthew Francis,Luke McCardle,d1 luke mccardle,1400,D1,0,1607,2.52,0.77,2.5
2023-10-24,Kristians Gerdens,Peter Windows,d1 peter windows,1700,D1,0,1193,0.1,0.1,0
2023-11-07,Tom Gunn,Bronwen Tuson,d1 bronwen tuson,1100,D1,1,1415,0.86,0.86,1
2023-09-08,Scott Hammett,Mateusz Gibiec,g1 mateusz gibiec,1715,G1,0.5,1614,0.35,0.35,0.5
2023-09-09,Scott Hammett,Mike Gale,e1 mike gale,1617,E1,1,1626,0.84,0.49,1.5
2023-09-09,Scott Hammett,Malcolm Probert,w1 malcolm probert,1472,W1,0,1609,1.53,0.69,1.5
2023-09-10,Scott Hammett,Joshua Colcombe,g1 joshua colcombe,1400,G1,1,1615,2.3,0.77,2.5
2023-09-10,Scott Hammett,Jason Leroy,NA,1378,ENG,1,1620,3.09,0.79,3.5
2023-10-23,Scott Hammett,Julie Ward,d1 julie ward,1341,D1,1,1624,3.91,0.82,4.5
2023-11-06,Scott Hammett,Kieran Edwards,d1 kieran edwards,1400,D1,1,1629,4.68,0.77,5.5
2023-11-10,Scott Hammett,John A Williams,NA,1501,ENG,1,1638,5.33,0.65,6.5
2023-11-11,Scott Hammett,Emma Kong,e1 emma kong,1478,E1,1,1645,6.01,0.68,7.5
2023-11-11,Scott Hammett,Yaroslav Sharhorodsky,e1 yaroslav sharhorodsky,1557,E1,1,1656,6.59,0.58,8.5
2023-11-12,Scott Hammett,Joshua McKenna,e1 joshua mckenna,1754,E1,0.5,1660,6.89,0.3,9
2023-11-12,Scott Hammett,Malcolm Probert,w1 malcolm probert,1472,W1,1,1668,7.58,0.69,10
2023-10-23,Alexis Harakis,Ewan Ferguson,d1 ewan ferguson,1724,D1,1,2314,0.9,0.9,1
2023-10-25,Alexis Harakis,Ian Jones,w1 ian jones,1979,W1,1,2315,1.77,0.87,2
2023-11-06,Alexis Harakis,Howard Williams,d1 howard williams,2330,D1,1,2321,2.25,0.48,3
2023-11-10,Alexis Harakis,Thomas Wells,w1 thomas wells,1759,W1,1,2322,3.15,0.9,4
2023-11-11,Alexis Harakis,Jason Garcia,w1 jason garcia,2026,W1,1,2323,3.99,0.84,5
2023-11-11,Alexis Harakis,Adam Musson,w1 adam musson,2130,W1,1,2326,4.73,0.74,6
2023-11-12,Alexis Harakis,Daniel J Wells,NA,2097,ENG,0.5,2323,5.51,0.78,6.5
2023-11-12,Alexis Harakis,Dave Turner,g1 dave turner,1957,G1,1,2324,6.4,0.89,7.5
2023-11-26,Alexis Harakis,Nigel Saunders,g1 nigel saunders,1985,G1,1,2325,7.27,0.87,8.5
2023-12-07,Alexis Harakis,Adam Watkin-Jones,d1 adam watkin-jones,1924,D1,0.5,2321,8.17,0.9,9
2023-10-24,Astra Holder,Bronwen Tuson,d1 bronwen tuson,1100,D1,0.5,995,0.34,0.34,0.5
2023-11-29,Astra Holder,Keaton Kendrick,d1 keaton kendrick,999,D1,1,1019,0.82,0.48,1.5
2023-12-06,Astra Holder,Alan Williams,d1 alan williams,1100,D1,0.5,1027,1.16,0.34,2
2023-09-13,Martin C Jones,Malcolm Probert,w1 malcolm probert,1472,W1,1,1627,0.7,0.7,1
2023-09-20,Martin C Jones,Jordan Heatman,w1 jordan heatman,1250,W1,1,1630,1.59,0.89,2
2023-10-04,Martin C Jones,Darson Beeston,w1 darson beeston,1477,W1,1,1637,2.28,0.69,3
2023-10-11,Martin C Jones,Ralph Cook,w1 ralph cook,1519,W1,1,1646,2.92,0.64,4
2023-10-22,Martin C Jones,Chris Fox,e1 chris fox,1577,E1,1,1656,3.48,0.56,5
2023-10-23,Martin C Jones,Robert Narayan-Taylor,d1 robert narayan-taylor,1390,D1,1,1661,4.27,0.79,6
2023-10-30,Martin C Jones,Robin Kerremans,w1 robin kerremans,1166,W1,1,1664,5.17,0.9,7
2023-11-06,Martin C Jones,Ben Brewer,d1 ben brewer,1733,D1,0,1655,5.51,0.34,7
2023-11-10,Martin C Jones,Richard Larg,e1 richard larg,1453,E1,0.5,1650,6.23,0.72,7.5
2023-11-11,Martin C Jones,Malcolm Probert,w1 malcolm probert,1472,W1,0,1633,6.93,0.7,7.5
2023-11-11,Martin C Jones,Neil Stuart,w1 neil stuart,1537,W1,0,1618,7.55,0.62,7.5
2023-11-12,Martin C Jones,Les Philpin,w1 les philpin,1618,W1,1,1630,8.05,0.5,8.5
2023-11-12,Martin C Jones,Vismith Prabhu,w1 vismith prabhu,1335,W1,0.5,1622,8.89,0.84,9
2023-11-20,Martin C Jones,Andrew Golley,w1 andrew golley,1679,W1,1,1636,9.31,0.42,10
2023-11-21,Martin C Jones,Martyn Griffiths,w1 martyn griffiths,1709,W1,0.5,1639,9.68,0.37,10.5
2023-11-26,Martin C Jones,Jonathan Dark,g1 jonathan dark,1243,G1,1,1642,10.58,0.9,11.5
2023-12-05,Martin C Jones,Carl Halpin,w1 carl halpin,1375,W1,0.5,1634,11.38,0.8,12
2023-12-13,Martin C Jones,Moss McCarthy,w1 moss mccarthy,2025,W1,0,1632,11.48,0.1,12
2023-12-07,Martin C Jones,Matthew Francis,d1 matthew francis,1607,D1,0,1620,12,0.52,12
2023-11-10,Jonathan Jones,Jack Hannigan,e1 jack hannigan,1393,E1,1,1584,0.74,0.74,1
2023-11-11,Jonathan Jones,Reuben Hilliar,e1 reuben hilliar,861,E1,1,1587,1.64,0.9,2
2023-11-11,Jonathan Jones,Joshua McKenna,e1 joshua mckenna,1754,E1,0,1579,1.9,0.26,2
2023-12-04,Robert Kay,Christian Smith,d1 christian smith,1180,D1,1,1602,0.9,0.9,1
2023-11-29,Keaton Kendrick,Astra Holder,d1 astra holder,987,D1,0,974,0.52,0.52,0
2023-11-27,Cai Lewis,Peter Evans,d1 peter evans,1293,D1,0,1284,0.51,0.51,0
2023-12-06,Luke McCardle,Julie Ward,d1 julie ward,1341,D1,1,1413,0.58,0.58,1
2023-12-13,Luke McCardle,Matthew Francis,d1 matthew francis,1607,D1,1,1438,0.81,0.23,2
2023-10-23,Robert Narayan-Taylor,Martin C Jones,d1 martin c jones,1620,D1,0,1383,0.21,0.21,0
2023-11-27,Robert Narayan-Taylor,Peter Windows,d1 peter windows,1700,D1,0,1379,0.35,0.14,0
2023-10-23,Mark Paffard,Peter Evans,d1 peter evans,1293,D1,1,1604,0.85,0.85,1
2023-11-06,Mark Paffard,Joshua Robson,d1 joshua robson,979,D1,1,1607,1.75,0.9,2
2023-12-07,Mark Paffard,Toby Bates,d1 toby bates,1486,D1,0,1586,2.41,0.66,2
2023-11-27,Mark Reynolds,Patrick Bourne,d1 patrick bourne,1109,D1,1,1222,0.64,0.64,1
2023-11-06,Joshua Robson,Mark Paffard,d1 mark paffard,1599,D1,0,974,0.1,0.1,0
2023-12-04,Scott Roden,Dan Richards,d1 dan richards,946,D1,1,1114,0.71,0.71,1
2023-07-21,Luis Sanchez,Gerald Moore,NA,2155,ENG,0,1943,0.23,0.23,0
2023-07-22,Luis Sanchez,Paul Dargan,NA,2159,ENG,0.5,1950,0.46,0.23,0.5
2023-07-22,Luis Sanchez,Atreya Mandnikar,NA,1786,ENG,1,1957,1.18,0.72,1.5
2023-07-23,Luis Sanchez,R Mitchell,NA,2050,ENG,0.5,1960,1.54,0.36,2
2023-08-18,Luis Sanchez,Adam Ashton,NA,2352,ENG,0,1958,1.64,0.1,2
2023-08-19,Luis Sanchez,Alan M Llewellyn,n1 alan m llewellyn,1608,N1,1,1961,2.52,0.88,3
2023-08-19,Luis Sanchez,Samuel Parry,NA,1993,ENG,0,1950,2.96,0.44,3
2023-08-20,Luis Sanchez,Damian Mccarthy,NA,1990,ENG,0.5,1951,3.4,0.44,3.5
2023-08-20,Luis Sanchez,Mark Taylor,NA,1779,ENG,0,1934,4.13,0.73,3.5
2023-09-08,Luis Sanchez,Tom Weale,NA,1540,ENG,1,1936,5.03,0.9,4.5
2023-09-09,Luis Sanchez,Adam Musson,w1 adam musson,2130,W1,0.5,1942,5.29,0.26,5
2023-09-09,Luis Sanchez,James Lavender,g1 james lavender,2125,G1,0,1936,5.56,0.27,5
2023-09-10,Luis Sanchez,Yuxuan Wu,e1 yuxuan wu,1764,E1,0,1918,6.3,0.74,5
2023-09-10,Luis Sanchez,Bence Szakmany,e1 bence szakmany,1799,E1,1,1925,7,0.7,6
2023-10-24,Luis Sanchez,Luke McArdle,NA,1,D1,1,1925,8,1,7
2023-11-07,Luis Sanchez,Adam Watkin-Jones,d1 adam watkin-jones,1924,D1,1,1936,8.54,0.54,8
2023-11-11,Luis Sanchez,Bajrush Kelmendi,NA,2057,ENG,0.5,1940,8.89,0.35,8.5
2023-11-12,Luis Sanchez,John Trevelyan,e1 john trevelyan,1958,E1,0.5,1940,9.38,0.49,9
2023-11-21,Luis Sanchez,Howard Williams,d1 howard williams,2330,D1,0.5,1950,9.48,0.1,9.5
2023-12-11,Luis Sanchez,Ewan Ferguson,d1 ewan ferguson,1724,D1,1,1955,10.27,0.79,10.5
2023-10-24,Murray Smith,Howard Williams,d1 howard williams,2330,D1,0,2210,0.34,0.34,0
2023-12-04,Christian Smith,Robert Kay,d1 robert kay,1600,D1,0,1175,0.1,0.1,0
2023-09-08,Bronwen Tuson,James Thomas,e1 james thomas,1991,E1,0,1095,0.1,0.1,0
2023-09-09,Bronwen Tuson,Zack Wilkins,e1 zack wilkins,1337,E1,0,1085,0.3,0.2,0
2023-09-09,Bronwen Tuson,Jack Bull,g1 jack bull,1200,G1,1,1116,0.66,0.36,1
2023-09-10,Bronwen Tuson,Mike Hollyman,e1 mike hollyman,1746,E1,0,1111,0.76,0.1,1
2023-09-10,Bronwen Tuson,Claire Gorman,w1 claire gorman,1044,W1,0,1084,1.34,0.58,1
2023-10-07,Bronwen Tuson,Dale Westcott,w1 dale westcott,1607,W1,0,1079,1.44,0.1,1
2023-10-07,Bronwen Tuson,Stephen Williams (Tre),n1 stephen williams (tre),1670,N1,0,1074,1.54,0.1,1
2023-10-07,Bronwen Tuson,Emir Rhouni,e1 emir rhouni,900,E1,1,1085,2.3,0.76,2
2023-10-08,Bronwen Tuson,Justin Morgans,e1 justin morgans,1732,E1,0,1081,2.4,0.1,2
2023-10-08,Bronwen Tuson,David Belochkin,e1 david belochkin,1250,E1,0,1066,2.7,0.3,2
2023-10-24,Bronwen Tuson,Astra Holder,d1 astra holder,987,D1,0.5,1059,3.36,0.66,2.5
2023-11-07,Bronwen Tuson,Tom Gunn,d1 tom gunn,1410,D1,0,1052,3.5,0.14,2.5
2023-11-10,Bronwen Tuson,Glyn Hill,w1 glyn hill,850,W1,0.5,1037,4.31,0.81,3
2023-11-11,Bronwen Tuson,Adam Sarwar,e1 adam sarwar,926,E1,0.5,1026,5.04,0.73,3.5
2023-11-11,Bronwen Tuson,Andrew Powell,w1 andrew powell,1087,W1,0.5,1025,5.56,0.52,4
2023-11-12,Bronwen Tuson,Chris Thompson,g1 chris thompson,1000,G1,1,1042,6.2,0.64,5
2023-12-11,Bronwen Tuson,Alan Williams,d1 alan williams,1100,D1,0,1018,6.7,0.5,5
2023-09-08,Jon Tuson,Arush Ajai Murthy,e1 arush ajai murthy,916,E1,1,1503,0.9,0.9,1
2023-09-09,Jon Tuson,Rob Frame,e1 rob frame,1138,E1,1,1507,1.79,0.89,2
2023-09-09,Jon Tuson,Emir Rhouni,e1 emir rhouni,900,E1,1,1510,2.69,0.9,3
2023-09-10,Jon Tuson,Darson Beeston,w1 darson beeston,1477,W1,0.5,1509,3.22,0.53,3.5
2023-09-10,Jon Tuson,Andrew Di-Vetta,e1 andrew di-vetta,1783,E1,0,1504,3.38,0.16,3.5
2023-10-07,Jon Tuson,Joshua McKenna,e1 joshua mckenna,1754,E1,0,1498,3.57,0.19,3.5
2023-10-07,Jon Tuson,Steve Jones,e1 steve jones,1500,E1,0,1482,4.07,0.5,3.5
2023-10-07,Jon Tuson,Zack Wilkins,e1 zack wilkins,1337,E1,1,1491,4.79,0.72,4.5
2023-10-08,Jon Tuson,Mark Reckless,e1 mark reckless,1400,E1,1,1502,5.43,0.64,5.5
2023-10-08,Jon Tuson,Dale Westcott,w1 dale westcott,1607,W1,1,1523,5.78,0.35,6.5
2023-10-24,Jon Tuson,Patrick Bourne,d1 patrick bourne,1109,D1,1,1526,6.68,0.9,7.5
2023-11-07,Jon Tuson,Toby Bates,d1 toby bates,1486,D1,0,1509,7.2,0.52,7.5
2023-11-10,Jon Tuson,David Guy,w1 david guy,1843,W1,1,1538,7.32,0.12,8.5
2023-11-11,Jon Tuson,Joshua McKenna,e1 joshua mckenna,1754,E1,0,1532,7.51,0.19,8.5
2023-11-11,Jon Tuson,Paul Moulson,g1 paul moulson,1402,G1,0.5,1527,8.15,0.64,9
2023-11-12,Jon Tuson,Graham J Ashcroft,NA,1850,ENG,0,1523,8.27,0.12,9
2023-11-12,Jon Tuson,Ben Hannigan,e1 ben hannigan,1234,E1,0.5,1513,9.09,0.82,9.5
2023-11-21,Jon Tuson,Kieran Edwards,d1 kieran edwards,1400,D1,1,1525,9.73,0.64,10.5
2023-12-11,Jon Tuson,Peter Evans,d1 peter evans,1293,D1,1,1532,10.5,0.77,11.5
2023-10-23,Julie Ward,Scott Hammett,d1 scott hammett,1610,D1,0,1335,0.18,0.18,0
2023-11-27,Julie Ward,Toby Bates,d1 toby bates,1486,D1,0,1326,0.48,0.3,0
2023-12-06,Julie Ward,Luke McCardle,d1 luke mccardle,1400,D1,0,1312,0.9,0.42,0
2023-12-11,Julie Ward,Peter Windows,d1 peter windows,1700,D1,0,1309,1.01,0.11,0
2023-10-24,Adam Watkin-Jones,Kieran Edwards,d1 kieran edwards,1400,D1,1,1926,0.9,0.9,1
2023-11-07,Adam Watkin-Jones,Luis Sanchez,d1 luis sanchez,1949,D1,0,1915,1.36,0.46,1
2023-11-27,Adam Watkin-Jones,Ewan Ferguson,d1 ewan ferguson,1724,D1,0.5,1909,2.12,0.76,1.5
2023-12-07,Adam Watkin-Jones,Alexis Harakis,d1 alexis harakis,2313,D1,0.5,1919,2.22,0.1,2
2023-10-24,Howard Williams,Murray Smith,d1 murray smith,2215,D1,1,2333,0.66,0.66,1
2023-11-06,Howard Williams,Alexis Harakis,d1 alexis harakis,2313,D1,0,2328,1.18,0.52,1
2023-11-21,Howard Williams,Luis Sanchez,d1 luis sanchez,1949,D1,0.5,2324,2.08,0.9,1.5
2023-12-06,Alan Williams,Astra Holder,d1 astra holder,987,D1,0.5,1092,0.66,0.66,0.5
2023-12-11,Alan Williams,Bronwen Tuson,d1 bronwen tuson,1100,D1,1,1116,1.16,0.5,1.5
2023-10-24,Peter Windows,Kristians Gerdens,d1 kristians gerdens,1198,D1,1,1702,0.9,0.9,1
2023-11-07,Peter Windows,Matthew Francis,d1 matthew francis,1607,D1,0.5,1699,1.53,0.63,1.5
2023-11-21,Peter Windows,Ben Brewer,d1 ben brewer,1733,D1,0,1688,1.98,0.45,1.5
2023-11-27,Peter Windows,Robert Narayan-Taylor,d1 robert narayan-taylor,1390,D1,1,1692,2.84,0.86,2.5
2023-12-07,Peter Windows,Yaroslav Sharhorodsky,e1 yaroslav sharhorodsky,1557,E1,1,1699,3.53,0.69,3.5
2023-12-11,Peter Windows,Julie Ward,d1 julie ward,1341,D1,1,1702,4.42,0.89,4.5
2023-09-07,Adam Musson,Alex Bullen,e1 alex bullen,2245,E1,0,2125,0.34,0.34,0
2023-09-08,Adam Musson,Daniel Hilditch-Love,NA,1935,ENG,1,2128,1.09,0.75,1
2023-09-09,Adam Musson,Luis Sanchez,d1 luis sanchez,1949,D1,0.5,2125,1.83,0.74,1.5
2023-09-09,Adam Musson,Iwan Cave,NA,2176,ENG,0,2118,2.26,0.43,1.5
2023-09-10,Adam Musson,Robert Ashworth,NA,1856,ENG,1,2120,3.09,0.83,2.5
2023-09-10,Adam Musson,Sam Jukes,e1 sam jukes,2034,E1,0.5,2118,3.72,0.63,3
2023-09-11,Adam Musson,Jason Garcia,w1 jason garcia,2026,W1,0.5,2116,4.37,0.65,3.5
2023-09-14,Adam Musson,Pete Heaven,e1 pete heaven,2097,E1,0.5,2115,4.92,0.55,4
2023-09-25,Adam Musson,Duncan Williams,w1 duncan williams,1817,W1,0,2101,5.78,0.86,4
2023-10-12,Adam Musson,Callum Davies,e1 callum davies,1885,E1,1,2105,6.58,0.8,5
2023-10-19,Adam Musson,Hugo Fowler,g1 hugo fowler,2109,G1,0,2096,7.11,0.53,5
2023-10-22,Adam Musson,Tom Brown,e1 tom brown,2149,E1,0,2089,7.58,0.47,5
2023-10-23,Adam Musson,Jason Garcia,w1 jason garcia,2026,W1,0,2078,8.23,0.65,5
2023-10-26,Adam Musson,Rufus Long,e1 rufus long,1820,E1,0,2065,9.09,0.86,5
2023-11-01,Adam Musson,Joe Fathallah,e1 joe fathallah,2080,E1,0,2055,9.66,0.57,5
2023-11-10,Adam Musson,Chris Dixon,g1 chris dixon,1719,G1,1,2057,10.56,0.9,6
2023-11-11,Adam Musson,Duncan Williams,w1 duncan williams,1817,W1,1,2059,11.42,0.86,7
2023-11-11,Adam Musson,Alexis Harakis,d1 alexis harakis,2313,D1,0,2055,11.68,0.26,7
2023-11-12,Adam Musson,Dave Turner,g1 dave turner,1957,G1,0,2043,12.41,0.73,7
2023-11-12,Adam Musson,Dave McGhee,e1 dave mcghee,1643,E1,1,2045,13.31,0.9,8
2023-11-16,Adam Musson,James Tapp,e1 james tapp,1974,E1,1,2050,14.02,0.71,9
2023-11-21,Adam Musson,Steve Smith,w1 steve smith,1877,W1,0,2037,14.83,0.81,9
2023-11-26,Adam Musson,Pete Heaven,e1 pete heaven,2097,E1,0.5,2036,15.38,0.55,9.5
2023-11-27,Adam Musson,Daniel Wilmot,e1 daniel wilmot,1869,E1,1,2039,16.2,0.82,10.5
2023-12-04,Adam Musson,Cameron Westwood,w1 cameron westwood,1743,W1,1,2040,17.1,0.9,11.5
2023-12-13,Adam Musson,Mark Thomas,w1 mark thomas,1802,W1,1,2043,17.97,0.87,12.5
2023-09-08,Alan Young,Callum Davies,e1 callum davies,1885,E1,1,2128,0.8,0.8,1
2023-09-09,Alan Young,Max Walker,NA,2073,ENG,0.5,2127,1.37,0.57,1.5
2023-09-09,Alan Young,Hugo Fowler,g1 hugo fowler,2109,G1,1,2135,1.89,0.52,2.5
2023-09-10,Alan Young,Alex Bullen,e1 alex bullen,2245,E1,0,2129,2.22,0.33,2.5
2023-09-10,Alan Young,Yuxuan Wu,e1 yuxuan wu,1764,E1,0.5,2123,3.11,0.89,3
2023-09-11,Alan Young,Moss McCarthy,w1 moss mccarthy,2025,W1,0.5,2121,3.75,0.64,3.5
2023-09-26,Alan Young,Steve Smith,w1 steve smith,1877,W1,1,2124,4.56,0.81,4.5
2023-10-01,Alan Young,Kaare Hove Kristensen,NA,2258,FIDE,0,2119,4.88,0.32,4.5
2023-10-02,Alan Young,Milton Pantzar,NA,2453,FIDE,0,2117,5.01,0.13,4.5
2023-10-03,Alan Young,Henri Koskinen,NA,2185,FIDE,0,2110,5.42,0.41,4.5
2023-10-04,Alan Young,Zino Veleshnja,NA,2239,FIDE,0,2105,5.76,0.34,4.5
2023-10-05,Alan Young,Tommi Verkasalo,NA,2205,FIDE,0.5,2106,6.15,0.39,5
2023-10-06,Alan Young,Mel O'Cinneide,NA,2167,FIDE,1,2115,6.59,0.44,6
2023-10-07,Alan Young,Zsuzsanna Terbe,NA,2171,FIDE,0.5,2116,7.02,0.43,6.5
2023-10-25,Alan Young,Peter Bevan,w1 peter bevan,1929,W1,0,2104,7.78,0.76,6.5
2023-11-11,Alan Young,Dale Westcott,w1 dale westcott,1607,W1,0.5,2098,8.68,0.9,7
2023-11-11,Alan Young,Chris Dixon,g1 chris dixon,1719,G1,0.5,2092,9.58,0.9,7.5
2023-11-12,Alan Young,Steve Jones,e1 steve jones,1500,E1,1,2093,10.48,0.9,8.5
2023-11-12,Alan Young,Allan Pleasants,e1 allan pleasants,2080,E1,0.5,2092,11.04,0.56,9
2023-11-21,Alan Young,Cameron Westwood,w1 cameron westwood,1743,W1,1,2094,11.94,0.9,10
2023-11-26,Alan Young,David Llewellyn,e1 david llewellyn,1874,E1,1,2097,12.75,0.81,11
2023-11-29,Alan Young,Duncan Williams,w1 duncan williams,1817,W1,1,2099,13.6,0.85,12
2023-12-06,Alan Young,John Arnold,w1 john arnold,1500,W1,1,2101,14.5,0.9,13
2023-12-20,Alan Young,Matthew Billington,w1 matthew billington,1415,W1,1,2102,15.4,0.9,14
2023-09-08,Jason Garcia,Andrew Golley,w1 andrew golley,1679,W1,1,2028,0.88,0.88,1
2023-09-09,Jason Garcia,Thomas Wells,w1 thomas wells,1759,W1,0,2015,1.7,0.82,1
2023-09-09,Jason Garcia,Andy Hill,NA,1980,ENG,0,2006,2.27,0.57,1
2023-09-11,Jason Garcia,Adam Musson,w1 adam musson,2130,W1,0.5,2008,2.62,0.35,1.5
2023-09-26,Jason Garcia,Jonathan Thomas,w1 jonathan thomas,1780,W1,1,2011,3.42,0.8,2.5
2023-10-01,Jason Garcia,Lars Aaes Nielson,NA,2189,FIDE,0.5,2015,3.7,0.28,3
2023-10-02,Jason Garcia,Isak Storme,NA,2443,FIDE,0,2013,3.8,0.1,3
2023-10-03,Jason Garcia,Teemu Laakso,NA,2117,FIDE,0.5,2015,4.17,0.37,3.5
2023-10-04,Jason Garcia,Kelvin Kosta,NA,1940,FIDE,0.5,2013,4.79,0.62,4
2023-10-06,Jason Garcia,Kevin McHugh,NA,1897,FIDE,1,2018,5.47,0.68,5
2023-10-07,Jason Garcia,Oscar Culbeaux Tello,NA,2104,FIDE,0,2012,5.86,0.39,5
2023-10-16,Jason Garcia,Daniel Chung,w1 daniel chung,1577,W1,1,2014,6.76,0.9,6
2023-10-23,Jason Garcia,Adam Musson,w1 adam musson,2130,W1,1,2024,7.11,0.35,7
2023-10-25,Jason Garcia,Andrew Gibbons,w1 andrew gibbons,1953,W1,1,2030,7.71,0.6,8
2023-11-10,Jason Garcia,Roy Thomas,e1 roy thomas,1743,E1,1,2033,8.55,0.84,9
2023-11-11,Jason Garcia,Alexis Harakis,d1 alexis harakis,2313,D1,0,2030,8.71,0.16,9
2023-11-11,Jason Garcia,Dale Westcott,w1 dale westcott,1607,W1,0.5,2024,9.61,0.9,9.5
2023-11-12,Jason Garcia,Chris Dixon,g1 chris dixon,1719,G1,1,2026,10.46,0.85,10.5
2023-11-12,Jason Garcia,Sam Jukes,e1 sam jukes,2034,E1,0.5,2027,10.95,0.49,11
2023-11-21,Jason Garcia,Donovan Sipho,w1 donovan sipho,1712,W1,1,2029,11.81,0.86,12
2023-11-26,Jason Garcia,Andrew Owen,g1 andrew owen,1772,G1,0.5,2024,12.62,0.81,12.5
2023-11-29,Jason Garcia,Andrew Golley,w1 andrew golley,1679,W1,1,2026,13.5,0.88,13.5
2023-12-06,Jason Garcia,Malcolm Probert,w1 malcolm probert,1472,W1,1,2027,14.4,0.9,14.5
2023-12-20,Jason Garcia,John Arnold,w1 john arnold,1500,W1,0.5,2021,15.3,0.9,15
2023-09-11,William Hewitt,Richard Cleveland,w1 richard cleveland,2050,W1,1,2057,0.5,0.5,1
2023-12-06,William Hewitt,Matthew Billington,w1 matthew billington,1415,W1,1,2059,1.4,0.9,2
2023-12-20,William Hewitt,Malcolm Probert,w1 malcolm probert,1472,W1,1,2060,2.3,0.9,3
2023-09-11,Ian Jones,Adam May,w1 adam may,1871,W1,0.5,1975,0.65,0.65,0.5
2023-09-18,Ian Jones,Andrew Smith,w1 andrew smith,1677,W1,1,1979,1.5,0.85,1.5
2023-09-25,Ian Jones,Ian Eustis,w1 ian eustis,1779,W1,0.5,1973,2.26,0.76,2
2023-10-09,Ian Jones,Andrew Golley,w1 andrew golley,1679,W1,1,1976,3.11,0.85,3
2023-10-16,Ian Jones,David Guy,w1 david guy,1843,W1,0,1960,3.8,0.69,3
2023-10-22,Ian Jones,Olivia Smith,e1 olivia smith,2196,E1,0,1955,4.02,0.22,3
2023-10-23,Ian Jones,Chris Daniel,w1 chris daniel,1602,W1,1,1957,4.92,0.9,4
2023-10-25,Ian Jones,Alexis Harakis,d1 alexis harakis,2313,D1,0,1954,5.05,0.13,4
2023-10-30,Ian Jones,Steve Smith,w1 steve smith,1877,W1,1,1963,5.69,0.64,5
2023-11-21,Ian Jones,Dale Westcott,w1 dale westcott,1607,W1,1,1965,6.58,0.89,6
2023-11-26,Ian Jones,Paul Hatchett,e1 paul hatchett,2030,E1,0.5,1967,7.01,0.43,6.5
2023-12-04,Ian Jones,Ben Hambridge,w1 ben hambridge,1100,W1,1,1969,7.91,0.9,7.5
2023-12-13,Ian Jones,John Arnold,w1 john arnold,1500,W1,1,1972,8.81,0.9,8.5
2023-09-09,Adam May,Olivia Smith,e1 olivia smith,2196,E1,0,1868,0.13,0.13,0
2023-09-09,Adam May,Zack Norris,NA,1684,ENG,1,1874,0.88,0.75,1
2023-09-10,Adam May,Spencer Lawrence,NA,1809,ENG,1,1884,1.47,0.59,2
2023-09-10,Adam May,Oliver Stubbs,NA,2212,ENG,0,1881,1.59,0.12,2
2023-09-11,Adam May,Ian Jones,w1 ian jones,1979,W1,0.5,1884,1.94,0.35,2.5
2023-09-26,Adam May,Hywel Griffiths,w1 hywel griffiths,1851,W1,1,1896,2.47,0.53,3.5
2023-10-01,Adam May,Martin Stampe Noer,NA,1841,FIDE,1,1907,3.01,0.54,4.5
2023-10-02,Adam May,Kjell Petersson,NA,2040,FIDE,0.5,1912,3.28,0.27,5
2023-10-03,Adam May,Tapani Tahkavuori,NA,2056,FIDE,1,1930,3.54,0.26,6
2023-10-04,Adam May,Erald Mihasi,NA,1900,FIDE,0,1919,4,0.46,6
2023-10-05,Adam May,Kauko Kelo,NA,1588,FIDE,0.5,1911,4.84,0.84,6.5
2023-10-06,Adam May,Leon Putar,NA,2002,FIDE,0.5,1915,5.16,0.32,7
2023-10-07,Adam May,John Cassidy,NA,1836,FIDE,1,1926,5.71,0.55,8
2023-10-16,Adam May,Neil Stuart,w1 neil stuart,1537,W1,1,1929,6.58,0.87,9
2023-10-25,Adam May,Bob Moore,w1 bob moore,1853,W1,1,1940,7.11,0.53,10
2023-11-10,Adam May,Dale Westcott,w1 dale westcott,1607,W1,0.5,1933,7.93,0.82,10.5
2023-11-21,Adam May,Thomas Wells,w1 thomas wells,1759,W1,1,1941,8.59,0.66,11.5
2023-11-26,Adam May,Chris Dixon,g1 chris dixon,1719,G1,0.5,1936,9.3,0.71,12
2023-11-29,Adam May,Andrew Smith,w1 andrew smith,1677,W1,0.5,1930,10.05,0.75,12.5
2023-12-06,Adam May,Guto Llywelyn,w1 guto llywelyn,1419,W1,1,1932,10.95,0.9,13.5
2023-12-20,Adam May,Jonathan Baker,w1 jonathan baker,1300,W1,1,1935,11.85,0.9,14.5
2023-09-08,Andrew Gibbons,Bob Gore,NA,1678,ENG,1,1957,0.83,0.83,1
2023-09-09,Andrew Gibbons,Jonathan LB Blackburn,g1 jonathan lb blackburn,2329,G1,0,1955,0.93,0.1,1
2023-09-09,Andrew Gibbons,Jai Kothari,NA,1989,ENG,0,1944,1.38,0.45,1
2023-09-10,Andrew Gibbons,Zack Norris,NA,1684,ENG,0.5,1936,2.2,0.82,1.5
2023-09-10,Andrew Gibbons,Robert Ashworth,NA,1856,ENG,1,1945,2.84,0.64,2.5
2023-09-11,Andrew Gibbons,Mark Thomas,w1 mark thomas,1802,W1,0,1928,3.54,0.7,2.5
2023-09-25,Andrew Gibbons,Andrew Smith,w1 andrew smith,1677,W1,1,1932,4.37,0.83,3.5
2023-10-22,Andrew Gibbons,Anezka Vlkova,e1 anezka vlkova,1936,E1,1,1943,4.89,0.52,4.5
2023-10-23,Andrew Gibbons,Angus Winter,w1 angus winter,1500,W1,1,1946,5.79,0.9,5.5
2023-10-25,Andrew Gibbons,Jason Garcia,w1 jason garcia,2026,W1,0,1936,6.19,0.4,5.5
2023-11-10,Andrew Gibbons,Andrew Di-Vetta,e1 andrew di-vetta,1783,E1,1,1943,6.92,0.73,6.5
2023-11-11,Andrew Gibbons,Dave Turner,g1 dave turner,1957,G1,0.5,1943,7.41,0.49,7
2023-11-12,Andrew Gibbons,Roy Thomas,e1 roy thomas,1743,E1,0.5,1936,8.18,0.77,7.5
2023-11-12,Andrew Gibbons,Dale Westcott,w1 dale westcott,1607,W1,0.5,1927,9.06,0.88,8
2023-11-26,Andrew Gibbons,Bence Szakmany,e1 bence szakmany,1799,E1,1,1934,9.77,0.71,9
2023-12-04,Andrew Gibbons,Ian Phillips,w1 ian phillips,1071,W1,1,1937,10.67,0.9,10
2023-12-13,Andrew Gibbons,James Evans,w1 james evans,1500,W1,1,1939,11.57,0.9,11
2023-09-11,Moss McCarthy,Alan Young,w1 alan young,2125,W1,0.5,2027,0.36,0.36,0.5
2023-10-23,Moss McCarthy,Mark Thomas,w1 mark thomas,1802,W1,1,2031,1.14,0.78,1.5
2023-11-21,Moss McCarthy,Andrew Di-Vetta,e1 andrew di-vetta,1783,E1,1,2034,1.94,0.8,2.5
2023-12-04,Moss McCarthy,Donovan Sipho,w1 donovan sipho,1712,W1,1,2036,2.8,0.86,3.5
2023-12-13,Moss McCarthy,Martin C Jones,d1 martin c jones,1620,D1,1,2038,3.7,0.9,4.5
2023-09-18,Peter Bevan,Les Philpin,w1 les philpin,1618,W1,1,1932,0.86,0.86,1
2023-09-25,Peter Bevan,Andrew Golley,w1 andrew golley,1679,W1,0,1913,1.67,0.81,1
2023-10-09,Peter Bevan,Andrew Smith,w1 andrew smith,1677,W1,1,1918,2.48,0.81,2
2023-10-16,Peter Bevan,Mark Thomas,w1 mark thomas,1802,W1,0.5,1913,3.16,0.68,2.5
2023-10-22,Peter Bevan,Joe Fathallah,e1 joe fathallah,2080,E1,0,1906,3.46,0.3,2.5
2023-10-25,Peter Bevan,Alan Young,w1 alan young,2125,W1,1,1924,3.7,0.24,3.5
2023-10-30,Peter Bevan,Hywel Griffiths,w1 hywel griffiths,1851,W1,0.5,1922,4.31,0.61,4
2023-11-10,Peter Bevan,Andrew Golley,w1 andrew golley,1679,W1,1,1926,5.12,0.81,5
2023-11-26,Peter Bevan,Alun Smith,e1 alun smith,1708,E1,0,1908,5.9,0.78,5
2023-12-11,Peter Bevan,Andrew Smith,w1 andrew smith,1677,W1,0.5,1900,6.71,0.81,5.5
2023-09-26,David Guy,Dale Westcott,w1 dale westcott,1607,W1,0,1824,0.8,0.8,0
2023-10-04,David Guy,Neil Stuart,w1 neil stuart,1537,W1,0.5,1815,1.65,0.85,0.5
2023-10-16,David Guy,Roger Jenkins,w1 roger jenkins,1440,W1,1,1818,2.55,0.9,1.5
2023-10-16,David Guy,Ian Jones,w1 ian jones,1979,W1,1,1834,2.86,0.31,2.5
2023-10-22,David Guy,Peter Quinn,e1 peter quinn,1733,E1,0.5,1831,3.51,0.65,3
2023-11-10,David Guy,Jon Tuson,d1 jon tuson,1500,D1,0,1810,4.39,0.88,3
2023-11-11,David Guy,John Williams,g1 john williams,1400,G1,1,1812,5.29,0.9,4
2023-11-11,David Guy,Bob Hurn,e1 bob hurn,1459,E1,1,1814,6.19,0.9,5
2023-11-12,David Guy,Yaroslav Sharhorodsky,e1 yaroslav sharhorodsky,1557,E1,0,1794,7.03,0.84,5
2023-11-12,David Guy,Paul Moulson,g1 paul moulson,1402,G1,1,1797,7.93,0.9,6
2023-11-26,David Guy,Paul Mills,g1 paul mills,1528,G1,0.5,1788,8.79,0.86,6.5
2023-11-29,David Guy,Roger Jenkins,w1 roger jenkins,1440,W1,1,1790,9.69,0.9,7.5
2023-09-13,Steve Smith,Andrew Golley,w1 andrew golley,1679,W1,0,1859,0.76,0.76,0
2023-09-26,Steve Smith,Alan Young,w1 alan young,2125,W1,0,1854,0.95,0.19,0
2023-10-30,Steve Smith,Ian Jones,w1 ian jones,1979,W1,0,1846,1.31,0.36,0
2023-11-07,Steve Smith,Thomas Wells,w1 thomas wells,1759,W1,1,1854,1.97,0.66,1
2023-11-21,Steve Smith,Adam Musson,w1 adam musson,2130,W1,1,1873,2.16,0.19,2
2023-11-27,Steve Smith,Andrew Smith,w1 andrew smith,1677,W1,0,1855,2.92,0.76,2
2023-09-18,Bob Moore,Neil Stuart,w1 neil stuart,1537,W1,1,1856,0.86,0.86,1
2023-09-25,Bob Moore,Daniel Chung,w1 daniel chung,1577,W1,1,1860,1.69,0.83,2
2023-10-09,Bob Moore,Les Philpin,w1 les philpin,1618,W1,1,1865,2.48,0.79,3
2023-10-16,Bob Moore,John Arnold,w1 john arnold,1500,W1,1,1868,3.36,0.88,4
2023-10-22,Bob Moore,Reginald Mba,e1 reginald mba,1952,E1,0.5,1871,3.72,0.36,4.5
2023-10-25,Bob Moore,Adam May,w1 adam may,1871,W1,0,1860,4.19,0.47,4.5
2023-10-30,Bob Moore,Andrew Di-Vetta,e1 andrew di-vetta,1783,E1,1,1870,4.79,0.6,5.5
2023-11-26,Bob Moore,Ellison Smith,e1 ellison smith,1773,E1,1,1879,5.4,0.61,6.5
2023-12-04,Bob Moore,Neil Stuart,w1 neil stuart,1537,W1,1,1882,6.26,0.86,7.5
2023-12-11,Bob Moore,Neil Stuart,w1 neil stuart,1537,W1,1,1886,7.12,0.86,8.5
2023-09-08,Mark Thomas,Charles F Morris,n1 charles f morris,2165,N1,0.5,1811,0.11,0.11,0.5
2023-09-09,Mark Thomas,William Phillips,g1 william phillips,1789,G1,1,1823,0.63,0.52,1.5
2023-09-09,Mark Thomas,Lee Davis,e1 lee davis,1928,E1,1,1839,0.96,0.33,2.5
2023-09-10,Mark Thomas,Gwyn Havard,e1 gwyn havard,1855,E1,1,1853,1.38,0.42,3.5
2023-09-10,Mark Thomas,Rudy Van Kemenade,n1 rudy van kemenade,1993,N1,0.5,1859,1.63,0.25,4
2023-09-11,Mark Thomas,Andrew Gibbons,w1 andrew gibbons,1953,W1,1,1876,1.93,0.3,5
2023-09-20,Mark Thomas,Dale Westcott,w1 dale westcott,1607,W1,1,1882,2.68,0.75,6
2023-09-26,Mark Thomas,Martyn Griffiths,w1 martyn griffiths,1709,W1,1,1891,3.31,0.63,7
2023-10-04,Mark Thomas,Les Philpin,w1 les philpin,1618,W1,1,1897,4.05,0.74,8
2023-10-12,Mark Thomas,Paul Headon,w1 paul headon,1689,W1,0.5,1893,4.71,0.66,8.5
2023-10-13,Mark Thomas,Mark Littleton,NA,2001,ENG,0,1887,4.95,0.24,8.5
2023-10-14,Mark Thomas,Dylan Wastney,NA,1920,ENG,0,1879,5.29,0.34,8.5
2023-10-14,Mark Thomas,Roger De Coverly,NA,1984,ENG,0,1873,5.55,0.26,8.5
2023-10-15,Mark Thomas,Spencer Lawrence,NA,1797,ENG,1,1885,6.06,0.51,9.5
2023-10-16,Mark Thomas,Darson Beeston,w1 darson beeston,1477,W1,1,1888,6.93,0.87,10.5
2023-10-16,Mark Thomas,Peter Bevan,w1 peter bevan,1929,W1,0.5,1892,7.25,0.32,11
2023-10-22,Mark Thomas,Leon Zedlmayer,e1 leon zedlmayer,1790,E1,1,1904,7.77,0.52,12
2023-10-23,Mark Thomas,Moss McCarthy,w1 moss mccarthy,2025,W1,0,1898,7.99,0.22,12
2023-10-25,Mark Thomas,Ian Eustis,w1 ian eustis,1779,W1,0,1886,8.52,0.53,12
2023-10-31,Mark Thomas,Jamie Garcia,w1 jamie garcia,1100,W1,1,1888,9.42,0.9,13
2023-11-10,Mark Thomas,Emma Kong,e1 emma kong,1478,E1,0,1867,10.29,0.87,13
2023-11-11,Mark Thomas,Vismith Prabhu,w1 vismith prabhu,1335,W1,1,1870,11.19,0.9,14
2023-11-11,Mark Thomas,Richard Larg,e1 richard larg,1453,E1,1,1873,12.07,0.88,15
2023-11-12,Mark Thomas,Malcolm Probert,w1 malcolm probert,1472,W1,0.5,1864,12.94,0.87,15.5
2023-11-12,Mark Thomas,Kam Choo Yin,e1 kam choo yin,1638,E1,1,1870,13.66,0.72,16.5
2023-11-20,Mark Thomas,Duncan Williams,w1 duncan williams,1817,W1,0.5,1871,14.14,0.48,17
2023-11-21,Mark Thomas,Yash Dave,w1 yash dave,1500,W1,0.5,1863,14.99,0.85,17.5
2023-11-26,Mark Thomas,Steve Horrell,g1 steve horrell,1740,G1,0.5,1860,15.58,0.59,18
2023-11-29,Mark Thomas,Neil Stuart,w1 neil stuart,1537,W1,1,1865,16.4,0.82,19
2023-12-06,Mark Thomas,Mike Richards,w1 mike richards,1354,W1,1,1867,17.3,0.9,20
2023-12-13,Mark Thomas,Adam Musson,w1 adam musson,2130,W1,0,1864,17.43,0.13,20
2023-12-20,Mark Thomas,Aaron Davies,w1 aaron davies,1084,W1,1,1866,18.33,0.9,21
2023-09-13,Hywel Griffiths,Duncan Williams,w1 duncan williams,1817,W1,0,1838,0.55,0.55,0
2023-09-26,Hywel Griffiths,Adam May,w1 adam may,1871,W1,0,1827,1.02,0.47,0
2023-10-30,Hywel Griffiths,Peter Bevan,w1 peter bevan,1929,W1,0.5,1829,1.41,0.39,0.5
2023-11-07,Hywel Griffiths,Ian Phillips,w1 ian phillips,1071,W1,1,1832,2.31,0.9,1.5
2023-11-27,Hywel Griffiths,Les Philpin,w1 les philpin,1618,W1,1,1837,3.1,0.79,2.5
2023-09-18,Ian Eustis,Roger Jenkins,w1 roger jenkins,1440,W1,1,1782,0.88,0.88,1
2023-09-25,Ian Eustis,Ian Jones,w1 ian jones,1979,W1,0.5,1788,1.12,0.24,1.5
2023-10-09,Ian Eustis,Neil Stuart,w1 neil stuart,1537,W1,1,1793,1.92,0.8,2.5
2023-10-16,Ian Eustis,Vismith Prabhu,w1 vismith prabhu,1335,W1,1,1795,2.82,0.9,3.5
2023-10-22,Ian Eustis,Kevin Stephens,e1 kevin stephens,1282,E1,0,1774,3.72,0.9,3.5
2023-10-24,Ian Eustis,Donovan Sipho,w1 donovan sipho,1712,W1,1,1784,4.32,0.6,4.5
2023-10-25,Ian Eustis,Mark Thomas,w1 mark thomas,1802,W1,1,1796,4.79,0.47,5.5
2023-10-30,Ian Eustis,Dale Westcott,w1 dale westcott,1607,W1,1,1803,5.52,0.73,6.5
2023-11-26,Ian Eustis,Govind Anandkumar,e1 govind anandkumar,1372,E1,0,1781,6.42,0.9,6.5
2023-12-04,Ian Eustis,Darson Beeston,w1 darson beeston,1477,W1,1,1785,7.27,0.85,7.5
2023-12-11,Ian Eustis,Roger Jenkins,w1 roger jenkins,1440,W1,0,1764,8.15,0.88,7.5
2023-07-01,Duncan Williams,Mate Ther,NA,2211,ENG,0.5,1827,0.1,0.1,0.5
2023-07-01,Duncan Williams,Jake Martin,NA,1943,ENG,0,1819,0.43,0.33,0.5
2023-07-02,Duncan Williams,Chris Doran,NA,2011,ENG,0,1813,0.68,0.25,0.5
2023-07-02,Duncan Williams,Chris Vassiliou,NA,1962,ENG,0.5,1818,0.98,0.3,1
2023-09-13,Duncan Williams,Hywel Griffiths,w1 hywel griffiths,1851,W1,1,1831,1.43,0.45,2
2023-09-18,Duncan Williams,Darson Beeston,w1 darson beeston,1477,W1,1,1834,2.31,0.88,3
2023-09-25,Duncan Williams,Adam Musson,w1 adam musson,2130,W1,1,1854,2.45,0.14,4
2023-10-16,Duncan Williams,Angus Winter,w1 angus winter,1500,W1,1,1858,3.31,0.86,5
2023-10-22,Duncan Williams,Sergio Esteves,e1 sergio esteves,1394,E1,0.5,1848,4.21,0.9,5.5
2023-10-29,Duncan Williams,Shaoting Shi,NA,1386,FIDE,1,1850,5.11,0.9,6.5
2023-10-30,Duncan Williams,Miguel Lloret Climent,NA,1954,FIDE,0.5,1855,5.42,0.31,7
2023-10-31,Duncan Williams,Saul Robledo Sanchez,NA,1926,FIDE,0,1847,5.77,0.35,7
2023-11-01,Duncan Williams,Juan Carlos Garcia Santiago,NA,1577,FIDE,0.5,1839,6.57,0.8,7.5
2023-11-02,Duncan Williams,David Kristiansen,NA,1344,FIDE,1,1842,7.47,0.9,8.5
2023-11-03,Duncan Williams,Francisco Martinez Martin,NA,1714,FIDE,0.5,1838,8.11,0.64,9
2023-11-04,Duncan Williams,David Nechifor,NA,1608,FIDE,0.5,1832,8.88,0.77,9.5
2023-11-04,Duncan Williams,Robert Kane,NA,1736,FIDE,0.5,1829,9.49,0.61,10
2023-11-05,Duncan Williams,Francisco Ramon Nieto Lopez,NA,1688,FIDE,0.5,1825,10.17,0.68,10.5
2023-11-10,Duncan Williams,McKenzie Archibald,w1 mckenzie archibald,1374,W1,1,1827,11.07,0.9,11.5
2023-11-11,Duncan Williams,Adam Musson,w1 adam musson,2130,W1,0,1824,11.21,0.14,11.5
2023-11-11,Duncan Williams,Michael Binks,e1 michael binks,2140,E1,1,1845,11.34,0.13,12.5
2023-11-12,Duncan Williams,Tim Kett,e1 tim kett,2192,E1,0,1842,11.44,0.1,12.5
2023-11-12,Duncan Williams,Andrew Di-Vetta,e1 andrew di-vetta,1783,E1,1,1853,11.99,0.55,13.5
2023-11-20,Duncan Williams,Mark Thomas,w1 mark thomas,1802,W1,0.5,1852,12.51,0.52,14
2023-11-26,Duncan Williams,Liam Penny,e1 liam penny,1748,E1,0.5,1850,13.11,0.6,14.5
2023-11-29,Duncan Williams,Alan Young,w1 alan young,2125,W1,0,1847,13.26,0.15,14.5
2023-12-11,Duncan Williams,Darson Beeston,w1 darson beeston,1477,W1,1,1850,14.14,0.88,15.5
2023-09-13,Michael Beck,Sam Pritchard,w1 sam pritchard,1602,W1,0.5,1735,0.69,0.69,0.5
2023-10-22,Michael Beck,Alex Kennedy,e1 alex kennedy,1516,E1,1,1741,1.47,0.78,1.5
2023-09-26,Martyn Griffiths,Mark Thomas,w1 mark thomas,1802,W1,0,1700,0.37,0.37,0
2023-10-10,Martyn Griffiths,Roger Jenkins,w1 roger jenkins,1440,W1,1,1704,1.19,0.82,1
2023-10-24,Martyn Griffiths,Ken Huntley,w1 ken huntley,1349,W1,0.5,1695,2.08,0.89,1.5
2023-10-31,Martyn Griffiths,Jordan Heatman,w1 jordan heatman,1250,W1,0.5,1685,2.98,0.9,2
2023-11-21,Martyn Griffiths,Martin C Jones,d1 martin c jones,1620,D1,0.5,1682,3.61,0.63,2.5
2023-12-12,Martyn Griffiths,Paul Headon,w1 paul headon,1689,W1,1,1694,4.14,0.53,3.5
2023-09-26,Chris Daniel,Gary Harber,w1 gary harber,1210,W1,1,1604,0.9,0.9,1
2023-10-04,Chris Daniel,Roger Jenkins,w1 roger jenkins,1440,W1,0.5,1599,1.62,0.72,1.5
2023-10-16,Chris Daniel,Farouq Nasir,w1 farouq nasir,1217,W1,0,1578,2.52,0.9,1.5
2023-10-23,Chris Daniel,Ian Jones,w1 ian jones,1979,W1,0,1575,2.62,0.1,1.5
2023-11-20,Chris Daniel,Les Philpin,w1 les philpin,1618,W1,0.5,1576,3.1,0.48,2
2023-11-21,Chris Daniel,Dale Westcott,w1 dale westcott,1607,W1,0,1564,3.59,0.49,2
2023-12-05,Chris Daniel,Andrew Powell,w1 andrew powell,1087,W1,0.5,1554,4.49,0.9,2.5
2023-12-11,Chris Daniel,John Ward,w1 john ward,1125,W1,1,1557,5.39,0.9,3.5
2023-09-13,Les Philpin,Andrew Di-Vetta,e1 andrew di-vetta,1783,E1,0,1611,0.28,0.28,0
2023-09-18,Les Philpin,Peter Bevan,w1 peter bevan,1929,W1,0,1608,0.42,0.14,0
2023-10-04,Les Philpin,Mark Thomas,w1 mark thomas,1802,W1,0,1602,0.68,0.26,0
2023-10-09,Les Philpin,Bob Moore,w1 bob moore,1853,W1,0,1597,0.89,0.21,0
2023-10-24,Les Philpin,Thomas Wells,w1 thomas wells,1759,W1,1,1613,1.2,0.31,1
2023-11-11,Les Philpin,Richard Larg,e1 richard larg,1453,E1,0.5,1608,1.92,0.72,1.5
2023-11-11,Les Philpin,Emma Kong,e1 emma kong,1478,E1,0,1591,2.61,0.69,1.5
2023-11-12,Les Philpin,Martin C Jones,d1 martin c jones,1620,D1,0,1580,3.11,0.5,1.5
2023-11-20,Les Philpin,Chris Daniel,w1 chris daniel,1602,W1,0.5,1579,3.63,0.52,2
2023-11-27,Les Philpin,Hywel Griffiths,w1 hywel griffiths,1851,W1,0,1574,3.84,0.21,2
2023-12-04,Les Philpin,Farouq Nasir,w1 farouq nasir,1217,W1,0,1552,4.74,0.9,2
2023-09-13,Andrew Smith,Jonathan Thomas,w1 jonathan thomas,1780,W1,0.5,1680,0.36,0.36,0.5
2023-09-18,Andrew Smith,Ian Jones,w1 ian jones,1979,W1,0,1677,0.51,0.15,0.5
2023-09-25,Andrew Smith,Andrew Gibbons,w1 andrew gibbons,1953,W1,0,1673,0.68,0.17,0.5
2023-10-09,Andrew Smith,Peter Bevan,w1 peter bevan,1929,W1,0,1668,0.87,0.19,0.5
2023-11-20,Andrew Smith,Huw Jones,w1 huw jones,1670,W1,0.5,1668,1.38,0.51,1
2023-11-27,Andrew Smith,Steve Smith,w1 steve smith,1877,W1,1,1686,1.62,0.24,2
2023-11-29,Andrew Smith,Adam May,w1 adam may,1871,W1,0.5,1692,1.87,0.25,2.5
2023-12-04,Andrew Smith,Roger Jenkins,w1 roger jenkins,1440,W1,0.5,1685,2.67,0.8,3
2023-12-11,Andrew Smith,Peter Bevan,w1 peter bevan,1929,W1,0.5,1693,2.86,0.19,3.5
2023-09-27,Ben Mora,Karl Wendrich,w1 karl wendrich,1436,W1,1,1693,0.81,0.81,1
2023-10-04,Ben Mora,Andrew Powell,w1 andrew powell,1087,W1,1,1695,1.71,0.9,2
2023-08-18,Daniel Chung,Aryan Munshi,NA,1682,FIDE,0,1566,0.35,0.35,0
2023-08-18,Daniel Chung,Ronit Sachdeva,NA,2039,ENG,0,1562,0.45,0.1,0
2023-08-19,Daniel Chung,Mark Mcgraph,NA,1757,FIDE,0.5,1570,0.71,0.26,0.5
2023-08-19,Daniel Chung,Aryan Munshi,NA,1682,FIDE,0,1559,1.06,0.35,0.5
2023-08-20,Daniel Chung,Ronit Sachdeva,NA,2039,ENG,0,1556,1.16,0.1,0.5
2023-08-20,Daniel Chung,Mark Mcgraph,NA,1757,FIDE,0,1547,1.42,0.26,0.5
2023-09-25,Daniel Chung,Bob Moore,w1 bob moore,1853,W1,0,1542,1.59,0.17,0.5
2023-10-16,Daniel Chung,Jason Garcia,w1 jason garcia,2026,W1,0,1539,1.69,0.1,0.5
2023-09-26,Tony Crossman,McKenzie Archibald,w1 mckenzie archibald,1374,W1,1,1628,0.81,0.81,1
2023-10-31,Tony Crossman,Ben Hambridge,w1 ben hambridge,1100,W1,1,1630,1.71,0.9,2
2023-11-21,Tony Crossman,Anthony Beck,w1 anthony beck,1535,W1,0.5,1627,2.33,0.62,2.5
2023-12-05,Tony Crossman,Cameron Ferguson,w1 cameron ferguson,1110,W1,1,1629,3.23,0.9,3.5
2023-12-11,Tony Crossman,John Giannini,w1 john giannini,851,W1,1,1632,4.13,0.9,4.5
2023-09-18,Neil Stuart,Bob Moore,w1 bob moore,1853,W1,0,1533,0.14,0.14,0
2023-10-02,Neil Stuart,Nick Hale,w1 nick hale,1213,W1,0,1505,1.01,0.87,0
2023-10-04,Neil Stuart,David Guy,w1 david guy,1843,W1,0.5,1516,1.16,0.15,0.5
2023-10-09,Neil Stuart,Ian Eustis,w1 ian eustis,1779,W1,0,1510,1.36,0.2,0.5
2023-10-16,Neil Stuart,Adam May,w1 adam may,1871,W1,0,1506,1.49,0.13,0.5
2023-10-17,Neil Stuart,Owen Wallace,w1 owen wallace,1237,W1,1,1511,2.34,0.85,1.5
2023-10-23,Neil Stuart,Roger Jenkins,w1 roger jenkins,1440,W1,0.5,1506,2.98,0.64,2
2023-10-24,Neil Stuart,Alex Kharchenko,w1 alex kharchenko,1200,W1,1,1510,3.85,0.87,3
2023-10-30,Neil Stuart,Yash Dave,w1 yash dave,1500,W1,1,1524,4.4,0.55,4
2023-11-10,Neil Stuart,Graham Ashcroft,NA,1852,ENG,0,1520,4.54,0.14,4
2023-11-11,Neil Stuart,Jack Hannigan,e1 jack hannigan,1393,E1,0.5,1514,5.24,0.7,4.5
2023-11-11,Neil Stuart,Martin C Jones,d1 martin c jones,1620,D1,1,1533,5.62,0.38,5.5
2023-11-12,Neil Stuart,Dave Williams,g1 dave williams,1611,G1,0.5,1537,6.02,0.4,6
2023-11-20,Neil Stuart,Malcolm Probert,w1 malcolm probert,1472,W1,0.5,1534,6.61,0.59,6.5
2023-11-26,Neil Stuart,Lucas Zheng,e1 lucas zheng,1104,E1,0.5,1521,7.51,0.9,7
2023-11-29,Neil Stuart,Mark Thomas,w1 mark thomas,1802,W1,0,1515,7.69,0.18,7
2023-12-04,Neil Stuart,Bob Moore,w1 bob moore,1853,W1,0,1511,7.83,0.14,7
2023-12-11,Neil Stuart,Bob Moore,w1 bob moore,1853,W1,0,1506,7.97,0.14,7
2023-09-13,Sam Pritchard,Michael Beck,w1 michael beck,1740,W1,0.5,1607,0.31,0.31,0.5
2023-10-24,Sam Pritchard,Wojtek Liponski,w1 wojtek liponski,1348,W1,0,1587,1.12,0.81,0.5
2023-10-30,Sam Pritchard,Donovan Sipho,w1 donovan sipho,1712,W1,0,1579,1.47,0.35,0.5
2023-07-07,Malcolm Probert,Petr Marusenko,NA,2043,FIDE,0,1469,0.1,0.1,0
2023-07-07,Malcolm Probert,Dai James,e1 dai james,1858,E1,0.5,1482,0.2,0.1,0.5
2023-07-08,Malcolm Probert,David Robinson,e1 david robinson,1885,E1,0,1478,0.3,0.1,0.5
2023-07-10,Malcolm Probert,Calum Harris,e1 calum harris,1882,E1,0,1475,0.4,0.1,0.5
2023-07-11,Malcolm Probert,Ben Bickford,e1 ben bickford,1499,E1,0.5,1476,0.86,0.46,1
2023-07-11,Malcolm Probert,David Belochkin,e1 david belochkin,1250,E1,0,1451,1.64,0.78,1
2023-07-12,Malcolm Probert,Thomas Nalej,e1 thomas nalej,1086,E1,1,1455,2.54,0.9,2
2023-09-09,Malcolm Probert,Gryff Thomas,NA,1200,FIDE,1,1460,3.37,0.83,3
2023-09-09,Malcolm Probert,Scott Hammett,d1 scott hammett,1610,D1,1,1482,3.68,0.31,4
2023-09-10,Malcolm Probert,Krzysztof Jakubiak,e1 krzysztof jakubiak,1599,E1,1,1504,4,0.32,5
2023-09-10,Malcolm Probert,Darson Beeston,w1 darson beeston,1477,W1,0.5,1504,4.49,0.49,5.5
2023-09-13,Malcolm Probert,Martin C Jones,d1 martin c jones,1620,D1,0,1494,4.79,0.3,5.5
2023-09-26,Malcolm Probert,Derek Bellamy,w1 derek bellamy,1178,W1,1,1499,5.63,0.84,6.5
2023-10-04,Malcolm Probert,Karl Wendrich,w1 karl wendrich,1436,W1,1,1514,6.18,0.55,7.5
2023-10-07,Malcolm Probert,Haoyu Yin,e1 haoyu yin,1461,E1,0,1497,6.7,0.52,7.5
2023-10-08,Malcolm Probert,Zack Wilkins,e1 zack wilkins,1337,E1,1,1507,7.39,0.69,8.5
2023-10-08,Malcolm Probert,Csege Hanczar,e1 csege hanczar,1188,E1,1,1513,8.23,0.84,9.5
2023-10-09,Malcolm Probert,Ben Thomas,e1 ben thomas,2011,E1,0,1509,8.33,0.1,9.5
2023-10-09,Malcolm Probert,Andrew Evans,g1 andrew evans,1200,G1,0,1483,9.16,0.83,9.5
2023-10-15,Malcolm Probert,Karl Wendrich,w1 karl wendrich,1436,W1,0,1465,9.71,0.55,9.5
2023-11-10,Malcolm Probert,Lef Zografos,e1 lef zografos,1728,E1,0.5,1475,9.9,0.19,10
2023-11-11,Malcolm Probert,Martin C Jones,d1 martin c jones,1620,D1,1,1498,10.2,0.3,11
2023-11-11,Malcolm Probert,Krzysztof Jakubiak,e1 krzysztof jakubiak,1599,E1,1,1519,10.52,0.32,12
2023-11-12,Malcolm Probert,Mark Thomas,w1 mark thomas,1802,W1,0.5,1531,10.65,0.13,12.5
2023-11-12,Malcolm Probert,Scott Hammett,d1 scott hammett,1610,D1,0,1521,10.96,0.31,12.5
2023-11-20,Malcolm Probert,Neil Stuart,w1 neil stuart,1537,W1,0.5,1524,11.37,0.41,13
2023-11-21,Malcolm Probert,Carl Halpin,w1 carl halpin,1375,W1,0.5,1520,12.01,0.64,13.5
2023-12-06,Malcolm Probert,Jason Garcia,w1 jason garcia,2026,W1,0,1517,12.11,0.1,13.5
2023-12-13,Malcolm Probert,Richard Cleveland,w1 richard cleveland,2050,W1,0,1513,12.21,0.1,13.5
2023-12-20,Malcolm Probert,William Hewitt,w1 william hewitt,2049,W1,0,1510,12.31,0.1,13.5
2023-09-19,Anthony Beck,Roger Jenkins,w1 roger jenkins,1440,W1,0.5,1531,0.63,0.63,0.5
2023-10-10,Anthony Beck,Tony Goodchild,w1 tony goodchild,1226,W1,1,1535,1.49,0.86,1.5
2023-10-31,Anthony Beck,Andrew Powell,w1 andrew powell,1087,W1,0,1507,2.39,0.9,1.5
2023-11-21,Anthony Beck,Tony Crossman,w1 tony crossman,1623,W1,0.5,1511,2.77,0.38,2
2023-09-27,Ralph Cook,Louis Ba Thein,w1 louis ba thein,1352,W1,1,1528,0.72,0.72,1
2023-10-04,Ralph Cook,Claire Gorman,w1 claire gorman,1044,W1,1,1531,1.62,0.9,2
2023-10-12,Ralph Cook,Martin C Jones,d1 martin c jones,1620,D1,0,1520,1.98,0.36,2
2023-10-25,Ralph Cook,Yash Dave,w1 yash dave,1500,W1,0,1503,2.51,0.53,2
2023-11-01,Ralph Cook,Roger Jenkins,w1 roger jenkins,1440,W1,0.5,1499,3.12,0.61,2.5
2023-11-22,Ralph Cook,Nick Hale,w1 nick hale,1213,W1,1,1504,3.97,0.85,3.5
2023-11-29,Ralph Cook,Guto Llywelyn,w1 guto llywelyn,1419,W1,0.5,1499,4.61,0.64,4
2023-12-12,Ralph Cook,Dale Westcott,w1 dale westcott,1607,W1,0,1487,4.99,0.38,4
2023-09-13,Guto Llywelyn,Vismith Prabhu,w1 vismith prabhu,1335,W1,0,1399,0.62,0.62,0
2023-09-18,Guto Llywelyn,Louis Ba Thein,w1 louis ba thein,1352,W1,1,1412,1.22,0.6,1
2023-09-27,Guto Llywelyn,Jordan Heatman,w1 jordan heatman,1250,W1,0,1389,1.95,0.73,1
2023-10-15,Guto Llywelyn,Louis Ba Thein,w1 louis ba thein,1352,W1,0,1370,2.55,0.6,1
2023-11-01,Guto Llywelyn,Spencer Ripley,w1 spencer ripley,1036,W1,1,1373,3.45,0.9,2
2023-11-29,Guto Llywelyn,Ralph Cook,w1 ralph cook,1519,W1,0.5,1378,3.81,0.36,2.5
2023-12-06,Guto Llywelyn,Adam May,w1 adam may,1871,W1,0,1374,3.91,0.1,2.5
2023-10-18,Steve Edwards,Greg Goold,w1 greg goold,1222,W1,0.5,1457,0.8,0.8,0.5
2023-10-25,Steve Edwards,Ian Phillips,w1 ian phillips,1071,W1,1,1460,1.7,0.9,1.5
2023-11-01,Steve Edwards,Louis Ba Thein,w1 louis ba thein,1352,W1,0.5,1455,2.36,0.66,2
2023-11-07,Steve Edwards,Carl Halpin,w1 carl halpin,1375,W1,0.5,1451,2.99,0.63,2.5
2023-11-22,Steve Edwards,Greg Goold,w1 greg goold,1222,W1,1,1458,3.79,0.8,3.5
2023-11-29,Steve Edwards,Matthew Billington,w1 matthew billington,1415,W1,0,1439,4.36,0.57,3.5
2023-10-17,Owen Wallace,Neil Stuart,w1 neil stuart,1537,W1,0,1232,0.15,0.15,0
2023-09-18,Roger Jenkins,Ian Eustis,w1 ian eustis,1779,W1,0,1436,0.12,0.12,0
2023-09-19,Roger Jenkins,Anthony Beck,w1 anthony beck,1535,W1,0.5,1440,0.49,0.37,0.5
2023-09-27,Roger Jenkins,Paul Headon,w1 paul headon,1689,W1,0.5,1450,0.68,0.19,1
2023-10-04,Roger Jenkins,Chris Daniel,w1 chris daniel,1602,W1,0.5,1457,0.96,0.28,1.5
2023-10-10,Roger Jenkins,Jordan Heatman,w1 jordan heatman,1250,W1,0,1433,1.71,0.75,1.5
2023-10-10,Roger Jenkins,Martyn Griffiths,w1 martyn griffiths,1709,W1,0,1428,1.89,0.18,1.5
2023-10-16,Roger Jenkins,David Guy,w1 david guy,1843,W1,0,1424,1.99,0.1,1.5
2023-10-23,Roger Jenkins,Neil Stuart,w1 neil stuart,1537,W1,0.5,1429,2.35,0.36,2
2023-10-30,Roger Jenkins,Wojtek Liponski,w1 wojtek liponski,1348,W1,0.5,1425,2.98,0.63,2.5
2023-11-01,Roger Jenkins,Ralph Cook,w1 ralph cook,1519,W1,0.5,1428,3.37,0.39,3
2023-11-20,Roger Jenkins,Yash Dave,w1 yash dave,1500,W1,1,1447,3.78,0.41,4
2023-11-27,Roger Jenkins,Carl Halpin,w1 carl halpin,1375,W1,1,1460,4.37,0.59,5
2023-11-29,Roger Jenkins,David Guy,w1 david guy,1843,W1,0,1457,4.47,0.1,5
2023-12-04,Roger Jenkins,Andrew Smith,w1 andrew smith,1677,W1,0.5,1466,4.67,0.2,5.5
2023-12-11,Roger Jenkins,Ian Eustis,w1 ian eustis,1779,W1,1,1494,4.79,0.12,6.5
2023-12-13,Roger Jenkins,Elliot Chapman,w1 elliot chapman,1235,W1,0,1470,5.55,0.76,6.5
2023-11-20,Haoran Zhu,Darson Beeston,w1 darson beeston,1477,W1,0,1129,0.12,0.12,0
2023-12-05,Haoran Zhu,Ken Huntley,w1 ken huntley,1349,W1,0.5,1142,0.35,0.23,0.5
2023-09-13,Mike Richards,James Evans,w1 james evans,1500,W1,0,1344,0.3,0.3,0
2023-09-18,Mike Richards,Dave Conway,w1 dave conway,1197,W1,1,1354,1.01,0.71,1
2023-09-27,Mike Richards,Claire Gorman,w1 claire gorman,1044,W1,0,1326,1.87,0.86,1
2023-11-01,Mike Richards,June Evans,w1 june evans,1093,W1,1,1332,2.69,0.82,2
2023-11-29,Mike Richards,Elliot Chapman,w1 elliot chapman,1235,W1,0,1311,3.35,0.66,2
2023-12-06,Mike Richards,Mark Thomas,w1 mark thomas,1802,W1,0,1308,3.45,0.1,2
2023-09-18,Louis Ba Thein,Guto Llywelyn,w1 guto llywelyn,1419,W1,0,1339,0.4,0.4,0
2023-09-19,Louis Ba Thein,Andrew Davies,w1 andrew davies,1375,W1,0,1324,0.87,0.47,0
2023-09-27,Louis Ba Thein,Ralph Cook,w1 ralph cook,1519,W1,0,1315,1.15,0.28,0
2023-10-10,Louis Ba Thein,Dale Westcott,w1 dale westcott,1607,W1,0,1309,1.34,0.19,0
2023-10-15,Louis Ba Thein,Guto Llywelyn,w1 guto llywelyn,1419,W1,1,1328,1.74,0.4,1
2023-10-17,Louis Ba Thein,Wojtek Liponski,w1 wojtek liponski,1348,W1,0,1312,2.25,0.51,1
2023-10-23,Louis Ba Thein,Karl Wendrich,w1 karl wendrich,1436,W1,1,1332,2.63,0.38,2
2023-11-01,Louis Ba Thein,Steve Edwards,w1 steve edwards,1467,W1,0.5,1337,2.97,0.34,2.5
2023-11-20,Louis Ba Thein,Robin Kerremans,w1 robin kerremans,1166,W1,0,1313,3.71,0.74,2.5
2023-11-21,Louis Ba Thein,Jordan Heatman,w1 jordan heatman,1250,W1,1,1325,4.35,0.64,3.5
2023-11-27,Louis Ba Thein,Mark Wilson,w1 mark wilson,1454,W1,0,1313,4.71,0.36,3.5
2023-12-13,Louis Ba Thein,Spencer Ripley,w1 spencer ripley,1036,W1,0,1286,5.57,0.86,3.5
2023-09-15,Advik Samiaiya,Gabrielis Abravicius,w1 gabrielis abravicius,850,W1,0,826,0.5,0.5,0
2023-09-29,Advik Samiaiya,Alex Addis-Fuller,w1 alex addis-fuller,850,W1,0.5,826,1,0.5,0.5
2023-10-03,Advik Samiaiya,Harrison Smith,w1 harrison smith,850,W1,1,850,1.5,0.5,1.5
2023-10-06,Advik Samiaiya,Dylan Greenway,w1 dylan greenway,1043,W1,0,838,1.75,0.25,1.5
2023-10-10,Advik Samiaiya,Glyn Hill,w1 glyn hill,850,W1,1,862,2.25,0.5,2.5
2023-10-13,Advik Samiaiya,Kiran Kini,w1 kiran kini,850,W1,1,886,2.75,0.5,3.5
2023-11-07,Advik Samiaiya,Gareth Tremain,w1 gareth tremain,979,W1,1,919,3.07,0.32,4.5
2023-11-15,Advik Samiaiya,Rishi Reddy Mittapally,w1 rishi reddy mittapally,850,W1,1,943,3.57,0.5,5.5
2023-11-17,Advik Samiaiya,Claire Gorman,w1 claire gorman,1044,W1,0,931,3.82,0.25,5.5
2023-12-12,Advik Samiaiya,Dylan Greenway,w1 dylan greenway,1043,W1,0.5,943,4.07,0.25,6
2023-09-20,Ken Huntley,Steve Jeacock,w1 steve jeacock,1136,W1,0,1324,0.77,0.77,0
2023-10-04,Ken Huntley,James Evans,w1 james evans,1500,W1,1,1347,1.07,0.3,1
2023-10-17,Ken Huntley,Jordan Heatman,w1 jordan heatman,1250,W1,1,1358,1.71,0.64,2
2023-10-24,Ken Huntley,Martyn Griffiths,w1 martyn griffiths,1709,W1,0.5,1371,1.82,0.11,2.5
2023-12-05,Ken Huntley,Haoran Zhu,w1 haoran zhu,1135,W1,0.5,1362,2.59,0.77,3
2023-11-27,Ben Rowlands,Tony Goodchild,w1 tony goodchild,1226,W1,1,1446,0.77,0.77,1
2023-12-05,Ben Rowlands,Yash Dave,w1 yash dave,1500,W1,1,1465,1.18,0.41,2
2023-09-18,Tony Goodchild,Vismith Prabhu,w1 vismith prabhu,1335,W1,0,1215,0.35,0.35,0
2023-09-19,Tony Goodchild,Carl Halpin,w1 carl halpin,1375,W1,0,1205,0.65,0.3,0
2023-10-10,Tony Goodchild,Anthony Beck,w1 anthony beck,1535,W1,0,1201,0.79,0.14,0
2023-10-15,Tony Goodchild,Jonathan Baker,w1 jonathan baker,1300,W1,0,1188,1.19,0.4,0
2023-10-17,Tony Goodchild,Yash Dave,w1 yash dave,1500,W1,0,1183,1.36,0.17,0
2023-10-23,Tony Goodchild,Farouq Nasir,w1 farouq nasir,1217,W1,0,1166,1.87,0.51,0
2023-11-01,Tony Goodchild,Nick Hale,w1 nick hale,1213,W1,1,1182,2.39,0.52,1
2023-11-21,Tony Goodchild,Cameron Ferguson,w1 cameron ferguson,1110,W1,1,1192,3.05,0.66,2
2023-11-27,Tony Goodchild,Ben Rowlands,w1 ben rowlands,1439,W1,0,1185,3.28,0.23,2
2023-12-11,Tony Goodchild,Huw Jones,w1 huw jones,1670,W1,0.5,1198,3.38,0.1,2.5
2023-12-13,Tony Goodchild,John Williams,w1 john williams,1100,W1,1,1208,4.05,0.67,3.5
2023-09-19,John Davies,Paul Bevan,w1 paul bevan,1211,W1,1,1237,0.52,0.52,1
2023-10-10,John Davies,John Ward,w1 john ward,1125,W1,1,1249,1.16,0.64,2
2023-10-24,John Davies,Roger Llewellyn,w1 roger llewellyn,1123,W1,0,1229,1.8,0.64,2
2023-11-21,John Davies,Jonathan Baker,w1 jonathan baker,1300,W1,0,1216,2.19,0.39,2
2023-11-28,John Davies,Robin Kerremans,w1 robin kerremans,1166,W1,0,1198,2.77,0.58,2
2023-09-20,Vaughan Thomas,Janet Evans,w1 janet evans,1010,W1,0.5,1159,0.71,0.71,0.5
2023-10-24,Vaughan Thomas,Jordan Heatman,w1 jordan heatman,1250,W1,0,1140,1.1,0.39,0.5
2023-09-20,Gary Harber,Spencer Ripley,w1 spencer ripley,1036,W1,0,1187,0.73,0.73,0
2023-09-26,Gary Harber,Chris Daniel,w1 chris daniel,1602,W1,0,1183,0.83,0.1,0
2023-10-04,Gary Harber,Matthew Billington,w1 matthew billington,1415,W1,0,1176,1.07,0.24,0
2023-10-24,Gary Harber,Carl Halpin,w1 carl halpin,1375,W1,0,1167,1.35,0.28,0
2023-11-27,Gary Harber,Bobby Taylor,w1 bobby taylor,850,W1,0,1139,2.24,0.89,0
2023-12-05,Gary Harber,Eugene Tee,w1 eugene tee,1100,W1,0,1118,2.89,0.65,0
2023-09-18,Dave Conway,Mike Richards,w1 mike richards,1354,W1,0,1183,0.29,0.29,0
2023-10-02,Dave Conway,Steve Jeacock,w1 steve jeacock,1136,W1,1,1203,0.88,0.59,1
2023-10-17,Dave Conway,Ian Phillips,w1 ian phillips,1071,W1,0,1171,1.55,0.67,1
2023-10-23,Dave Conway,Sulaiman Nasir,w1 sulaiman nasir,1221,W1,1,1196,2.02,0.47,2
2023-09-19,Paul Bevan,John Davies,w1 john davies,1222,W1,0,1196,0.48,0.48,0
2023-10-02,Paul Bevan,June Evans,w1 june evans,1093,W1,1,1206,1.14,0.66,1
2023-10-10,Paul Bevan,David Battell,w1 david battell,1120,W1,1,1218,1.77,0.63,2
2023-10-10,Paul Bevan,Carl Halpin,w1 carl halpin,1375,W1,0,1209,2.05,0.28,2
2023-10-15,Paul Bevan,Aaron Davies,w1 aaron davies,1084,W1,0,1188,2.73,0.68,2
2023-10-17,Paul Bevan,Tristan Griffith,w1 tristan griffith,1100,W1,1,1199,3.38,0.65,3
2023-10-23,Paul Bevan,John Ward,w1 john ward,1125,W1,1,1211,4,0.62,4
2023-12-04,Paul Bevan,Sulaiman Nasir,w1 sulaiman nasir,1221,W1,0,1195,4.49,0.49,4
2023-12-11,Paul Bevan,Martin C Jones,d1 martin c jones,1620,D1,1,1224,4.59,0.1,5
2023-12-13,Paul Bevan,Janet Evans,w1 janet evans,1010,W1,1,1232,5.35,0.76,6
2023-09-20,Byron Jones,Huw Jones,w1 huw jones,1670,W1,0,1198,0.1,0.1,0
2023-09-20,Derek Bellamy,Rajith Babu,w1 rajith babu,834,W1,1,1184,0.88,0.88,1
2023-09-26,Derek Bellamy,Malcolm Probert,w1 malcolm probert,1472,W1,0,1176,1.04,0.16,1
2023-10-17,Derek Bellamy,Cameron Ferguson,w1 cameron ferguson,1110,W1,1,1196,1.64,0.6,2
2023-12-05,Derek Bellamy,William Selby,w1 william selby,1100,W1,1,1214,2.25,0.61,3
2023-09-20,Greg Goold,McKenzie Archibald,w1 mckenzie archibald,1374,W1,0,1213,0.29,0.29,0
2023-09-27,Greg Goold,Farouq Nasir,w1 farouq nasir,1217,W1,0,1196,0.8,0.51,0
2023-10-04,Greg Goold,Emyr-Wyn Francis,w1 emyr-wyn francis,850,W1,1,1200,1.69,0.89,1
2023-10-12,Greg Goold,John Arnold,w1 john arnold,1500,W1,0,1194,1.86,0.17,1
2023-10-18,Greg Goold,Steve Edwards,w1 steve edwards,1467,W1,0.5,1204,2.06,0.2,1.5
2023-11-01,Greg Goold,James Evans,w1 james evans,1500,W1,0,1199,2.23,0.17,1.5
2023-11-07,Greg Goold,Jordan Heatman,w1 jordan heatman,1250,W1,0,1184,2.69,0.46,1.5
2023-11-15,Greg Goold,Carl Halpin,w1 carl halpin,1375,W1,0,1175,2.98,0.29,1.5
2023-11-22,Greg Goold,Steve Edwards,w1 steve edwards,1467,W1,0,1168,3.18,0.2,1.5
2023-11-29,Greg Goold,Vismith Prabhu,w1 vismith prabhu,1335,W1,0,1157,3.52,0.34,1.5
2023-12-12,Greg Goold,Jordan Heatman,w1 jordan heatman,1250,W1,0,1143,3.98,0.46,1.5
2023-10-02,Nick Hale,Neil Stuart,w1 neil stuart,1537,W1,1,1241,0.13,0.13,1
2023-10-04,Nick Hale,William Francis,w1 william francis,850,W1,0.5,1228,1.02,0.89,1.5
2023-10-18,Nick Hale,Paul Headon,w1 paul headon,1689,W1,0,1225,1.12,0.1,1.5
2023-11-01,Nick Hale,Tony Goodchild,w1 tony goodchild,1226,W1,0,1210,1.6,0.48,1.5
2023-11-15,Nick Hale,Cameron Ferguson,w1 cameron ferguson,1110,W1,1,1221,2.24,0.64,2.5
2023-11-22,Nick Hale,Ralph Cook,w1 ralph cook,1519,W1,0,1216,2.39,0.15,2.5
2023-12-13,Nick Hale,Karl Wendrich,w1 karl wendrich,1436,W1,0,1209,2.61,0.22,2.5
2023-09-18,John Ward,Jonathan Baker,w1 jonathan baker,1300,W1,0,1112,0.27,0.27,0
2023-09-29,John Ward,David Battell,w1 david battell,1120,W1,0,1088,0.78,0.51,0
2023-10-02,John Ward,Spencer Ripley,w1 spencer ripley,1036,W1,0,1058,1.41,0.63,0
2023-10-10,John Ward,John Davies,w1 john davies,1222,W1,0,1040,1.77,0.36,0
2023-10-20,John Ward,John Giannini,w1 john giannini,851,W1,1,1049,2.6,0.83,1
2023-10-23,John Ward,Paul Bevan,w1 paul bevan,1211,W1,0,1030,2.98,0.38,1
2023-11-01,John Ward,John Williams,w1 john williams,1100,W1,1,1053,3.52,0.54,2
2023-11-15,John Ward,Joe Rogers,w1 joe rogers,1100,W1,0,1027,4.06,0.54,2
2023-11-21,John Ward,Andrew Powell,w1 andrew powell,1087,W1,0,1000,4.61,0.55,2
2023-12-01,John Ward,Claire Gorman,w1 claire gorman,1044,W1,0,971,5.22,0.61,2
2023-12-11,John Ward,Chris Daniel,w1 chris daniel,1602,W1,0,966,5.32,0.1,2
2023-12-13,John Ward,Aaron Davies,w1 aaron davies,1084,W1,0,939,5.88,0.56,2
2023-09-28,Peter Merrifield,Surjit Dhemrait,NA,1598,ENG,0,1188,0.1,0.1,0
2023-10-26,Peter Merrifield,David Wray,NA,1427,ENG,0,1178,0.31,0.21,0
2023-11-04,Peter Merrifield,David Clayton,NA,1519,ENG,0,1172,0.44,0.13,0
2023-11-04,Peter Merrifield,Karina Kowalczyk,NA,1517,ENG,0,1165,0.57,0.13,0
2023-11-23,Peter Merrifield,Xiling Wang,NA,1256,ENG,0,1146,0.98,0.41,0
2023-12-07,Peter Merrifield,Tiger Suryaatmadja,NA,911,ENG,0,1106,1.82,0.84,0
2023-10-31,Luke Turner,William Francis,w1 william francis,850,W1,1,1291,0.9,0.9,1
2023-09-26,Roger Llewellyn,Matthew Billington,w1 matthew billington,1415,W1,0.5,1139,0.16,0.16,0.5
2023-10-17,Roger Llewellyn,Andrew Powell,w1 andrew powell,1087,W1,0.5,1137,0.71,0.55,1
2023-10-24,Roger Llewellyn,John Davies,w1 john davies,1222,W1,1,1168,1.07,0.36,2
2023-12-05,Roger Llewellyn,Ian Phillips,w1 ian phillips,1071,W1,1,1188,1.64,0.57,3
2023-10-02,June Evans,Paul Bevan,w1 paul bevan,1211,W1,0,1077,0.34,0.34,0
2023-10-12,June Evans,Vismith Prabhu,w1 vismith prabhu,1335,W1,0,1067,0.54,0.2,0
2023-10-25,June Evans,B Hambridge,NA,1,W1,0,1019,1.54,1,0
2023-11-01,June Evans,Mike Richards,w1 mike richards,1354,W1,0,1011,1.72,0.18,0
2023-11-07,June Evans,Claire Gorman,w1 claire gorman,1044,W1,0,983,2.29,0.57,0
2023-11-15,June Evans,Claire Gorman,w1 claire gorman,1044,W1,0,956,2.86,0.57,0
2023-11-22,June Evans,John Williams,w1 john williams,1100,W1,1,980,3.35,0.49,1
2023-09-19,Andrew Davies,Louis Ba Thein,w1 louis ba thein,1352,W1,1,1390,0.53,0.53,1
2023-10-17,Andrew Davies,McKenzie Archibald,w1 mckenzie archibald,1374,W1,0,1374,1.03,0.5,1
2023-09-15,Bradley Parfitt,Rishi Reddy Mittapally,w1 rishi reddy mittapally,850,W1,1,976,0.65,0.65,1
2023-10-03,Bradley Parfitt,David Battell,w1 david battell,1120,W1,0,962,0.93,0.28,1
2023-10-06,Bradley Parfitt,William Francis,w1 william francis,850,W1,0.5,955,1.58,0.65,1.5
2023-11-24,Bradley Parfitt,Claire Gorman,w1 claire gorman,1044,W1,0,937,1.96,0.38,1.5
2023-09-09,Andrew Powell,David Norris,g1 david norris,1509,G1,0.5,1106,0.1,0.1,0.5
2023-09-09,Andrew Powell,Andrew Balfe,g1 andrew balfe,1343,G1,0,1097,0.29,0.19,0.5
2023-09-10,Andrew Powell,Jesse Davies,g1 jesse davies,1340,G1,1,1136,0.48,0.19,1.5
2023-09-10,Andrew Powell,Mike Hollyman,e1 mike hollyman,1746,E1,0,1131,0.58,0.1,1.5
2023-09-20,Andrew Powell,John Arnold,w1 john arnold,1500,W1,0,1127,0.68,0.1,1.5
2023-10-04,Andrew Powell,Ben Mora,w1 ben mora,1688,W1,0,1122,0.78,0.1,1.5
2023-10-10,Andrew Powell,Farouq Nasir,w1 farouq nasir,1217,W1,0,1106,1.1,0.32,1.5
2023-10-17,Andrew Powell,Roger Llewellyn,w1 roger llewellyn,1123,W1,0.5,1109,1.55,0.45,2
2023-10-22,Andrew Powell,Isaac Kennedy,e1 isaac kennedy,870,E1,0,1072,2.33,0.78,2
2023-10-24,Andrew Powell,Glyn Hill,w1 glyn hill,850,W1,1,1081,3.13,0.8,3
2023-10-31,Andrew Powell,Anthony Beck,w1 anthony beck,1535,W1,1,1125,3.23,0.1,4
2023-11-07,Andrew Powell,Spencer Ripley,w1 spencer ripley,1036,W1,0,1097,3.8,0.57,4
2023-11-11,Andrew Powell,Chris Thompson,g1 chris thompson,1000,G1,1,1115,4.42,0.62,5
2023-11-11,Andrew Powell,Bronwen Tuson,d1 bronwen tuson,1100,D1,0.5,1116,4.9,0.48,5.5
2023-11-12,Andrew Powell,Adam Sarwar,e1 adam sarwar,926,E1,0.5,1106,5.62,0.72,6
2023-11-12,Andrew Powell,Glyn Hill,w1 glyn hill,850,W1,0,1067,6.42,0.8,6
2023-11-15,Andrew Powell,Janet Evans,w1 janet evans,1010,W1,1,1086,7.03,0.61,7
2023-11-21,Andrew Powell,John Ward,w1 john ward,1125,W1,1,1113,7.48,0.45,8
2023-11-28,Andrew Powell,Ian Phillips,w1 ian phillips,1071,W1,1,1136,8,0.52,9
2023-12-05,Andrew Powell,Chris Daniel,w1 chris daniel,1602,W1,0.5,1155,8.1,0.1,9.5
2023-09-20,Janet Evans,Vaughan Thomas,w1 vaughan thomas,1169,W1,0.5,1020,0.29,0.29,0.5
2023-10-02,Janet Evans,John Giannini,w1 john giannini,851,W1,1,1034,1,0.71,1.5
2023-10-12,Janet Evans,Jonathan Baker,w1 jonathan baker,1300,W1,0,1026,1.16,0.16,1.5
2023-10-18,Janet Evans,Rajith Babu,w1 rajith babu,834,W1,0.5,1015,1.89,0.73,2
2023-11-01,Janet Evans,Aaron Davies,w1 aaron davies,1084,W1,0,996,2.29,0.4,2
2023-11-15,Janet Evans,Andrew Powell,w1 andrew powell,1087,W1,0,977,2.68,0.39,2
2023-12-13,Janet Evans,Paul Bevan,w1 paul bevan,1211,W1,0,966,2.92,0.24,2
2023-09-27,Cameron Ferguson,Vismith Prabhu,w1 vismith prabhu,1335,W1,0,1100,0.21,0.21,0
2023-10-04,Cameron Ferguson,Paul Headon,w1 paul headon,1689,W1,1,1143,0.31,0.1,1
2023-10-10,Cameron Ferguson,Karl Wendrich,w1 karl wendrich,1436,W1,0,1137,0.44,0.13,1
2023-10-17,Cameron Ferguson,Derek Bellamy,w1 derek bellamy,1178,W1,0,1117,0.84,0.4,1
2023-10-31,Cameron Ferguson,Dale Westcott,w1 dale westcott,1607,W1,0,1112,0.94,0.1,1
2023-11-07,Cameron Ferguson,Steve Jeacock,w1 steve jeacock,1136,W1,0,1090,1.4,0.46,1
2023-11-15,Cameron Ferguson,Nick Hale,w1 nick hale,1213,W1,0,1073,1.76,0.36,1
2023-11-21,Cameron Ferguson,Tony Goodchild,w1 tony goodchild,1226,W1,0,1057,2.1,0.34,1
2023-12-05,Cameron Ferguson,Tony Crossman,w1 tony crossman,1623,W1,0,1052,2.2,0.1,1
2023-09-15,John Giannini,Kiran Kini,w1 kiran kini,850,W1,0,827,0.5,0.5,0
2023-09-18,John Giannini,Aaron Davies,w1 aaron davies,1084,W1,0,817,0.71,0.21,0
2023-09-22,John Giannini,Glyn Hill,w1 glyn hill,850,W1,0,793,1.21,0.5,0
2023-09-29,John Giannini,Tomos Francis,w1 tomos francis,850,W1,1,817,1.71,0.5,1
2023-10-02,John Giannini,Janet Evans,w1 janet evans,1010,W1,0,803,2,0.29,1
2023-10-03,John Giannini,Alex Addis-Fuller,w1 alex addis-fuller,850,W1,0,779,2.5,0.5,1
2023-10-13,John Giannini,Daniel Pugh,w1 daniel pugh,850,W1,0,755,3,0.5,1
2023-10-20,John Giannini,John Ward,w1 john ward,1125,W1,0,747,3.17,0.17,1
2023-11-07,John Giannini,William Francis,w1 william francis,850,W1,0,723,3.67,0.5,1
2023-11-15,John Giannini,Kiran Kini,w1 kiran kini,850,W1,0,699,4.17,0.5,1
2023-11-17,John Giannini,Harrison Smith,w1 harrison smith,850,W1,0,675,4.67,0.5,1
2023-11-24,John Giannini,Alex Addis-Fuller,w1 alex addis-fuller,850,W1,0,650,5.17,0.5,1
2023-11-27,John Giannini,McKenzie Archibald,w1 mckenzie archibald,1374,W1,0,646,5.27,0.1,1
2023-12-11,John Giannini,Tony Crossman,w1 tony crossman,1623,W1,0,641,5.37,0.1,1
2023-12-12,John Giannini,Gareth Tremain,w1 gareth tremain,979,W1,0,625,5.69,0.32,1
2023-07-24,Dale Westcott,Fredrick Coleman,NA,1847,ENG,1,1626,0.2,0.2,1
2023-07-24,Dale Westcott,Alisha Vyas,NA,1941,ENG,0,1623,0.33,0.13,1
2023-07-25,Dale Westcott,Nigel Livesey,NA,1762,ENG,1,1640,0.62,0.29,2
2023-07-25,Dale Westcott,Neil Coward,NA,1758,ENG,0.5,1645,0.92,0.3,2.5
2023-07-26,Dale Westcott,Carl Gartside,NA,1885,ENG,0,1641,1.09,0.17,2.5
2023-07-26,Dale Westcott,Nick Burton,NA,1921,ENG,0.5,1650,1.23,0.14,3
2023-07-27,Dale Westcott,Kandara Acharya,NA,1777,ENG,1,1667,1.5,0.27,4
2023-07-27,Dale Westcott,James Bingham,NA,1740,ENG,0.5,1671,1.82,0.32,4.5
2023-07-28,Dale Westcott,Robert Dean,NA,1819,ENG,1,1690,2.05,0.23,5.5
2023-07-28,Dale Westcott,Jeff Tomy,NA,1780,ENG,0,1684,2.32,0.27,5.5
2023-09-08,Dale Westcott,Emma Kong,e1 emma kong,1478,E1,1,1691,3,0.68,6.5
2023-09-09,Dale Westcott,Chris Peters,e1 chris peters,1560,E1,0,1678,3.57,0.57,6.5
2023-09-09,Dale Westcott,Robert Muza,g1 robert muza,1298,G1,1,1681,4.43,0.86,7.5
2023-09-10,Dale Westcott,Alexis Malibiran,NA,1595,ENG,1,1693,4.95,0.52,8.5
2023-09-10,Dale Westcott,Dave McGhee,e1 dave mcghee,1643,E1,0,1682,5.4,0.45,8.5
2023-09-20,Dale Westcott,Mark Thomas,w1 mark thomas,1802,W1,0,1676,5.65,0.25,8.5
2023-09-26,Dale Westcott,David Guy,w1 david guy,1843,W1,1,1695,5.85,0.2,9.5
2023-09-27,Dale Westcott,James Evans,w1 james evans,1500,W1,1,1704,6.5,0.65,10.5
2023-10-07,Dale Westcott,Bronwen Tuson,d1 bronwen tuson,1100,D1,1,1706,7.4,0.9,11.5
2023-10-08,Dale Westcott,James Lavender,g1 james lavender,2125,G1,0.5,1716,7.5,0.1,12
2023-10-09,Dale Westcott,Bence Szakmany,e1 bence szakmany,1799,E1,0,1710,7.75,0.25,12
2023-10-09,Dale Westcott,Jon Tuson,d1 jon tuson,1500,D1,0,1694,8.4,0.65,12
2023-10-10,Dale Westcott,Louis Ba Thein,w1 louis ba thein,1352,W1,1,1698,9.21,0.81,13
2023-10-17,Dale Westcott,Mark Wilson,w1 mark wilson,1454,W1,1,1706,9.92,0.71,14
2023-10-22,Dale Westcott,Adam Sarwar,e1 adam sarwar,926,E1,1,1708,10.82,0.9,15
2023-10-24,Dale Westcott,McKenzie Archibald,w1 mckenzie archibald,1374,W1,0,1689,11.61,0.79,15
2023-10-30,Dale Westcott,Ian Eustis,w1 ian eustis,1779,W1,0,1682,11.88,0.27,15
2023-10-31,Dale Westcott,Cameron Ferguson,w1 cameron ferguson,1110,W1,1,1685,12.78,0.9,16
2023-11-10,Dale Westcott,Adam May,w1 adam may,1871,W1,0.5,1692,12.96,0.18,16.5
2023-11-11,Dale Westcott,Alan Young,w1 alan young,2125,W1,0.5,1702,13.06,0.1,17
2023-11-11,Dale Westcott,Jason Garcia,w1 jason garcia,2026,W1,0.5,1712,13.16,0.1,17.5
2023-11-12,Dale Westcott,S Wyn Howells,e1 s wyn howells,1588,E1,1,1723,13.69,0.53,18.5
2023-11-12,Dale Westcott,Andrew Gibbons,w1 andrew gibbons,1953,W1,0.5,1732,13.81,0.12,19
2023-11-21,Dale Westcott,Ian Jones,w1 ian jones,1979,W1,0,1730,13.92,0.11,19
2023-11-21,Dale Westcott,Chris Daniel,w1 chris daniel,1602,W1,1,1741,14.43,0.51,20
2023-11-26,Dale Westcott,Csege Hanczar,e1 csege hanczar,1188,E1,0,1720,15.33,0.9,20
2023-12-12,Dale Westcott,Ralph Cook,w1 ralph cook,1519,W1,1,1729,15.95,0.62,21
2023-08-18,Farouq Nasir,Mulukutla Ayaansh,NA,1165,FIDE,0,1199,0.57,0.57,0
2023-08-18,Farouq Nasir,Advik Mittal,NA,1381,FIDE,1,1222,0.85,0.28,1
2023-08-19,Farouq Nasir,Adithya Vaidyanathan,NA,1907,ENG,0.5,1234,0.95,0.1,1.5
2023-08-19,Farouq Nasir,Mulukutla Ayaansh,NA,1165,FIDE,1,1248,1.52,0.57,2.5
2023-08-20,Farouq Nasir,Advik Mittal,NA,1381,FIDE,0,1239,1.8,0.28,2.5
2023-08-20,Farouq Nasir,Adithya Vaidyanathan,NA,1907,ENG,0,1236,1.9,0.1,2.5
2023-09-27,Farouq Nasir,Greg Goold,w1 greg goold,1222,W1,1,1252,2.39,0.49,3.5
2023-10-10,Farouq Nasir,Andrew Powell,w1 andrew powell,1087,W1,1,1262,3.07,0.68,4.5
2023-10-16,Farouq Nasir,Chris Daniel,w1 chris daniel,1602,W1,1,1291,3.17,0.1,5.5
2023-10-23,Farouq Nasir,Tony Goodchild,w1 tony goodchild,1226,W1,1,1308,3.66,0.49,6.5
2023-10-30,Farouq Nasir,Robin Kerremans,w1 robin kerremans,1166,W1,1,1321,4.23,0.57,7.5
2023-11-20,Farouq Nasir,Eugene Tee,w1 eugene tee,1100,W1,0.5,1316,4.89,0.66,8
2023-12-04,Farouq Nasir,Les Philpin,w1 les philpin,1618,W1,1,1345,4.99,0.1,9
2023-09-08,Darson Beeston,Curtis Reid,e1 curtis reid,1121,E1,1,1481,0.89,0.89,1
2023-09-09,Darson Beeston,James Williams,e1 james williams,1105,E1,1,1484,1.78,0.89,2
2023-09-09,Darson Beeston,Simon Blackmore,e1 simon blackmore,1633,E1,1,1507,2.07,0.29,3
2023-09-10,Darson Beeston,Jon Tuson,d1 jon tuson,1500,D1,0.5,1508,2.54,0.47,3.5
2023-09-10,Darson Beeston,Malcolm Probert,w1 malcolm probert,1472,W1,0.5,1508,3.05,0.51,4
2023-09-18,Darson Beeston,Duncan Williams,w1 duncan williams,1817,W1,0,1504,3.17,0.12,4
2023-10-04,Darson Beeston,Martin C Jones,d1 martin c jones,1620,D1,0,1494,3.48,0.31,4
2023-10-07,Darson Beeston,David Belochkin,e1 david belochkin,1250,E1,0,1469,4.27,0.79,4
2023-10-08,Darson Beeston,Mike Hollyman,e1 mike hollyman,1746,E1,0.5,1479,4.45,0.18,4.5
2023-10-09,Darson Beeston,Reuben Hilliar,e1 reuben hilliar,861,E1,0,1450,5.35,0.9,4.5
2023-10-09,Darson Beeston,Timur Ramzan,e1 timur ramzan,1170,E1,1,1455,6.2,0.85,5.5
2023-10-09,Darson Beeston,Andrew Thomas,w1 andrew thomas,1800,W1,0,1451,6.33,0.13,5.5
2023-10-16,Darson Beeston,Mark Thomas,w1 mark thomas,1802,W1,0,1446,6.46,0.13,5.5
2023-10-22,Darson Beeston,Emir Rhouni,e1 emir rhouni,900,E1,0,1418,7.36,0.9,5.5
2023-10-24,Darson Beeston,Robin Kerremans,w1 robin kerremans,1166,W1,1,1422,8.22,0.86,6.5
2023-11-10,Darson Beeston,Joshua McKenna,e1 joshua mckenna,1754,E1,0,1417,8.39,0.17,6.5
2023-11-11,Darson Beeston,Ben Hannigan,e1 ben hannigan,1234,E1,0.5,1407,9.19,0.8,7
2023-11-11,Darson Beeston,Kam Choo Yin,e1 kam choo yin,1638,E1,0,1398,9.47,0.28,7
2023-11-12,Darson Beeston,Richard Larg,e1 richard larg,1453,E1,0.5,1397,10,0.53,7.5
2023-11-20,Darson Beeston,Haoran Zhu,w1 haoran zhu,1135,W1,1,1401,10.88,0.88,8.5
2023-11-26,Darson Beeston,Ellis Jones,e1 ellis jones,884,E1,1,1404,11.78,0.9,9.5
2023-11-27,Darson Beeston,Andrew Di-Vetta,e1 andrew di-vetta,1783,E1,0,1399,11.93,0.15,9.5
2023-12-04,Darson Beeston,Ian Eustis,w1 ian eustis,1779,W1,0,1395,12.08,0.15,9.5
2023-12-11,Darson Beeston,Duncan Williams,w1 duncan williams,1817,W1,0,1391,12.2,0.12,9.5
2023-09-22,Sujan Muvvala,Tomos Francis,w1 tomos francis,850,W1,0,801,0.46,0.46,0
2023-10-13,Sujan Muvvala,Rishi Reddy Mittapally,w1 rishi reddy mittapally,850,W1,1,827,0.92,0.46,1
2023-11-07,Sujan Muvvala,Tomos Francis,w1 tomos francis,850,W1,1,853,1.38,0.46,2
2023-11-17,Sujan Muvvala,Alex Addis-Fuller,w1 alex addis-fuller,850,W1,0,830,1.84,0.46,2
2023-09-20,Spencer Ripley,Gary Harber,w1 gary harber,1210,W1,1,1071,0.27,0.27,1
2023-10-02,Spencer Ripley,John Ward,w1 john ward,1125,W1,1,1101,0.64,0.37,2
2023-11-01,Spencer Ripley,Guto Llywelyn,w1 guto llywelyn,1419,W1,0,1096,0.74,0.1,2
2023-11-07,Spencer Ripley,Andrew Powell,w1 andrew powell,1087,W1,1,1124,1.17,0.43,3
2023-11-10,Spencer Ripley,Chris Thompson,g1 chris thompson,1000,G1,0,1097,1.72,0.55,3
2023-11-11,Spencer Ripley,Emyr-Wyn Francis,NA,1,D1,1,1097,2.72,1,4
2023-11-11,Spencer Ripley,Adam Sarwar,e1 adam sarwar,926,E1,0,1066,3.37,0.65,4
2023-11-12,Spencer Ripley,Tomos Francis,w1 tomos francis,850,W1,1,1078,4.11,0.74,5
2023-11-12,Spencer Ripley,Carl Halpin,w1 carl halpin,1375,W1,0,1072,4.23,0.12,5
2023-11-22,Spencer Ripley,Elliot Chapman,w1 elliot chapman,1235,W1,0,1061,4.47,0.24,5
2023-12-13,Spencer Ripley,Louis Ba Thein,w1 louis ba thein,1352,W1,1,1102,4.61,0.14,6
2023-07-07,McKenzie Archibald,Dillan Duke,NA,2018,ENG,0.5,1387,0.1,0.1,0.5
2023-07-07,McKenzie Archibald,Dave Turner,g1 dave turner,1957,G1,1,1416,0.2,0.1,1.5
2023-07-08,McKenzie Archibald,David Roberts,NA,2031,ENG,0,1412,0.3,0.1,1.5
2023-07-08,McKenzie Archibald,James Thomas,e1 james thomas,1991,E1,0,1409,0.4,0.1,1.5
2023-07-09,McKenzie Archibald,Benjamin Larkin,NA,2031,ENG,0,1406,0.5,0.1,1.5
2023-07-10,McKenzie Archibald,Ben Bickford,e1 ben bickford,1499,E1,0.5,1412,0.83,0.33,2
2023-07-11,McKenzie Archibald,Jeremy Jones,e1 jeremy jones,1405,E1,1,1429,1.29,0.46,3
2023-07-11,McKenzie Archibald,Guy Wagner,e1 guy wagner,1676,E1,0,1424,1.44,0.15,3
2023-07-12,McKenzie Archibald,Roy Thomas,e1 roy thomas,1743,E1,0,1421,1.55,0.11,3
2023-09-08,McKenzie Archibald,Max Walker,NA,2073,ENG,0,1418,1.65,0.1,3
2023-09-09,McKenzie Archibald,Bence Szakmany,e1 bence szakmany,1799,E1,0,1414,1.75,0.1,3
2023-09-09,McKenzie Archibald,Callum Davies,e1 callum davies,1885,E1,0,1411,1.85,0.1,3
2023-09-10,McKenzie Archibald,Chris Dixon,g1 chris dixon,1719,G1,0.5,1423,1.97,0.12,3.5
2023-09-10,McKenzie Archibald,Justin Morgans,e1 justin morgans,1732,E1,0,1420,2.08,0.11,3.5
2023-09-20,McKenzie Archibald,Greg Goold,w1 greg goold,1222,W1,1,1429,2.79,0.71,4.5
2023-09-26,McKenzie Archibald,Tony Crossman,w1 tony crossman,1623,W1,0,1423,2.98,0.19,4.5
2023-10-04,McKenzie Archibald,John Arnold,w1 john arnold,1500,W1,1,1444,3.31,0.33,5.5
2023-10-17,McKenzie Archibald,Andrew Davies,w1 andrew davies,1375,W1,1,1461,3.81,0.5,6.5
2023-10-24,McKenzie Archibald,Dale Westcott,w1 dale westcott,1607,W1,1,1486,4.02,0.21,7.5
2023-11-10,McKenzie Archibald,Duncan Williams,w1 duncan williams,1817,W1,0,1483,4.12,0.1,7.5
2023-11-11,McKenzie Archibald,Chris Dixon,g1 chris dixon,1719,G1,0,1479,4.24,0.12,7.5
2023-11-12,McKenzie Archibald,Andrew Di-Vetta,e1 andrew di-vetta,1783,E1,0,1476,4.34,0.1,7.5
2023-11-12,McKenzie Archibald,Donovan Sipho,w1 donovan sipho,1712,W1,0,1472,4.47,0.13,7.5
2023-11-27,McKenzie Archibald,John Giannini,w1 john giannini,851,W1,1,1475,5.37,0.9,8.5
2023-09-27,Sulaiman Nasir,Rajith Babu,w1 rajith babu,834,W1,1,1224,0.9,0.9,1
2023-10-10,Sulaiman Nasir,Claire Gorman,w1 claire gorman,1044,W1,1,1233,1.63,0.73,2
2023-10-23,Sulaiman Nasir,Dave Conway,w1 dave conway,1197,W1,0,1216,2.16,0.53,2
2023-10-30,Sulaiman Nasir,Ian Phillips,w1 ian phillips,1071,W1,0,1193,2.86,0.7,2
2023-11-20,Sulaiman Nasir,Ian Phillips,w1 ian phillips,1071,W1,1,1203,3.56,0.7,3
2023-12-04,Sulaiman Nasir,Paul Bevan,w1 paul bevan,1211,W1,1,1218,4.07,0.51,4
2023-09-27,Paul Headon,Roger Jenkins,w1 roger jenkins,1440,W1,0.5,1682,0.81,0.81,0.5
2023-10-04,Paul Headon,Cameron Ferguson,w1 cameron ferguson,1110,W1,0,1660,1.71,0.9,0.5
2023-10-12,Paul Headon,Mark Thomas,w1 mark thomas,1802,W1,0.5,1664,2.05,0.34,1
2023-10-18,Paul Headon,Nick Hale,w1 nick hale,1213,W1,1,1666,2.95,0.9,2
2023-10-25,Paul Headon,Robin Kerremans,w1 robin kerremans,1166,W1,0,1645,3.85,0.9,2
2023-11-29,Paul Headon,John Arnold,w1 john arnold,1500,W1,0,1627,4.6,0.75,2
2023-12-12,Paul Headon,Martyn Griffiths,w1 martyn griffiths,1709,W1,0,1615,5.07,0.47,2
2023-09-13,Matthew Billington,John Arnold,w1 john arnold,1500,W1,0.5,1419,0.38,0.38,0.5
2023-09-26,Matthew Billington,Roger Llewellyn,w1 roger llewellyn,1123,W1,0.5,1408,1.22,0.84,1
2023-10-04,Matthew Billington,Gary Harber,w1 gary harber,1210,W1,1,1415,1.98,0.76,2
2023-11-01,Matthew Billington,Steve Jeacock,w1 steve jeacock,1136,W1,1,1421,2.81,0.83,3
2023-11-10,Matthew Billington,Steve Maguire,e1 steve maguire,946,E1,1,1424,3.71,0.9,4
2023-11-11,Matthew Billington,Arush Ajai Murthy,e1 arush ajai murthy,916,E1,0,1395,4.61,0.9,4
2023-11-29,Matthew Billington,Steve Edwards,w1 steve edwards,1467,W1,1,1414,5.04,0.43,5
2023-12-06,Matthew Billington,William Hewitt,w1 william hewitt,2049,W1,0,1410,5.14,0.1,5
2023-12-13,Matthew Billington,Bobby Taylor,w1 bobby taylor,850,W1,1,1414,6.04,0.9,6
2023-12-20,Matthew Billington,Alan Young,w1 alan young,2125,W1,0,1410,6.14,0.1,6
2023-08-18,Vismith Prabhu,Zac Welling,NA,1698,ENG,0,1331,0.11,0.11,0
2023-08-18,Vismith Prabhu,Louis Cheng,NA,1454,FIDE,0,1321,0.45,0.34,0
2023-08-19,Vismith Prabhu,Nemhain Doolin,NA,1353,FIDE,0.5,1322,0.92,0.47,0.5
2023-08-19,Vismith Prabhu,Zac Welling,NA,1698,ENG,0.5,1334,1.03,0.11,1
2023-08-20,Vismith Prabhu,Louis Cheng,NA,1454,FIDE,0,1323,1.37,0.34,1
2023-08-20,Vismith Prabhu,Nemhain Doolin,NA,1353,FIDE,0.5,1324,1.84,0.47,1.5
2023-09-13,Vismith Prabhu,Guto Llywelyn,w1 guto llywelyn,1419,W1,1,1344,2.22,0.38,2.5
2023-09-18,Vismith Prabhu,Tony Goodchild,w1 tony goodchild,1226,W1,1,1355,2.87,0.65,3.5
2023-09-27,Vismith Prabhu,Cameron Ferguson,w1 cameron ferguson,1110,W1,1,1362,3.66,0.79,4.5
2023-10-12,Vismith Prabhu,June Evans,w1 june evans,1093,W1,1,1368,4.46,0.8,5.5
2023-10-16,Vismith Prabhu,Ian Eustis,w1 ian eustis,1779,W1,0,1365,4.56,0.1,5.5
2023-11-10,Vismith Prabhu,Yaroslav Sharhorodsky,e1 yaroslav sharhorodsky,1557,E1,0,1358,4.78,0.22,5.5
2023-11-11,Vismith Prabhu,Mark Thomas,w1 mark thomas,1802,W1,0,1355,4.88,0.1,5.5
2023-11-12,Vismith Prabhu,Deio Parri,n1 deio parri,1624,N1,0.5,1366,5.04,0.16,6
2023-11-12,Vismith Prabhu,Martin C Jones,d1 martin c jones,1620,D1,0.5,1377,5.2,0.16,6.5
2023-11-29,Vismith Prabhu,Greg Goold,w1 greg goold,1222,W1,1,1388,5.86,0.66,7.5
2023-10-10,Gareth Tremain,Ioan Morgan,w1 ioan morgan,850,W1,0,946,0.68,0.68,0
2023-10-24,Gareth Tremain,Emyr-Wyn Francis,w1 emyr-wyn francis,850,W1,0,914,1.36,0.68,0
2023-11-07,Gareth Tremain,Advik Samiaiya,w1 advik samiaiya,850,W1,0,881,2.04,0.68,0
2023-12-12,Gareth Tremain,John Giannini,w1 john giannini,851,W1,1,897,2.72,0.68,1
2023-09-20,Iwan Bath,Kiran Kini,w1 kiran kini,850,W1,1,1077,0.78,0.78,1
2023-10-03,Iwan Bath,Iwan Morgan,w1 iwan morgan,850,W1,0.5,1063,1.56,0.78,1.5
2023-12-05,Erich Carpenter,Rob Bath,w1 rob bath,1100,W1,0,1076,0.5,0.5,0
2023-09-13,Aaron Davies,Richard Williams,w1 richard williams,1250,W1,0,1071,0.28,0.28,0
2023-09-18,Aaron Davies,John Giannini,w1 john giannini,851,W1,1,1081,1.07,0.79,1
2023-10-15,Aaron Davies,Paul Bevan,w1 paul bevan,1211,W1,1,1113,1.39,0.32,2
2023-11-01,Aaron Davies,Janet Evans,w1 janet evans,1010,W1,1,1132,1.99,0.6,3
2023-11-10,Aaron Davies,Eugene Tee,w1 eugene tee,1100,W1,1,1157,2.47,0.48,4
2023-11-10,Aaron Davies,Eugene Tee,NA,1042,FIDE,1,1178,3.03,0.56,5
2023-11-11,Aaron Davies,Kedar Walke,NA,1100,FIDE,0,1155,3.51,0.48,5
2023-12-05,Aaron Davies,David Battell,w1 david battell,1120,W1,0.5,1158,3.96,0.45,5.5
2023-12-13,Aaron Davies,John Ward,w1 john ward,1125,W1,1,1185,4.4,0.44,6.5
2023-12-20,Aaron Davies,Mark Thomas,w1 mark thomas,1802,W1,0,1180,4.5,0.1,6.5
2023-10-24,Donovan Sipho,Ian Eustis,w1 ian eustis,1779,W1,0,1702,0.4,0.4,0
2023-10-30,Donovan Sipho,Sam Pritchard,w1 sam pritchard,1602,W1,1,1711,1.05,0.65,1
2023-11-07,Donovan Sipho,Jonathan Thomas,w1 jonathan thomas,1780,W1,1,1725,1.45,0.4,2
2023-11-10,Donovan Sipho,Daniel Wells,NA,2097,ENG,0,1723,1.55,0.1,2
2023-11-11,Donovan Sipho,Roy Thomas,e1 roy thomas,1743,E1,0,1712,2.01,0.46,2
2023-11-11,Donovan Sipho,Andrew Golley,w1 andrew golley,1679,W1,0.5,1710,2.56,0.55,2.5
2023-11-12,Donovan Sipho,Shambavi Hariharan,NA,1899,ENG,0,1704,2.81,0.25,2.5
2023-11-12,Donovan Sipho,McKenzie Archibald,w1 mckenzie archibald,1374,W1,1,1707,3.68,0.87,3.5
2023-11-21,Donovan Sipho,Jason Garcia,w1 jason garcia,2026,W1,0,1704,3.82,0.14,3.5
2023-12-04,Donovan Sipho,Moss McCarthy,w1 moss mccarthy,2025,W1,0,1701,3.96,0.14,3.5
2023-10-18,Elliot Chapman,Steve Jeacock,w1 steve jeacock,1136,W1,1,1247,0.64,0.64,1
2023-11-22,Elliot Chapman,Spencer Ripley,w1 spencer ripley,1036,W1,1,1254,1.4,0.76,2
2023-11-29,Elliot Chapman,Mike Richards,w1 mike richards,1354,W1,1,1276,1.74,0.34,3
2023-12-12,Elliot Chapman,Carl Halpin,w1 carl halpin,1375,W1,1,1298,2.05,0.31,4
2023-12-13,Elliot Chapman,Roger Jenkins,w1 roger jenkins,1440,W1,1,1322,2.29,0.24,5
2023-09-08,Claire Gorman,William Davies,d1 william davies,1415,D1,0,1039,0.11,0.11,0
2023-09-09,Claire Gorman,Robert Muza,g1 robert muza,1298,G1,0,1030,0.3,0.19,0
2023-09-09,Claire Gorman,Harri Llwyd Dafydd,e1 harri llwyd dafydd,920,E1,1,1046,0.97,0.67,1
2023-09-10,Claire Gorman,David Battell,w1 david battell,1120,W1,0,1027,1.36,0.39,1
2023-09-10,Claire Gorman,Bronwen Tuson,d1 bronwen tuson,1100,D1,1,1055,1.78,0.42,2
2023-09-20,Claire Gorman,James Evans,w1 james evans,1500,W1,0,1050,1.88,0.1,2
2023-09-27,Claire Gorman,Mike Richards,w1 mike richards,1354,W1,1,1091,2.02,0.14,3
2023-10-04,Claire Gorman,Ralph Cook,w1 ralph cook,1519,W1,0,1086,2.12,0.1,3
2023-10-10,Claire Gorman,Sulaiman Nasir,w1 sulaiman nasir,1221,W1,0,1073,2.39,0.27,3
2023-10-24,Claire Gorman,William Francis,w1 william francis,850,W1,1,1085,3.14,0.75,4
2023-10-31,Claire Gorman,Carl Halpin,w1 carl halpin,1375,W1,0,1079,3.27,0.13,4
2023-11-07,Claire Gorman,June Evans,w1 june evans,1093,W1,1,1106,3.7,0.43,5
2023-11-11,Claire Gorman,Govind Anandkumar,e1 govind anandkumar,1372,E1,0,1100,3.83,0.13,5
2023-11-11,Claire Gorman,Eugene Tee,w1 eugene tee,1100,W1,0,1080,4.25,0.42,5
2023-11-15,Claire Gorman,June Evans,w1 june evans,1093,W1,1,1107,4.68,0.43,6
2023-11-17,Claire Gorman,Advik Samiaiya,w1 advik samiaiya,850,W1,1,1119,5.43,0.75,7
2023-11-24,Claire Gorman,Bradley Parfitt,w1 bradley parfitt,959,W1,1,1137,6.05,0.62,8
2023-12-01,Claire Gorman,John Ward,w1 john ward,1125,W1,1,1167,6.44,0.39,9
2023-12-05,Claire Gorman,Jonathan Baker,w1 jonathan baker,1300,W1,0,1158,6.63,0.19,9
2023-09-20,Rajith Babu,Derek Bellamy,w1 derek bellamy,1178,W1,0,828,0.12,0.12,0
2023-09-27,Rajith Babu,Sulaiman Nasir,w1 sulaiman nasir,1221,W1,0,823,0.22,0.1,0
2023-10-18,Rajith Babu,Janet Evans,w1 janet evans,1010,W1,0.5,835,0.49,0.27,0.5
2023-10-25,Rajith Babu,C Paraina,w1 c paraina,1100,W1,0,826,0.67,0.18,0.5
2023-09-20,Huw Jones,Byron Jones,w1 byron jones,1201,W1,1,1672,0.9,0.9,1
2023-09-26,Huw Jones,Mark Wilson,w1 mark wilson,1454,W1,1,1678,1.68,0.78,2
2023-10-22,Huw Jones,Piotr Graczyk,e1 piotr graczyk,1565,E1,0.5,1674,2.33,0.65,2.5
2023-10-23,Huw Jones,Richard Cleveland,w1 richard cleveland,2050,W1,0,1672,2.43,0.1,2.5
2023-10-31,Huw Jones,Yash Dave,w1 yash dave,1500,W1,0,1654,3.16,0.73,2.5
2023-11-20,Huw Jones,Andrew Smith,w1 andrew smith,1677,W1,0.5,1655,3.65,0.49,3
2023-11-26,Huw Jones,Charlie Gibson,g1 charlie gibson,1200,G1,1,1657,4.55,0.9,4
2023-12-05,Huw Jones,Jordan Heatman,w1 jordan heatman,1250,W1,0.5,1647,5.45,0.9,4.5
2023-12-11,Huw Jones,Tony Goodchild,w1 tony goodchild,1226,W1,0.5,1638,6.35,0.9,5
2023-09-19,Karl Wendrich,Peter George,w1 peter george,1537,W1,1,1457,0.36,0.36,1
2023-09-27,Karl Wendrich,Ben Mora,w1 ben mora,1688,W1,0,1450,0.55,0.19,1
2023-10-04,Karl Wendrich,Malcolm Probert,w1 malcolm probert,1472,W1,0,1436,1,0.45,1
2023-10-10,Karl Wendrich,Cameron Ferguson,w1 cameron ferguson,1110,W1,1,1440,1.87,0.87,2
2023-10-15,Karl Wendrich,Malcolm Probert,w1 malcolm probert,1472,W1,1,1458,2.32,0.45,3
2023-10-23,Karl Wendrich,Louis Ba Thein,w1 louis ba thein,1352,W1,0,1438,2.94,0.62,3
2023-12-13,Karl Wendrich,Nick Hale,w1 nick hale,1213,W1,1,1445,3.72,0.78,4
2023-09-08,Andrew Golley,Jason Garcia,w1 jason garcia,2026,W1,0,1676,0.12,0.12,0
2023-09-09,Andrew Golley,Callum Smith,e1 callum smith,1789,E1,0.5,1680,0.47,0.35,0.5
2023-09-09,Andrew Golley,Ellison Smith,e1 ellison smith,1773,E1,0.5,1683,0.84,0.37,1
2023-09-10,Andrew Golley,Jack Hannigan,e1 jack hannigan,1393,E1,0,1663,1.68,0.84,1
2023-09-10,Andrew Golley,Chris Dixon,g1 chris dixon,1719,G1,0.5,1664,2.12,0.44,1.5
2023-09-13,Andrew Golley,Steve Smith,w1 steve smith,1877,W1,1,1682,2.36,0.24,2.5
2023-09-25,Andrew Golley,Peter Bevan,w1 peter bevan,1929,W1,1,1702,2.55,0.19,3.5
2023-10-07,Andrew Golley,Dave Turner,g1 dave turner,1957,G1,0,1698,2.72,0.17,3.5
2023-10-08,Andrew Golley,Timur Ramzan,e1 timur ramzan,1170,E1,1,1700,3.62,0.9,4.5
2023-10-09,Andrew Golley,Peter Quinn,e1 peter quinn,1733,E1,0.5,1702,4.04,0.42,5
2023-10-09,Andrew Golley,Sam Jukes,e1 sam jukes,2034,E1,0,1699,4.15,0.11,5
2023-10-09,Andrew Golley,Ian Jones,w1 ian jones,1979,W1,0,1696,4.3,0.15,5
2023-11-10,Andrew Golley,Peter Bevan,w1 peter bevan,1929,W1,0,1691,4.49,0.19,5
2023-11-11,Andrew Golley,S Wyn Howells,e1 s wyn howells,1588,E1,0,1676,5.12,0.63,5
2023-11-11,Andrew Golley,Donovan Sipho,w1 donovan sipho,1712,W1,0.5,1677,5.57,0.45,5.5
2023-11-20,Andrew Golley,Martin C Jones,d1 martin c jones,1620,D1,0,1663,6.15,0.58,5.5
2023-11-29,Andrew Golley,Jason Garcia,w1 jason garcia,2026,W1,0,1660,6.27,0.12,5.5
2023-10-17,Ian Phillips,Dave Conway,w1 dave conway,1197,W1,1,1103,0.33,0.33,1
2023-10-25,Ian Phillips,Steve Edwards,w1 steve edwards,1467,W1,0,1099,0.43,0.1,1
2023-10-30,Ian Phillips,Sulaiman Nasir,w1 sulaiman nasir,1221,W1,1,1132,0.73,0.3,2
2023-10-31,Ian Phillips,Angus Winter,w1 angus winter,1500,W1,0,1128,0.83,0.1,2
2023-11-07,Ian Phillips,Hywel Griffiths,w1 hywel griffiths,1851,W1,0,1123,0.93,0.1,2
2023-11-20,Ian Phillips,Sulaiman Nasir,w1 sulaiman nasir,1221,W1,0,1108,1.23,0.3,2
2023-11-28,Ian Phillips,Andrew Powell,w1 andrew powell,1087,W1,0,1086,1.71,0.48,2
2023-12-04,Ian Phillips,Andrew Gibbons,w1 andrew gibbons,1953,W1,0,1081,1.81,0.1,2
2023-12-05,Ian Phillips,Roger Llewellyn,w1 roger llewellyn,1123,W1,0,1060,2.24,0.43,2
2023-09-09,David Battell,Andrea Passariello,NA,1515,FIDE,0,1115,0.1,0.1,0
2023-09-09,David Battell,Jeremy Jones,e1 jeremy jones,1405,E1,0,1107,0.26,0.16,0
2023-09-10,David Battell,Claire Gorman,w1 claire gorman,1044,W1,1,1126,0.87,0.61,1
2023-09-10,David Battell,Joshua Colcombe,g1 joshua colcombe,1400,G1,1,1166,1.04,0.17,2
2023-09-20,David Battell,Rishi Reddy Mittapally,w1 rishi reddy mittapally,850,W1,1,1175,1.87,0.83,3
2023-09-29,David Battell,John Ward,w1 john ward,1125,W1,1,1199,2.36,0.49,4
2023-10-03,David Battell,Bradley Parfitt,w1 bradley parfitt,959,W1,1,1213,3.08,0.72,5
2023-10-10,David Battell,Paul Bevan,w1 paul bevan,1211,W1,0,1195,3.45,0.37,5
2023-10-24,David Battell,Dylan Greenway,w1 dylan greenway,1043,W1,1,1213,4.06,0.61,6
2023-11-08,David Battell,Joe Rogers,w1 joe rogers,1100,W1,1,1236,4.59,0.53,7
2023-12-05,David Battell,Aaron Davies,w1 aaron davies,1084,W1,0.5,1234,5.14,0.55,7.5
2023-09-13,James Evans,Mike Richards,w1 mike richards,1354,W1,1,1510,0.7,0.7,1
2023-09-20,James Evans,Claire Gorman,w1 claire gorman,1044,W1,1,1513,1.6,0.9,2
2023-09-27,James Evans,Dale Westcott,w1 dale westcott,1607,W1,0,1502,1.95,0.35,2
2023-10-04,James Evans,Ken Huntley,w1 ken huntley,1349,W1,0,1479,2.65,0.7,2
2023-11-01,James Evans,Greg Goold,w1 greg goold,1222,W1,1,1484,3.48,0.83,3
2023-12-13,James Evans,Andrew Gibbons,w1 andrew gibbons,1953,W1,0,1481,3.58,0.1,3
2023-09-11,Richard Cleveland,William Hewitt,w1 william hewitt,2049,W1,0,2042,0.5,0.5,0
2023-10-23,Richard Cleveland,Huw Jones,w1 huw jones,1670,W1,1,2044,1.4,0.9,1
2023-11-21,Richard Cleveland,Jonathan Thomas,w1 jonathan thomas,1780,W1,0.5,2038,2.23,0.83,1.5
2023-12-04,Richard Cleveland,Yash Dave,w1 yash dave,1500,W1,1,2040,3.13,0.9,2.5
2023-12-13,Richard Cleveland,Malcolm Probert,w1 malcolm probert,1472,W1,1,2042,4.03,0.9,3.5
2023-09-13,Jonathan Thomas,Andrew Smith,w1 andrew smith,1677,W1,0.5,1777,0.64,0.64,0.5
2023-09-26,Jonathan Thomas,Jason Garcia,w1 jason garcia,2026,W1,0,1772,0.84,0.2,0.5
2023-10-22,Jonathan Thomas,Govind Anandkumar,e1 govind anandkumar,1372,E1,1,1774,1.74,0.9,1.5
2023-10-30,Jonathan Thomas,Andrew Thomas,w1 andrew thomas,1800,W1,0.5,1775,2.21,0.47,2
2023-11-07,Jonathan Thomas,Donovan Sipho,w1 donovan sipho,1712,W1,0,1761,2.81,0.6,2
2023-11-21,Jonathan Thomas,Richard Cleveland,w1 richard cleveland,2050,W1,0.5,1768,2.98,0.17,2.5
2023-11-26,Jonathan Thomas,Csombor Hanczar,e1 csombor hanczar,1210,E1,1,1771,3.88,0.9,3.5
2023-09-15,Gabrielis Abravicius,Advik Samiaiya,w1 advik samiaiya,850,W1,1,874,0.5,0.5,1
2023-09-20,Gabrielis Abravicius,Harrison Smith,w1 harrison smith,850,W1,0,850,1,0.5,1
2023-11-08,Gabrielis Abravicius,Glyn Hill,w1 glyn hill,850,W1,0,826,1.5,0.5,1
2023-09-13,John Arnold,Matthew Billington,w1 matthew billington,1415,W1,0.5,1496,0.62,0.62,0.5
2023-09-20,John Arnold,Andrew Powell,w1 andrew powell,1087,W1,1,1499,1.52,0.9,1.5
2023-10-04,John Arnold,McKenzie Archibald,w1 mckenzie archibald,1374,W1,0,1478,2.19,0.67,1.5
2023-10-12,John Arnold,Greg Goold,w1 greg goold,1222,W1,1,1483,3.02,0.83,2.5
2023-10-16,John Arnold,Bob Moore,w1 bob moore,1853,W1,0,1479,3.14,0.12,2.5
2023-11-29,John Arnold,Paul Headon,w1 paul headon,1689,W1,1,1503,3.39,0.25,3.5
2023-12-06,John Arnold,Alan Young,w1 alan young,2125,W1,0,1500,3.49,0.1,3.5
2023-12-13,John Arnold,Ian Jones,w1 ian jones,1979,W1,0,1497,3.59,0.1,3.5
2023-12-20,John Arnold,Jason Garcia,w1 jason garcia,2026,W1,0.5,1510,3.69,0.1,4
2023-09-18,Jonathan Baker,John Ward,w1 john ward,1125,W1,1,1309,0.73,0.73,1
2023-10-12,Jonathan Baker,Janet Evans,w1 janet evans,1010,W1,1,1314,1.57,0.84,2
2023-10-15,Jonathan Baker,Tony Goodchild,w1 tony goodchild,1226,W1,1,1326,2.17,0.6,3
2023-11-21,Jonathan Baker,John Davies,w1 john davies,1222,W1,1,1339,2.78,0.61,4
2023-12-05,Jonathan Baker,Claire Gorman,w1 claire gorman,1044,W1,1,1345,3.59,0.81,5
2023-12-11,Jonathan Baker,Bobby Taylor,w1 bobby taylor,850,W1,1,1348,4.49,0.9,6
2023-12-20,Jonathan Baker,Adam May,w1 adam may,1871,W1,0,1345,4.59,0.1,6
2023-09-15,Kiran Kini,John Giannini,w1 john giannini,851,W1,1,874,0.5,0.5,1
2023-09-20,Kiran Kini,Iwan Bath,w1 iwan bath,1066,W1,0,863,0.72,0.22,1
2023-10-13,Kiran Kini,Advik Samiaiya,w1 advik samiaiya,850,W1,0,839,1.22,0.5,1
2023-11-15,Kiran Kini,John Giannini,w1 john giannini,851,W1,1,863,1.72,0.5,2
2023-09-15,Rishi Reddy Mittapally,Bradley Parfitt,w1 bradley parfitt,959,W1,0,833,0.35,0.35,0
2023-09-20,Rishi Reddy Mittapally,David Battell,w1 david battell,1120,W1,0,825,0.52,0.17,0
2023-10-13,Rishi Reddy Mittapally,Sujan Muvvala,w1 sujan muvvala,823,W1,0,799,1.06,0.54,0
2023-11-08,Rishi Reddy Mittapally,Alex Addis-Fuller,w1 alex addis-fuller,850,W1,0.5,799,1.56,0.5,0.5
2023-11-15,Rishi Reddy Mittapally,Advik Samiaiya,w1 advik samiaiya,850,W1,0,775,2.06,0.5,0.5
2023-09-15,Daniel Pugh,Ioan Morgan,w1 ioan morgan,850,W1,0,826,0.5,0.5,0
2023-09-20,Daniel Pugh,Alex Addis-Fuller,w1 alex addis-fuller,850,W1,1,850,1,0.5,1
2023-10-13,Daniel Pugh,John Giannini,w1 john giannini,851,W1,1,874,1.5,0.5,2
2023-11-08,Daniel Pugh,Harrison Smith,w1 harrison smith,850,W1,1,898,2,0.5,3
2023-11-15,Daniel Pugh,Ioan Morgan,w1 ioan morgan,850,W1,1,922,2.5,0.5,4
2023-12-05,Daniel Pugh,Dylan Greenway,w1 dylan greenway,1043,W1,0,910,2.75,0.25,4
2023-09-13,Richard Williams,Aaron Davies,w1 aaron davies,1084,W1,1,1259,0.72,0.72,1
2023-09-27,Richard Williams,William Francis,w1 william francis,850,W1,0.5,1246,1.62,0.9,1.5
2023-09-15,Ioan Morgan,Daniel Pugh,w1 daniel pugh,850,W1,1,874,0.5,0.5,1
2023-09-22,Ioan Morgan,William Francis,w1 william francis,850,W1,0,850,1,0.5,1
2023-09-29,Ioan Morgan,Harrison Smith,w1 harrison smith,850,W1,0,826,1.5,0.5,1
2023-10-06,Ioan Morgan,Glyn Hill,w1 glyn hill,850,W1,0,802,2,0.5,1
2023-10-10,Ioan Morgan,Gareth Tremain,w1 gareth tremain,979,W1,1,835,2.32,0.32,2
2023-10-13,Ioan Morgan,Joe Rogers,w1 joe rogers,1100,W1,0,825,2.51,0.19,2
2023-11-07,Ioan Morgan,Dylan Greenway,w1 dylan greenway,1043,W1,1,861,2.76,0.25,3
2023-11-15,Ioan Morgan,Daniel Pugh,w1 daniel pugh,850,W1,0,837,3.26,0.5,3
2023-11-24,Ioan Morgan,Harrison Smith,w1 harrison smith,850,W1,0,813,3.76,0.5,3
2023-09-20,Harrison Smith,Gabrielis Abravicius,w1 gabrielis abravicius,850,W1,1,874,0.5,0.5,1
2023-09-29,Harrison Smith,Ioan Morgan,w1 ioan morgan,850,W1,1,898,1,0.5,2
2023-10-03,Harrison Smith,Advik Samiaiya,w1 advik samiaiya,850,W1,0,874,1.5,0.5,2
2023-11-08,Harrison Smith,Daniel Pugh,w1 daniel pugh,850,W1,0,850,2,0.5,2
2023-11-17,Harrison Smith,John Giannini,w1 john giannini,851,W1,1,874,2.5,0.5,3
2023-11-24,Harrison Smith,Ioan Morgan,w1 ioan morgan,850,W1,1,898,3,0.5,4
2023-09-20,Alex Addis-Fuller,Daniel Pugh,w1 daniel pugh,850,W1,0,826,0.5,0.5,0
2023-09-29,Alex Addis-Fuller,Advik Samiaiya,w1 advik samiaiya,850,W1,0.5,826,1,0.5,0.5
2023-10-03,Alex Addis-Fuller,John Giannini,w1 john giannini,851,W1,1,850,1.5,0.5,1.5
2023-11-08,Alex Addis-Fuller,Rishi Reddy Mittapally,w1 rishi reddy mittapally,850,W1,0.5,850,2,0.5,2
2023-11-17,Alex Addis-Fuller,Sujan Muvvala,w1 sujan muvvala,823,W1,1,872,2.54,0.54,3
2023-11-24,Alex Addis-Fuller,John Giannini,w1 john giannini,851,W1,1,896,3.04,0.5,4
2023-09-20,Jordan Heatman,Martin C Jones,d1 martin c jones,1620,D1,0,1247,0.11,0.11,0
2023-09-27,Jordan Heatman,Guto Llywelyn,w1 guto llywelyn,1419,W1,1,1270,0.38,0.27,1
2023-10-10,Jordan Heatman,Roger Jenkins,w1 roger jenkins,1440,W1,1,1294,0.63,0.25,2
2023-10-17,Jordan Heatman,Ken Huntley,w1 ken huntley,1349,W1,0,1282,0.99,0.36,2
2023-10-24,Jordan Heatman,Vaughan Thomas,w1 vaughan thomas,1169,W1,1,1295,1.6,0.61,3
2023-10-31,Jordan Heatman,Martyn Griffiths,w1 martyn griffiths,1709,W1,0.5,1307,1.7,0.1,3.5
2023-11-07,Jordan Heatman,Greg Goold,w1 greg goold,1222,W1,1,1322,2.24,0.54,4.5
2023-11-11,Jordan Heatman,Govind Anandkumar,e1 govind anandkumar,1372,E1,0,1311,2.57,0.33,4.5
2023-11-21,Jordan Heatman,Louis Ba Thein,w1 louis ba thein,1352,W1,0,1300,2.93,0.36,4.5
2023-12-05,Jordan Heatman,Huw Jones,w1 huw jones,1670,W1,0.5,1313,3.03,0.1,5
2023-12-12,Jordan Heatman,Greg Goold,w1 greg goold,1222,W1,1,1328,3.57,0.54,6
2023-09-19,Peter George,Karl Wendrich,w1 karl wendrich,1436,W1,0,1516,0.64,0.64,0
2023-09-19,Carl Halpin,Tony Goodchild,w1 tony goodchild,1226,W1,1,1385,0.7,0.7,1
2023-10-10,Carl Halpin,Paul Bevan,w1 paul bevan,1211,W1,1,1393,1.42,0.72,2
2023-10-24,Carl Halpin,Gary Harber,w1 gary harber,1210,W1,1,1402,2.14,0.72,3
2023-10-31,Carl Halpin,Claire Gorman,w1 claire gorman,1044,W1,1,1407,3.01,0.87,4
2023-11-07,Carl Halpin,Steve Edwards,w1 steve edwards,1467,W1,0.5,1411,3.38,0.37,4.5
2023-11-10,Carl Halpin,Arush Ajai Murthy,e1 arush ajai murthy,916,E1,0,1382,4.28,0.9,4.5
2023-11-11,Carl Halpin,Glyn Hill,w1 glyn hill,850,W1,1,1385,5.18,0.9,5.5
2023-11-11,Carl Halpin,Chris Thompson,g1 chris thompson,1000,G1,0.5,1372,6.08,0.9,6
2023-11-12,Carl Halpin,Eugene Tee,NA,1042,FIDE,0,1345,6.95,0.87,6
2023-11-12,Carl Halpin,Spencer Ripley,w1 spencer ripley,1036,W1,1,1348,7.83,0.88,7
2023-11-15,Carl Halpin,Greg Goold,w1 greg goold,1222,W1,1,1358,8.54,0.71,8
2023-11-21,Carl Halpin,Malcolm Probert,w1 malcolm probert,1472,W1,0.5,1362,8.9,0.36,8.5
2023-11-27,Carl Halpin,Roger Jenkins,w1 roger jenkins,1440,W1,0,1349,9.31,0.41,8.5
2023-11-28,Carl Halpin,Jacob Pratten,w1 jacob pratten,1283,W1,0,1329,9.94,0.63,8.5
2023-12-05,Carl Halpin,Martin C Jones,d1 martin c jones,1620,D1,0.5,1339,10.14,0.2,9
2023-12-12,Carl Halpin,Elliot Chapman,w1 elliot chapman,1235,W1,0,1317,10.83,0.69,9
2023-09-22,Tomos Francis,Sujan Muvvala,w1 sujan muvvala,823,W1,1,872,0.54,0.54,1
2023-09-29,Tomos Francis,John Giannini,w1 john giannini,851,W1,0,848,1.04,0.5,1
2023-11-07,Tomos Francis,Sujan Muvvala,w1 sujan muvvala,823,W1,0,822,1.58,0.54,1
2023-11-11,Tomos Francis,Andrei Zhuravlev,e1 andrei zhuravlev,999,E1,0,808,1.88,0.3,1
2023-11-12,Tomos Francis,Spencer Ripley,w1 spencer ripley,1036,W1,0,796,2.14,0.26,1
2023-11-12,Tomos Francis,Chris Thompson,g1 chris thompson,1000,G1,0.5,806,2.44,0.3,1.5
2023-09-22,Emyr-Wyn Francis,Connor Jones,w1 connor jones,850,W1,1,874,0.5,0.5,1
2023-10-04,Emyr-Wyn Francis,Greg Goold,w1 greg goold,1222,W1,0,869,0.61,0.11,1
2023-10-24,Emyr-Wyn Francis,Gareth Tremain,w1 gareth tremain,979,W1,1,901,0.93,0.32,2
2023-11-10,Emyr-Wyn Francis,David Belochkin,e1 david belochkin,1250,E1,0,897,1.03,0.1,2
2023-11-11,Emyr-Wyn Francis,Steve Maguire,e1 steve maguire,946,E1,1,927,1.4,0.37,3
2023-11-12,Emyr-Wyn Francis,Arush Ajai Murthy,e1 arush ajai murthy,916,E1,0,908,1.81,0.41,3
2023-09-26,Mark Wilson,Huw Jones,w1 huw jones,1670,W1,0,1447,0.22,0.22,0
2023-10-17,Mark Wilson,Dale Westcott,w1 dale westcott,1607,W1,0,1437,0.51,0.29,0
2023-11-27,Mark Wilson,Louis Ba Thein,w1 louis ba thein,1352,W1,1,1449,1.15,0.64,1
2023-09-20,Steve Jeacock,Ken Huntley,w1 ken huntley,1349,W1,1,1173,0.23,0.23,1
2023-10-02,Steve Jeacock,Dave Conway,w1 dave conway,1197,W1,0,1153,0.64,0.41,1
2023-10-18,Steve Jeacock,Elliot Chapman,w1 elliot chapman,1235,W1,0,1136,1,0.36,1
2023-11-01,Steve Jeacock,Matthew Billington,w1 matthew billington,1415,W1,0,1128,1.17,0.17,1
2023-11-07,Steve Jeacock,Cameron Ferguson,w1 cameron ferguson,1110,W1,1,1150,1.71,0.54,2
2023-09-22,William Francis,Ioan Morgan,w1 ioan morgan,850,W1,1,874,0.5,0.5,1
2023-09-27,William Francis,Richard Williams,w1 richard williams,1250,W1,0.5,893,0.6,0.1,1.5
2023-10-04,William Francis,Nick Hale,w1 nick hale,1213,W1,0.5,912,0.71,0.11,2
2023-10-06,William Francis,Bradley Parfitt,w1 bradley parfitt,959,W1,0.5,919,1.06,0.35,2.5
2023-10-24,William Francis,Claire Gorman,w1 claire gorman,1044,W1,0,907,1.31,0.25,2.5
2023-10-31,William Francis,Luke Turner,w1 luke turner,1288,W1,0,903,1.41,0.1,2.5
2023-11-07,William Francis,John Giannini,w1 john giannini,851,W1,1,927,1.91,0.5,3.5
2023-11-10,William Francis,Lucas Zheng,e1 lucas zheng,1104,E1,0,918,2.1,0.19,3.5
2023-11-11,William Francis,David Belochkin,e1 david belochkin,1250,E1,0,913,2.2,0.1,3.5
2023-11-11,William Francis,Glyn Hill,w1 glyn hill,850,W1,0,889,2.7,0.5,3.5
2023-11-12,William Francis,Andrei Zhuravlev,e1 andrei zhuravlev,999,E1,0,875,3,0.3,3.5
2023-11-24,William Francis,Bobby Taylor,w1 bobby taylor,850,W1,1,899,3.5,0.5,4.5
2023-12-12,William Francis,Bobby Taylor,w1 bobby taylor,850,W1,1,923,4,0.5,5.5
2023-10-06,Dylan Greenway,Advik Samiaiya,w1 advik samiaiya,850,W1,1,1055,0.75,0.75,1
2023-10-24,Dylan Greenway,David Battell,w1 david battell,1120,W1,0,1036,1.14,0.39,1
2023-11-07,Dylan Greenway,Ioan Morgan,w1 ioan morgan,850,W1,0,1000,1.89,0.75,1
2023-12-05,Dylan Greenway,Daniel Pugh,w1 daniel pugh,850,W1,1,1012,2.64,0.75,2
2023-12-12,Dylan Greenway,Advik Samiaiya,w1 advik samiaiya,850,W1,0.5,1000,3.39,0.75,2.5
2023-10-03,Iwan Morgan,Iwan Bath,w1 iwan bath,1066,W1,0.5,863,0.22,0.22,0.5
2023-10-16,Angus Winter,Duncan Williams,w1 duncan williams,1817,W1,0,1496,0.14,0.14,0
2023-10-23,Angus Winter,Andrew Gibbons,w1 andrew gibbons,1953,W1,0,1492,0.24,0.1,0
2023-10-31,Angus Winter,Ian Phillips,w1 ian phillips,1071,W1,1,1496,1.14,0.9,1
2023-11-21,Angus Winter,Wojtek Liponski,w1 wojtek liponski,1348,W1,1,1505,1.85,0.71,2
2023-09-22,Glyn Hill,John Giannini,w1 john giannini,851,W1,1,874,0.5,0.5,1
2023-10-06,Glyn Hill,Ioan Morgan,w1 ioan morgan,850,W1,1,898,1,0.5,2
2023-10-10,Glyn Hill,Advik Samiaiya,w1 advik samiaiya,850,W1,0,874,1.5,0.5,2
2023-10-24,Glyn Hill,Andrew Powell,w1 andrew powell,1087,W1,0,864,1.7,0.2,2
2023-11-08,Glyn Hill,Gabrielis Abravicius,w1 gabrielis abravicius,850,W1,1,888,2.2,0.5,3
2023-11-10,Glyn Hill,Bronwen Tuson,d1 bronwen tuson,1100,D1,0.5,903,2.39,0.19,3.5
2023-11-11,Glyn Hill,Carl Halpin,w1 carl halpin,1375,W1,0,898,2.49,0.1,3.5
2023-11-11,Glyn Hill,William Francis,w1 william francis,850,W1,1,922,2.99,0.5,4.5
2023-11-12,Glyn Hill,Andrei Zhuravlev,e1 andrei zhuravlev,999,E1,1,956,3.29,0.3,5.5
2023-11-12,Glyn Hill,Andrew Powell,w1 andrew powell,1087,W1,1,994,3.49,0.2,6.5
2023-11-15,Glyn Hill,John Williams,w1 john williams,1100,W1,1,1033,3.68,0.19,7.5
2023-12-01,Glyn Hill,Bobby Taylor,w1 bobby taylor,850,W1,1,1057,4.18,0.5,8.5
2023-09-09,Thomas Wells,Jason Garcia,w1 jason garcia,2026,W1,1,1779,0.18,0.18,1
2023-09-09,Thomas Wells,Alex Bullen,e1 alex bullen,2245,E1,0,1776,0.28,0.1,1
2023-09-10,Thomas Wells,Sam Jukes,e1 sam jukes,2034,E1,0.5,1784,0.45,0.17,1.5
2023-09-10,Thomas Wells,Vincent Sagues,NA,1992,FIDE,0.5,1791,0.66,0.21,2
2023-10-24,Thomas Wells,Les Philpin,w1 les philpin,1618,W1,0,1775,1.35,0.69,2
2023-11-07,Thomas Wells,Steve Smith,w1 steve smith,1877,W1,0,1767,1.69,0.34,2
2023-11-10,Thomas Wells,Alexis Harakis,d1 alexis harakis,2313,D1,0,1764,1.79,0.1,2
2023-11-21,Thomas Wells,Adam May,w1 adam may,1871,W1,0,1756,2.13,0.34,2
2023-10-17,Wojtek Liponski,Louis Ba Thein,w1 louis ba thein,1352,W1,1,1364,0.49,0.49,1
2023-10-24,Wojtek Liponski,Sam Pritchard,w1 sam pritchard,1602,W1,1,1390,0.68,0.19,2
2023-10-30,Wojtek Liponski,Roger Jenkins,w1 roger jenkins,1440,W1,0.5,1394,1.05,0.37,2.5
2023-11-21,Wojtek Liponski,Angus Winter,w1 angus winter,1500,W1,0,1385,1.34,0.29,2.5
2023-10-24,Alex Kharchenko,Neil Stuart,w1 neil stuart,1537,W1,0,1196,0.13,0.13,0
2023-10-24,Robin Kerremans,Darson Beeston,w1 darson beeston,1477,W1,0,1159,0.14,0.14,0
2023-10-25,Robin Kerremans,Paul Headon,w1 paul headon,1689,W1,1,1202,0.24,0.1,1
2023-10-30,Robin Kerremans,Farouq Nasir,w1 farouq nasir,1217,W1,0,1182,0.67,0.43,1
2023-10-31,Robin Kerremans,Martin C Jones,d1 martin c jones,1620,D1,0,1177,0.77,0.1,1
2023-11-20,Robin Kerremans,Louis Ba Thein,w1 louis ba thein,1352,W1,1,1213,1.03,0.26,2
2023-11-28,Robin Kerremans,John Davies,w1 john davies,1222,W1,1,1241,1.45,0.42,3
2023-10-17,Yash Dave,Tony Goodchild,w1 tony goodchild,1226,W1,1,1505,0.83,0.83,1
2023-10-25,Yash Dave,Ralph Cook,w1 ralph cook,1519,W1,1,1522,1.3,0.47,2
2023-10-30,Yash Dave,Neil Stuart,w1 neil stuart,1537,W1,0,1508,1.75,0.45,2
2023-10-31,Yash Dave,Huw Jones,w1 huw jones,1670,W1,1,1531,2.02,0.27,3
2023-11-07,Yash Dave,Andrew Di-Vetta,e1 andrew di-vetta,1783,E1,0,1526,2.18,0.16,3
2023-11-20,Yash Dave,Roger Jenkins,w1 roger jenkins,1440,W1,0,1507,2.77,0.59,3
2023-11-21,Yash Dave,Mark Thomas,w1 mark thomas,1802,W1,0.5,1519,2.92,0.15,3.5
2023-12-04,Yash Dave,Richard Cleveland,w1 richard cleveland,2050,W1,0,1515,3.02,0.1,3.5
2023-12-05,Yash Dave,Ben Rowlands,w1 ben rowlands,1439,W1,0,1497,3.61,0.59,3.5
2023-10-31,Ben Hambridge,Tony Crossman,w1 tony crossman,1623,W1,0,1095,0.1,0.1,0
2023-12-04,Ben Hambridge,Ian Jones,w1 ian jones,1979,W1,0,1090,0.2,0.1,0
2023-10-25,C Paraina,Rajith Babu,w1 rajith babu,834,W1,1,1109,0.82,0.82,1
2023-10-31,Jamie Garcia,Mark Thomas,w1 mark thomas,1802,W1,0,1095,0.1,0.1,0
2023-11-01,John Williams,John Ward,w1 john ward,1125,W1,0,1078,0.46,0.46,0
2023-11-15,John Williams,Glyn Hill,w1 glyn hill,850,W1,0,1039,1.27,0.81,0
2023-11-22,John Williams,June Evans,w1 june evans,1093,W1,0,1014,1.78,0.51,0
2023-12-13,John Williams,Tony Goodchild,w1 tony goodchild,1226,W1,0,999,2.11,0.33,0
2023-10-13,Joe Rogers,Ioan Morgan,w1 ioan morgan,850,W1,1,1109,0.81,0.81,1
2023-11-08,Joe Rogers,David Battell,w1 david battell,1120,W1,0,1087,1.28,0.47,1
2023-11-15,Joe Rogers,John Ward,w1 john ward,1125,W1,1,1112,1.74,0.46,2
2023-10-17,Tristan Griffith,Paul Bevan,w1 paul bevan,1211,W1,0,1083,0.35,0.35,0
2023-10-09,Andrew Thomas,Darson Beeston,w1 darson beeston,1477,W1,1,1803,0.87,0.87,1
2023-10-30,Andrew Thomas,Jonathan Thomas,w1 jonathan thomas,1780,W1,0.5,1803,1.4,0.53,1.5
2023-11-10,Eugene Tee,Aaron Davies,w1 aaron davies,1084,W1,0,1075,0.52,0.52,0
2023-11-11,Eugene Tee,Andrei Zhuravlev,e1 andrei zhuravlev,999,E1,0.5,1068,1.16,0.64,0.5
2023-11-11,Eugene Tee,Claire Gorman,w1 claire gorman,1044,W1,1,1088,1.74,0.58,1.5
2023-11-20,Eugene Tee,Farouq Nasir,w1 farouq nasir,1217,W1,0.5,1096,2.08,0.34,2
2023-12-05,Eugene Tee,Gary Harber,w1 gary harber,1210,W1,1,1127,2.43,0.35,3
2023-11-21,Cameron Westwood,Alan Young,w1 alan young,2125,W1,0,1741,0.1,0.1,0
2023-12-04,Cameron Westwood,Adam Musson,w1 adam musson,2130,W1,0,1738,0.2,0.1,0
2023-11-24,Bobby Taylor,William Francis,w1 william francis,850,W1,0,826,0.5,0.5,0
2023-11-27,Bobby Taylor,Gary Harber,w1 gary harber,1210,W1,1,869,0.61,0.11,1
2023-12-01,Bobby Taylor,Glyn Hill,w1 glyn hill,850,W1,0,845,1.11,0.5,1
2023-12-11,Bobby Taylor,Jonathan Baker,w1 jonathan baker,1300,W1,0,840,1.21,0.1,1
2023-12-12,Bobby Taylor,William Francis,w1 william francis,850,W1,0,816,1.71,0.5,1
2023-12-13,Bobby Taylor,Matthew Billington,w1 matthew billington,1415,W1,0,811,1.81,0.1,1
2023-11-28,Jacob Pratten,Carl Halpin,w1 carl halpin,1375,W1,1,1303,0.37,0.37,1
2023-12-05,Rob Bath,Erich Carpenter,w1 erich carpenter,1100,W1,1,1124,0.5,0.5,1
2023-12-05,William Selby,Derek Bellamy,w1 derek bellamy,1178,W1,0,1081,0.39,0.39,0
2023-09-22,Connor Jones,Emyr-Wyn Francis,w1 emyr-wyn francis,850,W1,0,826,0.5,0.5,0
2023-07-07,Jonathan LB Blackburn,Emily Maton,NA,2016,ENG,0.5,2325,0.86,0.86,0.5
2023-07-07,Jonathan LB Blackburn,Calum Harris,e1 calum harris,1882,E1,1,2326,1.76,0.9,1.5
2023-07-08,Jonathan LB Blackburn,Benjamin Larkin,NA,2094,ENG,1,2328,2.55,0.79,2.5
2023-07-09,Jonathan LB Blackburn,David L Roberts,NA,2031,ENG,1,2330,3.4,0.85,3.5
2023-07-09,Jonathan LB Blackburn,Jack Rudd,NA,2361,ENG,0.5,2330,3.85,0.45,4
2023-07-10,Jonathan LB Blackburn,Joakim Nilsson,NA,2176,Fide,0,2323,4.56,0.71,4
2023-07-11,Jonathan LB Blackburn,Petr Marusenko,NA,2043,Fide,1,2325,5.4,0.84,5
2023-07-11,Jonathan LB Blackburn,Jacob Connor Boswell,NA,2275,ENG,0,2319,5.98,0.58,5
2023-07-12,Jonathan LB Blackburn,Hugo Fowler,g1 hugo fowler,2109,G1,1,2321,6.76,0.78,6
2023-08-09,Jonathan LB Blackburn,Tim Kett,e1 tim kett,2192,E1,1,2325,7.45,0.69,7
2023-08-10,Jonathan LB Blackburn,Tom Brown,e1 tom brown,2149,E1,1,2327,8.19,0.74,8
2023-08-10,Jonathan LB Blackburn,Jacob Connor Boswell,NA,2283,ENG,0.5,2327,8.76,0.57,8.5
2023-08-11,Jonathan LB Blackburn,Shabir Okhai,NA,2254,ENG,1,2330,9.37,0.61,9.5
2023-08-11,Jonathan LB Blackburn,Roger G Williamson,NA,2184,ENG,0,2323,10.07,0.7,9.5
2023-08-12,Jonathan LB Blackburn,Charles F Morris,n1 charles f morris,2165,N1,1,2326,10.79,0.72,10.5
2023-08-12,Jonathan LB Blackburn,Alan M Byron,NA,2180,ENG,0.5,2324,11.49,0.7,11
2023-08-13,Jonathan LB Blackburn,Alan J Walton,NA,2123,ENG,0.5,2322,12.26,0.77,11.5
2023-08-13,Jonathan LB Blackburn,Richard Wy Lee,NA,2109,ENG,0,2314,13.04,0.78,11.5
2023-09-08,Jonathan LB Blackburn,Calum Harris,e1 calum harris,1882,E1,1,2315,13.94,0.9,12.5
2023-09-09,Jonathan LB Blackburn,Andrew Gibbons,w1 andrew gibbons,1953,W1,1,2316,14.84,0.9,13.5
2023-09-09,Jonathan LB Blackburn,Dave Turner,g1 dave turner,1957,G1,1,2317,15.73,0.89,14.5
2023-09-10,Jonathan LB Blackburn,Keith Arkell,NA,2390,ENG,0,2313,16.14,0.41,14.5
2023-09-10,Jonathan LB Blackburn,Peter Varley,g1 peter varley,2168,G1,0,2306,16.86,0.72,14.5
2023-10-10,Jonathan LB Blackburn,Patrick Bennett,NA,1969,ENG,1,2307,17.75,0.89,15.5
2023-10-09,Jonathan LB Blackburn,Richard Dineley,n1 richard dineley,2315,N1,0.5,2306,18.27,0.52,16
2023-09-10,Peter Varley,Jonathan LB Blackburn,g1 jonathan lb blackburn,2329,G1,1,2179,0.28,0.28,1
2023-09-08,Peter Varley,Jai Kothari,NA,1989,ENG,1,2184,1.02,0.74,2
2023-09-09,Peter Varley,Sean Gordon,NA,2091,ENG,0.5,2182,1.63,0.61,2.5
2023-09-09,Peter Varley,Sam Jukes,e1 sam jukes,2034,E1,1,2187,2.31,0.68,3.5
2023-09-10,Peter Varley,Iwan Cave,NA,2176,ENG,0.5,2187,2.8,0.49,4
2023-09-19,Peter Varley,Nikolay A Legky,NA,2357,Fide,0.5,2191,3.05,0.25,4.5
2023-09-20,Peter Varley,Veikko Koskinen,NA,1873,Fide,0.5,2186,3.9,0.85,5
2023-09-22,Peter Varley,Andreas Huss,NA,2221,Fide,1,2195,4.32,0.42,6
2023-09-23,Peter Varley,Ljubomir Ilic,NA,2044,Fide,0.5,2192,4.99,0.67,6.5
2023-09-24,Peter Varley,Heikki MJ Westerinen,NA,2237,Fide,1,2202,5.39,0.4,7.5
2023-09-26,Peter Varley,Carlos Horacio Garcia Palermo,NA,2410,Fide,0,2198,5.59,0.2,7.5
2023-09-27,Peter Varley,Gerrit Prakken,NA,2176,Fide,0,2191,6.08,0.49,7.5
2023-09-28,Peter Varley,John M Quinn,NA,2172,ENG,0.5,2191,6.57,0.49,8
2023-10-04,Peter Varley,Jonathan Gilbert,g1 jonathan gilbert,2031,G1,0.5,2188,7.26,0.69,8.5
2023-10-18,Peter Varley,Richard Batey,g1 richard batey,1891,G1,0.5,2182,8.09,0.83,9
2023-10-22,Peter Varley,Charles F Morris,n1 charles f morris,2165,N1,0.5,2182,8.59,0.5,9.5
2023-10-25,Peter Varley,Alex-Sacha Ladisic,NA,1871,Fide,1,2185,9.44,0.85,10.5
2023-10-26,Peter Varley,Stein Jensen,NA,2031,Fide,0.5,2182,10.13,0.69,11
2023-10-27,Peter Varley,Tomas Serra Olives,NA,2044,Fide,1,2187,10.8,0.67,12
2023-10-28,Peter Varley,Jose Luis Fernandez Garcia,NA,2379,Fide,0,2183,11.03,0.23,12
2023-10-29,Peter Varley,Antonio Martorelli,NA,2073,Fide,0,2173,11.66,0.63,12
2023-10-30,Peter Varley,Efren Bagamasbad,NA,2016,Fide,0,2162,12.37,0.71,12
2023-11-01,Peter Varley,Timur Kassymov,NA,1829,Fide,1,2164,13.25,0.88,13
2023-11-02,Peter Varley,Moisei Khazankin,NA,1935,Fide,1,2167,14.04,0.79,14
2023-11-02,Peter Varley,Ramon Antonio Huertas Soris,NA,2060,Fide,0.5,2165,14.69,0.65,14.5
2023-11-03,Peter Varley,Mario Sepliarsky,NA,2056,Fide,0,2154,15.35,0.66,14.5
2023-11-04,Peter Varley,Naresh Jhunjhnuwala,NA,2008,Fide,1,2159,16.07,0.72,15.5
2023-11-15,Peter Varley,David Llewellyn,e1 david llewellyn,1874,E1,1,2161,16.91,0.84,16.5
2023-11-26,Peter Varley,Grzegorz Toczek,e1 grzegorz toczek,2323,E1,0,2157,17.2,0.29,16.5
2023-11-29,Peter Varley,Lee Davis,e1 lee davis,1928,E1,1,2160,18,0.8,17.5
2023-12-19,Peter Varley,Jonathan Gilbert,g1 jonathan gilbert,2031,G1,1,2165,18.69,0.69,18.5
2023-07-13,Ernest Gibiec,Jan Cihal,NA,1733,Fide,1,2151,0.9,0.9,1
2023-07-14,Ernest Gibiec,Vaclav Finek,NA,2409,Fide,0,2148,1.08,0.18,1
2023-07-14,Ernest Gibiec,Ctirad Matonoha,NA,2006,Fide,1,2153,1.77,0.69,2
2023-07-15,Ernest Gibiec,Tomas Kosut,NA,1882,Fide,0.5,2147,2.59,0.82,2.5
2023-07-15,Ernest Gibiec,Karel Chalus,NA,1975,Fide,1,2152,3.32,0.73,3.5
2023-10-15,Ernest Gibiec,Matous Sikora,NA,2060,Fide,1,2158,3.95,0.63,4.5
2023-08-04,Jane Richmond,Mike Bramson,NA,1968,ENG,0.5,2157,0.75,0.75,0.5
2023-08-05,Jane Richmond,Niamh Bridgeman,NA,1940,ENG,1,2160,1.53,0.78,1.5
2023-08-06,Jane Richmond,Andrew J Stoker,NA,1986,ENG,0.5,2157,2.26,0.73,2
2023-08-06,Jane Richmond,Peter JE Ackley,NA,2093,ENG,0.5,2155,2.86,0.6,2.5
2023-11-10,Jane Richmond,Caleb Caleshu,NA,1981,ENG,0.5,2151,3.6,0.74,3
2023-11-11,Jane Richmond,Andy Hill,NA,2004,ENG,0.5,2148,4.31,0.71,3.5
2023-11-12,Jane Richmond,Stephen P Dilleigh,NA,2013,ENG,1,2153,5.01,0.7,4.5
2023-08-26,Jane Richmond,Anusha Subramanian,NA,2156,ENG,1,2161,5.52,0.51,5.5
2023-08-27,Jane Richmond,John P Wareing,NA,1938,ENG,0.5,2156,6.3,0.78,6
2023-08-28,Jane Richmond,Robert Newton,NA,1986,ENG,0.5,2152,7.03,0.73,6.5
2023-10-13,Jane Richmond,Thomas Anderson,NA,1885,ENG,0.5,2147,7.86,0.83,7
2023-10-13,Jane Richmond,Julian Llewellyn,NA,1958,ENG,1,2151,8.62,0.76,8
2023-10-13,Jane Richmond,David Graham,NA,2239,ENG,1,2161,9.01,0.39,9
2023-10-14,Jane Richmond,Tom Bird,NA,1949,ENG,0,2148,9.78,0.77,9
2023-09-08,James Lavender,Duncan MacDonald,e1 duncan macdonald,1953,E1,1,2129,0.73,0.73,1
2023-09-09,James Lavender,Iwan Cave,NA,2176,ENG,0.5,2131,1.16,0.43,1.5
2023-09-09,James Lavender,Luis Sanchez,d1 luis sanchez,1949,D1,1,2135,1.89,0.73,2.5
2023-09-10,James Lavender,Michael J Ashworth,NA,2117,ENG,1,2143,2.4,0.51,3.5
2023-09-10,James Lavender,Sean Gordon,NA,2091,ENG,0.5,2142,2.95,0.55,4
2023-10-04,James Lavender,Richard Batey,g1 richard batey,1891,G1,1,2145,3.74,0.79,5
2023-10-07,James Lavender,Ellison Smith,e1 ellison smith,1773,E1,1,2147,4.62,0.88,6
2023-10-07,James Lavender,Dale Westcott,w1 dale westcott,1607,W1,0.5,2141,5.52,0.9,6.5
2023-10-07,James Lavender,Peter Quinn,e1 peter quinn,1733,E1,1,2142,6.42,0.9,7.5
2023-10-08,James Lavender,Tim Kett,e1 tim kett,2192,E1,0.5,2144,6.82,0.4,8
2023-10-08,James Lavender,Alun Smith,e1 alun smith,1708,E1,1,2145,7.72,0.9,9
2023-10-18,James Lavender,Nigel Saunders,g1 nigel saunders,1985,G1,1,2150,8.41,0.69,10
2023-11-01,James Lavender,Leslie Blohm,g1 leslie blohm,1953,G1,1,2155,9.14,0.73,11
2023-11-15,James Lavender,Jonathan Gilbert,g1 jonathan gilbert,2031,G1,0,2144,9.77,0.63,11
2023-09-19,John Waterfield,Jean-Pierre Boudre,NA,2245,Fide,0,2074,0.28,0.28,0
2023-09-20,John Waterfield,Eero Patola,NA,1769,Fide,0.5,2068,1.14,0.86,0.5
2023-09-21,John Waterfield,Marc Stuer,NA,2031,Fide,1,2075,1.71,0.57,1.5
2023-09-22,John Waterfield,Georg Kradolfer,NA,1912,Fide,0,2063,2.43,0.72,1.5
2023-09-23,John Waterfield,Ilija Stosevski,NA,1968,Fide,1,2069,3.08,0.65,2.5
2023-09-24,John Waterfield,Jaako Kivimaki,NA,2172,Fide,0,2063,3.45,0.37,2.5
2023-09-27,John Waterfield,Rogier Van Egmond,NA,2061,Fide,0,2055,3.97,0.52,2.5
2023-09-28,John Waterfield,Tim R Spanton,NA,1852,ENG,0,2042,4.76,0.79,2.5
2023-10-11,John Waterfield,Fernando Felicio,NA,1914,ENG,0.5,2038,5.48,0.72,3
2023-10-29,John Waterfield,Caleb Caleshu,NA,1967,ENG,0.5,2036,6.13,0.65,3.5
2023-11-06,John Waterfield,David Stone,NA,1925,ENG,0,2025,6.84,0.71,3.5
2023-11-15,John Waterfield,Kevin Thurlow,NA,2022,ENG,0.5,2023,7.42,0.58,4
2023-09-11,Jonathan Gilbert,Dwain Jones,e1 dwain jones,1426,E1,1,2033,0.9,0.9,1
2023-09-25,Jonathan Gilbert,Steve Cunliffe,e1 steve cunliffe,1907,E1,0.5,2030,1.57,0.67,1.5
2023-10-04,Jonathan Gilbert,Peter Varley,g1 peter varley,2168,G1,0.5,2033,1.88,0.31,2
2023-10-09,Jonathan Gilbert,Daniel Wilmot,e1 daniel wilmot,1869,E1,0,2021,2.6,0.72,2
2023-10-17,Jonathan Gilbert,David Llewellyn,e1 david llewellyn,1874,E1,1,2026,3.31,0.71,3
2023-10-23,Jonathan Gilbert,Kam Choo Yin,e1 kam choo yin,1638,E1,1,2028,4.21,0.9,4
2023-10-31,Jonathan Gilbert,Michael Binks,e1 michael binks,2140,E1,0.5,2030,4.56,0.35,4.5
2023-11-07,Jonathan Gilbert,Lee Davis,e1 lee davis,1928,E1,0.5,2028,5.2,0.64,5
2023-11-15,Jonathan Gilbert,James Lavender,g1 james lavender,2125,G1,1,2038,5.57,0.37,6
2023-12-05,Jonathan Gilbert,Richard Batey,g1 richard batey,1891,G1,0,2027,6.26,0.69,6
2023-12-19,Jonathan Gilbert,Peter Varley,g1 peter varley,2168,G1,0,2022,6.57,0.31,6
2023-12-18,Jonathan Gilbert,Dave McGhee,e1 dave mcghee,1643,E1,1,2023,7.47,0.9,7
2023-07-07,Hugo Fowler,Kamran Harandi,NA,1517,ENG,1,2111,0.9,0.9,1
2023-07-07,Hugo Fowler,Alan M Byron,NA,2180,ENG,0,2104,1.3,0.4,1
2023-07-09,Hugo Fowler,Emily Maton,NA,2016,ENG,0.5,2102,1.93,0.63,1.5
2023-07-09,Hugo Fowler,Roy Thomas,e1 roy thomas,1743,E1,1,2104,2.82,0.89,2.5
2023-07-10,Hugo Fowler,David Maloberti,NA,2064,Fide,1,2111,3.38,0.56,3.5
2023-07-11,Hugo Fowler,Jacob Connor Boswell,NA,2275,ENG,0,2106,3.66,0.28,3.5
2023-07-11,Hugo Fowler,Jeremy FS Menadue,NA,2058,ENG,1,2113,4.23,0.57,4.5
2023-07-12,Hugo Fowler,Jonathan LB Blackburn,g1 jonathan lb blackburn,2329,G1,0,2110,4.45,0.22,4.5
2023-07-21,Hugo Fowler,Sam Cotterill,NA,1895,ENG,1,2113,5.22,0.77,5.5
2023-07-22,Hugo Fowler,Simon P Gay,NA,2002,ENG,1,2119,5.87,0.65,6.5
2023-07-22,Hugo Fowler,Oliver Stubbs,NA,2206,ENG,0.5,2121,6.23,0.36,7
2023-07-23,Hugo Fowler,Michael J Ashworth,NA,2131,ENG,0.5,2122,6.7,0.47,7.5
2023-07-23,Hugo Fowler,Chirag Guha,NA,2063,ENG,0.5,2121,7.27,0.57,8
2023-09-06,Hugo Fowler,Adam Batson,NA,2036,ENG,1,2127,7.87,0.6,9
2023-09-09,Hugo Fowler,S Wyn Howells,e1 s wyn howells,1588,E1,1,2128,8.77,0.9,10
2023-09-09,Hugo Fowler,Alan Young,w1 alan young,2125,W1,0,2121,9.25,0.48,10
2023-09-10,Hugo Fowler,Daniel Hilditch-Love,NA,1935,ENG,1,2125,9.98,0.73,11
2023-09-10,Hugo Fowler,Duncan MacDonald,e1 duncan macdonald,1953,E1,0.5,2122,10.69,0.71,11.5
2023-10-19,Hugo Fowler,Adam Musson,w1 adam musson,2130,W1,1,2130,11.16,0.47,12.5
2023-10-22,Hugo Fowler,Lee Davis,e1 lee davis,1928,E1,0.5,2126,11.9,0.74,13
2023-11-24,Hugo Fowler,Matthew MacLachlan,NA,1908,ENG,0,2114,12.66,0.76,13
2023-11-25,Hugo Fowler,Senith Gunarathne,NA,1840,ENG,1,2117,13.48,0.82,14
2023-11-25,Hugo Fowler,Keaten Patel,NA,1947,ENG,1,2122,14.2,0.72,15
2023-11-26,Hugo Fowler,Peter Davies,e1 peter davies,1971,E1,0,2111,14.89,0.69,15
2023-11-26,Hugo Fowler,Mahin Rughani,NA,1737,ENG,1,2112,15.78,0.89,16
2023-12-18,Hugo Fowler,Andrew Footner,NA,2003,ENG,0.5,2110,16.43,0.65,16.5
2023-10-04,Leslie Blohm,Steve Williams (Cwm),g1 steve williams (cwm),1626,G1,1,1956,0.87,0.87,1
2023-10-18,Leslie Blohm,David Vaughan,g1 david vaughan,1871,G1,0.5,1953,1.49,0.62,1.5
2023-10-22,Leslie Blohm,Nigel Saunders,g1 nigel saunders,1985,G1,0.5,1954,1.94,0.45,2
2023-11-01,Leslie Blohm,James Lavender,g1 james lavender,2125,G1,0,1948,2.21,0.27,2
2023-11-15,Leslie Blohm,Alan Keene,g1 alan keene,1852,G1,1,1957,2.85,0.64,3
2023-11-29,Leslie Blohm,Nigel Saunders,g1 nigel saunders,1985,G1,0.5,1958,3.3,0.45,3.5
2023-12-19,Leslie Blohm,Steve Williams (Cwm),g1 steve williams (cwm),1626,G1,0,1937,4.17,0.87,3.5
2023-09-10,Mark Adams,Richard Batey,g1 richard batey,1891,G1,0.5,1986,0.64,0.64,0.5
2023-09-09,Mark Adams,Nigel Saunders,g1 nigel saunders,1985,G1,0.5,1986,1.15,0.51,1
2023-09-08,Mark Adams,David Morgan,NA,1524,Fide,1,1988,2.05,0.9,2
2023-09-09,Mark Adams,Rudy van Kemenade,n1 rudy van kemenade,1993,N1,0,1976,2.54,0.49,2
2023-09-10,Mark Adams,Julie van Kemenade,n1 julie van kemenade,1635,N1,1,1979,3.42,0.88,3
2023-09-19,Mark Adams,Vladimir Pajkovic,NA,2414,Fide,0,1976,3.52,0.1,3
2023-09-20,Mark Adams,Snezana Brzovska,NA,1628,Fide,1,1979,4.41,0.89,4
2023-09-21,Mark Adams,Andrew P Lewis,NA,2328,ENG,0,1976,4.53,0.12,4
2023-09-22,Mark Adams,Yun Guo,NA,2244,Fide,0.5,1984,4.72,0.19,4.5
2023-09-23,Mark Adams,Jaime Escofet,NA,1902,Fide,0.5,1981,5.34,0.62,5
2023-09-26,Mark Adams,Zoran Kostadinovski,NA,1922,Fide,1,1990,5.94,0.6,6
2023-09-27,Mark Adams,Jacek Gdanski,NA,2484,Fide,0,1988,6.04,0.1,6
2023-11-01,Mark Adams,Richard Miles,g1 richard miles,1971,G1,0.5,1987,6.57,0.53,6.5
2023-11-15,Mark Adams,Lee Davis,e1 lee davis,1928,E1,0.5,1985,7.16,0.59,7
2023-11-18,Mark Adams,Nigel Collins,NA,1496,ENG,1,1988,8.06,0.9,8
2023-11-19,Mark Adams,Benjamin Larkin,NA,2024,ENG,0,1977,8.51,0.45,8
2023-12-13,Mark Adams,Peter Kirby,g1 peter kirby,2029,G1,0.5,1978,8.95,0.44,8.5
2023-09-08,Richard Miles,Julie van Kemenade,n1 julie van kemenade,1635,N1,1,1974,0.87,0.87,1
2023-09-09,Richard Miles,Lee Davis,e1 lee davis,1928,E1,0.5,1973,1.43,0.56,1.5
2023-09-09,Richard Miles,Gwyn Havard,e1 gwyn havard,1855,E1,0,1957,2.09,0.66,1.5
2023-09-10,Richard Miles,Roy Thomas,e1 roy thomas,1743,E1,1,1962,2.88,0.79,2.5
2023-10-17,Richard Miles,Steve Williams (Cwm),g1 steve williams (cwm),1626,G1,1,1965,3.76,0.88,3.5
2023-10-22,Richard Miles,Dave Connolly,g1 dave connolly,1537,G1,1,1967,4.66,0.9,4.5
2023-11-01,Richard Miles,Mark Adams,g1 mark adams,1989,G1,0.5,1968,5.13,0.47,5
2023-11-26,Richard Miles,Allan Pleasants,e1 allan pleasants,2080,E1,0.5,1971,5.48,0.35,5.5
2023-11-29,Richard Miles,Peter Slater,e1 peter slater,1679,E1,1,1975,6.32,0.84,6.5
2023-12-13,Richard Miles,Zane Allford,g1 zane allford,1799,G1,1,1982,7.05,0.73,7.5
2023-09-08,Nigel Saunders,Peter Quinn,e1 peter quinn,1733,E1,1,1990,0.81,0.81,1
2023-09-09,Nigel Saunders,Mark Adams,g1 mark adams,1989,G1,0.5,1990,1.3,0.49,1.5
2023-09-09,Nigel Saunders,Anthony Hughes,g1 anthony hughes,1875,G1,0.5,1986,1.95,0.65,2
2023-09-10,Nigel Saunders,Charles F Morris,n1 charles f morris,2165,N1,0.5,1992,2.21,0.26,2.5
2023-09-10,Nigel Saunders,Gwyn Havard,e1 gwyn havard,1855,E1,1,1999,2.89,0.68,3.5
2023-10-04,Nigel Saunders,David Llewellyn,e1 david llewellyn,1874,E1,0.5,1996,3.54,0.65,4
2023-10-18,Nigel Saunders,James Lavender,g1 james lavender,2125,G1,0,1988,3.85,0.31,4
2023-10-14,Nigel Saunders,Andy Hill,NA,1980,ENG,0.5,1988,4.36,0.51,4.5
2023-10-14,Nigel Saunders,Allan J Pleasants,NA,2105,ENG,0,1980,4.69,0.33,4.5
2023-10-14,Nigel Saunders,Ian C Clark,NA,1980,ENG,0.5,1980,5.2,0.51,5
2023-10-15,Nigel Saunders,Geoff C Searing,NA,1899,ENG,1,1989,5.82,0.62,6
2023-10-15,Nigel Saunders,Andrew F Footner,NA,1992,ENG,0.5,1989,6.31,0.49,6.5
2023-10-22,Nigel Saunders,Leslie Blohm,g1 leslie blohm,1953,G1,0.5,1988,6.86,0.55,7
2023-11-07,Nigel Saunders,Bob Hurn,e1 bob hurn,1459,E1,0.5,1979,7.76,0.9,7.5
2023-11-15,Nigel Saunders,Richard Batey,g1 richard batey,1891,G1,0.5,1975,8.39,0.63,8
2023-11-26,Nigel Saunders,Alexis Harakis,d1 alexis harakis,2313,D1,0,1972,8.52,0.13,8
2023-11-29,Nigel Saunders,Leslie Blohm,g1 leslie blohm,1953,G1,0.5,1971,9.07,0.55,8.5
2023-12-13,Nigel Saunders,David Llewellyn,e1 david llewellyn,1874,E1,0,1955,9.72,0.65,8.5
2023-07-07,Dave Turner,McKenzie Archibald,w1 mckenzie archibald,1374,W1,0,1935,0.9,0.9,0
2023-07-08,Dave Turner,Thomas Nalej,e1 thomas nalej,1086,E1,1,1938,1.8,0.9,1
2023-07-09,Dave Turner,Andrew Di-Vetta,e1 andrew di-vetta,1783,E1,0.5,1932,2.53,0.73,1.5
2023-07-09,Dave Turner,Bence Szakmany,e1 bence szakmany,1799,E1,0.5,1927,3.24,0.71,2
2023-07-11,Dave Turner,Oscar Pollack,NA,2198,ENG,0,1922,3.44,0.2,2
2023-07-11,Dave Turner,Matthew R Wilson,NA,1934,ENG,1,1934,3.97,0.53,3
2023-07-12,Dave Turner,Jack Hannigan,e1 jack hannigan,1393,E1,1,1936,4.87,0.9,4
2023-09-09,Dave Turner,Jonathan LB Blackburn,g1 jonathan lb blackburn,2329,G1,0,1933,4.98,0.11,4
2023-09-08,Dave Turner,Callum Smith,e1 callum smith,1789,E1,1,1940,5.7,0.72,5
2023-09-09,Dave Turner,Vincent Sagues,NA,2085,ENG,1,1956,6.02,0.32,6
2023-09-10,Dave Turner,Jai Kothari,NA,1989,ENG,0,1945,6.47,0.45,6
2023-09-10,Dave Turner,Mark Wilkins,NA,1904,Fide,1,1956,7.05,0.58,7
2023-10-07,Dave Turner,Andrew Golley,w1 andrew golley,1679,W1,1,1960,7.88,0.83,8
2023-10-07,Dave Turner,David Belochkin,e1 david belochkin,1250,E1,1,1962,8.78,0.9,9
2023-10-07,Dave Turner,Jose Camacho Collados,e1 jose camacho collados,2465,E1,0,1960,8.88,0.1,9
2023-10-08,Dave Turner,Steve Jones,e1 steve jones,1500,E1,1,1962,9.78,0.9,10
2023-10-08,Dave Turner,Duncan MacDonald,e1 duncan macdonald,1953,E1,0,1950,10.29,0.51,10
2023-10-22,Dave Turner,Andrew Owen,g1 andrew owen,1772,G1,0,1932,11.03,0.74,10
2023-11-01,Dave Turner,Mateusz Gibiec,g1 mateusz gibiec,1715,G1,1,1937,11.83,0.8,11
2023-11-11,Dave Turner,Dave McGhee,e1 dave mcghee,1643,E1,1,1940,12.69,0.86,12
2023-11-11,Dave Turner,Andrew Gibbons,w1 andrew gibbons,1953,W1,0.5,1940,13.2,0.51,12.5
2023-11-12,Dave Turner,Adam Musson,w1 adam musson,2130,W1,1,1958,13.47,0.27,13.5
2023-11-12,Dave Turner,Alexis Harakis,d1 alexis harakis,2313,D1,0,1955,13.58,0.11,13.5
2023-11-26,Dave Turner,Tom Brown,e1 tom brown,2149,E1,0.5,1961,13.83,0.25,14
2023-07-12,Anthony Hughes,Jean-Claude Letzelter,NA,2039,Fide,0,1868,0.28,0.28,0
2023-07-13,Anthony Hughes,Liubov Orlova,NA,1990,Fide,1,1884,0.62,0.34,1
2023-07-14,Anthony Hughes,Stewart Reuben,NA,1927,ENG,0,1874,1.05,0.43,1
2023-07-15,Anthony Hughes,Zvonko Petanjek,NA,1595,Fide,1,1878,1.88,0.83,2
2023-07-16,Anthony Hughes,Robert Kane,NA,1842,ENG,0,1865,2.43,0.55,2
2023-07-17,Anthony Hughes,Finn Andersson,NA,1709,Fide,1,1871,3.15,0.72,3
2023-07-18,Anthony Hughes,Wladyslaw Daleczko,NA,1519,Fide,1,1874,4.04,0.89,4
2023-07-19,Anthony Hughes,Steffen Cordes,NA,1950,Fide,0,1865,4.43,0.39,4
2023-07-20,Anthony Hughes,Bengt Hammar,NA,2113,Fide,0,1860,4.63,0.2,4
2023-09-10,Anthony Hughes,Richard Batey,g1 richard batey,1891,G1,1,1872,5.11,0.48,5
2023-09-09,Anthony Hughes,Nigel Saunders,g1 nigel saunders,1985,G1,0.5,1876,5.46,0.35,5.5
2023-09-08,Anthony Hughes,Mark Cooke,NA,1413,Fide,1,1878,6.36,0.9,6.5
2023-09-09,Anthony Hughes,Charles F Morris,n1 charles f morris,2165,N1,0.5,1887,6.52,0.16,7
2023-09-10,Anthony Hughes,Rudy van Kemenade,n1 rudy van kemenade,1993,N1,0,1879,6.86,0.34,7
2023-09-19,Anthony Hughes,Nicolas Giffard,NA,2155,Fide,0.5,1887,7.03,0.17,7.5
2023-09-20,Anthony Hughes,Aulikki Ristoja,NA,1538,Fide,1,1890,7.9,0.87,8.5
2023-09-21,Anthony Hughes,Marcel Van Herck,NA,1976,Fide,0.5,1893,8.26,0.36,9
2023-09-22,Anthony Hughes,Beat Binder,NA,1846,Fide,1,1904,8.8,0.54,10
2023-09-23,Anthony Hughes,Ljubomir Hadzi-Manev,NA,1865,Fide,0.5,1904,9.31,0.51,10.5
2023-09-24,Anthony Hughes,Dietmar Vinke,NA,2081,Fide,0.5,1910,9.54,0.23,11
2023-09-26,Anthony Hughes,Franco Trabattoni,NA,2232,Fide,0.5,1919,9.65,0.11,11.5
2023-09-27,Anthony Hughes,Jos Ten Hacken,NA,2064,Fide,0.5,1925,9.9,0.25,12
2023-09-28,Anthony Hughes,Stewart Reuben,NA,1925,ENG,0,1915,10.33,0.43,12
2023-11-18,Anthony Hughes,Ben D Parsons,NA,1407,ENG,1,1917,11.23,0.9,13
2023-11-19,Anthony Hughes,Aditya Vanjare,NA,1798,ENG,0,1903,11.84,0.61,13
2023-07-04,Anthony Hughes,Peter Large,NA,2364,ENG,0,1900,11.94,0.1,13
2023-10-05,Anthony Hughes,Lazar Lukic,NA,1913,Fide,0,1890,12.39,0.45,13
2023-10-09,Anthony Hughes,Stephen Kearney,NA,1846,ENG,0.5,1889,12.93,0.54,13.5
2023-10-12,Anthony Hughes,Raj Parmar,NA,1506,EST,1,1891,13.82,0.89,14.5
2023-10-16,Anthony Hughes,Charles Bullock,NA,2005,ENG,0.5,1896,14.14,0.32,15
2023-10-17,Anthony Hughes,Jack Thompson,NA,1824,ENG,1,1906,14.71,0.57,16
2023-10-23,Anthony Hughes,David Rowson,NA,2075,ENG,0.5,1912,14.95,0.24,16.5
2023-10-30,Anthony Hughes,Nicholas Edwards,NA,1878,ENG,0,1900,15.45,0.5,16.5
2023-11-09,Anthony Hughes,Alan Scrimgour,NA,1986,ENG,0.5,1904,15.8,0.35,17
2023-10-04,David Vaughan,Peter Kirby,g1 peter kirby,2029,G1,0.5,1876,0.29,0.29,0.5
2023-10-18,David Vaughan,Leslie Blohm,g1 leslie blohm,1953,G1,0.5,1879,0.67,0.38,1
2023-11-01,David Vaughan,William Phillips,g1 william phillips,1789,G1,0.5,1876,1.29,0.62,1.5
2023-11-15,David Vaughan,Steve Horrell,g1 steve horrell,1740,G1,0.5,1872,1.97,0.68,2
2023-09-13,David Vaughan,John Guilfoyle,NA,1940,ENG,0.5,1874,2.37,0.4,2.5
2023-10-09,David Vaughan,Ian Gambles,NA,1628,ENG,1,1879,3.17,0.8,3.5
2023-10-12,David Vaughan,Richard Garrett,NA,2004,ENG,0,1871,3.49,0.32,3.5
2023-11-16,David Vaughan,Richard Johnson,NA,1860,ENG,0.5,1871,4.01,0.52,4
2023-12-05,David Vaughan,Steve Williams (Cwm),g1 steve williams (cwm),1626,G1,0.5,1864,4.81,0.8,4.5
2023-11-20,David Vaughan,Rhys Perry,NA,1544,ENG,1,1867,5.68,0.87,5.5
2023-11-23,David Vaughan,M Wilson,NA,1921,ENG,0.5,1868,6.11,0.43,6
2023-12-13,David Vaughan,Dave Williams,g1 dave williams,1611,G1,1,1873,6.93,0.82,7
2023-09-08,Richard Batey,William Phillips,g1 william phillips,1789,G1,0.5,1888,0.64,0.64,0.5
2023-09-09,Richard Batey,Julie van Kemenade,n1 julie van kemenade,1635,N1,0.5,1880,1.45,0.81,1
2023-09-09,Richard Batey,Roy Thomas,e1 roy thomas,1743,E1,0.5,1875,2.15,0.7,1.5
2023-09-10,Richard Batey,Mark Adams,g1 mark adams,1989,G1,0.5,1879,2.51,0.36,2
2023-09-10,Richard Batey,Anthony Hughes,g1 anthony hughes,1875,G1,0,1866,3.03,0.52,2
2023-10-04,Richard Batey,James Lavender,g1 james lavender,2125,G1,0,1861,3.24,0.21,2
2023-10-18,Richard Batey,Peter Varley,g1 peter varley,2168,G1,0.5,1869,3.41,0.17,2.5
2023-11-01,Richard Batey,Alan Keene,g1 alan keene,1852,G1,0.5,1868,3.97,0.56,3
2023-11-15,Richard Batey,Nigel Saunders,g1 nigel saunders,1985,G1,0.5,1871,4.34,0.37,3.5
2023-12-05,Richard Batey,Jonathan Gilbert,g1 jonathan gilbert,2031,G1,1,1887,4.65,0.31,4.5
2023-11-20,Richard Batey,Louis Wigley,NA,1654,ENG,1,1892,5.45,0.8,5.5
2023-11-23,Richard Batey,David Painter-Kooiman,NA,1940,ENG,0,1882,5.88,0.43,5.5
2023-12-13,Richard Batey,Peter Slater,e1 peter slater,1679,E1,0.5,1875,6.65,0.77,6
2023-10-04,Zane Allford,William Phillips,g1 william phillips,1789,G1,0.5,1799,0.51,0.51,0.5
2023-10-22,Zane Allford,Ellison Smith,e1 ellison smith,1773,E1,1,1810,1.05,0.54,1.5
2023-11-07,Zane Allford,John Williams,g1 john williams,1400,G1,0,1788,1.95,0.9,1.5
2023-12-13,Zane Allford,Richard Miles,g1 richard miles,1971,G1,0,1782,2.22,0.27,1.5
2023-08-12,Lynda Smith,David P Curran,NA,1640,ENG,1,1862,0.78,0.78,1
2023-08-12,Lynda Smith,David J Faulkner,NA,1865,ENG,0,1851,1.27,0.49,1
2023-08-13,Lynda Smith,Ioan Strugar,NA,1599,ENG,1,1855,2.09,0.82,2
2023-08-13,Lynda Smith,Kevin J Williamson,NA,1872,ENG,0.5,1856,2.57,0.48,2.5
2023-08-24,Lynda Smith,Tianyi (Jack) Liu,NA,2064,ENG,0,1850,2.8,0.23,2.5
2023-08-24,Lynda Smith,Julie Oh,NA,1599,ENG,1,1854,3.62,0.82,3.5
2023-08-25,Lynda Smith,Chris Izod,NA,2046,ENG,0.5,1860,3.87,0.25,4
2023-08-25,Lynda Smith,Arno Hinrich Onken Dr.,NA,1200,EST,1,1863,4.77,0.9,5
2023-08-26,Lynda Smith,Nathan Ekanem,NA,2007,ENG,0,1856,5.07,0.3,5
2023-08-27,Lynda Smith,David Egan,NA,1887,Fide,0,1845,5.53,0.46,5
2023-08-28,Lynda Smith,Dylan Mize,NA,1739,Fide,1,1853,6.19,0.66,6
2023-10-12,Lynda Smith,GA Harvey,NA,1866,ENG,0.5,1853,6.68,0.49,6.5
2023-11-16,Lynda Smith,Patrick Flexman,NA,1773,ENG,0.5,1850,7.3,0.62,7
2023-11-23,Lynda Smith,A Chapman,NA,1839,ENG,0,1838,7.83,0.53,7
2023-11-01,Alan Keene,Richard Batey,g1 richard batey,1891,G1,0.5,1853,0.44,0.44,0.5
2023-11-15,Alan Keene,Leslie Blohm,g1 leslie blohm,1953,G1,0,1845,0.8,0.36,0.5
2023-11-29,Alan Keene,Dave Williams,g1 dave williams,1611,G1,1,1850,1.6,0.8,1.5
2023-10-04,Andrew Owen,Chris Morgan,g1 chris morgan,1670,G1,1,1781,0.64,0.64,1
2023-10-22,Andrew Owen,Dave Turner,g1 dave turner,1957,G1,1,1798,0.9,0.26,2
2023-11-26,Andrew Owen,Jason Garcia,w1 jason garcia,2026,W1,0.5,1806,1.09,0.19,2.5
2023-10-04,Joseph Addis,Bob Hurn,e1 bob hurn,1459,E1,1,1779,0.86,0.86,1
2023-10-18,Joseph Addis,Chris Dixon,g1 chris dixon,1719,G1,0.5,1777,1.44,0.58,1.5
2023-10-25,Joseph Addis,Lyn Holland,g1 lyn holland,1216,G1,1,1780,2.34,0.9,2.5
2023-11-15,Joseph Addis,William Phillips,g1 william phillips,1789,G1,1,1792,2.82,0.48,3.5
2023-11-22,Joseph Addis,Joshua Colcombe,g1 joshua colcombe,1400,G1,1,1795,3.72,0.9,4.5
2023-11-26,Joseph Addis,Alex Bullen,e1 alex bullen,2245,E1,1,1816,3.82,0.1,5.5
2023-11-29,Joseph Addis,Steve Horrell,g1 steve horrell,1740,G1,1,1827,4.37,0.55,6.5
2023-12-19,Joseph Addis,Bob Hurn,e1 bob hurn,1459,E1,1,1830,5.23,0.86,7.5
2023-12-20,Joseph Addis,Bjorn Oliver,g1 bjorn oliver,1317,G1,1,1833,6.13,0.9,8.5
2023-10-11,Neil Carter,Robert Muza,g1 robert muza,1298,G1,0.5,1724,0.9,0.9,0.5
2023-11-26,Neil Carter,James Tapp,e1 james tapp,1974,E1,0,1720,1.1,0.2,0.5
2023-11-29,Neil Carter,Paul Scott,g1 paul scott,1638,G1,1,1728,1.73,0.63,1.5
2023-12-19,Neil Carter,John Williams,g1 john williams,1400,G1,0.5,1719,2.6,0.87,2
2023-09-08,Mateusz Gibiec,Scott Hammett,d1 scott hammett,1610,D1,0.5,1711,0.65,0.65,0.5
2023-09-09,Mateusz Gibiec,Emir Rhouni,e1 emir rhouni,900,E1,0,1690,1.55,0.9,0.5
2023-09-09,Mateusz Gibiec,Charlie Cooper,g1 charlie cooper,1000,G1,1,1692,2.45,0.9,1.5
2023-09-10,Mateusz Gibiec,Curtis Reid,e1 curtis reid,1121,E1,1,1695,3.35,0.9,2.5
2023-09-10,Mateusz Gibiec,Paul Moulson,g1 paul moulson,1402,G1,1,1698,4.21,0.86,3.5
2023-10-04,Mateusz Gibiec,John Williams,g1 john williams,1400,G1,1,1701,5.07,0.86,4.5
2023-10-18,Mateusz Gibiec,Elliott Head,g1 elliott head,1288,G1,1,1704,5.97,0.9,5.5
2023-11-01,Mateusz Gibiec,Dave Turner,g1 dave turner,1957,G1,0,1699,6.17,0.2,5.5
2023-11-15,Mateusz Gibiec,Paul Mills,g1 paul mills,1528,G1,0,1681,6.92,0.75,5.5
2023-10-18,Steve Horrell,Peter Kirby,g1 peter kirby,2029,G1,0,1736,0.16,0.16,0
2023-10-22,Steve Horrell,Joshua McKenna,e1 joshua mckenna,1754,E1,0,1725,0.64,0.48,0
2023-11-07,Steve Horrell,Mike Stannard,g1 mike stannard,1226,G1,1,1727,1.54,0.9,1
2023-11-15,Steve Horrell,David Vaughan,g1 david vaughan,1871,G1,0.5,1731,1.86,0.32,1.5
2023-11-26,Steve Horrell,Mark Thomas,w1 mark thomas,1802,W1,0.5,1734,2.27,0.41,2
2023-11-29,Steve Horrell,Joseph Addis,g1 joseph addis,1776,G1,0,1723,2.72,0.45,2
2023-12-13,Steve Horrell,William Phillips,g1 william phillips,1789,G1,0.5,1724,3.15,0.43,2.5
2023-10-04,Chris Morgan,Andrew Owen,g1 andrew owen,1772,G1,0,1661,0.36,0.36,0
2023-10-18,Chris Morgan,Peter Slater,e1 peter slater,1679,E1,0,1650,0.85,0.49,0
2023-11-15,Chris Morgan,Chris Dixon,g1 chris dixon,1719,G1,0,1639,1.28,0.43,0
2023-12-13,Chris Morgan,Paul Mills,g1 paul mills,1528,G1,1,1647,1.97,0.69,1
2023-07-21,Steve Williams (Cwm),David Lightfoot,NA,1523,ENG,1,1635,0.64,0.64,1
2023-07-22,Steve Williams (Cwm),Aaryan Agnihotri,NA,1564,ENG,0,1620,1.23,0.59,1
2023-07-22,Steve Williams (Cwm),Charlie J Ball,NA,1578,ENG,0,1607,1.8,0.57,1
2023-07-23,Steve Williams (Cwm),Michael Kanishk Walia,NA,1462,ENG,0.5,1601,2.52,0.72,1.5
2023-10-04,Steve Williams (Cwm),Leslie Blohm,g1 leslie blohm,1953,G1,0,1598,2.65,0.13,1.5
2023-10-07,Steve Williams (Cwm),Ben Thomas,NA,2011,WLS,0,1596,2.75,0.1,1.5
2023-10-07,Steve Williams (Cwm),Bronwen Tuson,NA,1200,EST,1,1598,3.65,0.9,2.5
2023-10-07,Steve Williams (Cwm),Ellis Jones,e1 ellis jones,884,E1,1,1601,4.55,0.9,3.5
2023-10-08,Steve Williams (Cwm),Dominic V Gibbs,NA,1902,ENG,0.5,1609,4.72,0.17,4
2023-10-08,Steve Williams (Cwm),Mike Gale,e1 mike gale,1617,E1,0,1596,5.23,0.51,4
2023-10-17,Steve Williams (Cwm),Richard Miles,g1 richard miles,1971,G1,0,1593,5.35,0.12,4
2023-10-14,Steve Williams (Cwm),Tim F Woodward,NA,1817,ENG,0.5,1599,5.6,0.25,4.5
2023-10-14,Steve Williams (Cwm),Freddie Sugden,NA,1720,ENG,0,1591,5.97,0.37,4.5
2023-10-15,Steve Williams (Cwm),Thomas Merchant,NA,1587,ENG,0,1577,6.53,0.56,4.5
2023-09-23,Steve Williams (Cwm),Talakalukoppa Amarnath,NA,1576,ENG,1,1588,7.1,0.57,5.5
2023-09-23,Steve Williams (Cwm),Matthew Bubis,NA,1726,ENG,0,1579,7.46,0.36,5.5
2023-09-23,Steve Williams (Cwm),Martin Baxter,NA,1618,ENG,0.5,1579,7.97,0.51,6
2023-09-24,Steve Williams (Cwm),Ronald S Harrison,NA,1505,ENG,0,1563,8.64,0.67,6
2023-10-27,Steve Williams (Cwm),Anthony Jinks,NA,1570,ENG,0.5,1561,9.22,0.58,6.5
2023-10-28,Steve Williams (Cwm),Stellio Jerome,NA,1574,ENG,1,1571,9.79,0.57,7.5
2023-10-28,Steve Williams (Cwm),Philip Sheldon,NA,1614,ENG,1,1583,10.31,0.52,8.5
2023-10-29,Steve Williams (Cwm),Jon Coupe,NA,1483,ENG,0.5,1578,11,0.69,9
2023-10-29,Steve Williams (Cwm),Mike P Maher,NA,1623,ENG,0,1566,11.5,0.5,9
2023-11-04,Steve Williams (Cwm),Pete Meadows,NA,1797,ENG,0,1559,11.77,0.27,9
2023-11-04,Steve Williams (Cwm),Chris Carpenter,NA,1592,ENG,0.5,1558,12.32,0.55,9.5
2023-11-05,Steve Williams (Cwm),Joshua Seet,NA,1735,ENG,0,1550,12.67,0.35,9.5
2023-11-15,Steve Williams (Cwm),Peter Kirby,g1 peter kirby,2029,G1,0,1547,12.77,0.1,9.5
2023-11-25,Steve Williams (Cwm),Arav Ajaykumar,NA,1354,ENG,1,1551,13.6,0.83,10.5
2023-11-25,Steve Williams (Cwm),David P Curran,NA,1624,ENG,1,1563,14.1,0.5,11.5
2023-11-25,Steve Williams (Cwm),Sathya Vaidyanathan,NA,1701,ENG,0.5,1566,14.49,0.39,12
2023-11-25,Steve Williams (Cwm),Tomek Dziedzic,NA,1675,ENG,0,1556,14.92,0.43,12
2023-11-25,Steve Williams (Cwm),Matthew Fox,NA,1518,ENG,0.5,1552,15.57,0.65,12.5
2023-12-05,Steve Williams (Cwm),David Vaughan,g1 david vaughan,1871,G1,0.5,1559,15.77,0.2,13
2023-12-19,Steve Williams (Cwm),Leslie Blohm,g1 leslie blohm,1953,G1,1,1580,15.9,0.13,14
2023-09-08,Chris Dixon,Matt Staniforth,e1 matt staniforth,2037,E1,0,1716,0.14,0.14,0
2023-09-09,Chris Dixon,Jai Kothari,NA,1989,ENG,0,1711,0.31,0.17,0
2023-09-09,Chris Dixon,Joe Cossins-Smith,NA,1757,ENG,0,1701,0.76,0.45,0
2023-09-10,Chris Dixon,McKenzie Archibald,w1 mckenzie archibald,1374,W1,0.5,1692,1.64,0.88,0.5
2023-09-10,Chris Dixon,Andrew Golley,w1 andrew golley,1679,W1,1,1702,2.2,0.56,1.5
2023-10-04,Chris Dixon,Peter Slater,e1 peter slater,1679,E1,0.5,1701,2.76,0.56,2
2023-10-18,Chris Dixon,Joseph Addis,g1 joseph addis,1776,G1,0.5,1703,3.18,0.42,2.5
2023-10-22,Chris Dixon,Robert Muza,g1 robert muza,1298,G1,0.5,1693,4.08,0.9,3
2023-11-01,Chris Dixon,Paul Mills,g1 paul mills,1528,G1,0.5,1687,4.83,0.75,3.5
2023-11-10,Chris Dixon,Adam Musson,w1 adam musson,2130,W1,0,1685,4.93,0.1,3.5
2023-11-11,Chris Dixon,McKenzie Archibald,w1 mckenzie archibald,1374,W1,1,1688,5.81,0.88,4.5
2023-11-11,Chris Dixon,Alan Young,w1 alan young,2125,W1,0.5,1697,5.91,0.1,5
2023-11-12,Chris Dixon,Jason Garcia,w1 jason garcia,2026,W1,0,1694,6.06,0.15,5
2023-11-12,Chris Dixon,Steve Jones,e1 steve jones,1500,E1,0.5,1687,6.84,0.78,5.5
2023-11-15,Chris Dixon,Chris Morgan,g1 chris morgan,1670,G1,1,1698,7.41,0.57,6.5
2023-11-26,Chris Dixon,Adam May,w1 adam may,1871,W1,0.5,1702,7.7,0.29,7
2023-12-05,Chris Dixon,Bob Hurn,e1 bob hurn,1459,E1,0.5,1695,8.52,0.82,7.5
2023-12-13,Chris Dixon,David Norris,g1 david norris,1509,G1,1,1700,9.29,0.77,8.5
2023-10-04,Paul Scott,Paul Mills,g1 paul mills,1528,G1,0.5,1634,0.65,0.65,0.5
2023-10-18,Paul Scott,David Norris,g1 david norris,1509,G1,1,1642,1.33,0.68,1.5
2023-10-25,Paul Scott,Tomas Forsey,g1 tomas forsey,1301,G1,1,1645,2.2,0.87,2.5
2023-11-29,Paul Scott,Neil Carter,g1 neil carter,1734,G1,0,1636,2.57,0.37,2.5
2023-09-08,Dave Williams,Andrew Evans,g1 andrew evans,1200,G1,1,1613,0.9,0.9,1
2023-09-09,Dave Williams,Edwin Joy,NA,1500,EST,0.5,1610,1.55,0.65,1.5
2023-09-09,Dave Williams,John Williams,g1 john williams,1400,G1,1,1615,2.32,0.77,2.5
2023-09-10,Dave Williams,Andrew Di-Vetta,e1 andrew di-vetta,1783,E1,0,1609,2.59,0.27,2.5
2023-09-10,Dave Williams,Tomas Forsey,g1 tomas forsey,1301,G1,1,1612,3.45,0.86,3.5
2023-10-14,Dave Williams,Philip R Maul,NA,1819,ENG,0,1607,3.68,0.23,3.5
2023-10-14,Dave Williams,Brian Skinner,NA,1575,ENG,0.5,1605,4.23,0.55,4
2023-10-14,Dave Williams,Nicholas B Stout,NA,1698,ENG,0.5,1608,4.61,0.38,4.5
2023-10-15,Dave Williams,Paul Brackner,NA,1559,ENG,1,1618,5.18,0.57,5.5
2023-10-15,Dave Williams,Tim F Woodward,NA,1817,ENG,0,1613,5.41,0.23,5.5
2023-09-05,Dave Williams,Alan Clarke,NA,1724,ENG,0,1605,5.75,0.34,5.5
2023-10-04,Dave Williams,Nick Good,NA,1596,ENG,1,1616,6.27,0.52,6.5
2023-10-18,Dave Williams,Andrew Hewitt,NA,1698,ENG,0,1607,6.65,0.38,6.5
2023-11-01,Dave Williams,Dave Connolly,g1 dave connolly,1537,G1,1,1617,7.25,0.6,7.5
2023-11-08,Dave Williams,Robert Muza,g1 robert muza,1298,G1,0.5,1608,8.11,0.86,8
2023-11-10,Dave Williams,Paul Moulson,g1 paul moulson,1402,G1,0.5,1601,8.88,0.77,8.5
2023-11-11,Dave Williams,Lef Zografos,e1 lef zografos,1728,E1,0,1593,9.22,0.34,8.5
2023-11-11,Dave Williams,Jack Hannigan,e1 jack hannigan,1393,E1,1,1599,10,0.78,9.5
2023-11-12,Dave Williams,Neil Stuart,w1 neil stuart,1537,W1,0.5,1596,10.6,0.6,10
2023-11-12,Dave Williams,Bob Hurn,e1 bob hurn,1459,E1,0.5,1591,11.31,0.71,10.5
2023-11-22,Dave Williams,Elliott Head,g1 elliott head,1288,G1,1,1594,12.18,0.87,11.5
2023-11-29,Dave Williams,Alan Keene,g1 alan keene,1852,G1,0,1590,12.38,0.2,11.5
2023-12-13,Dave Williams,David Vaughan,g1 david vaughan,1871,G1,0,1585,12.56,0.18,11.5
2023-10-22,Dave Connolly,Richard Miles,g1 richard miles,1971,G1,0,1534,0.1,0.1,0
2023-11-01,Dave Connolly,Dave Williams,g1 dave williams,1611,G1,0,1521,0.5,0.4,0
2023-07-07,Ron Williams,Oscar Pollack,NA,2198,ENG,0,1551,0.1,0.1,0
2023-07-07,Ron Williams,Dominic V Gibbs,NA,1923,ENG,0,1547,0.21,0.11,0
2023-07-08,Ron Williams,Jack Hannigan,e1 jack hannigan,1393,E1,1,1556,0.93,0.72,1
2023-07-09,Ron Williams,Bence Szakmany,e1 bence szakmany,1799,E1,0,1550,1.13,0.2,1
2023-07-09,Ron Williams,David Belochkin,e1 david belochkin,1250,E1,0,1523,1.98,0.85,1
2023-07-10,Ron Williams,Thomas Nalej,e1 thomas nalej,1086,E1,0,1494,2.88,0.9,1
2023-07-11,Ron Williams,Mark Emblem,g1 mark emblem,1317,G1,1,1501,3.68,0.8,2
2023-07-11,Ron Williams,Jeremy Jones,e1 jeremy jones,1405,E1,0.5,1494,4.38,0.7,2.5
2023-07-12,Ron Williams,Gareth Richards,NA,1150,EST,1,1497,5.28,0.9,3.5
2023-09-08,Ron Williams,Ezala Beni,NA,1200,Est,1,1501,6.16,0.88,4.5
2023-09-09,Ron Williams,Andrew Balfe,g1 andrew balfe,1343,G1,1,1508,6.93,0.77,5.5
2023-09-09,Ron Williams,Ben Bickford,e1 ben bickford,1499,E1,1,1522,7.51,0.58,6.5
2023-09-10,Ron Williams,Tomas Forsey,g1 tomas forsey,1301,G1,1,1528,8.32,0.81,7.5
2023-09-10,Ron Williams,Yaroslav Sharhorodsky,e1 yaroslav sharhorodsky,1557,E1,0,1512,8.82,0.5,7.5
2023-10-11,Ron Williams,Bjorn Oliver,g1 bjorn oliver,1317,G1,0,1487,9.62,0.8,7.5
2023-10-25,Ron Williams,Paul Mills,g1 paul mills,1528,G1,0,1469,10.16,0.54,7.5
2023-11-01,Ron Williams,Robert Muza,g1 robert muza,1298,G1,0,1443,10.97,0.81,7.5
2023-11-08,Ron Williams,Tomas Forsey,g1 tomas forsey,1301,G1,0.5,1433,11.78,0.81,8
2023-11-15,Ron Williams,Bob Hurn,e1 bob hurn,1459,E1,0,1413,12.41,0.63,8
2023-11-22,Ron Williams,Lyn Holland,g1 lyn holland,1216,G1,1,1417,13.28,0.87,9
2023-12-06,Ron Williams,Ezala Beni,g1 ezala beni,1200,G1,0,1389,14.16,0.88,9
2023-11-08,Adam Jenkins,Mike Stannard,g1 mike stannard,1226,G1,1,1528,0.85,0.85,1
2023-09-09,Paul Mills,Jesse Davies,g1 jesse davies,1340,G1,1,1536,0.75,0.75,1
2023-09-08,Paul Mills,Liam Hayles,e1 liam hayles,900,E1,1,1539,1.65,0.9,2
2023-09-09,Paul Mills,Yaroslav Sharhorodsky,e1 yaroslav sharhorodsky,1557,E1,0,1525,2.11,0.46,2
2023-09-10,Paul Mills,Rob Frame,e1 rob frame,1138,E1,1,1528,3.01,0.9,3
2023-09-10,Paul Mills,Zack Wilkins,e1 zack wilkins,1337,E1,1,1536,3.76,0.75,4
2023-10-04,Paul Mills,Paul Scott,g1 paul scott,1638,G1,0.5,1541,4.11,0.35,4.5
2023-10-17,Paul Mills,John Williams,g1 john williams,1400,G1,1,1551,4.79,0.68,5.5
2023-10-25,Paul Mills,Ron Williams,g1 ron williams,1554,G1,1,1568,5.25,0.46,6.5
2023-11-01,Paul Mills,Chris Dixon,g1 chris dixon,1719,G1,0.5,1576,5.5,0.25,7
2023-11-07,Paul Mills,Joshua Colcombe,g1 joshua colcombe,1400,G1,0,1555,6.18,0.68,7
2023-11-15,Paul Mills,Mateusz Gibiec,g1 mateusz gibiec,1715,G1,1,1579,6.43,0.25,8
2023-11-21,Paul Mills,Charlie Cooper,g1 charlie cooper,1000,G1,1,1582,7.33,0.9,9
2023-11-26,Paul Mills,David Guy,w1 david guy,1843,W1,0.5,1593,7.47,0.14,9.5
2023-12-13,Paul Mills,Chris Morgan,g1 chris morgan,1670,G1,0,1583,7.78,0.31,9.5
2023-09-09,David Norris,Andrew Powell,w1 andrew powell,1087,W1,0.5,1496,0.9,0.9,0.5
2023-09-09,David Norris,Joseph Fearnhead,NA,1295,ENG,1,1503,1.67,0.77,1.5
2023-09-10,David Norris,Edwin Joy,NA,1500,EST,1,1519,2.18,0.51,2.5
2023-09-10,David Norris,Duncan M MacArthur,NA,1658,ENG,0,1509,2.48,0.3,2.5
2023-10-04,David Norris,Elliott Head,g1 elliott head,1288,G1,1,1516,3.26,0.78,3.5
2023-10-07,David Norris,Joe Fathallah,e1 joe fathallah,2080,E1,0,1513,3.36,0.1,3.5
2023-10-07,David Norris,Yat Nok Li,NA,1008,ENG,1,1516,4.26,0.9,4.5
2023-10-08,David Norris,Samuele Scarpignato,e1 samuele scarpignato,1612,E1,1,1537,4.62,0.36,5.5
2023-10-08,David Norris,Roy Thomas,e1 roy thomas,1743,E1,1,1562,4.83,0.21,6.5
2023-10-11,David Norris,Jesse Davies,g1 jesse davies,1340,G1,0,1539,5.56,0.73,6.5
2023-10-18,David Norris,Paul Scott,g1 paul scott,1638,G1,0,1529,5.88,0.32,6.5
2023-10-25,David Norris,Jonathan Dark,g1 jonathan dark,1243,G1,0,1503,6.7,0.82,6.5
2023-11-15,David Norris,John Williams,g1 john williams,1400,G1,0,1482,7.35,0.65,6.5
2023-11-29,David Norris,Owain Davies,g1 owain davies,1768,G1,0,1476,7.53,0.18,6.5
2023-12-06,David Norris,Samson Muputa,g1 samson muputa,1200,G1,1,1481,8.39,0.86,7.5
2023-12-13,David Norris,Chris Dixon,g1 chris dixon,1719,G1,0,1473,8.62,0.23,7.5
2023-12-20,David Norris,Charlie Gibson,g1 charlie gibson,1200,G1,1,1478,9.48,0.86,8.5
2023-08-18,Oliver Sapsford,Ross Blackford,NA,1868,SCO,0,1420,0.1,0.1,0
2023-08-18,Oliver Sapsford,Shahvez Ali,NA,1664,ENG,0,1413,0.3,0.2,0
2023-08-19,Oliver Sapsford,Arthur Moull,NA,1537,IRE,0,1402,0.64,0.34,0
2023-08-19,Oliver Sapsford,Ross Blackford,NA,1868,SCO,0,1399,0.74,0.1,0
2023-08-20,Oliver Sapsford,Shahvez Ali,NA,1664,ENG,0,1393,0.94,0.2,0
2023-08-20,Oliver Sapsford,Arthur Moull,NA,1537,IRE,0,1382,1.28,0.34,0
2023-10-11,Bob Stanworth,William Phillips,g1 william phillips,1789,G1,0,1348,0.1,0.1,0
2023-10-25,Bob Stanworth,Liam Powell-Jones,g1 liam powell-jones,1301,G1,0,1330,0.67,0.57,0
2023-11-22,Bob Stanworth,Robert Muza,g1 robert muza,1298,G1,0,1311,1.25,0.58,0
2023-07-07,Mark Emblem,James C Foster,NA,1919,ENG,0,1314,0.1,0.1,0
2023-07-08,Mark Emblem,Sam Jukes,e1 sam jukes,2034,E1,0,1311,0.2,0.1,0
2023-07-09,Mark Emblem,Duncan MacDonald,e1 duncan macdonald,1953,E1,0,1307,0.3,0.1,0
2023-07-09,Mark Emblem,Dai James,e1 dai james,1858,E1,0,1304,0.4,0.1,0
2023-07-10,Mark Emblem,Joshua McKenna,e1 joshua mckenna,1754,E1,0,1301,0.5,0.1,0
2023-07-11,Mark Emblem,Ron Williams,g1 ron williams,1554,G1,0,1294,0.7,0.2,0
2023-07-11,Mark Emblem,Thomas Nalej,e1 thomas nalej,1086,E1,1,1301,1.49,0.79,1
2023-07-12,Mark Emblem,Bob Hurn,e1 bob hurn,1459,E1,0.5,1307,1.8,0.31,1.5
2023-10-25,Lyn Holland,Joseph Addis,g1 joseph addis,1776,G1,0,1213,0.1,0.1,0
2023-11-22,Lyn Holland,Ron Williams,g1 ron williams,1554,G1,0,1209,0.23,0.13,0
2023-12-19,Lyn Holland,Joshua Colcombe,g1 joshua colcombe,1400,G1,1,1233,0.49,0.26,1
2023-09-10,Tomas Forsey,Ron Williams,g1 ron williams,1554,G1,0,1295,0.19,0.19,0
2023-09-10,Tomas Forsey,Dave Williams,g1 dave williams,1611,G1,0,1290,0.33,0.14,0
2023-09-09,Tomas Forsey,Adam Sarwar,e1 adam sarwar,926,E1,1,1294,1.23,0.9,1
2023-09-09,Tomas Forsey,Joshua McKenna,e1 joshua mckenna,1754,E1,1,1322,1.33,0.1,2
2023-10-11,Tomas Forsey,Samson Muputa,g1 samson muputa,1200,G1,1,1334,1.97,0.64,3
2023-10-22,Tomas Forsey,David Llewellyn,e1 david llewellyn,1874,E1,1,1363,2.07,0.1,4
2023-10-25,Tomas Forsey,Paul Scott,g1 paul scott,1638,G1,0,1359,2.2,0.13,4
2023-11-08,Tomas Forsey,Ron Williams,g1 ron williams,1554,G1,0.5,1369,2.39,0.19,4.5
2023-11-22,Tomas Forsey,Chris Thompson,g1 chris thompson,1000,G1,1,1373,3.24,0.85,5.5
2023-11-26,Tomas Forsey,Matthew Davies,e1 matthew davies,1935,E1,0.5,1386,3.34,0.1,6
2023-12-06,Tomas Forsey,Joshua Colcombe,g1 joshua colcombe,1400,G1,1,1407,3.7,0.36,7
2023-12-20,Tomas Forsey,Jack Bull,g1 jack bull,1200,G1,1,1418,4.34,0.64,8
2023-10-03,Jim Sadler,Charlie Cooper,g1 charlie cooper,1000,G1,1,1178,0.72,0.72,1
2023-10-25,Jim Sadler,Bjorn Oliver,g1 bjorn oliver,1317,G1,0,1164,1.01,0.29,1
2023-11-07,Jim Sadler,Jonathan Dark,g1 jonathan dark,1243,G1,0,1146,1.4,0.39,1
2023-11-22,Jim Sadler,Liam Powell-Jones,g1 liam powell-jones,1301,G1,0,1131,1.71,0.31,1
2023-12-05,Jim Sadler,Oliver Rush,g1 oliver rush,1200,G1,1,1157,2.16,0.45,2
2023-12-20,Jim Sadler,Ezala Beni,g1 ezala beni,1200,G1,0,1135,2.61,0.45,2
2023-09-08,Mike Stannard,Simon Blackmore,e1 simon blackmore,1633,E1,0,1223,0.1,0.1,0
2023-09-09,Mike Stannard,Andrei Zhuravlev,e1 andrei zhuravlev,999,E1,1,1230,0.89,0.79,1
2023-09-09,Mike Stannard,Duncan M Macarthur,NA,1658,ENG,0,1226,0.99,0.1,1
2023-09-10,Mike Stannard,Constantine Popov,e1 constantine popov,850,E1,1,1230,1.89,0.9,2
2023-09-10,Mike Stannard,Ben Bickford,e1 ben bickford,1499,E1,0.5,1240,2.06,0.17,2.5
2023-09-11,Mike Stannard,Andrew Jeanes,e1 andrew jeanes,1556,E1,1,1268,2.19,0.13,3.5
2023-10-03,Mike Stannard,Joshua Colcombe,g1 joshua colcombe,1400,G1,1,1291,2.46,0.27,4.5
2023-10-10,Mike Stannard,Chris Peters,e1 chris peters,1560,E1,0,1287,2.59,0.13,4.5
2023-10-30,Mike Stannard,Jeremy Jones,e1 jeremy jones,1405,E1,0,1279,2.85,0.26,4.5
2023-09-20,Mike Stannard,Dave McGhee,e1 dave mcghee,1643,E1,0,1276,2.95,0.1,4.5
2023-10-04,Mike Stannard,Will Parkinson,e1 will parkinson,1003,E1,0,1251,3.73,0.78,4.5
2023-10-11,Mike Stannard,Joshua McKenna,e1 joshua mckenna,1754,E1,0,1247,3.83,0.1,4.5
2023-10-18,Mike Stannard,Stuart Enoch,e1 stuart enoch,1337,E1,1,1268,4.18,0.35,5.5
2023-11-08,Mike Stannard,Adam Jenkins,g1 adam jenkins,1523,G1,0,1264,4.33,0.15,5.5
2023-11-07,Mike Stannard,Steve Horrell,g1 steve horrell,1740,G1,0,1260,4.43,0.1,5.5
2023-11-21,Mike Stannard,William Phillips,g1 william phillips,1789,G1,0.5,1273,4.53,0.1,6
2023-12-05,Mike Stannard,Ben Richards,g1 ben richards,1204,G1,1,1288,5.06,0.53,7
2023-10-25,Mike Stannard,Kristan Enoch,e1 kristan enoch,1454,E1,0,1281,5.27,0.21,7
2023-11-01,Mike Stannard,Piotr Graczyk,e1 piotr graczyk,1565,E1,0,1277,5.39,0.12,7
2023-11-15,Mike Stannard,Reuben Hilliar,e1 reuben hilliar,861,E1,0,1249,6.28,0.89,7
2023-12-06,Mike Stannard,Martin Ilett,e1 martin ilett,1323,E1,0.5,1253,6.64,0.36,7.5
2023-12-13,Mike Stannard,David Grant,e1 david grant,1000,E1,0,1228,7.43,0.79,7.5
2023-12-20,Mike Stannard,Robert Muza,g1 robert muza,1298,G1,0,1215,7.83,0.4,7.5
2023-11-08,Gwilym Kabhir-Davies,James Richards,g1 james richards,1200,G1,0,1149,0.46,0.46,0
2023-11-22,Gwilym Kabhir-Davies,Samson Muputa,g1 samson muputa,1200,G1,1,1175,0.92,0.46,1
2023-09-08,Joshua Colcombe,Charlie Cooper,g1 charlie cooper,1000,G1,1,1403,0.9,0.9,1
2023-09-09,Joshua Colcombe,Simon Blackmore,e1 simon blackmore,1633,E1,0,1397,1.11,0.21,1
2023-09-09,Joshua Colcombe,Curtis Reid,e1 curtis reid,1121,E1,0.5,1386,1.94,0.83,1.5
2023-09-10,Joshua Colcombe,Scott Hammett,d1 scott hammett,1610,D1,0,1379,2.17,0.23,1.5
2023-09-10,Joshua Colcombe,David Battell,w1 david battell,1120,W1,0,1352,3,0.83,1.5
2023-10-03,Joshua Colcombe,Mike Stannard,g1 mike stannard,1226,G1,0,1328,3.73,0.73,1.5
2023-11-07,Joshua Colcombe,Paul Mills,g1 paul mills,1528,G1,1,1350,4.05,0.32,2.5
2023-11-22,Joshua Colcombe,Joseph Addis,g1 joseph addis,1776,G1,0,1347,4.15,0.1,2.5
2023-12-06,Joshua Colcombe,Tomas Forsey,g1 tomas forsey,1301,G1,0,1326,4.79,0.64,2.5
2023-12-19,Joshua Colcombe,Lyn Holland,g1 lyn holland,1216,G1,0,1303,5.53,0.74,2.5
2023-11-08,Ben Richards,Mike Diamond,g1 mike diamond,1200,G1,0,1188,0.51,0.51,0
2023-12-05,Ben Richards,Mike Stannard,g1 mike stannard,1226,G1,0,1173,0.98,0.47,0
2023-11-08,Harri Gilbert,Andrew Balfe,g1 andrew balfe,1343,G1,0.5,1219,0.32,0.32,0.5
2023-12-06,Harri Gilbert,Liam Powell-Jones,g1 liam powell-jones,1301,G1,0,1207,0.7,0.38,0.5
2023-12-19,Harri Gilbert,James Richards,g1 james richards,1200,G1,1,1222,1.22,0.52,1.5
2023-10-04,Elliott Head,David Norris,g1 david norris,1509,G1,0,1281,0.22,0.22,0
2023-10-18,Elliott Head,Mateusz Gibiec,g1 mateusz gibiec,1715,G1,0,1278,0.32,0.1,0
2023-11-22,Elliott Head,Dave Williams,g1 dave williams,1611,G1,0,1273,0.45,0.13,0
2023-12-05,Elliott Head,John Williams,g1 john williams,1400,G1,1,1294,0.79,0.34,1
2023-08-18,Robert Sequeira,Nayan Keats Rastogi,NA,1695,ENG,0,1092,0.1,0.1,0
2023-08-18,Robert Sequeira,Humam Al Dakl Alla,NA,1626,SCO,1,1135,0.2,0.1,1
2023-08-19,Robert Sequeira,Conor Sheehan,NA,1576,IRE,0,1131,0.3,0.1,1
2023-08-19,Robert Sequeira,Nayan Keats Rastogi,NA,1695,ENG,0,1126,0.4,0.1,1
2023-08-20,Robert Sequeira,Humam Al Dakl Alla,NA,1626,SCO,1,1169,0.5,0.1,2
2023-08-20,Robert Sequeira,Conor Sheehan,NA,1576,IRE,0,1164,0.6,0.1,2
2023-10-25,Liam Powell-Jones,Bob Stanworth,g1 bob stanworth,1351,G1,1,1319,0.43,0.43,1
2023-11-22,Liam Powell-Jones,Jim Sadler,g1 jim sadler,1165,G1,1,1329,1.12,0.69,2
2023-11-26,Liam Powell-Jones,Georgi Korovski,e1 georgi korovski,1824,E1,0,1326,1.22,0.1,2
2023-12-06,Liam Powell-Jones,Harri Gilbert,g1 harri gilbert,1213,G1,1,1338,1.84,0.62,3
2023-09-08,Robert Muza,Lawrence Tarbuck,NA,1706,ENG,0,1295,0.1,0.1,0
2023-09-09,Robert Muza,Claire Gorman,w1 claire gorman,1044,W1,1,1301,0.91,0.81,1
2023-09-09,Robert Muza,Dale Westcott,w1 dale westcott,1607,W1,0,1296,1.05,0.14,1
2023-09-10,Robert Muza,Arush Ajai Murthy,e1 arush ajai murthy,916,E1,1,1299,1.95,0.9,2
2023-09-10,Robert Muza,Rob Frame,e1 rob frame,1138,E1,0,1277,2.67,0.72,2
2023-10-11,Robert Muza,Neil Carter,g1 neil carter,1734,G1,0.5,1289,2.77,0.1,2.5
2023-10-22,Robert Muza,Chris Dixon,g1 chris dixon,1719,G1,0.5,1302,2.87,0.1,3
2023-10-25,Robert Muza,Iestyn Harrigan,g1 iestyn harrigan,1200,G1,0.5,1298,3.51,0.64,3.5
2023-11-01,Robert Muza,Ron Williams,g1 ron williams,1554,G1,1,1324,3.7,0.19,4.5
2023-11-08,Robert Muza,Dave Williams,g1 dave williams,1611,G1,0.5,1335,3.84,0.14,5
2023-11-22,Robert Muza,Bob Stanworth,g1 bob stanworth,1351,G1,1,1354,4.26,0.42,6
2023-12-06,Robert Muza,Peter Slater,e1 peter slater,1679,E1,0,1350,4.36,0.1,6
2023-12-20,Robert Muza,Mike Stannard,g1 mike stannard,1226,G1,1,1363,4.96,0.6,7
2023-09-09,Adam Cooper,Jason Leroy,NA,1378,ENG,0,995,0.1,0.1,0
2023-09-10,Adam Cooper,Charlie Cooper,g1 charlie cooper,1000,G1,0,971,0.6,0.5,0
2023-09-10,Adam Cooper,Gryff Thomas,NA,1200,EST,0,960,0.84,0.24,0
2023-09-08,Adam Cooper,Paul Moulson,g1 paul moulson,1402,G1,0,955,0.94,0.1,0
2023-10-03,Adam Cooper,Chris Thompson,g1 chris thompson,1000,G1,0,931,1.44,0.5,0
2023-10-11,Bjorn Oliver,Ron Williams,g1 ron williams,1554,G1,1,1342,0.2,0.2,1
2023-10-25,Bjorn Oliver,Jim Sadler,g1 jim sadler,1165,G1,1,1352,0.91,0.71,2
2023-12-06,Bjorn Oliver,Jonathan Dark,g1 jonathan dark,1243,G1,0.5,1349,1.51,0.6,2.5
2023-12-20,Bjorn Oliver,Joseph Addis,g1 joseph addis,1776,G1,0,1345,1.61,0.1,2.5
2023-09-08,Jonathan Dark,Krzysztof Jakubiak,e1 krzysztof jakubiak,1599,E1,0,1239,0.11,0.11,0
2023-09-09,Jonathan Dark,Rhys Davies,e1 rhys davies,1000,E1,1,1246,0.91,0.8,1
2023-09-09,Jonathan Dark,Steve Jones,e1 steve jones,1500,E1,0,1240,1.1,0.19,1
2023-09-10,Jonathan Dark,Toby Reckless,e1 toby reckless,850,E1,1,1243,2,0.9,2
2023-09-10,Jonathan Dark,Patrick Bourne,d1 patrick bourne,1109,D1,1,1253,2.68,0.68,3
2023-10-11,Jonathan Dark,Charlie Gibson,g1 charlie gibson,1200,G1,1,1267,3.24,0.56,4
2023-10-22,Jonathan Dark,Oliver Cumiskey,e1 oliver cumiskey,1192,E1,0,1249,3.81,0.57,4
2023-10-25,Jonathan Dark,David Norris,g1 david norris,1509,G1,1,1275,3.99,0.18,5
2023-11-07,Jonathan Dark,Jim Sadler,g1 jim sadler,1165,G1,1,1288,4.6,0.61,6
2023-11-21,Jonathan Dark,William Wallace,g1 william wallace,1000,G1,1,1294,5.4,0.8,7
2023-11-26,Jonathan Dark,Martin C Jones,d1 martin c jones,1620,D1,0,1291,5.5,0.1,7
2023-12-06,Jonathan Dark,Bjorn Oliver,g1 bjorn oliver,1317,G1,0.5,1294,5.9,0.4,7.5
2023-09-08,Jesse Davies,Toby Reckless,e1 toby reckless,850,E1,1,1343,0.9,0.9,1
2023-09-09,Jesse Davies,Paul Mills,g1 paul mills,1528,G1,0,1335,1.15,0.25,1
2023-09-09,Jesse Davies,Vince Teisar,e1 vince teisar,978,E1,0,1307,2.04,0.89,1
2023-09-10,Jesse Davies,Andrew Powell,w1 andrew powell,1087,W1,0,1281,2.85,0.81,1
2023-09-10,Jesse Davies,Andrei Zhuravlev,e1 andrei zhuravlev,999,E1,1,1285,3.73,0.88,2
2023-10-11,Jesse Davies,David Norris,g1 david norris,1509,G1,1,1308,4,0.27,3
2023-09-09,Andrew Balfe,Ron Williams,g1 ron williams,1554,G1,0,1336,0.23,0.23,0
2023-09-08,Andrew Balfe,Constantine Popov,e1 constantine popov,850,E1,1,1339,1.13,0.9,1
2023-09-09,Andrew Balfe,Andrew Powell,w1 andrew powell,1087,W1,1,1345,1.94,0.81,2
2023-09-10,Andrew Balfe,James Thomas,NA,1607,ENG,0,1339,2.12,0.18,2
2023-10-11,Andrew Balfe,Andrew Evans,g1 andrew evans,1200,G1,1,1349,2.81,0.69,3
2023-10-25,Andrew Balfe,George Thompson,g1 george thompson,1000,G1,1,1353,3.69,0.88,4
2023-11-08,Andrew Balfe,Harri Gilbert,g1 harri gilbert,1213,G1,0.5,1347,4.37,0.68,4.5
2023-12-06,Andrew Balfe,Matt Davies,g1 matt davies,1200,G1,0,1325,5.06,0.69,4.5
2023-12-20,Andrew Balfe,Mark Summer,g1 mark summer,1200,G1,1,1335,5.75,0.69,5.5
2023-10-11,Troy Hanniford,Mike Diamond,g1 mike diamond,1200,G1,0,1170,0.49,0.49,0
2023-10-25,Troy Hanniford,Andrew Evans,g1 andrew evans,1200,G1,0,1147,0.98,0.49,0
2023-11-07,Troy Hanniford,Chris Thompson,g1 chris thompson,1000,G1,1,1159,1.73,0.75,1
2023-09-08,William Phillips,Richard Batey,g1 richard batey,1891,G1,0.5,1792,0.36,0.36,0.5
2023-09-09,William Phillips,Mark Thomas,w1 mark thomas,1802,W1,0,1781,0.84,0.48,0.5
2023-09-09,William Phillips,Peter Quinn,e1 peter quinn,1733,E1,0.5,1779,1.42,0.58,1
2023-09-10,William Phillips,Bob Hurn,e1 bob hurn,1459,E1,0.5,1770,2.29,0.87,1.5
2023-10-04,William Phillips,Zane Allford,g1 zane allford,1799,G1,0.5,1770,2.78,0.49,2
2023-10-11,William Phillips,Bob Stanworth,g1 bob stanworth,1351,G1,1,1773,3.68,0.9,3
2023-10-17,William Phillips,Bob Hurn,e1 bob hurn,1459,E1,0.5,1764,4.55,0.87,3.5
2023-11-01,William Phillips,David Vaughan,g1 david vaughan,1871,G1,0.5,1767,4.93,0.38,4
2023-11-15,William Phillips,Joseph Addis,g1 joseph addis,1776,G1,0,1754,5.45,0.52,4
2023-11-21,William Phillips,Mike Stannard,g1 mike stannard,1226,G1,0.5,1745,6.35,0.9,4.5
2023-11-26,William Phillips,Rudy van Kemenade,n1 rudy van kemenade,1993,N1,0,1739,6.59,0.24,4.5
2023-12-13,William Phillips,Steve Horrell,g1 steve horrell,1740,G1,0.5,1737,7.16,0.57,5
2023-09-09,Charlie Cooper,Mateusz Gibiec,g1 mateusz gibiec,1715,G1,0,995,0.1,0.1,0
2023-09-08,Charlie Cooper,Joshua Colcombe,g1 joshua colcombe,1400,G1,0,990,0.2,0.1,0
2023-09-10,Charlie Cooper,Adam Cooper,g1 adam cooper,1000,G1,1,1014,0.7,0.5,1
2023-09-10,Charlie Cooper,John Williams,g1 john williams,1400,G1,0,1010,0.8,0.1,1
2023-10-03,Charlie Cooper,Jim Sadler,g1 jim sadler,1165,G1,0,996,1.08,0.28,1
2023-11-08,Charlie Cooper,Jack Bull,g1 jack bull,1200,G1,0,985,1.32,0.24,1
2023-11-21,Charlie Cooper,Paul Mills,g1 paul mills,1528,G1,0,980,1.42,0.1,1
2023-12-06,Charlie Cooper,Mark Summer,g1 mark summer,1200,G1,1,1016,1.66,0.24,2
2023-12-19,Charlie Cooper,Howard Keane,g1 howard keane,1000,G1,1,1040,2.16,0.5,3
2023-09-09,John Williams,Dave Williams,g1 dave williams,1611,G1,0,1393,0.23,0.23,0
2023-09-08,John Williams,Rhys Davies,e1 rhys davies,1000,E1,1,1396,1.13,0.9,1
2023-09-09,John Williams,Krzysztof Jakubiak,e1 krzysztof jakubiak,1599,E1,0.5,1404,1.37,0.24,1.5
2023-09-10,John Williams,Jason Leroy,NA,1378,ENG,0,1387,1.9,0.53,1.5
2023-09-10,John Williams,Charlie Cooper,g1 charlie cooper,1000,G1,1,1390,2.8,0.9,2.5
2023-10-04,John Williams,Mateusz Gibiec,g1 mateusz gibiec,1715,G1,0,1386,2.94,0.14,2.5
2023-10-17,John Williams,Paul Mills,g1 paul mills,1528,G1,0,1375,3.26,0.32,2.5
2023-10-27,John Williams,Tom Hudson,NA,1599,ENG,0,1368,3.5,0.24,2.5
2023-10-28,John Williams,Stephen M Chadaway,NA,1592,ENG,0,1360,3.75,0.25,2.5
2023-10-28,John Williams,David Smith,NA,1586,ENG,0,1352,4.01,0.26,2.5
2023-10-29,John Williams,Andre Coltman,NA,1534,ENG,1,1374,4.33,0.32,3.5
2023-10-29,John Williams,Bela Szasz,NA,1241,ENG,1,1383,5.04,0.71,4.5
2023-11-07,John Williams,Zane Allford,g1 zane allford,1799,G1,1,1411,5.14,0.1,5.5
2023-11-10,John Williams,Scott Hammett,d1 scott hammett,1610,D1,0,1404,5.37,0.23,5.5
2023-11-11,John Williams,David Guy,w1 david guy,1843,W1,0,1401,5.47,0.1,5.5
2023-11-11,John Williams,Ben Hannigan,e1 ben hannigan,1234,E1,0,1378,6.19,0.72,5.5
2023-11-12,John Williams,Jack Hannigan,e1 jack hannigan,1393,E1,0,1361,6.7,0.51,5.5
2023-11-12,John Williams,Reuben Hilliar,e1 reuben hilliar,861,E1,0.5,1349,7.6,0.9,6
2023-11-15,John Williams,David Norris,g1 david norris,1509,G1,1,1370,7.95,0.35,7
2023-11-25,John Williams,Zain Amir,NA,1621,ENG,0.5,1379,8.17,0.22,7.5
2023-11-25,John Williams,Philip Sheldon,NA,1583,ENG,0.5,1386,8.43,0.26,8
2023-11-25,John Williams,Neil S Homer,NA,1625,ENG,1,1411,8.64,0.21,9
2023-11-25,John Williams,Kanvansh Dhingra,NA,1592,ENG,0,1403,8.89,0.25,9
2023-12-05,John Williams,Elliott Head,g1 elliott head,1288,G1,0,1382,9.55,0.66,9
2023-12-19,John Williams,Neil Carter,g1 neil carter,1734,G1,0.5,1394,9.68,0.13,9.5
2023-09-08,Andrew Evans,Dave Williams,g1 dave williams,1611,G1,0,1197,0.1,0.1,0
2023-09-09,Andrew Evans,Jeremy Jones,e1 jeremy jones,1405,E1,0.5,1205,0.34,0.24,0.5
2023-09-09,Andrew Evans,Aidan Jelf,NA,1470,ENG,1,1232,0.51,0.17,1.5
2023-09-10,Andrew Evans,James Thomas,NA,1607,ENG,0,1228,0.61,0.1,1.5
2023-09-10,Andrew Evans,Rhys Davies,e1 rhys davies,1000,E1,1,1236,1.37,0.76,2.5
2023-10-07,Andrew Evans,Peter Quinn,e1 peter quinn,1733,E1,0.5,1249,1.47,0.1,3
2023-10-07,Andrew Evans,Justin Morgans,e1 justin morgans,1732,E1,0.5,1262,1.57,0.1,3.5
2023-10-08,Andrew Evans,Deio Parri,n1 deio parri,1624,N1,0.5,1275,1.67,0.1,4
2023-10-08,Andrew Evans,Malcolm Probert,w1 malcolm probert,1472,W1,1,1301,1.84,0.17,5
2023-10-11,Andrew Evans,Andrew Balfe,g1 andrew balfe,1343,G1,0,1291,2.15,0.31,5
2023-10-25,Andrew Evans,Troy Hanniford,g1 troy hanniford,1194,G1,1,1307,2.66,0.51,6
2023-11-08,Andrew Evans,Mark Summer,g1 mark summer,1200,G1,1,1323,3.16,0.5,7
2023-11-22,Andrew Evans,Howard Keane,g1 howard keane,1000,G1,1,1331,3.92,0.76,8
2023-12-20,Andrew Evans,Harry Iles,g1 harry iles,1100,G1,1,1342,4.56,0.64,9
2023-09-08,Paul Moulson,Adam Cooper,g1 adam cooper,1000,G1,1,1405,0.9,0.9,1
2023-09-09,Paul Moulson,Andrew Di-Vetta,e1 andrew di-vetta,1783,E1,0,1402,1,0.1,1
2023-09-10,Paul Moulson,Adam Sarwar,e1 adam sarwar,926,E1,1,1405,1.9,0.9,2
2023-09-10,Paul Moulson,Mateusz Gibiec,g1 mateusz gibiec,1715,G1,0,1401,2.04,0.14,2
2023-10-07,Paul Moulson,Samuele Scarpignato,e1 samuele scarpignato,1612,E1,1,1425,2.27,0.23,3
2023-10-07,Paul Moulson,Yuxuan Wu,e1 yuxuan wu,1764,E1,0,1422,2.38,0.11,3
2023-10-08,Paul Moulson,Edd Chwieseni,e1 edd chwieseni,1593,E1,0.5,1430,2.63,0.25,3.5
2023-10-08,Paul Moulson,Joshua McKenna,e1 joshua mckenna,1754,E1,0.5,1442,2.75,0.12,4
2023-11-10,Paul Moulson,Dave Williams,g1 dave williams,1611,G1,0.5,1451,2.98,0.23,4.5
2023-11-11,Paul Moulson,Jon Tuson,d1 jon tuson,1500,D1,0.5,1455,3.34,0.36,5
2023-11-12,Paul Moulson,Kam Choo Yin,e1 kam choo yin,1638,E1,0,1448,3.54,0.2,5
2023-11-12,Paul Moulson,David Guy,w1 david guy,1843,W1,0,1445,3.64,0.1,5
2023-09-08,Jack Bull,Joshua McKenna,e1 joshua mckenna,1754,E1,0,1197,0.1,0.1,0
2023-09-09,Jack Bull,Vince Teisar,e1 vince teisar,978,E1,0,1172,0.88,0.78,0
2023-09-09,Jack Bull,Bronwen Tuson,NA,1100,Est,0,1151,1.52,0.64,0
2023-09-10,Jack Bull,Mike Gale,e1 mike gale,1617,E1,0,1148,1.62,0.1,0
2023-09-10,Jack Bull,Aidan Jelf,NA,1470,ENG,1,1175,1.79,0.17,1
2023-11-08,Jack Bull,Charlie Cooper,g1 charlie cooper,1000,G1,1,1182,2.55,0.76,2
2023-12-06,Jack Bull,Denis Elkerton,g1 denis elkerton,1200,G1,1,1198,3.05,0.5,3
2023-12-20,Jack Bull,Tomas Forsey,g1 tomas forsey,1301,G1,0,1187,3.41,0.36,3
2023-10-03,Chris Thompson,Adam Cooper,g1 adam cooper,1000,G1,1,1024,0.5,0.5,1
2023-11-07,Chris Thompson,Troy Hanniford,g1 troy hanniford,1194,G1,0,1012,0.75,0.25,1
2023-11-10,Chris Thompson,Spencer Ripley,w1 spencer ripley,1036,W1,1,1039,1.2,0.45,2
2023-11-11,Chris Thompson,Andrew Powell,w1 andrew powell,1087,W1,0,1021,1.58,0.38,2
2023-11-11,Chris Thompson,Carl Halpin,w1 carl halpin,1375,W1,0.5,1040,1.68,0.1,2.5
2023-11-12,Chris Thompson,Bronwen Tuson,d1 bronwen tuson,1100,D1,0,1022,2.04,0.36,2.5
2023-11-12,Chris Thompson,Tomos Francis,e1 tomos francis,850,E1,0.5,1013,2.74,0.7,3
2023-11-22,Chris Thompson,Tomas Forsey,g1 tomas forsey,1301,G1,0,1005,2.89,0.15,3
2023-11-25,Chris Thompson,Mindaugas Mikalajunas,NA,1305,ENG,0,998,3.04,0.15,3
2023-11-25,Chris Thompson,Matthew Blackwell,NA,1354,ENG,0,993,3.16,0.12,3
2023-11-25,Chris Thompson,Hatle Mehta,NA,1252,ENG,0,984,3.35,0.19,3
2023-11-25,Chris Thompson,George Thompson,g1 george thompson,1000,G1,0.5,984,3.85,0.5,3.5
2023-12-05,Chris Thompson,Iestyn Harrigan,g1 iestyn harrigan,1200,G1,0,972,4.09,0.24,3.5
2023-12-20,Chris Thompson,Samson Muputa,g1 samson muputa,1200,G1,1,1009,4.33,0.24,4.5
2023-10-11,Mike Diamond,Troy Hanniford,g1 troy hanniford,1194,G1,1,1216,0.51,0.51,1
2023-10-25,Mike Diamond,Mark Summer,g1 mark summer,1200,G1,1,1232,1.01,0.5,2
2023-11-08,Mike Diamond,Ben Richards,g1 ben richards,1204,G1,1,1248,1.5,0.49,3
2023-11-22,Mike Diamond,Charmaine Munyoso,g1 charmaine munyoso,1000,G1,1,1256,2.26,0.76,4
2023-12-20,Mike Diamond,Peter Slater,e1 peter slater,1679,E1,0,1252,2.36,0.1,4
2023-10-04,Peter Kirby,David Vaughan,g1 david vaughan,1871,G1,0.5,2026,0.71,0.71,0.5
2023-10-18,Peter Kirby,Steve Horrell,g1 steve horrell,1740,G1,1,2028,1.55,0.84,1.5
2023-10-30,Peter Kirby,Oscar De La Riva Aguado,NA,2437,Fide,0,2027,1.65,0.1,1.5
2023-10-30,Peter Kirby,Ezio Righi,NA,1846,Fide,0.5,2023,2.39,0.74,2
2023-10-31,Peter Kirby,Konstatinos Michelides,NA,2275,Fide,0,2020,2.59,0.2,2
2023-11-01,Peter Kirby,Hogni Egilstoft Nielsen,NA,2386,Fide,0,2018,2.7,0.11,2
2023-11-01,Peter Kirby,Paul A Carpenter,NA,1922,Fide,0.5,2015,3.35,0.65,2.5
2023-11-02,Peter Kirby,Amir Bagheri,NA,2388,Fide,0.5,2022,3.46,0.11,3
2023-11-03,Peter Kirby,Michael Wiederkeller,NA,2442,Fide,0,2020,3.56,0.1,3
2023-11-04,Peter Kirby,Colin Pace,NA,2155,Fide,0,2015,3.89,0.33,3
2023-11-15,Peter Kirby,Steve Williams (Cwm),g1 steve williams (cwm),1626,G1,1,2016,4.79,0.9,4
2023-09-12,Peter Kirby,Matias Candelario,NA,2152,ENG,0.5,2019,5.12,0.33,4.5
2023-09-26,Peter Kirby,David J Horton,NA,1931,ENG,0.5,2017,5.76,0.64,5
2023-10-03,Peter Kirby,David Buckley,NA,2277,ENG,0,2014,5.95,0.19,5
2023-10-10,Peter Kirby,Gareth Morris,NA,2048,ENG,1,2022,6.42,0.47,6
2023-10-12,Peter Kirby,Tristram De Piro,NA,1990,ENG,0,2013,6.98,0.56,6
2023-10-17,Peter Kirby,Patrick Flores,NA,1938,ENG,1,2019,7.61,0.63,7
2023-10-26,Peter Kirby,John Jenkins,NA,1985,ENG,0.5,2018,8.17,0.56,7.5
2023-11-14,Peter Kirby,Oliver Stubbs,NA,2213,ENG,0,2014,8.43,0.26,7.5
2023-11-29,Peter Kirby,David Llewellyn,e1 david llewellyn,1874,E1,0.5,2011,9.14,0.71,8
2023-12-13,Peter Kirby,Mark Adams,g1 mark adams,1989,G1,0.5,2010,9.7,0.56,8.5
2023-11-09,Peter Kirby,Michael Ashworth,NA,2115,ENG,0,2004,10.08,0.38,8.5
2023-11-21,Peter Kirby,Rob Cannell,NA,2259,ENG,0,2000,10.29,0.21,8.5
2023-11-28,Peter Kirby,Oscar Garcia,NA,2190,ENG,0,1996,10.57,0.28,8.5
2023-11-30,Peter Kirby,Justin Kleidermacher,NA,2035,ENG,1,2004,11.06,0.49,9.5
2023-12-07,Peter Kirby,Robert Ashworth,NA,1877,ENG,1,2009,11.77,0.71,10.5
2023-12-12,Peter Kirby,Jonas Zurba,NA,1761,ENG,1,2012,12.59,0.82,11.5
2023-10-11,Charlie Gibson,Jonathan Dark,g1 jonathan dark,1243,G1,0,1186,0.44,0.44,0
2023-10-22,Charlie Gibson,Raga Sreya Mandadapu,e1 raga sreya mandadapu,850,E1,1,1190,1.32,0.88,1
2023-11-26,Charlie Gibson,Huw Jones,w1 huw jones,1670,W1,0,1187,1.42,0.1,1
2023-12-20,Charlie Gibson,David Norris,g1 david norris,1509,G1,0,1182,1.56,0.14,1
2023-10-11,Samson Muputa,Tomas Forsey,g1 tomas forsey,1301,G1,0,1189,0.36,0.36,0
2023-10-25,Samson Muputa,Howard Keane,g1 howard keane,1000,G1,1,1196,1.12,0.76,1
2023-11-22,Samson Muputa,Gwilym Kabhir-Davies,g1 gwilym kabhir-davies,1171,G1,0,1179,1.66,0.54,1
2023-12-06,Samson Muputa,David Norris,g1 david norris,1509,G1,0,1174,1.8,0.14,1
2023-12-20,Samson Muputa,Chris Thompson,g1 chris thompson,1000,G1,0,1150,2.56,0.76,1
2023-10-11,Mark Summer,Colin Chitava,g1 colin chitava,1200,G1,1,1216,0.5,0.5,1
2023-10-25,Mark Summer,Mike Diamond,g1 mike diamond,1200,G1,0,1200,1,0.5,1
2023-11-08,Mark Summer,Andrew Evans,g1 andrew evans,1200,G1,0,1184,1.5,0.5,1
2023-12-06,Mark Summer,Charlie Cooper,g1 charlie cooper,1000,G1,0,1160,2.26,0.76,1
2023-12-20,Mark Summer,Andrew Balfe,g1 andrew balfe,1343,G1,0,1150,2.57,0.31,1
2023-10-11,Colin Chitava,Mark Summer,g1 mark summer,1200,G1,0,1184,0.5,0.5,0
2023-10-25,Iestyn Harrigan,Robert Muza,g1 robert muza,1298,G1,0.5,1204,0.36,0.36,0.5
2023-12-05,Iestyn Harrigan,Chris Thompson,g1 chris thompson,1000,G1,1,1212,1.12,0.76,1.5
2023-10-25,Howard Keane,Samson Muputa,g1 samson muputa,1200,G1,0,988,0.24,0.24,0
2023-11-22,Howard Keane,Andrew Evans,g1 andrew evans,1200,G1,0,977,0.48,0.24,0
2023-12-19,Howard Keane,Charlie Cooper,g1 charlie cooper,1000,G1,0,953,0.98,0.5,0
2023-10-25,George Thompson,Andrew Balfe,g1 andrew balfe,1343,G1,0,994,0.12,0.12,0
2023-11-25,George Thompson,Chris Thompson,g1 chris thompson,1000,G1,0.5,994,0.62,0.5,0.5
2023-11-25,George Thompson,Oliver Johnson,NA,1282,ENG,0,986,0.78,0.16,0.5
2023-11-25,George Thompson,Matthew Mellor,NA,1257,ENG,0,977,0.97,0.19,0.5
2023-11-25,George Thompson,Elias Angel,NA,1443,ENG,0,973,1.07,0.1,0.5
2023-11-08,Denis Elkerton,Oliver Rush,g1 oliver rush,1200,G1,0,1184,0.5,0.5,0
2023-12-06,Denis Elkerton,Jack Bull,g1 jack bull,1200,G1,0,1168,1,0.5,0
2023-11-08,James Richards,Gwilym Kabhir-Davies,g1 gwilym kabhir-davies,1171,G1,1,1215,0.54,0.54,1
2023-12-19,James Richards,Harri Gilbert,g1 harri gilbert,1213,G1,0,1199,1.02,0.48,1
2023-11-08,Oliver Rush,Denis Elkerton,g1 denis elkerton,1200,G1,1,1216,0.5,0.5,1
2023-12-05,Oliver Rush,Jim Sadler,g1 jim sadler,1165,G1,0,1198,1.05,0.55,1
2023-11-21,William Wallace,Jonathan Dark,g1 jonathan dark,1243,G1,0,990,0.2,0.2,0
2023-11-22,Charmaine Munyoso,Mike Diamond,g1 mike diamond,1200,G1,0,988,0.24,0.24,0
2023-11-29,Owain Davies,David Norris,g1 david norris,1509,G1,1,1772,0.82,0.82,1
2023-12-06,Ezala Beni,Ron Williams,g1 ron williams,1554,G1,1,1228,0.12,0.12,1
2023-12-20,Ezala Beni,Jim Sadler,g1 jim sadler,1165,G1,1,1243,0.67,0.55,2
2023-12-06,Matt Davies,Andrew Balfe,g1 andrew balfe,1343,G1,1,1222,0.31,0.31,1
2023-12-20,Harry Iles,Andrew Evans,g1 andrew evans,1200,G1,0,1083,0.36,0.36,0
2023-09-27,Mohammed Ayad,Denys Podcherniaev,n1 denys podcherniaev,1742,N1,1,1775,0.53,0.53,1
2023-10-17,Mohammed Ayad,John Carleton,NA,2072,ENG,0,1772,0.68,0.15,1
2023-10-17,Mohammed Ayad,John L Carleton,NA,2072,ENG,0,1768,0.83,0.15,1
2023-10-31,Mohammed Ayad,Stephen M Lloyd,NA,1723,ENG,1,1779,1.39,0.56,2
2023-11-21,Mohammed Ayad,Jeff Smith,NA,2088,EST,0,1776,1.52,0.13,2
2023-09-22,James Babington,James Weldon,NA,1469,ENG,1,1585,0.65,0.65,1
2023-09-23,James Babington,Matthew Fox,NA,1491,ENG,1,1598,1.27,0.62,2
2023-09-24,James Babington,Geoff Graham,NA,2206,EST,0,1594,1.37,0.1,2
2023-09-27,James Babington,Timothy J Soar,n1 timothy j soar,1672,N1,0,1583,1.73,0.36,2
2023-10-10,James Babington,Ray Williams,NA,1710,ENG,0,1573,2.04,0.31,2
2023-11-07,James Babington,Evie Harries-Jackson,n1 evie harries-jackson,1454,N1,1,1583,2.71,0.67,3
2023-11-21,James Babington,Ethan Challoner,n1 ethan challoner,1644,N1,0,1571,3.11,0.4,3
2023-11-29,James Babington,Daniel Rivera,NA,1290,EST,1,1576,3.95,0.84,4
2023-12-12,James Babington,Darren Birch,NA,1447,ENG,1,1586,4.63,0.68,5
2023-09-23,Mark Bastow,Martin J Burns,NA,1941,ENG,0.5,1951,0.51,0.51,0.5
2023-09-23,Mark Bastow,Philip T Seery,NA,1984,ENG,1,1964,0.96,0.45,1.5
2023-09-24,Mark Bastow,Dylan Mize,NA,1916,ENG,0.5,1963,1.51,0.55,2
2023-09-24,Mark Bastow,James Harrison,NA,1950,ENG,0.5,1963,2.01,0.5,2.5
2023-07-06,Pat Bennett,John Hicks,NA,1595,ENG,1,2031,0.9,0.9,1
2023-08-03,Pat Bennett,Michael A Lee,NA,1721,ENG,0.5,2025,1.75,0.85,1.5
2023-08-31,Pat Bennett,Malcolm A Roberts,NA,1702,ENG,1,2027,2.62,0.87,2.5
2023-10-10,Pat Bennett,Jonathan LB Blackburn,g1 jonathan lb blackburn,2329,G1,0,2025,2.77,0.15,2.5
2023-10-19,Pat Bennett,Anthony Brough,NA,1753,ENG,1,2027,3.6,0.83,3.5
2023-10-26,Pat Bennett,Paul G Clifford,NA,1427,ENG,1,2029,4.5,0.9,4.5
2023-11-09,Pat Bennett,John P Ewens,NA,1934,ENG,0,2019,5.13,0.63,4.5
2023-09-16,Pat Bennett,James Hanlon,NA,1698,ENG,0.5,2013,6,0.87,5
2023-11-21,Pat Bennett,Alex Richardson,NA,2029,ENG,0.5,2013,6.5,0.5,5.5
2023-11-30,Pat Bennett,Carmel J Barwick,NA,1870,ENG,1,2017,7.21,0.71,6.5
2023-12-12,Pat Bennett,Bartosz Fajfer,NA,1976,ENG,0.5,2016,7.79,0.58,7
2023-07-01,Sandra G Blackburn,Jeremy Brockes,NA,1782,ENG,0.5,1601,0.25,0.25,0.5
2023-07-01,Sandra G Blackburn,Robert Clegg,NA,1860,ENG,0,1595,0.43,0.18,0.5
2023-07-02,Sandra G Blackburn,Stephen Lloyd,NA,1744,ENG,0,1586,0.73,0.3,0.5
2023-07-02,Sandra G Blackburn,Jon Blackburn,NA,1667,ENG,0.5,1589,1.13,0.4,1
2023-07-18,Sandra G Blackburn,Mycle Scheuer,NA,1467,ENG,1,1600,1.8,0.67,2
2023-07-22,Sandra G Blackburn,Jason Skelton,NA,1828,ENG,0.5,1609,2.01,0.21,2.5
2023-07-22,Sandra G Blackburn,Davide Segat,NA,1525,ENG,1,1622,2.61,0.6,3.5
2023-07-23,Sandra G Blackburn,Leonardo Gupta,NA,1495,ENG,0,1602,3.25,0.64,3.5
2023-07-24,Sandra G Blackburn,Nicholas E White,NA,1511,ENG,0.5,1598,3.87,0.62,4
2023-08-01,Sandra G Blackburn,David S Johnson,NA,1551,ENG,0.5,1596,4.43,0.56,4.5
2023-08-14,Sandra G Blackburn,Roger Coleman,NA,1241,ENG,1,1600,5.31,0.88,5.5
2023-08-26,Sandra G Blackburn,Danny McMenamin,NA,1897,ENG,0,1595,5.46,0.15,5.5
2023-08-27,Sandra G Blackburn,Reg Clucas,NA,1865,ENG,0.5,1605,5.63,0.17,6
2023-08-27,Sandra G Blackburn,Freddie Sugden,NA,1684,ENG,0.5,1609,6,0.37,6.5
2023-08-28,Sandra G Blackburn,Nigel R Hepworth,NA,1700,ENG,0,1598,6.35,0.35,6.5
2023-08-28,Sandra G Blackburn,Mike Pointon,NA,1675,ENG,0.5,1602,6.73,0.38,7
2023-08-28,Sandra G Blackburn,Ethan Norris,NA,2062,ENG,0,1599,6.83,0.1,7
2023-08-29,Sandra G Blackburn,Nicholas PA Wright,NA,1476,ENG,0.5,1594,7.49,0.66,7.5
2023-09-23,Sandra G Blackburn,Mike J O'Mahony,NA,1724,ENG,0,1583,7.81,0.32,7.5
2023-09-23,Sandra G Blackburn,Roy Thomas,e1 roy thomas,1743,E1,0,1574,8.11,0.3,7.5
2023-09-24,Sandra G Blackburn,Kirk Harrison,NA,1582,ENG,0,1557,8.63,0.52,7.5
2023-09-24,Sandra G Blackburn,Jay Drawbridge,n1 jay drawbridge,1704,N1,0.5,1562,8.98,0.35,8
2023-10-24,Sandra G Blackburn,Stephen James Emmerton,NA,1578,ENG,0.5,1562,9.5,0.52,8.5
2023-10-28,Sandra G Blackburn,Mike J O'Mahony,NA,1754,ENG,0.5,1569,9.78,0.28,9
2023-10-28,Sandra G Blackburn,Roger Greatorex,NA,1748,ENG,0.5,1575,10.07,0.29,9.5
2023-10-29,Sandra G Blackburn,Chris P Hankey,NA,1800,ENG,0,1568,10.3,0.23,9.5
2023-10-29,Sandra G Blackburn,David W Adam,NA,1791,ENG,0.5,1576,10.54,0.24,10
2023-11-07,Sandra G Blackburn,Martin F Frisher,NA,1777,ENG,0,1568,10.8,0.26,10
2023-11-21,Sandra G Blackburn,Harry Gardiner,NA,1896,N1,0,1563,10.95,0.15,10
2023-12-05,Sandra G Blackburn,David A Hallen,NA,1496,ENG,0.5,1559,11.59,0.64,10.5
2023-12-08,Sandra G Blackburn,Roger W Walker,NA,1592,ENG,1,1575,12.09,0.5,11.5
2023-12-09,Sandra G Blackburn,Mike O'Mahony,NA,1808,ENG,0,1567,12.31,0.22,11.5
2023-12-09,Sandra G Blackburn,Martin Baxter,NA,1646,ENG,0,1554,12.73,0.42,11.5
2023-12-10,Sandra G Blackburn,Rowan Eccleston,NA,1418,ENG,0.5,1546,13.46,0.73,12
2023-12-10,Sandra G Blackburn,Bryony Eccleston,NA,1600,ENG,0,1531,13.95,0.49,12
2023-11-06,John Bowers,Catriona Coutts,n1 catriona coutts,1538,N1,1,1815,0.83,0.83,1
2023-12-06,John Bowers,John Shakespeare,n1 john shakespeare,2010,N1,0.5,1821,1.07,0.24,1.5
2023-12-19,John Bowers,Barrie Wells,n1 barrie wells,1661,N1,0,1804,1.77,0.7,1.5
2023-08-18,Ethan Challoner,Bharath Jayakumar,NA,1818,ENG,1,1662,0.27,0.27,1
2023-08-18,Ethan Challoner,Neev Lukhi,NA,1655,SCO,0.5,1662,0.75,0.48,1.5
2023-08-19,Ethan Challoner,Vivaan Verlekar,NA,1451,IRE,1,1668,1.5,0.75,2.5
2023-08-19,Ethan Challoner,Bharath Jayakumar,NA,1818,ENG,1,1685,1.77,0.27,3.5
2023-08-20,Ethan Challoner,Neev Lukhi,NA,1655,SCO,0.5,1686,2.25,0.48,4
2023-08-20,Ethan Challoner,Vivaan Verlekar,NA,1451,IRE,0.5,1680,3,0.75,4.5
2023-09-12,Ethan Challoner,Steve Lloyd,NA,1733,ENG,1,1695,3.37,0.37,5.5
2023-09-26,Ethan Challoner,Phil McKeown,NA,1649,ENG,0.5,1695,3.86,0.49,6
2023-10-03,Ethan Challoner,Peter S Fisher,NA,1759,ENG,1,1711,4.2,0.34,7
2023-10-03,Ethan Challoner,Peter S Fisher,n1 peter s fisher,1702,N1,1,1725,4.62,0.42,8
2023-10-17,Ethan Challoner,Shion Rowlands,NA,1677,ENG,0.5,1726,5.07,0.45,8.5
2023-10-31,Ethan Challoner,Timothy J Soar,n1 timothy j soar,1672,N1,0,1715,5.53,0.46,8.5
2023-11-07,Ethan Challoner,Jack Threlfall,NA,1670,ENG,1,1728,5.99,0.46,9.5
2023-11-14,Ethan Challoner,T Jeff Povall,NA,1713,ENG,0,1718,6.39,0.4,9.5
2023-11-21,Ethan Challoner,James Babington,n1 james babington,1574,N1,1,1728,6.99,0.6,10.5
2023-12-09,Ethan Challoner,Joel Bartlett,NA,1791,ENG,1,1745,7.29,0.3,11.5
2023-12-09,Ethan Challoner,Stephen Gaskell,NA,1874,ENG,0.5,1751,7.5,0.21,12
2023-08-04,Robert G Clark,George Turner,NA,1916,ENG,0.5,2008,0.63,0.63,0.5
2023-08-05,Robert G Clark,David Wedge,NA,1864,ENG,1,2013,1.33,0.7,1.5
2023-08-05,Robert G Clark,John M Potter,NA,2156,ENG,0,2008,1.63,0.3,1.5
2023-08-06,Robert G Clark,Daniel Holden,NA,1952,ENG,1,2015,2.21,0.58,2.5
2023-08-06,Robert G Clark,Bao Nghia Dong,NA,2390,ENG,1,2029,2.31,0.1,3.5
2023-10-17,Robert G Clark,Timothy J Soar,n1 timothy j soar,1672,N1,1,2031,3.18,0.87,4.5
2023-10-31,Robert G Clark,Matthew Matthias,n1 matthew matthias,1576,N1,1,2033,4.08,0.9,5.5
2023-11-21,Robert G Clark,Colm Buckley,NA,2015,ENG,0.5,2033,4.57,0.49,6
2023-04-03,Tom Coates,Paul Watson,NA,1776,ENG,0,1103,0.1,0.1,0
2023-05-03,Tom Coates,Matthew West,NA,1565,EST,0.5,1122,0.2,0.1,0.5
2023-09-24,Catriona Coutts,David Fernandez-Arias,n1 david fernandez-arias,1445,N1,0.5,1534,0.63,0.63,0.5
2023-09-23,Catriona Coutts,Reuben Tarjanyi,n1 reuben tarjanyi,1373,N1,1,1543,1.35,0.72,1.5
2023-09-23,Catriona Coutts,Steve Richards,NA,1597,ENG,0,1529,1.77,0.42,1.5
2023-09-24,Catriona Coutts,Thomas Hynes,NA,1302,ENG,1,1536,2.57,0.8,2.5
2023-11-06,Catriona Coutts,John Bowers,n1 john bowers,1811,N1,0,1530,2.74,0.17,2.5
2023-11-21,Catriona Coutts,Leo Fernandez-Arias,n1 leo fernandez-arias,1534,N1,0.5,1530,3.25,0.51,3
2023-12-06,Catriona Coutts,Deio Parri,n1 deio parri,1624,N1,0,1518,3.63,0.38,3
2023-12-11,Catriona Coutts,Peter Coutts,n1 peter coutts,1448,N1,0.5,1514,4.26,0.63,3.5
2023-09-24,Peter Coutts,Finn Pritchard,n1 finn pritchard,1420,N1,1,1463,0.54,0.54,1
2023-09-23,Peter Coutts,David P Price,NA,1584,ENG,0.5,1469,0.85,0.31,1.5
2023-09-23,Peter Coutts,Thomas Hynes,NA,1302,ENG,0,1446,1.55,0.7,1.5
2023-09-24,Peter Coutts,Margaret Gretton,NA,1483,ENG,0,1432,2,0.45,1.5
2023-11-06,Peter Coutts,Deio Parri,n1 deio parri,1624,N1,0.5,1439,2.27,0.27,2
2023-12-06,Peter Coutts,Mike Leaver,n1 mike leaver,1424,N1,1,1454,2.8,0.53,3
2023-12-11,Peter Coutts,Catriona Coutts,n1 catriona coutts,1538,N1,0.5,1458,3.17,0.37,3.5
2023-09-12,G Brian Davies,Evie Harries-Jackson,n1 evie harries-jackson,1454,N1,0.5,1730,0.84,0.84,0.5
2023-11-27,G Brian Davies,Nick Darlington,NA,1756,EST,1,1743,1.31,0.47,1.5
2023-09-19,Huw Davies,Darren Birch,NA,1351,ENG,0,1638,0.85,0.85,0
2023-10-31,Huw Davies,Adhruth Parlattaya,NA,1008,ENG,0.5,1629,1.75,0.9,0.5
2023-11-22,Huw Davies,Tony Plackowski,NA,1252,ENG,1,1631,2.65,0.9,1.5
2023-12-13,Huw Davies,Michael Campling,NA,1126,ENG,1,1634,3.55,0.9,2.5
2023-09-12,Richard Dineley,Denys Podcherniaev,n1 denys podcherniaev,1742,N1,0,2306,0.9,0.9,0
2023-09-19,Richard Dineley,Mike Stone,NA,2037,ENG,1,2308,1.73,0.83,1
2023-10-03,Richard Dineley,John Carleton,NA,2072,ENG,0.5,2305,2.53,0.8,1.5
2023-10-09,Richard Dineley,Jonathan LB Blackburn,g1 jonathan lb blackburn,2329,G1,0.5,2305,3.01,0.48,2
2023-10-17,Richard Dineley,Denys Podcherniaev,n1 denys podcherniaev,1742,N1,1,2306,3.91,0.9,3
2023-12-05,Richard Dineley,Gary Slegg,n1 gary slegg,1485,N1,1,2307,4.81,0.9,4
2023-09-23,Jay Drawbridge,Vincent Logan,NA,1835,ENG,0,1696,0.32,0.32,0
2023-09-23,Jay Drawbridge,Stephen M Lloyd,NA,1733,ENG,0,1685,0.78,0.46,0
2023-09-24,Jay Drawbridge,Shion Rowlands,NA,1646,ENG,0,1671,1.36,0.58,0
2023-09-24,Jay Drawbridge,Sandra G Blackburn,n1 sandra g blackburn,1593,N1,0.5,1668,2.01,0.65,0.5
2023-11-13,Jay Drawbridge,Vladyslav Kulikov,n1 vladyslav kulikov,1410,N1,1,1671,2.85,0.84,1.5
2023-11-21,Jay Drawbridge,Denys Podcherniaev,n1 denys podcherniaev,1742,N1,0,1661,3.3,0.45,1.5
2023-12-04,Jay Drawbridge,John Shakespeare,n1 john shakespeare,2010,N1,0,1657,3.45,0.15,1.5
2023-12-06,Jay Drawbridge,Dewi Jones,n1 dewi jones,1722,N1,1,1670,3.92,0.47,2.5
2023-10-03,Stephen Dunning,Paul Bluck,NA,1485,ENG,0,1607,0.69,0.69,0
2023-10-09,Stephen Dunning,Nigel Rowe,NA,1483,ENG,0,1591,1.38,0.69,0
2023-10-24,Stephen Dunning,Steve Williams,NA,1546,ENG,0.5,1588,1.99,0.61,0.5
2023-11-15,Stephen Dunning,Edgar Reynolds,NA,1494,EST,1,1596,2.67,0.68,1.5
2023-09-27,Gareth Ellis,Will G Williams,n1 will g williams,1819,N1,1,1840,0.51,0.51,1
2023-10-17,Gareth Ellis,John Harvey,NA,1851,ENG,1,1852,0.98,0.47,2
2023-10-31,Gareth Ellis,Philip McKeown,NA,1651,ENG,1,1859,1.71,0.73,3
2023-11-01,Gareth Ellis,Ilya Dubov,NA,1925,ENG,1,1874,2.07,0.36,4
2023-11-22,Gareth Ellis,John Gillett,NA,1697,ENG,0.5,1870,2.75,0.68,4.5
2023-12-05,Gareth Ellis,Geoffrey Sage,NA,1858,ENG,0.5,1871,3.21,0.46,5
2023-09-22,David Fernandez-Arias,Patrick N Coleman,NA,1490,N1,0.5,1447,0.44,0.44,0.5
2023-09-23,David Fernandez-Arias,Margaret L Gretton,NA,1483,N1,0,1433,0.89,0.45,0.5
2023-09-23,David Fernandez-Arias,Susan F Parry,n1 susan f parry,1194,N1,1,1439,1.7,0.81,1.5
2023-09-24,David Fernandez-Arias,Catriona Coutts,n1 catriona coutts,1538,N1,0.5,1443,2.07,0.37,2
2023-09-24,David Fernandez-Arias,Chris Lysons,NA,1464,N1,1,1460,2.54,0.47,3
2023-09-23,David Fernandez-Arias,Susan F Parry,n1 susan f parry,1194,N1,1,1466,3.35,0.81,4
2023-11-14,David Fernandez-Arias,Stuart Hamilton,n1 stuart hamilton,1267,N1,1,1475,4.09,0.74,5
2023-11-28,David Fernandez-Arias,Paul Bluck,NA,1502,ENG,0,1461,4.51,0.42,5
2023-12-11,David Fernandez-Arias,Matthew Russell,n1 matthew russell,1347,N1,0.5,1457,5.15,0.64,5.5
2023-12-19,David Fernandez-Arias,Michael Whale,n1 michael whale,1734,N1,0,1452,5.31,0.16,5.5
2023-09-22,Leo Fernandez-Arias,Steve R Wilson,NA,1467,N1,0.5,1531,0.6,0.6,0.5
2023-09-23,Leo Fernandez-Arias,Stefe Rush,NA,1563,N1,0,1516,1.06,0.46,0.5
2023-09-23,Leo Fernandez-Arias,Reuben Tarjanyi,n1 reuben tarjanyi,1373,N1,1,1525,1.78,0.72,1.5
2023-09-24,Leo Fernandez-Arias,Patrick N Coleman,NA,1490,N1,0.5,1523,2.34,0.56,2
2023-09-24,Leo Fernandez-Arias,Gregory Lloyd,NA,1562,N1,1,1541,2.8,0.46,3
2023-11-13,Leo Fernandez-Arias,John Shakespeare,n1 john shakespeare,2010,N1,0,1537,2.9,0.1,3
2023-11-21,Leo Fernandez-Arias,Catriona Coutts,n1 catriona coutts,1538,N1,0.5,1538,3.39,0.49,3.5
2023-11-28,Leo Fernandez-Arias,Dave Littlemore,NA,1425,ENG,0.5,1533,4.04,0.65,4
2023-05-02,Peter S Fisher,Sanjoy K Banerjee,NA,1730,ENG,0.5,1703,0.46,0.46,0.5
2023-06-30,Peter S Fisher,M John Cawston,NA,1868,ENG,0.5,1708,0.74,0.28,1
2023-07-01,Peter S Fisher,Robert Clegg,NA,1859,ENG,0.5,1713,1.03,0.29,1.5
2023-07-01,Peter S Fisher,Titas Vdovycia,NA,1789,ENG,0.5,1716,1.41,0.38,2
2023-07-02,Peter S Fisher,Daniel Blumenow,NA,1765,ENG,0,1706,1.82,0.41,2
2023-07-02,Peter S Fisher,Nigel Collins,NA,1501,ENG,1,1712,2.58,0.76,3
2023-09-12,Peter S Fisher,Barrie Wells,n1 barrie wells,1661,N1,1,1723,3.14,0.56,4
2023-09-21,Peter S Fisher,Martin Smith,NA,1000,EST,1,1725,4.04,0.9,5
2023-09-22,Peter S Fisher,Alan M Llewellyn,n1 alan m llewellyn,1608,N1,1,1734,4.67,0.63,6
2023-09-23,Peter S Fisher,Philip Norden,NA,1506,EST,0,1716,5.43,0.76,6
2023-09-23,Peter S Fisher,John EW Blackburn,NA,1649,ENG,0.5,1714,6.01,0.58,6.5
2023-09-24,Peter S Fisher,Marek J Soszynski,NA,1824,ENG,0.5,1718,6.34,0.33,7
2023-09-24,Peter S Fisher,Alan P Hiatt,NA,1633,ENG,1,1728,6.94,0.6,8
2023-10-03,Peter S Fisher,Ethan Challoner,n1 ethan challoner,1644,N1,0,1714,7.52,0.58,8
2023-10-12,Peter S Fisher,Adrian Bailey,NA,1792,ENG,1,1729,7.89,0.37,9
2023-10-17,Peter S Fisher,Evie Harries-Jackson,n1 evie harries-jackson,1454,N1,1,1733,8.7,0.81,10
2023-11-09,Peter S Fisher,Rudy van Kemenade,n1 rudy van kemenade,1993,N1,1,1754,8.86,0.16,11
2023-11-16,Peter S Fisher,Dennis Bonner,NA,1458,ENG,1,1758,9.66,0.8,12
2023-09-22,Gary Fox,Kirk Harrison,NA,1582,ENG,1,1545,0.42,0.42,1
2023-09-23,Gary Fox,Martin P Goyne,NA,1817,ENG,0,1540,0.58,0.16,1
2023-09-23,Gary Fox,Mike Hollyman,e1 mike hollyman,1746,E1,0.5,1548,0.8,0.22,1.5
2023-09-24,Gary Fox,Steve A Edwards,NA,1752,ENG,0.5,1558,1.01,0.21,2
2023-09-27,Gary Fox,Shion Rowlands,NA,1646,ENG,1,1579,1.34,0.33,3
2023-10-17,Gary Fox,Charles F Morris,n1 charles f morris,2165,N1,0,1576,1.44,0.1,3
2023-10-24,Gary Fox,Graham Bromley,NA,1764,ENG,0.5,1585,1.64,0.2,3.5
2023-10-31,Gary Fox,Graham W Dobson,NA,1974,ENG,0.5,1598,1.74,0.1,4
2023-11-08,Gary Fox,Haydn Parry,n1 haydn parry,1747,N1,1,1623,1.96,0.22,5
2023-11-13,Gary Fox,Adam Williams,n1 adam williams,1301,N1,1,1630,2.75,0.79,6
2023-11-25,Gary Fox,Santiago German,NA,1899,ENG,0,1627,2.85,0.1,6
2023-11-26,Gary Fox,Amitesh Purushothaman,NA,1146,ENG,1,1630,3.75,0.9,7
2023-11-26,Gary Fox,Kateryna Khomytska,NA,1826,ENG,0,1625,3.9,0.15,7
2023-11-26,Gary Fox,Purushothaman Loganathan DL,NA,1566,ENG,1,1643,4.34,0.44,8
2023-11-28,Gary Fox,Ray Williams,NA,1700,ENG,0,1634,4.61,0.27,8
2023-12-05,Gary Fox,Tomasz Rudny,NA,1916,ENG,0,1631,4.71,0.1,8
2023-12-12,Gary Fox,Joe Muxlow,n1 joe muxlow,1627,N1,0,1620,5.07,0.36,8
2023-12-19,Gary Fox,Denys Podcherniaev,n1 denys podcherniaev,1742,N1,0,1612,5.29,0.22,8
2023-03-28,Stephen Garnett,Paul Bluck,NA,1464,ENG,0,1060,0.1,0.1,0
2023-09-22,Stephen Garnett,Gary Slegg,n1 gary slegg,1485,N1,0.5,1079,0.2,0.1,0.5
2023-09-23,Stephen Garnett,Matthew Fox,NA,1491,ENG,0,1075,0.3,0.1,0.5
2023-09-24,Stephen Garnett,Matthew Matthias,n1 matthew matthias,1576,N1,0.5,1094,0.4,0.1,1
2023-09-24,Stephen Garnett,Reuben Tarjanyi,n1 reuben tarjanyi,1373,N1,0,1087,0.55,0.15,1
2023-10-10,Stephen Garnett,Steve Williams,NA,1546,ENG,1,1130,0.65,0.1,2
2023-10-24,Stephen Garnett,Gary Slegg,n1 gary slegg,1485,N1,0,1125,0.75,0.1,2
2023-11-07,Stephen Garnett,Finn Prichard,NA,1,N1,0,1077,1.75,1,2
2023-11-14,Stephen Garnett,Finn Prichard,NA,1,N1,0,1029,2.75,1,2
2023-11-29,Stephen Garnett,Joshua Beech,NA,1390,EST,1,1071,2.88,0.13,3
2023-10-07,Roger Greatorex,Leon Skeldon,NA,1862,ENG,0,1707,0.3,0.3,0
2023-10-07,Roger Greatorex,Kieran Redhead,NA,1614,ENG,1,1715,0.94,0.64,1
2023-10-08,Roger Greatorex,Anay Agarwal,NA,1422,ENG,1,1719,1.78,0.84,2
2023-10-08,Roger Greatorex,Alan S Mcintosh,NA,1807,ENG,1,1734,2.15,0.37,3
2023-09-22,Chris Grier,Mike Hollyman,e1 mike hollyman,1746,E1,0,1734,0.5,0.5,0
2023-09-23,Chris Grier,Kirk Harrison,NA,1582,ENG,1,1741,1.22,0.72,1
2023-09-23,Chris Grier,Mike Gale,e1 mike gale,1617,E1,0.5,1736,1.9,0.68,1.5
2023-09-24,Chris Grier,Stephen M Lloyd,NA,1733,ENG,0.5,1736,2.42,0.52,2
2023-09-24,Chris Grier,Shion Rowlands,NA,1646,ENG,0.5,1733,3.06,0.64,2.5
2023-09-27,Chris Grier,Michael Whale,n1 michael whale,1734,N1,0,1720,3.58,0.52,2.5
2023-10-17,Chris Grier,David Stuttard,NA,1741,ENG,0,1708,4.09,0.51,2.5
2023-10-31,Chris Grier,Piotr Siwy,NA,1617,ENG,0,1692,4.77,0.68,2.5
2023-11-07,Chris Grier,Richard Doble,NA,1505,ENG,1,1697,5.57,0.8,3.5
2023-11-21,Chris Grier,Chris Doran,NA,1992,ENG,0.5,1704,5.77,0.2,4
2023-11-29,Chris Grier,Haydn Parry,n1 haydn parry,1747,N1,0.5,1704,6.27,0.5,4.5
2023-03-28,Stuart Hamilton,Piotr Siwy,NA,1713,ENG,0,1264,0.1,0.1,0
2023-04-04,Stuart Hamilton,Dave Hulme,NA,1396,ENG,0,1253,0.42,0.32,0
2023-04-07,Stuart Hamilton,Paul Robert Jackson,NA,1544,ENG,0,1248,0.59,0.17,0
2023-04-07,Stuart Hamilton,David N Ashton,NA,1642,ENG,0,1245,0.69,0.1,0
2023-04-08,Stuart Hamilton,Lee Baron,NA,1393,ENG,1,1266,1.02,0.33,1
2023-04-09,Stuart Hamilton,Torrin Anderson,NA,1591,ENG,0,1262,1.15,0.13,1
2023-04-09,Stuart Hamilton,Dylan Prothero,NA,1239,ENG,0,1245,1.69,0.54,1
2023-04-26,Stuart Hamilton,Nigel Gardner,NA,1570,ENG,0,1240,1.84,0.15,1
2023-04-26,Stuart Hamilton,Sebastien Szydlowski,NA,1625,ENG,0,1236,1.95,0.11,1
2023-04-27,Stuart Hamilton,Becky Kerton,NA,1488,ENG,0,1229,2.17,0.22,1
2023-04-27,Stuart Hamilton,Patrick N Coleman,NA,1506,ENG,0.5,1239,2.37,0.2,1.5
2023-04-28,Stuart Hamilton,Amanda Adimali,NA,1187,ENG,0.5,1235,2.98,0.61,2
2023-04-28,Stuart Hamilton,Pratik Jayar,NA,1232,ENG,1,1250,3.53,0.55,3
2023-11-07,Stuart Hamilton,Leo Fernandez-Arias,NA,1534,ENG,0,1244,3.71,0.18,3
2023-11-14,Stuart Hamilton,David Fernandez-Arias,n1 david fernandez-arias,1445,N1,0,1236,3.97,0.26,3
2023-09-12,Evie Harries-Jackson,G Brian Davies,n1 g brian davies,1738,N1,0.5,1465,0.16,0.16,0.5
2023-09-19,Evie Harries-Jackson,Nils Malmros,NA,1298,ENG,0,1442,0.87,0.71,0.5
2023-10-17,Evie Harries-Jackson,Peter S Fisher,n1 peter s fisher,1702,N1,0,1436,1.06,0.19,0.5
2023-10-24,Evie Harries-Jackson,Colin J White,NA,1665,ENG,1,1461,1.29,0.23,1.5
2023-11-07,Evie Harries-Jackson,James Babington,n1 james babington,1574,N1,0,1450,1.62,0.33,1.5
2023-11-14,Evie Harries-Jackson,Denys Podcherniaev,n1 denys podcherniaev,1742,N1,0,1445,1.78,0.16,1.5
2023-11-28,Evie Harries-Jackson,Dave Hulme,NA,1428,ENG,0.5,1444,2.32,0.54,2
2023-12-19,Evie Harries-Jackson,Adam Williams,n1 adam williams,1301,N1,0,1421,3.03,0.71,2
2023-07-12,Charles Higgie,Louis Roos,NA,2255,FIDE,0,1964,0.16,0.16,0
2023-07-13,Charles Higgie,Annett Wagner-Michel,NA,2078,FIDE,0.5,1968,0.51,0.35,0.5
2023-07-14,Charles Higgie,John M Quinn,NA,2175,ENG,0.5,1974,0.74,0.23,1
2023-07-15,Charles Higgie,Alojz Sobocanec,NA,1762,FIDE,1,1980,1.51,0.77,2
2023-07-16,Charles Higgie,David S Tucker,NA,1979,ENG,0.5,1980,1.99,0.48,2.5
2023-07-17,Charles Higgie,Per Holst,NA,2090,FIDE,0.5,1984,2.32,0.33,3
2023-07-18,Charles Higgie,Andrzej Stadnicki,NA,1648,FIDE,1,1988,3.18,0.86,4
2023-07-19,Charles Higgie,Jorgen Jorgensen,NA,2107,FIDE,0,1980,3.49,0.31,4
2023-07-20,Charles Higgie,Ingemar Schutz,NA,2187,FIDE,0,1975,3.71,0.22,4
2023-08-31,Charles Higgie,Rudy van Kemenade,n1 rudy van kemenade,1993,N1,1,1988,4.17,0.46,5
2023-09-21,Charles Higgie,Jonathan Smith,NA,1413,ENG,1,1990,5.07,0.9,6
2023-09-27,Charles Higgie,David Hollands,NA,1916,ENG,0.5,1988,5.64,0.57,6.5
2023-10-12,Charles Higgie,Julie van Kemenade,n1 julie van kemenade,1635,N1,1,1991,6.51,0.87,7.5
2023-11-09,Charles Higgie,Richard Bryant,NA,1841,ENG,0.5,1987,7.19,0.68,8
2023-11-16,Charles Higgie,Kate Walker,NA,1702,ENG,0.5,1979,8.01,0.82,8.5
2023-11-18,Charles Higgie,Hongyi Yu,NA,2086,ENG,0,1971,8.35,0.34,8.5
2023-11-19,Charles Higgie,Tomer Eden,NA,2163,ENG,0.5,1977,8.6,0.25,9
2023-12-14,Charles Higgie,Tony Preece,NA,1901,ENG,1,1987,9.2,0.6,10
2023-09-12,Ray J Holland,Timothy J Soar,n1 timothy j soar,1672,N1,1,1829,0.7,0.7,1
2023-10-03,Ray J Holland,Graham Dobson,NA,1974,ENG,0,1822,0.99,0.29,1
2023-10-17,Ray J Holland,Richard Doble,NA,1505,EST,1,1825,1.85,0.86,2
2023-11-21,Richard House-Goodwin,Matthew Russell,n1 matthew russell,1347,N1,0,1286,0.43,0.43,0
2023-09-04,David J James,Luke Maher,NA,1872,ENG,1,2114,0.8,0.8,1
2023-09-19,David J James,Bahkti Vasiev,NA,1779,ENG,1,2116,1.67,0.87,2
2023-10-09,David J James,Giovanni Sala,NA,2048,ENG,1,2123,2.26,0.59,3
2023-11-08,David J James,Ian Campbell,NA,1936,ENG,1,2127,2.99,0.73,4
2023-12-06,David J James,Jamie Kumar,NA,1930,ENG,0.5,2123,3.73,0.74,4.5
2023-12-12,David J James,Andrew Burnett,NA,2220,ENG,0,2118,4.08,0.35,4.5
2023-12-06,Dewi Jones,Jay Drawbridge,n1 jay drawbridge,1704,N1,0,1709,0.53,0.53,0
2023-11-13,Vladyslav Kulikov,Jay Drawbridge,n1 jay drawbridge,1704,N1,0,1405,0.16,0.16,0
2023-11-21,Vladyslav Kulikov,Finn Pritchard,n1 finn pritchard,1420,N1,1,1421,0.65,0.49,1
2023-11-27,Vladyslav Kulikov,Reuben Tarjanyi,n1 reuben tarjanyi,1373,N1,0,1404,1.2,0.55,1
2023-12-06,Mike Leaver,Peter Coutts,n1 peter coutts,1448,N1,0,1409,0.47,0.47,0
2023-12-09,Seth Livesey,Anna McKenna,NA,895,ENG,0,969,0.65,0.65,0
2023-08-18,Alan M Llewellyn,Edward Jackson,NA,2254,ENG,0,1606,0.1,0.1,0
2023-08-19,Alan M Llewellyn,Luis Sanchez,d1 luis sanchez,1949,D1,0,1603,0.22,0.12,0
2023-08-20,Alan M Llewellyn,Peter Jaszkiwskyj,NA,2015,ENG,0,1600,0.32,0.1,0
2023-08-20,Alan M Llewellyn,Peter Mulleady,NA,1989,ENG,0,1598,0.42,0.1,0
2023-09-22,Alan M Llewellyn,Peter S Fisher,n1 peter s fisher,1702,N1,0,1589,0.79,0.37,0
2023-09-23,Alan M Llewellyn,Paul N Fernhead,NA,1729,ENG,1,1605,1.12,0.33,1
2023-09-23,Alan M Llewellyn,Karl Lockett,NA,1806,ENG,0,1599,1.36,0.24,1
2023-09-24,Alan M Llewellyn,Ray Williams,NA,1687,ENG,0.5,1602,1.75,0.39,1.5
2023-09-24,Alan M Llewellyn,Vincent Logan,NA,1835,ENG,0,1597,1.96,0.21,1.5
2023-09-19,Matthew Matthias,Susan F Parry,n1 susan f parry,1194,N1,0.5,1563,0.9,0.9,0.5
2023-09-24,Matthew Matthias,Stephen Garnett,n1 stephen garnett,1065,N1,0.5,1550,1.8,0.9,1
2023-09-24,Matthew Matthias,Bobby Murray,NA,1079,ENG,1,1554,2.7,0.9,2
2023-10-10,Matthew Matthias,Dorde Markovic,NA,1685,ENG,0,1542,3.05,0.35,2
2023-10-24,Matthew Matthias,Finley Malcolm,NA,1,N1,1,1542,4.05,1,3
2023-10-31,Matthew Matthias,Robert G Clark,n1 robert g clark,2010,N1,0,1539,4.15,0.1,3
2023-08-09,Charles F Morris,Tom Brown,e1 tom brown,2149,E1,0,2157,0.52,0.52,0
2023-08-10,Charles F Morris,Alan Byron,NA,2180,ENG,0,2149,1,0.48,0
2023-08-10,Charles F Morris,Alan Walton,NA,2123,ENG,0.5,2148,1.56,0.56,0.5
2023-08-11,Charles F Morris,Richard WY Lee,NA,2109,ENG,0,2139,2.14,0.58,0.5
2023-08-11,Charles F Morris,Tim Kett,e1 tim kett,2192,E1,0,2131,2.6,0.46,0.5
2023-08-12,Charles F Morris,Jonathan LB Blackburn,g1 jonathan lb blackburn,2329,G1,0,2127,2.88,0.28,0.5
2023-08-13,Charles F Morris,Jacob Connor Boswell,NA,2283,ENG,1,2137,3.22,0.34,1.5
2023-08-13,Charles F Morris,Stephen Whatley,NA,2163,ENG,0,2129,3.72,0.5,1.5
2023-08-13,Charles F Morris,Roger G Williamson,NA,2184,ENG,0.5,2130,4.19,0.47,2
2023-09-08,Charles F Morris,Mark Thomas,w1 mark thomas,1802,W1,0.5,2124,5.08,0.89,2.5
2023-09-09,Charles F Morris,Anthony Hughes,g1 anthony hughes,1875,G1,0.5,2118,5.92,0.84,3
2023-09-09,Charles F Morris,Mark Cooke,NA,1413,FIDE,1,2120,6.82,0.9,4
2023-09-10,Charles F Morris,Walter N.R. Saunders,NA,2124,ENG,0.5,2119,7.38,0.56,4.5
2023-09-12,Charles F Morris,Will G Williams,n1 will g williams,1819,N1,0,2105,8.26,0.88,4.5
2023-09-26,Charles F Morris,Paul Sadler,n1 paul sadler,1343,N1,1,2106,9.16,0.9,5.5
2023-10-03,Charles F Morris,Jeff Smith,NA,2088,ENG,0.5,2105,9.77,0.61,6
2023-10-17,Charles F Morris,Gary Fox,n1 gary fox,1526,N1,1,2106,10.67,0.9,7
2023-10-22,Charles F Morris,Peter Varley,g1 peter varley,2168,G1,0.5,2106,11.17,0.5,7.5
2023-11-21,Charles F Morris,Philip J Crocker,NA,2224,ENG,0.5,2108,11.59,0.42,8
2023-11-06,Joshua Mullineux,Reuben Tarjanyi,n1 reuben tarjanyi,1373,N1,1,1566,0.74,0.74,1
2023-12-11,Joshua Mullineux,Michael Whale,n1 michael whale,1734,N1,1,1590,1.01,0.27,2
2023-09-19,Joe Muxlow,Haydn Parry,n1 haydn parry,1747,N1,1,1643,0.33,0.33,1
2023-10-10,Joe Muxlow,Graham Bromley,NA,1764,ENG,0,1635,0.64,0.31,1
2023-10-24,Joe Muxlow,Phil Crew,NA,1293,ENG,1,1639,1.51,0.87,2
2023-11-07,Joe Muxlow,Ray Williams,NA,1700,ENG,0.5,1641,1.91,0.4,2.5
2023-11-14,Joe Muxlow,Bahkti Vasiev,NA,1767,ENG,0.5,1646,2.22,0.31,3
2023-12-04,Joe Muxlow,Phil Taylor,NA,1494,ENG,0.5,1641,2.9,0.68,3.5
2023-12-12,Joe Muxlow,Gary Fox,n1 gary fox,1526,N1,1,1650,3.54,0.64,4.5
2023-09-23,Deio Parri,Stephen M Lloyd,NA,1733,ENG,1,1640,0.35,0.35,1
2023-09-23,Deio Parri,Vincent Logan,NA,1835,ENG,1,1658,0.58,0.23,2
2023-09-24,Deio Parri,Martin P Gawne,NA,1817,ENG,1,1676,0.83,0.25,3
2023-09-24,Deio Parri,Haydn Parry,n1 haydn parry,1747,N1,0.5,1680,1.16,0.33,3.5
2023-10-07,Deio Parri,Emir Rhouni,e1 emir rhouni,900,E1,1,1683,2.06,0.9,4.5
2023-10-07,Deio Parri,Tim Kett,e1 tim kett,2192,E1,0,1680,2.16,0.1,4.5
2023-10-08,Deio Parri,Andrew Evans,g1 andrew evans,1200,G1,0.5,1671,3.06,0.9,5
2023-10-08,Deio Parri,Reuben Hilliar,e1 reuben hilliar,861,E1,0.5,1661,3.96,0.9,5.5
2023-11-06,Deio Parri,Peter Coutts,n1 peter coutts,1448,N1,0.5,1655,4.69,0.73,6
2023-11-11,Deio Parri,Bob Hurn,e1 bob hurn,1459,E1,0.5,1650,5.41,0.72,6.5
2023-11-11,Deio Parri,Reuben Hilliar,e1 reuben hilliar,861,E1,0,1629,6.31,0.9,6.5
2023-11-12,Deio Parri,Vismith Prabhu,w1 vismith prabhu,1335,W1,0.5,1620,7.15,0.84,7
2023-11-12,Deio Parri,Jack Hannigan,e1 jack hannigan,1393,E1,1,1625,7.94,0.79,8
2023-12-06,Deio Parri,Catriona Coutts,n1 catriona coutts,1538,N1,1,1635,8.56,0.62,9
2023-12-19,Deio Parri,Finn Pritchard,n1 finn pritchard,1420,N1,1,1640,9.32,0.76,10
2023-09-19,Haydn Parry,Joe Muxlow,n1 joe muxlow,1627,N1,0,1731,0.67,0.67,0
2023-09-23,Haydn Parry,Mike Gale,e1 mike gale,1617,E1,0.5,1727,1.35,0.68,0.5
2023-09-23,Haydn Parry,Shion Rowlands,NA,1646,ENG,1,1735,1.99,0.64,1.5
2023-09-24,Haydn Parry,Barrie Wells,n1 barrie wells,1661,N1,1,1744,2.61,0.62,2.5
2023-09-24,Haydn Parry,Deio Parri,n1 deio parri,1624,N1,0.5,1740,3.28,0.67,3
2023-10-09,Haydn Parry,Robert McClennan,NA,1641,ENG,1,1749,3.93,0.65,4
2023-10-24,Haydn Parry,Ray Williams,NA,1710,ENG,1,1760,4.48,0.55,5
2023-11-08,Haydn Parry,Gary Fox,n1 gary fox,1526,N1,0,1741,5.26,0.78,5
2023-11-29,Haydn Parry,Chris Grier,n1 chris grier,1746,N1,0.5,1741,5.76,0.5,5.5
2023-09-19,Susan F Parry,Matthew Matthias,n1 matthew matthias,1576,N1,0.5,1213,0.1,0.1,0.5
2023-09-23,Susan F Parry,David Fernandez-Arias,n1 david fernandez-arias,1445,N1,0,1204,0.29,0.19,0.5
2023-09-23,Susan F Parry,Gary Slegg,n1 gary slegg,1485,N1,0,1196,0.45,0.16,0.5
2023-09-23,Susan F Parry,David Fernandez-Arias,n1 david fernandez-arias,1445,N1,0,1187,0.64,0.19,0.5
2023-09-24,Susan F Parry,Jeff Foy,NA,1398,ENG,0,1176,0.88,0.24,0.5
2023-09-24,Susan F Parry,Radha Baan,NA,1150,ENG,0,1149,1.44,0.56,0.5
2023-10-09,Susan F Parry,Christopher Goy,NA,1349,ENG,0.5,1159,1.73,0.29,1
2023-11-29,Susan F Parry,Jaiden Flannery,NA,1252,EST,1,1187,2.15,0.42,2
2023-09-12,Denys Podcherniaev,Richard Dineley,n1 richard dineley,2315,N1,1,1764,0.1,0.1,1
2023-09-22,Denys Podcherniaev,Philip T Seery,NA,1984,ENG,1,1783,0.3,0.2,2
2023-09-23,Denys Podcherniaev,Chris Doran,NA,2015,ENG,0,1779,0.47,0.17,2
2023-09-23,Denys Podcherniaev,Dylan Mize,NA,1916,ENG,0,1772,0.74,0.27,2
2023-09-24,Denys Podcherniaev,James Harrison,NA,1950,ENG,0,1767,0.97,0.23,2
2023-09-24,Denys Podcherniaev,Selwyn Hamilton,NA,1699,ENG,1,1777,1.53,0.56,3
2023-09-27,Denys Podcherniaev,Mohammed Ayad,n1 mohammed ayad,1764,N1,0,1766,2,0.47,3
2023-10-17,Denys Podcherniaev,Richard Dineley,n1 richard dineley,2315,N1,0,1764,2.1,0.1,3
2023-10-31,Denys Podcherniaev,John J Carleton,NA,2072,ENG,0,1760,2.23,0.13,3
2023-11-14,Denys Podcherniaev,Evie Harries-Jackson,n1 evie harries-jackson,1454,N1,1,1764,3.07,0.84,4
2023-11-21,Denys Podcherniaev,Jay Drawbridge,n1 jay drawbridge,1704,N1,1,1775,3.62,0.55,5
2023-12-05,Denys Podcherniaev,Philip Crocker,NA,2224,ENG,0,1773,3.72,0.1,5
2023-12-19,Denys Podcherniaev,Gary Fox,n1 gary fox,1526,N1,1,1778,4.5,0.78,6
2023-09-22,Finn Pritchard,Lee Spackman,NA,1443,N1,0,1405,0.47,0.47,0
2023-09-23,Finn Pritchard,Lawrence Harold,NA,1430,N1,0,1390,0.96,0.49,0
2023-09-23,Finn Pritchard,Radha Baan,NA,1150,N1,1,1395,1.79,0.83,1
2023-09-24,Finn Pritchard,Paul G Broderick,NA,1335,N1,0,1375,2.41,0.62,1
2023-09-24,Finn Pritchard,Peter Coutts,n1 peter coutts,1448,N1,0,1361,2.87,0.46,1
2023-11-21,Finn Pritchard,Vladyslav Kulikov,n1 vladyslav kulikov,1410,N1,0,1344,3.38,0.51,1
2023-12-09,Finn Pritchard,Kithumi Rajaguru,NA,1282,ENG,0,1322,4.07,0.69,1
2023-12-09,Finn Pritchard,David Martinez,NA,1140,ENG,1,1327,4.9,0.83,2
2023-12-19,Finn Pritchard,Deio Parri,n1 deio parri,1624,N1,0,1320,5.14,0.24,2
2023-07-07,Ifan Rathbone-Jones,Thomas Nalej,e1 thomas nalej,1086,E1,1,2040,0.9,0.9,1
2023-07-07,Ifan Rathbone-Jones,Tom Brown,e1 tom brown,2149,E1,0.5,2042,1.25,0.35,1.5
2023-07-08,Ifan Rathbone-Jones,Joakim Nilsson,NA,2522,ENG,0.5,2048,1.35,0.1,2
2023-07-09,Ifan Rathbone-Jones,David Maloberti,NA,2064,FIDE,0,2041,1.81,0.46,2
2023-07-09,Ifan Rathbone-Jones,Teymour Harandi,NA,1661,ENG,1,2043,2.71,0.9,3
2023-07-10,Ifan Rathbone-Jones,Olivia Smith,e1 olivia smith,2196,E1,0.5,2046,3,0.29,3.5
2023-07-11,Ifan Rathbone-Jones,Michael Binks,NA,2140,FIDE,0,2040,3.36,0.36,3.5
2023-07-22,Ifan Rathbone-Jones,Daniel Wilkinson,NA,2001,ENG,1,2048,3.91,0.55,4.5
2023-07-23,Ifan Rathbone-Jones,Ethan Pang,NA,1852,ENG,1,2052,4.65,0.74,5.5
2023-07-24,Ifan Rathbone-Jones,Michael Dougherty,NA,2168,ENG,1,2062,4.97,0.32,6.5
2023-07-25,Ifan Rathbone-Jones,Jason Dilley,NA,2175,ENG,0.5,2065,5.28,0.31,7
2023-07-26,Ifan Rathbone-Jones,Shlok Verma,NA,2177,ENG,0,2061,5.59,0.31,7
2023-07-27,Ifan Rathbone-Jones,Sooraj Raju,NA,2207,ENG,0,2056,5.86,0.27,7
2023-07-28,Ifan Rathbone-Jones,Oliver Howell,NA,1997,ENG,1,2063,6.42,0.56,8
2023-07-29,Ifan Rathbone-Jones,Lewis A Turner,NA,2001,ENG,0,2054,6.97,0.55,8
2023-07-30,Ifan Rathbone-Jones,Tashika Arora,NA,2016,ENG,1,2062,7.5,0.53,9
2023-07-24,Ifan Rathbone-Jones,Dylan Mize,NA,1894,ENG,1,2067,8.2,0.7,10
2023-07-25,Ifan Rathbone-Jones,Samar Dayal,NA,1433,FIDE,1,2068,9.1,0.9,11
2023-07-26,Ifan Rathbone-Jones,Shlok Verma,NA,2177,ENG,0.5,2071,9.41,0.31,11.5
2023-07-27,Ifan Rathbone-Jones,Stefanus Phan,NA,2158,ENG,0,2066,9.74,0.33,11.5
2023-07-28,Ifan Rathbone-Jones,Zain Patel,NA,2017,ENG,0.5,2066,10.27,0.53,12
2023-07-29,Ifan Rathbone-Jones,Sean Gordon,NA,1999,ENG,1,2073,10.83,0.56,13
2023-09-21,Ifan Rathbone-Jones,Joseph Girel,NA,2494,FIDE,0,2071,10.93,0.1,13
2023-09-22,Ifan Rathbone-Jones,Diego Salazar Reyes,NA,1409,FIDE,1,2073,11.83,0.9,14
2023-09-22,Ifan Rathbone-Jones,Kemel Antonio Gallo Garcia,NA,2356,FIDE,0.5,2078,11.97,0.14,14.5
2023-09-23,Ifan Rathbone-Jones,B Vignesh,NA,2173,FIDE,0,2073,12.28,0.31,14.5
2023-09-24,Ifan Rathbone-Jones,Elloan Ronny Santos Da Paz,NA,1621,EST,1,2075,13.18,0.9,15.5
2023-09-26,Ifan Rathbone-Jones,Juan Martin Ibarra,NA,2219,FIDE,0,2071,13.44,0.26,15.5
2023-09-27,Ifan Rathbone-Jones,Jamysson Bento De Paula Silva,NA,1618,FIDE,1,2072,14.34,0.9,16.5
2023-09-28,Ifan Rathbone-Jones,Dante M Beukes,NA,2239,FIDE,0,2069,14.58,0.24,16.5
2023-09-29,Ifan Rathbone-Jones,Christian Daniel Villarreal Hurtado,NA,1770,FIDE,0.5,2063,15.4,0.82,17
2023-09-30,Ifan Rathbone-Jones,Luis Alberto Acuna Ramirez,NA,1609,FIDE,0.5,2057,16.3,0.9,17.5
2023-10-01,Ifan Rathbone-Jones,Dario Rolandi Rodriguez,NA,1576,FIDE,0,2043,17.2,0.9,17.5
2023-11-18,Ifan Rathbone-Jones,Dominic V Gibbs,NA,1928,ENG,1,2048,17.85,0.65,18.5
2023-11-19,Ifan Rathbone-Jones,John Fletcher,e1 john fletcher,2057,E1,1,2057,18.32,0.47,19.5
2023-09-22,Steve Richards,Jeff Foy,NA,1398,ENG,0.5,1572,0.74,0.74,0.5
2023-09-23,Steve Richards,Stephen Williams,NA,1,N1,1,1572,1.74,1,1.5
2023-09-24,Steve Richards,Michael Harper,NA,1582,ENG,0.5,1572,2.24,0.5,2
2023-09-24,Steve Richards,James Weldon,NA,1469,ENG,1,1583,2.89,0.65,3
2023-10-10,Steve Richards,Paul Watson,NA,1763,ENG,1,1607,3.15,0.26,4
2023-10-24,Steve Richards,Jaiden Flannery,NA,1041,ENG,1,1610,4.05,0.9,5
2023-11-27,Steve Richards,Robert McClennan,NA,1613,EST,1,1628,4.5,0.45,6
2023-09-23,Matthew Russell,Patrick N Coleman,NA,1490,ENG,0,1337,0.31,0.31,0
2023-09-23,Matthew Russell,Stephen Garnett,NA,1071,ENG,0.5,1327,1.14,0.83,0.5
2023-09-24,Matthew Russell,Lee Spackman,NA,1443,ENG,0,1315,1.51,0.37,0.5
2023-09-24,Matthew Russell,Philip R Crew,NA,1314,ENG,1,1329,2.06,0.55,1.5
2023-11-13,Matthew Russell,Barrie Wells,n1 barrie wells,1661,N1,0,1325,2.2,0.14,1.5
2023-11-21,Matthew Russell,Richard House-Goodwin,n1 richard house-goodwin,1300,N1,1,1339,2.77,0.57,2.5
2023-12-11,Matthew Russell,David Fernandez-Arias,n1 david fernandez-arias,1445,N1,0.5,1343,3.13,0.36,3
2023-09-19,Paul Sadler,Angus Weir,n1 angus weir,1454,N1,0,1332,0.35,0.35,0
2023-09-26,Paul Sadler,Charles F Morris,n1 charles f morris,2165,N1,0,1329,0.45,0.1,0
2023-09-22,Paul Sadler,Bobby Murray,NA,1079,ENG,1,1334,1.27,0.82,1
2023-09-23,Paul Sadler,Rory Lynch,NA,1118,ENG,1,1341,2.06,0.79,2
2023-09-23,Paul Sadler,Geoff Graham,NA,2206,EST,0,1338,2.16,0.1,2
2023-09-24,Paul Sadler,Stephen Chadaway,NA,1586,ENG,0.5,1348,2.36,0.2,2.5
2023-09-24,Paul Sadler,David P Price,NA,1584,ENG,1,1373,2.56,0.2,3.5
2023-10-24,Paul Sadler,Sam Jones,NA,1309,ENG,1,1388,3.11,0.55,4.5
2023-11-07,Paul Sadler,Steve Williams,NA,1525,ENG,0,1380,3.37,0.26,4.5
2023-11-27,Paul Sadler,Nigel Rowe,NA,1563,EST,0,1373,3.59,0.22,4.5
2023-10-03,Frank Salt,Warren Bates,NA,937,ENG,1,1520,0.9,0.9,1
2023-11-13,John Shakespeare,Leo Fernandez-Arias,n1 leo fernandez-arias,1534,N1,1,2012,0.9,0.9,1
2023-12-04,John Shakespeare,Jay Drawbridge,n1 jay drawbridge,1704,N1,1,2014,1.75,0.85,2
2023-12-06,John Shakespeare,John Bowers,n1 john bowers,1811,N1,0.5,2010,2.51,0.76,2.5
2023-06-30,Gary Slegg,Ian Matthew,NA,1678,ENG,0.5,1493,0.25,0.25,0.5
2023-07-01,Gary Slegg,Timothy Woods,NA,1706,ENG,0,1486,0.47,0.22,0.5
2023-07-01,Gary Slegg,Elliott Barnett,NA,1699,ENG,0,1479,0.7,0.23,0.5
2023-07-02,Gary Slegg,Richard Fish,NA,1501,ENG,0.5,1480,1.18,0.48,1
2023-07-02,Gary Slegg,Peter Harrington,NA,1548,ENG,0.5,1482,1.59,0.41,1.5
2023-08-31,Gary Slegg,Julie van Kemenade,n1 julie van kemenade,1635,N1,0,1473,1.89,0.3,1.5
2023-09-07,Gary Slegg,Neil Stewart,NA,850,EST,1,1476,2.79,0.9,2.5
2023-09-08,Gary Slegg,Robert Docwra,NA,1685,ENG,0.5,1484,3.03,0.24,3
2023-09-09,Gary Slegg,David J Buckell,NA,1648,ENG,0.5,1491,3.31,0.28,3.5
2023-09-09,Gary Slegg,Neal Fisher,NA,1676,ENG,0,1483,3.56,0.25,3.5
2023-09-10,Gary Slegg,Adam Smith,NA,1623,ENG,1,1506,3.87,0.31,4.5
2023-09-10,Gary Slegg,Alec Grice,NA,1638,ENG,0.5,1512,4.16,0.29,5
2023-09-19,Gary Slegg,Paul Taylor,n1 paul taylor,1477,N1,1,1528,4.67,0.51,6
2023-09-22,Gary Slegg,Stephen Garnett,n1 stephen garnett,1065,N1,0.5,1515,5.57,0.9,6.5
2023-09-23,Gary Slegg,Susan F Parry,n1 susan f parry,1194,N1,1,1520,6.41,0.84,7.5
2023-09-23,Gary Slegg,Margaret Gretton,NA,1483,ENG,1,1536,6.91,0.5,8.5
2023-10-04,Gary Slegg,Ryan Barton,NA,1556,ENG,1,1555,7.31,0.4,9.5
2023-10-10,Gary Slegg,Stephen M Lloyd,NA,1723,ENG,0,1549,7.51,0.2,9.5
2023-10-12,Gary Slegg,Richard BE Bryant,NA,1837,ENG,0,1545,7.63,0.12,9.5
2023-10-21,Gary Slegg,Tom Vinall,NA,1199,ENG,1,1550,8.47,0.84,10.5
2023-10-21,Gary Slegg,Alistair Jennis,NA,1351,ENG,0.5,1544,9.15,0.68,11
2023-10-21,Gary Slegg,Sebastian Mokhber-Garcia,NA,1647,ENG,0.5,1551,9.43,0.28,11.5
2023-10-22,Gary Slegg,Nathaniel Butcher,NA,1518,ENG,0.5,1553,9.88,0.45,12
2023-10-22,Gary Slegg,Maya Keen,NA,1499,ENG,0.5,1553,10.36,0.48,12.5
2023-10-24,Gary Slegg,Stephen Garnett,n1 stephen garnett,1065,N1,1,1557,11.26,0.9,13.5
2023-10-31,Gary Slegg,Mark Burgess,NA,1412,ENG,1,1569,11.86,0.6,14.5
2023-11-07,Gary Slegg,David N Ashton,NA,1552,ENG,0,1556,12.26,0.4,14.5
2023-11-09,Gary Slegg,Marcus Atherton,NA,1461,ENG,1,1571,12.79,0.53,15.5
2023-11-13,Gary Slegg,Fred Bench,NA,1751,ENG,0.5,1581,12.97,0.18,16
2023-11-16,Gary Slegg,Glyn D Pugh,NA,1879,ENG,0,1578,13.07,0.1,16
2023-11-18,Gary Slegg,Dylan Mize,NA,1951,ENG,0.5,1591,13.17,0.1,16.5
2023-11-19,Gary Slegg,Paul Bloom,NA,1750,ENG,0.5,1601,13.35,0.18,17
2023-11-25,Gary Slegg,Paul Braithwaite,NA,1212,ENG,1,1607,14.18,0.83,18
2023-11-25,Gary Slegg,Nuvee Konara,NA,1195,ENG,1,1612,15.02,0.84,19
2023-11-25,Gary Slegg,Thomas Ewart,NA,1237,ENG,1,1618,15.83,0.81,20
2023-11-26,Gary Slegg,Susan Chadwick,NA,1554,ENG,0.5,1621,16.23,0.4,20.5
2023-11-26,Gary Slegg,Joshua Doyle,NA,1465,ENG,0.5,1620,16.76,0.53,21
2023-12-04,Gary Slegg,Felix Lefeuvre,NA,1413,ENG,1,1633,17.36,0.6,22
2023-12-05,Gary Slegg,Richard Dineley,n1 richard dineley,2315,N1,0,1630,17.46,0.1,22
2023-12-07,Gary Slegg,Gary M White,NA,1818,ENG,0,1626,17.59,0.13,22
2023-12-08,Gary Slegg,David Kilmartin,NA,1503,ENG,0.5,1627,18.06,0.47,22.5
2023-12-09,Gary Slegg,Jeff Wilson,NA,1488,ENG,1,1643,18.56,0.5,23.5
2023-12-09,Gary Slegg,Paul Robert Jackson,NA,1579,ENG,0.5,1647,18.93,0.37,24
2023-12-10,Gary Slegg,David Sherman,NA,1409,ENG,1,1660,19.54,0.61,25
2023-12-10,Gary Slegg,Adam Bleakley,NA,1514,ENG,0,1645,20,0.46,25
2023-12-12,Gary Slegg,Barrie Wells,n1 barrie wells,1661,N1,0,1636,20.27,0.27,25
2023-12-14,Gary Slegg,Graham Shepherd,NA,1579,ENG,0.5,1641,20.64,0.37,25.5
2023-09-12,Timothy J Soar,Ray J Holland,n1 ray j holland,1822,N1,0,1665,0.3,0.3,0
2023-09-27,Timothy J Soar,James Babington,n1 james babington,1574,N1,1,1674,0.94,0.64,1
2023-10-17,Timothy J Soar,Robert G Clark,n1 robert g clark,2010,N1,0,1671,1.07,0.13,1
2023-10-31,Timothy J Soar,Ethan Challoner,n1 ethan challoner,1644,N1,1,1682,1.61,0.54,2
2023-10-09,John E Syner,Colin P Garwood,NA,2177,ENG,1,2017,0.26,0.26,1
2023-10-23,John E Syner,Gagan Bablu,NA,1885,ENG,0,2001,0.92,0.66,1
2023-10-28,John E Syner,Andrew Robbings,NA,1984,ENG,0.5,2000,1.44,0.52,1.5
2023-11-15,John E Syner,Andre P Smith,NA,2192,ENG,0,1994,1.69,0.25,1.5
2023-11-20,John E Syner,Peter J Colwill,NA,1778,ENG,1,2000,2.47,0.78,2.5
2023-09-23,Reuben Tarjanyi,Leo Fernandez-Arias,n1 leo fernandez-arias,1534,N1,0,1364,0.28,0.28,0
2023-09-23,Reuben Tarjanyi,Catriona Coutts,n1 catriona coutts,1538,N1,0,1355,0.56,0.28,0
2023-09-24,Reuben Tarjanyi,Jaiden Flannery,NA,1041,ENG,1,1359,1.43,0.87,1
2023-09-24,Reuben Tarjanyi,Stephen Garnett,n1 stephen garnett,1065,N1,1,1364,2.28,0.85,2
2023-11-06,Reuben Tarjanyi,Joshua Mullineux,n1 joshua mullineux,1558,N1,0,1356,2.54,0.26,2
2023-11-27,Reuben Tarjanyi,Vladyslav Kulikov,n1 vladyslav kulikov,1410,N1,1,1373,2.99,0.45,3
2023-09-19,Paul Taylor,Gary Slegg,n1 gary slegg,1485,N1,0,1461,0.49,0.49,0
2023-10-03,Paul Taylor,Ian Clayton,NA,1397,ENG,0.5,1458,1.1,0.61,0.5
2023-10-09,Paul Taylor,Darren Birch,NA,1460,ENG,1,1473,1.62,0.52,1.5
2023-07-06,Gary Thomas,Tamas Molnar-Saska,NA,1401,FIDE,1,1833,0.9,0.9,1
2023-07-07,Gary Thomas,Ferenc Lippert,NA,1547,FIDE,0.5,1825,1.74,0.84,1.5
2023-07-07,Gary Thomas,Levente Laszlo Nagy,NA,1512,EST,1,1829,2.6,0.86,2.5
2023-07-08,Gary Thomas,Andras Horvath,NA,1541,FIDE,0.5,1820,3.44,0.84,3
2023-07-08,Gary Thomas,Nicola Dal Bianco,NA,1552,FIDE,1,1824,4.27,0.83,4
2023-07-09,Gary Thomas,Laszlo Piskoti,NA,1532,FIDE,1,1828,5.12,0.85,5
2023-07-09,Gary Thomas,Oscar Sass,NA,1617,FIDE,1,1833,5.89,0.77,6
2023-07-21,Gary Thomas,Gurveen Kapoor,NA,1918,ENG,0,1824,6.27,0.38,6
2023-07-22,Gary Thomas,Mike Hollyman,e1 mike hollyman,1746,E1,1,1834,6.89,0.62,7
2023-07-22,Gary Thomas,Joe Hirst,NA,1902,ENG,0,1824,7.29,0.4,7
2023-07-23,Gary Thomas,Stephen Holmes,NA,1307,ENG,1,1826,8.19,0.9,8
2023-07-24,Gary Thomas,Mohammed Khan,NA,1873,ENG,0.5,1828,8.63,0.44,8.5
2023-09-01,Gary Thomas,Bence Peter Szabo,NA,1336,FIDE,1,1830,9.53,0.9,9.5
2023-09-02,Gary Thomas,Zente Peter Morvai,NA,1363,EST,1,1833,10.43,0.9,10.5
2023-09-02,Gary Thomas,Peter Gubics,NA,1960,FIDE,0,1825,10.75,0.32,10.5
2023-09-02,Gary Thomas,Barnabas Hugyecz,NA,1542,FIDE,1,1829,11.59,0.84,11.5
2023-09-03,Gary Thomas,Benjamin Giles,NA,1737,FIDE,1,1838,12.22,0.63,12.5
2023-09-03,Gary Thomas,Laszlo Salamon,NA,1726,FIDE,0.5,1834,12.87,0.65,13
2023-09-19,Gary Thomas,Boro Miljanic,NA,2331,FIDE,0,1832,12.97,0.1,13
2023-09-21,Gary Thomas,Anthony Stebbings,NA,2239,ENG,0,1829,13.07,0.1,13
2023-09-22,Gary Thomas,Lan Zhao,NA,2176,FIDE,0,1826,13.19,0.12,13
2023-09-23,Gary Thomas,Mauro Barboza,NA,1777,FIDE,0,1812,13.77,0.58,13
2023-09-24,Gary Thomas,Suresh Jhunjhnuwala,NA,1850,FIDE,1,1825,14.24,0.47,14
2023-09-26,Gary Thomas,Blazhe Atanasovski,NA,1663,FIDE,1,1832,14.96,0.72,15
2023-09-27,Gary Thomas,Pawel Flis,NA,1948,FIDE,0.5,1836,15.3,0.34,15.5
2023-09-28,Gary Thomas,Ian Aird,NA,1736,SCO,0.5,1832,15.93,0.63,16
2023-10-03,Mark Thomas (N),Colin White,NA,1665,ENG,0.5,1700,0.55,0.55,0.5
2023-10-24,Mark Thomas (N),David Ashton,NA,1607,ENG,0.5,1697,1.18,0.63,1
2023-11-08,Mark Thomas (N),Barrie Wells,n1 barrie wells,1661,N1,0,1683,1.74,0.56,1
2023-11-29,Mark Thomas (N),Shion Rowlands,NA,1656,ENG,0.5,1682,2.3,0.56,1.5
2023-08-04,Julie van Kemenade,Andrew Stoker,NA,1986,ENG,0,1632,0.12,0.12,0
2023-08-05,Julie van Kemenade,Jonathan A Day,NA,1898,ENG,0,1628,0.3,0.18,0
2023-08-05,Julie van Kemenade,Simon Layhe,NA,1934,ENG,0,1624,0.45,0.15,0
2023-08-06,Julie van Kemenade,James Rothwell,NA,1918,ENG,0,1620,0.61,0.16,0
2023-08-31,Julie van Kemenade,Gary Slegg,n1 gary slegg,1485,N1,1,1627,1.31,0.7,1
2023-09-14,Julie van Kemenade,Paul Wise,NA,1487,ENG,1,1635,2.01,0.7,2
2023-09-08,Julie van Kemenade,Richard Miles,g1 richard miles,1971,G1,0,1632,2.14,0.13,2
2023-09-09,Julie van Kemenade,Richard Batey,g1 richard batey,1891,G1,0.5,1639,2.33,0.19,2.5
2023-09-09,Julie van Kemenade,David Morgan,NA,1683,ENG,1,1653,2.76,0.43,3.5
2023-09-10,Julie van Kemenade,Lee Davis,e1 lee davis,1928,E1,0.5,1661,2.92,0.16,4
2023-09-10,Julie van Kemenade,Mark Adams,g1 mark adams,1989,G1,0,1658,3.04,0.12,4
2023-09-27,Julie van Kemenade,Richard Szwajkun,NA,1713,ENG,0,1649,3.43,0.39,4
2023-10-12,Julie van Kemenade,Charles Higgie,n1 charles higgie,1968,N1,0,1646,3.56,0.13,4
2023-10-28,Julie van Kemenade,Joe Varley,NA,2133,ENG,0,1643,3.66,0.1,4
2023-10-28,Julie van Kemenade,Rangarirai Ernest Karumazondo,NA,2086,ENG,0.5,1653,3.76,0.1,4.5
2023-10-29,Julie van Kemenade,Bryan D Harkness,NA,2040,ENG,0.5,1663,3.86,0.1,5
2023-10-29,Julie van Kemenade,Mark W Rogerson,NA,2113,ENG,0,1660,3.96,0.1,5
2023-11-07,Julie van Kemenade,Christopher D Lewis,NA,1930,ENG,0,1656,4.11,0.15,5
2023-11-11,Julie van Kemenade,Adrian M S Matthews,NA,1847,ENG,0.5,1663,4.34,0.23,5.5
2023-11-12,Julie van Kemenade,D Ian W Reynolds,NA,1913,ENG,0,1659,4.51,0.17,5.5
2023-12-07,Julie van Kemenade,Steve Tarr,NA,1777,ENG,0,1652,4.82,0.31,5.5
2023-12-11,Julie van Kemenade,James Holyhead,NA,1695,ENG,1,1666,5.23,0.41,6.5
2023-12-14,Julie van Kemenade,Steve Tarr,NA,1777,ENG,0.5,1670,5.54,0.31,7
2023-07-12,Rudy van Kemenade,Nikolay A Legky,NA,2360,FIDE,0,1990,0.11,0.11,0
2023-07-13,Rudy van Kemenade,Brigitte Burchardt,NA,2142,FIDE,0,1983,0.41,0.3,0
2023-07-14,Rudy van Kemenade,Stephen Orton,NA,2147,ENG,0,1976,0.7,0.29,0
2023-07-15,Rudy van Kemenade,Stjepan Vadlja,NA,1629,FIDE,1,1979,1.59,0.89,1
2023-07-16,Rudy van Kemenade,Richard CP Freeman,NA,1974,ENG,0.5,1978,2.12,0.53,1.5
2023-07-17,Rudy van Kemenade,Mogens Thuesen,NA,2094,FIDE,0,1970,2.48,0.36,1.5
2023-07-18,Rudy van Kemenade,Ryszard Grossmann,NA,1904,FIDE,1,1979,3.11,0.63,2.5
2023-07-19,Rudy van Kemenade,Peter Jorgen Dam Mikkelsen,NA,2116,FIDE,0,1971,3.44,0.33,2.5
2023-07-20,Rudy van Kemenade,Nils-Gustaf Renman,NA,2330,FIDE,0.5,1980,3.57,0.13,3
2023-08-04,Rudy van Kemenade,Keatan Patel,NA,1713,ENG,0,1960,4.4,0.83,3
2023-08-05,Rudy van Kemenade,James Rothwell,NA,1918,ENG,0.5,1957,5.01,0.61,3.5
2023-08-05,Rudy van Kemenade,Daniel Holden,NA,1952,ENG,0,1944,5.57,0.56,3.5
2023-08-06,Rudy van Kemenade,Chris Sykes,NA,1989,ENG,0,1932,6.08,0.51,3.5
2023-08-06,Rudy van Kemenade,Julie van Kemenade,NA,4.5,ENG,1,1932,7.08,1,4.5
2023-08-31,Rudy van Kemenade,Charles Higgie,n1 charles higgie,1968,N1,0,1919,7.62,0.54,4.5
2023-09-07,Rudy van Kemenade,Stephen Tulett,NA,1412,ENG,1,1921,8.52,0.9,5.5
2023-09-08,Rudy van Kemenade,Roy Thomas,e1 roy thomas,1743,E1,1,1926,9.33,0.81,6.5
2023-09-09,Rudy van Kemenade,Gwyn Havard,e1 gwyn havard,1855,E1,0.5,1921,10.02,0.69,7
2023-09-09,Rudy van Kemenade,Mark Adams,g1 mark adams,1989,G1,1,1933,10.53,0.51,8
2023-09-10,Rudy van Kemenade,Anthony Hughes,g1 anthony hughes,1875,G1,1,1941,11.19,0.66,9
2023-09-10,Rudy van Kemenade,Mark Thomas,w1 mark thomas,1802,W1,0.5,1935,11.94,0.75,9.5
2023-09-27,Rudy van Kemenade,Mark Keady,NA,1942,ENG,0,1921,12.51,0.57,9.5
2023-10-12,Rudy van Kemenade,Al Grocott-James,NA,1800,EST,1,1927,13.26,0.75,10.5
2023-10-27,Rudy van Kemenade,Sarah N Longson,NA,2126,ENG,0.5,1932,13.58,0.32,11
2023-10-28,Rudy van Kemenade,David Wise,NA,2053,ENG,1,1946,13.99,0.41,12
2023-10-28,Rudy van Kemenade,Stuart A White,NA,2146,ENG,0,1939,14.28,0.29,12
2023-10-29,Rudy van Kemenade,Luke Gostelow,NA,2052,ENG,1,1953,14.7,0.42,13
2023-10-29,Rudy van Kemenade,Balahari Bharat Kumar,NA,2120,ENG,0.5,1957,15.02,0.32,13.5
2023-11-09,Rudy van Kemenade,Peter S Fisher,n1 peter s fisher,1702,N1,0,1937,15.86,0.84,13.5
2023-11-11,Rudy van Kemenade,Paul F Habershon,NA,1964,ENG,0,1924,16.4,0.54,13.5
2023-11-12,Rudy van Kemenade,D Ian Calvert,NA,2017,ENG,0.5,1925,16.87,0.47,14
2023-11-16,Rudy van Kemenade,Daniel Hilditch-Love,NA,1902,ENG,0,1909,17.5,0.63,14
2023-11-23,Rudy van Kemenade,Richard G Thompson,NA,1578,ENG,1,1912,18.4,0.9,15
2023-11-26,Rudy van Kemenade,William Phillips,g1 william phillips,1789,G1,1,1918,19.16,0.76,16
2023-12-11,Rudy van Kemenade,Matthew Clark,NA,1809,ENG,1,1924,19.9,0.74,17
2023-12-14,Rudy van Kemenade,Andrew Grillage,NA,1996,ENG,0,1912,20.4,0.5,17
2023-09-19,Angus Weir,Paul Sadler,n1 paul sadler,1343,N1,1,1465,0.65,0.65,1
2023-10-24,Angus Weir,Dave Littlemore,NA,1442,ENG,1,1481,1.17,0.52,2
2023-11-15,Angus Weir,Patrick A Ridley,NA,1487,EST,0,1466,1.62,0.45,2
2023-09-12,Barrie Wells,Peter S Fisher,n1 peter s fisher,1702,N1,0,1650,0.44,0.44,0
2023-09-23,Barrie Wells,Karl Lockett,NA,1806,ENG,1,1667,0.74,0.3,1
2023-09-23,Barrie Wells,Michael I Connor,NA,1734,ENG,0.5,1670,1.14,0.4,1.5
2023-09-24,Barrie Wells,Haydn Parry,n1 haydn parry,1747,N1,0,1661,1.52,0.38,1.5
2023-09-24,Barrie Wells,Ray Williams,NA,1687,ENG,0,1649,1.98,0.46,1.5
2023-10-17,Barrie Wells,John Gorman,NA,1870,ENG,1,1668,2.21,0.23,2.5
2023-10-24,Barrie Wells,Stephen M Lloyd,NA,1723,ENG,1,1682,2.62,0.41,3.5
2023-11-08,Barrie Wells,Mark Thomas (N),n1 mark thomas (n),1701,N1,1,1695,3.06,0.44,4.5
2023-11-13,Barrie Wells,Matthew Russell,n1 matthew russell,1347,N1,1,1699,3.92,0.86,5.5
2023-12-05,Barrie Wells,Steve Lloyd,NA,1704,ENG,1,1712,4.36,0.44,6.5
2023-12-12,Barrie Wells,Gary Slegg,n1 gary slegg,1485,N1,1,1719,5.09,0.73,7.5
2023-12-19,Barrie Wells,John Bowers,n1 john bowers,1811,N1,1,1736,5.39,0.3,8.5
2023-09-27,Michael Whale,Chris Grier,n1 chris grier,1746,N1,1,1746,0.48,0.48,1
2023-10-31,Michael Whale,David Stuttard,NA,1741,ENG,0,1735,0.97,0.49,1
2023-12-05,Michael Whale,John Harvey,NA,1838,ENG,0,1726,1.32,0.35,1
2023-12-11,Michael Whale,Joshua Mullineux,n1 joshua mullineux,1558,N1,0,1709,2.05,0.73,1
2023-12-19,Michael Whale,David Fernandez-Arias,n1 david fernandez-arias,1445,N1,1,1712,2.89,0.84,2
2023-05-02,Will G Williams,Chris Doran,NA,2004,ENG,0,1813,0.26,0.26,0
2023-09-12,Will G Williams,Charles F Morris,n1 charles f morris,2165,N1,1,1834,0.38,0.12,1
2023-09-27,Will G Williams,Gareth Ellis,n1 gareth ellis,1828,N1,0,1822,0.87,0.49,1
2023-10-31,Will G Williams,Chris Doran,NA,2048,ENG,0,1817,1.08,0.21,1
2023-12-05,Will G Williams,Colm Buckley,NA,2010,ENG,0,1811,1.33,0.25,1
2023-09-22,Adam Williams,Ingmar So,NA,1436,ENG,0,1291,0.31,0.31,0
2023-09-23,Adam Williams,Daniel Altmann,NA,1624,ENG,0,1287,0.44,0.13,0
2023-11-13,Adam Williams,Gary Fox,n1 gary fox,1526,N1,0,1280,0.65,0.21,0
2023-12-19,Adam Williams,Evie Harries-Jackson,n1 evie harries-jackson,1454,N1,1,1302,0.94,0.29,1
2023-06-30,Stephen Williams (Tre),Paul Jackson,NA,1563,ENG,1,1678,0.65,0.65,1
2023-07-01,Stephen Williams (Tre),James Clark,NA,1620,ENG,1,1689,1.22,0.57,2
2023-07-01,Stephen Williams (Tre),Lukasz Michalek,NA,1690,ENG,1,1701,1.69,0.47,3
2023-07-02,Stephen Williams (Tre),Peter Mellor,NA,1668,ENG,1,1713,2.19,0.5,4
2023-07-02,Stephen Williams (Tre),Julian Hawthorne,NA,1658,ENG,0.5,1713,2.71,0.52,4.5
2023-09-22,Stephen Williams (Tre),Lawrence Harold,NA,1430,ENG,1,1718,3.51,0.8,5.5
2023-09-23,Stephen Williams (Tre),Chris Lysons,NA,1007,EST,0,1696,4.41,0.9,5.5
2023-09-24,Stephen Williams (Tre),Philip Crew,NA,1314,ENG,1,1699,5.3,0.89,6.5
2023-09-24,Stephen Williams (Tre),Lee Spackman,NA,1443,ENG,0,1680,6.09,0.79,6.5
2023-10-07,Stephen Williams (Tre),Ben Thomas,e1 ben thomas,2011,E1,0,1677,6.21,0.12,6.5
2023-10-07,Stephen Williams (Tre),Bronwen Tuson,d1 bronwen tuson,1100,D1,1,1679,7.11,0.9,7.5
2023-10-08,Stephen Williams (Tre),Ellis Jones,e1 ellis jones,884,E1,1,1682,8.01,0.9,8.5
2023-10-08,Stephen Williams (Tre),Dominic V Gibbs,NA,1,N1,0.5,1670,9.01,1,9
2023-11-04,Stephen Williams (Tre),Pete Meadows,NA,1797,ENG,0,1662,9.33,0.32,9
2023-11-04,Stephen Williams (Tre),Chris Carpenter,NA,1592,ENG,0.5,1659,9.94,0.61,9.5
2023-11-04,Stephen Williams (Tre),Joshua Seet,NA,1735,ENG,0,1650,10.35,0.41,9.5
2023-11-28,Stephen Williams (Tre),Richard Doble,NA,1505,EST,0,1632,11.07,0.72,9.5
2023-09-19,Sven Zeidler,Nebojsa Nikcevic,NA,2358,FIDE,0,2151,0.24,0.24,0
2023-09-20,Sven Zeidler,Mare Krstevska,NA,1598,FIDE,1,2153,1.14,0.9,1
2023-09-21,Sven Zeidler,Stephen Dishman,NA,2207,ENG,1,2162,1.57,0.43,2
2023-09-22,Sven Zeidler,Shilan Liu,NA,2083,FIDE,0.5,2160,2.17,0.6,2.5
2023-09-23,Sven Zeidler,Jorge Braso,NA,2058,FIDE,1,2166,2.81,0.64,3.5
2023-09-24,Sven Zeidler,Krishan Jhunjhnuwala,NA,2290,FIDE,0.5,2169,3.12,0.31,4
2023-09-26,Sven Zeidler,Zarko Selkovski,NA,1918,FIDE,1,2172,3.92,0.8,5
2023-09-28,Sven Zeidler,Raj Bhopal,NA,2039,SCO,1,2178,4.58,0.66,6
