GameNo,Date,Player1,Player2,OppKey,OppRating_Display,RatingType,Result,New,Tot,Exp,Pts
1,2015-07-13,Aishwarya Lutchman Singh,Hiya Ray,255,1309,E1,1,1572,0.82,0.82,1
2,2015-07-14,Aishwarya Lutchman Singh,Mark Emblem,NA,1477,G1,1,1584,1.44,0.62,2
3,2015-07-15,Aishwarya Lutchman Singh,Alex Freeland,102,2086,E1,0,1581,1.54,0.1,2
4,2015-07-15,Aishwarya Lutchman Singh,Dai James,147,1908,E1,0,1577,1.65,0.11,2
5,2015-07-16,Aishwarya Lutchman Singh,Thomas McLaren,NA,1706,ECF,0,1567,1.96,0.31,2
6,2015-07-17,Aishwarya Lutchman Singh,John Cox,55,1467,E1,1,1579,2.6,0.64,3
7,2015-07-20,Aishwarya Lutchman Singh,Muhtarim Haque,NA,1482,ICU,0,1559,3.22,0.62,3
8,2015-07-20,Aishwarya Lutchman Singh,Oliver Howell,NA,1722,ECF,0,1550,3.51,0.29,3
9,2015-07-21,Aishwarya Lutchman Singh,Jake Sanger,NA,1438,SCO,0,1528,4.18,0.67,3
10,2015-07-21,Aishwarya Lutchman Singh,Oliver Howell,NA,1722,ECF,1,1551,4.47,0.29,4
11,2015-07-22,Aishwarya Lutchman Singh,Muhtarim Haque,NA,1482,ICU,1,1563,5.09,0.62,5
12,2015-07-22,Aishwarya Lutchman Singh,Jake Sanger,NA,1438,SCO,0,1542,5.76,0.67,5
13,2015-08-02,Aishwarya Lutchman Singh,Laura Davidson,NA,1746,ECF,0,1533,6.02,0.26,5
14,2015-08-02,Aishwarya Lutchman Singh,George Harman,NA,1658,ECF,1,1554,6.39,0.37,6
15,2015-08-03,Aishwarya Lutchman Singh,Abhishek Thakar,NA,1554,ECF,0,1537,6.91,0.52,6
16,2015-08-04,Aishwarya Lutchman Singh,Emmanuelle Gelain-Sohn,NA,1714,ECF,0,1527,7.21,0.3,6
17,2015-08-05,Aishwarya Lutchman Singh,Arushi Ramaiya,NA,1594,ECF,1,1545,7.67,0.46,7
18,2015-08-06,Aishwarya Lutchman Singh,Jem Gurner,NA,1842,ECF,0,1539,7.83,0.16,7
19,2015-08-07,Aishwarya Lutchman Singh,Elias Gelain-Sohn,NA,1618,ECF,0.5,1542,8.26,0.43,7.5
20,2015-08-28,Aishwarya Lutchman Singh,Stephen Bonutto,22,1193,E1,0,1513,9.16,0.9,7.5
21,2015-08-29,Aishwarya Lutchman Singh,Madelaine Smith,NA,1109,G1,1,1516,10.06,0.9,8.5
22,2015-08-29,Aishwarya Lutchman Singh,Emily Wang,327,1246,E1,1,1520,10.93,0.87,9.5
23,2015-08-30,Aishwarya Lutchman Singh,Rolandas Puras,NA,1299,G1,1,1526,11.76,0.83,10.5
24,2015-08-31,Aishwarya Lutchman Singh,Stephen Williams,NA,1694,G1,0,1515,12.09,0.33,10.5
25,2015-08-31,Aishwarya Lutchman Singh,Susanna Fraser,101,1493,E1,0,1496,12.69,0.6,10.5
26,2015-09-21,Aishwarya Lutchman Singh,Duncan MacDonald,192,1378,E1,1,1507,0.66,0.66,1
27,2015-10-05,Aishwarya Lutchman Singh,Matthew Lunnon,187,1541,E1,0.5,1509,1.1,0.44,1.5
28,2015-10-19,Aishwarya Lutchman Singh,Gruff Jones,156,1621,E1,0,1498,1.43,0.33,1.5
29,2015-10-26,Aishwarya Lutchman Singh,Neya Govindaraj,110,1373,E2,0,1477,2.1,0.67,1.5
30,2015-10-27,Aishwarya Lutchman Singh,Darina Baidlinova,NA,1581,PR,0.5,1481,2.48,0.38,2
31,2015-10-28,Aishwarya Lutchman Singh,Susanna Fraser,101,1441,E2,0.5,1478,3.06,0.58,2.5
32,2015-10-29,Aishwarya Lutchman Singh,Ramona Golsta,NA,1399,Fide,0,1458,3.69,0.63,2.5
33,2015-10-30,Aishwarya Lutchman Singh,Veronika Kostina,NA,1347,PR,0,1436,4.39,0.7,2.5
34,2015-10-31,Aishwarya Lutchman Singh,Sarabella Norlamo,NA,1423,PR,0,1416,4.99,0.6,2.5
35,2015-11-01,Aishwarya Lutchman Singh,Risa Lee Azim,NA,1154,Est,1,1420,5.88,0.89,3.5
36,2015-11-02,Aishwarya Lutchman Singh,Katrina Wong,NA,1809,USCF,0,1416,6.01,0.13,3.5
37,2015-11-03,Aishwarya Lutchman Singh,Hiya Ghosh,NA,1785,Fide,0,1411,6.16,0.15,3.5
38,2015-11-04,Aishwarya Lutchman Singh,Emily Wang,327,1246,E1,1,1417,6.97,0.81,4.5
39,2015-11-05,Aishwarya Lutchman Singh,Sindhuja Dasari,NA,1330,USCF,0,1394,7.69,0.72,4.5
40,2015-11-22,Aishwarya Lutchman Singh,Albert Easton,NA,1522,W1,0.5,1395,8.15,0.46,5
41,2015-11-22,Aishwarya Lutchman Singh,Stephen Bonutto,22,1326,E2,1,1404,8.88,0.73,6
42,2015-11-23,Aishwarya Lutchman Singh,Daniel Griffiths,117,1389,E1,0.5,1399,9.53,0.65,6.5
43,2015-12-07,Aishwarya Lutchman Singh,Steve Herkes,127,1547,E1,0.5,1401,9.96,0.43,7
44,2015-12-15,Aishwarya Lutchman Singh,Liam Penny,238,1603,E1,0,1390,10.31,0.35,7
1,2015-09-21,Alan MacDonald,Richard Hine,128,850,E1,0,834,0.5,0.5,0
2,2015-11-16,Alan MacDonald,Stephen Bonutto,22,1326,E2,0,831,0.6,0.1,0
1,2015-09-02,Alan Spice,Peter Quinn,250,1895,E1,0,2032,0.7,0.7,0
2,2015-09-16,Alan Spice,Derek Jones,153,1961,E1,1,2038,1.31,0.61,1
3,2015-09-30,Alan Spice,Peter Heaven,125,2144,E1,1,2048,1.67,0.36,2
4,2015-10-05,Alan Spice,Matthew Parry,231,1990,E1,0.5,2047,2.24,0.57,2.5
5,2015-10-21,Alan Spice,Chris Peters,240,1621,E1,1,2049,3.14,0.9,3.5
6,2015-11-01,Alan Spice,Robert Taylor,NA,1988,G2,0,2039,3.72,0.58,3.5
7,2015-11-02,Alan Spice,Jonathan Gilbert,NA,2074,G1,1,2048,4.18,0.46,4.5
8,2015-11-11,Alan Spice,Russell Dodington,87,1778,E1,1,2051,5.01,0.83,5.5
9,2015-11-23,Alan Spice,Matthew Davies,NA,2017,W1,0.5,2050,5.55,0.54,6
10,2015-12-16,Alan Spice,Roger Phillips,242,1520,E1,1,2052,6.45,0.9,7
1,2015-07-11,Alex Bullen,John Cox,55,1467,,1,2106,0.9,0.9,1
2,2015-07-11,Alex Bullen,Sabrina L Chevannes,NA,2242,WIM,0.5,2109,1.21,0.31,1.5
3,2015-07-12,Alex Bullen,Alex Freeland,102,2086,,1,2116,1.74,0.53,2.5
4,2015-07-13,Alex Bullen,Keith C Arkell,NA,2502,GM,0.5,2123,1.84,0.1,3
5,2015-07-13,Alex Bullen,Eu Wen Aron The,NA,2321,FM,0,2119,2.06,0.22,3
6,2015-07-14,Alex Bullen,Dai James,147,1908,,1,2123,2.82,0.76,4
7,2015-07-15,Alex Bullen,Winston Williams,NA,2098,CM,0,2115,3.33,0.51,4
8,2015-07-15,Alex Bullen,Tom Brown,29,2142,,0.5,2116,3.78,0.45,4.5
9,2015-07-16,Alex Bullen,Ali Reza Jaunooby,NA,2266,,0,2111,4.06,0.28,4.5
10,2015-07-17,Alex Bullen,Roy Thomas,305,1697,,1,2113,4.96,0.9,5.5
11,2015-07-27,Alex Bullen,Holden Davis,NA,1978,,1,2118,5.63,0.67,6.5
12,2015-07-27,Alex Bullen,Richard Hanscombe,NA,1986,,1,2123,6.29,0.66,7.5
13,2015-07-28,Alex Bullen,Ali R Jaunooby,NA,2266,,0.5,2127,6.57,0.28,8
14,2015-07-28,Alex Bullen,Phillip J Crocker,NA,2216,,0,2121,6.92,0.35,8
15,2015-07-29,Alex Bullen,Chris Jones,NA,2114,,0.5,2121,7.41,0.49,8.5
16,2015-07-29,Alex Bullen,Jim W R Nicholson,NA,2042,,0,2112,8,0.59,8.5
17,2015-07-30,Alex Bullen,Oliver Gill,NA,2146,,0.5,2113,8.44,0.44,9
18,2015-07-30,Alex Bullen,Rohan Bansal,NA,2122,,0.5,2113,8.91,0.47,9.5
19,2015-07-31,Alex Bullen,Joshua Pink,NA,2018,,1,2120,9.53,0.62,10.5
20,2015-07-31,Alex Bullen,Reinhard Schmerwitz,NA,1829,,1,2122,10.36,0.83,11.5
21,2015-08-01,Alex Bullen,Tamas Jr. Fodor,NA,2491,GM,0,2121,10.46,0.1,11.5
22,2015-08-03,Alex Bullen,Guy J Batchelor,NA,2058,,1,2128,11.02,0.56,12.5
23,2015-08-03,Alex Bullen,Max French,NA,1938,,1,2132,11.74,0.72,13.5
24,2015-08-04,Alex Bullen,Oliver A Jackson,NA,2106,,0.5,2132,12.24,0.5,14
25,2015-08-04,Alex Bullen,Timothy Foster,NA,1922,,1,2136,12.98,0.74,15
26,2015-08-05,Alex Bullen,Nathan L Talbot,NA,2114,,1,2144,13.47,0.49,16
27,2015-08-05,Alex Bullen,phillip J Crocker,NA,2216,,0,2139,13.82,0.35,16
28,2015-08-06,Alex Bullen,James Moreby,NA,2074,,1,2146,14.36,0.54,17
29,2015-08-06,Alex Bullen,Daniel GH Gallagher,NA,2074,,0.5,2146,14.9,0.54,17.5
30,2015-08-07,Alex Bullen,Alex Rossiter,NA,1970,,0,2135,15.58,0.68,17.5
31,2015-08-07,Alex Bullen,Joshua Pink,NA,2018,,1,2141,16.2,0.62,18.5
32,2015-08-28,Alex Bullen,Roy Thomas,305,1697,,0,2127,0.9,0.9,0
33,2015-08-28,Alex Bullen,Guy Wagner,322,1833,,1,2129,1.76,0.86,1
34,2015-08-29,Alex Bullen,Nicholas Evans,NA,1992,,0.5,2126,2.46,0.7,1.5
35,2015-08-30,Alex Bullen,Venetia Sivarajasingam,279,1760,,1,2127,3.36,0.9,2.5
36,2015-08-30,Alex Bullen,Joe Fathallah,96,2059,,0.5,2125,3.97,0.61,3
37,2015-08-31,Alex Bullen,David Buttell,NA,1881,,1,2128,4.79,0.82,4
38,2015-09-02,Alex Bullen,Walter Braun,25,2244,FM,1,2139,5.15,0.36,5
39,2015-09-08,Alex Bullen,Joe Fathallah,96,2059,,0,2129,5.76,0.61,5
40,2015-09-16,Alex Bullen,Steve Curtis,62,2032,,1,2134,6.41,0.65,6
41,2015-09-21,Alex Bullen,Dai James,147,1908,,0.5,2130,7.21,0.8,6.5
42,2015-09-28,Alex Bullen,Jonathan Melsom,NA,1906,,1,2133,8.01,0.8,7.5
43,2015-10-10,Alex Bullen,Andrew C Cooper,NA,2066,,0.5,2131,8.61,0.6,8
44,2015-10-19,Alex Bullen,Peter Hunt,NA,2010,,1,2136,9.29,0.68,9
45,2015-11-14,Alex Bullen,Rudy van Kemenade,NA,2026,,0,2126,9.95,0.66,9
46,2015-11-15,Alex Bullen,Peter Jaszkiwskyj,NA,2026,,0.5,2123,10.61,0.66,9.5
47,2015-11-18,Alex Bullen,Peter Forrest,NA,1874,,1,2126,11.44,0.83,10.5
48,2015-11-23,Alex Bullen,John Syner,NA,2050,,1,2132,12.07,0.63,11.5
49,2015-11-30,Alex Bullen,Calum Harris,123,1863,,1,2134,12.91,0.84,12.5
50,2015-12-04,Alex Bullen,Alexander Cherniaev,NA,2411,GM,0,2132,13.08,0.17,12.5
51,2015-12-05,Alex Bullen,Dominic Klingher,NA,2034,,0,2121,13.73,0.65,12.5
52,2015-12-05,Alex Bullen,Korede Ettu,NA,1922,,1,2125,14.51,0.78,13.5
53,2015-12-06,Alex Bullen,Paul Barasi,NA,1986,,1,2129,15.22,0.71,14.5
54,2015-12-07,Alex Bullen,Yi Liu,NA,2306,FM,0.5,2133,15.5,0.28,15
55,2015-12-08,Alex Bullen,Paulius Juknis,NA,2192,,0.5,2134,15.93,0.43,15.5
56,2015-12-09,Alex Bullen,Martinez Fernando Semprun,NA,2200,,1,2143,16.35,0.42,16.5
57,2015-12-10,Alex Bullen,Axel Stephan,NA,2222,,0,2137,16.74,0.39,16.5
58,2015-12-11,Alex Bullen,Edmund Player,NA,2186,,0,2130,17.18,0.44,16.5
1,2015-07-11,Alex Freeland,Stephen Bonutto,22,1193,,1,2088,0.9,0.9,1
2,2015-07-11,Alex Freeland,Jesper Morch Lauridsen,NA,2316,FM,0.5,2092,1.11,0.21,1.5
3,2015-07-12,Alex Freeland,Alex Bullen,31,2104,,0,2085,1.58,0.47,1.5
4,2015-07-13,Alex Freeland,Alan Young,NA,2108,,0,2077,2.05,0.47,1.5
5,2015-07-13,Alex Freeland,Thomas Thorpe,NA,2053,,0.5,2076,2.6,0.55,2
6,2015-07-14,Alex Freeland,Paul Orton,NA,1680,,1,2078,3.5,0.9,3
7,2015-07-15,Alex Freeland,Aishwarya Lutchman Singh,188,1566,,1,2080,4.4,0.9,4
8,2015-07-15,Alex Freeland,Allan J Pleasants,NA,2168,,0,2073,4.79,0.39,4
9,2015-07-16,Alex Freeland,Sabrina L Chevannes,NA,2242,WIM,0,2069,5.08,0.29,4
10,2015-07-17,Alex Freeland,Gareth Ellis,NA,1850,,1,2072,5.88,0.8,5
11,2015-07-27,Alex Freeland,Carl Gartside,NA,1938,,0,2061,6.58,0.7,5
12,2015-07-27,Alex Freeland,Adam Robinson,NA,1762,,1,2063,7.45,0.87,6
13,2015-07-28,Alex Freeland,Gwilym Price,NA,1922,,1,2067,8.17,0.72,7
14,2015-07-28,Alex Freeland,Tim Kett,170,2290,,0.5,2071,8.41,0.24,7.5
15,2015-07-29,Alex Freeland,Joshua Pink,NA,2018,,1,2078,9.01,0.6,8.5
16,2015-07-29,Alex Freeland,Geoffrey M Brown,NA,1778,,1,2080,9.87,0.86,9.5
17,2015-07-30,Alex Freeland,Jonathan Collins,NA,1930,,0,2069,10.58,0.71,9.5
18,2015-07-30,Alex Freeland,Phillip J Crocker,NA,2216,,1,2080,10.9,0.32,10.5
19,2015-07-31,Alex Freeland,Stephen Pollyn,NA,1914,,1,2084,11.63,0.73,11.5
20,2015-07-31,Alex Freeland,Samual A Walker,NA,2226,,0.5,2087,11.94,0.31,12
21,2015-12-05,Alex Freeland,Richard Weaving,NA,2240,,0,2082,12.23,0.29,12
22,2015-12-05,Alex Freeland,Adam Robinson,NA,1762,,1,2084,13.1,0.87,13
23,2015-12-06,Alex Freeland,Lennart Ootes,NA,2111,,0,2077,13.56,0.46,13
24,2015-12-06,Alex Freeland,Natasha Regan,NA,2002,WIM,0,2067,14.18,0.62,13
1,2015-09-15,Alex Kenealy,Mark Jones,158,1664,E1,0,1539,0.34,0.34,0
1,2015-08-20,Alex Wills,Brian Jones,NA,1962,FM,0,1728,0.21,0.21,0
2,2015-09-09,Alex Wills,Edward Donovan,88,1673,,1,1738,0.79,0.58,1
3,2015-09-22,Alex Wills,Peter Slater,281,1663,,0.5,1736,1.39,0.6,1.5
4,2015-10-27,Alex Wills,Steve Herkes,127,1547,,1,1742,2.13,0.74,2.5
5,2015-11-04,Alex Wills,Justin Morgans,213,1655,,0.5,1739,2.74,0.61,3
1,2015-08-22,Allan Fisher,Martyn Maber,NA,1474,ECF,0.5,1534,0.59,0.59,0.5
2,2015-08-22,Allan Fisher,Shaun Walsh,NA,1434,ECF,0.5,1530,1.23,0.64,1
3,2015-08-22,Allan Fisher,Alastair Drummond,NA,1498,ECF,1,1544,1.78,0.55,2
4,2015-08-23,Allan Fisher,Thomas Carter,NA,1482,ECF,1,1557,2.36,0.58,3
5,2015-08-23,Allan Fisher,John B Harris,NA,1530,ECF,1,1573,2.87,0.51,4
6,2015-09-15,Allan Fisher,Daniel Griffiths,117,1389,E1,0,1551,3.57,0.7,4
7,2015-09-22,Allan Fisher,Kevin O'Rourke,225,1130,E1,1,1554,4.47,0.9,5
8,2015-10-20,Allan Fisher,Aron Calist,33,1380,E1,1,1563,5.18,0.71,6
9,2015-11-17,Allan Fisher,Peter Williams,340,1190,E1,1,1567,6.07,0.89,7
10,2015-11-24,Allan Fisher,Ethan Chung,48,1207,E2,1,1571,6.95,0.88,8
11,2015-12-01,Allan Fisher,Gruff Jones,156,1621,E1,1,1590,7.33,0.38,9
1,2015-08-29,Allan Williams,Emily Wang,327,1246,E1,0,1234,0.51,0.51,0
2,2015-08-29,Allan Williams,Rachael McIntosh,NA,983,G1,1,1239,1.34,0.83,1
3,2015-08-30,Allan Williams,Neil Stevenson,NA,1285,G1,1,1257,1.79,0.45,2
4,2015-08-31,Allan Williams,Stephen Bonutto,22,1193,E1,0.5,1254,2.37,0.58,2.5
5,2015-08-31,Allan Williams,Steve Williams (Cwm),NA,1694,G1,0,1251,2.47,0.1,2.5
6,2015-10-10,Allan Williams,Joe Fathallah,96,2059,E1,0,1248,2.57,0.1,2.5
7,2015-10-10,Allan Williams,Bob Hurn,140,1623,E2,0,1245,2.67,0.1,2.5
8,2015-10-11,Allan Williams,Roy Thomas,305,1772,E2,0,1241,2.77,0.1,2.5
9,2015-11-21,Allan Williams,Edward Donovan,88,1673,E1,0,1238,2.87,0.1,2.5
10,2015-11-21,Allan Williams,John Cox,55,1456,E2,0,1231,3.1,0.23,2.5
11,2015-11-22,Allan Williams,Kevin O'Rourke,225,1130,E1,0,1210,3.76,0.66,2.5
12,2015-11-22,Allan Williams,Daniel Griffiths,117,1389,E1,0,1200,4.07,0.31,2.5
1,2015-09-03,Alun Howell,Raimund Klein,172,1978,E1,1,1723,0.17,0.17,1
2,2015-09-10,Alun Howell,Jonathan James,148,2025,E1,0,1720,0.3,0.13,1
3,2015-09-14,Alun Howell,Chris Green,114,1603,E1,1,1728,0.94,0.64,2
4,2015-09-21,Alun Howell,Damon Davies,65,1785,E1,0.5,1731,1.33,0.39,2.5
5,2015-09-28,Alun Howell,Roger Jenkins,151,1511,E1,0.5,1725,2.08,0.75,3
6,2015-10-12,Alun Howell,Dave Roberts,NA,1626,G1,1,1734,2.69,0.61,4
7,2015-10-26,Alun Howell,Rob Dineen,85,1860,E1,1,1751,2.98,0.29,5
8,2015-11-04,Alun Howell,Chris Fox,99,1868,E1,1,1769,3.26,0.28,6
9,2015-11-11,Alun Howell,Derek Smith,285,1849,E1,0.5,1774,3.56,0.3,6.5
10,2015-11-25,Alun Howell,Vaseekaran Sivarajasingam,278,1566,E1,1,1781,4.25,0.69,7.5
11,2015-12-01,Alun Howell,jeff rowland,270,1701,E1,0,1769,4.75,0.5,7.5
12,2015-12-15,Alun Howell,Gavin Williams,338,1692,E1,0.5,1769,5.27,0.52,8
1,2015-09-07,Alun Smith,John Cox,55,1467,E1,1,1514,0.55,0.55,1
2,2015-09-22,Alun Smith,Bill Davies,63,1300,E1,1,1522,1.31,0.76,2
3,2015-09-28,Alun Smith,Andrew Worthington,347,1377,E1,1,1533,1.98,0.67,3
4,2015-10-27,Alun Smith,Roger Phillips,242,1520,E1,0.5,1534,2.45,0.47,3.5
5,2015-11-02,Alun Smith,Ollie Spear,289,850,E1,1,1537,3.35,0.9,4.5
6,2015-11-10,Alun Smith,Andrew Trickey,313,1641,E1,1,1559,3.66,0.31,5.5
7,2015-11-30,Alun Smith,Russell Dodington,87,1778,E1,1,1586,3.82,0.16,6.5
8,2015-12-15,Alun Smith,Stephen Bonutto,22,1326,E2,1,1594,4.55,0.73,7.5
1,2015-08-25,Alyssa Wang,Nessie Georgion,104,1497,E1,1,1829,0.88,0.88,1
2,2015-08-28,Alyssa Wang,Joe Fathallah,96,2059,E1,0,1824,1.08,0.2,1
3,2015-08-29,Alyssa Wang,Elliott MacNeil,193,1652,E1,1,1831,1.81,0.73,2
4,2015-08-30,Alyssa Wang,Paul Hatchett,NA,2061,G1,0,1826,2.01,0.2,2
5,2015-08-30,Alyssa Wang,Calum Harris,123,1863,E1,0.5,1827,2.46,0.45,2.5
6,2015-08-31,Alyssa Wang,Louis Jouault,NA,1921,Fide,0,1818,2.83,0.37,2.5
7,2015-09-15,Alyssa Wang,Ashley Davis,76,1967,E1,0,1811,3.14,0.31,2.5
8,2015-10-06,Alyssa Wang,Derek Smith,285,1849,E1,0.5,1811,3.61,0.47,3
9,2015-10-21,Alyssa Wang,Bill Harle,122,1718,E1,1,1820,4.26,0.65,4
1,2015-09-01,Andrew Di-Vetta,Mark Janas,150,1745,E1,0.5,1644,0.36,0.36,0.5
2,2015-09-03,Andrew Di-Vetta,Roy Thomas,305,1697,E1,1,1658,0.78,0.42,1.5
3,2015-09-15,Andrew Di-Vetta,Gavin Jones,155,1677,E1,1,1671,1.23,0.45,2.5
4,2015-09-22,Andrew Di-Vetta,Stephen Lambourne,174,1531,E1,1,1680,1.88,0.65,3.5
5,2015-09-29,Andrew Di-Vetta,David Hambrook,120,1573,E1,0.5,1677,2.48,0.6,4
6,2015-10-06,Andrew Di-Vetta,Paul Bridges,26,1917,E1,0,1674,2.64,0.16,4
7,2015-10-07,Andrew Di-Vetta,Juan Rodriguez,268,2013,E1,0,1671,2.74,0.1,4
8,2015-10-09,Andrew Di-Vetta,Joseph David Turner,NA,2051,G1,0,1669,2.84,0.1,4
9,2015-10-10,Andrew Di-Vetta,Andrew Trickey,313,1641,E1,1,1681,3.34,0.5,5
10,2015-10-10,Andrew Di-Vetta,Tony Haigh,NA,1859,D1,0,1676,3.56,0.22,5
11,2015-10-11,Andrew Di-Vetta,Sam Jukes,163,1713,E1,0,1666,3.96,0.4,5
12,2015-10-11,Andrew Di-Vetta,David Rovaretti,269,1598,E1,0.5,1665,4.52,0.56,5.5
13,2015-10-14,Andrew Di-Vetta,Duncan MacDonald,192,1378,E1,0,1645,5.34,0.82,5.5
14,2015-10-27,Andrew Di-Vetta,Mike Servini,273,1590,E1,0.5,1643,5.91,0.57,6
15,2015-10-28,Andrew Di-Vetta,Jeff Rowland,270,1701,E1,0.5,1645,6.33,0.42,6.5
16,2015-11-03,Andrew Di-Vetta,Cyril Ley,182,1674,E1,0,1634,6.78,0.45,6.5
17,2015-11-09,Andrew Di-Vetta,Tony Gutteridge,119,1558,E1,1,1643,7.4,0.62,7.5
18,2015-11-10,Andrew Di-Vetta,Edward Donovan,88,1673,E1,0.5,1645,7.85,0.45,8
19,2015-11-20,Andrew Di-Vetta,Bob Moore,NA,1978,W1,0.5,1654,7.97,0.12,8.5
20,2015-11-21,Andrew Di-Vetta,Steve Christmas,47,1955,E1,0,1651,8.1,0.13,8.5
21,2015-11-21,Andrew Di-Vetta,David Guy,NA,1901,W1,0,1646,8.28,0.18,8.5
22,2015-11-22,Andrew Di-Vetta,David Buttell,NA,1894,W1,0,1642,8.47,0.19,8.5
23,2015-11-22,Andrew Di-Vetta,Dave Williams,NA,1684,G1,0.5,1643,8.91,0.44,9
24,2015-11-30,Andrew Di-Vetta,Martin Ricketts,263,1384,E1,1,1647,9.73,0.82,10
25,2015-12-01,Andrew Di-Vetta,Guy Wagner,322,1803,E2,1,1665,10.01,0.28,11
1,2015-07-06,Andrew Trickey,David Robinson,267,1955,E1,0,1638,0.13,0.13,0
2,2015-07-13,Andrew Trickey,Lyndon Todd,NA,1122,W1,1,1640,1.03,0.9,1
3,2015-07-27,Andrew Trickey,Lauren Davies,71,1402,E1,1,1645,1.83,0.8,2
4,2015-08-10,Andrew Trickey,Brian Morris,214,850,E1,1,1647,2.73,0.9,3
5,2015-09-14,Andrew Trickey,Richard Livermore,NA,1698,G1,1,1661,3.15,0.42,4
6,2015-09-21,Andrew Trickey,Justin Morgans,213,1655,E1,0.5,1662,3.63,0.48,4.5
7,2015-09-28,Andrew Trickey,Dave Roberts,NA,1626,G1,1,1673,4.15,0.52,5.5
8,2015-10-09,Andrew Trickey,Tim Kett,170,2228,E2,0,1671,4.25,0.1,5.5
9,2015-10-10,Andrew Trickey,Andrew Di-Vetta,84,1641,E1,0,1659,4.75,0.5,5.5
10,2015-10-10,Andrew Trickey,Hiya Ray,255,1368,E2,1,1663,5.58,0.83,6.5
11,2015-10-11,Andrew Trickey,Timothy Soar,NA,1541,N1,0,1648,6.22,0.64,6.5
12,2015-10-19,Andrew Trickey,john cox,55,1456,E2,0,1630,6.96,0.74,6.5
13,2015-10-21,Andrew Trickey,Celso Bettencourt Pinto,243,2039,E1,0,1628,7.06,0.1,6.5
14,2015-10-27,Andrew Trickey,Bill Davies,63,1300,E1,1,1630,7.95,0.89,7.5
15,2015-11-01,Andrew Trickey,Julie van Kemenade,NA,1804,D1,0,1623,8.23,0.28,7.5
16,2015-11-02,Andrew Trickey,Neil Stuart,297,1782,E1,0.5,1628,8.54,0.31,8
17,2015-11-09,Andrew Trickey,Pagona Mavroyenneas,203,945,E1,1,1630,9.44,0.9,9
18,2015-11-10,Andrew Trickey,Alun Smith,282,1500,E1,0,1614,10.13,0.69,9
19,2015-11-25,Andrew Trickey,Bill Hunt,138,1796,E1,0,1607,10.42,0.29,9
20,2015-11-29,Andrew Trickey,Chris Sims,NA,1900,W1,0,1603,10.6,0.18,9
21,2015-11-30,Andrew Trickey,David Llewellyn,185,1948,E1,0,1599,10.74,0.14,9
22,2015-12-14,Andrew Trickey,Ken Hannah,121,1702,E1,1,1613,11.15,0.41,10
1,2015-08-29,Andrew Worthington,Rachael McIntosh,NA,983,G1,1,1380,0.9,0.9,1
2,2015-08-29,Andrew Worthington,David Rovaretti,269,1598,E1,0,1373,1.12,0.22,1
3,2015-08-30,Andrew Worthington,Emily Wang,327,1246,E1,0.5,1367,1.8,0.68,1.5
4,2015-08-31,Andrew Worthington,Rolandas Puras,NA,1299,G1,0,1348,2.41,0.61,1.5
5,2015-08-31,Andrew Worthington,Madeleine Smith,NA,1109,G1,1,1353,3.24,0.83,2.5
6,2015-09-28,Andrew Worthington,Alun Smith,282,1500,E1,0,1343,3.57,0.33,2.5
1,2015-09-14,Anish Choudhuri,Gwilym Moses,216,862,E1,0,950,0.65,0.65,0
2,2015-09-21,Anish Choudhuri,Sanay Goyal,112,850,E1,1,961,1.32,0.67,1
3,2015-10-05,Anish Choudhuri,Brenda Miles,209,1229,E1,0,955,1.5,0.18,1
4,2015-10-12,Anish Choudhuri,Ellison Smith,286,877,E1,1,967,2.13,0.63,2
5,2015-12-14,Anish Choudhuri,Callum Penny,237,884,E1,1,979,2.75,0.62,3
6,2015-12-16,Anish Choudhuri,Aviral Batra,14,986,E1,1,996,3.23,0.48,4
7,2015-12-16,Anish Choudhuri,Aviral Batra,14,986,E1,0,980,3.71,0.48,4
8,2015-12-21,Anish Choudhuri,Ben Jaberansari,144,850,E1,1,991,4.38,0.67,5
1,2015-07-20,Anlan Qiu,Gavin Melaugh,NA,1145,ICU,0.5,1436,0.86,0.86,0.5
2,2015-07-20,Anlan Qiu,Tim Lewis,NA,1642,ECF,0.5,1444,1.11,0.25,1
3,2015-07-21,Anlan Qiu,James Hartman,NA,1246,SCO,1,1452,1.87,0.76,2
4,2015-07-21,Anlan Qiu,Tim Lewis,NA,1642,ECF,0.5,1460,2.12,0.25,2.5
5,2015-07-22,Anlan Qiu,Gavin Melaugh,NA,1145,ICU,0.5,1449,2.98,0.86,3
6,2015-07-22,Anlan Qiu,James Hartman,NA,1246,SCO,0,1424,3.74,0.76,3
7,2015-09-01,Anlan Qiu,Dafydd Chapman,37,974,E1,1,1428,4.64,0.9,4
8,2015-09-02,Anlan Qiu,Mike Maguire,194,1672,E1,1,1453,4.85,0.21,5
9,2015-09-16,Anlan Qiu,Tom Stanton,293,950,E1,1,1456,5.75,0.9,6
10,2015-09-17,Anlan Qiu,Daniel Griffiths,117,1389,E1,0.5,1453,6.33,0.58,6.5
11,2015-10-03,Anlan Qiu,Hiya Ray,255,1368,E2,0,1434,6.94,0.61,6.5
12,2015-10-03,Anlan Qiu,Benjamin Headlong,NA,1658,ECF,1,1459,7.17,0.23,7.5
13,2015-10-03,Anlan Qiu,Hambel Wilow,NA,1722,ECF,1,1485,7.34,0.17,8.5
14,2015-10-04,Anlan Qiu,Matthew Lo,NA,1458,ECF,1,1501,7.83,0.49,9.5
15,2015-10-04,Anlan Qiu,Aurideep Nayak,NA,1490,ECF,0.5,1503,8.27,0.44,10
16,2015-10-07,Anlan Qiu,Liam Penny,238,1603,E1,0.5,1510,8.56,0.29,10.5
17,2015-11-04,Anlan Qiu,Daniel Griffiths,117,1389,E1,0.5,1508,9.14,0.58,11
18,2015-11-25,Anlan Qiu,Clive Silver,275,1505,E1,1,1526,9.56,0.42,12
19,2015-12-02,Anlan Qiu,Mike Servini,273,1590,E1,0,1516,9.87,0.31,12
20,2015-12-05,Anlan Qiu,Alistair J Mottram-Epson,NA,1474,ECF,1,1533,10.33,0.46,13
21,2015-12-05,Anlan Qiu,Tom Constance,NA,1437,Sco-adj,0.5,1533,10.85,0.52,13.5
22,2015-12-06,Anlan Qiu,Yash Gulve,NA,1650,ECF,1,1557,11.09,0.24,14.5
23,2015-12-08,Anlan Qiu,Madeleine Davis,78,850,E1,1,1560,11.99,0.9,15.5
1,2015-09-01,Anthony Baker,Gavin Williams,338,1692,E1,0,1611,0.4,0.4,0
2,2015-10-07,Anthony Baker,Conor Hunt,139,1687,E1,1,1626,0.81,0.41,1
3,2015-10-15,Anthony Baker,Howard Lloyd,186,1367,E1,1,1630,1.63,0.82,2
4,2015-10-19,Anthony Baker,Beryl Hughes,135,1551,E1,0,1615,2.23,0.6,2
5,2015-10-28,Anthony Baker,Edward Donovan,88,1673,E1,0,1605,2.66,0.43,2
6,2015-11-17,Anthony Baker,Bill Davies,63,1300,E1,1,1608,3.53,0.87,3
7,2015-12-15,Anthony Baker,Nadi Grewal,115,1402,E1,1,1614,4.31,0.78,4
1,2015-09-01,Anthony Williams,Bill Davies,63,1300,E1,0,1075,0.22,0.22,0
2,2015-10-15,Anthony Williams,Jim Davies,69,1226,E1,0.5,1081,0.53,0.31,0.5
3,2015-10-20,Anthony Williams,Daniel Jaberansari,145,1217,E1,0,1071,0.85,0.32,0.5
4,2015-11-02,Anthony Williams,Ken Wardle,330,1570,E1,0,1068,0.95,0.1,0.5
5,2015-11-24,Anthony Williams,Tanya Ray,256,850,E1,1,1074,1.74,0.79,1.5
6,2015-12-08,Anthony Williams,Nick Mavroyenneas,202,928,E1,1,1084,2.45,0.71,2.5
7,2015-12-14,Anthony Williams,John Cox,55,1456,E2,0,1080,2.55,0.1,2.5
1,2015-07-11,Aron Calist,Nigel Ralphs,251,2059,E1,0,1377,0.1,0.1,0
2,2015-07-11,Aron Calist,Ron Williams,NA,1674,G1,1,1404,0.25,0.15,1
3,2015-07-12,Aron Calist,Lee Davis,77,2092,E1,0,1401,0.35,0.1,1
4,2015-07-13,Aron Calist,Owen Bennett,NA,1880,G1,0,1398,0.45,0.1,1
5,2015-07-15,Aron Calist,Charlie McLaren,NA,1978,ECF,0,1394,0.55,0.1,1
6,2015-07-15,Aron Calist,Andrew Camp,NA,1440,N1,0.5,1397,0.97,0.42,1.5
7,2015-07-16,Aron Calist,Richard Livermore,NA,1698,G1,0,1393,1.1,0.13,1.5
8,2015-07-17,Aron Calist,Stephen Bonutto,22,1193,E1,0,1369,1.85,0.75,1.5
9,2015-09-21,Aron Calist,Jack Aldridge,4,868,E1,1,1372,2.75,0.9,2.5
10,2015-10-05,Aron Calist,Jeremy Jones,157,1541,E1,0,1363,3.03,0.28,2.5
11,2015-10-09,Aron Calist,Anthony Tatam,NA,1490,ECF,0.5,1368,3.38,0.35,3
12,2015-10-10,Aron Calist,Madelaine Smith,NA,1109,G1,1,1373,4.21,0.83,4
13,2015-10-10,Aron Calist,John Cox,55,1467,E1,0.5,1377,4.59,0.38,4.5
14,2015-10-11,Aron Calist,Ethan Chung,48,1207,E2,1,1386,5.32,0.73,5.5
15,2015-10-20,Aron Calist,Allan Fisher,97,1537,E1,0,1376,5.61,0.29,5.5
16,2015-10-26,Aron Calist,Jeremy Jones,157,1541,E1,0.5,1384,5.89,0.28,6
17,2015-11-02,Aron Calist,Dave Parsons,232,1797,E1,0,1380,5.99,0.1,6
18,2015-11-09,Aron Calist,Bill Davies,63,1300,E1,0.5,1377,6.6,0.61,6.5
1,2015-09-15,Ashley Davis,Alyssa Wang,325,1826,E1,1,1974,0.69,0.69,1
2,2015-09-21,Ashley Davis,Russell Dodington,87,1778,E1,1,1980,1.44,0.75,2
3,2015-09-24,Ashley Davis,John Stephenson,296,1334,E1,1,1983,2.34,0.9,3
4,2015-10-05,Ashley Davis,Celso Bettencourt Pinto,243,2039,E1,0,1973,2.74,0.4,3
5,2015-10-22,Ashley Davis,Peter Watkins,331,1424,E1,1,1976,3.64,0.9,4
1,2015-09-01,Aviral Batra,Daniel Jaberansari,145,1217,E1,0,979,0.21,0.21,0
2,2015-09-08,Aviral Batra,Dafydd Chapman,37,974,E1,0,963,0.73,0.52,0
3,2015-09-29,Aviral Batra,Ethan Chung,48,1128,E1,0.5,969,1.04,0.31,0.5
4,2015-11-10,Aviral Batra,Tom Stanton,293,950,E1,1,983,1.59,0.55,1.5
5,2015-11-10,Aviral Batra,Madeleine Davis,78,850,E1,1,993,2.27,0.68,2.5
6,2015-11-17,Aviral Batra,Duncan Macdonald,192,1378,E1,0,990,2.37,0.1,2.5
7,2015-12-16,Aviral Batra,Anish Choudhuri,45,971,E1,0,974,2.89,0.52,2.5
8,2015-12-16,Aviral Batra,Anish Choudhuri,45,971,E1,1,989,3.41,0.52,3.5
1,2015-09-21,Ben Jaberansari,Dantu Sridatta,291,872,E1,0,835,0.47,0.47,0
2,2015-09-28,Ben Jaberansari,Nick Mavroyenneas,202,928,E1,0,822,0.86,0.39,0
3,2015-10-12,Ben Jaberansari,Mike Colwill,54,1006,E1,0,813,1.15,0.29,0
4,2015-11-02,Ben Jaberansari,Ellison Smith,286,877,E1,0,798,1.61,0.46,0
5,2015-12-21,Ben Jaberansari,Anish Choudhuri,45,971,E1,0,788,1.94,0.33,0
1,2015-07-11,Ben Thomas,Peter K Wells,NA,2448,GM,0,2056,0.1,0.1,0
2,2015-07-11,Ben Thomas,Venetia Sivarajasingam,279,1745,,1,2058,0.97,0.87,1
3,2015-07-12,Ben Thomas,Tim Kett,170,2290,,1,2071,1.18,0.21,2
4,2015-07-13,Ben Thomas,Walter Braun,25,2244,FM,0,2067,1.44,0.26,2
5,2015-07-14,Ben Thomas,Ali Reza Jaunooby,NA,2266,,0,2063,1.67,0.23,2
6,2015-07-15,Ben Thomas,Mark Emblem,NA,1477,,1,2065,2.57,0.9,3
7,2015-07-16,Ben Thomas,Gareth Ellis,NA,1850,,1,2069,3.34,0.77,4
8,2015-07-20,Ben Thomas,Scott Mulligan,NA,1947,,1,2074,3.99,0.65,5
9,2015-07-20,Ben Thomas,John Fraser,NA,2058,,1,2082,4.49,0.5,6
10,2015-07-21,Ben Thomas,Declan Shafi,NA,1905,,1,2087,5.2,0.71,7
11,2015-07-21,Ben Thomas,John Fraser,NA,2058,,1,2095,5.7,0.5,8
12,2015-07-22,Ben Thomas,Scott Mulligan,NA,1947,,0,2084,6.35,0.65,8
13,2015-07-22,Ben Thomas,Declan Shafi,NA,1905,,0,2073,7.06,0.71,8
14,2015-09-14,Ben Thomas,Justin Morgans,213,1655,,0.5,2067,7.96,0.9,8.5
15,2015-09-28,Ben Thomas,John Waterfield,NA,1976,,0.5,2065,8.57,0.61,9
16,2015-10-12,Ben Thomas,John McGregor,205,1855,,0.5,2061,9.33,0.76,9.5
17,2015-10-19,Ben Thomas,Javier Martin Perez,196,2037,FM,0,2052,9.86,0.53,9.5
18,2015-10-27,Ben Thomas,Chris Howells,133,1997,,1,2059,10.45,0.59,10.5
19,2015-11-01,Ben Thomas,Joe Fathallah,96,2046,,1,2066,10.97,0.52,11.5
20,2015-11-29,Ben Thomas,Peter Bevan,NA,2026,,0,2058,11.52,0.55,11.5
21,2015-12-02,Ben Thomas,David L Roberts,265,2098,,1,2067,11.96,0.44,12.5
22,2015-12-14,Ben Thomas,Matthew Wilson,345,1802,,0,2054,12.78,0.82,12.5
1,2015-07-20,Benjamin Choo Yin,Henry Li,NA,1775,,0,1851,0.63,0.63,0
2,2015-07-20,Benjamin Choo Yin,Harry Grieve,NA,2122,,0,1847,0.81,0.18,0
3,2015-07-21,Benjamin Choo Yin,Kai Pannwitz,NA,1950,,1,1861,1.19,0.38,1
4,2015-07-21,Benjamin Choo Yin,Harry Grieve,NA,2122,,0,1857,1.37,0.18,1
5,2015-07-22,Benjamin Choo Yin,Henry Li,NA,1775,,0.5,1854,2,0.63,1.5
6,2015-07-22,Benjamin Choo Yin,Kai Pannwitz,NA,1950,,0,1845,2.38,0.38,1.5
7,2015-08-25,Benjamin Choo Yin,David Hambrook,120,1573,,1,1848,3.23,0.85,2.5
8,2015-08-28,Benjamin Choo Yin,Adam May,NA,1975,,0.5,1852,3.58,0.35,3
9,2015-08-29,Benjamin Choo Yin,Tom Brown,29,2142,,0,1848,3.74,0.16,3
10,2015-08-30,Benjamin Choo Yin,Chris Dixon,NA,1878,,0.5,1849,4.22,0.48,3.5
11,2015-08-30,Benjamin Choo Yin,James Evans,NA,1739,,1,1857,4.89,0.67,4.5
12,2015-08-31,Benjamin Choo Yin,David Tomboline,311,1933,,0,1847,5.3,0.41,4.5
13,2015-09-07,Benjamin Choo Yin,Dave Roberts,NA,1626,,1,1852,6.1,0.8,5.5
14,2015-09-15,Benjamin Choo Yin,Steve Cunliffe,60,1967,,0,1843,6.46,0.36,5.5
15,2015-09-30,Benjamin Choo Yin,Charles Summers,299,1950,,1,1858,6.84,0.38,6.5
16,2015-10-06,Benjamin Choo Yin,Chris Fox,99,1868,,1,1870,7.34,0.5,7.5
17,2015-10-21,Benjamin Choo Yin,Guy Wagner,322,1833,,1,1881,7.89,0.55,8.5
18,2015-10-26,Benjamin Choo Yin,Hongchi Peng,NA,2131,,0,1877,8.06,0.17,8.5
19,2015-10-27,Benjamin Choo Yin,Jonstantinos Michaelides,NA,1934,CM,0,1867,8.46,0.4,8.5
20,2015-10-28,Benjamin Choo Yin,Jaebeen Ha,NA,1283,,1,1869,9.36,0.9,9.5
21,2015-10-29,Benjamin Choo Yin,Girinath Haridas,NA,2122,,0,1865,9.54,0.18,9.5
22,2015-10-30,Benjamin Choo Yin,Anthony Van Der Meer,NA,1161,,1,1867,10.44,0.9,10.5
23,2015-10-31,Benjamin Choo Yin,Gabriel D'urbano,NA,1906,,0.5,1869,10.88,0.44,11
24,2015-11-01,Benjamin Choo Yin,Massinas Djabri,NA,1899,,0,1858,11.33,0.45,11
25,2015-11-02,Benjamin Choo Yin,Michael Higgins,NA,1822,,1,1869,11.89,0.56,12
26,2015-11-03,Benjamin Choo Yin,Sultan Al-Zaabi,NA,1917,CM,0,1858,12.32,0.43,12
27,2015-11-04,Benjamin Choo Yin,Rihards Bekasovs,NA,1900,,0.5,1860,12.77,0.45,12.5
28,2015-11-05,Benjamin Choo Yin,Leopold Attard,NA,2045,,0,1853,13.03,0.26,12.5
29,2015-11-12,Benjamin Choo Yin,Daniel Wilmot,344,1690,,0,1836,0.72,0.72,0
30,2015-11-19,Benjamin Choo Yin,Roger Phillips,242,1520,,0.5,1827,1.6,0.88,0.5
31,2015-11-24,Benjamin Choo Yin,Chris Green,114,1603,,1,1831,2.41,0.81,1.5
32,2015-11-30,Benjamin Choo Yin,Howard Deere,81,1583,,1,1835,3.24,0.83,2.5
33,2015-12-05,Benjamin Choo Yin,Jacob Connor Boswell,NA,1810,,0.5,1834,3.8,0.56,3
34,2015-12-05,Benjamin Choo Yin,Ioannis Dabos-Doukos,NA,1797,,0.5,1832,4.38,0.58,3.5
35,2015-12-06,Benjamin Choo Yin,Nugith Jayawarna,NA,2010,,0,1825,4.67,0.29,3.5
36,2015-12-15,Benjamin Choo Yin,John D Thornton,310,2007,,0,1818,4.96,0.29,3.5
1,2015-08-17,Beryl Hughes,Clive Silver,275,1505,E1,1,1565,0.56,0.56,1
2,2015-08-24,Beryl Hughes,Justin Morgans,213,1655,E1,0.5,1570,0.92,0.36,1.5
3,2015-08-28,Beryl Hughes,John Waterfield,NA,1976,G1,0,1566,1.02,0.1,1.5
4,2015-08-29,Beryl Hughes,Kevin O'Rourke,225,1130,E1,0,1538,1.92,0.9,1.5
5,2015-08-30,Beryl Hughes,John Cox,55,1467,E1,0.5,1534,2.54,0.62,2
6,2015-08-31,Beryl Hughes,David J Williams,NA,1684,G1,0,1523,2.86,0.32,2
7,2015-08-31,Beryl Hughes,Richard Livermore,NA,1698,G1,0.5,1530,3.16,0.3,2.5
8,2015-09-03,Beryl Hughes,Hugh Price,245,1626,E1,0,1517,3.56,0.4,2.5
9,2015-09-10,Beryl Hughes,Paul Bridges,26,1917,E1,0.5,1530,3.66,0.1,3
10,2015-09-14,Beryl Hughes,David Cleverly,52,1791,E1,0,1523,3.86,0.2,3
11,2015-09-16,Beryl Hughes,David Roberts,264,1445,E1,1,1535,4.51,0.65,4
12,2015-09-21,Beryl Hughes,Bob Hurn,140,1687,E1,0,1524,4.83,0.32,4
13,2015-09-22,Beryl Hughes,Mark Jones,158,1664,E1,0,1514,5.17,0.34,4
14,2015-09-28,Beryl Hughes,Mike Maguire,194,1672,E1,0,1503,5.5,0.33,4
15,2015-09-29,Beryl Hughes,Neya Govindaraj,110,1384,E1,1,1512,6.22,0.72,5
16,2015-10-12,Beryl Hughes,Hanni Youssef,350,1514,E1,0,1494,6.77,0.55,5
17,2015-10-19,Beryl Hughes,Anthony Baker,10,1621,E1,1,1514,7.17,0.4,6
18,2015-10-26,Beryl Hughes,Sam Warburton,328,1635,E1,0.5,1517,7.55,0.38,6.5
19,2015-11-04,Beryl Hughes,Ian Gerbex,105,1200,E1,1,1521,8.44,0.89,7.5
20,2015-11-16,Beryl Hughes,John McGregor,205,1855,E1,0,1516,8.58,0.14,7.5
21,2015-11-23,Beryl Hughes,Roger Phillips,242,1520,E1,0.5,1515,9.12,0.54,8
22,2015-11-29,Beryl Hughes,Mike Servini,273,1590,E1,0,1501,9.57,0.45,8
23,2015-12-01,Beryl Hughes,kimberley chong,41,1200,E1,1,1504,10.46,0.89,9
24,2015-12-07,Beryl Hughes,Matthew Lunnon,187,1541,E1,1,1520,10.97,0.51,10
25,2015-12-08,Beryl Hughes,Duncan Macdonald,192,1378,E1,0,1497,11.7,0.73,10
26,2015-12-14,Beryl Hughes,Roy Thomas,305,1772,E2,0,1492,0.17,0.17,0
1,2015-09-01,Bill Davies,Anthony Williams,337,1082,E1,1,1307,0.78,0.78,1
2,2015-09-22,Bill Davies,Alun Smith,282,1500,E1,0,1299,1.02,0.24,1
3,2015-09-29,Bill Davies,Roger Phillips,242,1520,E1,0.5,1308,1.24,0.22,1.5
4,2015-10-27,Bill Davies,Andrew Trickey,313,1641,E1,0,1305,1.35,0.11,1.5
5,2015-11-09,Bill Davies,Aron Calist,33,1380,E1,0.5,1308,1.74,0.39,2
6,2015-11-17,Bill Davies,Anthony Baker,10,1621,E1,0,1304,1.87,0.13,2
7,2015-11-24,Bill Davies,Stephen Bonutto,22,1326,E2,0,1289,2.33,0.46,2
1,2015-08-20,Bill Harle,Josef Mrkvicka,NA,1950,Est,0.5,1725,0.21,0.21,0.5
2,2015-08-28,Bill Harle,Kevin O'Rourke,225,1130,E1,1,1727,1.11,0.9,1.5
3,2015-08-29,Bill Harle,Robert Graham Taylor,NA,1989,G1,0,1723,1.28,0.17,1.5
4,2015-08-29,Bill Harle,Mark Emblem,NA,1477,G1,1,1728,2.08,0.8,2.5
5,2015-08-30,Bill Harle,John Waterfield,NA,1976,G1,0.5,1736,2.26,0.18,3
6,2015-08-31,Bill Harle,Ernest M White,NA,1928,G1,0,1730,2.49,0.23,3
7,2015-08-31,Bill Harle,Ron Williams,NA,1674,G1,0.5,1729,3.05,0.56,3.5
8,2015-09-30,Bill Harle,Michael Arribas-Ayllon,8,1764,E1,1,1742,3.49,0.44,4.5
9,2015-10-12,Bill Harle,Roger Phillips,242,1520,E1,1,1748,4.25,0.76,5.5
10,2015-10-21,Bill Harle,Alyssa Wang,325,1826,E1,0,1740,4.6,0.35,5.5
11,2015-10-26,Bill Harle,Sam White,333,1479,E1,1,1744,5.4,0.8,6.5
12,2015-10-28,Bill Harle,Celso Bettencourt Pinto,243,2039,E1,0.5,1753,5.53,0.13,7
13,2015-11-17,Bill Harle,Liam Penny,238,1603,E1,0,1737,6.19,0.66,7
14,2015-11-25,Bill Harle,Len Skinner,280,1482,E1,1,1742,6.99,0.8,8
15,2015-11-30,Bill Harle,Richard Miles,NA,1921,G1,0.5,1748,7.23,0.24,8.5
1,2015-09-07,Bill Hunt,Sam Jukes,163,1713,E1,1,1805,0.62,0.62,1
2,2015-09-30,Bill Hunt,Derek Smith,285,1849,E1,0,1795,1.05,0.43,1
3,2015-10-12,Bill Hunt,Roy Thomas,305,1772,E2,1,1806,1.58,0.53,2
4,2015-10-26,Bill Hunt,Peter Watkins,331,1424,E1,1,1808,2.48,0.9,3
5,2015-11-04,Bill Hunt,Edward Donovan,88,1673,E1,0,1792,3.15,0.67,3
6,2015-11-25,Bill Hunt,Andrew Trickey,313,1641,E1,1,1799,3.86,0.71,4
7,2015-11-30,Bill Hunt,David Perrett,239,1945,E1,0,1792,4.16,0.3,4
8,2015-12-02,Bill Hunt,Ian White,NA,1897,G1,1,1808,4.52,0.36,5
1,2015-09-22,Bill Wilkins,Roger Phillips,242,1520,E1,0.5,1424,0.36,0.36,0.5
2,2015-10-12,Bill Wilkins,Stephen Lambourne,174,1531,E1,0.5,1429,0.71,0.35,1
3,2015-11-17,Bill Wilkins,Kam Choo Yin,44,1572,E1,0,1420,1.01,0.3,1
4,2015-12-22,Bill Wilkins,Martin Ricketts,263,1384,E1,0,1402,1.56,0.55,1
1,2015-07-11,Bob Hurn,Dai James,147,1908,E1,0,1682,0.22,0.22,0
2,2015-07-11,Bob Hurn,Vaseekaran Sivarajasingam,278,1566,E1,0,1666,0.89,0.67,0
3,2015-07-12,Bob Hurn,Neya Govindaraj,110,1384,E1,0.5,1657,1.75,0.86,0.5
4,2015-07-13,Bob Hurn,Sam Jukes,163,1713,E1,0,1646,2.21,0.46,0.5
5,2015-07-13,Bob Hurn,James Evans,NA,1739,W1,0.5,1648,2.64,0.43,1
6,2015-07-14,Bob Hurn,Allyson James,NA,996,W1,1,1650,3.54,0.9,2
7,2015-07-15,Bob Hurn,Mark Emblem,NA,1477,G1,0.5,1644,4.31,0.77,2.5
8,2015-07-15,Bob Hurn,John Cox,55,1467,E1,0.5,1637,5.09,0.78,3
9,2015-07-16,Bob Hurn,David Rovaretti,269,1598,E1,0,1622,5.71,0.62,3
10,2015-07-17,Bob Hurn,Hiya Ray,255,1309,E1,0.5,1612,6.61,0.9,3.5
11,2015-07-27,Bob Hurn,Mike Joslin,161,1376,E1,1,1616,7.47,0.86,4.5
12,2015-08-03,Bob Hurn,Neil Owen,229,1750,E1,1,1630,7.88,0.41,5.5
13,2015-08-10,Bob Hurn,Dwain Jones,154,1248,E1,0,1608,8.78,0.9,5.5
14,2015-08-17,Bob Hurn,John D Thornton,310,2013,E1,0,1605,8.9,0.12,5.5
15,2015-08-24,Bob Hurn,Chris Kavanagh,165,1211,E1,1,1608,9.8,0.9,6.5
16,2015-08-28,Bob Hurn,Robert Graham Taylor,NA,1989,G1,0,1604,9.94,0.14,6.5
17,2015-08-29,Bob Hurn,John Cox,55,1467,E1,0.5,1598,10.72,0.78,7
18,2015-08-29,Bob Hurn,David J Williams,NA,1684,G1,0.5,1598,11.22,0.5,7.5
19,2015-08-30,Bob Hurn,Richard Livermore,NA,1698,G1,1,1610,11.7,0.48,8.5
20,2015-08-31,Bob Hurn,Mark Emblem,NA,1477,G1,1,1616,12.47,0.77,9.5
21,2015-08-31,Bob Hurn,John Syner,NA,2048,G1,0,1613,12.57,0.1,9.5
22,2015-09-14,Bob Hurn,James Thomas,304,2007,E1,0.5,1622,12.7,0.13,10
23,2015-09-15,Bob Hurn,Ian White,NA,1897,G1,0,1617,12.93,0.23,10
24,2015-09-16,Bob Hurn,Justin Morgans,213,1655,E1,0.5,1615,13.48,0.55,10.5
25,2015-09-21,Bob Hurn,Beryl Hughes,135,1551,E1,1,1623,14.16,0.68,11.5
26,2015-09-22,Bob Hurn,Chris Howells,133,1997,E1,0,1621,0.1,0.1,0
27,2015-09-28,Bob Hurn,Steve Lindsay,184,1765,E1,0,1613,0.41,0.31,0
28,2015-09-29,Bob Hurn,Raj Govindaraj,111,1352,E1,1,1617,1.24,0.83,1
29,2015-10-07,Bob Hurn,Dave Roberts,NA,1626,G1,0.5,1617,1.74,0.5,1.5
30,2015-10-09,Bob Hurn,Joe Fathallah,96,2059,E1,0.5,1627,1.84,0.1,2
31,2015-10-10,Bob Hurn,Dai James,147,1979,E2,0,1624,1.94,0.1,2
32,2015-10-10,Bob Hurn,Allan Williams,336,1250,E1,1,1627,2.84,0.9,3
33,2015-10-11,Bob Hurn,Shayanna Sivarajasingam,277,1699,E2,0.5,1629,3.23,0.39,3.5
34,2015-10-11,Bob Hurn,Stephen Williams,NA,1790,G2,1,1647,3.51,0.28,4.5
35,2015-10-12,Bob Hurn,Hugh Price,245,1626,E1,0,1635,4.01,0.5,4.5
36,2015-10-19,Bob Hurn,Mark Jones,158,1664,E1,0.5,1636,4.45,0.44,5
37,2015-10-26,Bob Hurn,Liam Penny,238,1603,E1,0.5,1635,4.98,0.53,5.5
38,2015-11-02,Bob Hurn,David Burt,NA,1458,ECF,0,1618,5.7,0.72,5.5
39,2015-11-03,Bob Hurn,Peter Leggitt,NA,1330,ECF,1,1622,6.55,0.85,6.5
40,2015-11-04,Bob Hurn,Andrew Price,NA,1930,ECF,0.5,1630,6.69,0.14,7
41,2015-11-05,Bob Hurn,Martin Page,NA,1866,ECF,0.5,1638,6.89,0.2,7.5
42,2015-11-06,Bob Hurn,John Shaddick,NA,1698,ECF,0.5,1640,7.29,0.4,8
43,2015-11-10,Bob Hurn,Kevin O'Rourke,225,1130,E1,1,1642,8.19,0.9,9
44,2015-11-16,Bob Hurn,Dave R Lewis,178,1903,E1,0,1639,8.35,0.16,9
45,2015-11-17,Bob Hurn,Jonathan Dyment,NA,1545,G1,0.5,1636,8.96,0.61,9.5
46,2015-11-23,Bob Hurn,Dai James,147,1979,E2,0.5,1646,9.06,0.1,10
47,2015-11-25,Bob Hurn,Egor Muljarov,219,1543,E1,1,1655,9.67,0.61,11
48,2015-11-29,Bob Hurn,Glyn Sinnett,NA,1844,W1,0.5,1662,9.89,0.22,11.5
49,2015-11-29,Bob Hurn,James Thomas,304,2007,E1,0,1659,9.99,0.1,11.5
50,2015-12-01,Bob Hurn,steve herkes,127,1547,E1,0.5,1657,10.6,0.61,12
51,2015-12-07,Bob Hurn,Viv Martin,198,1617,E1,0.5,1656,0.56,0.56,0.5
52,2015-12-08,Bob Hurn,Kam choo yin,44,1572,E1,0.5,1653,1.18,0.62,1
53,2015-12-09,Bob Hurn,Phillip French,NA,1872,G1,0.5,1659,1.4,0.22,1.5
54,2015-12-14,Bob Hurn,Peter Watkins,331,1424,E1,1,1664,2.2,0.8,2.5
1,2015-09-03,Bob Owen,Jim Davies,69,1226,E1,0.5,1372,0.7,0.7,0.5
2,2015-10-20,Bob Owen,Hiya Ray,255,1368,E2,0,1355,1.21,0.51,0.5
3,2015-11-02,Bob Owen,Chris Peters,240,1621,E1,0,1349,1.41,0.2,0.5
4,2015-11-09,Bob Owen,Richard Hine,128,850,E1,1,1352,2.31,0.9,1.5
5,2015-11-24,Bob Owen,Simon Chung,49,850,E1,1,1355,3.21,0.9,2.5
6,2015-11-30,Bob Owen,Stephen Bonutto,22,1326,E2,0,1337,3.78,0.57,2.5
7,2015-12-08,Bob Owen,Pagona Mavroyenneas,203,945,E1,1,1340,4.68,0.9,3.5
8,2015-12-14,Bob Owen,Jeremy Jones,157,1541,E1,0.5,1347,4.96,0.28,4
1,2015-10-05,Brenda Miles,Anish Choudhuri,45,971,E1,1,1235,0.82,0.82,1
2,2015-12-07,Brenda Miles,Peter Williams,340,1190,E1,1,1249,1.37,0.55,2
1,2015-07-13,Brian Morris,David Robinson,267,1955,E1,0,847,0.1,0.1,0
2,2015-08-03,Brian Morris,Ken Wardle,330,1570,E1,0,844,0.2,0.1,0
3,2015-08-10,Brian Morris,Andrew Trickey,313,1641,E1,0,840,0.3,0.1,0
4,2015-11-02,Brian Morris,Simon Davis,80,981,E1,0,830,0.62,0.32,0
5,2015-11-16,Brian Morris,Mike Servini,273,1590,E1,0,827,0.72,0.1,0
1,2015-11-30,Callum Penny,Oliver Sapsford,NA,850,G1,1,898,0.55,0.55,1
2,2015-12-14,Callum Penny,Anish Choudhuri,45,971,E1,0,886,0.93,0.38,1
1,2015-09-07,Callum Smith,Laurence Matuszczyk,201,1155,E1,0,853,0.15,0.15,0
2,2015-09-22,Callum Smith,Dave Morris,215,1048,E1,1,877,0.4,0.25,1
3,2015-09-28,Callum Smith,Simon Davis,80,981,E1,0,867,0.73,0.33,1
4,2015-10-12,Callum Smith,Daniel Jaberansari,145,1217,E1,0.5,879,0.83,0.1,1.5
5,2015-10-27,Callum Smith,John Callan,34,1307,E1,0.5,892,0.93,0.1,2
6,2015-11-02,Callum Smith,Sachin Patel,233,997,E1,0,882,1.24,0.31,2
7,2015-11-10,Callum Smith,Ken Wardle,330,1570,E1,0,879,1.34,0.1,2
8,2015-11-16,Callum Smith,Woody Shaw,NA,1068,G1,0,872,1.57,0.23,2
9,2015-11-30,Callum Smith,Anna Boyle,NA,1117,G1,0,866,1.75,0.18,2
10,2015-11-30,Callum Smith,Ethan Chung,48,1318,E3,0,863,1.85,0.1,2
11,2015-12-15,Callum Smith,Ray Denyer,82,850,E1,1,878,2.36,0.51,3
1,2015-08-28,Calum Harris,Joseph David Turner,NA,2015,G1,0,1856,0.3,0.3,0
2,2015-08-28,Calum Harris,Paul Bridges,26,1917,E1,1,1870,0.72,0.42,1
3,2015-08-29,Calum Harris,David Buttell,NA,1881,W1,0,1858,1.19,0.47,1
4,2015-08-30,Calum Harris,Roy Thomas,305,1697,E1,1,1865,1.91,0.72,2
5,2015-08-30,Calum Harris,Alyssa Wang,325,1826,E1,0.5,1864,2.46,0.55,2.5
6,2015-08-31,Calum Harris,Max French,NA,1938,ECF,0.5,1866,2.86,0.4,3
7,2015-10-12,Calum Harris,Manfred Egby,NA,1866,ECF,1,1878,3.36,0.5,4
8,2015-10-21,Calum Harris,Mat Dydak,NA,2010,ECF,0.5,1883,3.66,0.3,4.5
9,2015-11-04,Calum Harris,Roger De Coverly,NA,2138,ECF,0,1879,3.83,0.17,4.5
10,2015-11-25,Calum Harris,Sean Benson,NA,1930,ECF,0.5,1881,4.24,0.41,5
11,2015-11-30,Calum Harris,Alex Bullen,31,2141,E2,0,1877,4.4,0.16,5
12,2015-12-09,Calum Harris,Tom J Rixon,NA,1682,ECF,1,1884,5.14,0.74,6
13,2015-12-14,Calum Harris,Jonathan Melsom,NA,1906,ECF,1,1897,5.58,0.44,7
1,2015-11-30,Carys Davies,Sam Goodfellow,NA,850,G1,0,834,0.5,0.5,0
2,2015-12-14,Carys Davies,Anna Boyle,NA,1117,G1,0,829,0.67,0.17,0
1,2015-09-08,Celso Bettencourt Pinto,Daniel Griffiths,117,1389,E1,1,2041,0.9,0.9,1
2,2015-09-30,Celso Bettencourt Pinto,David Llewellyn,185,1948,E1,0.5,2039,1.53,0.63,1.5
3,2015-10-05,Celso Bettencourt Pinto,Ashley Davis,76,1967,E1,1,2045,2.13,0.6,2.5
4,2015-10-21,Celso Bettencourt Pinto,Andrew Trickey,313,1641,E1,1,2047,3.03,0.9,3.5
5,2015-10-28,Celso Bettencourt Pinto,Bill Harle,122,1718,E1,0.5,2041,3.9,0.87,4
6,2015-11-23,Celso Bettencourt Pinto,Steve Cunliffe,60,1967,E1,0.5,2039,4.5,0.6,4.5
7,2015-12-16,Celso Bettencourt Pinto,Peter Warden,329,1408,E1,1,2041,5.4,0.9,5.5
1,2015-09-02,Charles Summers,Chris Fox,99,1868,E1,1,1959,0.61,0.61,1
2,2015-09-16,Charles Summers,Guy Wagner,322,1833,E1,0.5,1956,1.27,0.66,1.5
3,2015-09-30,Charles Summers,Benjamin Choo Yin,42,1866,E1,0,1941,1.89,0.62,1.5
4,2015-11-02,Charles Summers,David Perrett,239,1945,E1,0,1928,2.4,0.51,1.5
5,2015-11-11,Charles Summers,Hiya Ray,255,1436,E3,1,1931,3.3,0.9,2.5
6,2015-12-16,Charles Summers,Hugh Davies,67,950,E1,1,1933,4.2,0.9,3.5
1,2015-07-11,Chirag Guha,Winston Williams,NA,2098,CM,0.5,1864,0.2,0.2,0.5
2,2015-07-11,Chirag Guha,"Aigerim, Rysbayeva",NA,2142,WFM,0,1860,0.36,0.16,0.5
3,2015-07-12,Chirag Guha,Sam Jukes,163,1713,,0,1844,1.05,0.69,0.5
4,2015-07-13,Chirag Guha,Stephen Bonutto,22,1193,,1,1846,1.95,0.9,1.5
5,2015-07-14,Chirag Guha,Gareth Ellis,NA,1850,,0,1834,2.46,0.51,1.5
6,2015-07-15,Chirag Guha,James Evans,NA,1739,,1,1842,3.12,0.66,2.5
7,2015-07-16,Chirag Guha,Hiya Ray,255,1309,,1,1845,4.02,0.9,3.5
8,2015-07-17,Chirag Guha,Katja Stoll,NA,1854,,0,1833,4.52,0.5,3.5
9,2015-07-27,Chirag Guha,Henry Dorman,NA,1338,,1,1835,5.42,0.9,4.5
10,2015-07-28,Chirag Guha,Jeff Tomy,NA,1642,,1,1840,6.2,0.78,5.5
11,2015-07-29,Chirag Guha,Thivyaa Rahulan,NA,1634,,1,1845,6.98,0.78,6.5
12,2015-07-29,Chirag Guha,Adithya P Paleri,NA,1786,,0.5,1843,7.58,0.6,7
13,2015-07-30,Chirag Guha,Aditya Verma,NA,1930,,0,1833,7.98,0.4,7
14,2015-07-31,Chirag Guha,Cheuk Nam Wong,NA,1706,,1,1841,8.68,0.7,8
15,2015-08-01,Chirag Guha,Ranesh Ratnesan,NA,1850,,1,1852,9.19,0.51,9
16,2015-08-02,Chirag Guha,Jagdish Shyam Modi,NA,1666,,1,1858,9.94,0.75,10
17,2015-08-02,Chirag Guha,Rajeiv Ratnesan,NA,1578,,0,1838,10.78,0.84,10
18,2015-08-03,Chirag Guha,Avi Gogna,NA,1674,,0.5,1833,11.52,0.74,10.5
19,2015-08-04,Chirag Guha,Aditya Munshi,NA,1978,,0.5,1837,11.85,0.33,11
20,2015-08-05,Chirag Guha,Aadarsh Saravanan,NA,1450,,1,1839,12.75,0.9,12
21,2015-08-06,Chirag Guha,Emmanuelle Gelain-Sohn,NA,1714,,1,1846,13.44,0.69,13
22,2015-08-07,Chirag Guha,Jagdish Kishan Modi,NA,1546,,1,1850,14.3,0.86,14
23,2015-09-14,Chirag Guha,Gary Haime,NA,1754,,1,1858,14.94,0.64,15
24,2015-09-30,Chirag Guha,Ron Evans,NA,1714,,1,1866,15.63,0.69,16
25,2015-10-03,Chirag Guha,Avi Gogna,NA,1674,,1,1872,16.37,0.74,17
26,2015-10-03,Chirag Guha,Riyaan Paul Yesudian,NA,1834,,0.5,1871,16.9,0.53,17.5
27,2015-10-03,Chirag Guha,Anton Petkov,NA,1453,,1,1874,17.8,0.9,18.5
28,2015-10-04,Chirag Guha,Alfie Onslow,NA,1986,,0,1866,18.12,0.32,18.5
29,2015-10-04,Chirag Guha,Alex Sheerin,NA,1746,,0,1851,18.77,0.65,18.5
30,2015-10-05,Chirag Guha,Jon Asbury,NA,1730,,1,1859,0.67,0.67,1
31,2015-10-26,Chirag Guha,Antonio Gines Esteo Pedro,NA,2065,,0,1854,0.89,0.22,1
32,2015-10-27,Chirag Guha,Tim Deng,NA,1880,,0,1843,1.35,0.46,1
33,2015-10-28,Chirag Guha,Matija Svetic,NA,1422,,1,1845,2.25,0.9,2
34,2015-10-29,Chirag Guha,Gabriel Arteaga Quispe,NA,2107,,0,1841,2.43,0.18,2
35,2015-10-30,Chirag Guha,Roko Vlahov,NA,1400,,0,1819,3.33,0.9,2
36,2015-10-31,Chirag Guha,Adam Murphy,NA,1449,,1,1821,4.23,0.9,3
37,2015-11-01,Chirag Guha,Oliver Wartiovaara,NA,1350,,1,1824,5.13,0.9,4
38,2015-11-02,Chirag Guha,Jason S Daniels,NA,1891,,0,1813,5.57,0.44,4
39,2015-11-03,Chirag Guha,Jake M Sanger,NA,1650,,1,1819,6.33,0.76,5
40,2015-11-04,Chirag Guha,Laurent Huynh,NA,2011,,0,1812,6.62,0.29,5
41,2015-11-05,Chirag Guha,Juncheng Lu,NA,1695,,0.5,1807,7.33,0.71,5.5
42,2015-11-11,Chirag Guha,Peter Loach,NA,1746,,0.5,1804,7.97,0.64,6
43,2015-11-14,Chirag Guha,Sean Terry,NA,2026,,1,1821,8.24,0.27,7
44,2015-11-15,Chirag Guha,Elliot Cocks,NA,1906,,0,1811,8.66,0.42,7
45,2015-11-17,Chirag Guha,Rich Reynolds,NA,1906,,1,1825,9.08,0.42,8
46,2015-11-24,Chirag Guha,Iain Brodie,NA,1954,,1,1840,9.44,0.36,9
47,2015-12-05,Chirag Guha,Abhishek Thakar,NA,1578,,1,1845,10.27,0.83,10
48,2015-12-05,Chirag Guha,Ben Volland,NA,1740,,0,1829,10.92,0.65,10
49,2015-12-06,Chirag Guha,Seny D Denisov,NA,1842,,1,1841,11.43,0.51,11
1,2015-07-29,Chris Fox,Hugh Price,245,1626,E1,1,1873,0.8,0.8,1
2,2015-09-02,Chris Fox,Charles Summers,299,1950,E1,0,1863,1.19,0.39,1
3,2015-09-09,Chris Fox,Guy Wagner,322,1833,E1,1,1874,1.74,0.55,2
4,2015-09-21,Chris Fox,Roger Phillips,242,1520,E1,1,1877,2.63,0.89,3
5,2015-09-22,Chris Fox,Simon Blackmore,19,1770,E1,0.5,1874,3.27,0.64,3.5
6,2015-10-06,Chris Fox,Benjamin Choo Yin,42,1866,E1,0,1862,3.77,0.5,3.5
7,2015-10-14,Chris Fox,Chris Green,114,1603,E1,1,1866,4.6,0.83,4.5
8,2015-10-27,Chris Fox,Jeff Rowland,270,1701,E1,0.5,1860,5.32,0.72,5
9,2015-11-04,Chris Fox,Alun Howell,132,1703,E1,0,1843,6.04,0.72,5
10,2015-11-05,Chris Fox,John Waterfield,NA,1957,G2,0,1834,6.42,0.38,5
11,2015-11-11,Chris Fox,Rod Gough,109,1808,E1,0,1820,7,0.58,5
12,2015-11-23,Chris Fox,Chris Peters,240,1621,E1,1,1825,7.81,0.81,6
13,2015-12-02,Chris Fox,Paul Bridges,26,1892,E2,0.5,1825,8.28,0.47,6.5
14,2015-12-09,Chris Fox,Ken Hannah,121,1702,E1,0.5,1820,9,0.72,7
15,2015-12-12,Chris Fox,Tim Kett,170,2282,E3,0,1818,9.1,0.1,7
1,2015-09-07,Chris Golding,Nadi Grewal,115,1402,E1,1,1335,0.38,0.38,1
2,2015-10-20,Chris Golding,Liam PENNY,238,1603,E1,1,1362,0.53,0.15,2
1,2015-09-14,Chris Green,Alun Howell,132,1703,E1,0,1594,0.36,0.36,0
2,2015-09-21,Chris Green,Hiya Ray,255,1368,E2,1,1599,1.16,0.8,1
3,2015-10-14,Chris Green,Chris Fox,99,1868,E1,0,1595,1.33,0.17,1
4,2015-10-22,Chris Green,Ken Curry,61,1162,E1,0.5,1585,2.23,0.9,1.5
5,2015-11-19,Chris Green,John Stephenson,296,1334,E1,0.5,1578,3.06,0.83,2
6,2015-11-24,Chris Green,Benjamin Choo Yin,42,1853,E2,0,1573,3.25,0.19,2
7,2015-12-10,Chris Green,Daniel Wilmot,344,1690,E1,0,1564,3.63,0.38,2
8,2015-12-14,Chris Green,Chris Peters,240,1621,E1,1,1577,4.1,0.47,3
1,2015-09-07,Chris Hooper,Viv Martin,198,1617,E1,0.5,1405,0.22,0.22,0.5
2,2015-09-22,Chris Hooper,Rob Large,175,1382,E1,0.5,1404,0.74,0.52,1
3,2015-10-12,Chris Hooper,Clive SILVER,275,1505,E1,1,1425,1.09,0.35,2
4,2015-10-13,Chris Hooper,Gavin Williams,338,1692,E1,0.5,1436,1.24,0.15,2.5
5,2015-10-20,Chris Hooper,David HAMBROOK,120,1573,E1,0,1428,1.51,0.27,2.5
6,2015-10-27,Chris Hooper,David Thorne,309,1519,E1,0,1417,1.84,0.33,2.5
7,2015-11-17,Chris Hooper,Susanna Fraser,101,1441,E2,0.5,1419,2.28,0.44,3
8,2015-12-16,Chris Hooper,Joe Fathallah,96,2046,E2,0,1416,2.38,0.1,3
9,2015-12-22,Chris Hooper,Peter Watkins,331,1424,E1,0.5,1417,2.84,0.46,3.5
1,2015-09-01,Chris Howells,Rob Dineen,85,1860,,1,2004,0.69,0.69,1
2,2015-09-03,Chris Howells,Dai James,147,1908,,0,1990,1.31,0.62,1
3,2015-09-15,Chris Howells,Edward Donovan,88,1673,,0,1969,2.18,0.87,1
4,2015-09-16,Chris Howells,Albert Easton,NA,1522,,1,1971,3.08,0.9,2
5,2015-09-22,Chris Howells,Les Philpin,NA,1587,,1,1973,3.98,0.9,3
6,2015-09-22,Chris Howells,Bob Hurn,140,1623,,1,1976,4.88,0.9,4
7,2015-10-05,Chris Howells,Gary Harber,NA,1363,,1,1978,5.78,0.9,5
8,2015-10-12,Chris Howells,Harry Lewis,NA,1014,,1,1981,6.68,0.9,6
9,2015-10-14,Chris Howells,Kam Choo yin,44,1572,,0,1959,7.58,0.9,6
10,2015-10-19,Chris Howells,Neil Owen,229,1750,,1,1964,8.39,0.81,7
11,2015-10-21,Chris Howells,Anthony Beck,NA,1452,,0,1942,9.29,0.9,7
12,2015-10-27,Chris Howells,Ben Thomas,303,2058,,0,1932,9.7,0.41,7
13,2015-10-28,Chris Howells,Keith Downey,NA,1783,,0,1913,10.48,0.78,7
14,2015-11-02,Chris Howells,Craig Evans,NA,2088,,0.5,1917,10.85,0.37,7.5
15,2015-11-03,Chris Howells,Dave R Lewis,178,1903,,0,1901,11.48,0.63,7.5
16,2015-11-09,Chris Howells,James Thomas,304,2007,,0,1890,11.97,0.49,7.5
17,2015-11-10,Chris Howells,Bob Moore,NA,1978,,0.5,1889,12.5,0.53,8
18,2015-11-16,Chris Howells,Nicholas Evans,NA,1992,,0,1877,13.01,0.51,8
19,2015-11-29,Chris Howells,Dai James,147,1979,,0,1864,13.54,0.53,8
20,2015-12-01,Chris Howells,Javier Martin Perez,196,2037,FM,0,1853,13.98,0.44,8
21,2015-12-07,Chris Howells,David Perrett,239,1945,,0.5,1852,14.55,0.57,8.5
22,2015-12-09,Chris Howells,David Guy,NA,1901,,0.5,1849,15.18,0.63,9
23,2015-12-15,Chris Howells,John McGregor,205,1855,,0,1832,15.87,0.69,9
24,2015-12-17,Chris Howells,Keith Thompson,308,1930,,0,1818,16.46,0.59,9
1,2015-08-24,Chris Kavanagh,Bob Hurn,140,1687,E1,0,1208,0.1,0.1,0
1,2015-07-13,Chris Peters,Lauren Davies,71,1402,E1,0,1602,0.78,0.78,0
2,2015-07-27,Chris Peters,Gwilym Moses,216,862,E1,1,1605,1.68,0.9,1
3,2015-08-10,Chris Peters,David Robinson,267,1955,E1,0,1602,1.8,0.12,1
4,2015-09-14,Chris Peters,Hiya Ray,255,1368,E2,1,1606,2.61,0.81,2
5,2015-10-12,Chris Peters,Ken Hannah,121,1702,E1,0,1597,3,0.39,2
6,2015-10-19,Chris Peters,lyn holland,NA,1499,G1,0.5,1593,3.67,0.67,2.5
7,2015-10-21,Chris Peters,Alan Spice,290,2043,E1,0,1591,3.77,0.1,2.5
8,2015-10-27,Chris Peters,Phil Smith,288,1471,E1,0.5,1586,4.47,0.7,3
9,2015-11-02,Chris Peters,Bob Owen,228,1378,E1,1,1591,5.27,0.8,4
10,2015-11-09,Chris Peters,Jason Grice,116,1037,E1,1,1593,6.17,0.9,5
11,2015-11-10,Chris Peters,Dafydd Chapman,37,974,E1,0.5,1583,7.07,0.9,5.5
12,2015-11-23,Chris Peters,Chris Fox,99,1868,E1,0,1579,7.26,0.19,5.5
13,2015-12-14,Chris Peters,Chris Green,114,1603,E1,0,1566,7.79,0.53,5.5
1,2015-09-08,Cian Grattidge,Hiya Ray,255,1368,E2,0,1056,0.14,0.14,0
2,2015-09-16,Cian Grattidge,Dafydd Chapman,37,974,E1,0,1036,0.76,0.62,0
3,2015-09-23,Cian Grattidge,Ethan Chung,48,1128,E1,0,1023,1.16,0.4,0
4,2015-09-29,Cian Grattidge,Tom Stanton,293,950,E1,0,1002,1.81,0.65,0
5,2015-10-06,Cian Grattidge,Connor Evans,94,850,E1,0.5,993,2.58,0.77,0.5
6,2015-10-20,Cian Grattidge,Rhys Wynn Newton,221,950,E1,0,973,3.23,0.65,0.5
7,2015-11-24,Cian Grattidge,Madeleine Davis,78,850,E1,1,980,4,0.77,1.5
8,2015-12-08,Cian Grattidge,Efan Lewis,179,850,E1,1,987,4.77,0.77,2.5
9,2015-12-15,Cian Grattidge,Rhys Matthews,200,850,E1,0.5,979,5.54,0.77,3
1,2015-10-06,Clive Crowley,Mike Kearn,166,1623,E1,0.5,1486,0.31,0.31,0.5
2,2015-10-22,Clive Crowley,Viv Martin,198,1617,E1,0,1476,0.62,0.31,0.5
1,2015-08-10,Clive Silver,John D Thornton,310,2013,E1,0,1502,0.1,0.1,0
2,2015-08-17,Clive Silver,Beryl Hughes,135,1551,E1,0,1488,0.54,0.44,0
3,2015-09-03,Clive Silver,Jeff Rowland,270,1701,E1,0.5,1496,0.78,0.24,0.5
4,2015-09-14,Clive Silver,Sam Warburton,328,1635,E1,0.5,1502,1.1,0.32,1
5,2015-09-16,Clive Silver,Dwain Jones,154,1248,E1,0,1476,1.92,0.82,1
6,2015-09-22,Clive Silver,Peter Ballantyne,11,1641,E1,0.5,1481,2.24,0.32,1.5
7,2015-09-28,Clive Silver,Nadi Grewal,115,1402,E1,0.5,1477,2.88,0.64,2
8,2015-10-12,Clive Silver,Chris Hooper,131,1396,E1,0,1456,3.53,0.65,2
9,2015-10-19,Clive Silver,Peter Ballantyne,11,1641,E1,0,1446,3.85,0.32,2
10,2015-11-02,Clive Silver,Steve Lindsay,184,1765,E1,0,1440,4.03,0.18,2
11,2015-11-04,Clive Silver,Conor Hunt,139,1687,E1,0,1432,4.29,0.26,2
12,2015-11-16,Clive Silver,Peter Ehsandar,92,2038,E1,0,1429,4.39,0.1,2
13,2015-11-23,Clive Silver,Ionut Dragan,89,1180,E1,0,1401,5.26,0.87,2
14,2015-11-25,Clive Silver,Anlan Qiu,249,1448,E1,0,1382,5.84,0.58,2
15,2015-11-29,Clive Silver,Maurice Barnett,12,1104,E1,0,1353,6.74,0.9,2
16,2015-12-08,Clive Silver,Dafydd Chapman,37,974,E1,0.5,1341,7.64,0.9,2.5
17,2015-12-14,Clive Silver,Stephen Bonutto,22,1326,E2,0,1317,8.38,0.74,2.5
1,2015-10-06,Connor Evans,Cian Grattidge,113,1060,E1,0.5,859,0.23,0.23,0.5
2,2015-11-10,Connor Evans,Tom Stanton,293,950,E1,0,847,0.59,0.36,0.5
3,2015-11-24,Connor Evans,Rhys Wynn Newton,221,950,E1,0,836,0.95,0.36,0.5
4,2015-12-08,Connor Evans,Rhys Wynn Newton,221,950,E1,0,824,1.31,0.36,0.5
1,2015-09-22,Conor Hunt,Liam Penny,238,1603,E1,0,1672,0.62,0.62,0
2,2015-09-23,Conor Hunt,Keith Thompson,308,1900,E1,0,1667,0.85,0.23,0
3,2015-09-29,Conor Hunt,Daniel Griffiths,117,1389,E1,1,1670,1.7,0.85,1
4,2015-10-07,Conor Hunt,Anthony Baker,10,1621,E1,0,1656,2.29,0.59,1
5,2015-10-14,Conor Hunt,Vaseekaran Sivarajasingam,278,1566,E1,0.5,1652,2.96,0.67,1.5
6,2015-10-26,Conor Hunt,Steve Lindsay,184,1765,E1,0,1643,3.35,0.39,1.5
7,2015-10-27,Conor Hunt,Edward Mason,199,1425,E1,0.5,1635,4.17,0.82,2
8,2015-11-04,Conor Hunt,Clive Silver,275,1505,E1,1,1641,4.91,0.74,3
9,2015-11-18,Conor Hunt,Edward Donovan,88,1673,E1,0,1629,5.43,0.52,3
10,2015-11-23,Conor Hunt,Mike Servini,273,1590,E1,1,1638,6.06,0.63,4
11,2015-12-02,Conor Hunt,David Rovaretti,269,1701,E2,1,1650,6.54,0.48,5
1,2015-09-02,Cyril Ley,Vaseekaran Sivarajasingam,278,1566,E1,0.5,1670,0.65,0.65,0.5
2,2015-09-16,Cyril Ley,Edward Mason,199,1425,E1,0.5,1663,1.46,0.81,1
3,2015-09-28,Cyril Ley,Justin Morgans,213,1655,E1,0,1650,1.99,0.53,1
4,2015-10-12,Cyril Ley,Sam Warburton,328,1635,E1,0.5,1649,2.54,0.55,1.5
5,2015-10-22,Cyril Ley,Steve Christmas,47,1955,E1,0.5,1657,2.7,0.16,2
6,2015-10-26,Cyril Ley,Daniel Griffiths,117,1389,E1,0.5,1649,3.54,0.84,2.5
7,2015-11-03,Cyril Ley,Andrew Di-Vetta,84,1641,E1,1,1660,4.09,0.55,3.5
1,2015-08-29,Dafydd Chapman,Mohammed Binesmael,18,1635,E1,0,971,0.1,0.1,0
2,2015-08-29,Dafydd Chapman,Rolandas Puras,NA,1299,G1,0,967,0.23,0.13,0
3,2015-08-30,Dafydd Chapman,David McIntosh,NA,1122,G1,0.5,973,0.53,0.3,0.5
4,2015-08-31,Dafydd Chapman,Martyn Maber,NA,1474,ECF,0,970,0.63,0.1,0.5
5,2015-08-31,Dafydd Chapman,Neya Govindaraj,110,1384,E1,0,967,0.73,0.1,0.5
6,2015-09-01,Dafydd Chapman,Anlan Qiu,249,1448,E1,0,963,0.83,0.1,0.5
7,2015-09-08,Dafydd Chapman,Aviral Batra,14,986,E1,1,980,1.31,0.48,1.5
8,2015-09-16,Dafydd Chapman,Cian Grattidge,113,1060,E1,1,1000,1.69,0.38,2.5
9,2015-09-22,Dafydd Chapman,Peter Williams,340,1190,E1,0,993,1.91,0.22,2.5
10,2015-09-29,Dafydd Chapman,Ian Burrows,32,1184,E1,1,1018,2.14,0.23,3.5
11,2015-10-06,Dafydd Chapman,Madeleine Davis,78,850,E1,1,1028,2.81,0.67,4.5
12,2015-10-09,Dafydd Chapman,John Cox,55,1467,E1,0.5,1041,2.91,0.1,5
13,2015-10-11,Dafydd Chapman,Madelaine Smith,NA,1109,G1,1,1063,3.23,0.32,6
14,2015-10-11,Dafydd Chapman,Susanna Fraser,101,1441,E2,0,1059,3.33,0.1,6
15,2015-10-27,Dafydd Chapman,Rob Large,175,1382,E1,1,1088,3.43,0.1,7
16,2015-11-10,Dafydd Chapman,Chris Peters,240,1621,E1,0.5,1101,3.53,0.1,7.5
17,2015-12-08,Dafydd Chapman,Clive Silver,275,1505,E1,0.5,1114,3.63,0.1,8
18,2015-12-16,Dafydd Chapman,Duncan MacDonald,192,1422,E2,0.5,1127,3.73,0.1,8.5
1,2015-11-30,Dafydd Richards,Rachel McIntosh,NA,983,G1,0,840,0.32,0.32,0
2,2015-12-15,Dafydd Richards,Tom Stanton,293,950,E1,0,828,0.68,0.36,0
1,2015-07-11,Dai James,Bob Hurn,140,1687,,1,1913,0.78,0.78,1
2,2015-07-11,Dai James,Jack Rudd,NA,2247,FM,0,1910,0.9,0.12,1
3,2015-07-12,Dai James,Kevin O'Rourke,225,1130,,1,1913,1.8,0.9,2
4,2015-07-13,Dai James,Ali Reza Jaunooby,NA,2266,,0.5,1922,1.9,0.1,2.5
5,2015-07-13,Dai James,Jesper Morch Lauridsen,NA,2316,FM,0,1920,2,0.1,2.5
6,2015-07-14,Dai James,Alex Bullen,31,2104,,0,1914,2.24,0.24,2.5
7,2015-07-15,Dai James,Richard Livermore,NA,1698,,1,1920,3.01,0.77,3.5
8,2015-07-15,Dai James,Aishwarya Lutchman Singh,188,1566,,1,1922,3.9,0.89,4.5
9,2015-07-16,Dai James,Alan Young,NA,2108,,0,1917,4.14,0.24,4.5
10,2015-08-03,Dai James,Howard Lloyd,186,1367,,1,1919,5.04,0.9,5.5
11,2015-08-10,Dai James,Roger Phillips,242,1520,,1,1921,5.94,0.9,6.5
12,2015-08-17,Dai James,Jim Davies,69,1226,,1,1924,6.84,0.9,7.5
13,2015-08-20,Dai James,George Pyrich,NA,1956,,0.5,1926,7.27,0.43,8
14,2015-08-24,Dai James,Roy Thomas,305,1697,,1,1931,8.04,0.77,9
15,2015-08-28,Dai James,John Cox,55,1467,,1,1933,8.94,0.9,10
16,2015-08-29,Dai James,John Syner,NA,2048,,0.5,1938,9.25,0.31,10.5
17,2015-08-29,Dai James,Tony Haigh,NA,1859,,0.5,1936,9.82,0.57,11
18,2015-08-30,Dai James,Walter Saunders,NA,1946,,0.5,1938,10.27,0.45,11.5
19,2015-08-31,Dai James,Robert Graham Taylor,NA,1989,,1,1952,10.66,0.39,12.5
20,2015-08-31,Dai James,John Waterfield,NA,1976,,1,1967,11.06,0.4,13.5
21,2015-09-03,Dai James,Chris Howells,133,1997,,1,1981,11.44,0.38,14.5
22,2015-09-07,Dai James,Craig Evans,NA,2088,,0.5,1987,11.7,0.26,15
23,2015-09-21,Dai James,Alex Bullen,31,2141,,0.5,1994,11.9,0.2,15.5
24,2015-09-22,Dai James,Juan Rodriguez,268,2013,,0,1986,12.26,0.36,15.5
25,2015-09-28,Dai James,Jonathan Gilbert,NA,2074,,0,1979,12.54,0.28,15.5
26,2015-10-05,Dai James,Peter Watkins,331,1424,,1,1981,0.9,0.9,1
27,2015-10-10,Dai James,Bob Hurn,140,1623,,1,1984,1.8,0.9,2
28,2015-10-10,Dai James,Nigel Ralphs,251,2059,,0,1974,2.19,0.39,2
29,2015-10-11,Dai James,Simon Blackmore,19,1770,,1,1980,2.96,0.77,3
30,2015-10-12,Dai James,Steve Curtis,62,2032,,0,1970,3.39,0.43,3
31,2015-10-26,Dai James,Robert Taylor,NA,1989,,0.5,1970,3.88,0.49,3.5
32,2015-11-01,Dai James,Gerry Heap,NA,2190,,0,1964,4.11,0.23,3.5
33,2015-11-02,Dai James,Sam Warburton,328,1635,,1,1967,5,0.89,4.5
34,2015-11-12,Dai James,Peter Heaven,125,2144,,1,1984,5.28,0.28,5.5
35,2015-11-19,Dai James,Tim Kett,170,2282,,0,1981,5.42,0.14,5.5
36,2015-11-23,Dai James,Bob Hurn,140,1623,,0.5,1971,6.32,0.9,6
37,2015-11-29,Dai James,Chris Howells,133,1997,,1,1984,6.79,0.47,7
38,2015-11-30,Dai James,Matthew Davies,NA,2017,,0.5,1985,7.24,0.45,7.5
39,2015-12-10,Dai James,Rhys Steele,294,2040,,0.5,1987,7.65,0.41,8
40,2015-12-14,Dai James,Neil Owen,229,1750,,0.5,1980,8.44,0.79,8.5
1,2015-09-07,Damon Davies,Peter Warden,329,1408,,1,1787,0.9,0.9,1
2,2015-09-17,Damon Davies,Andrew Gibbons,NA,2027,,0,1783,1.1,0.2,1
3,2015-09-21,Damon Davies,Alun Howell,132,1703,,0.5,1780,1.71,0.61,1.5
4,2015-09-23,Damon Davies,Hywel Griffiths,NA,1838,,0,1770,2.14,0.43,1.5
5,2015-10-12,Damon Davies,Sam Jukes,163,1735,,0.5,1768,2.71,0.57,2
6,2015-10-21,Damon Davies,Walter Braun,25,2244,FM,0,1766,2.81,0.1,2
7,2015-10-28,Damon Davies,Ralph Cook,NA,1606,,0.5,1760,3.55,0.74,2.5
8,2015-11-05,Damon Davies,Paul Scott,NA,1595,,1,1766,4.3,0.75,3.5
9,2015-11-23,Damon Davies,Peter Quinn,250,1895,,0.5,1769,4.65,0.35,4
10,2015-11-25,Damon Davies,Keith Thompson,308,1930,,0.5,1774,4.95,0.3,4.5
11,2015-11-30,Damon Davies,Peter Heaven,125,2144,,1,1796,5.05,0.1,5.5
12,2015-12-03,Damon Davies,Phil Helliwell,NA,1621,,1,1803,5.77,0.72,6.5
13,2015-12-14,Damon Davies,Matthew Parry,231,2061,,0,1799,5.93,0.16,6.5
14,2015-12-17,Damon Davies,Paul Bevan,NA,1373,,1,1801,6.83,0.9,7.5
1,2015-09-01,Daniel Griffiths,David Rovaretti,269,1598,E1,0,1382,0.23,0.23,0
2,2015-09-08,Daniel Griffiths,Celso Bettencourt Pinto,243,2039,E1,0,1378,0.33,0.1,0
3,2015-09-15,Daniel Griffiths,Allan Fisher,97,1537,E1,1,1401,0.63,0.3,1
4,2015-09-16,Daniel Griffiths,Steve Lindsay,184,1765,E1,0,1398,0.73,0.1,1
5,2015-09-17,Daniel Griffiths,Anlan Qiu,249,1448,E1,0.5,1400,1.15,0.42,1.5
6,2015-09-29,Daniel Griffiths,Conor Hunt,139,1687,E1,0,1395,1.3,0.15,1.5
7,2015-10-07,Daniel Griffiths,James Williams,339,970,E1,1,1399,2.2,0.9,2.5
8,2015-10-26,Daniel Griffiths,Cyril Ley,182,1674,E1,0.5,1409,2.36,0.16,3
9,2015-11-04,Daniel Griffiths,Anlan Qiu,249,1448,E1,0.5,1412,2.78,0.42,3.5
10,2015-11-18,Daniel Griffiths,Keith Thompson,308,1900,E1,0,1409,2.88,0.1,3.5
11,2015-11-20,Daniel Griffiths,Daniel Wilmot,344,1690,E1,0,1404,3.02,0.14,3.5
12,2015-11-21,Daniel Griffiths,Albert Easton,NA,1522,W1,0,1394,3.34,0.32,3.5
13,2015-11-21,Daniel Griffiths,Ian Eustis,NA,1769,W1,0.5,1407,3.44,0.1,4
14,2015-11-22,Daniel Griffiths,Steve Williams (Cwm),NA,1797,G3,0,1404,3.54,0.1,4
15,2015-11-22,Daniel Griffiths,Allan Williams,336,1250,E1,1,1414,4.23,0.69,5
16,2015-11-23,Daniel Griffiths,Aishwarya Lutchman Singh,188,1496,E2,0.5,1418,4.58,0.35,5.5
17,2015-11-25,Daniel Griffiths,Edward Donovan,88,1818,E2,0,1415,4.68,0.1,5.5
1,2015-09-01,Daniel Jaberansari,Aviral Batra,14,986,E1,1,1224,0.79,0.79,1
2,2015-09-14,Daniel Jaberansari,Ken Wardle,330,1570,E1,0,1220,0.9,0.11,1
3,2015-09-21,Daniel Jaberansari,Rishi Paul,234,865,E1,1,1224,1.79,0.89,2
4,2015-09-28,Daniel Jaberansari,Stephen Bonutto,22,1193,E1,1,1239,2.32,0.53,3
5,2015-10-03,Daniel Jaberansari,Tejas Rao,NA,834,ECF,1,1242,3.22,0.9,4
6,2015-10-03,Daniel Jaberansari,Avril Chloe Hsu,NA,1018,ECF,1,1250,3.98,0.76,5
7,2015-10-03,Daniel Jaberansari,Adiveer Baweja,NA,722,ECF,1,1253,4.88,0.9,6
8,2015-10-04,Daniel Jaberansari,Mathilde Willson-Drummond,NA,1114,ECF,1,1264,5.52,0.64,7
9,2015-10-04,Daniel Jaberansari,Arthur Chikovsky,NA,1298,ECF,1,1284,5.91,0.39,8
10,2015-10-05,Daniel Jaberansari,John Cox,55,1467,E1,0,1278,6.1,0.19,8
11,2015-10-10,Daniel Jaberansari,Neya Govindaraj,110,1373,E2,0.5,1285,6.39,0.29,8.5
12,2015-10-10,Daniel Jaberansari,George Smith,NA,1237,G1,0,1269,6.86,0.47,8.5
13,2015-10-11,Daniel Jaberansari,Neil Stevenson,NA,1285,G1,0,1257,7.26,0.4,8.5
14,2015-10-12,Daniel Jaberansari,Callum Smith,283,858,E1,0.5,1244,8.16,0.9,9
15,2015-10-17,Daniel Jaberansari,David Jones,152,909,E1,1,1248,9.02,0.86,10
16,2015-10-20,Daniel Jaberansari,Anthony Williams,337,1082,E1,1,1259,9.7,0.68,11
17,2015-10-26,Daniel Jaberansari,Lyn Holland,NA,1499,G1,0,1253,9.86,0.16,11
18,2015-11-02,Daniel Jaberansari,Gareth Davies,66,1375,E1,0,1244,10.15,0.29,11
19,2015-11-09,Daniel Jaberansari,Dave Morris,215,1048,E1,1,1253,10.87,0.72,12
20,2015-11-12,Daniel Jaberansari,Rob Large,175,1382,E1,0.5,1260,11.15,0.28,12.5
21,2015-12-05,Daniel Jaberansari,Gabrielle Prescot,NA,1100,Est,1,1271,11.81,0.66,13.5
22,2015-12-05,Daniel Jaberansari,Andrew McMillan,NA,1324,Sco-adj,0.5,1276,12.16,0.35,14
23,2015-12-06,Daniel Jaberansari,Seth Collinson,NA,1610,ECF,0,1273,12.26,0.1,14
24,2015-12-14,Daniel Jaberansari,Milo Davies,73,850,E1,1,1276,13.16,0.9,15
25,2015-12-16,Daniel Jaberansari,Ethan Chung,48,1318,E3,0,1264,13.52,0.36,15
1,2015-09-28,Daniel Wilmot,Rod Gough,109,1808,E1,0,1682,0.34,0.34,0
2,2015-10-12,Daniel Wilmot,Michael Arribas-Ayllon,8,1764,E1,1,1696,0.74,0.4,1
3,2015-10-26,Daniel Wilmot,Richard Livermore,NA,1698,G1,1,1708,1.23,0.49,2
4,2015-10-27,Daniel Wilmot,Gareth Davies,66,1375,E1,1,1712,2.1,0.87,3
5,2015-11-02,Daniel Wilmot,Mike Servini,273,1590,E1,0.5,1708,2.74,0.64,3.5
6,2015-11-12,Daniel Wilmot,Benjamin Choo Yin,42,1853,E2,1,1726,3.02,0.28,4.5
7,2015-11-20,Daniel Wilmot,Daniel Griffiths,117,1389,E1,1,1729,3.88,0.86,5.5
8,2015-11-21,Daniel Wilmot,Steve Williams (Cwm),NA,1797,G3,1,1744,4.23,0.35,6.5
9,2015-11-21,Daniel Wilmot,Les Philpin,NA,1587,W1,1,1753,4.87,0.64,7.5
10,2015-11-22,Daniel Wilmot,Edward Donovan,88,1673,E1,1,1765,5.39,0.52,8.5
11,2015-11-22,Daniel Wilmot,Neil Stuart,297,1782,E1,0.5,1768,5.76,0.37,9
12,2015-11-30,Daniel Wilmot,Sam Jukes,163,1735,E2,1,1781,6.2,0.44,10
13,2015-12-01,Daniel Wilmot,David Hambrook,120,1573,E1,0.5,1777,6.86,0.66,10.5
14,2015-12-10,Daniel Wilmot,Chris Green,114,1603,E1,1,1786,7.48,0.62,11.5
1,2015-09-21,Dantu Sridatta,Ben jaberansari,144,850,E1,1,887,0.53,0.53,1
2,2015-10-12,Dantu Sridatta,Milo Davies,73,850,E1,1,902,1.06,0.53,2
1,2015-10-12,Dave A Lewis,Ethan Chung,48,1207,E2,1,1677,0.9,0.9,1
2,2015-12-07,Dave A Lewis,Jeremy Jones,157,1541,E1,1,1685,1.58,0.68,2
1,2015-09-07,Dave Mahoney,David Cleverly,52,1791,E1,0,1340,0.1,0.1,0
2,2015-09-21,Dave Mahoney,Mike Maguire,194,1672,E1,0,1336,0.22,0.12,0
3,2015-09-24,Dave Mahoney,Matthew Parry,231,1990,E1,0,1333,0.32,0.1,0
4,2015-10-05,Dave Mahoney,Rob Large,175,1382,E1,0,1318,0.77,0.45,0
5,2015-10-22,Dave Mahoney,Jason Grice,116,1037,E1,1,1323,1.63,0.86,1
6,2015-11-16,Dave Mahoney,Roy Purnell,247,1194,E1,1,1332,2.33,0.7,2
7,2015-11-23,Dave Mahoney,Mike Joslin,161,1376,E1,1,1350,2.78,0.45,3
1,2015-09-22,Dave Morris,Callum Smith,283,858,E1,0,1024,0.75,0.75,0
2,2015-09-29,Dave Morris,Jim Davies,69,1226,E1,0.5,1032,1.01,0.26,0.5
3,2015-10-12,Dave Morris,Sanay Goyal,112,850,E1,1,1039,1.77,0.76,1.5
4,2015-10-27,Dave Morris,Len Skinner,280,1482,E1,0.5,1052,1.87,0.1,2
5,2015-11-09,Dave Morris,Daniel Jaberansari,145,1217,E1,0,1043,2.15,0.28,2
6,2015-11-24,Dave Morris,Ray Denyer,82,850,E1,0,1019,2.91,0.76,2
1,2015-09-28,Dave Parsons,Martin Ricketts,263,1384,E1,0.5,1787,0.9,0.9,0.5
2,2015-10-12,Dave Parsons,Mike Cram,56,1775,E1,1,1799,1.43,0.53,1.5
3,2015-10-19,Dave Parsons,Rod Gough,109,1808,E1,0.5,1799,1.91,0.48,2
4,2015-10-22,Dave Parsons,Martin Ricketts,263,1384,E1,0.5,1790,2.81,0.9,2.5
5,2015-11-02,Dave Parsons,Aron Calist,33,1380,E1,1,1792,3.71,0.9,3.5
6,2015-11-23,Dave Parsons,Keith Thompson,308,1930,E2,0.5,1796,4.03,0.32,4
7,2015-11-30,Dave Parsons,Roger Phillips,242,1520,E1,0.5,1788,4.87,0.84,4.5
8,2015-12-09,Dave Parsons,Derek Smith,285,1849,E1,0.5,1790,5.3,0.43,5
1,2015-09-02,Dave R Lewis,Shayanna Sivarajasingam,277,1699,,0,1885,0.76,0.76,0
2,2015-09-16,Dave R Lewis,Guy Wagner,322,1833,,1,1894,1.36,0.6,1
3,2015-09-28,Dave R Lewis,Neil Owen,229,1750,,1,1901,2.07,0.71,2
4,2015-10-26,Dave R Lewis,Javier Martin Perez,196,2037,FM,0.5,1906,2.39,0.32,2.5
5,2015-11-03,Dave R Lewis,Chris Howells,133,1997,,1,1921,2.76,0.37,3.5
6,2015-11-16,Dave R Lewis,Bob Hurn,140,1623,,1,1925,3.6,0.84,4.5
7,2015-11-21,Dave R Lewis,Dave Williams,NA,1684,,1,1930,4.38,0.78,5.5
8,2015-11-21,Dave R Lewis,Peter Bevan,NA,2026,,1,1946,4.71,0.33,6.5
9,2015-11-22,Dave R Lewis,Jason Garcia,NA,2071,,0.5,1951,4.99,0.28,7
10,2015-11-22,Dave R Lewis,Gerry Heap,NA,2190,,1,1971,5.15,0.16,8
11,2015-12-01,Dave R Lewis,Rob Dineen,85,1860,,0.5,1970,5.71,0.56,8.5
1,2015-09-07,David Cleverly,Dave Mahoney,195,1343,E1,1,1793,0.9,0.9,1
2,2015-09-14,David Cleverly,Beryl Hughes,135,1551,E1,1,1798,1.7,0.8,2
3,2015-09-21,David Cleverly,Kam Choo Yin,44,1572,E1,0,1779,2.48,0.78,2
4,2015-09-28,David Cleverly,Steve Christmas,47,1955,E1,0.5,1785,2.76,0.28,2.5
5,2015-10-12,David Cleverly,Steve Lindsay,184,1765,E1,1,1796,3.3,0.54,3.5
6,2015-11-09,David Cleverly,Neil Stuart,297,1782,E1,1,1808,3.81,0.51,4.5
7,2015-11-16,David Cleverly,Lyndon Todd,NA,1122,W1,1,1810,4.71,0.9,5.5
8,2015-12-02,David Cleverly,Guy wagner,322,1803,E2,0.5,1810,5.19,0.48,6
1,2015-08-25,David Hambrook,Benjamin Choo Yin,42,1866,E1,0,1568,0.15,0.15,0
2,2015-09-01,David Hambrook,Kam Choo Yin,44,1572,E1,1,1584,0.65,0.5,1
3,2015-09-29,David Hambrook,Andrew Di-Vetta,84,1641,E1,0.5,1587,1.05,0.4,1.5
4,2015-10-20,David Hambrook,Chris HOOPER,131,1396,E1,1,1596,1.78,0.73,2.5
5,2015-10-27,David Hambrook,Phil Jones,159,1343,E1,1,1603,2.57,0.79,3.5
6,2015-11-09,David Hambrook,Nadi Grewal,115,1402,E1,1,1611,3.3,0.73,4.5
7,2015-11-17,David Hambrook,Edward donovan,88,1673,E1,1,1632,3.66,0.36,5.5
8,2015-12-01,David Hambrook,Daniel Wilmot,344,1690,E1,0.5,1637,4,0.34,6
9,2015-12-15,David Hambrook,Mike Servini,273,1590,E1,0,1622,4.48,0.48,6
1,2015-09-14,David Jones,Jim Davies,69,1226,E1,0,905,0.13,0.13,0
2,2015-10-17,David Jones,Daniel Jaberansari,145,1217,E1,0,900,0.27,0.14,0
3,2015-10-22,David Jones,Steve Cunliffe,60,1967,E1,0,897,0.37,0.1,0
4,2015-11-02,David Jones,John Cox,55,1456,E2,0,894,0.47,0.1,0
5,2015-11-09,David Jones,Ken Wardle,330,1570,E1,0,891,0.57,0.1,0
6,2015-11-19,David Jones,Jason Grice,116,1037,E1,1,912,0.9,0.33,1
7,2015-11-24,David Jones,Roland Humphries,137,1160,E1,0,906,1.09,0.19,1
1,2015-09-02,David L Roberts,Peter Ehsandar,92,2038,E1,0,2089,0.58,0.58,0
2,2015-10-12,David L Roberts,Mark Adams,NA,1989,G1,1,2094,1.23,0.65,1
3,2015-11-01,David L Roberts,Nigel Ralphs,251,2059,E1,0,2086,1.78,0.55,1
4,2015-12-02,David L Roberts,Ben Thomas,303,2058,E1,0,2077,2.34,0.56,1
1,2015-09-07,David Llewellyn,Richard Livermore,NA,1698,,1,1953,0.81,0.81,1
2,2015-09-15,David Llewellyn,Matthew Parry,231,1990,,0.5,1954,1.25,0.44,1.5
3,2015-09-30,David Llewellyn,Celso Bettencourt Pinto,243,2039,,0.5,1957,1.62,0.37,2
4,2015-10-06,David Llewellyn,Peter Quinn,250,1895,,0.5,1955,2.19,0.57,2.5
5,2015-10-08,David Llewellyn,Peter Varley,NA,2190,FM,0.5,1963,2.39,0.2,3
6,2015-10-21,David Llewellyn,Keith Thompson,308,1900,,0,1949,2.96,0.57,3
7,2015-11-12,David Llewellyn,Roy Thomas,305,1772,,1,1955,3.69,0.73,4
8,2015-11-12,David Llewellyn,Dave Turner,NA,2015,,0.5,1958,4.1,0.41,4.5
9,2015-11-24,David Llewellyn,Ken Hannah,121,1702,,1,1962,4.91,0.81,5.5
10,2015-11-30,David Llewellyn,Andrew Trickey,313,1641,,1,1966,5.77,0.86,6.5
11,2015-12-15,David Llewellyn,Jonathan Gilbert,NA,2074,,0.5,1970,6.1,0.33,7
1,2015-09-09,David O'Donnell,Jeff Rowland,270,1701,E1,0.5,1829,0.68,0.68,0.5
2,2015-09-22,David O'Donnell,Gavin Williams,338,1692,E1,0.5,1824,1.37,0.69,1
3,2015-10-14,David O'Donnell,Shayanna Sivarajasingam,277,1699,E2,0,1808,2.05,0.68,1
1,2015-07-26,David Perrett,Sune Berg Hansen,NA,2566,GM,0,1943,0.1,0.1,0
2,2015-07-27,David Perrett,Anders Hansen,NA,1734,,1,1948,0.87,0.77,1
3,2015-07-27,David Perrett,Peter Birk Petersen,NA,2197,,0,1944,1.06,0.19,1
4,2015-07-28,David Perrett,Bjorn Robertsen,NA,1893,,1,1954,1.63,0.57,2
5,2015-07-29,David Perrett,Kristian Eriksson,NA,2177,,0.5,1961,1.84,0.21,2.5
6,2015-07-30,David Perrett,Claus Rossen,NA,2196,,0,1956,2.03,0.19,2.5
7,2015-07-30,David Perrett,Vincent Maesschalck,NA,1784,,1,1963,2.75,0.72,3.5
8,2015-07-31,David Perrett,Christian Salerno,NA,2129,,0.5,1969,3.01,0.26,4
9,2015-08-01,David Perrett,Iver Poulen,NA,2119,,0,1962,3.28,0.27,4
10,2015-08-02,David Perrett,Tore Kristiansen,NA,1784,,0.5,1957,4,0.72,4.5
11,2015-10-03,David Perrett,Zdenek Ruzicka,NA,2177,,1,1976,4.21,0.21,5.5
12,2015-10-04,David Perrett,Silvano Rossi,NA,1977,,1,1989,4.66,0.45,6.5
13,2015-10-05,David Perrett,Pauwer Deblauwe,NA,1897,,0.5,1987,5.23,0.57,7
14,2015-10-05,David Perrett,Johann Slacik,NA,1856,,0.5,1985,5.85,0.62,7.5
15,2015-10-12,David Perrett,S Wyn Howells,134,1664,,1,1988,6.69,0.84,8.5
16,2015-10-19,David Perrett,Ken Hannah,121,1702,,1,1993,7.49,0.8,9.5
17,2015-10-26,David Perrett,Tim Kett,170,2228,,0,1989,7.65,0.16,9.5
18,2015-11-02,David Perrett,Charles Summers,299,1950,,1,2002,8.14,0.49,10.5
19,2015-11-14,David Perrett,Steve Smith,NA,1769,,1,2008,8.87,0.73,11.5
20,2015-11-15,David Perrett,Maurice J Hill,NA,1858,,1,2017,9.49,0.62,12.5
21,2015-11-17,David Perrett,Gordon Cadden,NA,1838,,0.5,2014,10.14,0.65,13
22,2015-11-25,David Perrett,Shayanna Sivarajasingam,277,1745,,1,2019,10.9,0.76,14
23,2015-11-30,David Perrett,Bill Hunt,138,1796,,1,2027,11.6,0.7,15
24,2015-12-07,David Perrett,Chris Howells,133,1997,,0.5,2028,12.03,0.43,15.5
25,2015-12-15,David Perrett,Rob Dineen,85,1860,,0.5,2025,12.65,0.62,16
1,2015-09-08,David Roberts,Dwain Jones,154,1248,E1,1,1453,0.76,0.76,1
2,2015-09-10,David Roberts,Steve Christmas,47,1955,E1,0,1449,0.86,0.1,1
3,2015-09-16,David Roberts,Beryl Hughes,135,1551,E1,0,1438,1.21,0.35,1
4,2015-09-29,David Roberts,Duncan Macdonald,192,1378,E1,1,1451,1.8,0.59,2
5,2015-10-05,David Roberts,Nessie Georgion,104,1497,E1,0.5,1454,2.23,0.43,2.5
6,2015-10-19,David Roberts,Wayne James,149,1430,E1,0,1437,2.75,0.52,2.5
7,2015-10-26,David Roberts,Mike Servini,273,1590,E1,0.5,1443,3.05,0.3,3
8,2015-11-16,David Roberts,Will Harwood,124,1734,E1,1,1471,3.2,0.15,4
9,2015-11-23,David Roberts,John Stephenson,296,1334,E1,1,1482,3.85,0.65,5
10,2015-12-07,David Roberts,Nadi Grewal,115,1402,E1,0.5,1480,4.41,0.56,5.5
11,2015-12-14,David Roberts,Roger Phillips,242,1520,E1,0,1467,4.81,0.4,5.5
1,2015-07-06,David Robinson,Andrew Trickey,313,1641,E1,1,1958,0.87,0.87,1
2,2015-07-13,David Robinson,Brian Morris,214,850,E1,1,1961,1.77,0.9,2
3,2015-08-03,David Robinson,Lyndon Todd,NA,1122,W1,1,1963,2.67,0.9,3
4,2015-08-10,David Robinson,Chris Peters,240,1621,E1,1,1966,3.55,0.88,4
5,2015-08-24,David Robinson,Gwilym Moses,216,862,E1,1,1968,4.45,0.9,5
6,2015-09-07,David Robinson,Roy Thomas,305,1697,E1,0,1949,5.27,0.82,5
7,2015-09-15,David Robinson,Nigel Saunders,NA,1946,G1,0.5,1948,5.78,0.51,5.5
8,2015-09-21,David Robinson,John D Thornton,310,2013,E1,1,1962,6.2,0.42,6.5
9,2015-09-28,David Robinson,Russell Dodington,87,1778,E1,0.5,1957,6.93,0.73,7
10,2015-10-05,David Robinson,David Buttell,NA,1881,W1,1,1966,7.53,0.6,8
11,2015-10-12,David Robinson,Matthew Davies,NA,2017,W1,0.5,1968,7.94,0.41,8.5
12,2015-11-10,David Robinson,Roy Purnell,247,1194,E1,1,1971,8.84,0.9,9.5
13,2015-11-23,David Robinson,Joe Fathallah,96,2046,E2,0,1962,9.21,0.37,9.5
14,2015-11-25,David Robinson,Tom Brown,29,2142,E1,0,1956,9.46,0.25,9.5
15,2015-11-29,David Robinson,Alan Bennett,NA,2010,W1,0.5,1958,9.88,0.42,10
16,2015-11-30,David Robinson,Tim Kett,170,2282,E3,0,1955,10,0.12,10
17,2015-12-14,David Robinson,Rhys Steele,294,2040,E1,0.5,1958,10.38,0.38,10.5
1,2015-07-11,David Rovaretti,Allan J Pleasants,NA,2168,W1,0,1595,0.1,0.1,0
2,2015-07-11,David Rovaretti,Paul Bridges,26,1917,E1,1,1623,0.23,0.13,1
3,2015-07-12,David Rovaretti,Alan Young,NA,2108,W1,0,1619,0.33,0.1,1
4,2015-07-13,David Rovaretti,Tim Kett,170,2290,E1,0,1616,0.43,0.1,1
5,2015-07-13,David Rovaretti,John Cox,55,1467,E1,1,1626,1.11,0.68,2
6,2015-07-14,David Rovaretti,Brian GE Gosling,NA,1882,ECF,0,1621,1.27,0.16,2
7,2015-07-15,David Rovaretti,Ethan Chung,48,1128,E1,1,1625,2.17,0.9,3
8,2015-07-15,David Rovaretti,Charlie McLaren,NA,1978,ECF,0,1621,2.27,0.1,3
9,2015-07-16,David Rovaretti,Bob Hurn,140,1687,E1,1,1641,2.65,0.38,4
10,2015-07-17,David Rovaretti,Guy Wagner,322,1833,E1,0,1635,2.85,0.2,4
11,2015-08-28,David Rovaretti,Neil Stevenson,NA,1285,G1,1,1639,3.72,0.87,5
12,2015-08-29,David Rovaretti,Lyn Holland,NA,1499,G1,1,1650,4.36,0.64,6
13,2015-08-29,David Rovaretti,Andrew Worthington,347,1377,E1,1,1658,5.14,0.78,7
14,2015-08-30,David Rovaretti,Stephen Williams,NA,1694,G1,0,1646,5.51,0.37,7
15,2015-08-31,David Rovaretti,Jeremy Jones,157,1541,E1,1,1659,6.09,0.58,8
16,2015-08-31,David Rovaretti,Mohammed Binesmael,18,1635,E1,1,1677,6.54,0.45,9
17,2015-09-01,David Rovaretti,Daniel Griffiths,117,1389,E1,1,1684,7.31,0.77,10
18,2015-09-10,David Rovaretti,Dwain Jones,154,1248,E1,1,1688,8.2,0.89,11
19,2015-09-28,David Rovaretti,Karanvir Lutchman Singh,189,1631,E1,1,1705,8.65,0.45,12
20,2015-10-06,David Rovaretti,Peter Ballantyne,11,1641,E1,0.5,1707,9.09,0.44,12.5
21,2015-10-09,David Rovaretti,Paul Hatchett,NA,2061,G1,0,1704,9.19,0.1,12.5
22,2015-10-10,David Rovaretti,Hiya Ray,255,1368,E2,1,1711,9.98,0.79,13.5
23,2015-10-10,David Rovaretti,Adam May,NA,1975,W1,0,1707,10.08,0.1,13.5
24,2015-10-11,David Rovaretti,Roy Thomas,305,1772,E2,0,1699,10.35,0.27,13.5
25,2015-10-11,David Rovaretti,Andrew Di-Vetta,84,1641,E1,0.5,1701,10.79,0.44,14
26,2015-10-22,David Rovaretti,Mike Maguire,194,1672,E1,1,1716,0.54,0.54,1
27,2015-11-05,David Rovaretti,Jeff Rowland,270,1701,E1,0,1700,1.04,0.5,1
28,2015-11-16,David Rovaretti,S Wyn Howells,134,1664,E1,1,1714,1.59,0.55,2
29,2015-12-02,David Rovaretti,Conor Hunt,139,1687,E1,0,1697,2.11,0.52,2
1,2015-09-07,David Thorne,Steve Lindsay,184,1765,E1,0,1513,0.19,0.19,0
2,2015-10-14,David Thorne,Frank Trombley,315,1506,E1,1,1528,0.71,0.52,1
3,2015-10-20,David Thorne,Peter SLATER,281,1663,E1,0,1518,1.02,0.31,1
4,2015-10-27,David Thorne,Chris Hooper,131,1396,E1,1,1529,1.69,0.67,2
5,2015-12-02,David Thorne,Sam Warburton,328,1635,E1,0.5,1534,2.03,0.34,2.5
1,2015-08-28,David Tomboline,Stephen Horrell,NA,1698,G1,1,1938,0.8,0.8,1
2,2015-08-29,David Tomboline,Joe Fathallah,96,2059,E1,0,1930,1.13,0.33,1
3,2015-08-30,David Tomboline,David Buttell,NA,1881,W1,0,1916,1.7,0.57,1
4,2015-08-30,David Tomboline,Sam Jukes,163,1713,E1,1,1921,2.48,0.78,2
5,2015-08-31,David Tomboline,Benjamin Choo Yin,42,1866,E1,1,1931,3.07,0.59,3
6,2015-11-28,David Tomboline,Javier Ruano Marco,NA,2034,ECF,0.5,1935,3.43,0.36,3.5
7,2015-11-28,David Tomboline,Patryk Krzyzanowski,NA,2226,ECF,0,1931,3.58,0.15,3.5
8,2015-11-29,David Tomboline,Imogen Camp,NA,1790,N2,1,1939,4.27,0.69,4.5
9,2015-11-29,David Tomboline,Matthew Willson,NA,1922,ECF,0.5,1938,4.79,0.52,5
1,2015-09-07,Derek Jones,Matthew Davies,NA,2017,W1,0.5,1963,0.42,0.42,0.5
2,2015-09-16,Derek Jones,Alan Spice,290,2043,E1,0,1954,0.81,0.39,0.5
3,2015-10-21,Derek Jones,Peter Heaven,125,2144,E1,1,1971,1.07,0.26,1.5
4,2015-11-01,Derek Jones,Sam Jukes,163,1735,E2,1,1976,1.86,0.79,2.5
5,2015-11-11,Derek Jones,Dave Williams,NA,1684,G1,1,1980,2.7,0.84,3.5
6,2015-11-23,Derek Jones,Sam Jukes,163,1735,E2,1,1985,3.49,0.79,4.5
7,2015-11-25,Derek Jones,Jonathan Kell,168,1871,E1,1,1994,4.11,0.62,5.5
8,2015-11-29,Derek Jones,Rudy van Kemenade,NA,2052,D2,0,1985,4.48,0.37,5.5
9,2015-12-16,Derek Jones,Dave Williams,NA,1684,G1,0,1965,5.32,0.84,5.5
1,2015-09-02,Derek Smith,Guy Wagner,322,1833,E1,0.5,1849,0.52,0.52,0.5
2,2015-09-21,Derek Smith,Howard Lloyd,186,1367,E1,0,1827,1.42,0.9,0.5
3,2015-09-30,Derek Smith,Bill Hunt,138,1796,E1,1,1837,1.99,0.57,1.5
4,2015-10-06,Derek Smith,Alyssa Wang,325,1826,E1,0.5,1837,2.52,0.53,2
5,2015-10-14,Derek Smith,Sam White,333,1479,E1,1,1839,3.42,0.9,3
6,2015-11-11,Derek Smith,Alun Howell,132,1703,E1,0.5,1834,4.12,0.7,3.5
7,2015-11-23,Derek Smith,Len Skinner,280,1482,E1,1,1837,5.02,0.9,4.5
8,2015-12-09,Derek Smith,Dave Parsons,232,1797,E1,0.5,1835,5.59,0.57,5
1,2015-09-01,Donald Fraser,Emily Wang,327,1246,E1,1,1458,0.76,0.76,1
1,2015-08-15,Duncan MacDonald,Raghav Nayak,NA,1834,ECF,0,1375,0.1,0.1,0
2,2015-08-15,Duncan MacDonald,Jonathan Britnell,NA,1610,ECF,1,1400,0.31,0.21,1
3,2015-08-15,Duncan MacDonald,Adam Bennett,NA,1730,ECF,0.5,1413,0.42,0.11,1.5
4,2015-08-16,Duncan MacDonald,Robert Akeya-Price,NA,1682,ECF,0,1408,0.56,0.14,1.5
5,2015-08-16,Duncan MacDonald,Imogen A L Camp,NA,1813,N1,0,1405,0.66,0.1,1.5
6,2015-08-16,Duncan MacDonald,Arnav Srivastava,NA,962,ECF,0,1376,1.56,0.9,1.5
7,2015-09-01,Duncan MacDonald,Nessie georgion,104,1497,E1,0.5,1381,1.9,0.34,2
8,2015-09-21,Duncan MacDonald,Aishwarya Lutchman Singh,188,1496,E2,0,1370,2.24,0.34,2
9,2015-09-29,Duncan MacDonald,David Roberts,264,1445,E1,0,1357,2.65,0.41,2
10,2015-10-03,Duncan MacDonald,Hashir Sapra,NA,1426,ECF,1,1375,3.08,0.43,3
11,2015-10-03,Duncan MacDonald,Raphael Balouka-Myers,NA,1410,ECF,1,1393,3.53,0.45,4
12,2015-10-03,Duncan MacDonald,Rory McLead,NA,1410,ECF,0.5,1395,3.98,0.45,4.5
13,2015-10-04,Duncan MacDonald,Asta Knight,NA,1218,ECF,1,1404,4.69,0.71,5.5
14,2015-10-04,Duncan MacDonald,Ciaran Brightley-Davies,NA,1146,ECF,1,1411,5.48,0.79,6.5
15,2015-10-14,Duncan MacDonald,Andrew Di-Vetta,84,1641,E1,1,1437,5.66,0.18,7.5
16,2015-11-16,Duncan MacDonald,Phil Jones,159,1343,E1,0,1419,6.21,0.55,7.5
17,2015-11-17,Duncan MacDonald,Ian Gerbex,105,1200,E1,1,1428,6.95,0.74,8.5
18,2015-11-17,Duncan MacDonald,Aviral Batra,14,986,E1,1,1431,7.85,0.9,9.5
19,2015-11-24,Duncan MacDonald,Matthew Lunnon,187,1541,E1,0,1422,8.13,0.28,9.5
20,2015-11-30,Duncan MacDonald,Neil Stevenson,NA,1286,G2,0,1402,8.76,0.63,9.5
21,2015-12-05,Duncan MacDonald,Matthew Lo,NA,1458,ECF,1,1421,9.15,0.39,10.5
22,2015-12-05,Duncan MacDonald,James Hartman,NA,1308,Sco-adj,1,1434,9.75,0.6,11.5
23,2015-12-06,Duncan MacDonald,Ben Dible,NA,1370,ECF,0,1418,10.26,0.51,11.5
24,2015-12-08,Duncan MacDonald,Beryl Hughes,135,1551,E1,1,1441,10.53,0.27,12.5
25,2015-12-14,Duncan MacDonald,Ethan Chung,48,1318,E3,0,1422,11.11,0.58,12.5
26,2015-12-16,Duncan MacDonald,Dafydd Chapman,37,974,E1,0.5,1409,0.9,0.9,0.5
1,2015-08-10,Dwain Jones,Bob Hurn,140,1687,E1,1,1277,0.1,0.1,1
2,2015-09-08,Dwain Jones,David Roberts,264,1445,E1,0,1269,0.34,0.24,1
3,2015-09-10,Dwain Jones,David Rovaretti,269,1598,E1,0,1266,0.45,0.11,1
4,2015-09-16,Dwain Jones,Clive Silver,275,1505,E1,1,1292,0.63,0.18,2
5,2015-09-29,Dwain Jones,Emily Wang,327,1246,E1,1,1308,1.13,0.5,3
6,2015-10-05,Dwain Jones,Stephen Bailey,9,1461,E1,0,1300,1.36,0.23,3
7,2015-10-26,Dwain Jones,Richard Hine,128,850,E1,0,1272,2.26,0.9,3
8,2015-11-16,Dwain Jones,Steve Lindsay,184,1765,E1,1,1300,2.36,0.1,4
9,2015-11-23,Dwain Jones,Stephen Bonutto,22,1326,E2,0,1288,2.75,0.39,4
10,2015-12-07,Dwain Jones,Richard Morgan,212,1290,E1,0,1274,3.19,0.44,4
11,2015-12-14,Dwain Jones,Peter Warden,329,1408,E1,1,1297,3.48,0.29,5
1,2015-08-28,Edward Donovan,Peter Ehsandar,92,2038,E1,1,1695,0.1,0.1,1
2,2015-08-28,Edward Donovan,Peter Heaven,125,2144,E1,0,1692,0.2,0.1,1
3,2015-08-29,Edward Donovan,Joseph David Turner,NA,2015,G1,0,1690,0.31,0.11,1
4,2015-08-30,Edward Donovan,Barry Whitelaw,NA,1746,ECF,1,1704,0.71,0.4,2
5,2015-08-30,Edward Donovan,Guy Wagner,322,1833,E1,1,1721,1,0.29,3
6,2015-08-31,Edward Donovan,Tom Brown,29,2142,E1,0,1719,1.1,0.1,3
7,2015-09-01,Edward Donovan,Steve Christmas,47,1955,E1,1,1739,1.26,0.16,4
8,2015-09-02,Edward Donovan,Will Harwood,124,1734,E1,0,1729,1.67,0.41,4
9,2015-09-03,Edward Donovan,Mike Joslin,161,1376,E1,1,1733,2.52,0.85,5
10,2015-09-07,Edward Donovan,John McGregor,205,1855,E1,0.5,1738,2.78,0.26,5.5
11,2015-09-09,Edward Donovan,Alex Wills,343,1733,E1,0,1728,3.2,0.42,5.5
12,2015-09-15,Edward Donovan,Chris Howells,133,1997,E1,1,1749,3.33,0.13,6.5
13,2015-09-17,Edward Donovan,Frank Trombley,315,1506,E1,1,1756,4.05,0.72,7.5
14,2015-09-23,Edward Donovan,Edward Mason,199,1425,E1,1,1760,4.86,0.81,8.5
15,2015-09-29,Edward Donovan,Mike Edwards,91,1821,E1,1,1777,5.16,0.3,9.5
16,2015-09-30,Edward Donovan,Mark Janas,150,1745,E1,0.5,1780,5.56,0.4,10
17,2015-10-13,Edward Donovan,Rob Dineen,85,1860,E1,1,1798,5.81,0.25,11
18,2015-10-19,Edward Donovan,James Thomas,304,2007,E1,0,1795,5.93,0.12,11
19,2015-10-28,Edward Donovan,Anthony Baker,10,1621,E1,1,1805,6.5,0.57,12
20,2015-11-04,Edward Donovan,Bill Hunt,138,1796,E1,1,1821,6.83,0.33,13
21,2015-11-10,Edward Donovan,Andrew Di-Vetta,84,1641,E1,0.5,1820,7.38,0.55,13.5
22,2015-11-17,Edward Donovan,David Hambrook,120,1573,E1,0,1805,8.02,0.64,13.5
23,2015-11-18,Edward Donovan,Conor Hunt,139,1687,E1,1,1817,8.5,0.48,14.5
24,2015-11-21,Edward Donovan,Allan Williams,336,1250,E1,1,1819,9.4,0.9,15.5
25,2015-11-21,Edward Donovan,Susanna Fraser,101,1441,E2,1,1824,10.19,0.79,16.5
26,2015-11-22,Edward Donovan,Daniel Wilmot,344,1690,E1,0,1813,10.67,0.48,16.5
27,2015-11-22,Edward Donovan,John Cox,55,1456,E2,1,1818,11.45,0.78,17.5
28,2015-11-25,Edward Donovan,Daniel Griffiths,117,1389,E1,1,1820,0.9,0.9,1
29,2015-12-09,Edward Donovan,Guy Wagner,322,1803,E2,0,1808,1.42,0.52,1
30,2015-12-14,Edward Donovan,James Thomas,304,2007,E1,0.5,1814,1.67,0.25,1.5
1,2015-09-01,Edward Mason,John Cox,55,1467,E1,0,1411,0.44,0.44,0
2,2015-09-16,Edward Mason,Cyril Ley,182,1674,E1,0.5,1421,0.63,0.19,0.5
3,2015-09-23,Edward Mason,Edward Donovan,88,1673,E1,0,1415,0.82,0.19,0.5
4,2015-09-29,Edward Mason,Gruff Jones,156,1621,E1,0,1407,1.06,0.24,0.5
5,2015-10-07,Edward Mason,Guy Wagner,322,1833,E1,1,1436,1.16,0.1,1.5
6,2015-10-27,Edward Mason,Conor Hunt,139,1687,E1,0.5,1446,1.34,0.18,2
7,2015-11-10,Edward Mason,James Williams,339,970,E1,1,1449,2.24,0.9,3
8,2015-12-14,Edward Mason,Tony Gutteridge,119,1558,E1,0,1439,2.56,0.32,3
1,2015-12-08,Efan Lewis,Cian Grattidge,113,1060,E1,0,843,0.23,0.23,0
2,2015-12-15,Efan Lewis,Iestyn Moynihan,217,850,E1,0,827,0.73,0.5,0
1,2015-10-07,Egor Muljarov,Peter Slater,281,1663,E1,1,1564,0.34,0.34,1
2,2015-10-14,Egor Muljarov,Gavin Jones,155,1677,E1,0,1554,0.66,0.32,1
3,2015-10-28,Egor Muljarov,Wayne James,149,1430,E1,0.5,1549,1.32,0.66,1.5
4,2015-11-04,Egor Muljarov,Steve Herkes,127,1547,E1,0.5,1549,1.81,0.49,2
5,2015-11-25,Egor Muljarov,Bob Hurn,140,1623,E2,0,1537,2.2,0.39,2
1,2015-08-28,Elliott MacNeil,Joe Fathallah,96,2059,E1,0.5,1662,0.1,0.1,0.5
2,2015-08-28,Elliott MacNeil,Nicholas Evans,NA,1992,W1,0,1659,0.21,0.11,0.5
3,2015-08-29,Elliott MacNeil,Alyssa Wang,325,1826,E1,0,1652,0.48,0.27,0.5
4,2015-08-30,Elliott MacNeil,Paul Bridges,26,1917,E1,0,1648,0.65,0.17,0.5
5,2015-08-30,Elliott MacNeil,Roy Thomas,305,1697,E1,0,1638,1.09,0.44,0.5
1,2015-09-07,Ellison Smith,Rosie Christmas,46,850,E1,1,892,0.54,0.54,1
2,2015-09-22,Ellison Smith,Mike Colwill,54,1006,E1,0,881,0.86,0.32,1
3,2015-09-28,Ellison Smith,James Williams,339,970,E1,0,870,1.23,0.37,1
4,2015-10-12,Ellison Smith,Anish Choudhuri,45,971,E1,0,858,1.6,0.37,1
5,2015-11-02,Ellison Smith,Ben Jaberansari,144,850,E1,1,873,2.14,0.54,2
6,2015-11-10,Ellison Smith,Lauren Davies,71,1402,E1,0,869,2.24,0.1,2
7,2015-11-16,Ellison Smith,Rachel Mcintosh,NA,983,G1,0,858,2.59,0.35,2
8,2015-11-30,Ellison Smith,Harrison Postans,NA,857,G1,0.5,857,3.12,0.53,2.5
9,2015-11-30,Ellison Smith,Simon Chung,49,850,E1,0,840,3.66,0.54,2.5
10,2015-12-15,Ellison Smith,John Rees,258,850,E1,1,855,4.2,0.54,3.5
1,2015-08-02,Emily Wang,Max C Miller,NA,1522,ECF,1,1273,0.16,0.16,1
2,2015-08-02,Emily Wang,Tim Lewis,NA,1642,ECF,0,1270,0.26,0.1,1
3,2015-08-03,Emily Wang,Emmanuelle Gelain-Sohn,NA,1714,ECF,1,1298,0.36,0.1,2
4,2015-08-04,Emily Wang,Oscar Selby,NA,1674,ECF,0.5,1311,0.46,0.1,2.5
5,2015-08-05,Emily Wang,Jake Bains-Gillespie,NA,1570,ECF,0,1307,0.59,0.13,2.5
6,2015-08-06,Emily Wang,Abhishek Thakar,NA,1554,ECF,0,1303,0.73,0.14,2.5
7,2015-08-07,Emily Wang,Zachary Potel,NA,1562,ECF,0,1298,0.86,0.13,2.5
8,2015-08-15,Emily Wang,Max N Turner,NA,1970,ECF,0,1295,0.96,0.1,2.5
9,2015-08-15,Emily Wang,Amy Newall,NA,1050,ECF,1,1303,1.72,0.76,3.5
10,2015-08-15,Emily Wang,Neelay Sant,NA,1570,ECF,0,1299,1.85,0.13,3.5
11,2015-08-16,Emily Wang,Oliver Manchester,NA,1522,ECF,1,1326,2.01,0.16,4.5
12,2015-08-16,Emily Wang,Carmel Barwick,NA,1650,ECF,0,1322,2.11,0.1,4.5
13,2015-08-25,Emily Wang,Roy Purnell,247,1194,E1,0.5,1320,2.68,0.57,5
14,2015-08-29,Emily Wang,Allan Williams,336,1250,E1,1,1337,3.17,0.49,6
15,2015-08-29,Emily Wang,Aishwarya Lutchman Singh,188,1566,E1,0,1332,3.3,0.13,6
16,2015-08-30,Emily Wang,Andrew Worthington,347,1377,E1,0.5,1338,3.62,0.32,6.5
17,2015-08-31,Emily Wang,Lyn Holland,NA,1499,G1,1,1364,3.81,0.19,7.5
18,2015-08-31,Emily Wang,Raymond Francis,NA,1562,ECF,0,1360,3.94,0.13,7.5
19,2015-09-01,Emily Wang,Donald Fraser,100,1450,E1,0,1352,4.18,0.24,7.5
20,2015-09-29,Emily Wang,Dwain Jones,154,1248,E1,0,1336,4.68,0.5,7.5
21,2015-10-17,Emily Wang,David Collyer,NA,1506,ECF,0,1330,4.86,0.18,7.5
22,2015-10-17,Emily Wang,Paul Guy,NA,850,ECF,1,1334,5.76,0.9,8.5
23,2015-10-18,Emily Wang,Stephi Bourliakas,NA,1066,ECF,1,1342,6.5,0.74,9.5
24,2015-10-18,Emily Wang,Paul Davies,NA,1434,ECF,0.5,1350,6.75,0.25,10
25,2015-10-26,Emily Wang,Madara Golsta,NA,1699,PR,0,1347,6.85,0.1,10
26,2015-10-27,Emily Wang,Marquez Luz Mar Rodriguez,NA,1437,Fide,0,1339,7.1,0.25,10
27,2015-10-28,Emily Wang,Jelizaveta Bitkova,NA,1360,PR,0,1328,7.44,0.34,10
28,2015-10-29,Emily Wang,Risa Lee Azim,NA,1154,PR,1,1340,8.07,0.63,11
29,2015-10-30,Emily Wang,Valentina Rotaru,NA,1461,PR,0,1333,8.29,0.22,11
30,2015-10-31,Emily Wang,Jana Angjelkoska,NA,1415,Fide,0,1324,8.57,0.28,11
31,2015-11-01,Emily Wang,Noam Portnoy,NA,1516,Fide,0,1318,8.74,0.17,11
32,2015-11-02,Emily Wang,Elizabeth Kublanov,NA,1514,Fide,0,1313,8.91,0.17,11
33,2015-11-03,Emily Wang,Alynai Turatbekova,NA,1051,PR,1,1321,9.66,0.75,12
34,2015-11-04,Emily Wang,Aishwarya Lutchman Singh,188,1496,E2,0,1315,9.85,0.19,12
35,2015-11-05,Emily Wang,Anna Strati Betty,NA,1303,Fide,0.5,1317,10.27,0.42,12.5
36,2015-11-17,Emily Wang,John Rowles,271,1173,E1,1,1327,0.69,0.69,1
37,2015-11-24,Emily Wang,Nadi Grewal,115,1402,E1,1,1347,1.07,0.38,2
38,2015-12-08,Emily Wang,Stephen Lambourne,174,1531,E1,0.5,1356,1.29,0.22,2.5
1,2015-07-13,Ethan Chung,Charlie McLaren,NA,1978,ECF,1,1157,0.1,0.1,1
2,2015-07-13,Ethan Chung,Nigel Ralphs,251,2059,E1,0,1154,0.2,0.1,1
3,2015-07-14,Ethan Chung,Jim Robertson,NA,1673,Fide,0,1150,0.3,0.1,1
4,2015-07-15,Ethan Chung,David Rovaretti,269,1598,E1,0,1147,0.4,0.1,1
5,2015-07-15,Ethan Chung,Karanvir Lutchman Singh,189,1631,E1,0,1144,0.5,0.1,1
6,2015-07-16,Ethan Chung,Andrew Camp,NA,1440,N1,0,1140,0.63,0.13,1
7,2015-07-17,Ethan Chung,Venetia Sivarajasingam,279,1745,E1,0,1137,0.73,0.1,1
8,2015-07-26,Ethan Chung,Haolin Zhao,NA,1738,ECF,0,1133,0.83,0.1,1
9,2015-07-26,Ethan Chung,Keerthana Easwar,NA,850,ECF,0,1107,1.67,0.84,1
10,2015-07-26,Ethan Chung,Felicity OL Pettit,NA,1002,ECF,1,1117,2.34,0.67,2
11,2015-07-26,Ethan Chung,Yacine El Bachir,NA,850,ECF,1,1122,3.18,0.84,3
12,2015-07-27,Ethan Chung,Mason Graves-Brown,NA,850,ECF,0.5,1111,4.02,0.84,3.5
13,2015-07-27,Ethan Chung,Siddharth V Venkatanarayanan,NA,1202,ECF,1,1131,4.42,0.4,4.5
14,2015-08-15,Ethan Chung,Anita Somton,NA,1786,ECF,0,1127,4.52,0.1,4.5
15,2015-08-15,Ethan Chung,Susie Wang,NA,1610,ECF,0,1124,4.62,0.1,4.5
16,2015-08-16,Ethan Chung,Henry X Yu,NA,1578,ECF,0,1121,4.72,0.1,4.5
17,2015-08-16,Ethan Chung,James Hartman,NA,1522,ECF,0,1118,4.82,0.1,4.5
18,2015-08-16,Ethan Chung,Lavanya Maladkar,NA,1322,ECF,1,1142,5.07,0.25,5.5
19,2015-09-14,Ethan Chung,Lauren Davies,71,1402,E1,0.5,1152,5.24,0.17,6
20,2015-09-21,Ethan Chung,Evie Hurn,141,850,E1,1,1157,6.08,0.84,7
21,2015-09-23,Ethan Chung,Cian Grattidge,113,1060,E1,1,1170,6.68,0.6,8
22,2015-09-29,Ethan Chung,Aviral Batra,14,986,E1,0.5,1164,7.37,0.69,8.5
23,2015-10-03,Ethan Chung,Joseph Stern,NA,1218,ECF,0.5,1168,7.75,0.38,9
24,2015-10-03,Ethan Chung,Michael Lee,NA,1170,ECF,1,1186,8.19,0.44,10
25,2015-10-03,Ethan Chung,Karan Bhagat,NA,650,ECF,1,1189,9.09,0.9,11
26,2015-10-04,Ethan Chung,Yubo Choong,NA,1058,ECF,1,1202,9.69,0.6,12
27,2015-10-04,Ethan Chung,Ethan Gardiner,NA,850,ECF,1,1207,10.53,0.84,13
28,2015-10-10,Ethan Chung,Nye Bradfield,24,955,E1,1,1213,0.81,0.81,1
29,2015-10-10,Ethan Chung,Susanna Fraser,101,1441,E2,0,1207,1.01,0.2,1
30,2015-10-11,Ethan Chung,Anthony Tatam,NA,1490,ECF,1,1234,1.17,0.16,2
31,2015-10-11,Ethan Chung,Aron Calist,33,1380,E1,0,1225,1.44,0.27,2
32,2015-10-12,Ethan Chung,Dave A Lewis,177,1675,E1,0,1222,1.54,0.1,2
33,2015-10-12,Ethan Chung,Nye Bradfield,24,955,E1,1,1228,2.35,0.81,3
34,2015-10-17,Ethan Chung,Jason Grice,116,1037,E1,0,1204,3.08,0.73,3
35,2015-10-26,Ethan Chung,Baldeon Inti Quintana,NA,1308,PR,1,1225,3.44,0.36,4
36,2015-10-27,Ethan Chung,Zhang Junhao,NA,1368,PR,0.5,1232,3.72,0.28,4.5
37,2015-10-28,Ethan Chung,Adam Zakar,NA,1168,Fide,0.5,1230,4.27,0.55,5
38,2015-10-29,Ethan Chung,Taha Ozkan,NA,1541,PR,0,1227,4.39,0.12,5
39,2015-10-30,Ethan Chung,Ian Kei Leung,NA,1468,PR,0,1221,4.57,0.18,5
40,2015-10-31,Ethan Chung,Marko Milanovic,NA,1402,Fide,1,1245,4.82,0.25,6
41,2015-11-01,Ethan Chung,Yik Kwan Hu,NA,1612,PR,0,1242,4.92,0.1,6
42,2015-11-02,Ethan Chung,Dimitar Mardov,NA,1502,USCF,0,1237,5.07,0.15,6
43,2015-11-03,Ethan Chung,Iraj Laturkar,NA,1111,Fide,1,1249,5.7,0.63,7
44,2015-11-04,Ethan Chung,Jaloliddin Ilkhomi,NA,1453,PR,0,1243,5.89,0.19,7
45,2015-11-05,Ethan Chung,Pavel Cando,NA,1406,PR,1,1267,6.13,0.24,8
46,2015-11-09,Ethan Chung,Mike Colwill,54,1006,E1,1,1275,6.89,0.76,9
47,2015-11-20,Ethan Chung,June Evans,NA,1059,W1,1,1284,7.59,0.7,10
48,2015-11-21,Ethan Chung,Joel Chung,NA,902,W1,1,1289,8.45,0.86,11
49,2015-11-21,Ethan Chung,Anthony Tatam,NA,1490,ECF,0,1283,8.61,0.16,11
50,2015-11-22,Ethan Chung,Eleanor Collins,NA,1163,W1,1,1298,9.17,0.56,12
51,2015-11-22,Ethan Chung,Tom O'Sullivan,NA,1417,IRL,1,1322,9.4,0.23,13
52,2015-11-24,Ethan Chung,Allan Fisher,97,1537,E1,0,1318,9.52,0.12,13
53,2015-11-30,Ethan Chung,Callum Smith,283,858,E1,1,1321,0.9,0.9,1
54,2015-12-14,Ethan Chung,Duncan Macdonald,192,1378,E1,1,1340,1.32,0.42,2
55,2015-12-16,Ethan Chung,Daniel Jaberansari,145,1217,E1,1,1351,1.96,0.64,3
1,2015-09-21,Evie Hurn,Ethan Chung,48,1128,E1,0,845,0.16,0.16,0
2,2015-09-28,Evie Hurn,Pagona Mavroyenneas,203,945,E1,0,833,0.53,0.37,0
3,2015-10-05,Evie Hurn,Rosie Christmas,46,850,E1,1,849,1.03,0.5,1
4,2015-10-12,Evie Hurn,Roland Humphries,137,1160,E1,0,845,1.17,0.14,1
5,2015-10-26,Evie Hurn,Laurence Matuszczyk,201,1155,E1,0,840,1.31,0.14,1
6,2015-11-12,Evie Hurn,Richard Godfrey,107,1099,E1,0,834,1.5,0.19,1
7,2015-12-14,Evie Hurn,Tom Davies,75,850,E1,1,850,2,0.5,2
1,2015-09-17,Frank Trombley,Edward Donovan,88,1673,E1,0,1497,0.28,0.28,0
2,2015-10-14,Frank Trombley,David Thorne,309,1519,E1,0,1482,0.76,0.48,0
1,2015-08-25,Gareth Davies,Neya Govindaraj,110,1384,E1,0.5,1375,0.49,0.49,0.5
2,2015-09-01,Gareth Davies,Susanna Fraser,101,1493,E1,1,1396,0.83,0.34,1.5
3,2015-09-28,Gareth Davies,Neil Stuart,297,1782,E1,0.5,1409,0.93,0.1,2
4,2015-10-10,Gareth Davies,Susanna Fraser,101,1441,E2,0,1396,1.34,0.41,2
5,2015-10-10,Gareth Davies,Neya Govindaraj,110,1373,E2,1,1412,1.84,0.5,3
6,2015-10-11,Gareth Davies,George Smith,NA,1237,G1,0.5,1406,2.53,0.69,3.5
7,2015-10-11,Gareth Davies,Madelaine Smith,NA,1109,G1,0.5,1395,3.36,0.83,4
8,2015-10-14,Gareth Davies,Peter Ballantyne,11,1641,E1,0,1390,3.53,0.17,4
9,2015-10-27,Gareth Davies,Daniel Wilmot,344,1690,E1,0,1386,3.66,0.13,4
10,2015-11-02,Gareth Davies,Daniel Jaberansari,145,1217,E1,1,1395,4.37,0.71,5
11,2015-11-30,Gareth Davies,Dave Roberts,NA,1628,G1,0,1389,4.56,0.19,5
12,2015-12-15,Gareth Davies,Ken Curry,61,1162,E1,1,1396,5.33,0.77,6
1,2015-10-26,Gareth Hurn,John Cox,55,1456,E2,0,847,0.1,0.1,0
2,2015-11-12,Gareth Hurn,Ionut Dragan,89,1180,E1,1,875,0.22,0.12,1
1,2015-09-09,Gavin Jones,Gruff Jones,156,1621,E1,1,1687,0.58,0.58,1
2,2015-09-15,Gavin Jones,Andrew Di-Vetta,84,1641,E1,0,1674,1.13,0.55,1
3,2015-09-22,Gavin Jones,Roy Thomas,305,1772,E2,1,1689,1.5,0.37,2
4,2015-10-07,Gavin Jones,Wayne James,149,1430,E1,1,1694,2.31,0.81,3
5,2015-10-14,Gavin Jones,Egor Muljarov,219,1543,E1,1,1701,2.99,0.68,4
6,2015-10-20,Gavin Jones,Vince WILLIAMS,342,1721,E1,0.5,1703,3.43,0.44,4.5
7,2015-10-28,Gavin Jones,Robert Rees,259,1560,E1,0,1687,4.09,0.66,4.5
8,2015-11-04,Gavin Jones,Jeff Rowland,270,1701,E1,0,1676,4.56,0.47,4.5
9,2015-12-01,Gavin Jones,justin morgans,213,1655,E1,0,1663,5.09,0.53,4.5
10,2015-12-22,Gavin Jones,Rhys Steele,294,2040,E1,1,1684,5.19,0.1,5.5
1,2015-09-01,Gavin Williams,Anthony Baker,10,1621,E1,1,1702,0.6,0.6,1
2,2015-09-22,Gavin Williams,David O'Donnell,224,1833,E1,0.5,1706,0.91,0.31,1.5
3,2015-09-29,Gavin Williams,Neil Stuart,297,1782,E1,0.5,1709,1.29,0.38,2
4,2015-10-07,Gavin Williams,Vaseekaran Sivarajasingam,278,1566,E1,1,1717,1.96,0.67,3
5,2015-10-13,Gavin Williams,Chris Hooper,131,1396,E1,0.5,1709,2.81,0.85,3.5
6,2015-11-09,Gavin Williams,Viv Martin,198,1617,E1,0,1694,3.41,0.6,3.5
7,2015-11-17,Gavin Williams,Guy wagner,322,1803,E2,1,1710,3.76,0.35,4.5
8,2015-12-01,Gavin Williams,Mike Maguire,194,1672,E1,1,1721,4.29,0.53,5.5
9,2015-12-12,Gavin Williams,Jeff Rowland,270,1701,E1,0.5,1721,4.78,0.49,6
10,2015-12-15,Gavin Williams,Alun Howell,132,1703,E1,0.5,1722,5.26,0.48,6.5
1,2015-09-09,Gruff Jones,Gavin Jones,155,1677,E1,0,1611,0.42,0.42,0
2,2015-09-29,Gruff Jones,Edward Mason,199,1425,E1,1,1617,1.18,0.76,1
3,2015-10-19,Gruff Jones,Aishwarya Lutchman Singh,188,1496,E2,1,1625,1.85,0.67,2
4,2015-11-05,Gruff Jones,John Cox,55,1456,E2,0.5,1619,2.57,0.72,2.5
5,2015-12-01,Gruff Jones,Allan Fisher,97,1537,E1,0,1604,3.19,0.62,2.5
1,2015-07-11,Guy Wagner,Jesper Morch Lauridsen,NA,2316,FM,0,1831,0.1,0.1,0
2,2015-07-11,Guy Wagner,Andrew Camp,NA,1440,,1,1833,1,0.9,1
3,2015-07-12,Guy Wagner,Ali Reza Jaunooby,NA,2266,,0,1831,1.1,0.1,1
4,2015-07-13,Guy Wagner,Richard Livermore,NA,1698,,1,1838,1.78,0.68,2
5,2015-07-13,Guy Wagner,Allan J Pleasants,NA,2168,,0.5,1847,1.9,0.12,2.5
6,2015-07-14,Guy Wagner,Joe Fathallah,96,2059,,0,1842,2.11,0.21,2.5
7,2015-07-15,Guy Wagner,Thomas McLaren,NA,1762,,1,1852,2.71,0.6,3.5
8,2015-07-15,Guy Wagner,Robert Taylor,NA,1989,,0,1845,3,0.29,3.5
9,2015-07-16,Guy Wagner,Paul Bridges,26,1917,,0.5,1848,3.38,0.38,4
10,2015-07-17,Guy Wagner,David Rovaretti,269,1598,,1,1853,4.18,0.8,5
11,2015-08-28,Guy Wagner,William Hewitt,NA,2131,,0,1849,4.33,0.15,5
12,2015-08-28,Guy Wagner,Alex Bullen,31,2141,,0,1846,4.47,0.14,5
13,2015-08-29,Guy Wagner,Madelaine Smith,NA,1109,,1,1848,5.37,0.9,6
14,2015-08-30,Guy Wagner,Shayanna Sivarajasingam,277,1699,,1,1856,6.05,0.68,7
15,2015-08-30,Guy Wagner,Edward Donovan,88,1673,,0,1839,6.76,0.71,7
16,2015-08-31,Guy Wagner,Roy Thomas,305,1697,,1,1846,7.44,0.68,8
17,2015-09-02,Guy Wagner,Derek Smith,285,1849,,0.5,1847,7.92,0.48,8.5
18,2015-09-07,Guy Wagner,Steve Cunliffe,60,1967,,0,1839,8.24,0.32,8.5
19,2015-09-09,Guy Wagner,Chris Fox,99,1868,,0,1828,8.69,0.45,8.5
20,2015-09-16,Guy Wagner,Charles Summers,299,1950,,0.5,1832,9.03,0.34,9
21,2015-09-16,Guy Wagner,Dave R Lewis,178,1903,,0,1823,9.43,0.4,9
22,2015-09-29,Guy Wagner,Matthew Wilson,345,1802,,1,1834,9.97,0.54,10
23,2015-09-30,Guy Wagner,Peter Quinn,250,1895,,0.5,1836,10.38,0.41,10.5
24,2015-10-07,Guy Wagner,Edward Mason,199,1425,,0,1814,11.28,0.9,10.5
25,2015-10-21,Guy Wagner,Benjamin Choo Yin,42,1866,,0,1803,11.73,0.45,10.5
26,2015-11-02,Guy Wagner,Justin Morgans,213,1655,,1,1810,0.7,0.7,1
27,2015-11-04,Guy Wagner,Matthew Wilson,345,1802,,1,1822,1.2,0.5,2
28,2015-11-17,Guy Wagner,Gavin Williams,338,1692,,0,1807,1.85,0.65,2
29,2015-11-23,Guy Wagner,James Thomas,304,2007,,0.5,1813,2.09,0.24,2.5
30,2015-12-01,Guy Wagner,Andrew Di-Vetta,84,1641,,0,1796,2.81,0.72,2.5
31,2015-12-02,Guy Wagner,David Cleverly,52,1791,,0.5,1795,3.33,0.52,3
32,2015-12-09,Guy Wagner,Edward Donovan,88,1818,,1,1808,3.81,0.48,4
1,2015-07-27,Gwilym Moses,Chris Peters,240,1621,E1,0,859,0.1,0.1,0
2,2015-08-24,Gwilym Moses,David Robinson,267,1955,E1,0,856,0.2,0.1,0
3,2015-09-13,Gwilym Moses,Ken Wardle,330,1570,E1,0,852,0.3,0.1,0
4,2015-09-14,Gwilym Moses,Anish Choudhuri,45,971,E1,1,873,0.65,0.35,1
5,2015-11-16,Gwilym Moses,Karanvir Lutchman Singh,189,1743,E2,0,870,0.75,0.1,1
1,2015-10-12,Hanni Youssef,Beryl HUGHES,135,1551,E1,1,1532,0.45,0.45,1
2,2015-11-23,Hanni Youssef,Tony Gutteridge,119,1558,E1,0,1518,0.89,0.44,1
3,2015-12-07,Hanni Youssef,Tony Gutteridge,119,1558,E1,0,1503,1.33,0.44,1
1,2015-11-17,Henry Nicholls,Tom Stanton,293,950,E1,0,838,0.36,0.36,0
1,2015-07-12,Hiya Ray,Joe Fathallah,96,2059,,0,1306,0.1,0.1,0
2,2015-07-13,Hiya Ray,Gareth Ellis,NA,1850,,0,1303,0.2,0.1,0
3,2015-07-13,Hiya Ray,Aishwarya Lutchman Singh,188,1566,,0,1297,0.38,0.18,0
4,2015-07-14,Hiya Ray,Kevin O'Rourke,225,1130,,1,1305,1.12,0.74,1
5,2015-07-15,Hiya Ray,Paul Orton,NA,1680,,0,1302,1.22,0.1,1
6,2015-07-15,Hiya Ray,Ron Williams,NA,1674,,1,1331,1.32,0.1,2
7,2015-07-16,Hiya Ray,Chirag Guha,118,1857,,0,1328,1.42,0.1,2
8,2015-07-17,Hiya Ray,Bob Hurn,140,1687,,0.5,1340,1.52,0.1,2.5
9,2015-07-26,Hiya Ray,Lakshya Lokwani,NA,850,,1,1344,2.42,0.9,3.5
10,2015-07-26,Hiya Ray,Haolin Zhao,NA,1738,,0,1340,2.52,0.1,3.5
11,2015-07-26,Hiya Ray,Tarini Jayawarna,NA,850,,1,1344,3.42,0.9,4.5
12,2015-07-26,Hiya Ray,Anna Boyle,NA,1117,,1,1352,4.17,0.75,5.5
13,2015-07-27,Hiya Ray,Arjun Kolani,NA,1578,,0.5,1362,4.34,0.17,6
14,2015-07-27,Hiya Ray,Giulio O Sahinoz,NA,1410,,0.5,1367,4.7,0.36,6.5
15,2015-07-27,Hiya Ray,Thivyaa Rahulan,NA,1634,,0,1362,4.83,0.13,6.5
16,2015-07-28,Hiya Ray,Abhishek Thakar,NA,1554,,0,1356,5.02,0.19,6.5
17,2015-07-29,Hiya Ray,Urbi Modhura,NA,1042,,1,1362,5.85,0.83,7.5
18,2015-07-29,Hiya Ray,Henry Dorman,NA,1338,,1,1379,6.31,0.46,8.5
19,2015-07-30,Hiya Ray,Venetia Sivarajasingam,279,1745,,0.5,1392,6.41,0.1,9
20,2015-07-31,Hiya Ray,Susie Wang,NA,1610,,0,1387,6.55,0.14,9
21,2015-08-01,Hiya Ray,Toby Balouka-Myers,NA,1442,,0.5,1393,6.87,0.32,9.5
22,2015-08-15,Hiya Ray,James Golding,NA,2010,,0,1390,6.97,0.1,9.5
23,2015-08-15,Hiya Ray,Ethan Gardiner,NA,1098,,1,1397,7.74,0.77,10.5
24,2015-08-15,Hiya Ray,Pramoth Ragavan,NA,1698,,0,1394,7.84,0.1,10.5
25,2015-08-16,Hiya Ray,Mrugaya Mulay,NA,1050,,1,1400,8.66,0.82,11.5
26,2015-08-16,Hiya Ray,Kevin Ye,NA,1634,,0,1396,8.79,0.13,11.5
27,2015-08-16,Hiya Ray,Abhishekdev Ramesh,NA,1002,,0,1368,9.65,0.86,11.5
28,2015-09-07,Hiya Ray,Simon Blackmore,19,1770,,1,1397,0.1,0.1,1
29,2015-09-08,Hiya Ray,Cian Grattidge,113,1060,,1,1401,0.96,0.86,2
30,2015-09-14,Hiya Ray,Chris Peters,240,1621,,0,1395,1.15,0.19,2
31,2015-09-21,Hiya Ray,Chris Green,114,1603,,0,1389,1.35,0.2,2
32,2015-10-03,Hiya Ray,Anlan Qiu,249,1448,,1,1408,1.74,0.39,3
33,2015-10-03,Hiya Ray,Sarah Weersing,NA,1442,,0,1396,2.14,0.4,3
34,2015-10-03,Hiya Ray,Georgia Headlong,NA,1370,,1,1412,2.64,0.5,4
35,2015-10-04,Hiya Ray,Adam John,NA,1394,,1,1429,3.1,0.46,5
36,2015-10-04,Hiya Ray,Ivan Prikazchikov,NA,1122,,1,1435,3.91,0.81,6
37,2015-10-05,Hiya Ray,Lyn Holland,NA,1493,,0,1424,4.24,0.33,6
38,2015-10-09,Hiya Ray,David Buttell,NA,1881,,0,1421,4.34,0.1,6
39,2015-10-10,Hiya Ray,David Rovaretti,269,1598,,0,1414,4.55,0.21,6
40,2015-10-10,Hiya Ray,Andrew Trickey,313,1641,,0,1409,4.72,0.17,6
41,2015-10-12,Hiya Ray,Neil Owen,229,1750,,0,1406,4.82,0.1,6
42,2015-10-17,Hiya Ray,Pagona Mavroyenneas,203,945,,1,1409,5.72,0.9,7
43,2015-10-20,Hiya Ray,Bob Owen,228,1378,,1,1425,6.21,0.49,8
44,2015-10-26,Hiya Ray,Vasiliki Banaka,NA,1144,,1,1432,7,0.79,9
45,2015-10-27,Hiya Ray,Weonika Zabrzanska,NA,1333,,1,1446,7.55,0.55,10
46,2015-10-28,Hiya Ray,Yuxin Song,NA,1700,,0,1443,7.67,0.12,10
47,2015-10-29,Hiya Ray,Julia Kuleshova,NA,1664,WCM,0.5,1454,7.82,0.15,10.5
48,2015-10-30,Hiya Ray,Rianne Ke,NA,1392,,0,1439,8.29,0.47,10.5
49,2015-10-31,Hiya Ray,Carlota Aramendia Ybarra,NA,1290,,0,1419,8.9,0.61,10.5
50,2015-11-01,Hiya Ray,Skylar Hsu,NA,1512,,0,1409,9.21,0.31,10.5
51,2015-11-02,Hiya Ray,Anri De Villiers,NA,1478,,0,1398,9.56,0.35,10.5
52,2015-11-03,Hiya Ray,Elisabet Hollmerus,NA,1258,,1,1409,10.21,0.65,11.5
53,2015-11-04,Hiya Ray,Lyna Chaabane,NA,1366,,1,1425,10.71,0.5,12.5
54,2015-11-05,Hiya Ray,Yuliana Mustafina,NA,1235,,1,1436,11.39,0.68,13.5
55,2015-11-09,Hiya Ray,Roland Humphries,137,1160,,1,1441,0.84,0.84,1
56,2015-11-11,Hiya Ray,Charles Summers,299,1950,,0,1438,0.94,0.1,1
57,2015-11-24,Hiya Ray,Neil Stuart,297,1782,,0.5,1450,1.05,0.11,1.5
58,2015-12-05,Hiya Ray,George Worrow-Goodin,NA,1394,,1,1464,1.61,0.56,2.5
59,2015-12-05,Hiya Ray,Jonathan McKay,NA,1348,,1,1477,2.23,0.62,3.5
60,2015-12-06,Hiya Ray,Adam Harkanyi,NA,1266,,1,1485,2.96,0.73,4.5
1,2015-11-30,Howard Deere,Benjamin Choo Yin,42,1853,E2,0,1578,0.17,0.17,0
1,2015-08-03,Howard Lloyd,Dai James,147,1908,E1,0,1364,0.1,0.1,0
2,2015-08-10,Howard Lloyd,Roy Thomas,305,1697,E1,0,1360,0.22,0.12,0
3,2015-08-17,Howard Lloyd,Rob Large,175,1382,E1,0,1345,0.7,0.48,0
4,2015-08-24,Howard Lloyd,Jim Davies,69,1226,E1,1,1355,1.39,0.69,1
5,2015-09-14,Howard Lloyd,Pagona Mavroyenneas,203,945,E1,1,1358,2.29,0.9,2
6,2015-09-21,Howard Lloyd,Derek Smith,285,1849,E1,1,1387,2.39,0.1,3
7,2015-09-29,Howard Lloyd,Roland Humphries,137,1160,E1,0.5,1378,3.16,0.77,3.5
8,2015-10-05,Howard Lloyd,John Stephenson,296,1334,E1,0,1360,3.71,0.55,3.5
9,2015-10-15,Howard Lloyd,Anthony Baker,10,1621,E1,0,1355,3.89,0.18,3.5
1,2015-11-12,Hugh Davies,Mehdi Jaberansari,146,850,E1,1,962,0.64,0.64,1
2,2015-12-16,Hugh Davies,Charles Summers,299,1950,E1,0,958,0.74,0.1,1
1,2015-07-29,Hugh Price,Chris Fox,99,1868,E1,0,1621,0.2,0.2,0
2,2015-09-03,Hugh Price,Beryl Hughes,135,1551,E1,1,1631,0.8,0.6,1
3,2015-09-16,Hugh Price,Juan Rodriguez,268,2013,E1,0,1628,0.9,0.1,1
4,2015-10-12,Hugh Price,Bob HURN,140,1623,E2,1,1640,1.4,0.5,2
5,2015-11-04,Hugh Price,Joe Fathallah,96,2046,E2,0,1638,1.5,0.1,2
6,2015-12-12,Hugh Price,Liam Penny,238,1603,E1,0,1625,2.03,0.53,2
1,2015-10-22,Huw Davies,Ray Denyer,82,850,E1,0,834,0.5,0.5,0
2,2015-11-19,Huw Davies,John Rees,258,850,E1,1,850,1,0.5,1
3,2015-12-08,Huw Davies,Martyn Cameron-Davies,35,850,E1,1,866,1.5,0.5,2
1,2015-09-08,Ian Burrows,John D Thornton,310,2013,E1,0,1181,0.1,0.1,0
2,2015-09-16,Ian Burrows,Kevin O'Rourke,225,1130,E1,1,1194,0.68,0.58,1
3,2015-09-29,Ian Burrows,Dafydd Chapman,37,974,E1,0,1170,1.45,0.77,1
4,2015-10-05,Ian Burrows,Roy Purnell,247,1194,E1,0.5,1170,1.94,0.49,1.5
5,2015-11-02,Ian Burrows,Nadi Grewal,115,1402,E1,0,1163,2.16,0.22,1.5
6,2015-11-23,Ian Burrows,Ken Curry,61,1162,E1,0,1146,2.69,0.53,1.5
7,2015-12-14,Ian Burrows,Rob Large,175,1382,E1,0,1138,2.93,0.24,1.5
1,2015-09-15,Ian Gerbex,Wayne James,149,1430,E1,0,1193,0.21,0.21,0
2,2015-10-12,Ian Gerbex,Kevin O'ROURKE,225,1130,E1,0,1174,0.81,0.6,0
3,2015-11-04,Ian Gerbex,Beryl Hughes,135,1551,E1,0,1171,0.92,0.11,0
4,2015-11-17,Ian Gerbex,Duncan Macdonald,192,1378,E1,0,1162,1.18,0.26,0
5,2015-12-07,Ian Gerbex,Maurice Barnett,12,1104,E1,1,1174,1.81,0.63,1
6,2015-12-22,Ian Gerbex,Phil Jones,159,1343,E1,0,1164,2.12,0.31,1
1,2015-12-14,Iestyn Moynihan,Madeleine Smith,NA,1113,G2,0,844,0.18,0.18,0
2,2015-12-15,Iestyn Moynihan,Efan Lewis,179,850,E1,1,860,0.68,0.5,1
1,2015-09-14,Ioan Rees,Rhys Steele,294,2040,,1,2289,0.81,0.81,1
2,2015-09-28,Ioan Rees,Mark Adams,NA,1989,,1,2291,1.66,0.85,2
3,2015-10-19,Ioan Rees,Matthew Davies,NA,2017,,0.5,2286,2.49,0.83,2.5
4,2015-11-02,Ioan Rees,Walter Braun,25,2244,FM,0,2277,3.05,0.56,2.5
5,2015-11-11,Ioan Rees,Joe Fathallah,96,2046,,0.5,2272,3.85,0.8,3
6,2015-11-30,Ioan Rees,Tom Brown,29,2154,,1,2278,4.53,0.68,4
7,2015-12-15,Ioan Rees,Tim Kett,170,2282,,1,2285,5.04,0.51,5
1,2015-10-19,Ionut Dragan,Nadi Grewal,115,1402,E1,1,1205,0.22,0.22,1
2,2015-11-12,Ionut Dragan,Gareth Hurn,142,850,E1,0,1177,1.1,0.88,1
3,2015-11-23,Ionut Dragan,Clive Silver,275,1505,E1,1,1205,1.23,0.13,2
1,2015-11-24,Isaac Aljabri,Madeleine Davis,78,850,E1,0,834,0.5,0.5,0
1,2015-11-16,Ivor Hitchings,Aaron Roberts,NA,850,G1,0,834,0.5,0.5,0
1,2015-09-21,Jack Aldridge,Aron Calist,33,1380,E1,0,865,0.1,0.1,0
2,2015-09-28,Jack Aldridge,Ken Curry,61,1162,E1,0,860,0.25,0.15,0
3,2015-10-12,Jack Aldridge,Peter Williams,340,1190,E1,0,856,0.38,0.13,0
4,2015-11-02,Jack Aldridge,Roy Purnell,247,1194,E1,0,852,0.5,0.12,0
1,2015-09-07,James Thomas,Martin Ricketts,263,1384,E1,1,2009,0.9,0.9,1
2,2015-09-14,James Thomas,Bob Hurn,140,1687,E1,0.5,2003,1.77,0.87,1.5
3,2015-09-28,James Thomas,Paul bridges,26,1917,E1,0.5,2001,2.39,0.62,2
4,2015-10-12,James Thomas,Will Harwood,124,1734,E1,1,2003,3.22,0.83,3
5,2015-10-19,James Thomas,Edward Donovan,88,1673,E1,1,2005,4.1,0.88,4
6,2015-10-27,James Thomas,Mark Jones,158,1664,E1,1,2007,4.99,0.89,5
7,2015-11-03,James Thomas,Tim Kett,170,2228,E2,0,2004,5.21,0.22,5
8,2015-11-09,James Thomas,Chris Howells,133,1997,E1,1,2011,5.72,0.51,6
9,2015-11-16,James Thomas,Len Skinner,280,1482,E1,0.5,2005,6.62,0.9,6.5
10,2015-11-23,James Thomas,Guy wagner,322,1803,E2,0.5,2001,7.38,0.76,7
11,2015-11-29,James Thomas,Adam May,NA,1975,W1,1,2008,7.93,0.55,8
12,2015-11-29,James Thomas,Bob Hurn,140,1623,E2,1,2010,8.83,0.9,9
13,2015-12-14,James Thomas,Edward Donovan,88,1818,E2,0.5,2006,9.58,0.75,9.5
1,2015-09-01,James Williams,Roland Humphries,137,1160,E1,0.5,978,0.25,0.25,0.5
2,2015-09-28,James Williams,Ellison Smith,286,877,E1,1,990,0.88,0.63,1.5
3,2015-10-07,James Williams,Daniel Griffiths,117,1389,E1,0,987,0.98,0.1,1.5
4,2015-10-15,James Williams,Richard Godfrey,107,1099,E1,1,1008,1.3,0.32,2.5
5,2015-10-20,James Williams,Mehdi Jaberansari,146,850,E1,1,1019,1.96,0.66,3.5
6,2015-11-02,James Williams,len skinner,280,1482,E1,1,1048,2.06,0.1,4.5
7,2015-11-10,James Williams,Edward Mason,199,1425,E1,0,1045,2.16,0.1,4.5
8,2015-11-17,James Williams,Roland Humphries,137,1160,E1,1,1069,2.41,0.25,5.5
9,2015-12-08,James Williams,Merlin Davies,72,937,E1,0,1051,2.96,0.55,5.5
10,2015-12-14,James Williams,Laurence Matuszczyk,201,1155,E1,1,1075,3.22,0.26,6.5
1,2015-09-14,Jason Grice,Rob Large,175,1382,E1,0,1033,0.11,0.11,0
2,2015-09-28,Jason Grice,Ollie Spear,289,850,E1,1,1041,0.86,0.75,1
3,2015-10-17,Jason Grice,Ethan Chung,48,1207,E2,1,1065,1.13,0.27,2
4,2015-10-22,Jason Grice,Dave Mahoney,195,1343,E1,0,1060,1.27,0.14,2
5,2015-11-09,Jason Grice,Chris Peters,240,1621,E1,0,1057,1.37,0.1,2
6,2015-11-19,Jason Grice,David Jones,152,909,E1,0,1036,2.04,0.67,2
7,2015-11-24,Jason Grice,Peter Williams,340,1190,E1,1,1058,2.33,0.29,3
8,2015-12-15,Jason Grice,Roy Purnell,247,1194,E1,1,1081,2.62,0.29,4
1,2015-10-19,Javier Martin Perez,Ben Thomas,303,2058,E1,1,2045,0.47,0.47,1
2,2015-10-26,Javier Martin Perez,Dave R Lewis,178,1903,E1,0.5,2043,1.15,0.68,1.5
3,2015-12-01,Javier Martin Perez,Chris Howells,133,1997,E1,1,2050,1.71,0.56,2.5
1,2015-09-01,Jeff Rowland,John Waterfield,NA,1976,G1,0,1697,0.17,0.17,0
2,2015-09-03,Jeff Rowland,Clive Silver,275,1505,E1,0.5,1691,0.93,0.76,0.5
3,2015-09-09,Jeff Rowland,David O'Donnell,224,1833,E1,0.5,1695,1.25,0.32,1
4,2015-09-16,Jeff Rowland,John McGregor,205,1855,E1,0,1688,1.54,0.29,1
5,2015-09-17,Jeff Rowland,Vaseekaran Sivarajasingam,278,1566,E1,1,1696,2.22,0.68,2
6,2015-10-13,Jeff Rowland,Simon Blackmore,19,1770,E1,0.5,1698,2.62,0.4,2.5
7,2015-10-19,Jeff Rowland,Karanvir Lutchman Singh,189,1743,E2,0.5,1700,3.06,0.44,3
8,2015-10-26,Jeff Rowland,John McGregor,205,1855,E1,0,1693,3.35,0.29,3
9,2015-10-27,Jeff Rowland,Chris Fox,99,1868,E1,0.5,1698,3.63,0.28,3.5
10,2015-10-28,Jeff Rowland,Andrew Di-Vetta,84,1641,E1,0.5,1696,4.21,0.58,4
11,2015-11-04,Jeff Rowland,Gavin Jones,155,1677,E1,1,1707,4.74,0.53,5
12,2015-11-05,Jeff Rowland,David Rovaretti,269,1701,E2,1,1719,5.24,0.5,6
13,2015-11-10,Jeff Rowland,Peter Ballantyne,11,1641,E1,1,1729,5.82,0.58,7
14,2015-11-23,Jeff Rowland,Sam Warburton,328,1635,E1,0.5,1727,6.41,0.59,7.5
15,2015-12-01,Jeff Rowland,alun howell,132,1703,E1,1,1739,6.91,0.5,8.5
16,2015-12-07,Jeff Rowland,Mike Servini,273,1590,E1,0,1724,7.56,0.65,8.5
17,2015-12-12,Jeff Rowland,Gavin Williams,338,1692,E1,0.5,1723,8.07,0.51,9
18,2015-12-14,Jeff Rowland,Karanvir Lutchman Singh,189,1743,E2,1,1737,8.51,0.44,10
1,2015-07-15,Jeremy Jones,John Waterfield,NA,1976,G1,0,1538,0.1,0.1,0
2,2015-08-29,Jeremy Jones,Steve Williams (Cwm),NA,1694,G1,0,1529,0.39,0.29,0
3,2015-08-29,Jeremy Jones,Neil Stevenson,NA,1285,G1,1,1534,1.21,0.82,1
4,2015-08-30,Jeremy Jones,Stephen Bonutto,22,1193,E1,0.5,1522,2.1,0.89,1.5
5,2015-08-31,Jeremy Jones,David Rovaretti,269,1598,E1,0,1508,2.52,0.42,1.5
6,2015-09-07,Jeremy Jones,Kam Choo Yin,44,1572,E1,0,1494,2.98,0.46,1.5
7,2015-09-24,Jeremy Jones,Roger Phillips,242,1520,E1,0.5,1493,3.51,0.53,2
8,2015-10-05,Jeremy Jones,Aron Calist,33,1380,E1,1,1502,4.23,0.72,3
9,2015-10-19,Jeremy Jones,jonathan kell,168,1871,E1,1,1530,4.35,0.12,4
10,2015-10-26,Jeremy Jones,Aron Calist,33,1380,E1,0.5,1523,5.07,0.72,4.5
11,2015-11-02,Jeremy Jones,Stephen Bonutto,22,1326,E2,1,1530,5.85,0.78,5.5
12,2015-12-07,Jeremy Jones,Dave A Lewis,177,1675,E1,0,1520,6.17,0.32,5.5
13,2015-12-14,Jeremy Jones,Bob Owen,228,1378,E1,0.5,1513,6.89,0.72,6
1,2015-11-04,Jerin Joseph,Rhys Wynn Newton,221,950,E1,1,884,0.38,0.38,1
1,2015-08-17,Jim Davies,Dai James,147,1908,E1,0,1223,0.1,0.1,0
2,2015-08-24,Jim Davies,Howard Lloyd,186,1367,E1,0,1213,0.41,0.31,0
3,2015-09-03,Jim Davies,Bob Owen,228,1378,E1,0.5,1219,0.71,0.3,0.5
4,2015-09-14,Jim Davies,David Jones,152,909,E1,1,1223,1.58,0.87,1.5
5,2015-09-22,Jim Davies,John Rowles,271,1173,E1,1,1237,2.15,0.57,2.5
6,2015-09-24,Jim Davies,Laurence Matuszczyk,201,1155,E1,0,1218,2.75,0.6,2.5
7,2015-09-29,Jim Davies,Dave Morris,215,1048,E1,0.5,1210,3.49,0.74,3
8,2015-10-15,Jim Davies,Anthony Williams,337,1082,E1,0.5,1204,4.18,0.69,3.5
9,2015-10-19,Jim Davies,Matthew Lunnon,187,1541,E1,0,1200,4.31,0.13,3.5
1,2015-07-01,Joe Fathallah,Juan Rodriguez,268,2013,,1,2066,0.56,0.56,1
2,2015-07-11,Joe Fathallah,James Evans,NA,1739,,1,2068,1.43,0.87,2
3,2015-07-11,Joe Fathallah,Alexander Hernandez Jimenez,NA,2285,FM,0,2065,1.64,0.21,2
4,2015-07-12,Joe Fathallah,Hiya Ray,255,1309,,1,2066,2.54,0.9,3
5,2015-07-13,Joe Fathallah,Petr Marusenko,NA,2192,FM,0,2061,2.86,0.32,3
6,2015-07-13,Joe Fathallah,Owen Bennett,NA,1880,,0.5,2057,3.6,0.74,3.5
7,2015-07-14,Joe Fathallah,Guy Wagner,322,1833,,1,2061,4.39,0.79,4.5
8,2015-07-15,Joe Fathallah,Sabrina L Chevannes,NA,2242,WIM,0.5,2065,4.65,0.26,5
9,2015-07-15,Joe Fathallah,Gareth Ellis,NA,1850,,1,2068,5.42,0.77,6
10,2015-07-16,Joe Fathallah,Walter Braun,25,2244,FM,0,2064,5.68,0.26,6
11,2015-07-17,Joe Fathallah,Robert Taylor,NA,1989,,0,2055,6.28,0.6,6
12,2015-07-29,Joe Fathallah,John Trevelyan,312,2107,,0.5,2056,6.71,0.43,6.5
13,2015-08-05,Joe Fathallah,Tom Brown,29,2142,,0,2050,7.09,0.38,6.5
14,2015-08-20,Joe Fathallah,Nikolay Nikolaevich Poleshchuk,NA,2100,,1,2059,7.53,0.44,7.5
15,2015-08-28,Joe Fathallah,Elliott MacNeil,193,1652,,0.5,2052,8.43,0.9,8
16,2015-08-28,Joe Fathallah,Alyssa Wang,325,1826,,1,2055,9.23,0.8,9
17,2015-08-29,Joe Fathallah,David Tomboline,311,1933,,1,2061,9.9,0.67,10
18,2015-08-30,Joe Fathallah,Tihana Ivekovic,NA,2081,WFM,0.5,2061,10.37,0.47,10.5
19,2015-08-30,Joe Fathallah,Alex Bullen,31,2141,,0.5,2063,10.76,0.39,11
20,2015-08-31,Joe Fathallah,Peter Heaven,125,2144,,0,2057,11.14,0.38,11
21,2015-09-08,Joe Fathallah,Alex Bullen,31,2141,,1,2067,11.53,0.39,12
22,2015-09-21,Joe Fathallah,Roy Thomas,305,1697,,0,2052,12.43,0.9,12
23,2015-09-30,Joe Fathallah,Keith Thompson,308,1900,,1,2057,13.14,0.71,13
24,2015-10-06,Joe Fathallah,Tim Kett,170,2228,,0,2052,13.42,0.28,13
25,2015-10-09,Joe Fathallah,Bob Hurn,140,1623,,0.5,2046,14.32,0.9,13.5
26,2015-10-10,Joe Fathallah,Allan Williams,336,1250,,1,2047,15.22,0.9,14.5
27,2015-10-11,Joe Fathallah,Stephen Williams,NA,1790,,1,2050,16.05,0.83,15.5
28,2015-10-11,Joe Fathallah,Tim Kett,170,2228,,0,2046,16.33,0.28,15.5
29,2015-10-14,Joe Fathallah,Ken Hannah,121,1702,,1,2048,0.89,0.89,1
30,2015-10-21,Joe Fathallah,Jonathan Kell,168,1871,,0.5,2044,1.62,0.73,1.5
31,2015-10-28,Joe Fathallah,Walter Braun,25,2244,FM,0.5,2048,1.86,0.24,2
32,2015-11-01,Joe Fathallah,Ben Thomas,303,2058,,0,2041,2.34,0.48,2
33,2015-11-04,Joe Fathallah,Hugh Price,245,1626,,1,2042,3.24,0.9,3
34,2015-11-11,Joe Fathallah,Ioan Rees,257,2286,FM,0.5,2047,3.44,0.2,3.5
35,2015-11-16,Joe Fathallah,Neil Owen,229,1750,,1,2049,4.29,0.85,4.5
36,2015-11-21,Joe Fathallah,Jason Garcia,NA,2071,,0.5,2050,4.75,0.46,5
37,2015-11-21,Joe Fathallah,Juraj Sokolsky,NA,1950,,1,2056,5.38,0.63,6
38,2015-11-22,Joe Fathallah,Alan Young,NA,2108,,0,2049,5.79,0.41,6
39,2015-11-22,Joe Fathallah,Nigel Ralphs,251,2059,,1,2058,6.27,0.48,7
40,2015-11-23,Joe Fathallah,David Robinson,267,1955,,1,2064,6.9,0.63,8
41,2015-11-29,Joe Fathallah,Iolo Jones,NA,2228,FM,0,2059,7.16,0.26,8
42,2015-12-09,Joe Fathallah,Rhys Steele,294,2040,,0.5,2059,7.67,0.51,8.5
43,2015-12-16,Joe Fathallah,Chris Hooper,131,1396,,1,2061,8.57,0.9,9.5
1,2015-10-15,John Callan,Wayne James,149,1430,E1,0,1296,0.33,0.33,0
2,2015-10-27,John Callan,Callum Smith,283,858,E1,0.5,1284,1.23,0.9,0.5
1,2015-07-11,John Cox,Alex Bullen,31,2104,E1,0,1464,0.1,0.1,0
2,2015-07-11,John Cox,Roy Thomas,305,1697,E1,0,1457,0.31,0.21,0
3,2015-07-12,John Cox,Gareth Ellis,NA,1850,N1,0,1454,0.41,0.1,0
4,2015-07-13,John Cox,Andrew Camp,NA,1440,N1,1,1469,0.95,0.54,1
5,2015-07-13,John Cox,David Rovaretti,269,1598,E1,0,1458,1.27,0.32,1
6,2015-07-14,John Cox,Stephen Bonutto,22,1193,E1,0.5,1448,2.1,0.83,1.5
7,2015-07-15,John Cox,Ron Williams,NA,1674,G1,0.5,1456,2.33,0.23,2
8,2015-07-15,John Cox,Bob Hurn,140,1687,E1,0.5,1465,2.55,0.22,2.5
9,2015-07-16,John Cox,Neya Govindaraj,110,1384,E1,0.5,1462,3.17,0.62,3
10,2015-07-17,John Cox,Aishwarya Lutchman Singh,188,1566,E1,0,1450,3.53,0.36,3
11,2015-08-28,John Cox,Dai James,147,1908,E1,0,1447,3.63,0.1,3
12,2015-08-29,John Cox,Bob Hurn,140,1687,E1,0.5,1456,3.85,0.22,3.5
13,2015-08-29,John Cox,Ron Williams,NA,1674,G1,0,1448,4.08,0.23,3.5
14,2015-08-30,John Cox,Beryl Hughes,135,1551,E1,0.5,1452,4.46,0.38,4
15,2015-08-31,John Cox,Richard Livermore,NA,1698,G1,1,1478,4.67,0.21,5
16,2015-08-31,John Cox,Neil Stevenson,NA,1285,G1,1,1486,5.41,0.74,6
17,2015-09-01,John Cox,Edward Mason,199,1425,E1,1,1500,5.97,0.56,7
18,2015-09-07,John Cox,Alun Smith,282,1500,E1,0,1486,6.42,0.45,7
19,2015-09-24,John Cox,Rob Large,175,1382,E1,0.5,1482,7.04,0.62,7.5
20,2015-09-28,John Cox,Sam Warburton,328,1635,E1,0,1473,7.32,0.28,7.5
21,2015-10-05,John Cox,Daniel Jaberansari,145,1217,E1,1,1479,8.13,0.81,8.5
22,2015-10-09,John Cox,Dafydd Chapman,37,974,E1,0.5,1466,9.03,0.9,9
23,2015-10-10,John Cox,George Smith,NA,1237,G1,1,1473,9.82,0.79,10
24,2015-10-10,John Cox,Aron Calist,33,1380,E1,0.5,1469,10.44,0.62,10.5
25,2015-10-11,John Cox,Martyn Maber,NA,1474,ECF,0,1453,10.93,0.49,10.5
26,2015-10-11,John Cox,Nye Bradfield,24,955,E1,1,1456,11.83,0.9,11.5
27,2015-10-19,John Cox,andrew trickey,313,1641,E1,1,1480,0.26,0.26,1
28,2015-10-26,John Cox,Gareth Hurn,142,850,E1,1,1483,1.16,0.9,2
29,2015-11-02,John Cox,David Jones,152,909,E1,1,1486,2.06,0.9,3
30,2015-11-05,John Cox,Gruff Jones,156,1621,E1,0.5,1493,2.34,0.28,3.5
31,2015-11-21,John Cox,Deio Parri,NA,1751,N1,0.5,1504,2.49,0.15,4
32,2015-11-21,John Cox,Allan Williams,336,1250,E1,1,1512,3.26,0.77,5
33,2015-11-22,John Cox,Susanna Fraser,101,1441,E2,0.5,1511,3.78,0.52,5.5
34,2015-11-22,John Cox,Edward Donovan,88,1673,E1,0,1504,4,0.22,5.5
35,2015-12-14,John Cox,Anthony Williams,337,1082,E1,1,1507,4.9,0.9,6.5
1,2015-07-12,John D Thornton,Matthias Kierzek,NA,2270,,1,2026,0.18,0.18,1
2,2015-07-13,John D Thornton,Jyrki Alkkiomaki,NA,1942,,0.5,2025,0.78,0.6,1.5
3,2015-07-15,John D Thornton,Anet Gempe,NA,2044,WFM,0.5,2025,1.24,0.46,2
4,2015-07-16,John D Thornton,Werner Hellwege,NA,1962,,1,2032,1.81,0.57,3
5,2015-07-17,John D Thornton,Arne Bjorn Jorgensen,NA,1978,,0.5,2031,2.36,0.55,3.5
6,2015-07-18,John D Thornton,Peter M Bevan,NA,2026,,0.5,2032,2.84,0.48,4
7,2015-07-19,John D Thornton,Hartmut May,NA,1969,,0.5,2031,3.4,0.56,4.5
8,2015-07-20,John D Thornton,Renata Kosc,NA,2038,,0.5,2031,3.86,0.46,5
9,2015-08-10,John D Thornton,Clive Silver,275,1505,,1,2033,4.76,0.9,6
10,2015-08-17,John D Thornton,Bob Hurn,140,1687,,1,2035,5.64,0.88,7
11,2015-08-24,John D Thornton,Mike Joslin,161,1376,,1,2036,6.54,0.9,8
12,2015-09-08,John D Thornton,Ian Burrows,32,1184,,1,2038,7.44,0.9,9
13,2015-09-14,John D Thornton,Sam Jukes,163,1713,,0.5,2032,8.3,0.86,9.5
14,2015-09-15,John D Thornton,Paul Bridges,26,1917,,0.5,2030,8.93,0.63,10
15,2015-09-21,John D Thornton,David Robinson,267,1955,,0,2021,9.51,0.58,10
16,2015-09-28,John D Thornton,Roy Thomas,305,1772,,0.5,2016,10.31,0.8,10.5
17,2015-10-05,John D Thornton,Justin Morgans,213,1655,,0,2002,11.21,0.9,10.5
18,2015-10-07,John D Thornton,Richard Livermore,NA,1651,,1,2003,12.11,0.9,11.5
19,2015-10-12,John D Thornton,Russell Dodington,87,1778,,1,2006,12.91,0.8,12.5
20,2015-10-19,John D Thornton,Steve Cunliffe,60,1967,,0,1997,13.47,0.56,12.5
21,2015-11-02,John D Thornton,Peter Ehsandar,92,2038,,1,2006,13.93,0.46,13.5
22,2015-11-11,John D Thornton,Peter Quinn,250,1895,,1,2012,14.59,0.66,14.5
23,2015-11-17,John D Thornton,Leslie Blohm,NA,2000,,0,2003,15.11,0.52,14.5
24,2015-11-30,John D Thornton,Keith Thompson,308,1930,,1,2009,15.73,0.62,15.5
25,2015-12-09,John D Thornton,Richard Miles,NA,1921,,0.5,2007,16.36,0.63,16
26,2015-12-14,John D Thornton,Mike Joslin,161,1376,,1,2009,0.9,0.9,1
27,2015-12-15,John D Thornton,Benjamin Choo Yin,42,1853,,1,2013,1.61,0.71,2
1,2015-07-31,John Fletcher,Ishan Ramdewar,NA,1802,,1,2029,0.79,0.79,1
2,2015-08-01,John Fletcher,Michael J Basman,NA,2330,IM,0,2027,0.93,0.14,1
3,2015-08-01,John Fletcher,Roger J Edwards,NA,1802,,1,2030,1.72,0.79,2
4,2015-08-02,John Fletcher,Nicholas Fordham,NA,2106,,0,2024,2.11,0.39,2
5,2015-08-02,John Fletcher,Niel S Homer,NA,1842,,0.5,2020,2.85,0.74,2.5
1,2015-09-02,John McGregor,Venetia Sivarajasingam,279,1760,E2,0.5,1852,0.63,0.63,0.5
2,2015-09-07,John McGregor,Edward Donovan,88,1673,E1,0.5,1846,1.37,0.74,1
3,2015-09-16,John McGregor,Jeff Rowland,270,1701,E1,1,1853,2.08,0.71,2
4,2015-10-05,John McGregor,Karanvir Lutchman Singh,189,1631,E1,0.5,1846,2.87,0.79,2.5
5,2015-10-12,John McGregor,Ben Thomas,303,2058,E1,0.5,1852,3.11,0.24,3
6,2015-10-19,John McGregor,Roger Phillips,242,1520,E1,1,1855,3.99,0.88,4
7,2015-10-22,John McGregor,Jonathan James,148,2025,E1,0.5,1861,4.26,0.27,4.5
8,2015-10-26,John McGregor,Jeff Rowland,270,1701,E1,1,1868,4.97,0.71,5.5
9,2015-11-16,John McGregor,Beryl Hughes,135,1551,E1,1,1871,5.83,0.86,6.5
10,2015-11-21,John McGregor,Alan Young,NA,2108,W1,0,1867,6.02,0.19,6.5
11,2015-11-21,John McGregor,Andrew Millington,NA,1750,G1,1,1875,6.66,0.64,7.5
12,2015-11-22,John McGregor,Nicholas Evans,NA,2016,W2,0,1868,6.94,0.28,7.5
13,2015-11-22,John McGregor,Steve Christmas,47,1955,E1,0.5,1872,7.3,0.36,8
14,2015-12-01,John McGregor,Simon Blackmore,19,1770,E1,1,1881,7.92,0.62,9
15,2015-12-15,John McGregor,Chris Howells,133,1997,E1,1,1897,8.23,0.31,10
1,2015-10-22,John Rees,Stephen Bonutto,22,1326,E2,0,847,0.1,0.1,0
2,2015-11-09,John Rees,Lauren Davies,71,1402,E1,0,844,0.2,0.1,0
3,2015-11-19,John Rees,Huw Davies,68,850,E1,0,828,0.7,0.5,0
4,2015-12-15,John Rees,Ellison Smith,286,877,E1,0,813,1.16,0.46,0
1,2015-09-22,John Rowles,Jim Davies,69,1226,E1,0,1159,0.43,0.43,0
2,2015-11-17,John Rowles,Emily Wang,327,1317,E2,0,1149,0.74,0.31,0
1,2015-09-07,John Stephenson,Mike Servini,273,1590,E1,0,1328,0.18,0.18,0
2,2015-09-21,John Stephenson,Nadi Grewal,115,1402,E1,0,1315,0.58,0.4,0
3,2015-09-24,John Stephenson,Ashley Davis,76,1967,E1,0,1312,0.68,0.1,0
4,2015-10-05,John Stephenson,Howard Lloyd,186,1367,E1,1,1330,1.13,0.45,1
5,2015-10-27,John Stephenson,Nessie Georgion,104,1497,E1,1,1353,1.41,0.28,2
6,2015-11-16,John Stephenson,Kam Choo Yin,44,1572,E1,1,1378,1.61,0.2,3
7,2015-11-19,John Stephenson,Chris Green,114,1603,E1,0.5,1389,1.78,0.17,3.5
8,2015-11-23,John Stephenson,David Roberts,264,1445,E1,0,1378,2.13,0.35,3.5
9,2015-11-30,John Stephenson,Peter Ballantyne,11,1641,E1,0,1373,2.27,0.14,3.5
10,2015-12-14,John Stephenson,Stephen Lambourne,174,1531,E1,0.5,1382,2.51,0.24,4
1,2015-07-29,John Trevelyan,Joe Fathallah,96,2059,E1,0.5,2106,0.57,0.57,0.5
2,2015-08-05,John Trevelyan,Peter Ehsandar,92,2038,E1,1,2112,1.17,0.6,1.5
1,2015-11-30,Jonathan Davies,George Smith,NA,1237,G1,0,847,0.1,0.1,0
2,2015-12-14,Jonathan Davies,Neil Stevenson,NA,1286,G2,0,844,0.2,0.1,0
1,2015-09-10,Jonathan James,Alun Howell,132,1703,E1,1,2027,0.87,0.87,1
2,2015-10-22,Jonathan James,John McGregor,205,1855,E1,0.5,2023,1.6,0.73,1.5
1,2015-09-07,Jonathan Kell,Roger Jenkins,151,1511,E1,1,1873,0.9,0.9,1
2,2015-09-21,Jonathan Kell,Rod Gough,109,1808,E1,0.5,1871,1.49,0.59,1.5
3,2015-09-28,Jonathan Kell,Richard Livermore,NA,1698,G1,1,1878,2.22,0.73,2.5
4,2015-10-12,Jonathan Kell,Steve Cunliffe,60,1967,E1,0.5,1881,2.59,0.37,3
5,2015-10-19,Jonathan Kell,jeremy jones,157,1541,E1,0,1860,3.47,0.88,3
6,2015-10-21,Jonathan Kell,Joe Fathallah,96,2046,E2,0.5,1865,3.74,0.27,3.5
7,2015-11-23,Jonathan Kell,Peter Ehsandar,92,2038,E1,0,1859,4.02,0.28,3.5
8,2015-11-25,Jonathan Kell,Derek Jones,153,1961,E1,0,1849,4.4,0.38,3.5
1,2015-10-20,Joseph Setchfield,Nessie GEORGION,104,1497,E1,0,993,0.1,0.1,0
2,2015-12-22,Joseph Setchfield,Stephen Bonutto,22,1326,E2,0,989,0.22,0.12,0
1,2015-07-01,Juan Rodriguez,Joe Fathallah,96,2059,,0,2006,0.44,0.44,0
2,2015-07-29,Juan Rodriguez,Tom Brown,29,2142,,0,2001,0.76,0.32,0
3,2015-08-05,Juan Rodriguez,Walter Braun,25,2244,FM,0.5,2005,0.97,0.21,0.5
4,2015-09-16,Juan Rodriguez,Hugh Price,245,1626,,1,2007,1.87,0.9,1.5
5,2015-09-16,Juan Rodriguez,Keith Thompson,308,1900,,0.5,2005,2.53,0.66,2
6,2015-09-22,Juan Rodriguez,Dai James,147,1908,,1,2010,3.17,0.64,3
7,2015-10-05,Juan Rodriguez,Sam Jukes,163,1713,,1,2013,4.03,0.86,4
8,2015-10-07,Juan Rodriguez,Andrew Di-Vetta,84,1641,,1,2014,4.93,0.9,5
9,2015-12-02,Juan Rodriguez,John Waterfield,NA,1957,,1,2021,5.51,0.58,6
10,2015-12-16,Juan Rodriguez,Roger Jenkins,151,1511,,1,2022,6.41,0.9,7
1,2015-08-24,Justin Morgans,Beryl Hughes,135,1551,E1,0.5,1652,0.64,0.64,0.5
2,2015-09-03,Justin Morgans,Michael Arribas-Ayllon,8,1764,E1,0.5,1655,0.99,0.35,1
3,2015-09-10,Justin Morgans,John Waterfield,NA,1976,G1,0,1652,1.12,0.13,1
4,2015-09-14,Justin Morgans,Ben Thomas,303,2058,E1,0.5,1662,1.22,0.1,1.5
5,2015-09-16,Justin Morgans,Bob Hurn,140,1687,E1,0.5,1663,1.67,0.45,2
6,2015-09-21,Justin Morgans,Andrew Trickey,313,1641,E1,0.5,1662,2.19,0.52,2.5
7,2015-09-28,Justin Morgans,Cyril Ley,182,1674,E1,1,1675,2.66,0.47,3.5
8,2015-10-05,Justin Morgans,John D Thornton,310,2013,E1,1,1697,2.76,0.1,4.5
9,2015-10-19,Justin Morgans,Sam Jukes,163,1735,E2,1,1711,3.15,0.39,5.5
10,2015-10-26,Justin Morgans,Mark Janas,150,1745,E1,0.5,1714,3.53,0.38,6
11,2015-11-02,Justin Morgans,Guy Wagner,322,1803,E2,0,1707,3.83,0.3,6
12,2015-11-04,Justin Morgans,Alex Wills,343,1733,E1,0.5,1710,4.22,0.39,6.5
13,2015-11-16,Justin Morgans,Tom Brown,29,2142,E1,0,1707,4.32,0.1,6.5
14,2015-12-01,Justin Morgans,gavin jones,155,1677,E1,1,1720,4.79,0.47,7.5
15,2015-12-07,Justin Morgans,Wayne James,149,1430,E1,1,1725,5.58,0.79,8.5
16,2015-12-14,Justin Morgans,Martin Ricketts,263,1384,E1,1,1729,6.41,0.83,9.5
1,2015-09-01,Kam Choo Yin,David Hambrook,120,1573,E1,0,1556,0.5,0.5,0
2,2015-09-07,Kam Choo Yin,Jeremy Jones,157,1541,E1,1,1571,1.04,0.54,1
3,2015-09-21,Kam Choo Yin,David Cleverly,52,1791,E1,1,1596,1.26,0.22,2
4,2015-10-14,Kam Choo Yin,Chris Howells,133,1997,E1,1,1624,1.36,0.1,3
5,2015-11-16,Kam Choo Yin,John Stephenson,296,1334,E1,0,1599,2.16,0.8,3
6,2015-11-17,Kam Choo Yin,Bill Wilkins,334,1420,E1,1,1608,2.86,0.7,4
7,2015-11-24,Kam Choo Yin,Steve Lindsay,184,1765,E1,0,1600,3.11,0.25,4
8,2015-12-08,Kam Choo Yin,Bob Hurn,140,1657,E3,0.5,1604,3.49,0.38,4.5
9,2015-12-21,Kam Choo Yin,Roy Thomas,305,1772,E2,1,1629,3.73,0.24,5.5
1,2015-07-13,Karanvir Lutchman Singh,Charlie McLaren,NA,1978,,1,1652,0.11,0.11,1
2,2015-07-14,Karanvir Lutchman Singh,Katja Stoll,NA,1854,,0,1647,0.33,0.22,1
3,2015-07-15,Karanvir Lutchman Singh,Sam Jukes,163,1713,,0,1638,0.72,0.39,1
4,2015-07-15,Karanvir Lutchman Singh,Ethan Chung,48,1128,,1,1640,1.62,0.9,2
5,2015-07-17,Karanvir Lutchman Singh,Shayanna Sivarajasingam,277,1767,,0.5,1644,1.94,0.32,2.5
6,2015-07-20,Karanvir Lutchman Singh,Ross Beatty,NA,1617,,0.5,1644,2.46,0.52,3
7,2015-07-20,Karanvir Lutchman Singh,Jake Holton,NA,1818,,0.5,1650,2.71,0.25,3.5
8,2015-07-21,Karanvir Lutchman Singh,Callum Smith (Sco),NA,1406,,1,1655,3.5,0.79,4.5
9,2015-07-21,Karanvir Lutchman Singh,Jake Holton,NA,1818,,0,1649,3.75,0.25,4.5
10,2015-07-22,Karanvir Lutchman Singh,Ross Beatty,NA,1617,,0.5,1649,4.27,0.52,5
11,2015-07-22,Karanvir Lutchman Singh,Callum Smith (Sco),NA,1406,,1,1654,5.06,0.79,6
12,2015-07-27,Karanvir Lutchman Singh,Gabriel Balouka-Myers,NA,1834,,1,1672,5.3,0.24,7
13,2015-07-28,Karanvir Lutchman Singh,Ilya Misyura,NA,1994,,0,1669,5.4,0.1,7
14,2015-07-29,Karanvir Lutchman Singh,Calum Salmons,NA,1722,,0,1661,5.77,0.37,7
15,2015-07-29,Karanvir Lutchman Singh,Nikhil Kadambadi,NA,1746,,1,1676,6.11,0.34,8
16,2015-07-30,Karanvir Lutchman Singh,Alexander Davies,NA,1786,,1,1693,6.4,0.29,9
17,2015-07-31,Karanvir Lutchman Singh,Oscar Pollack,NA,1994,,0,1691,6.5,0.1,9
18,2015-08-01,Karanvir Lutchman Singh,George Ivanov,NA,1906,,1,1711,6.67,0.17,10
19,2015-08-28,Karanvir Lutchman Singh,Chris Dixon,NA,1878,,1,1730,6.86,0.19,11
20,2015-08-28,Karanvir Lutchman Singh,Lee Davis,77,2092,,0,1728,6.96,0.1,11
21,2015-08-29,Karanvir Lutchman Singh,Adam May,NA,1975,,0.5,1737,7.07,0.11,11.5
22,2015-08-30,Karanvir Lutchman Singh,Peter Ehsandar,92,2038,,0,1735,7.17,0.1,11.5
23,2015-08-31,Karanvir Lutchman Singh,Stephen Horrell,NA,1698,,1,1749,7.58,0.41,12.5
24,2015-09-28,Karanvir Lutchman Singh,David Rovaretti,269,1598,,0,1736,8.13,0.55,12.5
25,2015-10-05,Karanvir Lutchman Singh,John McGregor,205,1855,,0.5,1743,8.34,0.21,13
26,2015-10-19,Karanvir Lutchman Singh,Jeff Rowland,270,1701,,0.5,1742,0.56,0.56,0.5
27,2015-10-26,Karanvir Lutchman Singh,Richard Chen,NA,2117,CM,1,1763,0.66,0.1,1.5
28,2015-10-27,Karanvir Lutchman Singh,Milton Pantzar,NA,2153,,0,1761,0.76,0.1,1.5
29,2015-10-28,Karanvir Lutchman Singh,Theo Stijve,NA,1989,,0,1756,0.95,0.19,1.5
30,2015-10-29,Karanvir Lutchman Singh,Lukas Keisch,NA,1899,,0.5,1761,1.24,0.29,2
31,2015-10-30,Karanvir Lutchman Singh,Nori Rabeea Sabah,NA,1999,FM,1,1781,1.42,0.18,3
32,2015-10-31,Karanvir Lutchman Singh,Harry Grieve,NA,2122,,0,1779,1.52,0.1,3
33,2015-11-01,Karanvir Lutchman Singh,Rihards Bekasovs,NA,1900,,0,1772,1.81,0.29,3
34,2015-11-02,Karanvir Lutchman Singh,Georgios Alexakis,NA,1965,,0,1766,2.03,0.22,3
35,2015-11-03,Karanvir Lutchman Singh,Xin-Yu Zhu Jeffrey,NA,1838,,1,1781,2.4,0.37,4
36,2015-11-04,Karanvir Lutchman Singh,Kazybek Umbetov,NA,1874,,0,1774,2.72,0.32,4
37,2015-11-05,Karanvir Lutchman Singh,Winkin Pol,NA,1342,,1,1776,3.62,0.9,5
38,2015-11-16,Karanvir Lutchman Singh,Gwilym Moses,216,862,,1,1779,4.52,0.9,6
39,2015-11-21,Karanvir Lutchman Singh,Nigel Ralphs,251,2059,,0.5,1787,4.65,0.13,6.5
40,2015-11-21,Karanvir Lutchman Singh,Shayanna Sivarajasingam,277,1699,,0,1774,5.21,0.56,6.5
41,2015-11-22,Karanvir Lutchman Singh,Juraj Sokolsky,NA,1950,,1,1792,5.44,0.23,7.5
42,2015-11-22,Karanvir Lutchman Singh,Bob Moore,NA,1978,,0,1788,5.64,0.2,7.5
43,2015-12-02,Karanvir Lutchman Singh,Matthew Wilson,345,1802,,1,1802,6.06,0.42,8.5
44,2015-12-14,Karanvir Lutchman Singh,Jeff Rowland,270,1701,,0,1788,6.62,0.56,8.5
45,2015-12-15,Karanvir Lutchman Singh,Peter Slater,281,1663,,0.5,1785,7.23,0.61,9
1,2015-09-07,Keith Thompson,Matthew Parry,231,1990,E1,0.5,1903,0.38,0.38,0.5
2,2015-09-09,Keith Thompson,Mike Edwards,91,1821,E1,0,1888,0.99,0.61,0.5
3,2015-09-16,Keith Thompson,Juan Rodriguez,268,2013,E1,0.5,1892,1.33,0.34,1
4,2015-09-17,Keith Thompson,Colin Chambers,NA,1220,W1,1,1894,2.23,0.9,2
5,2015-09-22,Keith Thompson,Rob Dineen,85,1860,E1,1,1905,2.79,0.56,3
6,2015-09-23,Keith Thompson,Conor Hunt,139,1687,E1,1,1911,3.56,0.77,4
7,2015-09-24,Keith Thompson,Paul Bevan,NA,1373,W1,1,1913,4.46,0.9,5
8,2015-09-29,Keith Thompson,Anthony Beck,NA,1452,W1,0,1891,5.36,0.9,5
9,2015-09-30,Keith Thompson,Joe Fathallah,96,2059,E1,0,1884,5.65,0.29,5
10,2015-10-05,Keith Thompson,Ken Hannah,121,1702,E1,0.5,1878,6.41,0.76,5.5
11,2015-10-05,Keith Thompson,Keith Downey,NA,1783,W1,1,1886,7.07,0.66,6.5
12,2015-10-07,Keith Thompson,Mark Jones,158,1664,E1,1,1891,7.87,0.8,7.5
13,2015-10-13,Keith Thompson,Malcolm Probert,NA,1626,W1,1,1895,8.7,0.83,8.5
14,2015-10-14,Keith Thompson,Venetia Sivarajasingam,279,1760,E2,1,1903,9.39,0.69,9.5
15,2015-10-21,Keith Thompson,David Llewellyn,185,1948,E1,1,1916,9.82,0.43,10.5
16,2015-10-26,Keith Thompson,Ken Hannah,121,1702,E1,0.5,1910,10.58,0.76,11
17,2015-10-27,Keith Thompson,Matthew Wilson,345,1802,E1,0,1895,11.22,0.64,11
18,2015-11-01,Keith Thompson,Stephen Bonutto,22,1326,E2,1,1897,12.12,0.9,12
19,2015-11-02,Keith Thompson,Les Philpin,NA,1587,W1,1,1900,12.99,0.87,13
20,2015-11-04,Keith Thompson,Rod Gough,109,1808,E1,1,1909,13.62,0.63,14
21,2015-11-05,Keith Thompson,Ian Eustis,NA,1769,W1,1,1917,14.3,0.68,15
22,2015-11-11,Keith Thompson,Dave Roberts,NA,1626,G1,1,1921,15.13,0.83,16
23,2015-11-12,Keith Thompson,David Buttell,NA,1897,W2,0.5,1921,15.63,0.5,16.5
24,2015-11-17,Keith Thompson,Mark Janas,150,1745,E1,1,1928,16.34,0.71,17.5
25,2015-11-18,Keith Thompson,Daniel Griffiths,117,1389,E1,1,1930,17.24,0.9,18.5
26,2015-11-23,Keith Thompson,Dave Parsons,232,1797,E1,0.5,1926,0.68,0.68,0.5
27,2015-11-25,Keith Thompson,Damon Davies,65,1785,E1,0.5,1921,1.38,0.7,1
28,2015-11-29,Keith Thompson,Tony Haigh,NA,1910,D2,1,1932,1.91,0.53,2
29,2015-11-30,Keith Thompson,John D Thornton,310,2013,E1,0,1923,2.29,0.38,2
30,2015-12-02,Keith Thompson,Steve Christmas,47,1955,E1,0.5,1924,2.75,0.46,2.5
31,2015-12-03,Keith Thompson,Peter Smith,NA,1654,W1,1,1928,3.59,0.84,3.5
32,2015-12-16,Keith Thompson,Dave Roberts,NA,1626,G1,1,1931,4.45,0.86,4.5
33,2015-12-17,Keith Thompson,Chris Howells,133,1997,E1,1,1945,4.86,0.41,5.5
1,2015-09-14,Ken Curry,Peter Warden,329,1408,E1,0.5,1172,0.19,0.19,0.5
2,2015-09-24,Ken Curry,Peter Watkins,331,1424,E1,0,1166,0.37,0.18,0.5
3,2015-09-28,Ken Curry,Jack Aldridge,4,868,E1,1,1171,1.22,0.85,1.5
4,2015-10-17,Ken Curry,Russell Dodington,87,1778,E1,0,1168,1.32,0.1,1.5
5,2015-10-22,Ken Curry,Chris Green,114,1603,E1,0.5,1181,1.42,0.1,2
6,2015-11-23,Ken Curry,Ian Burrows,32,1184,E1,1,1198,1.89,0.47,3
7,2015-11-24,Ken Curry,Phil Smith,288,1471,E1,0,1193,2.03,0.14,3
8,2015-12-14,Ken Curry,Kevin O'Rourke,225,1172,E2,1,1209,2.52,0.49,4
9,2015-12-15,Ken Curry,Gareth Davies,66,1375,E1,0,1202,2.75,0.23,4
1,2015-09-14,Ken Hannah,Rod Gough,109,1808,E1,0.5,1706,0.35,0.35,0.5
2,2015-09-28,Ken Hannah,Matthew Davies,NA,2017,W1,0,1702,0.48,0.13,0.5
3,2015-10-05,Ken Hannah,Keith Thompson,308,1900,E1,0.5,1709,0.72,0.24,1
4,2015-10-12,Ken Hannah,Chris Peters,240,1621,E1,1,1718,1.33,0.61,2
5,2015-10-14,Ken Hannah,Joe Fathallah,96,2046,E2,0,1715,1.44,0.11,2
6,2015-10-19,Ken Hannah,David Perrett,239,1945,E1,0,1711,1.64,0.2,2
7,2015-10-22,Ken Hannah,Sam White,333,1479,E1,1,1716,2.42,0.78,3
8,2015-10-26,Ken Hannah,Keith Thompson,308,1900,E1,0.5,1722,2.66,0.24,3.5
9,2015-11-02,Ken Hannah,Dave Roberts,NA,1626,G1,1,1732,3.27,0.61,4.5
10,2015-11-24,Ken Hannah,David Llewellyn,185,1948,E1,0,1727,3.46,0.19,4.5
11,2015-11-30,Ken Hannah,Peter Warden,329,1408,E1,0.5,1719,4.31,0.85,5
12,2015-12-09,Ken Hannah,Chris Fox,99,1868,E1,0.5,1724,4.59,0.28,5.5
13,2015-12-14,Ken Hannah,Andrew Trickey,313,1641,E1,0,1710,5.18,0.59,5.5
1,2015-08-03,Ken Wardle,Brian Morris,214,850,E1,1,1573,0.9,0.9,1
2,2015-09-13,Ken Wardle,Gwilym Moses,216,862,E1,1,1576,1.8,0.9,2
3,2015-09-14,Ken Wardle,Daniel Jaberansari,145,1217,E1,1,1580,2.69,0.89,3
4,2015-10-19,Ken Wardle,laurence matuszczyk,201,1155,E1,1,1583,3.59,0.9,4
5,2015-10-27,Ken Wardle,Roland Humphries,137,1160,E1,1,1586,4.49,0.9,5
6,2015-11-02,Ken Wardle,Anthony Williams,337,1082,E1,1,1590,5.39,0.9,6
7,2015-11-09,Ken Wardle,David Jones,152,909,E1,1,1593,6.29,0.9,7
8,2015-11-10,Ken Wardle,Callum Smith,283,858,E1,1,1596,7.19,0.9,8
1,2015-08-20,Kevin Evans,Sergey Nefedov,NA,2261,FM,0,1997,0.18,0.18,0
2,2015-12-10,Kevin Evans,Sam Jukes,163,1735,,1,2000,1.01,0.83,1
1,2015-09-21,Kevin Gandy,Dave Roberts,NA,1626,G1,0,1628,0.52,0.52,0
2,2015-09-28,Kevin Gandy,Matthew Parry,231,1990,E1,0,1625,0.63,0.11,0
3,2015-10-14,Kevin Gandy,Peter Ehsandar,92,2038,E1,0,1622,0.73,0.1,0
4,2015-10-26,Kevin Gandy,Tom Brown,29,2142,E1,0,1620,0.83,0.1,0
5,2015-12-10,Kevin Gandy,Roy Thomas,305,1772,E2,0,1612,1.15,0.32,0
6,2015-12-14,Kevin Gandy,Lauren Davies,71,1402,E1,0,1593,1.95,0.8,0
1,2015-07-12,Kevin O'Rourke,Dai James,147,1908,E1,0,1127,0.1,0.1,0
2,2015-07-13,Kevin O'Rourke,Jim Robertson,NA,1673,Fide,0,1124,0.2,0.1,0
3,2015-07-13,Kevin O'Rourke,Mark Emblem,NA,1477,G1,0,1120,0.31,0.11,0
4,2015-07-14,Kevin O'Rourke,Hiya Ray,255,1309,E1,0,1112,0.57,0.26,0
5,2015-07-15,Kevin O'Rourke,Andrew Camp,NA,1440,N1,1,1139,0.71,0.14,1
6,2015-07-15,Kevin O'Rourke,James Evans,NA,1739,W1,0,1136,0.81,0.1,1
7,2015-07-16,Kevin O'Rourke,Shayanna Sivarajasingam,277,1767,E1,0,1133,0.91,0.1,1
8,2015-07-17,Kevin O'Rourke,Allyson James,NA,996,W1,1,1143,1.59,0.68,2
9,2015-08-28,Kevin O'Rourke,Bill Harle,122,1718,E1,0,1140,1.69,0.1,2
10,2015-08-29,Kevin O'Rourke,Beryl Hughes,135,1551,E1,1,1169,1.79,0.1,3
11,2015-08-31,Kevin O'Rourke,John Waterfield,NA,1976,G1,0,1166,1.89,0.1,3
12,2015-09-16,Kevin O'Rourke,Ian Burrows,32,1184,E1,0,1152,2.31,0.42,3
13,2015-09-22,Kevin O'Rourke,Allan Fisher,97,1537,E1,0,1149,2.41,0.1,3
14,2015-10-09,Kevin O'Rourke,Simon Blackmore,19,1770,E1,0.5,1162,2.51,0.1,3.5
15,2015-10-10,Kevin O'Rourke,Paul Bridges,26,1917,E1,0,1158,2.61,0.1,3.5
16,2015-10-11,Kevin O'Rourke,Venetia Sivarajasingam,279,1760,E2,0,1155,2.71,0.1,3.5
17,2015-10-12,Kevin O'Rourke,Ian Gerbex,105,1200,E1,1,1174,3.11,0.4,4.5
18,2015-11-02,Kevin O'Rourke,Richard Morgan,212,1290,E1,0.5,1181,3.4,0.29,5
19,2015-11-10,Kevin O'Rourke,Bob Hurn,140,1623,E2,0,1178,3.5,0.1,5
20,2015-11-20,Kevin O'Rourke,Les Philpin,NA,1587,W1,0,1175,3.6,0.1,5
21,2015-11-21,Kevin O'Rourke,Stephen Bonutto,22,1326,E2,0,1167,3.84,0.24,5
22,2015-11-22,Kevin O'Rourke,Allan Williams,336,1250,E1,1,1188,4.18,0.34,6
23,2015-11-22,Kevin O'Rourke,Susanna Fraser,101,1441,E2,0,1184,4.32,0.14,6
24,2015-11-23,Kevin O'Rourke,Richard Godfrey,107,1099,E1,1,1198,4.86,0.54,7
25,2015-11-29,Kevin O'Rourke,Richard Hine,128,850,E1,0,1172,5.7,0.84,7
26,2015-12-08,Kevin O'Rourke,Nayana Kalavala,164,1231,E2,1,1191,0.42,0.42,1
27,2015-12-14,Kevin O'Rourke,Ken Curry,61,1162,E1,0,1174,0.93,0.51,1
1,2015-11-21,Kimberley Chong,Larry James,NA,1022,W1,1,1208,0.74,0.74,1
2,2015-11-21,Kimberley Chong,Eleanor Collins,NA,1163,W1,0,1191,1.29,0.55,1
3,2015-11-22,Kimberley Chong,Joe Spooner,NA,1143,W1,0,1172,1.87,0.58,1
4,2015-11-22,Kimberley Chong,June Evans,NA,1059,W1,0.5,1166,2.56,0.69,1.5
5,2015-12-01,Kimberley Chong,beryl hughes,135,1551,E1,0,1163,2.67,0.11,1.5
1,2015-07-20,Kristian Prosser,Alex Byrne,NA,1876,ICU,0.5,1637,0.19,0.19,0.5
2,2015-07-20,Kristian Prosser,Daniel Gallagher,NA,2074,ECF,0,1635,0.29,0.1,0.5
3,2015-07-21,Kristian Prosser,Carl Milton,NA,1867,SCO,0,1630,0.49,0.2,0.5
4,2015-07-21,Kristian Prosser,Daniel Gallagher,NA,2074,ECF,0,1628,0.59,0.1,0.5
5,2015-07-22,Kristian Prosser,Alex Byrne,NA,1876,ICU,0.5,1635,0.78,0.19,1
6,2015-07-22,Kristian Prosser,Carl Milton,NA,1867,SCO,0,1630,0.98,0.2,1
1,2015-07-06,Lauren Davies,Lyndon Todd,NA,1122,W1,0,1375,0.84,0.84,0
2,2015-07-13,Lauren Davies,Chris Peters,240,1621,E1,1,1400,1.06,0.22,1
3,2015-07-27,Lauren Davies,Andrew Trickey,313,1641,E1,0,1394,1.26,0.2,1
4,2015-09-14,Lauren Davies,Ethan Chung,48,1128,E1,0.5,1383,2.09,0.83,1.5
5,2015-10-27,Lauren Davies,Mike Colwill,54,1006,E1,1,1386,2.99,0.9,2.5
6,2015-11-09,Lauren Davies,John Rees,258,850,E1,1,1390,3.89,0.9,3.5
7,2015-11-10,Lauren Davies,Ellison Smith,286,877,E1,1,1393,4.79,0.9,4.5
8,2015-12-14,Lauren Davies,Kevin Gandy,103,1640,E1,1,1418,4.99,0.2,5.5
1,2015-09-07,Laurence Matuszczyk,Callum Smith,283,858,E1,1,1160,0.85,0.85,1
2,2015-09-24,Laurence Matuszczyk,Jim Davies,69,1226,E1,1,1179,1.25,0.4,2
3,2015-10-19,Laurence Matuszczyk,ken wardle,330,1570,E1,0,1176,1.35,0.1,2
4,2015-10-26,Laurence Matuszczyk,Evie Hurn,141,850,E1,1,1180,2.21,0.86,3
5,2015-11-02,Laurence Matuszczyk,Pagona Mavroyenneas,203,945,E1,1,1188,2.98,0.77,4
6,2015-12-07,Laurence Matuszczyk,Roland Humphries,137,1160,E1,0.5,1188,3.47,0.49,4.5
7,2015-12-14,Laurence Matuszczyk,James Williams,339,970,E1,0,1164,4.21,0.74,4.5
1,2015-07-11,Lee Davis,Andrew Camp,NA,1440,,1,2094,0.9,0.9,1
2,2015-07-11,Lee Davis,Peter K Wells,NA,2448,GM,0,2092,1,0.1,1
3,2015-07-12,Lee Davis,Aron Calist,33,1380,,1,2094,1.9,0.9,2
4,2015-07-13,Lee Davis,Jack Rudd,NA,2247,FM,0,2089,2.19,0.29,2
5,2015-07-13,Lee Davis,Roy Thomas,305,1697,,0.5,2083,3.09,0.9,2.5
6,2015-07-14,Lee Davis,Thomas Thorpe,NA,2053,,0,2074,3.64,0.55,2.5
7,2015-07-15,Lee Davis,Owen Bennett,NA,1880,,1,2077,4.41,0.77,3.5
8,2015-07-15,Lee Davis,Rhys Bennett,NA,1995,,1,2083,5.04,0.63,4.5
9,2015-07-16,Lee Davis,Robert Taylor,NA,1989,,1,2089,5.68,0.64,5.5
10,2015-07-17,Lee Davis,Ali Reza Jaunooby,NA,2266,,1,2101,5.95,0.27,6.5
11,2015-08-28,Lee Davis,Sam Jukes,163,1713,,1,2102,6.85,0.9,7.5
12,2015-08-28,Lee Davis,Karanvir Lutchman Singh,189,1631,,1,2104,7.75,0.9,8.5
13,2015-08-29,Lee Davis,William Hewitt,NA,2131,,0.5,2105,8.2,0.45,9
14,2015-08-30,Lee Davis,Peter Heaven,125,2144,,0,2098,8.63,0.43,9
15,2015-08-30,Lee Davis,Nicholas Evans,NA,1992,,0,2088,9.27,0.64,9
16,2015-08-31,Lee Davis,Peter Ehsandar,92,2038,,1,2094,9.85,0.58,10
17,2015-09-14,Lee Davis,Alan B Leary,NA,1626,,1,2096,10.75,0.9,11
18,2015-09-16,Lee Davis,Peter Varley,NA,2190,FM,0,2090,11.11,0.36,11
19,2015-09-21,Lee Davis,Peter Johnston,NA,1714,,1,2092,12.01,0.9,12
20,2015-09-28,Lee Davis,Brian Morris (ECF),NA,1442,,1,2093,12.91,0.9,13
21,2015-09-30,Lee Davis,Robert Graham Taylor,NA,1988,,1,2099,13.55,0.64,14
22,2015-10-05,Lee Davis,Roger Aris,NA,1530,,1,2101,14.45,0.9,15
23,2015-10-06,Lee Davis,Stewart K Fishburne,NA,2202,,1,2111,14.8,0.35,16
24,2015-10-07,Lee Davis,David Vaughan,NA,1992,,1,2117,15.44,0.64,17
25,2015-10-12,Lee Davis,Paul J Barker,NA,1850,,0.5,2112,16.24,0.8,17.5
26,2015-10-14,Lee Davis,Frank May,NA,2127,,0.5,2112,0.48,0.48,0.5
27,2015-10-19,Lee Davis,Les P Collard,NA,1898,,1,2116,1.26,0.78,1.5
28,2015-10-21,Lee Davis,Jim A Friar,NA,2050,,0,2106,1.85,0.59,1.5
29,2015-10-27,Lee Davis,David J Hodge,NA,1786,,0.5,2100,2.73,0.88,2
30,2015-11-01,Lee Davis,Tom Brown,29,2142,,0,2093,3.19,0.46,2
31,2015-11-02,Lee Davis,Kieran Lappin,NA,1714,,1,2095,4.09,0.9,3
32,2015-11-03,Lee Davis,Daniel Lambourne,NA,2114,,0.5,2095,4.59,0.5,3.5
33,2015-11-09,Lee Davis,John Westhead,NA,1674,,1,2096,5.49,0.9,4.5
34,2015-11-11,Lee Davis,Jim Friar,NA,2050,,1,2103,6.08,0.59,5.5
35,2015-11-14,Lee Davis,Andrew M Gregory,NA,1978,,1,2108,6.76,0.68,6.5
36,2015-11-15,Lee Davis,Richard G Truman,NA,2034,,0.5,2106,7.37,0.61,7
37,2015-11-16,Lee Davis,Kiaran Lappin,NA,1714,,1,2108,8.27,0.9,8
38,2015-11-18,Lee Davis,Gareth Allday,NA,1600,,1,2109,9.17,0.9,9
39,2015-11-20,Lee Davis,David Buttell,NA,1894,,1,2113,9.95,0.78,10
40,2015-11-21,Lee Davis,Gerry Heap,NA,2190,,0.5,2115,10.34,0.39,10.5
41,2015-11-21,Lee Davis,Alan Young,NA,2108,,0,2106,10.85,0.51,10.5
42,2015-11-22,Lee Davis,Adam May,NA,1975,,1,2111,11.54,0.69,11.5
43,2015-11-22,Lee Davis,Andrew Gibbons,NA,2027,,0.5,2109,12.16,0.62,12
44,2015-11-23,Lee Davis,Alan Leary,NA,1626,,1,2111,13.06,0.9,13
45,2015-11-27,Lee Davis,Mark Smith,NA,1834,,0.5,2106,13.9,0.84,13.5
46,2015-11-29,Lee Davis,William Hewitt,NA,2131,,0.5,2106,14.37,0.47,14
47,2015-12-03,Lee Davis,Stephen J Mellor,NA,2066,,0,2097,14.93,0.56,14
48,2015-12-07,Lee Davis,Paul J Barker,NA,1850,,1,2100,15.75,0.82,15
49,2015-12-08,Lee Davis,Munroe L Morrison,NA,1826,,1,2103,16.59,0.84,16
50,2015-12-09,Lee Davis,Dave Turner,NA,2007,,1,2108,17.23,0.64,17
51,2015-12-11,Lee Davis,Stephen Mellor,NA,2066,,1,2115,0.56,0.56,1
52,2015-12-14,Lee Davis,Brian Morris,214,1442,,1,2117,1.46,0.9,2
1,2015-10-19,Len Skinner,rosie christmas,46,850,E1,1,1485,0.9,0.9,1
2,2015-10-27,Len Skinner,Dave Morris,215,1048,E1,0.5,1472,1.8,0.9,1.5
3,2015-11-02,Len Skinner,James Williams,339,970,E1,0,1444,2.7,0.9,1.5
4,2015-11-09,Len Skinner,Merlin Davies,72,937,E1,1,1447,3.6,0.9,2.5
5,2015-11-16,Len Skinner,James Thomas,304,2007,E1,0.5,1460,3.7,0.1,3
6,2015-11-23,Len Skinner,Derek Smith,285,1849,E1,0,1456,3.8,0.1,3
7,2015-11-25,Len Skinner,Bill Harle,122,1718,E1,0,1450,4,0.2,3
8,2015-11-30,Len Skinner,Rob Dineen,85,1860,E1,0,1447,4.1,0.1,3
1,2015-09-01,Liam Penny,Wayne James,149,1430,E1,0,1585,0.73,0.73,0
2,2015-09-22,Liam Penny,Conor Hunt,139,1687,E1,1,1600,1.11,0.38,1
3,2015-10-05,Liam Penny,Stephen Lambourne,174,1531,E1,1,1610,1.71,0.6,2
4,2015-10-07,Liam Penny,Anlan Qiu,249,1448,E1,0.5,1605,2.42,0.71,2.5
5,2015-10-20,Liam Penny,Chris GOLDING,108,1315,E1,0,1585,3.27,0.85,2.5
6,2015-10-26,Liam Penny,Bob Hurn,140,1623,E2,0.5,1585,3.74,0.47,3
7,2015-11-09,Liam Penny,Mike McLoughlin,207,1341,E1,0,1566,4.56,0.82,3
8,2015-11-17,Liam Penny,Bill Harle,122,1718,E1,1,1581,4.9,0.34,4
9,2015-11-24,Liam Penny,Peter Watkins,331,1424,E1,0.5,1576,5.64,0.74,4.5
10,2015-12-01,Liam Penny,Matthew Lunnon,187,1541,E1,1,1585,6.23,0.59,5.5
11,2015-12-12,Liam Penny,Hugh Price,245,1626,E1,1,1598,6.7,0.47,6.5
12,2015-12-15,Liam Penny,Aishwarya Lutchman Singh,188,1496,E2,1,1607,7.35,0.65,7.5
1,2015-12-15,Mabon Melbourne,Ritika Khot,171,1013,E1,1,883,0.29,0.29,1
1,2015-10-06,Madeleine Davis,Dafydd Chapman,37,974,E1,0,839,0.33,0.33,0
2,2015-10-20,Madeleine Davis,Tom Stanton,293,950,E1,1,860,0.69,0.36,1
3,2015-11-10,Madeleine Davis,Aviral Batra,14,986,E1,0,850,1.01,0.32,1
4,2015-11-24,Madeleine Davis,Cian Grattidge,113,1060,E1,0,842,1.24,0.23,1
5,2015-11-24,Madeleine Davis,Isaac Aljabri,6,850,E1,1,858,1.74,0.5,2
6,2015-12-08,Madeleine Davis,Anlan Qiu,249,1448,E1,0,855,1.84,0.1,2
1,2015-09-01,Mark Janas,Andrew Di-Vetta,84,1641,E1,0.5,1742,0.64,0.64,0.5
2,2015-09-30,Mark Janas,Edward Donovan,88,1673,E1,0.5,1739,1.24,0.6,1
3,2015-10-07,Mark Janas,Venetia Sivarajasingam,279,1760,E2,1,1752,1.72,0.48,2
4,2015-10-13,Mark Janas,Steve Herkes,127,1547,E1,0.5,1745,2.48,0.76,2.5
5,2015-10-26,Mark Janas,Justin Morgans,213,1655,E1,0.5,1743,3.1,0.62,3
6,2015-11-03,Mark Janas,Tony Gutteridge,119,1558,E1,1,1749,3.85,0.75,4
7,2015-11-17,Mark Janas,Keith Thompson,308,1900,E1,0,1742,4.14,0.29,4
8,2015-12-01,Mark Janas,Will Harwood,124,1734,E1,0.5,1741,4.66,0.52,4.5
9,2015-12-12,Mark Janas,Michael Arribas-Ayllon,8,1764,E1,1,1754,5.13,0.47,5.5
1,2015-09-01,Mark Jones,Vince Williams,342,1721,E1,0,1654,0.42,0.42,0
2,2015-09-03,Mark Jones,Roger Jenkins,151,1511,E1,1,1661,1.13,0.71,1
3,2015-09-15,Mark Jones,Alex Kenealy,169,1550,E1,1,1669,1.79,0.66,2
4,2015-09-22,Mark Jones,Beryl Hughes,135,1551,E1,1,1677,2.45,0.66,3
5,2015-09-29,Mark Jones,Vince Williams,342,1721,E1,1,1691,2.87,0.42,4
6,2015-10-06,Mark Jones,Steve Christmas,47,1955,E1,0.5,1700,3.02,0.15,4.5
7,2015-10-07,Mark Jones,Keith Thompson,308,1900,E1,0,1695,3.22,0.2,4.5
8,2015-10-14,Mark Jones,Nessie Georgion,104,1497,E1,0,1677,3.94,0.72,4.5
9,2015-10-15,Mark Jones,Roger Phillips,242,1520,E1,0.5,1673,4.63,0.69,5
10,2015-10-19,Mark Jones,Bob Hurn,140,1623,E2,0.5,1671,5.19,0.56,5.5
11,2015-10-27,Mark Jones,James Thomas,304,2007,E1,0,1669,5.3,0.11,5.5
12,2015-10-28,Mark Jones,Matthew Wilson,345,1802,E1,0,1661,5.61,0.31,5.5
13,2015-11-03,Mark Jones,Steve Lindsay,184,1765,E1,0,1653,5.97,0.36,5.5
14,2015-11-17,Mark Jones,Phil Smith,288,1471,E1,1,1659,6.72,0.75,6.5
15,2015-12-07,Mark Jones,Richard Miles,NA,1921,G1,0,1654,6.9,0.18,6.5
16,2015-12-15,Mark Jones,Matthew Lunnon,187,1541,E1,1,1662,7.57,0.67,7.5
1,2015-09-07,Martin Ricketts,James Thomas,304,2007,E1,0,1381,0.1,0.1,0
2,2015-09-24,Martin Ricketts,Ray Denyer,82,850,E1,1,1384,1,0.9,1
3,2015-09-28,Martin Ricketts,Dave Parsons,232,1797,E1,0.5,1397,1.1,0.1,1.5
4,2015-10-05,Martin Ricketts,Roger Phillips,242,1520,E1,0.5,1403,1.42,0.32,2
5,2015-10-22,Martin Ricketts,Dave Parsons,232,1797,E1,0.5,1415,1.52,0.1,2.5
6,2015-10-27,Martin Ricketts,Peter Slater,281,1663,E1,0,1410,1.68,0.16,2.5
7,2015-11-23,Martin Ricketts,Neil Owen,229,1750,E1,0,1407,1.78,0.1,2.5
8,2015-11-30,Martin Ricketts,Andrew Di-Vetta,84,1641,E1,0,1401,1.96,0.18,2.5
9,2015-12-14,Martin Ricketts,Justin Morgans,213,1655,E1,0,1396,2.13,0.17,2.5
10,2015-12-22,Martin Ricketts,Bill Wilkins,334,1420,E1,1,1413,2.58,0.45,3.5
1,2015-12-08,Martyn Cameron-Davies,Huw Davies,68,850,E1,0,834,0.5,0.5,0
1,2015-07-11,Matt Staniforth,Boris Chatalbashev,NA,2516,GM,0,1957,0.1,0.1,0
2,2015-07-11,Matt Staniforth,Paul Orton,NA,1680,,1,1960,0.94,0.84,1
3,2015-07-13,Matt Staniforth,Charles F Morris,NA,2167,,1,1979,1.17,0.23,2
4,2015-07-13,Matt Staniforth,Jack Rudd,NA,2247,FM,0,1975,1.32,0.15,2
5,2015-07-14,Matt Staniforth,Tim Kett,170,2290,,0,1972,1.44,0.12,2
6,2015-07-15,Matt Staniforth,Alan Young,NA,2108,,0,1965,1.74,0.3,2
7,2015-07-15,Matt Staniforth,Sam Jukes,163,1713,,0.5,1958,2.55,0.81,2.5
8,2015-07-16,Matt Staniforth,Roy Thomas,305,1697,,0,1938,3.37,0.82,2.5
9,2015-07-17,Matt Staniforth,Mark Emblem,NA,1477,,1,1941,4.27,0.9,3.5
10,2015-10-05,Matt Staniforth,Mike Marlow,NA,1890,,1,1950,4.87,0.6,4.5
11,2015-10-17,Matt Staniforth,Nigel R Livesey,NA,1810,,1,1957,5.57,0.7,5.5
12,2015-10-17,Matt Staniforth,Ian Bush,NA,1762,,1,1963,6.33,0.76,6.5
13,2015-10-17,Matt Staniforth,Daniel Varney,NA,1858,,0,1948,6.97,0.64,6.5
14,2015-10-18,Matt Staniforth,Armell E Collard,NA,1970,,1,1960,7.45,0.48,7.5
15,2015-10-18,Matt Staniforth,Graham Cole,NA,1898,,0.5,1958,8.04,0.59,8
16,2015-10-21,Matt Staniforth,Neil Buchanan,NA,1906,,1,1968,8.61,0.57,9
17,2015-10-24,Matt Staniforth,Alun Richards,NA,1650,,1,1972,9.47,0.86,10
18,2015-10-30,Matt Staniforth,Bruce Jenks,NA,2162,,0.5,1978,9.71,0.24,10.5
19,2015-10-31,Matt Staniforth,Jonathan Wright,NA,2034,,1,1992,10.11,0.4,11.5
20,2015-10-31,Matt Staniforth,Ian Reynolds,NA,2130,,0,1986,10.38,0.27,11.5
21,2015-11-01,Matt Staniforth,Martin Simons,NA,2170,,0.5,1992,10.61,0.23,12
22,2015-11-01,Matt Staniforth,Mark Littleton,NA,2010,,0.5,1994,11.04,0.43,12.5
23,2015-11-09,Matt Staniforth,Matthew Brown,NA,2162,,1,2012,11.28,0.24,13.5
24,2015-11-14,Matt Staniforth,Peter Davies,74,2048,,0.5,2015,11.66,0.38,14
25,2015-11-15,Matt Staniforth,Reuben Balouka-Myers,NA,1666,,1,2019,12.51,0.85,15
26,2015-11-25,Matt Staniforth,Bob Waugh,NA,1906,,1,2027,0.66,0.66,1
27,2015-12-03,Matt Staniforth,Jamie Horton,NA,2178,,0.5,2032,0.95,0.29,1.5
28,2015-12-09,Matt Staniforth,Peter A Richmond,NA,2155,,1,2049,1.27,0.32,2.5
1,2015-10-05,Matthew Lunnon,Aishwarya Lutchman Singh,188,1496,E2,0.5,1539,0.56,0.56,0.5
2,2015-10-19,Matthew Lunnon,Jim Davies,69,1226,E1,1,1543,1.43,0.87,1.5
3,2015-11-02,Matthew Lunnon,Mike Joslin,161,1376,E1,1,1552,2.15,0.72,2.5
4,2015-11-09,Matthew Lunnon,Peter Slater,281,1663,E1,0.5,1558,2.48,0.33,3
5,2015-11-24,Matthew Lunnon,Duncan MacDonald,192,1378,E1,1,1567,3.2,0.72,4
6,2015-12-01,Matthew Lunnon,Liam Penny,238,1603,E1,0,1553,3.61,0.41,4
7,2015-12-07,Matthew Lunnon,Beryl Hughes,135,1551,E1,0,1538,4.1,0.49,4
8,2015-12-15,Matthew Lunnon,Mark Jones,158,1664,E1,0,1527,4.43,0.33,4
1,2015-07-17,Matthew Parry,Stephen P Dilleigh,NA,2146,,1,2007,0.29,0.29,1
2,2015-07-18,Matthew Parry,Peter K Wells,NA,2448,GM,0,2005,0.39,0.1,1
3,2015-07-18,Matthew Parry,Donald J Mason,NA,2258,,0,2001,0.56,0.17,1
4,2015-07-19,Matthew Parry,Roger D W Marsh,NA,2026,,0.5,2002,1.01,0.45,1.5
5,2015-07-19,Matthew Parry,Andrew I Paterson,NA,2122,,1,2018,1.33,0.32,2.5
6,2015-08-22,Matthew Parry,Oleg Kukovs,NA,2042,,1,2032,1.76,0.43,3.5
7,2015-08-22,Matthew Parry,Tony Hynes,NA,2138,,0.5,2037,2.06,0.3,4
8,2015-08-23,Matthew Parry,Steven Kee,NA,2178,,0,2031,2.31,0.25,4
9,2015-09-07,Matthew Parry,Keith Thompson,308,1900,,0.5,2028,2.93,0.62,4.5
10,2015-09-14,Matthew Parry,Jonathan Gilbert,NA,2074,,0,2019,3.31,0.38,4.5
11,2015-09-15,Matthew Parry,David Llewellyn,185,1948,,0.5,2017,3.87,0.56,5
12,2015-09-24,Matthew Parry,Dave Mahoney,195,1343,,1,2020,4.77,0.9,6
13,2015-09-28,Matthew Parry,Kevin Gandy,103,1640,,1,2022,5.66,0.89,7
14,2015-09-30,Matthew Parry,Richard Livermore,NA,1651,,1,2025,6.54,0.88,8
15,2015-10-05,Matthew Parry,Alan Spice,290,2043,,0.5,2027,6.97,0.43,8.5
16,2015-10-07,Matthew Parry,Nigel Saunders,NA,1946,,1,2037,7.53,0.56,9.5
17,2015-10-18,Matthew Parry,Inna Agrest,NA,2248,,0,2033,7.71,0.18,9.5
18,2015-10-19,Matthew Parry,Jyri Lammi,NA,2113,,0,2025,8.04,0.33,9.5
19,2015-10-20,Matthew Parry,Tony Haigh,NA,1859,,1,2033,8.72,0.68,10.5
20,2015-10-21,Matthew Parry,Carl Jackson,NA,2059,,1,2047,9.12,0.4,11.5
21,2015-10-22,Matthew Parry,Viktor Ranic,NA,1939,,0.5,2045,9.69,0.57,12
22,2015-10-23,Matthew Parry,Colm Egan,NA,1887,,1,2054,10.33,0.64,13
23,2015-11-02,Matthew Parry,Robert Taylor,NA,1989,,0,2042,10.83,0.5,13
24,2015-11-23,Matthew Parry,Walter Braun,25,2244,FM,1,2062,11.01,0.18,14
25,2015-11-24,Matthew Parry,Tim Kett,170,2282,,0,2058,11.16,0.15,14
26,2015-12-05,Matthew Parry,Aleks Semakoff,NA,2097,,0,2050,11.51,0.35,14
27,2015-12-05,Matthew Parry,Akito Oyama,NA,2282,,0,2046,11.66,0.15,14
28,2015-12-06,Matthew Parry,Adam Robinson,NA,1762,,1,2051,12.45,0.79,15
29,2015-12-06,Matthew Parry,Gorak Rajesh,NA,1914,,1,2061,13.06,0.61,16
30,2015-12-09,Matthew Parry,Peter Ehsandar,92,2038,,0.5,2060,0.53,0.53,0.5
31,2015-12-14,Matthew Parry,Damon Davies,65,1785,,1,2064,1.37,0.84,1.5
1,2015-09-29,Matthew Wilson,Guy Wagner,322,1833,E1,0,1791,0.46,0.46,0
2,2015-10-13,Matthew Wilson,Tim Kett,170,2228,E2,0,1789,0.56,0.1,0
3,2015-10-27,Matthew Wilson,Keith Thompson,308,1900,E1,1,1804,0.92,0.36,1
4,2015-10-28,Matthew Wilson,Mark Jones,158,1664,E1,1,1811,1.61,0.69,2
5,2015-11-04,Matthew Wilson,Guy Wagner,322,1803,E2,0,1799,2.11,0.5,2
6,2015-11-10,Matthew Wilson,Neil Stuart,297,1782,E1,0.5,1799,2.64,0.53,2.5
7,2015-12-01,Matthew Wilson,rod gough,109,1808,E1,0.5,1799,3.13,0.49,3
8,2015-12-02,Matthew Wilson,Karanvir Lutchman Singh,189,1743,E2,0,1785,3.71,0.58,3
9,2015-12-07,Matthew Wilson,Sam Warburton,328,1635,E1,1,1792,4.43,0.72,4
10,2015-12-14,Matthew Wilson,Ben Thomas,303,2058,E1,1,1811,4.61,0.18,5
1,2015-09-07,Maurice Barnett,Stephen Bonutto,22,1193,E1,0,1092,0.38,0.38,0
2,2015-10-26,Maurice Barnett,Mike Joslin,161,1376,E1,0,1086,0.55,0.17,0
3,2015-10-27,Maurice Barnett,Robert Rees,259,1560,E1,0.5,1099,0.65,0.1,0.5
4,2015-11-09,Maurice Barnett,Wayne James,149,1430,E1,0.5,1111,0.77,0.12,1
5,2015-11-29,Maurice Barnett,Clive Silver,275,1505,E1,1,1140,0.87,0.1,2
6,2015-12-07,Maurice Barnett,Ian Gerbex,105,1200,E1,0,1128,1.24,0.37,2
1,2015-07-20,Megan Richards,Anastasija Manojlovic,NA,1461,ICU,0.5,1498,0.55,0.55,0.5
2,2015-07-20,Megan Richards,Zoe Strong,NA,1618,ECF,0.5,1504,0.89,0.34,1
3,2015-07-21,Megan Richards,Stuthi Hegde,NA,1427,SCO,0.5,1500,1.49,0.6,1.5
4,2015-07-21,Megan Richards,Zoe Strong,NA,1618,ECF,0,1489,1.83,0.34,1.5
5,2015-07-22,Megan Richards,Anastasija Manojlovic,NA,1461,ICU,0,1472,2.38,0.55,1.5
6,2015-07-22,Megan Richards,Stuthi Hegde,NA,1427,SCO,0,1453,2.98,0.6,1.5
7,2015-08-25,Megan Richards,Stephen bailey,9,1461,E1,0.5,1451,3.53,0.55,2
1,2015-10-20,Mehdi Jaberansari,James Williams,339,970,E1,0,839,0.34,0.34,0
2,2015-10-26,Mehdi Jaberansari,Rosie Christmas,46,850,E1,1,855,0.84,0.5,1
3,2015-11-12,Mehdi Jaberansari,Hugh Davies,67,950,E1,0,844,1.2,0.36,1
1,2015-10-22,Merlin Davies,Pagona Mavroyenneas,203,945,E1,0,921,0.49,0.49,0
2,2015-11-09,Merlin Davies,Len Skinner,280,1482,E1,0,918,0.59,0.1,0
3,2015-11-19,Merlin Davies,Ray Denyer,82,850,E1,1,930,1.21,0.62,1
4,2015-12-08,Merlin Davies,James Williams,339,970,E1,1,948,1.66,0.45,2
1,2015-09-03,Michael Arribas-Ayllon,Justin Morgans,213,1655,E1,0.5,1760,0.65,0.65,0.5
2,2015-09-17,Michael Arribas-Ayllon,Shayanna Sivarajasingam,277,1699,E2,0.5,1758,1.24,0.59,1
3,2015-09-29,Michael Arribas-Ayllon,Steve Herkes,127,1547,E1,1,1764,2.02,0.78,2
4,2015-09-30,Michael Arribas-Ayllon,Bill Harle,122,1718,E1,0,1750,2.58,0.56,2
5,2015-10-12,Michael Arribas-Ayllon,Daniel Wilmot,344,1690,E1,0,1736,3.18,0.6,2
6,2015-10-19,Michael Arribas-Ayllon,Sam Warburton,328,1635,E1,0.5,1731,3.86,0.68,2.5
7,2015-10-26,Michael Arribas-Ayllon,Will Harwood,124,1734,E1,0,1718,4.4,0.54,2.5
8,2015-11-05,Michael Arribas-Ayllon,Paul Bridges,26,1892,E2,0.5,1722,4.73,0.33,3
9,2015-12-01,Michael Arribas-Ayllon,Robert Rees,259,1560,E1,0,1704,5.49,0.76,3
10,2015-12-12,Michael Arribas-Ayllon,Mark Janas,150,1745,E1,0,1692,6.02,0.53,3
1,2015-09-22,Mike Colwill,Ellison Smith,286,877,E1,1,1016,0.68,0.68,1
2,2015-09-29,Mike Colwill,Richard Godfrey,107,1099,E1,1,1036,1.05,0.37,2
3,2015-10-12,Mike Colwill,Ben Jaberansari,144,850,E1,1,1046,1.76,0.71,3
4,2015-10-27,Mike Colwill,Lauren Davies,71,1402,E1,0,1042,1.86,0.1,3
5,2015-11-09,Mike Colwill,Ethan Chung,48,1207,E2,0,1035,2.1,0.24,3
6,2015-12-07,Mike Colwill,Rosie Christmas,46,850,E1,0.5,1028,2.81,0.71,3.5
1,2015-10-12,Mike Cram,Dave Parsons,232,1797,E1,0,1764,0.47,0.47,0
1,2015-09-09,Mike Edwards,Keith Thompson,308,1900,E1,1,1836,0.39,0.39,1
2,2015-09-17,Mike Edwards,Venetia Sivarajasingam,279,1760,E2,0.5,1833,0.98,0.59,1.5
3,2015-09-29,Mike Edwards,Edward Donovan,88,1673,E1,0,1817,1.68,0.7,1.5
4,2015-11-05,Mike Edwards,Steve Christmas,47,1955,E1,0,1809,2,0.32,1.5
5,2015-12-01,Mike Edwards,Peter Ballantyne,11,1641,E1,1,1815,2.74,0.74,2.5
6,2015-12-12,Mike Edwards,Simon Blackmore,19,1770,E1,0.5,1814,3.31,0.57,3
1,2015-07-27,Mike Joslin,Bob Hurn,140,1687,E1,0,1372,0.14,0.14,0
2,2015-08-24,Mike Joslin,John D Thornton,310,2013,E1,0,1368,0.24,0.1,0
3,2015-09-03,Mike Joslin,Edward Donovan,88,1673,E1,0,1364,0.39,0.15,0
4,2015-09-14,Mike Joslin,Tony Gutteridge,119,1558,E1,0.5,1371,0.65,0.26,0.5
5,2015-09-16,Mike Joslin,Stephen Lambourne,174,1531,E1,0.5,1378,0.94,0.29,1
6,2015-10-26,Mike Joslin,Maurice Barnett,12,1104,E1,1,1383,1.77,0.83,2
7,2015-11-02,Mike Joslin,Matthew Lunnon,187,1541,E1,0,1374,2.05,0.28,2
8,2015-11-16,Mike Joslin,Peter Quinn,250,1895,E1,0,1371,2.15,0.1,2
9,2015-11-23,Mike Joslin,Dave Mahoney,195,1343,E1,0,1354,2.7,0.55,2
10,2015-12-07,Mike Joslin,Mike McLoughlin,207,1341,E1,0,1336,3.25,0.55,2
11,2015-12-14,Mike Joslin,John D Thornton,310,2007,E2,0,1333,3.35,0.1,2
1,2015-10-06,Mike Kearn,Clive Crowley,58,1480,E1,0.5,1618,0.69,0.69,0.5
2,2015-12-07,Mike Kearn,Zane Alford,NA,1716,G1,0,1610,1.06,0.37,0.5
1,2015-09-02,Mike Maguire,Anlan Qiu,249,1448,E1,0,1653,0.79,0.79,0
2,2015-09-21,Mike Maguire,Dave Mahoney,195,1343,E1,1,1656,1.67,0.88,1
3,2015-09-28,Mike Maguire,Beryl Hughes,135,1551,E1,1,1664,2.34,0.67,2
4,2015-10-12,Mike Maguire,Tony Gutteridge,119,1558,E1,0.5,1660,3,0.66,2.5
5,2015-10-22,Mike Maguire,David Rovaretti,269,1701,E2,0,1649,3.46,0.46,2.5
6,2015-12-01,Mike Maguire,Gavin Williams,338,1692,E1,0,1638,3.93,0.47,2.5
7,2015-12-15,Mike Maguire,Peter Ballantyne,11,1641,E1,0.5,1637,4.47,0.54,3
1,2015-09-07,Mike McLoughlin,Stephen Hughes,136,1000,E1,0.5,1329,0.89,0.89,0.5
2,2015-10-05,Mike McLoughlin,Tony Gutteridge,119,1558,E1,0.5,1337,1.11,0.22,1
3,2015-10-19,Mike McLoughlin,Richard Godfrey,107,1099,E1,1,1344,1.91,0.8,2
4,2015-11-09,Mike McLoughlin,Liam Penny,238,1603,E1,1,1370,2.09,0.18,3
5,2015-12-07,Mike McLoughlin,Mike Joslin,161,1376,E1,1,1388,2.54,0.45,4
1,2015-09-07,Mike Servini,John Stephenson,296,1334,E1,1,1596,0.82,0.82,1
2,2015-09-21,Mike Servini,Neya Govindaraj,110,1384,E1,1,1603,1.59,0.77,2
3,2015-10-05,Mike Servini,Steve Lindsay,184,1765,E1,0,1594,1.86,0.27,2
4,2015-10-26,Mike Servini,David Roberts,264,1445,E1,0.5,1588,2.56,0.7,2.5
5,2015-10-27,Mike Servini,Andrew Di-Vetta,84,1641,E1,0.5,1590,2.99,0.43,3
6,2015-11-02,Mike Servini,Daniel Wilmot,344,1690,E1,0.5,1595,3.35,0.36,3.5
7,2015-11-03,Mike Servini,Rob Dineen,85,1860,E1,0,1589,3.52,0.17,3.5
8,2015-11-16,Mike Servini,Brian Morris,214,850,E1,1,1593,4.42,0.9,4.5
9,2015-11-23,Mike Servini,Conor Hunt,139,1687,E1,0,1581,4.79,0.37,4.5
10,2015-11-29,Mike Servini,Beryl Hughes,135,1551,E1,1,1595,5.34,0.55,5.5
11,2015-12-02,Mike Servini,Anlan Qiu,249,1448,E1,1,1605,6.03,0.69,6.5
12,2015-12-07,Mike Servini,Jeff Rowland,270,1701,E1,1,1626,6.38,0.35,7.5
13,2015-12-14,Mike Servini,Steve Herkes,127,1547,E1,0.5,1624,6.94,0.56,8
14,2015-12-15,Mike Servini,David Hambrook,120,1573,E1,1,1639,7.46,0.52,9
1,2015-10-12,Milo Davies,Dantu Sridatta,291,872,E1,0,835,0.47,0.47,0
2,2015-11-17,Milo Davies,Ritika Khot,171,1013,E1,1,858,0.75,0.28,1
3,2015-12-14,Milo Davies,Daniel Jaberansari,145,1217,E1,0,855,0.85,0.1,1
1,2015-08-28,Mohammed Binesmael,Neya Govindaraj,110,1384,E1,1,1640,0.81,0.81,1
2,2015-08-29,Mohammed Binesmael,Dafydd Chapman,37,974,E1,1,1642,1.71,0.9,2
3,2015-08-29,Mohammed Binesmael,Stephen Williams,NA,1694,G1,0,1632,2.13,0.42,2
4,2015-08-30,Mohammed Binesmael,Susanna Fraser,101,1493,E1,1,1639,2.82,0.69,3
5,2015-08-31,Mohammed Binesmael,Raymond Francis,NA,1562,ECF,1,1649,3.42,0.6,4
6,2015-08-31,Mohammed Binesmael,David Rovaretti,269,1598,E1,0,1636,3.97,0.55,4
1,2015-09-07,Nadi Grewal,Chris Golding,108,1315,E1,0,1382,0.62,0.62,0
2,2015-09-21,Nadi Grewal,John Stephenson,296,1334,E1,1,1395,1.22,0.6,1
3,2015-09-28,Nadi Grewal,Clive Silver,275,1505,E1,0.5,1399,1.58,0.36,1.5
4,2015-10-19,Nadi Grewal,Ionut Dragan,89,1180,E1,0,1374,2.36,0.78,1.5
5,2015-11-02,Nadi Grewal,Ian Burrows,32,1184,E1,1,1382,3.14,0.78,2.5
6,2015-11-09,Nadi Grewal,David Hambrook,120,1573,E1,0,1373,3.41,0.27,2.5
7,2015-11-24,Nadi Grewal,Emily Wang,327,1317,E2,0,1353,4.03,0.62,2.5
8,2015-12-07,Nadi Grewal,David Roberts,264,1445,E1,0.5,1355,4.47,0.44,3
9,2015-12-15,Nadi Grewal,Anthony Baker,10,1621,E1,0,1348,4.69,0.22,3
1,2015-08-02,Nayana Kalavala,Charles Currie,NA,1034,ECF,1,1172,0.67,0.67,1
2,2015-08-02,Nayana Kalavala,Adithya P Paleri,NA,1786,ECF,0,1168,0.77,0.1,1
3,2015-08-03,Nayana Kalavala,Tristian See,NA,1818,ECF,0,1165,0.87,0.1,1
4,2015-08-04,Nayana Kalavala,Nathanael Jacob,NA,1002,ECF,1,1174,1.58,0.71,2
5,2015-08-05,Nayana Kalavala,Niel Stevenson,NA,1285,G1,0,1164,1.91,0.33,2
6,2015-08-06,Nayana Kalavala,Jaime Ashworth,NA,1154,ECF,1,1180,2.42,0.51,3
7,2015-08-07,Nayana Kalavala,Mate T Ther,NA,1626,ECF,0,1176,2.52,0.1,3
8,2015-08-28,Nayana Kalavala,Raymond Francis,NA,1562,ECF,0,1173,2.62,0.1,3
9,2015-08-29,Nayana Kalavala,Neya Govindaraj,110,1384,E1,1,1198,2.84,0.22,4
10,2015-08-29,Nayana Kalavala,Lyn Holland,NA,1499,G1,0,1194,2.96,0.12,4
11,2015-08-30,Nayana Kalavala,Madeleine Smith,NA,1109,G1,0,1176,3.53,0.57,4
12,2015-08-31,Nayana Kalavala,Rachel McIntosh,NA,983,G1,0.5,1168,4.27,0.74,4.5
13,2015-10-03,Nayana Kalavala,Petko Petkov,NA,1585,N1,0,1165,4.37,0.1,4.5
14,2015-10-03,Nayana Kalavala,Siya Jagannathan,NA,938,ECF,0,1140,5.15,0.78,4.5
15,2015-10-03,Nayana Kalavala,Benjamin Headlong,NA,1658,ECF,0,1137,5.25,0.1,4.5
16,2015-10-04,Nayana Kalavala,Alan John,NA,1538,ECF,0,1134,5.35,0.1,4.5
17,2015-10-04,Nayana Kalavala,Eoghan Tucker,NA,1482,ECF,1,1162,5.48,0.13,5.5
18,2015-10-26,Nayana Kalavala,Ngan Ha Nguyen,NA,1459,Fide,0,1157,5.63,0.15,5.5
19,2015-10-27,Nayana Kalavala,Ybarra Carlota Aramendia,NA,1290,Fide,0,1147,5.95,0.32,5.5
20,2015-10-28,Nayana Kalavala,Konstantina Banaka,NA,1100,Fide,1,1160,6.54,0.59,6.5
21,2015-10-29,Nayana Kalavala,Louise Vanderstappen,NA,1294,Fide,0.5,1165,6.86,0.32,7
22,2015-10-30,Nayana Kalavala,Vesna Mihelic,NA,1285,Fide,0,1155,7.19,0.33,7
23,2015-10-31,Nayana Kalavala,Anjali Walsh,NA,1157,ICU,1,1171,7.7,0.51,8
24,2015-11-01,Nayana Kalavala,Freyja Birkisdottir,NA,1293,Fide,0,1160,8.02,0.32,8
25,2015-11-02,Nayana Kalavala,Vanessa Wiemann,NA,1289,Fide,0.5,1166,8.35,0.33,8.5
26,2015-11-03,Nayana Kalavala,Ecaterina Schita,NA,1232,PR,1,1185,8.75,0.4,9.5
27,2015-11-04,Nayana Kalavala,Hazel Mudodo Refiloe,NA,1301,Fide,1,1207,9.06,0.31,10.5
28,2015-11-05,Nayana Kalavala,Patrica Anast Abdala Cancino,NA,1361,Fide,1,1231,9.3,0.24,11.5
29,2015-11-24,Nayana Kalavala,Richard Morgan,212,1290,E1,0,1218,0.42,0.42,0
30,2015-12-08,Nayana Kalavala,Kevin O'Rourke,225,1172,E2,0,1199,1,0.58,0
1,2015-08-03,Neil Owen,Bob Hurn,140,1687,E1,0,1736,0.59,0.59,0
2,2015-09-08,Neil Owen,Paul Wallace,324,1393,E1,1,1738,1.49,0.9,1
3,2015-09-28,Neil Owen,Dave R Lewis,178,1903,E1,0,1731,1.78,0.29,1
4,2015-10-05,Neil Owen,Peter Slater,281,1663,E1,0,1716,2.4,0.62,1
5,2015-10-12,Neil Owen,Hiya Ray,255,1368,E2,1,1719,3.3,0.9,2
6,2015-10-19,Neil Owen,Chris Howells,133,1997,E1,0,1714,3.49,0.19,2
7,2015-11-16,Neil Owen,Joe Fathallah,96,2046,E2,0,1711,3.64,0.15,2
8,2015-11-23,Neil Owen,Martin Ricketts,263,1384,E1,1,1713,4.54,0.9,3
9,2015-12-07,Neil Owen,Peter Ballantyne,11,1641,E1,0.5,1709,5.19,0.65,3.5
10,2015-12-14,Neil Owen,Dai James,147,1979,E2,0.5,1716,5.4,0.21,4
1,2015-09-28,Neil Stuart,Gareth Davies,66,1375,E1,0.5,1772,0.9,0.9,0.5
2,2015-09-29,Neil Stuart,Gavin Williams,338,1692,E1,0.5,1770,1.52,0.62,1
3,2015-10-06,Neil Stuart,John Waterfield,NA,1976,G1,0.5,1776,1.77,0.25,1.5
4,2015-11-02,Neil Stuart,Andrew Trickey,313,1641,E1,0.5,1771,2.46,0.69,2
5,2015-11-09,Neil Stuart,David Cleverly,52,1791,E1,0,1759,2.95,0.49,2
6,2015-11-10,Neil Stuart,Matthew Wilson,345,1802,E1,0.5,1760,3.42,0.47,2.5
7,2015-11-21,Neil Stuart,Les Philpin,NA,1587,W1,0.5,1754,4.17,0.75,3
8,2015-11-21,Neil Stuart,Steve Williams (Cwm),NA,1797,G3,1,1766,4.65,0.48,4
9,2015-11-22,Neil Stuart,Daniel Wilmot,344,1690,E1,0.5,1763,5.28,0.63,4.5
10,2015-11-24,Neil Stuart,Hiya Ray,255,1436,E3,0.5,1754,6.17,0.89,5
11,2015-11-30,Neil Stuart,Peter Watkins,331,1424,E1,0.5,1744,7.07,0.9,5.5
12,2015-12-08,Neil Stuart,Stephen Bonutto,22,1326,E2,1,1747,7.97,0.9,6.5
13,2015-12-14,Neil Stuart,Lyn Holland,NA,1499,G1,1,1751,8.81,0.84,7.5
14,2015-12-15,Neil Stuart,Steve Lindsay,184,1765,E1,0.5,1750,9.33,0.52,8
1,2015-08-25,Nessie Georgion,Alyssa Wang,325,1826,E1,0,1493,0.12,0.12,0
2,2015-09-01,Nessie Georgion,Duncan macDonald,192,1378,E1,0.5,1488,0.78,0.66,0.5
3,2015-09-29,Nessie Georgion,Wayne James,149,1430,E1,1,1501,1.37,0.59,1.5
4,2015-10-05,Nessie Georgion,David Roberts,264,1445,E1,0.5,1499,1.94,0.57,2
5,2015-10-14,Nessie Georgion,Mark Jones,158,1664,E1,1,1522,2.22,0.28,3
6,2015-10-20,Nessie Georgion,Joseph SETCHFIELD,274,996,E1,1,1525,3.12,0.9,4
7,2015-10-27,Nessie Georgion,John Stephenson,296,1334,E1,0,1502,3.84,0.72,4
8,2015-11-09,Nessie Georgion,Richard Morgan,212,1290,E1,1,1509,4.61,0.77,5
9,2015-12-01,Nessie Georgion,Roger Phillips,242,1520,E1,0.5,1510,5.08,0.47,5.5
10,2015-12-15,Nessie Georgion,Tony Gutteridge,119,1558,E1,0,1497,5.49,0.41,5.5
1,2015-07-11,Neya Govindaraj,John Waterfield,NA,1976,,0,1381,0.1,0.1,0
2,2015-07-11,Neya Govindaraj,Shayanna Sivarajasingam,277,1767,,0,1378,0.2,0.1,0
3,2015-07-12,Neya Govindaraj,Bob Hurn,140,1687,,0.5,1389,0.34,0.14,0.5
4,2015-07-14,Neya Govindaraj,Thomas McLaren,NA,1762,,0,1386,0.44,0.1,0.5
5,2015-07-15,Neya Govindaraj,Allyson James,NA,996,,1,1389,1.34,0.9,1.5
6,2015-07-16,Neya Govindaraj,John Cox,55,1467,,0.5,1393,1.72,0.38,2
7,2015-07-17,Neya Govindaraj,Andrew Camp,NA,1440,,0,1380,2.14,0.42,2
8,2015-08-02,Neya Govindaraj,Ranesh Ratnesan,NA,1850,,0,1376,2.24,0.1,2
9,2015-08-02,Neya Govindaraj,Gem Gurner,NA,1842,,1,1405,2.34,0.1,3
10,2015-08-03,Neya Govindaraj,Mikey J Watson,NA,1698,,0,1401,2.47,0.13,3
11,2015-08-03,Neya Govindaraj,Elliot Cocks,NA,1906,,0,1398,2.57,0.1,3
12,2015-08-04,Neya Govindaraj,Arushi Ramaiya,NA,1594,,1,1422,2.8,0.23,4
13,2015-08-04,Neya Govindaraj,Mikey J Watson,NA,1698,,0,1418,2.93,0.13,4
14,2015-08-05,Neya Govindaraj,Zachary Potel,NA,1562,,0,1410,3.19,0.26,4
15,2015-08-05,Neya Govindaraj,Dave Watson,NA,1658,,0.5,1420,3.36,0.17,4.5
16,2015-08-06,Neya Govindaraj,George Harman,NA,1658,,1,1447,3.53,0.17,5.5
17,2015-08-07,Neya Govindaraj,Susie Wang,NA,1610,,0,1440,3.74,0.21,5.5
18,2015-08-25,Neya Govindaraj,Gareth Davies,66,1375,,0.5,1440,4.25,0.51,6
19,2015-08-28,Neya Govindaraj,Mohammed Binesmael,18,1635,,0,1434,4.44,0.19,6
20,2015-08-29,Neya Govindaraj,Nayana Kalavala,164,1161,,0,1409,5.22,0.78,6
21,2015-08-30,Neya Govindaraj,Rachael McIntosh,NA,983,,1,1412,6.12,0.9,7
22,2015-08-31,Neya Govindaraj,David McIntosh,NA,1122,,0,1386,6.94,0.82,7
23,2015-08-31,Neya Govindaraj,Dafydd Chapman,37,974,,1,1389,7.84,0.9,8
24,2015-09-21,Neya Govindaraj,Mike Servini,273,1590,,0,1382,8.07,0.23,8
25,2015-09-29,Neya Govindaraj,Beryl Hughes,135,1551,,0,1373,8.35,0.28,8
26,2015-10-03,Neya Govindaraj,Rosie Kilcline,NA,850,,1,1376,0.9,0.9,1
27,2015-10-03,Neya Govindaraj,Nadia Jaufarally,NA,1434,,0.5,1379,1.31,0.41,1.5
28,2015-10-03,Neya Govindaraj,Teddy Onslow,NA,1722,,0,1376,1.42,0.11,1.5
29,2015-10-04,Neya Govindaraj,Alex Sheerin,NA,1746,,0.5,1388,1.52,0.1,2
30,2015-10-04,Neya Govindaraj,Harrison Willmoth,NA,1690,,1,1416,1.65,0.13,3
31,2015-10-10,Neya Govindaraj,Daniel Jaberansari,145,1217,,0.5,1409,2.36,0.71,3.5
32,2015-10-10,Neya Govindaraj,Gareth Davies,66,1375,,0,1393,2.86,0.5,3.5
33,2015-10-11,Neya Govindaraj,Neil Stevenson,NA,1285,,1,1406,3.48,0.62,4.5
34,2015-10-11,Neya Govindaraj,Martyn Maber,NA,1474,,1,1426,3.84,0.36,5.5
35,2015-10-26,Neya Govindaraj,Aishwarya Lutchman Singh,188,1496,,1,1448,4.17,0.33,6.5
36,2015-10-27,Neya Govindaraj,Estee Aubert,NA,1661,,0.5,1459,4.32,0.15,7
37,2015-10-28,Neya Govindaraj,Thyra Kvendseth,NA,1656,,0.5,1470,4.48,0.16,7.5
38,2015-10-29,Neya Govindaraj,Liwia Jarocka,NA,1756,,0,1466,4.58,0.1,7.5
39,2015-10-30,Neya Govindaraj,Bagla Manya,NA,1673,,0,1462,4.72,0.14,7.5
40,2015-10-31,Neya Govindaraj,Juliette Sleurs,NA,1460,,0,1450,5.1,0.38,7.5
41,2015-11-01,Neya Govindaraj,Ingrid Skaslien,NA,1425,,0.5,1452,5.53,0.43,8
42,2015-11-02,Neya Govindaraj,Sarabella Norlamo,NA,1423,,0.5,1454,5.96,0.43,8.5
43,2015-11-03,Neya Govindaraj,Darina Baidalinova,NA,1581,,0,1447,6.19,0.23,8.5
44,2015-11-04,Neya Govindaraj,Neda Bojovic,NA,1284,,1,1459,6.81,0.62,9.5
45,2015-11-05,Neya Govindaraj,Luisa Fernanda Diaz,NA,1537,WFM,0.5,1466,7.09,0.28,10
46,2015-11-24,Neya Govindaraj,Will Harwood,124,1734,,0,1463,7.19,0.1,10
47,2015-12-21,Neya Govindaraj,Roger Jenkins,151,1511,,0.5,1469,7.5,0.31,10.5
1,2015-09-28,Nick Mavroyenneas,Ben Jaberansari,144,850,E1,1,940,0.61,0.61,1
2,2015-11-02,Nick Mavroyenneas,Lyn Holland,NA,1499,G1,0,937,0.71,0.1,1
3,2015-12-08,Nick Mavroyenneas,Anthony Williams,337,1082,E1,0,928,1,0.29,1
1,2015-07-11,Nigel Ralphs,Aron Calist,33,1380,,1,2061,0.9,0.9,1
2,2015-07-12,Nigel Ralphs,Sabrina L Chevannes,NA,2242,WIM,0,2056,1.16,0.26,1
3,2015-07-13,Nigel Ralphs,John Waterfield,NA,1976,,0.5,2055,1.78,0.62,1.5
4,2015-07-13,Nigel Ralphs,Ethan Chung,48,1128,,1,2056,2.68,0.9,2.5
5,2015-07-14,Nigel Ralphs,Charles F Morris,NA,2167,,0,2051,3.03,0.35,2.5
6,2015-07-15,Nigel Ralphs,Rhys Bennett,NA,1995,,0.5,2049,3.62,0.59,3
7,2015-07-15,Nigel Ralphs,Paul Bridges,26,1917,,1,2054,4.31,0.69,4
8,2015-07-16,Nigel Ralphs,Tom Brown,29,2142,,0.5,2056,4.69,0.38,4.5
9,2015-07-17,Nigel Ralphs,Winston Williams,NA,2098,CM,0.5,2057,5.14,0.45,5
10,2015-10-10,Nigel Ralphs,Simon Blackmore,19,1770,,1,2059,5.99,0.85,6
11,2015-10-10,Nigel Ralphs,Dai James,147,1979,,1,2065,6.6,0.61,7
12,2015-10-11,Nigel Ralphs,Tony Haigh,NA,1859,,1,2069,7.36,0.76,8
13,2015-10-11,Nigel Ralphs,Walter Braun,25,2244,FM,1,2081,7.62,0.26,9
14,2015-11-01,Nigel Ralphs,David L Roberts,265,2098,,1,2090,8.07,0.45,10
15,2015-11-21,Nigel Ralphs,Karanvir Lutchman Singh,189,1743,,0.5,2084,8.94,0.87,10.5
16,2015-11-21,Nigel Ralphs,Ian Jones,NA,2015,,0.5,2083,9.5,0.56,11
17,2015-11-22,Nigel Ralphs,Shayanna Sivarajasingam,277,1699,,0.5,2077,10.4,0.9,11.5
18,2015-11-22,Nigel Ralphs,Joe Fathallah,96,2046,,0,2068,10.92,0.52,11.5
19,2015-11-29,Nigel Ralphs,Alan Young,NA,2108,,0,2061,11.35,0.43,11.5
1,2015-08-25,Nye Bradfield,Ian Willison,NA,1109,E1,0,946,0.29,0.29,0
2,2015-10-09,Nye Bradfield,Martyn Maber,NA,1474,ECF,1,975,0.39,0.1,1
3,2015-10-10,Nye Bradfield,Ethan Chung,48,1207,E2,0,968,0.58,0.19,1
4,2015-10-11,Nye Bradfield,Susanna Fraser,101,1441,E2,0,965,0.68,0.1,1
5,2015-10-11,Nye Bradfield,John Cox,55,1467,E1,0,962,0.78,0.1,1
6,2015-10-12,Nye Bradfield,Ethan Chung,48,1207,E2,0,956,0.97,0.19,1
7,2015-11-16,Nye Bradfield,George Smith,NA,1237,G1,0,951,1.13,0.16,1
1,2015-11-14,Olivia Smith,Natasha K Regan,NA,2002,0,0,2047,0.58,0.58,0
1,2015-09-28,Ollie Spear,Jason Grice,116,1037,E1,0,842,0.25,0.25,0
2,2015-11-02,Ollie Spear,Alun Smith,282,1500,E1,0,839,0.35,0.1,0
1,2015-09-14,Pagona Mavroyenneas,Howard Lloyd,186,1367,E1,0,942,0.1,0.1,0
2,2015-09-24,Pagona Mavroyenneas,Sam Jukes,163,1713,E1,0,939,0.2,0.1,0
3,2015-09-28,Pagona Mavroyenneas,Evie Hurn,141,850,E1,1,950,0.83,0.63,1
4,2015-10-17,Pagona Mavroyenneas,Hiya Ray,255,1368,E2,0,947,0.93,0.1,1
5,2015-10-22,Pagona Mavroyenneas,Merlin Davies,72,937,E1,1,963,1.44,0.51,2
6,2015-11-02,Pagona Mavroyenneas,Laurence Matuszczyk,201,1155,E1,0,956,1.67,0.23,2
7,2015-11-09,Pagona Mavroyenneas,Andrew Trickey,313,1641,E1,0,952,1.77,0.1,2
8,2015-12-08,Pagona Mavroyenneas,Bob Owen,228,1378,E1,0,949,1.87,0.1,2
1,2015-07-11,Paul Bridges,Daniel W Gormally,NA,2484,GM,0,1915,0.1,0.1,0
2,2015-07-11,Paul Bridges,David Rovaretti,269,1598,,0,1894,0.97,0.87,0
3,2015-07-12,Paul Bridges,Andrew Camp,NA,1440,,1,1896,1.87,0.9,1
4,2015-07-13,Paul Bridges,Mark Emblem,NA,1477,,1,1899,2.77,0.9,2
5,2015-07-13,Paul Bridges,Charles F Morris,NA,2167,,0,1894,2.96,0.19,2
6,2015-07-14,Paul Bridges,Richard Livermore,NA,1698,,0.5,1887,3.74,0.78,2.5
7,2015-07-15,Paul Bridges,Roy Thomas,305,1697,,1,1893,4.52,0.78,3.5
8,2015-07-15,Paul Bridges,Nigel Ralphs,251,2059,,0,1885,4.83,0.31,3.5
9,2015-07-16,Paul Bridges,Guy Wagner,322,1833,,0.5,1882,5.45,0.62,4
10,2015-07-17,Paul Bridges,Sam Jukes,163,1713,,1,1888,6.21,0.76,5
11,2015-08-28,Paul Bridges,Tim Kett,170,2228,,0,1885,6.35,0.14,5
12,2015-08-28,Paul Bridges,Calum Harris,123,1863,,0,1871,6.93,0.58,5
13,2015-08-29,Paul Bridges,Shayanna Sivarajasingam,277,1699,,0.5,1864,7.71,0.78,5.5
14,2015-08-30,Paul Bridges,Elliott MacNeil,193,1652,,1,1868,8.54,0.83,6.5
15,2015-08-31,Paul Bridges,Sam Jukes,163,1713,,1,1874,9.3,0.76,7.5
16,2015-09-01,Paul Bridges,Steve Herkes,127,1547,,1,1876,10.2,0.9,8.5
17,2015-09-10,Paul Bridges,Beryl Hughes,135,1551,,0.5,1867,11.1,0.9,9
18,2015-09-15,Paul Bridges,John D Thornton,310,2013,,0.5,1870,11.47,0.37,9.5
19,2015-09-28,Paul Bridges,James Thomas,304,2007,,0.5,1873,11.85,0.38,10
20,2015-09-30,Paul Bridges,Mark Adams,NA,1976,,0.5,1875,12.27,0.42,10.5
21,2015-10-06,Paul Bridges,Andrew Di-Vetta,84,1641,,1,1878,13.11,0.84,11.5
22,2015-10-09,Paul Bridges,James Evans,NA,1739,,1,1885,13.85,0.74,12.5
23,2015-10-10,Paul Bridges,Alan Young,NA,2108,,0,1879,14.1,0.25,12.5
24,2015-10-10,Paul Bridges,Kevin O'Rourke,225,1130,,1,1881,15,0.9,13.5
25,2015-10-11,Paul Bridges,Alan Pleasants,NA,2168,,0.5,1888,15.19,0.19,14
26,2015-10-11,Paul Bridges,Thomas Nicholas Evans,NA,2016,,0.5,1892,15.55,0.36,14.5
27,2015-10-21,Paul Bridges,Clive Thomas,NA,1736,,1,1899,0.71,0.71,1
28,2015-10-22,Paul Bridges,Will Harwood,124,1734,,1,1906,1.42,0.71,2
29,2015-11-01,Paul Bridges,Iolo Jones,NA,2228,,0.5,1915,1.54,0.12,2.5
30,2015-11-05,Paul Bridges,Michael Arribas-Ayllon,8,1764,,0.5,1911,2.21,0.67,3
31,2015-11-16,Paul Bridges,Dave Roberts,NA,1626,,0,1891,3.04,0.83,3
32,2015-11-21,Paul Bridges,Peter Bevan,NA,2026,,0,1883,3.36,0.32,3
33,2015-11-21,Paul Bridges,Dave Williams,NA,1684,,1,1889,4.13,0.77,4
34,2015-11-22,Paul Bridges,Bob Moore,NA,1978,,0.5,1892,4.51,0.38,4.5
35,2015-11-22,Paul Bridges,David Guy,NA,1901,,0.5,1892,5,0.49,5
36,2015-12-02,Paul Bridges,Chris Fox,99,1868,,0.5,1891,5.53,0.53,5.5
1,2015-09-08,Paul Wallace,Neil Owen,229,1750,E1,0,1390,0.1,0.1,0
2,2015-11-02,Paul Wallace,Will Harwood,124,1734,E1,0.5,1402,0.21,0.11,0.5
1,2015-09-22,Peter Ballantyne,Clive Silver,275,1505,E1,0.5,1637,0.68,0.68,0.5
2,2015-09-29,Peter Ballantyne,Susanna Fraser,101,1493,E1,1,1644,1.38,0.7,1.5
3,2015-10-06,Peter Ballantyne,David Rovaretti,269,1598,E1,0.5,1642,1.94,0.56,2
4,2015-10-14,Peter Ballantyne,Gareth Davies,66,1375,E1,1,1647,2.77,0.83,3
5,2015-10-19,Peter Ballantyne,Clive Silver,275,1505,E1,1,1654,3.45,0.68,4
6,2015-10-27,Peter Ballantyne,Sam Warburton,328,1635,E1,1,1666,3.96,0.51,5
7,2015-11-03,Peter Ballantyne,Will Harwood,124,1734,E1,1,1681,4.33,0.37,6
8,2015-11-10,Peter Ballantyne,Jeff Rowland,270,1701,E1,0,1671,4.75,0.42,6
9,2015-11-30,Peter Ballantyne,John Stephenson,296,1334,E1,1,1674,5.61,0.86,7
10,2015-12-01,Peter Ballantyne,Mike Edwards,91,1821,E1,0,1668,5.87,0.26,7
11,2015-12-07,Peter Ballantyne,Neil Owen,229,1750,E1,0.5,1672,6.22,0.35,7.5
12,2015-12-15,Peter Ballantyne,Mike Maguire,194,1672,E1,0.5,1673,6.68,0.46,8
1,2015-11-14,Peter Davies,Matt Staniforth,292,1959,E1,0.5,2046,0.62,0.62,0.5
2,2015-11-15,Peter Davies,Robert P Taylor,NA,1826,ECF,1,2050,1.4,0.78,1.5
1,2015-08-05,Peter Ehsandar,John Trevelyan,312,2107,E1,0,2032,0.4,0.4,0
2,2015-08-28,Peter Ehsandar,Edward Donovan,88,1673,E1,0,2017,1.3,0.9,0
3,2015-08-28,Peter Ehsandar,Shayanna Sivarajasingam,277,1699,E2,1,2019,2.18,0.88,1
4,2015-08-29,Peter Ehsandar,Roy Thomas,305,1697,E1,1,2021,3.07,0.89,2
5,2015-08-30,Peter Ehsandar,Joseph David Turner,NA,2015,G1,0,2012,3.6,0.53,2
6,2015-08-30,Peter Ehsandar,Karanvir Lutchman Singh,189,1631,E1,1,2014,4.5,0.9,3
7,2015-08-31,Peter Ehsandar,Lee Davis,77,2092,E1,0,2007,4.92,0.42,3
8,2015-09-02,Peter Ehsandar,David L Roberts,265,2098,E1,1,2017,5.34,0.42,4
9,2015-09-30,Peter Ehsandar,Tom Brown,29,2142,E1,0.5,2019,5.7,0.36,4.5
10,2015-10-06,Peter Ehsandar,Peter Heaven,125,2144,E1,1,2029,6.05,0.35,5.5
11,2015-10-14,Peter Ehsandar,Kevin Gandy,103,1640,E1,1,2031,6.95,0.9,6.5
12,2015-11-02,Peter Ehsandar,John D Thornton,310,2013,E1,0,2022,7.49,0.54,6.5
13,2015-11-11,Peter Ehsandar,Jonathan Gilbert,NA,2074,G1,0,2015,7.94,0.45,6.5
14,2015-11-16,Peter Ehsandar,Clive Silver,275,1505,E1,1,2017,8.84,0.9,7.5
15,2015-11-23,Peter Ehsandar,Jonathan Kell,168,1871,E1,1,2021,9.56,0.72,8.5
16,2015-12-09,Peter Ehsandar,Matthew Parry,231,2061,E2,0.5,2022,10.03,0.47,9
1,2015-08-28,Peter Heaven,Barry Whitelaw,NA,1746,ECF,1,2146,0.9,0.9,1
2,2015-08-28,Peter Heaven,Edward Donovan,88,1673,E1,1,2147,1.8,0.9,2
3,2015-08-29,Peter Heaven,Tim Kett,170,2228,E2,0,2141,2.18,0.38,2
4,2015-08-30,Peter Heaven,Lee Davis,77,2092,E1,1,2148,2.75,0.57,3
5,2015-08-30,Peter Heaven,Joseph David Turner,NA,2015,G1,0.5,2145,3.43,0.68,3.5
6,2015-08-31,Peter Heaven,Joe Fathallah,96,2059,E1,1,2151,4.05,0.62,4.5
7,2015-09-07,Peter Heaven,Russell Dodington,87,1778,E1,0.5,2145,4.95,0.9,5
8,2015-09-15,Peter Heaven,Matthew Davies,NA,2017,W1,0.5,2142,5.62,0.67,5.5
9,2015-09-30,Peter Heaven,Alan Spice,290,2043,E1,0,2132,6.26,0.64,5.5
10,2015-10-06,Peter Heaven,Peter Ehsandar,92,2038,E1,0,2121,6.91,0.65,5.5
11,2015-10-21,Peter Heaven,Derek Jones,153,1961,E1,0,2110,7.65,0.74,5.5
12,2015-11-01,Peter Heaven,Howard Williams,NA,2346,D1,0,2106,7.89,0.24,5.5
13,2015-11-12,Peter Heaven,Dai James,147,1979,E2,0,2094,8.61,0.72,5.5
14,2015-11-19,Peter Heaven,Roy Thomas,305,1772,E2,1,2096,9.51,0.9,6.5
15,2015-11-24,Peter Heaven,Sam Jukes,163,1735,E2,0,2081,10.41,0.9,6.5
16,2015-11-29,Peter Heaven,Andrew Gibbons,NA,2027,W1,0,2071,11.07,0.66,6.5
17,2015-11-30,Peter Heaven,Damon Davies,65,1785,E1,0,2056,11.97,0.9,6.5
1,2015-09-02,Peter Quinn,Alan Spice,290,2043,E1,1,1912,0.3,0.3,1
2,2015-09-21,Peter Quinn,Roger Jenkins,151,1511,E1,1,1914,1.2,0.9,2
3,2015-09-30,Peter Quinn,Guy Wagner,322,1833,E1,0.5,1912,1.79,0.59,2.5
4,2015-10-06,Peter Quinn,David Llewellyn,185,1948,E1,0.5,1914,2.22,0.43,3
5,2015-10-14,Peter Quinn,Sam Jukes,163,1735,E2,0,1897,2.93,0.71,3
6,2015-11-11,Peter Quinn,John D Thornton,310,2013,E1,0,1889,3.27,0.34,3
7,2015-11-16,Peter Quinn,Mike Joslin,161,1376,E1,1,1891,4.17,0.9,4
8,2015-11-23,Peter Quinn,Damon Davies,65,1785,E1,0.5,1887,4.82,0.65,4.5
9,2015-12-09,Peter Quinn,Steve Cunliffe,60,1967,E1,0.5,1890,5.22,0.4,5
1,2015-08-25,Peter Slater,Rob Dineen,85,1860,E1,0,1657,0.24,0.24,0
2,2015-09-22,Peter Slater,Alex Wills,343,1733,E1,0.5,1660,0.64,0.4,0.5
3,2015-10-05,Peter Slater,Neil Owen,229,1750,E1,1,1675,1.02,0.38,1.5
4,2015-10-07,Peter Slater,Egor Muljarov,219,1543,E1,0,1659,1.68,0.66,1.5
5,2015-10-20,Peter Slater,David THORNE,309,1519,E1,1,1666,2.37,0.69,2.5
6,2015-10-27,Peter Slater,Martin Ricketts,263,1384,E1,1,1670,3.21,0.84,3.5
7,2015-11-09,Peter Slater,Matthew Lunnon,187,1541,E1,0.5,1666,3.88,0.67,4
8,2015-12-01,Peter Slater,Roy Thomas,305,1772,E2,0.5,1669,4.23,0.35,4.5
9,2015-12-15,Peter Slater,Karanvir Lutchman Singh,189,1743,E2,0.5,1672,4.62,0.39,5
1,2015-08-17,Peter Warden,Roy Thomas,305,1697,E1,0,1403,0.15,0.15,0
2,2015-08-24,Peter Warden,Rob Large,175,1382,E1,1,1418,0.69,0.54,1
3,2015-09-07,Peter Warden,Damon Davies,65,1785,E1,0,1415,0.79,0.1,1
4,2015-09-14,Peter Warden,Ken Curry,61,1162,E1,0.5,1405,1.6,0.81,1.5
5,2015-11-12,Peter Warden,Richard Livermore,NA,1651,G2,0,1398,1.8,0.2,1.5
6,2015-11-23,Peter Warden,Stephen Lambourne,174,1531,E1,0.5,1404,2.13,0.33,2
7,2015-11-30,Peter Warden,Ken Hannah,121,1702,E1,0.5,1415,2.28,0.15,2.5
8,2015-12-01,Peter Warden,Susanna Fraser,101,1441,E2,0,1401,2.73,0.45,2.5
9,2015-12-14,Peter Warden,Dwain Jones,154,1248,E1,0,1378,3.44,0.71,2.5
10,2015-12-16,Peter Warden,Celso Bettencourt Pinto,243,2039,E1,0,1375,3.54,0.1,2.5
11,2015-12-21,Peter Warden,Raj Govindaraj,111,1352,E1,1,1388,4.12,0.58,3.5
1,2015-09-21,Peter Watkins,Will Harwood,124,1734,E1,0,1420,0.14,0.14,0
2,2015-09-24,Peter Watkins,Ken Curry,61,1162,E1,1,1425,0.96,0.82,1
3,2015-09-28,Peter Watkins,Phil Jones,159,1343,E1,0.5,1422,1.57,0.61,1.5
4,2015-10-05,Peter Watkins,Dai James,147,1979,E2,0,1419,1.67,0.1,1.5
5,2015-10-22,Peter Watkins,Ashley Davis,76,1967,E1,0,1415,1.77,0.1,1.5
6,2015-10-26,Peter Watkins,Bill Hunt,138,1796,E1,0,1412,1.87,0.1,1.5
7,2015-10-27,Peter Watkins,Vince Williams,342,1721,E1,0.5,1423,2.02,0.15,2
8,2015-11-24,Peter Watkins,Liam Penny,238,1603,E1,0.5,1431,2.28,0.26,2.5
9,2015-11-30,Peter Watkins,Neil Stuart,297,1782,E1,0.5,1444,2.38,0.1,3
10,2015-12-14,Peter Watkins,Bob Hurn,140,1657,E3,0,1437,2.58,0.2,3
11,2015-12-22,Peter Watkins,Chris Hooper,131,1396,E1,0.5,1436,3.12,0.54,3.5
1,2015-09-01,Peter Williams,Simon Davis,80,981,E1,1,1197,0.77,0.77,1
2,2015-09-22,Peter Williams,Dafydd Chapman,37,974,E1,1,1204,1.55,0.78,2
3,2015-10-12,Peter Williams,Jack Aldridge,4,868,E1,1,1209,2.42,0.87,3
4,2015-11-17,Peter Williams,Allan Fisher,97,1537,E1,0,1205,2.53,0.11,3
5,2015-11-24,Peter Williams,Jason Grice,116,1037,E1,0,1182,3.24,0.71,3
6,2015-12-07,Peter Williams,Brenda Miles,209,1229,E1,0,1168,3.69,0.45,3
1,2015-09-07,Phil Jones,Sam Warburton,328,1635,E1,0.5,1354,0.15,0.15,0.5
2,2015-09-21,Phil Jones,Viv Martin,198,1617,E1,0,1349,0.32,0.17,0.5
3,2015-09-24,Phil Jones,Matthew Davies,NA,2017,W1,0,1346,0.42,0.1,0.5
4,2015-09-28,Phil Jones,Peter Watkins,331,1424,E1,0.5,1349,0.81,0.39,1
5,2015-10-05,Phil Jones,Roger Jenkins,151,1511,E1,0.5,1356,1.09,0.28,1.5
6,2015-10-27,Phil Jones,David Hambrook,120,1573,E1,0,1349,1.3,0.21,1.5
7,2015-11-16,Phil Jones,Duncan MacDonald,192,1378,E1,1,1367,1.75,0.45,2.5
8,2015-11-30,Phil Jones,Wayne James,149,1430,E1,0.5,1371,2.13,0.38,3
9,2015-12-22,Phil Jones,Ian Gerbex,105,1200,E1,1,1381,2.82,0.69,4
1,2015-09-22,Phil Smith,Roy Purnell,247,1194,E1,1,1476,0.84,0.84,1
2,2015-09-29,Phil Smith,Roger Jenkins,151,1511,E1,0.5,1478,1.28,0.44,1.5
3,2015-10-27,Phil Smith,Chris Peters,240,1621,E1,0.5,1484,1.58,0.3,2
4,2015-11-09,Phil Smith,Richard Livermore,NA,1651,G1,1,1508,1.84,0.26,3
5,2015-11-17,Phil Smith,Mark Jones,158,1664,E1,0,1500,2.09,0.25,3
6,2015-11-24,Phil Smith,Ken Curry,61,1162,E1,1,1505,2.95,0.86,4
7,2015-12-07,Phil Smith,Lyn Holland,NA,1499,G1,1,1522,3.41,0.46,5
1,2015-09-03,Raimund Klein,Alun Howell,132,1703,E1,0,1958,0.83,0.83,0
1,2015-07-11,Raj Govindaraj,Robert Graham Taylor,NA,1989,G1,0.5,1365,0.1,0.1,0.5
2,2015-09-21,Raj Govindaraj,Tony Gutteridge,119,1558,E1,0.5,1373,0.33,0.23,1
3,2015-09-29,Raj Govindaraj,Bob Hurn,140,1623,E2,0,1368,0.5,0.17,1
4,2015-12-21,Raj Govindaraj,Peter Warden,329,1408,E1,0,1355,0.92,0.42,1
1,2015-09-24,Ray Denyer,Martin Ricketts,263,1384,E1,0,847,0.1,0.1,0
2,2015-10-22,Ray Denyer,Huw Davies,68,850,E1,1,863,0.6,0.5,1
3,2015-11-02,Ray Denyer,Rosie Christmas,46,850,E1,0,847,1.1,0.5,1
4,2015-11-19,Ray Denyer,Merlin Davies,72,937,E1,0,835,1.48,0.38,1
5,2015-11-24,Ray Denyer,Dave Morris,215,1048,E1,1,859,1.72,0.24,2
6,2015-12-15,Ray Denyer,Callum Smith,283,858,E1,0,843,2.21,0.49,2
1,2015-12-15,Rhys Matthews,Cian Grattidge,113,1060,E1,0.5,859,0.23,0.23,0.5
1,2015-09-07,Rhys Steele,Steve Curtis,62,2032,,1,2048,0.51,0.51,1
2,2015-09-14,Rhys Steele,Ioan Rees,257,2286,FM,0,2045,0.7,0.19,1
3,2015-09-15,Rhys Steele,Tim Kett,170,2228,,0,2041,0.95,0.25,1
4,2015-09-21,Rhys Steele,Robert Taylor,NA,1989,,1,2048,1.52,0.57,2
5,2015-10-05,Rhys Steele,Walter Braun,25,2244,FM,1,2060,1.76,0.24,3
6,2015-12-09,Rhys Steele,Joe Fathallah,96,2046,,0.5,2060,2.25,0.49,3.5
7,2015-12-10,Rhys Steele,Dai James,147,1979,,0.5,2059,2.84,0.59,4
8,2015-12-14,Rhys Steele,David Robinson,267,1955,,0.5,2057,3.46,0.62,4.5
9,2015-12-22,Rhys Steele,Gavin Jones,155,1677,,0,2042,4.36,0.9,4.5
1,2015-10-20,Rhys Wynn Newton,Cian Grattidge,113,1060,E1,1,971,0.35,0.35,1
2,2015-11-04,Rhys Wynn Newton,Jerin Joseph,160,864,E1,0,951,0.97,0.62,1
3,2015-11-10,Rhys Wynn Newton,Ritika Khot,171,1013,E1,0,938,1.38,0.41,1
4,2015-11-24,Rhys Wynn Newton,Connor Evans,94,850,E1,1,949,2.02,0.64,2
5,2015-12-08,Rhys Wynn Newton,Connor Evans,94,850,E1,1,961,2.66,0.64,3
6,2015-12-21,Rhys Wynn Newton,Richard Afelumo,1,862,E1,1,973,3.28,0.62,4
1,2015-12-21,Richard Afelumo,Rhys Wynn Newton,221,950,E1,0,850,0.38,0.38,0
1,2015-09-24,Richard Godfrey,Rosie Christmas,46,850,E1,0,1073,0.81,0.81,0
2,2015-09-29,Richard Godfrey,Mike Colwill,54,1006,E1,0,1053,1.44,0.63,0
3,2015-10-15,Richard Godfrey,James Williams,339,970,E1,0,1031,2.12,0.68,0
4,2015-10-19,Richard Godfrey,Mike McLoughlin,207,1341,E1,0,1025,2.32,0.2,0
5,2015-11-12,Richard Godfrey,Evie Hurn,141,850,E1,1,1031,3.13,0.81,1
6,2015-11-23,Richard Godfrey,Kevin O'Rourke,225,1130,E1,0,1016,3.59,0.46,1
1,2015-09-21,Richard Hine,Alan MacDonald,191,850,E1,1,866,0.5,0.5,1
2,2015-10-05,Richard Hine,Richard Morgan,212,1290,E1,0,863,0.6,0.1,1
3,2015-10-26,Richard Hine,Dwain Jones,154,1248,E1,1,892,0.7,0.1,2
4,2015-11-02,Richard Hine,Roger Jenkins,151,1511,E1,0,888,0.8,0.1,2
5,2015-11-09,Richard Hine,Bob Owen,228,1378,E1,0,885,0.9,0.1,2
6,2015-11-29,Richard Hine,Kevin O'Rourke,225,1130,E1,1,912,1.06,0.16,3
1,2015-09-21,Richard Morgan,Stephen Bonutto,22,1193,E1,1,1302,0.63,0.63,1
2,2015-10-05,Richard Morgan,Richard Hine,128,850,E1,1,1305,1.53,0.9,2
3,2015-11-02,Richard Morgan,Kevin O'Rourke,225,1130,E1,0.5,1298,2.24,0.71,2.5
4,2015-11-09,Richard Morgan,Nessie Georgion,104,1497,E1,0,1291,2.47,0.23,2.5
5,2015-11-24,Richard Morgan,Nayana Kalavala,164,1231,E2,1,1304,3.05,0.58,3.5
6,2015-12-07,Richard Morgan,Dwain Jones,154,1248,E1,1,1318,3.61,0.56,4.5
1,2015-09-21,Rishi Paul,Daniel Jaberansari,145,1217,E1,0,861,0.11,0.11,0
1,2015-11-10,Ritika Khot,Rhys Wynn Newton,221,950,E1,1,1026,0.59,0.59,1
2,2015-11-17,Ritika Khot,Milo Davies,73,850,E1,0,1003,1.31,0.72,1
3,2015-12-08,Ritika Khot,Tom Stanton,293,950,E1,0.5,1000,1.9,0.59,1.5
4,2015-12-15,Ritika Khot,Mabon Melbourne,208,860,E1,0,977,2.61,0.71,1.5
1,2015-08-25,Rob Dineen,Peter Slater,281,1663,E1,1,1866,0.76,0.76,1
2,2015-09-01,Rob Dineen,Chris Howells,133,1997,E1,0,1858,1.07,0.31,1
3,2015-09-22,Rob Dineen,Keith Thompson,308,1900,E1,0,1848,1.51,0.44,1
4,2015-10-13,Rob Dineen,Edward Donovan,88,1673,E1,0,1830,2.26,0.75,1
5,2015-10-26,Rob Dineen,Alun Howell,132,1703,E1,0,1813,2.97,0.71,1
6,2015-11-01,Rob Dineen,Rudy van Kemenade,NA,2026,D2,0,1806,3.25,0.28,1
7,2015-11-03,Rob Dineen,Mike Servini,273,1590,E1,1,1810,4.08,0.83,2
8,2015-11-12,Rob Dineen,Roger Phillips,242,1520,E1,0.5,1801,4.97,0.89,2.5
9,2015-11-30,Rob Dineen,Len Skinner,280,1482,E1,1,1803,5.87,0.9,3.5
10,2015-12-01,Rob Dineen,Dave R Lewis,178,1903,E1,0.5,1805,6.31,0.44,4
11,2015-12-15,Rob Dineen,David Perrett,239,1945,E1,0.5,1807,6.69,0.38,4.5
1,2015-07-27,Rob Large,Roy Thomas,305,1697,E1,0,1378,0.13,0.13,0
2,2015-08-17,Rob Large,Howard Lloyd,186,1367,E1,1,1393,0.65,0.52,1
3,2015-08-24,Rob Large,Peter Warden,329,1408,E1,0,1378,1.11,0.46,1
4,2015-09-14,Rob Large,Jason Grice,116,1037,E1,1,1382,2,0.89,2
5,2015-09-22,Rob Large,Chris Hooper,131,1396,E1,0.5,1383,2.48,0.48,2.5
6,2015-09-24,Rob Large,John Cox,55,1467,E1,0.5,1386,2.86,0.38,3
7,2015-10-05,Rob Large,Dave Mahoney,195,1343,E1,1,1401,3.41,0.55,4
8,2015-10-19,Rob Large,Viv Martin,198,1617,E1,0.5,1410,3.61,0.2,4.5
9,2015-10-27,Rob Large,Dafydd Chapman,37,974,E1,0,1382,4.51,0.9,4.5
10,2015-11-12,Rob Large,Daniel Jaberansari,145,1217,E1,0.5,1375,5.23,0.72,5
11,2015-12-01,Rob Large,Stephen Bailey,9,1461,E1,0,1362,5.62,0.39,5
12,2015-12-14,Rob Large,Ian Burrows,32,1184,E1,1,1370,6.38,0.76,6
13,2015-12-21,Rob Large,Roy Purnell,247,1194,E1,0.5,1362,7.13,0.75,6.5
1,2015-10-27,Robert Rees,Maurice Barnett,12,1104,E1,0.5,1547,0.9,0.9,0.5
2,2015-10-28,Robert Rees,Gavin Jones,155,1677,E1,1,1568,1.24,0.34,1.5
3,2015-11-10,Robert Rees,Steve Herkes,127,1547,E1,0.5,1568,1.76,0.52,2
4,2015-12-01,Robert Rees,Michael Arribas-Ayllon,8,1764,E1,1,1592,2,0.24,3
1,2015-09-14,Rod Gough,Ken Hannah,121,1702,E1,0.5,1804,0.65,0.65,0.5
2,2015-09-21,Rod Gough,Jonathan Kell,168,1871,E1,0.5,1807,1.06,0.41,1
3,2015-09-28,Rod Gough,Daniel Wilmot,344,1690,E1,1,1815,1.72,0.66,2
4,2015-10-19,Rod Gough,Dave Parsons,232,1797,E1,0.5,1814,2.24,0.52,2.5
5,2015-10-26,Rod Gough,Simon Blackmore,19,1770,E1,1,1825,2.79,0.55,3.5
6,2015-11-04,Rod Gough,Keith Thompson,308,1900,E1,0,1816,3.16,0.37,3.5
7,2015-11-11,Rod Gough,Chris Fox,99,1868,E1,1,1830,3.58,0.42,4.5
8,2015-11-25,Rod Gough,Venetia Sivarajasingam,279,1673,E3,0,1814,4.26,0.68,4.5
9,2015-12-01,Rod Gough,matthew wilson,345,1802,E1,0.5,1814,4.77,0.51,5
1,2015-09-03,Roger Jenkins,Mark Jones,158,1664,E1,0,1502,0.29,0.29,0
2,2015-09-07,Roger Jenkins,Jonathan Kell,168,1871,E1,0,1499,0.39,0.1,0
3,2015-09-15,Roger Jenkins,Jonathan Davies (WW),NA,1167,W1,0,1470,1.28,0.89,0
4,2015-09-21,Roger Jenkins,Peter Quinn,250,1895,E1,0,1467,1.38,0.1,0
5,2015-09-22,Roger Jenkins,Paul Meara,NA,1261,W1,0,1441,2.19,0.81,0
6,2015-09-24,Roger Jenkins,Lyn Holland,NA,1499,G1,0.5,1440,2.71,0.52,0.5
7,2015-09-28,Roger Jenkins,Alun Howell,132,1703,E1,0.5,1448,2.96,0.25,1
8,2015-09-29,Roger Jenkins,Phil Smith,288,1471,E1,0.5,1446,3.52,0.56,1.5
9,2015-10-05,Roger Jenkins,Phil Jones,159,1343,E1,0.5,1439,4.24,0.72,2
10,2015-10-13,Roger Jenkins,Tony Goodchild,NA,1357,W1,0.5,1433,4.95,0.71,2.5
11,2015-10-26,Roger Jenkins,Dave Roberts,NA,1626,G1,0,1422,5.29,0.34,2.5
12,2015-10-28,Roger Jenkins,Steve Edwards,NA,1545,W1,0,1407,5.74,0.45,2.5
13,2015-11-02,Roger Jenkins,Richard Hine,128,850,E1,1,1411,6.64,0.9,3.5
14,2015-11-10,Roger Jenkins,Dennis Thomas,NA,1169,W1,1,1414,7.53,0.89,4.5
15,2015-11-16,Roger Jenkins,Dave Conway,NA,1256,W1,0.5,1404,8.35,0.82,5
16,2015-11-25,Roger Jenkins,Paul Meara,NA,1261,W1,1,1410,9.16,0.81,6
17,2015-12-02,Roger Jenkins,Huw Jones,NA,1658,W1,0.5,1416,9.46,0.3,6.5
18,2015-12-09,Roger Jenkins,Nick Hale,NA,1206,W1,0.5,1405,10.32,0.86,7
19,2015-12-16,Roger Jenkins,Juan Rodriguez,268,2013,E1,0,1402,10.42,0.1,7
20,2015-12-21,Roger Jenkins,Neya Govindaraj,110,1373,E2,0.5,1395,11.11,0.69,7.5
1,2015-08-03,Roger Phillips,Roy Thomas,305,1697,E1,0,1511,0.27,0.27,0
2,2015-08-10,Roger Phillips,Dai James,147,1908,E1,0,1508,0.37,0.1,0
3,2015-09-03,Roger Phillips,Wayne James,149,1430,E1,0,1488,0.99,0.62,0
4,2015-09-14,Roger Phillips,Stephen Bonutto,22,1193,E1,0.5,1476,1.87,0.88,0.5
5,2015-09-21,Roger Phillips,Chris Fox,99,1868,E1,0,1473,1.98,0.11,0.5
6,2015-09-22,Roger Phillips,Bill Wilkins,334,1420,E1,0.5,1468,2.62,0.64,1
7,2015-09-24,Roger Phillips,Jeremy Jones,157,1541,E1,0.5,1469,3.09,0.47,1.5
8,2015-09-29,Roger Phillips,Bill Davies,63,1300,E1,0.5,1460,3.87,0.78,2
9,2015-10-05,Roger Phillips,Martin Ricketts,263,1384,E1,0.5,1454,4.55,0.68,2.5
10,2015-10-12,Roger Phillips,Bill Harle,122,1718,E1,0,1447,4.79,0.24,2.5
11,2015-10-15,Roger Phillips,Mark Jones,158,1664,E1,0.5,1453,5.1,0.31,3
12,2015-10-19,Roger Phillips,John McGregor,205,1855,E1,0,1449,5.22,0.12,3
13,2015-10-27,Roger Phillips,Alun Smith,282,1500,E1,0.5,1448,5.75,0.53,3.5
14,2015-11-02,Roger Phillips,Tony Gutteridge,119,1558,E1,0.5,1450,6.2,0.45,4
15,2015-11-12,Roger Phillips,Rob Dineen,85,1860,E1,0.5,1462,6.31,0.11,4.5
16,2015-11-19,Roger Phillips,Benjamin Choo Yin,42,1853,E2,0.5,1474,6.43,0.12,5
17,2015-11-23,Roger Phillips,Beryl Hughes,135,1551,E1,0.5,1476,6.89,0.46,5.5
18,2015-11-30,Roger Phillips,Dave Parsons,232,1797,E1,0.5,1486,7.05,0.16,6
19,2015-12-01,Roger Phillips,Nessie Georgion,104,1497,E1,0.5,1485,7.58,0.53,6.5
20,2015-12-10,Roger Phillips,Sam White,333,1479,E1,1,1500,8.14,0.56,7.5
21,2015-12-14,Roger Phillips,David Roberts,264,1445,E1,1,1512,8.74,0.6,8.5
22,2015-12-16,Roger Phillips,Alan Spice,290,2043,E1,0,1509,8.84,0.1,8.5
23,2015-12-21,Roger Phillips,Stephen Bailey,9,1461,E1,0.5,1507,9.42,0.58,9
1,2015-09-01,Roland Humphries,James Williams,339,970,E1,0.5,1152,0.75,0.75,0.5
2,2015-09-29,Roland Humphries,Howard Lloyd,186,1367,E1,0.5,1161,0.98,0.23,1
3,2015-10-12,Roland Humphries,Evie Hurn,141,850,E1,1,1165,1.84,0.86,2
4,2015-10-27,Roland Humphries,Ken Wardle,330,1570,E1,0,1162,1.94,0.1,2
5,2015-11-09,Roland Humphries,Hiya Ray,255,1436,E3,0,1157,2.1,0.16,2
6,2015-11-17,Roland Humphries,James Williams,339,970,E1,0,1133,2.85,0.75,2
7,2015-11-24,Roland Humphries,David Jones,152,909,E1,1,1139,3.66,0.81,3
8,2015-12-07,Roland Humphries,Laurence Matuszczyk,201,1155,E1,0.5,1139,4.17,0.51,3.5
1,2015-09-07,Rosie Christmas,Ellison Smith,286,877,E1,0,835,0.46,0.46,0
2,2015-09-24,Rosie Christmas,Richard Godfrey,107,1099,E1,1,861,0.65,0.19,1
3,2015-10-05,Rosie Christmas,Evie Hurn,141,850,E1,0,845,1.15,0.5,1
4,2015-10-19,Rosie Christmas,len skinner,280,1482,E1,0,842,1.25,0.1,1
5,2015-10-26,Rosie Christmas,Mehdi Jaberansari,146,850,E1,0,826,1.75,0.5,1
6,2015-11-02,Rosie Christmas,Ray Denyer,82,850,E1,1,842,2.25,0.5,2
7,2015-11-21,Rosie Christmas,Anthony Tatam,NA,1490,ECF,0,839,2.35,0.1,2
8,2015-11-21,Rosie Christmas,Larry James,NA,1022,W1,0.5,846,2.62,0.27,2.5
9,2015-11-22,Rosie Christmas,Daniel Chung,NA,952,W1,0,835,2.98,0.36,2.5
10,2015-11-22,Rosie Christmas,Rishi Choudhuri,NA,1111,W1,0,829,3.16,0.18,2.5
11,2015-12-07,Rosie Christmas,Mike Colwill,54,1006,E1,0.5,836,3.45,0.29,3
12,2015-12-14,Rosie Christmas,Simon Davis,80,981,E1,1,857,3.77,0.32,4
1,2015-08-25,Roy Purnell,Emily Wang,327,1246,E1,0.5,1196,0.43,0.43,0.5
2,2015-09-01,Roy Purnell,Stephen bailey,9,1461,E1,0,1191,0.6,0.17,0.5
3,2015-09-07,Roy Purnell,Lyn Holland,NA,1499,G1,0.5,1202,0.74,0.14,1
4,2015-09-22,Roy Purnell,Phil Smith,288,1471,E1,0,1197,0.9,0.16,1
5,2015-10-05,Roy Purnell,Ian Burrows,32,1184,E1,0.5,1197,1.41,0.51,1.5
6,2015-10-14,Roy Purnell,Wayne James,149,1430,E1,0,1190,1.61,0.2,1.5
7,2015-11-02,Roy Purnell,Jack Aldridge,4,868,E1,1,1194,2.49,0.88,2.5
8,2015-11-10,Roy Purnell,David Robinson,267,1955,E1,0,1191,2.59,0.1,2.5
9,2015-11-16,Roy Purnell,Dave Mahoney,195,1343,E1,0,1182,2.89,0.3,2.5
10,2015-11-30,Roy Purnell,S Wyn Howells,134,1664,E1,1,1210,2.99,0.1,3.5
11,2015-12-15,Roy Purnell,Jason Grice,116,1037,E1,0,1188,3.7,0.71,3.5
12,2015-12-21,Roy Purnell,Rob Large,175,1382,E1,0.5,1196,3.95,0.25,4
1,2015-07-11,Roy Thomas,Sabrina L Chevannes,NA,2242,WIM,0,1695,0.1,0.1,0
2,2015-07-11,Roy Thomas,John Cox,55,1467,,1,1700,0.89,0.79,1
3,2015-07-12,Roy Thomas,Tom Brown,29,2142,,0,1697,0.99,0.1,1
4,2015-07-13,Roy Thomas,Allyson James,NA,996,,1,1700,1.89,0.9,2
5,2015-07-13,Roy Thomas,Lee Davis,77,2092,,0.5,1709,1.99,0.1,2.5
6,2015-07-14,Roy Thomas,Tihana Ivekovic,NA,2039,WFM,0,1707,2.1,0.11,2.5
7,2015-07-15,Roy Thomas,Paul Bridges,26,1917,,0,1701,2.32,0.22,2.5
8,2015-07-15,Roy Thomas,Stephen Bonutto,22,1193,,1,1704,3.22,0.9,3.5
9,2015-07-16,Roy Thomas,Matt Staniforth,292,1959,,1,1723,3.4,0.18,4.5
10,2015-07-17,Roy Thomas,Alex Bullen,31,2104,,0,1721,3.5,0.1,4.5
11,2015-07-27,Roy Thomas,Rob Large,175,1382,,1,1724,4.37,0.87,5.5
12,2015-08-03,Roy Thomas,Roger Phillips,242,1520,,1,1731,5.1,0.73,6.5
13,2015-08-10,Roy Thomas,Howard Lloyd,186,1367,,1,1733,5.98,0.88,7.5
14,2015-08-17,Roy Thomas,Peter Warden,329,1408,,1,1737,6.83,0.85,8.5
15,2015-08-20,Roy Thomas,Soren Rud Ottesen,NA,1696,,0.5,1737,7.33,0.5,9
16,2015-08-24,Roy Thomas,Dai James,147,1908,,0,1732,7.56,0.23,9
17,2015-08-28,Roy Thomas,Alex Bullen,31,2141,,1,1753,7.66,0.1,10
18,2015-08-28,Roy Thomas,William Hewitt,NA,2131,,0,1751,7.76,0.1,10
19,2015-08-29,Roy Thomas,Peter Ehsandar,92,2038,,0,1748,7.87,0.11,10
20,2015-08-30,Roy Thomas,Calum Harris,123,1863,,0,1741,8.15,0.28,10
21,2015-08-30,Roy Thomas,Elliott MacNeil,193,1652,,1,1752,8.71,0.56,11
22,2015-08-31,Roy Thomas,Guy Wagner,322,1833,,0,1744,9.03,0.32,11
23,2015-09-03,Roy Thomas,Andrew Di-Vetta,84,1641,,0,1730,9.61,0.58,11
24,2015-09-07,Roy Thomas,David Robinson,267,1955,,1,1750,9.79,0.18,12
25,2015-09-21,Roy Thomas,Joe Fathallah,96,2059,,1,1772,9.89,0.1,13
26,2015-09-22,Roy Thomas,Gavin Jones,155,1677,,0,1757,0.63,0.63,0
27,2015-09-28,Roy Thomas,John D Thornton,310,2013,,0.5,1764,0.83,0.2,0.5
28,2015-10-09,Roy Thomas,Walter Braun,25,2244,FM,0,1762,0.93,0.1,0.5
29,2015-10-10,Roy Thomas,James Evans,NA,1739,,1,1772,1.48,0.55,1.5
30,2015-10-10,Roy Thomas,Simon Blackmore,19,1770,,0,1760,1.98,0.5,1.5
31,2015-10-11,Roy Thomas,David Rovaretti,269,1598,,1,1767,2.71,0.73,2.5
32,2015-10-11,Roy Thomas,Allan Williams,336,1250,,1,1769,3.61,0.9,3.5
33,2015-10-12,Roy Thomas,Bill Hunt,138,1796,,0,1758,4.08,0.47,3.5
34,2015-10-26,Roy Thomas,Russell Dodington,87,1778,,1,1770,4.57,0.49,4.5
35,2015-11-01,Roy Thomas,Tony Haigh,NA,1910,,0,1763,4.88,0.31,4.5
36,2015-11-12,Roy Thomas,David Llewellyn,185,1948,,0,1756,5.15,0.27,4.5
37,2015-11-19,Roy Thomas,Peter Heaven,125,2144,,0,1754,5.25,0.1,4.5
38,2015-11-30,Roy Thomas,Steve Cunliffe,60,1967,,1,1772,5.5,0.25,5.5
39,2015-12-01,Roy Thomas,Peter Slater,281,1663,,0.5,1768,6.15,0.65,6
40,2015-12-10,Roy Thomas,Kevin Gandy,103,1640,,1,1776,6.83,0.68,7
41,2015-12-14,Roy Thomas,Beryl Hughes,135,1497,,1,1780,7.66,0.83,8
42,2015-12-16,Roy Thomas,Walter Braun,25,2244,FM,0,1778,7.76,0.1,8
43,2015-12-21,Roy Thomas,Kam Choo Yin,44,1572,,0,1760,8.52,0.76,8
1,2015-09-07,Russell Dodington,Peter Heaven,125,2144,E1,0.5,1788,0.1,0.1,0.5
2,2015-09-21,Russell Dodington,Ashley Davis,76,1967,E1,0,1782,0.35,0.25,0.5
3,2015-09-28,Russell Dodington,David Robinson,267,1955,E1,0.5,1787,0.62,0.27,1
4,2015-10-12,Russell Dodington,John D Thornton,310,2013,E1,0,1782,0.82,0.2,1
5,2015-10-17,Russell Dodington,Ken Curry,61,1162,E1,1,1785,1.72,0.9,2
6,2015-10-26,Russell Dodington,Roy Thomas,305,1772,E2,0,1772,2.23,0.51,2
7,2015-11-02,Russell Dodington,Matthew Davies,NA,2017,W1,0,1768,2.43,0.2,2
8,2015-11-11,Russell Dodington,Alan Spice,290,2043,E1,0,1764,2.6,0.17,2
9,2015-11-16,Russell Dodington,steve christmas,47,1955,E1,0,1757,2.87,0.27,2
10,2015-11-30,Russell Dodington,Alun Smith,282,1500,E1,0,1737,3.71,0.84,2
11,2015-12-16,Russell Dodington,Tom Brown,29,2154,E2,0.5,1747,3.81,0.1,2.5
1,2015-10-12,S Wyn Howells,David Perrett,239,1945,E1,0,1660,0.16,0.16,0
2,2015-11-16,S Wyn Howells,david rovaretti,269,1701,E2,0,1649,0.61,0.45,0
3,2015-11-30,S Wyn Howells,Roy Purnell,247,1194,E1,0,1628,1.51,0.9,0
1,2015-11-02,Sachin Patel,Callum Smith,283,858,E1,1,1007,0.69,0.69,1
1,2015-07-11,Sam Jukes,Charles F Morris,NA,2167,N1,0,1711,0.1,0.1,0
2,2015-07-11,Sam Jukes,Thomas Thorpe,NA,2053,G1,0,1708,0.21,0.11,0
3,2015-07-12,Sam Jukes,Chirag Guha,118,1857,E1,1,1725,0.52,0.31,1
4,2015-07-13,Sam Jukes,Bob Hurn,140,1687,E1,1,1736,1.06,0.54,2
5,2015-07-13,Sam Jukes,John Waterfield,NA,1976,G1,0,1731,1.24,0.18,2
6,2015-07-14,Sam Jukes,Rhys Bennett,NA,1995,G1,0,1727,1.4,0.16,2
7,2015-07-15,Sam Jukes,Karanvir Lutchman Singh,189,1631,E1,1,1737,2.01,0.61,3
8,2015-07-15,Sam Jukes,Matt Staniforth,292,1959,E1,0.5,1744,2.2,0.19,3.5
9,2015-07-16,Sam Jukes,Katja Stoll,NA,1854,Fide,0.5,1749,2.51,0.31,4
10,2015-07-17,Sam Jukes,Paul Bridges,26,1917,E1,0,1743,2.75,0.24,4
11,2015-08-28,Sam Jukes,Lee Davis,77,2092,E1,0,1741,2.85,0.1,4
12,2015-08-28,Sam Jukes,Chris Dixon,NA,1878,G1,0.5,1746,3.13,0.28,4.5
13,2015-08-29,Sam Jukes,Louis Jouault,NA,1921,Fide,1,1764,3.36,0.23,5.5
14,2015-08-30,Sam Jukes,Adam May,NA,1975,W1,0,1760,3.54,0.18,5.5
15,2015-08-30,Sam Jukes,David Tomboline,311,1933,E1,0,1755,3.76,0.22,5.5
16,2015-08-31,Sam Jukes,Paul Bridges,26,1917,E1,0,1749,4,0.24,5.5
17,2015-09-07,Sam Jukes,Bill Hunt,138,1796,E1,0,1740,4.38,0.38,5.5
18,2015-09-14,Sam Jukes,John D Thornton,310,2013,E1,0.5,1749,4.52,0.14,6
19,2015-09-21,Sam Jukes,Richard Livermore,NA,1698,G1,0,1736,5.04,0.52,6
20,2015-09-24,Sam Jukes,Pagona Mavroyenneas,203,945,E1,1,1738,5.94,0.9,7
21,2015-10-05,Sam Jukes,Juan Rodriguez,268,2013,E1,0,1735,6.08,0.14,7
22,2015-10-09,Sam Jukes,Alan Young,NA,2108,W1,0,1733,6.18,0.1,7
23,2015-10-10,Sam Jukes,Stephen Bonutto,22,1193,E1,1,1735,7.08,0.9,8
24,2015-10-10,Sam Jukes,Paul Hatchett,NA,2061,G1,0,1732,7.19,0.11,8
25,2015-10-11,Sam Jukes,Andrew Di-Vetta,84,1641,E1,1,1742,7.79,0.6,9
26,2015-10-11,Sam Jukes,Tony Haigh,NA,1859,D1,0,1735,8.09,0.3,9
27,2015-10-12,Sam Jukes,Damon Davies,65,1785,E1,0.5,1737,0.43,0.43,0.5
28,2015-10-14,Sam Jukes,Peter Quinn,250,1895,E1,1,1754,0.72,0.29,1.5
29,2015-10-19,Sam Jukes,Justin Morgans,213,1655,E1,0,1739,1.33,0.61,1.5
30,2015-10-22,Sam Jukes,Matthew Davies,NA,2017,W1,0,1735,1.49,0.16,1.5
31,2015-10-26,Sam Jukes,Steve Curtis,62,2032,E1,0,1732,1.64,0.15,1.5
32,2015-11-01,Sam Jukes,Derek Jones,153,1961,E1,0,1727,1.85,0.21,1.5
33,2015-11-02,Sam Jukes,Richard Livermore,NA,1698,G1,1,1737,2.4,0.55,2.5
34,2015-11-23,Sam Jukes,Derek Jones,153,1961,E1,0,1732,2.61,0.21,2.5
35,2015-11-24,Sam Jukes,Peter Heaven,125,2144,E1,1,1754,2.71,0.1,3.5
36,2015-11-29,Sam Jukes,David Buttell,NA,1881,W2,0,1747,3.01,0.3,3.5
37,2015-11-30,Sam Jukes,Daniel Wilmot,344,1690,E1,0,1733,3.57,0.56,3.5
38,2015-12-10,Sam Jukes,Kevin Evans,95,2000,E1,0,1729,3.74,0.17,3.5
1,2015-09-07,Sam Warburton,Phil Jones,159,1343,E1,0.5,1627,0.85,0.85,0.5
2,2015-09-14,Sam Warburton,Clive Silver,275,1505,E1,0.5,1622,1.53,0.68,1
3,2015-09-28,Sam Warburton,John Cox,55,1467,E1,1,1629,2.25,0.72,2
4,2015-10-12,Sam Warburton,Cyril Ley,182,1674,E1,0.5,1630,2.7,0.45,2.5
5,2015-10-19,Sam Warburton,Michael Arribas-Ayllon,8,1764,E1,0.5,1635,3.02,0.32,3
6,2015-10-26,Sam Warburton,Beryl Hughes,135,1551,E1,0.5,1632,3.64,0.62,3.5
7,2015-10-27,Sam Warburton,Peter ballantyne,11,1641,E1,0,1620,4.13,0.49,3.5
8,2015-11-02,Sam Warburton,Dai James,147,1979,E2,0,1617,4.24,0.11,3.5
9,2015-11-03,Sam Warburton,Simon Blackmore,19,1770,E1,0.5,1622,4.56,0.32,4
10,2015-11-23,Sam Warburton,Jeff Rowland,270,1701,E1,0.5,1624,4.97,0.41,4.5
11,2015-12-02,Sam Warburton,David thorne,309,1519,E1,0.5,1620,5.63,0.66,5
12,2015-12-07,Sam Warburton,Matthew Wilson,345,1802,E1,0,1613,5.91,0.28,5
1,2015-09-28,Sam White,Steve Cunliffe,60,1967,E1,0,1476,0.1,0.1,0
2,2015-10-14,Sam White,Derek Smith,285,1849,E1,0,1473,0.2,0.1,0
3,2015-10-22,Sam White,Ken Hannah,121,1702,E1,0,1466,0.42,0.22,0
4,2015-10-26,Sam White,Bill Harle,122,1718,E1,0,1459,0.62,0.2,0
5,2015-12-10,Sam White,Roger Phillips,242,1520,E1,0,1445,1.06,0.44,0
1,2015-09-21,Sanay Goyal,Anish Choudhuri,45,971,E1,0,839,0.33,0.33,0
2,2015-10-12,Sanay Goyal,Dave Morris,215,1048,E1,0,832,0.57,0.24,0
1,2015-07-11,Shayanna Sivarajasingam,Petr Marusenko,NA,2192,IM,0,1765,0.1,0.1,0
2,2015-07-11,Shayanna Sivarajasingam,Neya Govindaraj,110,1384,,1,1767,1,0.9,1
3,2015-07-12,Shayanna Sivarajasingam,Tihana Ivekovic,NA,2039,WFM,0,1763,1.17,0.17,1
4,2015-07-13,Shayanna Sivarajasingam,Richard Livermore,NA,1698,,0,1749,1.77,0.6,1
5,2015-07-16,Shayanna Sivarajasingam,Kevin O'Rourke,225,1130,,1,1751,2.67,0.9,2
6,2015-07-17,Shayanna Sivarajasingam,Karanvir Lutchman Singh,189,1631,,0.5,1747,3.35,0.68,2.5
7,2015-07-20,Shayanna Sivarajasingam,Alice O'Gorman,NA,1480,,1,1750,4.19,0.84,3.5
8,2015-07-20,Shayanna Sivarajasingam,Emily Green,NA,1786,,0.5,1751,4.66,0.47,4
9,2015-07-21,Shayanna Sivarajasingam,Rachel-Lorna Smith,NA,1393,,0,1730,5.56,0.9,4
10,2015-07-21,Shayanna Sivarajasingam,Emily Green,NA,1786,,0.5,1730,6.03,0.47,4.5
11,2015-07-22,Shayanna Sivarajasingam,Alice O'Gorman,NA,1480,,0.5,1722,6.87,0.84,5
12,2015-07-22,Shayanna Sivarajasingam,Rachel-Lorna Smith,NA,1393,,1,1725,7.77,0.9,6
13,2015-07-27,Shayanna Sivarajasingam,Alexander Davies,NA,1786,,0.5,1725,8.24,0.47,6.5
14,2015-07-28,Shayanna Sivarajasingam,Frederick Coleman,NA,1762,,0,1713,8.75,0.51,6.5
15,2015-07-29,Shayanna Sivarajasingam,Harshil S Mehta,NA,1458,,0.5,1704,9.61,0.86,7
16,2015-07-29,Shayanna Sivarajasingam,Reuben Balouka-Myers,NA,1666,,1,1713,10.25,0.64,8
17,2015-07-30,Shayanna Sivarajasingam,Laura Davidson,NA,1746,,0.5,1712,10.78,0.53,8.5
18,2015-07-31,Shayanna Sivarajasingam,Calum Salmons,NA,1722,,0.5,1711,11.34,0.56,9
19,2015-08-01,Shayanna Sivarajasingam,Haotian Wu,NA,1962,,0.5,1717,11.59,0.25,9.5
20,2015-08-02,Shayanna Sivarajasingam,Kartik Velayudham,NA,1762,,0.5,1717,12.1,0.51,10
21,2015-08-02,Shayanna Sivarajasingam,Max N Turner,NA,1970,,0,1711,12.34,0.24,10
22,2015-08-03,Shayanna Sivarajasingam,Liam Reed,NA,1682,,0.5,1708,12.96,0.62,10.5
23,2015-08-04,Shayanna Sivarajasingam,Imogen A L Camp,NA,1813,,0.5,1709,13.4,0.44,11
24,2015-08-05,Shayanna Sivarajasingam,Tom Brown (ECF),NA,1682,,0.5,1707,14.02,0.62,11.5
25,2015-08-06,Shayanna Sivarajasingam,Robert Ashworth,NA,1810,,0.5,1708,14.46,0.44,12
26,2015-08-07,Shayanna Sivarajasingam,Daniel Varney,NA,1858,,0,1699,14.83,0.37,12
27,2015-08-28,Shayanna Sivarajasingam,Paul Hatchett,NA,2061,,0,1697,0.1,0.1,0
28,2015-08-28,Shayanna Sivarajasingam,Peter Ehsandar,92,2038,,0,1694,0.22,0.12,0
29,2015-08-29,Shayanna Sivarajasingam,Paul Bridges,26,1917,,0.5,1700,0.44,0.22,0.5
30,2015-08-30,Shayanna Sivarajasingam,Guy Wagner,322,1833,,0,1693,0.76,0.32,0.5
31,2015-08-31,Shayanna Sivarajasingam,James Evans,NA,1739,,0.5,1694,1.2,0.44,1
32,2015-09-02,Shayanna Sivarajasingam,Dave R Lewis,178,1903,,1,1712,1.44,0.24,2
33,2015-09-17,Shayanna Sivarajasingam,Michael Arribas-Ayllon,8,1764,,0.5,1715,1.85,0.41,2.5
34,2015-10-07,Shayanna Sivarajasingam,Simon Blackmore,19,1770,,1,1729,2.25,0.4,3.5
35,2015-10-09,Shayanna Sivarajasingam,Adam May,NA,1975,,0,1725,2.41,0.16,3.5
36,2015-10-10,Shayanna Sivarajasingam,Joseph David Turner,NA,2051,,0.5,1735,2.52,0.11,4
37,2015-10-11,Shayanna Sivarajasingam,Bob Hurn,140,1623,,0.5,1732,3.13,0.61,4.5
38,2015-10-11,Shayanna Sivarajasingam,David Buttell,NA,1881,,0,1726,3.39,0.26,4.5
39,2015-10-14,Shayanna Sivarajasingam,David O'Donnell,224,1833,,1,1742,3.71,0.32,5.5
40,2015-10-17,Shayanna Sivarajasingam,Alan E Gentry,NA,1922,,0,1737,3.93,0.22,5.5
41,2015-10-17,Shayanna Sivarajasingam,Neil S Homer,NA,1842,,1,1753,4.24,0.31,6.5
42,2015-10-18,Shayanna Sivarajasingam,Brendan O Gorman,NA,1874,,0.5,1759,4.51,0.27,7
43,2015-10-18,Shayanna Sivarajasingam,Ian Bush,NA,1762,,0,1749,4.92,0.41,7
44,2015-10-26,Shayanna Sivarajasingam,Lara Schulze,NA,1947,,0,1744,5.11,0.19,7
45,2015-10-27,Shayanna Sivarajasingam,Marissa Li,NA,1815,,0,1736,5.45,0.34,7
46,2015-10-28,Shayanna Sivarajasingam,Karen Chlela,NA,1254,,0.5,1727,6.35,0.9,7.5
47,2015-10-29,Shayanna Sivarajasingam,Noa Munte,NA,1652,,0,1713,6.92,0.57,7.5
48,2015-10-30,Shayanna Sivarajasingam,Metakse Gharagebakyan,NA,1594,,1,1722,7.56,0.64,8.5
49,2015-10-31,Shayanna Sivarajasingam,Christina Ortiz Robles,NA,1396,,1,1725,8.42,0.86,9.5
50,2015-11-01,Shayanna Sivarajasingam,Grete Olde,NA,1636,,0.5,1723,9.01,0.59,10
51,2015-11-02,Shayanna Sivarajasingam,Sophie Konecny,NA,1702,,0,1711,9.51,0.5,10
52,2015-11-03,Shayanna Sivarajasingam,Queena Deng,NA,1916,,0.5,1717,9.73,0.22,10.5
53,2015-11-04,Shayanna Sivarajasingam,Dimitra Galani,NA,1580,,1,1726,10.39,0.66,11.5
54,2015-11-05,Shayanna Sivarajasingam,Magdanlini Louka,NA,1758,,0,1716,10.81,0.42,11.5
55,2015-11-21,Shayanna Sivarajasingam,Andrew Gibbons,NA,2027,,0.5,1725,10.93,0.12,12
56,2015-11-21,Shayanna Sivarajasingam,Karanvir Lutchman Singh,189,1743,,1,1738,11.37,0.44,13
57,2015-11-22,Shayanna Sivarajasingam,Nigel Ralphs,251,2059,,0.5,1748,11.47,0.1,13.5
58,2015-11-22,Shayanna Sivarajasingam,Nicholas Evans,NA,2016,,0,1745,11.6,0.13,13.5
59,2015-11-25,Shayanna Sivarajasingam,David Perrett,239,1945,,0,1739,0.24,0.24,0
60,2015-11-29,Shayanna Sivarajasingam,Julie van Kemenade,NA,1804,,0,1729,0.66,0.42,0
1,2015-09-07,Simon Blackmore,Hiya Ray,255,1368,E2,0,1748,0.9,0.9,0
2,2015-09-22,Simon Blackmore,Chris Fox,99,1868,E1,0.5,1752,1.26,0.36,0.5
3,2015-10-07,Simon Blackmore,Shayanna Sivarajasingam,277,1699,E2,0,1737,1.86,0.6,0.5
4,2015-10-09,Simon Blackmore,Kevin O'Rourke,225,1130,E1,0.5,1728,2.76,0.9,1
5,2015-10-10,Simon Blackmore,Nigel Ralphs,251,2059,E1,0,1724,2.91,0.15,1
6,2015-10-10,Simon Blackmore,Roy Thomas,305,1772,E2,1,1736,3.41,0.5,2
7,2015-10-11,Simon Blackmore,Dai James,147,1979,E2,0,1731,3.64,0.23,2
8,2015-10-11,Simon Blackmore,James Evans,NA,1739,W1,1,1742,4.18,0.54,3
9,2015-10-13,Simon Blackmore,Jeff Rowland,270,1701,E1,0.5,1739,4.78,0.6,3.5
10,2015-10-26,Simon Blackmore,Rod Gough,109,1808,E1,0,1728,5.23,0.45,3.5
11,2015-11-03,Simon Blackmore,Sam Warburton,328,1635,E1,0.5,1724,5.91,0.68,4
12,2015-12-01,Simon Blackmore,John McGregor,205,1855,E1,0,1715,6.29,0.38,4
13,2015-12-12,Simon Blackmore,Mike Edwards,91,1821,E1,0.5,1717,6.72,0.43,4.5
1,2015-11-24,Simon Chung,Bob Owen,228,1378,E1,0,847,0.1,0.1,0
2,2015-11-30,Simon Chung,Ellison Smith,286,877,E1,1,864,0.56,0.46,1
1,2015-09-01,Simon Davis,Peter Williams,340,1190,E1,0,974,0.23,0.23,0
2,2015-09-28,Simon Davis,Callum Smith,283,858,E1,1,984,0.9,0.67,1
3,2015-11-02,Simon Davis,Brian Morris,214,850,E1,1,994,1.58,0.68,2
4,2015-12-14,Simon Davis,Rosie Christmas,46,850,E1,0,973,2.26,0.68,2
1,2015-08-25,Stephen Bailey,Megan Richards,261,1500,E1,0.5,1463,0.45,0.45,0.5
2,2015-09-01,Stephen Bailey,Roy Purnell,247,1194,E1,1,1468,1.28,0.83,1.5
3,2015-10-05,Stephen Bailey,Dwain Jones,154,1248,E1,1,1475,2.05,0.77,2.5
4,2015-10-27,Stephen Bailey,Stephen Bonutto,22,1326,E2,0,1454,2.73,0.68,2.5
5,2015-12-01,Stephen Bailey,Rob Large,175,1382,E1,1,1466,3.34,0.61,3.5
6,2015-12-21,Stephen Bailey,Roger Phillips,242,1520,E1,0.5,1469,3.76,0.42,4
1,2015-07-11,Stephen Bonutto,Alex Freeland,102,2086,E1,0,1190,0.1,0.1,0
2,2015-07-11,Stephen Bonutto,Owen Bennett,NA,1880,G1,0,1187,0.2,0.1,0
3,2015-07-12,Stephen Bonutto,Ron Williams,NA,1674,G1,0.5,1199,0.3,0.1,0.5
4,2015-07-13,Stephen Bonutto,Chirag Guha,118,1857,E1,0,1196,0.4,0.1,0.5
5,2015-07-13,Stephen Bonutto,Andrew Camp,NA,1440,N1,0.5,1206,0.59,0.19,1
6,2015-07-14,Stephen Bonutto,John Cox,55,1467,E1,0.5,1217,0.76,0.17,1.5
7,2015-07-15,Stephen Bonutto,Allyson James,NA,996,W1,1,1224,1.52,0.76,2.5
8,2015-07-15,Stephen Bonutto,Roy Thomas,305,1697,E1,0,1221,1.62,0.1,2.5
9,2015-07-16,Stephen Bonutto,Mark Emblem,NA,1477,G1,0,1216,1.78,0.16,2.5
10,2015-07-17,Stephen Bonutto,Aron Calist,33,1380,E1,1,1240,2.03,0.25,3.5
11,2015-08-28,Stephen Bonutto,Aishwarya Lutchman Singh,188,1566,E1,1,1269,2.13,0.1,4.5
12,2015-08-29,Stephen Bonutto,Raymond Francis,NA,1562,ECF,0.5,1282,2.23,0.1,5
13,2015-08-29,Stephen Bonutto,Susanna Fraser,101,1493,E1,0.5,1293,2.37,0.14,5.5
14,2015-08-30,Stephen Bonutto,Jeremy Jones,157,1541,E1,0.5,1306,2.48,0.11,6
15,2015-08-31,Stephen Bonutto,Allan Williams,336,1250,E1,0.5,1308,2.9,0.42,6.5
16,2015-08-31,Stephen Bonutto,Rolandas Puras,NA,1299,G1,1,1329,3.25,0.35,7.5
17,2015-09-07,Stephen Bonutto,Maurice Barnett,12,1104,E1,1,1341,3.87,0.62,8.5
18,2015-09-14,Stephen Bonutto,Roger Phillips,242,1520,E1,0.5,1353,3.99,0.12,9
19,2015-09-21,Stephen Bonutto,Richard Morgan,212,1290,E1,0,1341,4.36,0.37,9
20,2015-09-24,Stephen Bonutto,Steve Cunliffe,60,1967,E1,0.5,1354,4.46,0.1,9.5
21,2015-09-28,Stephen Bonutto,Daniel Jaberansari,145,1217,E1,0,1339,4.93,0.47,9.5
22,2015-10-09,Stephen Bonutto,Stephen Williams,NA,1790,G2,0,1336,5.03,0.1,9.5
23,2015-10-10,Stephen Bonutto,Sam Jukes,163,1713,E1,0,1333,5.13,0.1,9.5
24,2015-10-10,Stephen Bonutto,Venetia Sivarajasingam,279,1760,E2,0,1330,5.23,0.1,9.5
25,2015-10-17,Stephen Bonutto,Richard Livermore,NA,1698,G1,0,1326,5.33,0.1,9.5
26,2015-10-22,Stephen Bonutto,John Rees,258,850,E1,1,1329,0.9,0.9,1
27,2015-10-27,Stephen Bonutto,Stephen Bailey,9,1461,E1,1,1351,1.22,0.32,2
28,2015-11-01,Stephen Bonutto,Keith Thompson,308,1900,E1,0,1348,1.32,0.1,2
29,2015-11-02,Stephen Bonutto,Jeremy Jones,157,1541,E1,0,1341,1.54,0.22,2
30,2015-11-16,Stephen Bonutto,Alan MacDonald,191,850,E1,1,1344,2.44,0.9,3
31,2015-11-21,Stephen Bonutto,Susanna Fraser,101,1441,E2,0,1333,2.78,0.34,3
32,2015-11-21,Stephen Bonutto,Kevin O'Rourke,225,1130,E1,1,1341,3.54,0.76,4
33,2015-11-22,Stephen Bonutto,Les Philpin,NA,1587,W1,0,1335,3.72,0.18,4
34,2015-11-22,Stephen Bonutto,Aishwarya Lutchman Singh,188,1496,E2,0,1326,3.99,0.27,4
35,2015-11-23,Stephen Bonutto,Dwain Jones,154,1248,E1,1,1339,4.6,0.61,5
36,2015-11-24,Stephen Bonutto,Bill Davies,63,1300,E1,1,1354,5.14,0.54,6
37,2015-11-30,Stephen Bonutto,Bob Owen,228,1378,E1,1,1372,5.57,0.43,7
38,2015-12-08,Stephen Bonutto,Neil Stuart,297,1782,E1,0,1369,5.67,0.1,7
39,2015-12-14,Stephen Bonutto,Clive Silver,275,1505,E1,1,1392,5.93,0.26,8
40,2015-12-15,Stephen Bonutto,Alun Smith,282,1500,E1,0,1384,6.2,0.27,8
41,2015-12-22,Stephen Bonutto,Joseph Setchfield,274,996,E1,1,1387,7.08,0.88,9
1,2015-11-21,Stephen Clements,Carl Halpin,NA,1100,W1,0.5,1196,0.64,0.64,0.5
2,2015-11-21,Stephen Clements,Rishi Choudhuri,NA,1111,W1,1,1208,1.26,0.62,1.5
3,2015-11-22,Stephen Clements,Anthony Tatam,NA,1490,ECF,0.5,1219,1.41,0.15,2
1,2015-09-07,Stephen Hughes,Mike McLoughlin,207,1341,E1,0.5,1012,0.11,0.11,0.5
1,2015-09-16,Stephen Lambourne,Mike Joslin,161,1376,E1,0.5,1524,0.71,0.71,0.5
2,2015-09-22,Stephen Lambourne,Andrew Di-Vetta,84,1641,E1,0,1513,1.06,0.35,0.5
3,2015-10-05,Stephen Lambourne,Liam Penny,238,1603,E1,0,1500,1.46,0.4,0.5
4,2015-10-12,Stephen Lambourne,Bill Wilkins,334,1420,E1,0.5,1495,2.11,0.65,1
5,2015-11-23,Stephen Lambourne,Peter Warden,329,1408,E1,0.5,1490,2.78,0.67,1.5
6,2015-11-29,Stephen Lambourne,Tony Gutteridge,119,1558,E1,1,1507,3.24,0.46,2.5
7,2015-12-08,Stephen Lambourne,Emily Wang,327,1317,E2,0.5,1498,4.02,0.78,3
8,2015-12-14,Stephen Lambourne,John Stephenson,296,1334,E1,0.5,1490,4.78,0.76,3.5
1,2015-09-01,Steve Christmas,Edward Donovan,88,1673,E1,0,1935,0.84,0.84,0
2,2015-09-10,Steve Christmas,David Roberts,264,1445,E1,1,1937,1.74,0.9,1
3,2015-09-15,Steve Christmas,Jonathan Gilbert,NA,2074,G1,0.5,1941,2.08,0.34,1.5
4,2015-09-28,Steve Christmas,David Cleverly,52,1791,E1,0.5,1936,2.8,0.72,2
5,2015-09-30,Steve Christmas,Frank May,NA,2127,G1,0.5,1941,3.07,0.27,2.5
6,2015-10-06,Steve Christmas,Mark Jones,158,1664,E1,0.5,1933,3.92,0.85,3
7,2015-10-21,Steve Christmas,Leslie Blohm,NA,2000,G1,0,1922,4.36,0.44,3
8,2015-10-22,Steve Christmas,Cyril Ley,182,1674,E1,0.5,1914,5.2,0.84,3.5
9,2015-11-05,Steve Christmas,Mike Edwards,91,1821,E1,1,1922,5.88,0.68,4.5
10,2015-11-16,Steve Christmas,Russell Dodington,87,1778,E1,1,1928,6.61,0.73,5.5
11,2015-11-21,Steve Christmas,Andrew Di-Vetta,84,1641,E1,1,1931,7.48,0.87,6.5
12,2015-11-21,Steve Christmas,Jason Garcia,NA,2071,W1,0,1923,7.82,0.34,6.5
13,2015-11-22,Steve Christmas,David Guy,NA,1901,W1,0.5,1921,8.4,0.58,7
14,2015-11-22,Steve Christmas,John McGregor,205,1855,E1,0.5,1918,9.04,0.64,7.5
15,2015-12-02,Steve Christmas,Keith Thompson,308,1930,E2,0.5,1917,9.58,0.54,8
1,2015-09-07,Steve Cunliffe,Guy Wagner,322,1833,E1,1,1975,0.68,0.68,1
2,2015-09-15,Steve Cunliffe,Benjamin Choo Yin,42,1866,E1,1,1983,1.32,0.64,2
3,2015-09-24,Steve Cunliffe,Stephen Bonutto,22,1193,E1,0.5,1974,2.22,0.9,2.5
4,2015-09-28,Steve Cunliffe,Sam White,333,1479,E1,1,1976,3.12,0.9,3.5
5,2015-10-12,Steve Cunliffe,Jonathan Kell,168,1871,E1,0.5,1973,3.75,0.63,4
6,2015-10-19,Steve Cunliffe,John D Thornton,310,2013,E1,1,1986,4.19,0.44,5
7,2015-10-22,Steve Cunliffe,David Jones,152,909,E1,1,1989,5.09,0.9,6
8,2015-11-23,Steve Cunliffe,Celso Bettencourt Pinto,243,2039,E1,0.5,1991,5.49,0.4,6.5
9,2015-11-30,Steve Cunliffe,Roy Thomas,305,1772,E2,0,1973,6.24,0.75,6.5
10,2015-12-09,Steve Cunliffe,Peter Quinn,250,1895,E1,0.5,1971,6.84,0.6,7
1,2015-09-07,Steve Curtis,Rhys Steele,294,2040,E1,0,2024,0.49,0.49,0
2,2015-09-16,Steve Curtis,Alex Bullen,31,2141,E2,0,2019,0.84,0.35,0
3,2015-10-12,Steve Curtis,Dai James,147,1979,E2,1,2025,1.41,0.57,1
4,2015-10-26,Steve Curtis,Sam Jukes,163,1735,E2,1,2028,2.26,0.85,2
5,2015-11-30,Steve Curtis,Jonathan Gilbert,NA,2074,G1,1,2037,2.7,0.44,3
1,2015-09-01,Steve Herkes,Paul Bridges,26,1917,E1,0,1544,0.1,0.1,0
2,2015-09-16,Steve Herkes,Will Harwood,124,1734,E1,0.5,1552,0.35,0.25,0.5
3,2015-09-29,Steve Herkes,Michael Arribas-Ayllon,8,1764,E1,0,1545,0.57,0.22,0.5
4,2015-10-13,Steve Herkes,Mark Janas,150,1745,E1,0.5,1553,0.81,0.24,1
5,2015-10-27,Steve Herkes,Alex Wills,343,1733,E1,0,1545,1.07,0.26,1
6,2015-11-04,Steve Herkes,Egor Muljarov,219,1543,E1,0.5,1544,1.58,0.51,1.5
7,2015-11-10,Steve Herkes,Robert Rees,259,1560,E1,0.5,1545,2.06,0.48,2
8,2015-12-01,Steve Herkes,bob hurn,140,1623,E2,0.5,1549,2.45,0.39,2.5
9,2015-12-07,Steve Herkes,Aishwarya Lutchman Singh,188,1496,E2,0.5,1546,3.02,0.57,3
10,2015-12-14,Steve Herkes,Mike Servini,273,1590,E1,0.5,1548,3.46,0.44,3.5
1,2015-09-07,Steve Lindsay,David Thorne,309,1519,E1,1,1770,0.81,0.81,1
2,2015-09-16,Steve Lindsay,Daniel Griffiths,117,1389,E1,1,1772,1.71,0.9,2
3,2015-09-28,Steve Lindsay,Bob Hurn,140,1623,E2,1,1779,2.4,0.69,3
4,2015-10-05,Steve Lindsay,Mike Servini,273,1590,E1,1,1786,3.13,0.73,4
5,2015-10-12,Steve Lindsay,David Cleverly,52,1791,E1,0,1775,3.59,0.46,4
6,2015-10-26,Steve Lindsay,Conor Hunt,139,1687,E1,1,1784,4.2,0.61,5
7,2015-11-02,Steve Lindsay,Clive SILVER,275,1505,E1,1,1789,5.02,0.82,6
8,2015-11-03,Steve Lindsay,Mark Jones,158,1664,E1,1,1797,5.66,0.64,7
9,2015-11-16,Steve Lindsay,Dwain Jones,154,1248,E1,0,1776,6.56,0.9,7
10,2015-11-24,Steve Lindsay,Kam Choo Yin,44,1572,E1,1,1782,7.31,0.75,8
11,2015-12-15,Steve Lindsay,Neil Stuart,297,1782,E1,0.5,1782,7.79,0.48,8.5
1,2015-07-20,Susanna Fraser,James Naughton,NA,1079,,1,1496,0.9,0.9,1
2,2015-07-20,Susanna Fraser,Teddy Onslow,NA,1722,,0,1489,1.11,0.21,1
3,2015-07-21,Susanna Fraser,Dietah Connolly-Sams,NA,1086,,1,1493,2.01,0.9,2
4,2015-07-21,Susanna Fraser,Teddy Onslow,NA,1722,,0,1486,2.22,0.21,2
5,2015-07-22,Susanna Fraser,James Naughton,NA,1079,,1,1489,3.12,0.9,3
6,2015-07-22,Susanna Fraser,Dietah Connolly-Sams,NA,1086,,1,1492,4.02,0.9,4
7,2015-07-27,Susanna Fraser,Leo Sanitt,NA,1890,,0,1489,4.12,0.1,4
8,2015-07-28,Susanna Fraser,Tig O'donnell,NA,850,,1,1492,5.02,0.9,5
9,2015-07-28,Susanna Fraser,Partha Mulay,NA,1834,,0,1489,5.13,0.11,5
10,2015-07-29,Susanna Fraser,Susie Wang,NA,1610,,0.5,1494,5.47,0.34,5.5
11,2015-07-29,Susanna Fraser,Haolin Zhao,NA,1738,,0,1488,5.66,0.19,5.5
12,2015-07-30,Susanna Fraser,Aditya Vanjare,NA,914,,0.5,1475,6.56,0.9,6
13,2015-07-30,Susanna Fraser,Reuben Balouka-Myers,NA,1666,,0.5,1482,6.83,0.27,6.5
14,2015-07-31,Susanna Fraser,Movses Shirinyan,NA,1146,,1,1486,7.72,0.89,7.5
15,2015-07-31,Susanna Fraser,Haotian Wu,NA,1962,,0,1483,7.82,0.1,7.5
16,2015-08-01,Susanna Fraser,Dayna Ferguson,NA,995,,0.5,1470,8.72,0.9,8
17,2015-08-29,Susanna Fraser,David McIntosh,NA,1122,,1,1473,9.62,0.9,9
18,2015-08-29,Susanna Fraser,Stephen Bonutto,22,1193,,0.5,1462,10.48,0.86,9.5
19,2015-08-30,Susanna Fraser,Mohammed Binesmael,18,1635,,0,1452,10.79,0.31,9.5
20,2015-08-31,Susanna Fraser,Madelaine Smith,NA,1109,,1,1455,11.69,0.9,10.5
21,2015-08-31,Susanna Fraser,Aishwarya Lutchman Singh,188,1566,,1,1474,12.09,0.4,11.5
22,2015-09-01,Susanna Fraser,Gareth Davies,66,1375,,0,1453,12.75,0.66,11.5
23,2015-09-29,Susanna Fraser,Peter Ballantyne,11,1641,,0,1443,13.05,0.3,11.5
24,2015-10-03,Susanna Fraser,Anton Petkov,NA,1453,,1,1457,13.61,0.56,12.5
25,2015-10-03,Susanna Fraser,Anum Sheikh,NA,1554,,0,1444,14.02,0.41,12.5
26,2015-10-03,Susanna Fraser,Alfie Onslow,NA,1986,,0,1441,14.12,0.1,12.5
27,2015-10-04,Susanna Fraser,Edison Xu,NA,850,,1,1444,15.02,0.9,13.5
28,2015-10-04,Susanna Fraser,Gabriel Balouka Myers,NA,1834,,0,1441,15.13,0.11,13.5
29,2015-10-10,Susanna Fraser,Gareth Davies,66,1375,,1,1454,0.59,0.59,1
30,2015-10-10,Susanna Fraser,Ethan Chung,48,1207,,1,1461,1.39,0.8,2
31,2015-10-11,Susanna Fraser,Nye Bradfield,24,955,,1,1464,2.29,0.9,3
32,2015-10-11,Susanna Fraser,Dafydd Chapman,37,974,,1,1467,3.19,0.9,4
33,2015-10-26,Susanna Fraser,Leyla Kim,NA,1587,,1,1489,3.49,0.3,5
34,2015-10-27,Susanna Fraser,Evgenia Tsivelekidou,NA,1778,,0,1485,3.61,0.12,5
35,2015-10-28,Susanna Fraser,Aishwarya Lutchman Singh,188,1496,,0.5,1488,4.03,0.42,5.5
36,2015-10-29,Susanna Fraser,Chenyi Zhao,NA,1649,WCM,0,1481,4.26,0.23,5.5
37,2015-10-30,Susanna Fraser,Magdalini Milhailidou,NA,1448,,0,1465,4.75,0.49,5.5
38,2015-10-31,Susanna Fraser,Neda Bojovic,NA,1284,,1,1474,5.46,0.71,6.5
39,2015-11-01,Susanna Fraser,Gohar Tamrazyan,NA,1597,,0,1465,5.75,0.29,6.5
40,2015-11-02,Susanna Fraser,Gihansa M Sarathchandra,NA,1444,,0.5,1465,6.25,0.5,7
41,2015-11-03,Susanna Fraser,Elizabeth Kublanov,NA,1514,,1,1484,6.65,0.4,8
42,2015-11-04,Susanna Fraser,Noam Portnoy,NA,1516,,0,1471,7.05,0.4,8
43,2015-11-05,Susanna Fraser,Camila Biscaya Avelino,NA,1453,,0.5,1472,7.53,0.48,8.5
44,2015-11-17,Susanna Fraser,Chris Hooper,131,1396,,0.5,1470,8.09,0.56,9
45,2015-11-21,Susanna Fraser,Stephen Bonutto,22,1326,,1,1481,8.75,0.66,10
46,2015-11-21,Susanna Fraser,Edward Donovan,88,1673,,0,1474,8.96,0.21,10
47,2015-11-22,Susanna Fraser,John Cox,55,1456,,0.5,1475,9.44,0.48,10.5
48,2015-11-22,Susanna Fraser,Kevin O'Rourke,225,1130,,1,1479,10.3,0.86,11.5
49,2015-12-01,Susanna Fraser,Peter Warden,329,1408,,1,1494,10.85,0.55,12.5
50,2015-12-05,Susanna Fraser,Aman Gogna,NA,1634,,1,1518,11.1,0.25,13.5
51,2015-12-05,Susanna Fraser,Dietah Connolly Sams,NA,1169,,1,1523,11.93,0.83,14.5
52,2015-12-06,Susanna Fraser,Bobby Doherty,NA,1522,,1,1543,12.32,0.39,15.5
1,2015-11-24,Tanya Ray,Anthony Williams,337,1082,E1,0,843,0.21,0.21,0
1,2015-06-20,Tim Kett,Oliver A Jackson,NA,2146,,0,2279,0.69,0.69,0
2,2015-06-20,Tim Kett,Sarah N Hegarty,NA,2034,,0,2266,1.51,0.82,0
3,2015-06-20,Tim Kett,Tim Hilton,NA,1962,,1,2268,2.39,0.88,1
4,2015-06-21,Tim Kett,Stephen Carr,NA,2138,,0.5,2265,3.09,0.7,1.5
5,2015-06-21,Tim Kett,Donald J Mason,NA,2242,,0,2255,3.66,0.57,1.5
6,2015-07-02,Tim Kett,Borko Lajthajm,NA,2443,GM,0,2251,3.95,0.29,1.5
7,2015-07-03,Tim Kett,Kaan Kucuksari,NA,1981,,1,2253,4.81,0.86,2.5
8,2015-07-04,Tim Kett,Lars Hjelmas,NA,2291,FM,0.5,2253,5.31,0.5,3
9,2015-07-05,Tim Kett,Bojan Todorovic,NA,2361,FM,1,2263,5.71,0.4,4
10,2015-07-06,Tim Kett,Dejan Brankovic,NA,2322,FM,0,2255,6.16,0.45,4
11,2015-07-07,Tim Kett,Annamaria Marjanovics,NA,2277,WFM,0,2247,6.68,0.52,4
12,2015-07-08,Tim Kett,Jan Verendel,NA,1964,,1,2249,7.56,0.88,5
13,2015-07-09,Tim Kett,Vuk Djordjevic,NA,2287,,0.5,2249,8.06,0.5,5.5
14,2015-07-10,Tim Kett,Zlatko Martic,NA,2299,IM,1,2257,8.55,0.49,6.5
15,2015-07-12,Tim Kett,Ben Thomas,303,2058,,0,2245,9.34,0.79,6.5
16,2015-07-13,Tim Kett,David Rovaretti,269,1598,,1,2246,10.24,0.9,7.5
17,2015-07-13,Tim Kett,Katja Stoll,NA,1854,,1,2248,11.14,0.9,8.5
18,2015-07-14,Tim Kett,Matt Staniforth,292,1959,,1,2250,12.02,0.88,9.5
19,2015-07-15,Tim Kett,Tom Brown,29,2142,,1,2254,12.72,0.7,10.5
20,2015-07-15,Tim Kett,Keith C Arkell,NA,2502,GM,0,2251,12.95,0.23,10.5
21,2015-07-16,Tim Kett,John Waterfield,NA,1976,,0.5,2245,13.82,0.87,11
22,2015-07-17,Tim Kett,Alan Young,NA,2108,,0,2233,14.56,0.74,11
23,2015-07-27,Tim Kett,Ian Kingston,NA,2114,,1,2237,15.29,0.73,12
24,2015-07-27,Tim Kett,Carl Gartside,NA,1938,,1,2239,16.18,0.89,13
25,2015-07-28,Tim Kett,Tihana Ivekovic,NA,2039,WFM,0.5,2234,16.99,0.81,13.5
26,2015-07-28,Tim Kett,Alex Freeland,102,2086,,0.5,2230,17.75,0.76,14
27,2015-07-29,Tim Kett,Jasper Tambini,NA,2170,,1,2235,18.41,0.66,15
28,2015-07-29,Tim Kett,Adrian M S Matthews,NA,1914,,1,2237,19.31,0.9,16
29,2015-07-30,Tim Kett,Phillip J Crocker,NA,2216,,0,2227,19.91,0.6,16
30,2015-07-30,Tim Kett,Samual A Walker,NA,2226,,0.5,2226,20.5,0.59,16.5
31,2015-07-31,Tim Kett,Daniel Sutton,NA,2002,,1,2228,21.35,0.85,17.5
32,2015-08-02,Tim Kett,Paul C Botham,NA,1946,,1,2231,0.84,0.84,1
33,2015-08-03,Tim Kett,David W Costelow,NA,2114,,0.5,2228,1.5,0.66,1.5
34,2015-08-04,Tim Kett,Russell G Granat,NA,2250,,0.5,2228,1.97,0.47,2
35,2015-08-05,Tim Kett,Paul Hackman,NA,2218,,1,2236,2.48,0.51,3
36,2015-08-06,Tim Kett,Mark Szymanski,NA,1922,,1,2239,3.34,0.86,4
37,2015-08-07,Tim Kett,Glen L House,NA,2330,FM,0,2233,3.7,0.36,4
38,2015-08-20,Tim Kett,Virginijus Dambrauskas,NA,2267,IM,0.5,2234,4.15,0.45,4.5
39,2015-08-28,Tim Kett,Paul Bridges,26,1917,,1,2236,5.01,0.86,5.5
40,2015-08-28,Tim Kett,David Buttell,NA,1881,,1,2238,5.9,0.89,6.5
41,2015-08-29,Tim Kett,Peter Heaven,125,2144,,1,2244,6.52,0.62,7.5
42,2015-08-30,Tim Kett,William Hewitt,NA,2131,,1,2250,7.15,0.63,8.5
43,2015-08-31,Tim Kett,Tihana Ivekovic,NA,2081,WFM,0.5,2246,7.85,0.7,9
44,2015-09-07,Tim Kett,Ernest Gibiec,NA,2194,,1,2254,8.4,0.55,10
45,2015-09-15,Tim Kett,Rhys Steele,294,2040,,1,2258,9.15,0.75,11
46,2015-09-30,Tim Kett,Walter Braun,25,2244,FM,1,2266,9.63,0.48,12
47,2015-10-06,Tim Kett,Joe Fathallah,96,2059,,1,2270,10.35,0.72,13
48,2015-10-09,Tim Kett,Andrew Trickey,313,1641,,1,2272,11.25,0.9,14
49,2015-10-10,Tim Kett,David Buttell,NA,1881,,1,2274,12.14,0.89,15
50,2015-10-10,Tim Kett,Alan Young,NA,2108,,0.5,2271,12.8,0.66,15.5
51,2015-10-11,Tim Kett,Walter Braun,25,2244,FM,0,2264,13.28,0.48,15.5
52,2015-10-11,Tim Kett,Joe Fathallah,96,2059,,1,2268,14,0.72,16.5
53,2015-10-13,Tim Kett,Matthew Wilson,345,1802,,1,2270,14.9,0.9,17.5
54,2015-10-21,Tim Kett,Tom Brown,29,2142,,1,2276,15.52,0.62,18.5
55,2015-10-26,Tim Kett,David Perrett,239,1945,,1,2278,16.36,0.84,19.5
56,2015-11-03,Tim Kett,James Thomas,304,2007,,1,2282,17.14,0.78,20.5
57,2015-11-12,Tim Kett,Mark Adams,NA,1989,,1,2284,0.85,0.85,1
58,2015-11-19,Tim Kett,Dai James,147,1979,,1,2287,1.71,0.86,2
59,2015-11-24,Tim Kett,Matthew Parry,231,1990,,1,2289,2.56,0.85,3
60,2015-11-29,Tim Kett,Matthew Davies,NA,2017,,1,2292,3.39,0.83,4
61,2015-11-30,Tim Kett,David Robinson,267,1955,,1,2294,4.27,0.88,5
62,2015-12-12,Tim Kett,Chris Fox,99,1868,,1,2295,5.17,0.9,6
63,2015-12-15,Tim Kett,Ioan Rees,257,2286,FM,0,2287,5.66,0.49,6
1,2015-07-12,Tom Brown,Roy Thomas,305,1697,,1,2144,0.9,0.9,1
2,2015-07-13,Tom Brown,Boris Chatalbashev,NA,2516,GM,0,2142,1,0.1,1
3,2015-07-13,Tom Brown,Rhys Bennett,NA,1995,,1,2147,1.7,0.7,2
4,2015-07-14,Tom Brown,Robert Taylor,NA,1989,,1,2151,2.41,0.71,3
5,2015-07-15,Tom Brown,Tim Kett,170,2290,,0,2147,2.71,0.3,3
6,2015-07-15,Tom Brown,Alex Bullen,31,2104,,0.5,2146,3.26,0.55,3.5
7,2015-07-16,Tom Brown,Nigel Ralphs,251,2059,,0.5,2144,3.88,0.62,4
8,2015-07-29,Tom Brown,Juan Rodriguez,268,2013,,1,2149,4.56,0.68,5
9,2015-08-05,Tom Brown,Joe Fathallah,96,2059,,1,2155,5.18,0.62,6
10,2015-08-20,Tom Brown,Dmitrijus Chocenka,NA,2221,FM,0.5,2157,5.57,0.39,6.5
11,2015-08-28,Tom Brown,David Buttell,NA,1881,,0,2144,6.39,0.82,6.5
12,2015-08-28,Tom Brown,Barry Whitelaw,NA,1746,,0.5,2137,7.29,0.9,7
13,2015-08-29,Tom Brown,Benjamin Choo Yin,42,1866,,1,2140,8.13,0.84,8
14,2015-08-30,Tom Brown,Max French,NA,1938,,1,2144,8.89,0.76,9
15,2015-08-31,Tom Brown,Edward Donovan,88,1673,,1,2145,9.79,0.9,10
16,2015-09-16,Tom Brown,Walter Braun,25,2244,FM,0,2140,10.15,0.36,10
17,2015-09-30,Tom Brown,Peter Ehsandar,92,2038,,0.5,2137,10.79,0.64,10.5
18,2015-10-21,Tom Brown,Tim Kett,170,2228,,0,2131,11.17,0.38,10.5
19,2015-10-26,Tom Brown,Kevin Gandy,103,1640,,1,2133,12.07,0.9,11.5
20,2015-11-01,Tom Brown,Lee Davis,77,2112,,1,2140,12.61,0.54,12.5
21,2015-11-14,Tom Brown,Ben P Edgell,NA,2242,,0,2134,12.97,0.36,12.5
22,2015-11-15,Tom Brown,Hubert Mossong,NA,2202,,1,2144,13.39,0.42,13.5
23,2015-11-16,Tom Brown,Justin Morgans,213,1655,,1,2145,14.29,0.9,14.5
24,2015-11-25,Tom Brown,David Robinson,267,1955,,1,2149,15.04,0.75,15.5
25,2015-11-29,Tom Brown,Howard Williams,NA,2346,FM,0.5,2154,15.28,0.24,16
26,2015-11-30,Tom Brown,Ioan Rees,257,2286,FM,0,2149,0.32,0.32,0
27,2015-12-16,Tom Brown,Russell Dodington,87,1778,,0.5,2142,1.22,0.9,0.5
1,2015-11-30,Tom Davies,Aaron Roberts,NA,850,G1,0,834,0.5,0.5,0
2,2015-12-14,Tom Davies,Oliver Sapsford,NA,850,G1,0,818,1,0.5,0
3,2015-12-14,Tom Davies,Evie Hurn,141,850,E1,0,802,1.5,0.5,0
1,2015-09-16,Tom Stanton,Anlan Qiu,249,1448,E1,0,947,0.1,0.1,0
2,2015-09-29,Tom Stanton,Cian Grattidge,113,1060,E1,1,968,0.45,0.35,1
3,2015-10-20,Tom Stanton,Madeleine Davis,78,850,E1,0,947,1.09,0.64,1
4,2015-11-10,Tom Stanton,Connor Evans,94,850,E1,1,959,1.73,0.64,2
5,2015-11-10,Tom Stanton,Aviral Batra,14,986,E1,0,944,2.18,0.45,2
6,2015-11-17,Tom Stanton,Henry Nicholls,223,850,E1,1,956,2.82,0.64,3
7,2015-12-08,Tom Stanton,Ritika Khot,171,1013,E1,0.5,959,3.23,0.41,3.5
8,2015-12-15,Tom Stanton,Dafydd Richards,260,850,E1,1,970,3.87,0.64,4.5
1,2015-09-14,Tony Gutteridge,Mike Joslin,161,1376,E1,0.5,1550,0.74,0.74,0.5
2,2015-09-21,Tony Gutteridge,Raj Govindaraj,111,1352,E1,0.5,1542,1.51,0.77,1
3,2015-10-05,Tony Gutteridge,Mike McLoughlin,207,1341,E1,0.5,1533,2.29,0.78,1.5
4,2015-10-12,Tony Gutteridge,Mike Maguire,194,1672,E1,0.5,1538,2.63,0.34,2
5,2015-11-02,Tony Gutteridge,Roger Phillips,242,1520,E1,0.5,1536,3.18,0.55,2.5
6,2015-11-03,Tony Gutteridge,Mark Janas,150,1745,E1,0,1528,3.43,0.25,2.5
7,2015-11-09,Tony Gutteridge,Andrew Di-Vetta,84,1641,E1,0,1516,3.81,0.38,2.5
8,2015-11-23,Tony Gutteridge,Hanni Youssef,350,1514,E1,1,1530,4.37,0.56,3.5
9,2015-11-29,Tony Gutteridge,Stephen Lambourne,174,1531,E1,0,1513,4.91,0.54,3.5
10,2015-12-07,Tony Gutteridge,Hanni Youssef,350,1514,E1,1,1527,5.47,0.56,4.5
11,2015-12-14,Tony Gutteridge,Edward Mason,199,1425,E1,1,1537,6.15,0.68,5.5
12,2015-12-15,Tony Gutteridge,Nessie Georgion,104,1497,E1,1,1550,6.74,0.59,6.5
1,2015-07-11,Vaseekaran Sivarajasingam,Bob Hurn,140,1687,E1,1,1587,0.33,0.33,1
2,2015-09-02,Vaseekaran Sivarajasingam,Cyril Ley,182,1674,E1,0.5,1592,0.68,0.35,1.5
3,2015-09-17,Vaseekaran Sivarajasingam,Jeff Rowland,270,1701,E1,0,1582,1,0.32,1.5
4,2015-10-07,Vaseekaran Sivarajasingam,Gavin Williams,338,1692,E1,0,1571,1.33,0.33,1.5
5,2015-10-14,Vaseekaran Sivarajasingam,Conor Hunt,139,1687,E1,0.5,1577,1.66,0.33,2
6,2015-11-25,Vaseekaran Sivarajasingam,Alun Howell,132,1703,E1,0,1567,1.97,0.31,2
1,2015-07-11,Venetia Sivarajasingam,Mark A Whitehead,NA,2026,,0,1741,0.16,0.16,0
2,2015-07-11,Venetia Sivarajasingam,Ben Thomas,303,2058,,0,1738,0.29,0.13,0
3,2015-07-12,Venetia Sivarajasingam,Katja Stoll,NA,1854,,0,1730,0.64,0.35,0
4,2015-07-13,Venetia Sivarajasingam,Brian GE Gosling,NA,1882,,0,1722,0.95,0.31,0
5,2015-07-16,Venetia Sivarajasingam,Allyson James,NA,996,,1,1725,1.85,0.9,1
6,2015-07-17,Venetia Sivarajasingam,Ethan Chung,48,1128,,1,1727,2.75,0.9,2
7,2015-07-20,Venetia Sivarajasingam,Danny Dwyer,NA,1536,,1,1733,3.52,0.77,3
8,2015-07-20,Venetia Sivarajasingam,Omeet Atara,NA,1778,,0.5,1734,3.97,0.45,3.5
9,2015-07-21,Venetia Sivarajasingam,Ben Volland,NA,1578,,1,1740,4.69,0.72,4.5
10,2015-07-21,Venetia Sivarajasingam,Omeet Atara,NA,1778,,1,1754,5.14,0.45,5.5
11,2015-07-22,Venetia Sivarajasingam,Danny Dwyer,NA,1536,,1,1759,5.91,0.77,6.5
12,2015-07-22,Venetia Sivarajasingam,Ben Volland,NA,1578,,0,1742,6.63,0.72,6.5
13,2015-07-27,Venetia Sivarajasingam,Charlie P Metcalfe,NA,1402,,1,1745,7.52,0.89,7.5
14,2015-07-28,Venetia Sivarajasingam,Susie Wang,NA,1610,,1,1752,8.2,0.68,8.5
15,2015-07-29,Venetia Sivarajasingam,Ranesh Ratnesan,NA,1850,,0,1744,8.56,0.36,8.5
16,2015-07-29,Venetia Sivarajasingam,Chirag Hosdurga,NA,1578,,0,1726,9.28,0.72,8.5
17,2015-07-30,Venetia Sivarajasingam,Hiya Ray,255,1309,,0.5,1717,10.18,0.9,9
18,2015-07-31,Venetia Sivarajasingam,Rapheal Balouka-Myers,NA,1410,,1,1720,11.06,0.88,10
19,2015-08-01,Venetia Sivarajasingam,Rajeiv Ratnesan,NA,1578,,0.5,1714,11.78,0.72,10.5
20,2015-08-02,Venetia Sivarajasingam,Radha Ratnesan,NA,1194,,1,1717,12.68,0.9,11.5
21,2015-08-02,Venetia Sivarajasingam,Toby Balouka-Myers,NA,1442,,1,1720,13.54,0.86,12.5
22,2015-08-03,Venetia Sivarajasingam,Easwar Dhruv,NA,1242,,1,1722,14.44,0.9,13.5
23,2015-08-04,Venetia Sivarajasingam,Arjun Kolani,NA,1578,,1,1729,15.16,0.72,14.5
24,2015-08-05,Venetia Sivarajasingam,Savin Dias,NA,1586,,1,1736,15.87,0.71,15.5
25,2015-08-06,Venetia Sivarajasingam,Tristian See,NA,1818,,1,1751,16.27,0.4,16.5
26,2015-08-07,Venetia Sivarajasingam,Robert Akeya-Price,NA,1682,,1,1760,16.86,0.59,17.5
27,2015-08-28,Venetia Sivarajasingam,Louis Jouault,NA,1921,,1,1777,0.28,0.28,1
28,2015-08-28,Venetia Sivarajasingam,Paul Hatchett,NA,2061,,0.5,1786,0.42,0.14,1.5
29,2015-08-29,Venetia Sivarajasingam,Tihana Ivekovic,NA,2081,WFM,0,1783,0.55,0.13,1.5
30,2015-08-30,Venetia Sivarajasingam,Alex Bullen,31,2141,,0,1780,0.65,0.1,1.5
31,2015-08-30,Venetia Sivarajasingam,Stephen Horrell,NA,1698,,1,1790,1.24,0.59,2.5
32,2015-08-31,Venetia Sivarajasingam,Adam May,NA,1975,,0,1785,1.46,0.22,2.5
33,2015-09-02,Venetia Sivarajasingam,John McGregor,205,1855,,0.5,1788,1.83,0.37,3
34,2015-09-17,Venetia Sivarajasingam,Mike Edwards,91,1821,,0.5,1790,2.24,0.41,3.5
35,2015-10-07,Venetia Sivarajasingam,Mark Janas,150,1745,,0,1778,2.76,0.52,3.5
36,2015-10-09,Venetia Sivarajasingam,Thomas Nicholas Evans,NA,2016,,0,1773,2.94,0.18,3.5
37,2015-10-10,Venetia Sivarajasingam,Timothy Soar,NA,1541,,0,1755,3.72,0.78,3.5
38,2015-10-10,Venetia Sivarajasingam,Stephen Bonutto,22,1193,,1,1757,4.62,0.9,4.5
39,2015-10-11,Venetia Sivarajasingam,James Evans,NA,1739,,0.5,1756,5.15,0.53,5
40,2015-10-11,Venetia Sivarajasingam,Kevin O'Rourke,225,1130,,1,1759,6.05,0.9,6
41,2015-10-14,Venetia Sivarajasingam,Keith Thompson,308,1900,,0,1751,6.36,0.31,6
42,2015-10-17,Venetia Sivarajasingam,Graham Cole,NA,1898,,0,1744,6.67,0.31,6
43,2015-10-17,Venetia Sivarajasingam,Alan Papier,NA,1858,,1,1759,7.03,0.36,7
44,2015-10-17,Venetia Sivarajasingam,Alan E Gentry,NA,1922,,0,1753,7.31,0.28,7
45,2015-10-18,Venetia Sivarajasingam,Cole James,NA,1994,,0.5,1760,7.51,0.2,7.5
46,2015-10-18,Venetia Sivarajasingam,Elizaveta Sheremetyeva,NA,1778,,0,1748,7.98,0.47,7.5
47,2015-10-26,Venetia Sivarajasingam,Aikaterini Kartsidima,NA,1162,,0,1727,8.88,0.9,7.5
48,2015-10-27,Venetia Sivarajasingam,Gabriella Claassen,NA,1359,,1,1729,9.78,0.9,8.5
49,2015-10-28,Venetia Sivarajasingam,Hazel Mudodo Refiloe,NA,1301,,1,1732,10.68,0.9,9.5
50,2015-10-29,Venetia Sivarajasingam,Alla Kastanieda,NA,1388,,1,1734,11.58,0.9,10.5
51,2015-10-30,Venetia Sivarajasingam,Ashivini Pavalachandran,NA,1252,,1,1736,12.48,0.9,11.5
52,2015-10-31,Venetia Sivarajasingam,Diana Lomaia,NA,1498,,0,1717,13.3,0.82,11.5
53,2015-11-01,Venetia Sivarajasingam,Nhu Anh Nguyen,NA,1462,WFM,1,1720,14.15,0.85,12.5
54,2015-11-02,Venetia Sivarajasingam,Meruert Kamalidenova,NA,1720,WFM,0,1707,14.71,0.56,12.5
55,2015-11-03,Venetia Sivarajasingam,Elif Keskin,NA,1411,WFM,0,1686,15.6,0.89,12.5
56,2015-11-04,Venetia Sivarajasingam,Azaliia Mirlankyzy,NA,1345,,1,1688,16.5,0.9,13.5
57,2015-11-05,Venetia Sivarajasingam,Siyu Long,NA,1474,,0,1668,17.34,0.84,13.5
58,2015-11-21,Venetia Sivarajasingam,Bob Moore,NA,1978,,0,1663,17.56,0.22,13.5
59,2015-11-21,Venetia Sivarajasingam,Dave Turner,NA,2015,,1,1682,17.74,0.18,14.5
60,2015-11-22,Venetia Sivarajasingam,Andrew Gibbons,NA,2027,,0,1678,17.91,0.17,14.5
61,2015-11-22,Venetia Sivarajasingam,Adam May,NA,1975,,0,1673,18.13,0.22,14.5
62,2015-11-25,Venetia Sivarajasingam,Rod Gough,109,1808,,1,1689,0.32,0.32,1
63,2015-11-29,Venetia Sivarajasingam,Martin Jones,NA,1722,,1,1703,0.75,0.43,2
1,2015-09-01,Vince Williams,Mark Jones,158,1664,E1,1,1731,0.58,0.58,1
2,2015-09-29,Vince Williams,Mark Jones,158,1664,E1,0,1717,1.16,0.58,1
3,2015-10-20,Vince Williams,Gavin JONES,155,1677,E1,0.5,1716,1.72,0.56,1.5
4,2015-10-27,Vince Williams,Peter Watkins,331,1424,E1,0.5,1707,2.57,0.85,2
1,2015-09-07,Viv Martin,Chris Hooper,131,1396,E1,0.5,1610,0.78,0.78,0.5
2,2015-09-21,Viv Martin,Phil Jones,159,1343,E1,1,1614,1.61,0.83,1.5
3,2015-10-19,Viv Martin,Rob Large,175,1382,E1,0.5,1607,2.41,0.8,2
4,2015-10-22,Viv Martin,Clive Crowley,58,1480,E1,1,1615,3.1,0.69,3
5,2015-11-09,Viv Martin,Gavin Williams,338,1692,E1,1,1629,3.5,0.4,4
6,2015-12-07,Viv Martin,Bob Hurn,140,1657,E3,0.5,1630,3.94,0.44,4.5
1,2015-07-11,Walter Braun,Owen Bennett,NA,1880,,1,2246,0.9,0.9,1
2,2015-07-12,Walter Braun,John Waterfield,NA,1976,,1,2248,1.73,0.83,2
3,2015-07-13,Walter Braun,Alexander Hernandez Jimenez,NA,2285,FM,0,2241,2.17,0.44,2
4,2015-07-13,Walter Braun,Ben Thomas,303,2058,,1,2245,2.91,0.74,3
5,2015-07-14,Walter Braun,Keith C Arkell,NA,2502,GM,0,2243,3.09,0.18,3
6,2015-07-15,Walter Braun,Mark A Whitehead,NA,2026,,1,2246,3.87,0.78,4
7,2015-07-15,Walter Braun,Tihana Ivekovic,NA,2039,WFM,0.5,2242,4.64,0.77,4.5
8,2015-07-16,Walter Braun,Joe Fathallah,96,2059,,1,2246,5.38,0.74,5.5
9,2015-07-17,Walter Braun,Jesper Morch Lauridsen,NA,2316,FM,0,2240,5.78,0.4,5.5
10,2015-08-05,Walter Braun,Juan Rodriguez,268,2013,,0.5,2235,6.57,0.79,6
11,2015-09-02,Walter Braun,Alex Bullen,31,2141,,0,2225,7.21,0.64,6
12,2015-09-16,Walter Braun,Tom Brown,29,2142,,1,2230,7.85,0.64,7
13,2015-09-30,Walter Braun,Tim Kett,170,2228,,0,2222,8.37,0.52,7
14,2015-10-05,Walter Braun,Rhys Steele,294,2040,,0,2210,9.13,0.76,7
15,2015-10-09,Walter Braun,Roy Thomas,305,1772,,1,2212,10.03,0.9,8
16,2015-10-10,Walter Braun,Adam May,NA,1975,,1,2214,10.86,0.83,9
17,2015-10-10,Walter Braun,Stephen Williams,NA,1790,,1,2216,11.76,0.9,10
18,2015-10-11,Walter Braun,Tim Kett,170,2228,,1,2224,12.28,0.52,11
19,2015-10-11,Walter Braun,Nigel Ralphs,251,2059,,0,2212,13.02,0.74,11
20,2015-10-21,Walter Braun,Damon Davies,65,1785,,1,2213,13.92,0.9,12
21,2015-10-28,Walter Braun,Joe Fathallah,96,2046,,0.5,2209,14.68,0.76,12.5
22,2015-11-02,Walter Braun,Ioan Rees,257,2286,FM,1,2218,15.12,0.44,13.5
23,2015-11-11,Walter Braun,Robert Taylor,NA,1976,,1,2221,15.95,0.83,14.5
24,2015-11-23,Walter Braun,Matthew Parry,231,1990,,0,2208,16.77,0.82,14.5
25,2015-12-16,Walter Braun,Roy thomas,305,1772,,1,2209,17.67,0.9,15.5
1,2015-09-01,Wayne James,Liam Penny,238,1603,E1,1,1453,0.27,0.27,1
2,2015-09-03,Wayne James,Roger Phillips,242,1520,E1,1,1473,0.65,0.38,2
3,2015-09-15,Wayne James,Ian Gerbex,105,1200,E1,1,1480,1.44,0.79,3
4,2015-09-29,Wayne James,Nessie Georgion,104,1497,E1,0,1467,1.85,0.41,3
5,2015-10-07,Wayne James,Gavin Jones,155,1677,E1,0,1461,2.04,0.19,3
6,2015-10-14,Wayne James,Roy Purnell,247,1194,E1,1,1467,2.84,0.8,4
7,2015-10-15,Wayne James,John Callan,34,1307,E1,1,1478,3.51,0.67,5
8,2015-10-19,Wayne James,David Roberts,264,1445,E1,1,1494,3.99,0.48,6
9,2015-10-28,Wayne James,Egor Muljarov,219,1543,E1,0.5,1499,4.33,0.34,6.5
10,2015-11-09,Wayne James,Maurice Barnett,12,1104,E1,0.5,1487,5.21,0.88,7
11,2015-11-30,Wayne James,Phil Jones,159,1343,E1,0.5,1483,5.83,0.62,7.5
12,2015-12-07,Wayne James,Justin Morgans,213,1655,E1,0,1477,6.04,0.21,7.5
1,2015-09-02,Will Harwood,Edward Donovan,88,1673,E1,1,1744,0.59,0.59,1
2,2015-09-16,Will Harwood,Steve Herkes,127,1547,E1,0.5,1738,1.34,0.75,1.5
3,2015-09-21,Will Harwood,Peter Watkins,331,1424,E1,1,1741,2.2,0.86,2.5
4,2015-10-12,Will Harwood,James Thomas,304,2007,E1,0,1737,2.37,0.17,2.5
5,2015-10-22,Will Harwood,Paul Bridges,26,1892,E2,0,1730,2.66,0.29,2.5
6,2015-10-26,Will Harwood,Michael Arribas-Ayllon,8,1764,E1,1,1743,3.12,0.46,3.5
7,2015-11-02,Will Harwood,Paul Wallace,324,1393,E1,0.5,1734,4.01,0.89,4
8,2015-11-03,Will Harwood,Peter Ballantyne,11,1641,E1,0,1719,4.64,0.63,4
9,2015-11-16,Will Harwood,David Roberts,264,1445,E1,0,1698,5.49,0.85,4
10,2015-11-24,Will Harwood,Neya Govindaraj,110,1373,E2,1,1701,6.39,0.9,5
11,2015-12-01,Will Harwood,Mark Janas,150,1745,E1,0.5,1701,6.87,0.48,5.5
