GameNo,Date,Player1,Player2,OppKey,OppRating_Display,RatingType,Result,New,Tot,Exp,Pts
1,2015-01-03,Aishwarya Lutchman Singh,Kam Choo Yin,42,1608,E1,0,1387,0.22,0.22,0
2,2015-01-03,Aishwarya Lutchman Singh,Edward Mason,177,1502,E1,0.5,1392,0.57,0.35,0.5
3,2015-01-04,Aishwarya Lutchman Singh,Robert M Ashworth,NA,1834,ECF,0,1389,0.67,0.1,0.5
4,2015-01-04,Aishwarya Lutchman Singh,Simon Blackmore,19,1760,E1,0,1385,0.77,0.1,0.5
5,2015-01-12,Aishwarya Lutchman Singh,Justin Morgans,189,1694,E1,0.5,1397,0.91,0.14,1
6,2015-01-26,Aishwarya Lutchman Singh,Cyril Ley,160,1611,E1,0,1390,1.13,0.22,1
7,2015-01-30,Aishwarya Lutchman Singh,Chirag Guha,103,1731,E1,0,1386,1.25,0.12,1
8,2015-01-31,Aishwarya Lutchman Singh,James Evans,NA,1667,W1,1,1413,1.42,0.17,2
9,2015-02-01,Aishwarya Lutchman Singh,Karanvir Lutchman Singh,167,1714,E1,1,1440,1.55,0.13,3
10,2015-02-01,Aishwarya Lutchman Singh,Nicholas Evans,NA,1995,W1,0,1437,1.65,0.1,3
11,2015-03-07,Aishwarya Lutchman Singh,Matthew Beresford,NA,850,W1,1,1440,2.55,0.9,4
12,2015-03-07,Aishwarya Lutchman Singh,Duncan MacDonald,170,1232,E1,0,1417,3.27,0.72,4
13,2015-03-07,Aishwarya Lutchman Singh,Susanna Fraser,86,1358,E1,1,1432,3.82,0.55,5
14,2015-03-08,Aishwarya Lutchman Singh,Dafydd Lee,NA,952,N1,1,1435,4.72,0.9,6
15,2015-03-08,Aishwarya Lutchman Singh,Chirag Guha,103,1755,E2,0,1432,4.82,0.1,6
16,2015-03-08,Aishwarya Lutchman Singh,Jack Warner,NA,900,G1,1,1435,5.72,0.9,7
17,2015-03-10,Aishwarya Lutchman Singh,Anlan Qiu,222,1326,E1,1,1448,6.32,0.6,8
18,2015-03-21,Aishwarya Lutchman Singh,Jack Barry,NA,900,G1,1,1451,7.22,0.9,9
19,2015-03-21,Aishwarya Lutchman Singh,Benjamin Choo Yin,40,1797,E1,1,1480,7.32,0.1,10
20,2015-03-21,Aishwarya Lutchman Singh,Arjan Bolina,NA,1693,N1,0,1475,7.47,0.15,10
21,2015-03-22,Aishwarya Lutchman Singh,Anlan Qiu,222,1326,E1,1,1488,8.07,0.6,11
22,2015-03-22,Aishwarya Lutchman Singh,Shayanna Sivarajasingam,248,1711,E2,0.5,1500,8.2,0.13,11.5
23,2015-03-22,Aishwarya Lutchman Singh,George Smith,NA,1188,G1,1,1507,8.97,0.77,12.5
24,2015-03-23,Aishwarya Lutchman Singh,Bill Harle,107,1744,E1,0,1503,9.08,0.11,12.5
25,2015-03-25,Aishwarya Lutchman Singh,Hiya Ray,228,1339,E2,1,1517,9.66,0.58,13.5
26,2015-03-30,Aishwarya Lutchman Singh,john cox,52,1315,E1,1,1525,0.76,0.76,1
27,2015-04-03,Aishwarya Lutchman Singh,Chris Fox,85,1901,E1,0.5,1537,0.86,0.1,1.5
28,2015-04-03,Aishwarya Lutchman Singh,Hugh Price,218,1576,E1,0.5,1540,1.28,0.42,2
29,2015-04-04,Aishwarya Lutchman Singh,Ken Hannah,106,1759,E1,1,1566,1.48,0.2,3
30,2015-04-04,Aishwarya Lutchman Singh,Rob Dineen,71,1899,E1,0.5,1578,1.58,0.1,3.5
31,2015-04-06,Aishwarya Lutchman Singh,Tom Goildrick,NA,1858,ECF,0,1575,1.69,0.11,3.5
32,2015-04-06,Aishwarya Lutchman Singh,Guy Wagner,292,1836,E1,0,1571,1.82,0.13,3.5
33,2015-04-27,Aishwarya Lutchman Singh,Conor Hunt,122,1700,E1,0,1562,2.08,0.26,3.5
34,2015-04-29,Aishwarya Lutchman Singh,Anna Boyle,NA,978,G1,1,1566,2.98,0.9,4.5
1,2015-01-13,Akshara Nagaruru,Aviral Batra,14,936,E1,0,838,0.38,0.38,0
2,2015-01-13,Akshara Nagaruru,Tom Stanton,263,994,E1,1,860,0.69,0.31,1
3,2015-02-03,Akshara Nagaruru,Rohan Oruganti,201,850,E1,0,844,1.19,0.5,1
4,2015-02-03,Akshara Nagaruru,Hiya Ray,228,1271,E1,0,841,1.29,0.1,1
5,2015-02-03,Akshara Nagaruru,Daniel Jaberansari,127,970,E1,0,830,1.63,0.34,1
6,2015-02-09,Akshara Nagaruru,Chris Kavanagh,146,1224,E1,0,827,1.73,0.1,1
7,2015-02-10,Akshara Nagaruru,Cian Grattidge,98,945,E1,0,815,2.1,0.37,1
8,2015-02-24,Akshara Nagaruru,Dafydd Chapman,36,850,E1,0,799,2.6,0.5,1
9,2015-03-02,Akshara Nagaruru,Ellison Smith,257,850,E1,0,783,3.1,0.5,1
10,2015-03-07,Akshara Nagaruru,Rishi Paul,207,876,E1,1,800,3.56,0.46,2
11,2015-03-07,Akshara Nagaruru,Llion Morris,NA,850,N1,1,816,4.06,0.5,3
12,2015-03-07,Akshara Nagaruru,Dylan Meek,NA,1100,G1,0,810,4.25,0.19,3
13,2015-03-08,Akshara Nagaruru,William Latheron,NA,850,G1,1,826,4.75,0.5,4
14,2015-03-08,Akshara Nagaruru,Woody Shaw,NA,1063,G1,1,851,4.98,0.23,5
15,2015-03-08,Akshara Nagaruru,Samuel Cook,NA,900,G1,1,869,5.41,0.43,6
16,2015-03-10,Akshara Nagaruru,Ethan Chung,46,1071,E1,0,862,5.63,0.22,6
17,2015-03-24,Akshara Nagaruru,John Pearce,209,931,E1,0.5,865,6.02,0.39,6.5
18,2015-04-20,Akshara Nagaruru,Jim Davies,61,1186,E1,0,862,6.14,0.12,6.5
19,2015-04-22,Akshara Nagaruru,Ian Burrows,32,1205,E1,0,858,6.24,0.1,6.5
20,2015-04-29,Akshara Nagaruru,Jim Davies,61,1186,E1,0,854,6.36,0.12,6.5
21,2015-05-13,Akshara Nagaruru,Cian Grattidge,98,945,E1,0,843,6.73,0.37,6.5
22,2015-05-19,Akshara Nagaruru,Jerin Joseph,141,861,E1,0,827,7.21,0.48,6.5
1,2015-03-09,Alan MacDonald,Richard Godfrey,92,1169,E1,0,846,0.13,0.13,0
2,2015-03-22,Alan MacDonald,Nessie Georgion,90,1513,E1,0,843,0.23,0.1,0
1,2015-01-10,Alan Spice,Michael Rabbitt,NA,2066,ECF,0.5,2050,0.48,0.48,0.5
2,2015-01-11,Alan Spice,J Stuart Robertson,NA,2194,ECF,0.5,2053,0.79,0.31,1
3,2015-01-14,Alan Spice,David Rovaretti,240,1648,E1,1,2055,1.69,0.9,2
4,2015-01-18,Alan Spice,Nicholas Evans,NA,1995,W1,0.5,2054,2.27,0.58,2.5
5,2015-01-21,Alan Spice,Chris Fox,85,1901,E1,1,2058,2.97,0.7,3.5
6,2015-01-28,Alan Spice,Bill Hunt,121,1838,E1,1,2062,3.74,0.77,4.5
7,2015-02-11,Alan Spice,Matthew Davies,NA,2019,W1,0,2054,4.28,0.54,4.5
8,2015-02-23,Alan Spice,Ben Thomas,273,1875,E1,0,2042,5.01,0.73,4.5
9,2015-03-15,Alan Spice,Craig Woolcock,315,1960,E2,0.5,2040,5.63,0.62,5
10,2015-03-25,Alan Spice,Rod Gough,94,1820,E1,0.5,2035,6.42,0.79,5.5
11,2015-03-30,Alan Spice,Matthew Parry,204,1962,E1,1,2041,7.04,0.62,6.5
12,2015-05-04,Alan Spice,Simon Richardson,233,1734,E1,1,2043,7.91,0.87,7.5
1,2015-01-20,Alan Williams,Damon Davies,59,1766,E1,0.5,1632,0.31,0.31,0.5
2,2015-01-27,Alan Williams,Keith Thompson,278,1851,E1,0,1627,0.52,0.21,0.5
3,2015-02-10,Alan Williams,Chris Daniel,NA,1719,W1,0.5,1630,0.89,0.37,1
4,2015-02-12,Alan Williams,Roy Thomas,275,1790,E1,1,1647,1.17,0.28,2
5,2015-02-16,Alan Williams,Alun Howell,116,1751,E1,1,1663,1.5,0.33,3
6,2015-02-17,Alan Williams,Andrew Gibbons,NA,1983,W1,0,1661,1.6,0.1,3
7,2015-02-25,Alan Williams,Roger Jenkins,133,1535,E1,0,1645,2.23,0.63,3
8,2015-02-26,Alan Williams,Jeff Rowland,241,1701,E1,0.5,1648,2.63,0.4,3.5
9,2015-03-10,Alan Williams,Alan Williams,305,1627,E1,0,1636,3.13,0.5,3.5
10,2015-03-10,Alan Williams,Alan Williams,305,1627,E1,1,1648,3.63,0.5,4.5
11,2015-03-17,Alan Williams,Mike Servini,244,1603,E1,1,1659,4.16,0.53,5.5
12,2015-03-24,Alan Williams,Ethan Chung,46,1071,E1,0.5,1650,5.06,0.9,6
13,2015-05-11,Alan Williams,Cyril Ley,160,1611,E1,0.5,1649,5.58,0.52,6.5
1,2015-01-10,Alex Bullen,Michael PF Singleton,NA,2018,,0,2164,0.71,0.71,0
2,2015-01-11,Alex Bullen,Peter Jaszkiwskyj,NA,2002,,0,2152,1.44,0.73,0
3,2015-01-19,Alex Bullen,John E Syner,NA,2053,,0.5,2149,2.11,0.67,0.5
4,2015-01-26,Alex Bullen,Gerald S Pierce,NA,1818,,1,2151,3.01,0.9,1.5
5,2015-01-30,Alex Bullen,Vaness Reid,NA,1863,,1,2153,3.88,0.87,2.5
6,2015-01-31,Alex Bullen,Dave R Lewis,157,1937,,0.5,2148,4.68,0.8,3
7,2015-01-31,Alex Bullen,Dave Turner,NA,1932,,0,2135,5.48,0.8,3
8,2015-02-01,Alex Bullen,Neil Stuart,267,1799,,1,2137,6.38,0.9,4
9,2015-02-01,Alex Bullen,Hywel Griffiths,NA,1829,,1,2139,7.27,0.89,5
10,2015-02-04,Alex Bullen,David C Ross snr,NA,1730,,1,2140,8.17,0.9,6
11,2015-02-14,Alex Bullen,Keith R Ingram,NA,1970,,0.5,2136,8.94,0.77,6.5
12,2015-02-15,Alex Bullen,James C Mansson,NA,2042,,0.5,2133,9.62,0.68,7
13,2015-02-16,Alex Bullen,Roger D de Coverly,NA,2170,,0.5,2133,10.13,0.51,7.5
14,2015-02-23,Alex Bullen,Simon P Finn,NA,2178,,1,2141,10.63,0.5,8.5
15,2015-03-13,Alex Bullen,Nicholas Fallowfield,NA,2018,,1,2146,11.34,0.71,9.5
16,2015-03-14,Alex Bullen,Raymond J Ilett,NA,2018,,1,2150,12.05,0.71,10.5
17,2015-03-14,Alex Bullen,Adam Bukojemski,NA,2234,,0.5,2151,12.47,0.42,11
18,2015-03-14,Alex Bullen,Dominic Gibbs,NA,2058,,0.5,2149,13.13,0.66,11.5
19,2015-03-15,Alex Bullen,Perry M Walker,NA,2114,,1,2155,13.72,0.59,12.5
20,2015-03-15,Alex Bullen,Paul Barker,NA,1882,,1,2158,14.57,0.85,13.5
21,2015-03-21,Alex Bullen,Ian Henderson,NA,2162,,0,2150,15.09,0.52,13.5
22,2015-03-22,Alex Bullen,Kevin Wilson,NA,1922,,1,2153,15.9,0.81,14.5
23,2015-03-23,Alex Bullen,Narinder Singh,NA,1866,,1,2155,16.76,0.86,15.5
24,2015-03-30,Alex Bullen,Matthew Davies,NA,2019,,1,2159,17.47,0.71,16.5
25,2015-04-01,Alex Bullen,Tim Kett,151,2313,,0.5,2163,17.78,0.31,17
26,2015-04-03,Alex Bullen,Dave R Lewis,157,1937,,0.5,2158,0.79,0.79,0.5
27,2015-04-03,Alex Bullen,Lynda Roberts,NA,1913,,1,2161,1.6,0.81,1.5
28,2015-04-04,Alex Bullen,Allan J Pleasants,NA,2214,,0,2155,2.03,0.43,1.5
29,2015-04-04,Alex Bullen,Paul Bridges,26,1923,,1,2158,2.83,0.8,2.5
30,2015-04-05,Alex Bullen,Peter Bevan,NA,2045,,0,2147,3.49,0.66,2.5
31,2015-04-06,Alex Bullen,David Jameson,NA,2085,,0,2137,4.1,0.61,2.5
32,2015-04-06,Alex Bullen,David Guy,NA,1879,,0.5,2132,4.94,0.84,3
33,2015-04-08,Alex Bullen,Walter Braun,25,2236,FM,0,2126,5.34,0.4,3
34,2015-04-13,Alex Bullen,Duglas Spencer,NA,1985,,0,2114,6.08,0.74,3
35,2015-04-15,Alex Bullen,John Trevelyan,282,2114,,0,2105,6.65,0.57,3
36,2015-04-25,Alex Bullen,Raymond J Starkie,NA,2098,,1,2111,7.24,0.59,4
37,2015-04-29,Alex Bullen,Nikolai Hinterreither,NA,1874,,1,2114,8.09,0.85,5
38,2015-05-02,Alex Bullen,Michael W Healey,NA,2202,,0.5,2114,8.54,0.45,5.5
39,2015-05-03,Alex Bullen,Ivan Myall,NA,2130,,0.5,2114,9.09,0.55,6
40,2015-05-04,Alex Bullen,Atreya Mandnikar,NA,1858,,1,2116,9.95,0.86,7
41,2015-05-11,Alex Bullen,Stephen Barnes,NA,1746,,1,2117,10.85,0.9,8
42,2015-05-16,Alex Bullen,Kathy Rutherford,NA,1546,,1,2119,11.75,0.9,9
43,2015-05-16,Alex Bullen,Paul DL Barasi,NA,1994,,1,2123,12.47,0.72,10
44,2015-05-16,Alex Bullen,Jason Altschuler,NA,2126,,0,2115,13.02,0.55,10
45,2015-05-17,Alex Bullen,Vincent Sagues,NA,2034,,0,2104,13.7,0.68,10
46,2015-05-17,Alex Bullen,Nikolai Hinterreither,NA,1874,,1,2106,14.55,0.85,11
47,2015-05-27,Alex Bullen,Chris Hooper,115,1391,,1,2108,15.45,0.9,12
48,2015-06-03,Alex Bullen,Joe Fathallah,82,2007,,0.5,2104,16.16,0.71,12.5
1,2015-02-14,Alex Freeland,Peter F Anderson,NA,1858,ECF,1,2075,0.77,0.77,1
2,2015-02-15,Alex Freeland,A Philip Neatherway,NA,1954,ECF,1,2080,1.43,0.66,2
3,2015-02-21,Alex Freeland,Grace Li,NA,1770,Est,1,2082,2.29,0.86,3
4,2015-02-21,Alex Freeland,Philipp Schmitt,NA,2138,Fide,0,2076,2.7,0.41,3
5,2015-02-21,Alex Freeland,Fei Gao,NA,1726,W1,1,2078,3.59,0.89,4
6,2015-02-22,Alex Freeland,Joe O'Donnell,NA,1874,ECF,1,2081,4.35,0.76,5
7,2015-02-22,Alex Freeland,David O'Neill,NA,1770,ECF,0,2068,5.21,0.86,5
8,2015-03-21,Alex Freeland,Arusa Ganeson,NA,2122,ECF,1,2077,5.64,0.43,6
9,2015-03-22,Alex Freeland,Andrew Gilfillan,NA,2130,ECF,1,2086,6.06,0.42,7
1,2015-01-21,Alex Kenealy,Daniel Griffiths,102,1542,E1,1,1649,0.64,0.64,1
2,2015-01-27,Alex Kenealy,Guy Wagner,292,1836,E1,1,1667,0.88,0.24,2
3,2015-01-28,Alex Kenealy,Elis Vandyck,288,1283,E1,0,1645,1.78,0.9,2
4,2015-01-31,Alex Kenealy,Marcell Vesz,291,1466,E1,1,1652,2.51,0.73,3
5,2015-01-31,Alex Kenealy,Martyn J Maber,NA,1450,ECF,0.5,1646,3.26,0.75,3.5
6,2015-02-01,Alex Kenealy,Guto Neave,NA,1303,W1,1,1649,4.14,0.88,4.5
7,2015-02-01,Alex Kenealy,Raj Govindaraj,96,1173,E1,0.5,1639,5.04,0.9,5
8,2015-02-10,Alex Kenealy,Neil Stuart,267,1799,E1,0,1632,5.33,0.29,5
9,2015-02-11,Alex Kenealy,Hugh Price,218,1576,E1,0,1618,5.92,0.59,5
10,2015-02-21,Alex Kenealy,Roger Hardy,NA,1970,ECF,0,1615,6.04,0.12,5
11,2015-02-22,Alex Kenealy,Chirag Hosdurga,NA,1490,ECF,0,1598,6.74,0.7,5
12,2015-02-22,Alex Kenealy,Gary Clarke,NA,1506,ECF,0.5,1594,7.42,0.68,5.5
13,2015-02-23,Alex Kenealy,Martyn Maber,NA,1450,ECF,1,1600,8.17,0.75,6.5
14,2015-02-23,Alex Kenealy,Chris Smith,NA,1506,ECF,1,1608,8.85,0.68,7.5
15,2015-03-04,Alex Kenealy,Stephen Bailey,9,1462,E1,1,1614,9.59,0.74,8.5
16,2015-03-09,Alex Kenealy,John Cox,52,1315,E1,1,1617,10.46,0.87,9.5
17,2015-03-16,Alex Kenealy,Clive Silver,246,1514,E1,0,1601,11.13,0.67,9.5
18,2015-04-03,Alex Kenealy,Mike McLoughlin,184,1242,E1,1,1603,12.03,0.9,10.5
19,2015-04-03,Alex Kenealy,Megan Richards,232,1503,E1,0.5,1599,12.72,0.69,11
20,2015-04-04,Alex Kenealy,Chris P Smith,NA,1506,ECF,0.5,1594,13.4,0.68,11.5
21,2015-04-04,Alex Kenealy,Aron Calist,33,1263,E2,0,1573,14.3,0.9,11.5
22,2015-04-05,Alex Kenealy,Gareth Davies,60,1390,E1,0,1553,15.11,0.81,11.5
23,2015-04-06,Alex Kenealy,Amin Ghabanlou,91,1004,E1,0,1532,16.01,0.9,11.5
24,2015-04-08,Alex Kenealy,Bill Davies,58,1312,E1,1,1535,16.89,0.88,12.5
25,2015-04-13,Alex Kenealy,Will Harwood,109,1745,E1,1,1550,17.25,0.36,13.5
1,2015-01-14,Alex Wills,Rod Gough,94,1820,E1,0.5,1746,0.39,0.39,0.5
2,2015-01-28,Alex Wills,Michael Arribas-Ayllon,8,1715,E1,0,1733,0.93,0.54,0.5
1,2015-01-02,Allan Fisher,Simon Blackmore,19,1760,E1,0,1597,0.29,0.29,0
2,2015-01-03,Allan Fisher,Bob Hurn,123,1661,E1,0,1587,0.71,0.42,0
3,2015-01-04,Allan Fisher,Thomas McLaren,NA,1706,ECF,0,1578,1.07,0.36,0
4,2015-01-06,Allan Fisher,Stephen Bailey,9,1462,E1,1,1586,1.76,0.69,1
5,2015-01-13,Allan Fisher,Clive Crowley,54,1441,E1,0,1568,2.48,0.72,1
6,2015-01-27,Allan Fisher,Conor Hunt,122,1700,E1,0,1560,2.85,0.37,1
7,2015-02-03,Allan Fisher,Chris Hooper,115,1391,E1,0,1541,3.62,0.77,1
8,2015-02-10,Allan Fisher,Kam Choo Yin,42,1608,E1,0.5,1541,4.11,0.49,1.5
9,2015-02-16,Allan Fisher,Gian Illari,125,2000,E1,0,1539,4.21,0.1,1.5
10,2015-03-03,Allan Fisher,Daniel Griffiths,102,1542,E1,0.5,1537,4.8,0.59,2
11,2015-03-24,Allan Fisher,Martin Ricketts,234,1444,E1,1,1544,5.51,0.71,3
12,2015-04-14,Allan Fisher,Mike McLoughlin,184,1242,E1,1,1546,6.41,0.9,4
13,2015-05-04,Allan Fisher,Aron Calist,33,1263,E2,0.5,1537,7.3,0.89,4.5
1,2015-01-27,Allen Jossy,Hiya Ray,228,1271,E1,0,931,0.12,0.12,0
2,2015-02-16,Allen Jossy,Oscar Hitchings,114,850,E1,1,943,0.74,0.62,1
3,2015-03-10,Allen Jossy,James Bibey,17,882,E1,0,925,1.31,0.57,1
1,2015-01-05,Alun Howell,James Lavender,NA,1904,G1,0,1744,0.29,0.29,0
2,2015-01-12,Alun Howell,Mike Servini,244,1603,E1,1,1751,0.99,0.7,1
3,2015-01-19,Alun Howell,Tony Gutteridge,104,1604,E1,1,1758,1.69,0.7,2
4,2015-01-26,Alun Howell,Ken Hannah,106,1759,E1,1,1771,2.18,0.49,3
5,2015-02-02,Alun Howell,John McGregor,182,1817,E1,0,1761,2.59,0.41,3
6,2015-02-16,Alun Howell,Alan Williams,305,1627,E1,0,1745,3.26,0.67,3
7,2015-02-23,Alun Howell,Calum Harris,108,1801,E1,0,1734,3.69,0.43,3
8,2015-03-09,Alun Howell,Steve Herkes,112,1566,E1,0,1717,4.43,0.74,3
9,2015-03-16,Alun Howell,Chris Peters,213,1600,E1,0,1700,5.13,0.7,3
10,2015-03-23,Alun Howell,Guy Wagner,292,1836,E1,0,1691,5.51,0.38,3
11,2015-04-07,Alun Howell,Neil Stuart,267,1799,E1,1,1704,5.94,0.43,4
12,2015-04-27,Alun Howell,mark janas,132,1745,E1,0.5,1704,6.45,0.51,4.5
13,2015-05-11,Alun Howell,Steve Woodrow,314,1722,E1,0.5,1703,6.99,0.54,5
1,2015-01-14,Alun Smith,Daniel Jaberansari,127,970,E1,1,871,0.34,0.34,1
2,2015-02-24,Alun Smith,Ethan Chung,46,1071,E1,0.5,880,0.56,0.22,1.5
3,2015-03-31,Alun Smith,Peter Williams,309,1169,E1,1,908,0.69,0.13,2.5
1,2015-01-03,Alyssa Wang,John Waterfield,NA,2062,G1,0.5,1790,0.16,0.16,0.5
2,2015-01-03,Alyssa Wang,Craig Woolcock,315,2036,E1,1,1810,0.34,0.18,1.5
3,2015-01-04,Alyssa Wang,Lee Davis,67,2056,E1,0.5,1818,0.51,0.17,2
4,2015-01-05,Alyssa Wang,Allan Pleasants,NA,2214,W1,0,1815,0.61,0.1,2
5,2015-01-10,Alyssa Wang,Jonathan D Bourne,NA,2002,ECF,0,1810,0.83,0.22,2
6,2015-01-11,Alyssa Wang,Peter J Horlock,NA,1794,ECF,0.5,1811,1.31,0.48,2.5
7,2015-01-27,Alyssa Wang,Damon Davies,59,1766,E1,0.5,1810,1.83,0.52,3
8,2015-02-03,Alyssa Wang,Dai James,129,1843,E1,0.5,1812,2.24,0.41,3.5
9,2015-02-10,Alyssa Wang,Mike Edwards,78,1856,E1,0.5,1815,2.64,0.4,4
10,2015-02-14,Alyssa Wang,Raul Khalilov,NA,1700,Est,1,1824,3.25,0.61,5
11,2015-02-21,Alyssa Wang,Jane Richmond,NA,2179,G1,0,1822,3.35,0.1,5
12,2015-02-21,Alyssa Wang,Dewi Jones,NA,1653,N1,1,1829,4.03,0.68,6
13,2015-02-22,Alyssa Wang,Andrew J Mort,NA,2050,0,0.5,1837,4.2,0.17,6.5
14,2015-02-22,Alyssa Wang,Guy Wagner,292,1836,E1,1,1851,4.62,0.42,7.5
15,2015-03-10,Alyssa Wang,Neil Stuart,267,1799,E1,0.5,1852,5.1,0.48,8
16,2015-03-17,Alyssa Wang,John McGregor,182,1817,E1,0,1841,5.55,0.45,8
17,2015-03-21,Alyssa Wang,Steve F Tarr,NA,1866,ECF,0,1832,5.93,0.38,8
18,2015-04-07,Alyssa Wang,Robert Taylor,NA,1981,G2,0,1826,6.17,0.24,8
1,2015-01-14,Amin Ghabanlou,Roy Purnell,220,1255,E1,0.5,1014,0.19,0.19,0.5
2,2015-01-20,Amin Ghabanlou,Dave Morris,191,1022,E1,0,999,0.66,0.47,0.5
3,2015-01-28,Amin Ghabanlou,Roy Purnell,220,1255,E1,0,993,0.85,0.19,0.5
4,2015-01-31,Amin Ghabanlou,Guto Neave,NA,1303,W1,0.5,1004,1,0.15,1
5,2015-01-31,Amin Ghabanlou,John Cox,52,1315,E1,0.5,1016,1.14,0.14,1.5
6,2015-02-01,Amin Ghabanlou,Susanna Fraser,86,1358,E1,0,1012,1.25,0.11,1.5
7,2015-02-01,Amin Ghabanlou,Kevin O'Rourke,200,1168,E1,0,1003,1.53,0.28,1.5
8,2015-03-02,Amin Ghabanlou,David Roberts,235,1510,E1,0.5,1016,1.63,0.1,2
9,2015-03-18,Amin Ghabanlou,David Hambrook,105,1626,E1,0.5,1029,1.73,0.1,2.5
10,2015-03-24,Amin Ghabanlou,Peter Williams,309,1169,E1,0,1020,2.01,0.28,2.5
11,2015-04-03,Amin Ghabanlou,Beryl Hughes,119,1523,E1,0,1016,2.11,0.1,2.5
12,2015-04-04,Amin Ghabanlou,Gareth Davies,60,1390,E1,0,1013,2.21,0.1,2.5
13,2015-04-06,Amin Ghabanlou,Alex Kenealy,150,1640,E1,1,1042,2.31,0.1,3.5
14,2015-04-06,Amin Ghabanlou,Aron Calist,33,1263,E2,0,1036,2.49,0.18,3.5
15,2015-04-07,Amin Ghabanlou,Gareth Davies,60,1390,E1,0,1033,2.59,0.1,3.5
16,2015-04-22,Amin Ghabanlou,David Roberts,235,1510,E1,0,1030,2.69,0.1,3.5
17,2015-04-29,Amin Ghabanlou,Rob Large,155,1450,E1,0,1027,2.79,0.1,3.5
18,2015-05-04,Amin Ghabanlou,Simon Davis,68,872,E1,0,1005,3.47,0.68,3.5
1,2015-01-02,Andrew Di-Vetta,Dai James,129,1843,E1,0,1684,0.3,0.3,0
2,2015-01-03,Andrew Di-Vetta,Paul Bridges,26,1948,E1,0.5,1691,0.48,0.18,0.5
3,2015-01-03,Andrew Di-Vetta,David Rovaretti,240,1648,E1,0.5,1690,1.04,0.56,1
4,2015-01-04,Andrew Di-Vetta,Craig Woolcock,315,2036,E1,0,1687,1.15,0.11,1
5,2015-01-05,Andrew Di-Vetta,Venetia Sivarajasingam,250,1666,E1,0,1674,1.69,0.54,1
6,2015-01-06,Andrew Di-Vetta,David Guy,NA,1879,W1,0,1668,1.94,0.25,1
7,2015-01-13,Andrew Di-Vetta,Lyn Holland,NA,1511,G1,0.5,1663,2.68,0.74,1.5
8,2015-01-15,Andrew Di-Vetta,Steve Smith,NA,1751,W1,0,1653,3.1,0.42,1.5
9,2015-01-20,Andrew Di-Vetta,Andrew Trickey,283,1679,E1,1,1664,3.62,0.52,2.5
10,2015-01-27,Andrew Di-Vetta,Dave A Lewis,156,1662,E1,0.5,1663,4.16,0.54,3
11,2015-01-29,Andrew Di-Vetta,Peter Smith,NA,1631,W1,1,1673,4.74,0.58,4
12,2015-01-30,Andrew Di-Vetta,Dave R Lewis,157,1937,E1,0,1669,4.93,0.19,4
13,2015-01-31,Andrew Di-Vetta,Vaness Reid,NA,1863,W1,0,1662,5.2,0.27,4
14,2015-02-01,Andrew Di-Vetta,Bob Hurn,123,1661,E1,1,1673,5.74,0.54,5
15,2015-02-01,Andrew Di-Vetta,Paul Bridges,26,1948,E1,0,1669,5.92,0.18,5
16,2015-02-03,Andrew Di-Vetta,Jeff Rowland,241,1701,E1,1,1681,6.41,0.49,6
17,2015-02-09,Andrew Di-Vetta,Chris Howells,117,1907,E1,0,1676,6.63,0.22,6
18,2015-02-10,Andrew Di-Vetta,Matthew Wilson,313,1748,E1,0,1666,7.05,0.42,6
19,2015-02-17,Andrew Di-Vetta,Keith Thompson,278,1851,E1,0,1659,7.34,0.29,6
20,2015-02-18,Andrew Di-Vetta,Nicholas Evans,NA,1995,W1,0,1655,7.48,0.14,6
21,2015-02-25,Andrew Di-Vetta,Chris Howells,117,1907,E1,0,1650,7.7,0.22,6
22,2015-02-26,Andrew Di-Vetta,Michael Arribas-Ayllon,8,1715,E1,0,1639,8.17,0.47,6
23,2015-03-03,Andrew Di-Vetta,Guy Wagner,292,1836,E1,0,1632,8.47,0.3,6
24,2015-03-05,Andrew Di-Vetta,Peter George,NA,1545,W1,1,1639,9.17,0.7,7
25,2015-03-10,Andrew Di-Vetta,Mark Janas,132,1745,E1,0.5,1641,9.59,0.42,7.5
26,2015-03-12,Andrew Di-Vetta,Andrew Gibbons,NA,1983,W1,0.5,1650,0.11,0.11,0.5
27,2015-03-23,Andrew Di-Vetta,Chris Green,99,1587,E1,1,1660,0.69,0.58,1.5
28,2015-03-24,Andrew Di-Vetta,Aron Calist,33,1263,E2,0.5,1651,1.59,0.9,2
29,2015-03-25,Andrew Di-Vetta,David Guy,NA,1879,W1,0.5,1658,1.79,0.2,2.5
30,2015-03-30,Andrew Di-Vetta,Bob Hurn,123,1675,E2,0.5,1659,2.24,0.45,3
31,2015-04-03,Andrew Di-Vetta,Guy Wagner,292,1836,E1,0,1653,2.49,0.25,3
32,2015-04-03,Andrew Di-Vetta,Matthew Carr,NA,1866,ECF,0,1648,2.7,0.21,3
33,2015-04-04,Andrew Di-Vetta,David Rovaretti,240,1648,E1,1,1660,3.19,0.49,4
34,2015-04-04,Andrew Di-Vetta,Roy Thomas,275,1790,E1,0.5,1665,3.49,0.3,4.5
35,2015-04-05,Andrew Di-Vetta,Stephen Williams,NA,1712,N1,0,1656,3.89,0.4,4.5
36,2015-04-06,Andrew Di-Vetta,Russell Dodington,74,1751,E1,0,1647,4.24,0.35,4.5
37,2015-04-06,Andrew Di-Vetta,Sam White,303,1570,E1,0.5,1645,4.84,0.6,5
38,2015-04-14,Andrew Di-Vetta,Matthew Lunnon,165,1561,E1,0.5,1642,5.45,0.61,5.5
39,2015-04-16,Andrew Di-Vetta,David Buttell,NA,1884,W2,0,1637,5.65,0.2,5.5
40,2015-04-23,Andrew Di-Vetta,Ionut Dragan,76,1200,E1,1,1640,6.55,0.9,6.5
41,2015-05-11,Andrew Di-Vetta,Steve Lindsay,162,1687,E1,0.5,1641,6.99,0.44,7
1,2015-01-08,Andrew Trickey,Steve Smith,NA,1751,W1,0,1669,0.4,0.4,0
2,2015-01-12,Andrew Trickey,Simon Davis,68,872,E1,1,1672,1.3,0.9,1
3,2015-01-13,Andrew Trickey,Bob Moore,NA,1998,W1,0,1669,1.43,0.13,1
4,2015-01-20,Andrew Trickey,Andrew Di-Vetta,72,1691,E1,0,1657,1.91,0.48,1
5,2015-02-02,Andrew Trickey,Dave Roberts,NA,1593,G1,0.5,1654,2.53,0.62,1.5
6,2015-04-11,Andrew Trickey,Julie Van Kemenade,NA,1736,D1,1,1668,2.95,0.42,2.5
7,2015-04-13,Andrew Trickey,Roger Jenkins,133,1535,E1,0.5,1664,3.64,0.69,3
8,2015-04-22,Andrew Trickey,Edward Donovan,75,1670,E2,0,1651,4.15,0.51,3
9,2015-04-27,Andrew Trickey,Michael Arribas-Ayllon,8,1715,E1,0,1641,4.6,0.45,3
1,2015-01-02,Andrew Worthington,Jonathon Hall,NA,1150,Est,1,1362,0.76,0.76,1
2,2015-01-03,Andrew Worthington,Chris Green,99,1587,E1,1,1387,0.96,0.2,2
3,2015-01-03,Andrew Worthington,Megan Richards,232,1503,E1,0,1378,1.26,0.3,2
4,2015-01-04,Andrew Worthington,Susanna Fraser,86,1358,E1,0,1362,1.75,0.49,2
5,2015-01-04,Andrew Worthington,Paul Turner,286,1300,E1,1,1375,2.33,0.58,3
6,2015-02-10,Andrew Worthington,Gareth Davies,60,1390,E1,0.5,1377,2.78,0.45,3.5
1,2015-05-06,Andy Robinson,Rosie Christmas,44,850,E1,0,834,0.5,0.5,0
1,2015-01-28,Anish Choudhuri,Ivor Hitchings,113,866,E1,1,872,0.49,0.49,1
2,2015-03-03,Anish Choudhuri,Susanna Fraser,86,1358,E1,0,869,0.59,0.1,1
3,2015-03-07,Anish Choudhuri,Finlay Robertson,NA,850,G1,1,885,1.1,0.51,2
4,2015-03-07,Anish Choudhuri,Nayana Kalavala,145,1045,E1,0,877,1.35,0.25,2
5,2015-03-07,Anish Choudhuri,Cameron Harris,NA,850,G1,1,892,1.86,0.51,3
6,2015-03-08,Anish Choudhuri,James Walker,NA,900,N1,1,910,2.3,0.44,4
7,2015-03-08,Anish Choudhuri,Rishi Choudhuri,NA,1077,W1,0,903,2.52,0.22,4
8,2015-03-08,Anish Choudhuri,Madeleine Smith,NA,1097,G1,0,897,2.72,0.2,4
9,2015-03-18,Anish Choudhuri,Gareth Davies,60,1390,E1,1,926,2.82,0.1,5
10,2015-03-24,Anish Choudhuri,Dave Morris,191,1022,E1,1,949,3.1,0.28,6
11,2015-04-20,Anish Choudhuri,John Callan,34,1307,E1,0.5,962,3.2,0.1,6.5
12,2015-04-22,Anish Choudhuri,Dwain Jones,136,1192,E1,0,958,3.32,0.12,6.5
13,2015-04-27,Anish Choudhuri,Gareth Davies,60,1390,E1,0,955,3.42,0.1,6.5
14,2015-04-29,Anish Choudhuri,James Brindle,27,856,E1,1,971,3.92,0.5,7.5
1,2015-01-06,Anlan Qiu,Chris Hooper,115,1391,E1,0.5,1329,0.41,0.41,0.5
2,2015-01-13,Anlan Qiu,Daniel Jaberansari,127,970,E1,1,1332,1.31,0.9,1.5
3,2015-01-20,Anlan Qiu,Edward Mason,177,1502,E1,0.5,1339,1.58,0.27,2
4,2015-01-24,Anlan Qiu,Monty Woodhouse,NA,1300,Est,1,1354,2.12,0.54,3
5,2015-01-24,Anlan Qiu,Emily Bramah,NA,1186,ECF,0.5,1348,2.81,0.69,3.5
6,2015-01-24,Anlan Qiu,Duncan MacDonald,170,1232,E1,1,1360,3.44,0.63,4.5
7,2015-01-24,Anlan Qiu,Michael Uriely,NA,1546,ECF,1,1385,3.66,0.22,5.5
8,2015-01-27,Anlan Qiu,Cian Grattidge,98,945,E1,0,1356,4.56,0.9,5.5
9,2015-02-10,Anlan Qiu,Mike Kearn,147,1634,E1,0.5,1368,4.7,0.14,6
10,2015-02-24,Anlan Qiu,Hiya Ray,228,1339,E2,0.5,1368,5.18,0.48,6.5
11,2015-03-10,Anlan Qiu,Aishwarya Lutchman Singh,166,1394,E1,0,1355,5.58,0.4,6.5
12,2015-03-21,Anlan Qiu,Arjan Bolina,NA,1693,N1,0,1352,5.68,0.1,6.5
13,2015-03-21,Anlan Qiu,George Macmaster,NA,1024,G1,1,1357,6.54,0.86,7.5
14,2015-03-22,Anlan Qiu,Aishwarya Lutchman Singh,166,1394,E1,0,1344,6.94,0.4,7.5
15,2015-03-22,Anlan Qiu,Jack Barry,NA,900,G1,1,1347,7.84,0.9,8.5
16,2015-03-22,Anlan Qiu,Shayanna Sivarajasingam,248,1711,E2,0.5,1360,7.94,0.1,9
17,2015-04-03,Anlan Qiu,Timothy S Allen,NA,1586,ECF,0,1354,8.12,0.18,9
18,2015-04-03,Anlan Qiu,Rosie Christmas,44,850,E1,1,1357,9.02,0.9,10
19,2015-04-04,Anlan Qiu,Kevin Langmaid,NA,1514,ECF,0.5,1365,9.27,0.25,10.5
20,2015-04-04,Anlan Qiu,Gareth Davies,60,1390,E1,0.5,1368,9.68,0.41,11
21,2015-04-05,Anlan Qiu,Daniel Griffiths,102,1542,E1,1,1393,9.9,0.22,12
22,2015-04-06,Anlan Qiu,Chris P Smith,NA,1506,ECF,1,1417,10.16,0.26,13
23,2015-04-06,Anlan Qiu,John Eddershaw,NA,1410,ECF,1,1437,10.54,0.38,14
24,2015-04-07,Anlan Qiu,Roger Jenkins,133,1535,E1,0.5,1445,10.77,0.23,14.5
25,2015-04-08,Anlan Qiu,Mike Colwill,51,1024,E1,1,1450,11.63,0.86,15.5
26,2015-04-14,Anlan Qiu,George Smith,NA,1188,G1,0.5,1440,0.82,0.82,0.5
27,2015-04-21,Anlan Qiu,Ritika Khot,152,1023,E1,1,1443,1.72,0.9,1.5
28,2015-05-30,Anlan Qiu,Nicolai Woltery,NA,1730,ECF,0.5,1454,1.88,0.16,2
29,2015-05-30,Anlan Qiu,William Golding,NA,1530,ECF,0.5,1457,2.27,0.39,2.5
30,2015-05-31,Anlan Qiu,Nakul Nataraj,NA,1402,ECF,0,1439,2.84,0.57,2.5
31,2015-05-31,Anlan Qiu,William (Bill) Read,NA,1282,ECF,1,1448,3.56,0.72,3.5
1,2015-02-10,Anthony Baker,Marcell Vesz,291,1466,E1,0,1609,0.71,0.71,0
2,2015-02-18,Anthony Baker,David Buttell,NA,1935,W1,0.5,1618,0.85,0.14,0.5
3,2015-02-25,Anthony Baker,Adrian Davies,NA,1752,W1,0,1610,1.18,0.33,0.5
4,2015-03-03,Anthony Baker,Edward Donovan,75,1700,E1,0,1600,1.58,0.4,0.5
5,2015-04-14,Anthony Baker,Nadi Grewal,100,1413,E1,1,1606,2.35,0.77,1.5
6,2015-05-11,Anthony Baker,Will Harwood,109,1745,E1,1,1621,2.69,0.34,2.5
1,2015-01-06,Anthony Williams,Roy Purnell,220,1255,E1,1,1022,0.18,0.18,1
2,2015-01-12,Anthony Williams,Damon Davies,59,1766,E1,0,1019,0.28,0.1,1
3,2015-01-21,Anthony Williams,Callum McGarvey-Jones,181,1053,E1,1,1038,0.7,0.42,2
4,2015-01-27,Anthony Williams,Bill Davies,58,1312,E1,0.5,1049,0.83,0.13,2.5
5,2015-02-03,Anthony Williams,Bill Davies,58,1312,E1,0,1045,0.96,0.13,2.5
6,2015-02-10,Anthony Williams,Roy Purnell,220,1255,E1,0.5,1056,1.14,0.18,3
7,2015-02-17,Anthony Williams,Conor Hunt,122,1700,E1,1,1084,1.24,0.1,4
8,2015-02-26,Anthony Williams,John Callan,34,1307,E1,0,1080,1.38,0.14,4
9,2015-03-24,Anthony Williams,Jason Grice,101,1115,E1,0.5,1085,1.72,0.34,4.5
10,2015-03-30,Anthony Williams,Mike Joslin,142,1400,E1,0.5,1098,1.82,0.1,5
11,2015-04-14,Anthony Williams,David Hambrook,105,1626,E1,0,1095,1.92,0.1,5
12,2015-05-04,Anthony Williams,Ethan Chung,46,1071,E1,0,1082,2.32,0.4,5
1,2015-01-02,Aron Calist,Nayana Kalavala,145,1045,E1,1,1417,0.9,0.9,1
2,2015-01-03,Aron Calist,David J Archer,NA,1514,ECF,0.5,1422,1.26,0.36,1.5
3,2015-01-03,Aron Calist,Raj Govindaraj,96,1173,E1,0,1396,2.06,0.8,1.5
4,2015-01-04,Aron Calist,Emily Wang,297,1153,E1,0,1370,2.88,0.82,1.5
5,2015-01-04,Aron Calist,Jonathon Hall,NA,1150,Est,1,1376,3.7,0.82,2.5
6,2015-01-07,Aron Calist,Karthik Kumar,153,1201,E1,1,1383,4.47,0.77,3.5
7,2015-01-12,Aron Calist,Phil Jones,140,1361,E1,0.5,1381,5.04,0.57,4
8,2015-01-20,Aron Calist,Bill Davies,58,1312,E1,0.5,1376,5.68,0.64,4.5
9,2015-01-24,Aron Calist,Harrison Wilmoth,NA,1602,ECF,0,1368,5.93,0.25,4.5
10,2015-01-24,Aron Calist,Monty Woodhouse,NA,1300,Est,0,1347,6.59,0.66,4.5
11,2015-01-24,Aron Calist,Mathilde Wilson-Drummond,NA,1034,ECF,1,1350,7.49,0.9,5.5
12,2015-01-24,Aron Calist,Vidura Mendis,NA,1410,ECF,0,1334,8,0.51,5.5
13,2015-01-24,Aron Calist,Benjamin Headlong,NA,1658,ECF,0,1328,8.19,0.19,5.5
14,2015-01-28,Aron Calist,Stephen Bailey,9,1462,E1,0.5,1330,8.62,0.43,6
15,2015-01-31,Aron Calist,Alysson James,NA,1001,W1,0.5,1317,9.52,0.9,6.5
16,2015-01-31,Aron Calist,Paul Turner,286,1300,E1,1,1328,10.18,0.66,7.5
17,2015-02-01,Aron Calist,John Cox,52,1315,E1,0,1308,10.82,0.64,7.5
18,2015-02-02,Aron Calist,Chris Peters,213,1600,E1,0.5,1315,11.08,0.26,8
19,2015-02-09,Aron Calist,David Roberts,235,1510,E1,0,1304,11.45,0.37,8
20,2015-02-24,Aron Calist,George Smith,NA,1188,G1,1,1310,12.24,0.79,9
21,2015-02-24,Aron Calist,Gareth Davies,60,1390,E1,0.5,1309,12.77,0.53,9.5
22,2015-03-07,Aron Calist,Karanvir Lutchman Singh,167,1714,E1,0,1305,12.91,0.14,9.5
23,2015-03-07,Aron Calist,Joel Lee,NA,1101,N1,0,1277,13.78,0.87,9.5
24,2015-03-07,Aron Calist,Hugo Fowler,NA,1571,G1,0,1268,14.07,0.29,9.5
25,2015-03-09,Aron Calist,Shayanna Sivarajasingam,248,1723,E1,0,1263,14.21,0.14,9.5
26,2015-03-09,Aron Calist,Nye Bradfield,24,923,E1,1,1267,0.89,0.89,1
27,2015-03-13,Aron Calist,Imogen Camp,NA,1692,N1,0,1263,0.99,0.1,1
28,2015-03-17,Aron Calist,James Evans,NA,1667,W1,0,1260,1.09,0.1,1
29,2015-03-24,Aron Calist,Andrew Di-Vetta,72,1641,E2,0.5,1273,1.19,0.1,1.5
30,2015-03-25,Aron Calist,Karanvir Lutchman Singh,167,1714,E1,0,1270,1.29,0.1,1.5
31,2015-04-04,Aron Calist,Stephen Bonutto,22,1173,E1,1,1282,1.91,0.62,2.5
32,2015-04-04,Aron Calist,Alex Kenealy,150,1640,E1,1,1311,2.01,0.1,3.5
33,2015-04-05,Aron Calist,Timothy S Allen,NA,1586,ECF,0,1307,2.14,0.13,3.5
34,2015-04-06,Aron Calist,Richard Livermore,NA,1649,G1,0,1303,2.24,0.1,3.5
35,2015-04-06,Aron Calist,Amin Ghabanlou,91,1004,E1,1,1309,3.06,0.82,4.5
36,2015-04-20,Aron Calist,Rob Large,155,1450,E1,1,1333,3.31,0.25,5.5
37,2015-04-27,Aron Calist,David Hambrook,105,1626,E1,0,1330,3.41,0.1,5.5
38,2015-04-29,Aron Calist,Ritika Khot,152,1023,E1,1,1336,4.21,0.8,6.5
39,2015-05-04,Aron Calist,Allan Fisher,83,1604,E1,0.5,1349,4.32,0.11,7
40,2015-05-30,Aron Calist,Liam Reed,NA,1626,ECF,0,1346,4.42,0.1,7
41,2015-05-30,Aron Calist,George Neale,NA,1586,ECF,0,1341,4.55,0.13,7
42,2015-05-31,Aron Calist,Leif Hafstad,NA,1634,ECF,0.5,1354,4.65,0.1,7.5
43,2015-05-31,Aron Calist,Helen Archer-Lock,NA,1498,ECF,1,1380,4.85,0.2,8.5
1,2015-01-02,Ashley Davis,Allan Pleasants,NA,2214,W1,0.5,1954,0.17,0.17,0.5
2,2015-01-03,Ashley Davis,Karanvir Lutchman Singh,167,1714,E1,1,1959,0.96,0.79,1.5
3,2015-01-03,Ashley Davis,Dai James,129,1843,E1,0.5,1956,1.6,0.64,2
4,2015-01-04,Ashley Davis,Rudy van Kemenade,NA,2045,D1,0,1947,1.96,0.36,2
5,2015-01-05,Ashley Davis,Paul Bridges,26,1948,E1,0.5,1947,2.46,0.5,2.5
6,2015-01-07,Ashley Davis,Derek Smith,256,1812,E1,0.5,1943,3.14,0.68,3
7,2015-01-15,Ashley Davis,Sam White,303,1570,E1,1,1945,4.04,0.9,4
8,2015-01-19,Ashley Davis,Guy Wagner,292,1836,E1,1,1953,4.69,0.65,5
9,2015-02-09,Ashley Davis,Mike servini,244,1603,E1,0.5,1944,5.58,0.89,5.5
10,2015-02-12,Ashley Davis,Steve Cunliffe,56,1974,E1,1,1957,6.04,0.46,6.5
11,2015-03-02,Ashley Davis,Derek Smith,256,1812,E1,0,1941,6.72,0.68,6.5
12,2015-03-03,Ashley Davis,Chirag Guha,103,1761,E2,1,1947,7.46,0.74,7.5
13,2015-03-09,Ashley Davis,Craig Woolcock,315,1960,E2,1,1959,7.94,0.48,8.5
14,2015-03-16,Ashley Davis,Mike Servini,244,1603,E1,1,1962,8.83,0.89,9.5
15,2015-03-26,Ashley Davis,John Cox,52,1315,E1,1,1964,9.73,0.9,10.5
16,2015-03-30,Ashley Davis,Charles Summers,269,1927,E1,0,1952,10.26,0.53,10.5
17,2015-04-11,Ashley Davis,Chris Howells,117,1907,E1,1,1963,10.81,0.55,11.5
18,2015-04-14,Ashley Davis,Chirag Guha,103,1761,E2,1,1969,11.55,0.74,12.5
19,2015-04-20,Ashley Davis,Jonathan Bold,20,1790,E1,0.5,1964,12.26,0.71,13
20,2015-04-23,Ashley Davis,Matthew Parry,204,1999,E2,0,1953,12.69,0.43,13
21,2015-04-29,Ashley Davis,Simon Richardson,233,1734,E1,1,1959,13.46,0.77,14
22,2015-05-07,Ashley Davis,Chris Green,99,1587,E1,1,1961,14.36,0.9,15
23,2015-05-10,Ashley Davis,John W Waterfield,NA,1974,G2,0.5,1962,14.82,0.46,15.5
24,2015-05-11,Ashley Davis,Keith Thompson,278,1937,E2,0.5,1962,15.33,0.51,16
25,2015-05-18,Ashley Davis,Justin Morgans,189,1694,E1,1,1967,16.14,0.81,17
1,2015-01-13,Aviral Batra,Hiya Ray,228,1271,E1,0,932,0.12,0.12,0
2,2015-01-13,Aviral Batra,Akshara Nagaruru,195,850,E1,1,944,0.74,0.62,1
3,2015-01-20,Aviral Batra,Isaac Aljabri,6,850,E1,1,956,1.36,0.62,2
4,2015-02-17,Aviral Batra,Jerin Joseph,141,861,E1,1,969,1.96,0.6,3
5,2015-02-24,Aviral Batra,Harri Lewis,158,906,E1,1,984,2.5,0.54,4
6,2015-03-10,Aviral Batra,Harri Lewis,158,906,E1,1,999,3.04,0.54,5
7,2015-03-21,Aviral Batra,Neya Govindaraj,95,1337,E1,0,996,3.14,0.1,5
8,2015-03-21,Aviral Batra,Benjamin Choo Yin,40,1797,E1,0,992,3.24,0.1,5
9,2015-03-22,Aviral Batra,Jack Barry,NA,900,G1,0,975,3.79,0.55,5
10,2015-03-22,Aviral Batra,Daniel Jaberansari,127,1144,E2,0,967,4.02,0.23,5
11,2015-03-22,Aviral Batra,Petko Petkov,NA,1540,N1,0,964,4.12,0.1,5
12,2015-04-14,Aviral Batra,Madaleine Smith,NA,1097,G1,1,987,4.4,0.28,6
13,2015-04-21,Aviral Batra,Charlie Smith,255,898,E1,0,970,4.95,0.55,6
14,2015-05-06,Aviral Batra,Cian Grattidge,98,945,E1,1,986,5.44,0.49,7
1,2015-01-02,Bedanta Baruah,David Robinson,238,2007,E1,0,1613,0.1,0.1,0
2,2015-01-03,Bedanta Baruah,Roy Thomas,275,1790,E1,0,1606,0.37,0.27,0
3,2015-01-04,Bedanta Baruah,Julie van Kemenade,NA,1786,D1,1,1624,0.64,0.27,1
4,2015-01-05,Bedanta Baruah,Dave Turner,NA,1932,G1,0,1621,0.77,0.13,1
5,2015-01-06,Bedanta Baruah,Daniel Griffiths,102,1542,E1,1,1630,1.37,0.6,2
6,2015-01-30,Bedanta Baruah,Nigel Ralphs,224,2000,E1,0,1628,1.47,0.1,2
7,2015-01-31,Bedanta Baruah,Simon Blackmore,19,1760,E1,1,1645,1.77,0.3,3
8,2015-01-31,Bedanta Baruah,Rob Dineen,71,1899,E1,0.5,1653,1.93,0.16,3.5
9,2015-02-01,Bedanta Baruah,Steve Williams (Cwm),NA,1800,G1,0,1646,2.19,0.26,3.5
10,2015-02-01,Bedanta Baruah,Dave Williams,NA,1746,G1,1,1663,2.51,0.32,4.5
11,2015-02-03,Bedanta Baruah,David Thorne,279,1500,E1,0.5,1659,3.17,0.66,5
1,2015-04-07,Ben Jaberansari,Emily Wang,297,1153,E1,0,846,0.14,0.14,0
2,2015-04-20,Ben Jaberansari,Richard Godfrey,92,1169,E1,0,841,0.27,0.13,0
1,2015-01-12,Ben Thomas,David Perrett,212,1936,E1,0.5,1877,0.41,0.41,0.5
2,2015-01-19,Ben Thomas,John D Thornton,280,2010,E1,1,1893,0.73,0.32,1.5
3,2015-01-26,Ben Thomas,Dave R Lewis,157,1937,E1,0.5,1896,1.14,0.41,2
4,2015-02-16,Ben Thomas,Javier Martin Perez,174,2024,E1,1,1912,1.44,0.3,3
5,2015-02-23,Ben Thomas,Alan Spice,260,2050,E1,1,1930,1.71,0.27,4
6,2015-03-02,Ben Thomas,David Robinson,238,2007,E1,1,1946,2.03,0.32,5
7,2015-03-09,Ben Thomas,Richard Miles,NA,1969,G1,0.5,1949,2.4,0.37,5.5
8,2015-03-15,Ben Thomas,Chirag Guha,103,1761,E2,1,1958,3.06,0.66,6.5
9,2015-03-16,Ben Thomas,Craig Woolcock,315,1960,E2,1,1972,3.44,0.38,7.5
10,2015-03-17,Ben Thomas,Chris Howells,117,1907,E1,1,1986,3.89,0.45,8.5
11,2015-03-21,Ben Thomas,Mateusz Siedusewski,NA,1444,W1,1,1988,4.79,0.9,9.5
12,2015-03-21,Ben Thomas,Venetia Sivarajasingam,250,1720,E2,1,1995,5.5,0.71,10.5
13,2015-03-22,Ben Thomas,Chirag Guha,103,1761,E2,0,1979,6.16,0.66,10.5
14,2015-03-23,Ben Thomas,Derek Jones,135,1965,E1,1,1994,6.54,0.38,11.5
15,2015-03-30,Ben Thomas,jeremy jones,138,1604,E1,1,1998,7.37,0.83,12.5
16,2015-04-03,Ben Thomas,Neil Stuart,267,1799,E1,0.5,1995,7.98,0.61,13
17,2015-04-04,Ben Thomas,Peter Bevan,NA,2045,W1,1,2013,8.25,0.27,14
18,2015-04-04,Ben Thomas,David A Sands,NA,2290,ECF,1,2035,8.35,0.1,15
19,2015-04-05,Ben Thomas,Jonathon Lb Blackburn,NA,2146,ECF,0,2031,8.52,0.17,15
20,2015-04-06,Ben Thomas,Tim Kett,151,2313,E2,0,2028,8.62,0.1,15
21,2015-04-06,Ben Thomas,John Shakespeare,NA,2052,N1,0,2022,8.89,0.27,15
22,2015-04-13,Ben Thomas,E Gibiec,NA,2141,G1,0.5,2030,9.06,0.17,15.5
23,2015-04-20,Ben Thomas,Mark Adams,NA,2011,G1,1,2046,9.38,0.32,16.5
24,2015-04-27,Ben Thomas,Chris Fox,85,1869,E2,1,2058,9.89,0.51,17.5
1,2015-01-03,Benjamin Choo Yin,Michael Ashworth,NA,2136,ECF,0,1794,0.12,0.12,0
2,2015-01-03,Benjamin Choo Yin,Steve Williams (Cwm),NA,1800,G1,0.5,1794,0.62,0.5,0.5
3,2015-01-04,Benjamin Choo Yin,Roy Thomas,275,1790,E1,1,1806,1.13,0.51,1.5
4,2015-01-05,Benjamin Choo Yin,David Robinson,238,2007,E1,1,1824,1.36,0.23,2.5
5,2015-01-05,Benjamin Choo Yin,Edd Chwieseni,48,1646,E1,1,1832,2.06,0.7,3.5
6,2015-01-20,Benjamin Choo Yin,Philip French,88,1871,E1,0.5,1834,2.46,0.4,4
7,2015-01-24,Benjamin Choo Yin,Caspian Fowler,NA,1272,G1,0.5,1824,3.36,0.9,4.5
8,2015-01-24,Benjamin Choo Yin,Tom DA Green,NA,1842,ECF,0,1814,3.8,0.44,4.5
9,2015-01-24,Benjamin Choo Yin,Yueyang Han,NA,1498,ECF,1,1817,4.65,0.85,5.5
10,2015-01-29,Benjamin Choo Yin,Jonathan James,130,2022,E1,0,1812,4.86,0.21,5.5
11,2015-02-09,Benjamin Choo Yin,Rod Gough,94,1820,E1,0.5,1813,5.33,0.47,6
12,2015-02-17,Benjamin Choo Yin,Matthew Davies,NA,2019,W1,0,1808,5.55,0.22,6
13,2015-03-03,Benjamin Choo Yin,Matthew Parry,204,1962,E1,0,1801,5.83,0.28,6
14,2015-03-07,Benjamin Choo Yin,James Evans,NA,1667,W1,0.5,1797,6.51,0.68,6.5
15,2015-03-07,Benjamin Choo Yin,Shayanna Sivarajasingam,248,1723,E1,1,1806,7.11,0.6,7.5
16,2015-03-07,Benjamin Choo Yin,Imogen Camp,NA,1692,N1,0.5,1803,7.75,0.64,8
17,2015-03-08,Benjamin Choo Yin,Karanvir Lutchman Singh,167,1714,E1,0.5,1800,8.37,0.62,8.5
18,2015-03-10,Benjamin Choo Yin,Hugo Fowler,NA,1571,G1,1,1805,9.16,0.79,9.5
19,2015-03-11,Benjamin Choo Yin,Derek Smith,256,1812,E1,0.5,1806,9.64,0.48,10
20,2015-03-14,Benjamin Choo Yin,Joel Lee,NA,1101,N1,1,1808,10.54,0.9,11
21,2015-03-18,Benjamin Choo Yin,Bill Harle,107,1744,E1,1,1818,11.11,0.57,12
22,2015-03-21,Benjamin Choo Yin,George Smith,NA,1188,G1,1,1821,12.01,0.9,13
23,2015-03-21,Benjamin Choo Yin,Aishwarya Lutchman Singh,166,1394,E1,0,1799,12.91,0.9,13
24,2015-03-21,Benjamin Choo Yin,Aviral Batra,14,936,E1,1,1802,13.81,0.9,14
25,2015-03-22,Benjamin Choo Yin,Neya Govindaraj,95,1337,E1,1,1804,14.71,0.9,15
26,2015-03-22,Benjamin Choo Yin,Arjan Bolina,NA,1693,N1,0,1789,15.35,0.64,15
27,2015-03-22,Benjamin Choo Yin,George Macmaster,NA,1024,G1,1,1791,16.25,0.9,16
28,2015-04-14,Benjamin Choo Yin,Matthew Parry,204,1999,E2,0.5,1797,0.23,0.23,0.5
29,2015-04-27,Benjamin Choo Yin,Roy Thomas,275,1700,E2,1,1806,0.86,0.63,1.5
30,2015-04-29,Benjamin Choo Yin,Derek Jones,135,1965,E1,1,1824,1.13,0.27,2.5
31,2015-05-03,Benjamin Choo Yin,Yang-Jian Zhou,NA,1946,ECF,1,1841,1.42,0.29,3.5
32,2015-05-04,Benjamin Choo Yin,Richard Freeman,NA,2074,ECF,1,1861,1.58,0.16,4.5
33,2015-05-20,Benjamin Choo Yin,James Lavender,NA,1904,G1,0,1853,1.92,0.34,4.5
34,2015-05-30,Benjamin Choo Yin,Alex Golding,NA,2090,ECF,0,1849,2.07,0.15,4.5
35,2015-05-30,Benjamin Choo Yin,Anantha P Anilkumar (jnr),NA,2026,ECF,0,1845,2.27,0.2,4.5
36,2015-05-31,Benjamin Choo Yin,Charlie McLaren,NA,2090,ECF,1,1865,2.42,0.15,5.5
37,2015-05-31,Benjamin Choo Yin,Robert M Ashworth,NA,1834,ECF,0.5,1866,2.86,0.44,6
1,2015-01-05,Beryl Hughes,Roger Jenkins,133,1535,E1,0.5,1524,0.48,0.48,0.5
2,2015-01-19,Beryl Hughes,Lyn Holland,NA,1511,G1,1,1539,1,0.52,1.5
3,2015-01-27,Beryl Hughes,Steve Herkes,112,1566,E1,1,1557,1.44,0.44,2.5
4,2015-02-02,Beryl Hughes,Bill Davies,58,1312,E1,1,1564,2.21,0.77,3.5
5,2015-02-09,Beryl Hughes,Chirag Guha,103,1731,E1,0,1557,2.44,0.23,3.5
6,2015-02-20,Beryl Hughes,June Evans,NA,1039,W1,1,1560,3.34,0.9,4.5
7,2015-02-21,Beryl Hughes,John Eddershaw,NA,1410,ECF,1,1571,4,0.66,5.5
8,2015-02-21,Beryl Hughes,Emily Wang,297,1153,E1,1,1574,4.9,0.9,6.5
9,2015-02-22,Beryl Hughes,Scott Hammett,NA,1559,D1,0.5,1576,5.35,0.45,7
10,2015-02-22,Beryl Hughes,Michael Foss,NA,1570,ECF,1,1594,5.78,0.43,8
11,2015-02-23,Beryl Hughes,David Thorne,279,1500,E1,0,1577,6.31,0.53,8
12,2015-03-16,Beryl Hughes,Venetia Sivarajasingam,250,1720,E2,0,1569,6.55,0.24,8
13,2015-03-30,Beryl Hughes,Mark Jones,139,1654,E1,0,1559,6.87,0.32,8
14,2015-04-03,Beryl Hughes,Amin Ghabanlou,91,1004,E1,1,1562,7.77,0.9,9
15,2015-04-04,Beryl Hughes,Chris P Smith,NA,1506,ECF,0,1546,8.29,0.52,9
16,2015-04-05,Beryl Hughes,John Eddershaw,NA,1410,ECF,0,1525,8.95,0.66,9
17,2015-04-20,Beryl Hughes,Mike Maguire,172,1728,E1,0.5,1533,9.18,0.23,9.5
18,2015-05-11,Beryl Hughes,Sam White,303,1570,E1,1,1551,9.61,0.43,10.5
1,2015-01-13,Bill Davies,David Thorne,279,1500,E1,0.5,1320,0.25,0.25,0.5
2,2015-01-20,Bill Davies,Aron Calist,33,1414,E1,0.5,1324,0.61,0.36,1
3,2015-01-27,Bill Davies,Anthony Williams,306,996,E1,0.5,1313,1.48,0.87,1.5
4,2015-02-02,Bill Davies,Beryl Hughes,119,1523,E1,0,1305,1.71,0.23,1.5
5,2015-02-03,Bill Davies,Anthony Williams,306,996,E1,1,1309,2.58,0.87,2.5
6,2015-02-16,Bill Davies,Dai James,129,1843,E1,0,1306,2.68,0.1,2.5
7,2015-02-24,Bill Davies,Peter Watkins,301,1452,E1,0.5,1312,2.99,0.31,3
8,2015-03-10,Bill Davies,David Hambrook,105,1626,E1,0,1308,3.12,0.13,3
9,2015-03-16,Bill Davies,Roger Jenkins,133,1535,E1,0,1301,3.34,0.22,3
10,2015-03-17,Bill Davies,David Roberts,235,1510,E1,0,1293,3.58,0.24,3
11,2015-03-26,Bill Davies,Roger Phillips,215,1467,E1,0.5,1300,3.87,0.29,3.5
12,2015-04-08,Bill Davies,Alex Kenealy,150,1640,E1,0,1296,3.99,0.12,3.5
13,2015-04-20,Bill Davies,Stephen Bonutto,22,1173,E1,0.5,1290,4.68,0.69,4
14,2015-04-21,Bill Davies,Steve Herkes,112,1566,E1,0.5,1300,4.86,0.18,4.5
1,2015-01-07,Bill Harle,Ken Hannah,106,1759,E1,0.5,1744,0.48,0.48,0.5
2,2015-01-19,Bill Harle,Ken Hannah,106,1759,E1,0.5,1745,0.96,0.48,1
3,2015-02-11,Bill Harle,Michael Arribas-Ayllon,8,1715,E1,0.5,1744,1.5,0.54,1.5
4,2015-02-17,Bill Harle,Mark Jones,139,1654,E1,0,1729,2.12,0.62,1.5
5,2015-02-23,Bill Harle,Sam Warburton,298,1593,E1,0,1712,2.82,0.7,1.5
6,2015-03-04,Bill Harle,David Rovaretti,240,1648,E1,1,1721,3.45,0.63,2.5
7,2015-03-18,Bill Harle,Benjamin Choo Yin,40,1797,E1,0,1711,3.88,0.43,2.5
8,2015-03-23,Bill Harle,Aishwarya Lutchman Singh,166,1394,E1,1,1714,4.77,0.89,3.5
9,2015-04-08,Bill Harle,Keith Thompson,278,1851,E1,0.5,1717,5.12,0.35,4
10,2015-04-13,Bill Harle,Steve Woodrow,314,1722,E1,1,1728,5.65,0.53,5
11,2015-05-10,Bill Harle,Steve Horrell,NA,1677,G1,0.5,1726,6.24,0.59,5.5
12,2015-05-20,Bill Harle,Chris Fox,85,1869,E2,0,1718,6.57,0.33,5.5
1,2015-01-14,Bill Hunt,David Perrett,212,1936,E1,0.5,1841,0.36,0.36,0.5
2,2015-01-19,Bill Hunt,Matthew Parry,204,1962,E1,1,1857,0.69,0.33,1.5
3,2015-01-28,Bill Hunt,Alan Spice,260,2050,E1,0,1852,0.92,0.23,1.5
4,2015-02-11,Bill Hunt,Peter Quinn,223,1876,E1,0.5,1853,1.37,0.45,2
5,2015-03-04,Bill Hunt,Steve Christmas,45,1930,E1,0,1844,1.74,0.37,2
6,2015-03-18,Bill Hunt,Rob Dineen,71,1899,E1,0,1834,2.15,0.41,2
7,2015-03-23,Bill Hunt,Tony Gutteridge,104,1604,E1,1,1839,2.95,0.8,3
8,2015-04-01,Bill Hunt,Daniel Griffiths,102,1542,E1,1,1843,3.8,0.85,4
9,2015-04-03,Bill Hunt,Jeremy Jones,138,1604,E1,0.5,1836,4.6,0.8,4.5
10,2015-04-03,Bill Hunt,James Evans,NA,1667,W1,1,1842,5.33,0.73,5.5
11,2015-04-04,Bill Hunt,Karanvir Lutchman Singh,167,1714,E1,0.5,1838,6,0.67,6
12,2015-04-04,Bill Hunt,Gavin Williams,307,1658,E1,1,1844,6.74,0.74,7
13,2015-04-05,Bill Hunt,John Fletcher,84,2068,E1,0,1839,6.95,0.21,7
14,2015-04-06,Bill Hunt,David Buttell,NA,1884,W2,0,1829,7.39,0.44,7
15,2015-04-06,Bill Hunt,Chirag Guha,103,1761,E2,0,1814,8,0.61,7
16,2015-04-13,Bill Hunt,Simon Richardson,233,1734,E1,0.5,1811,8.64,0.64,7.5
17,2015-04-29,Bill Hunt,Calum Harris,108,1801,E1,0,1797,9.19,0.55,7.5
18,2015-05-11,Bill Hunt,Dave Parsons,205,1813,E1,0.5,1796,9.73,0.54,8
1,2015-01-13,Bill Wilkins,Roland Humphries,120,1235,E1,1,1433,0.75,0.75,1
2,2015-02-03,Bill Wilkins,Frank Trombley,285,1580,E1,0,1424,1.04,0.29,1
3,2015-02-23,Bill Wilkins,Clive Silver,246,1514,E1,0.5,1428,1.42,0.38,1.5
4,2015-03-30,Bill Wilkins,Viv Martin,176,1616,E1,0,1420,1.67,0.25,1.5
1,2015-03-07,Bindu Doddi,Neil Stevenson,NA,1014,G1,0,841,0.28,0.28,0
2,2015-03-07,Bindu Doddi,Cameron Harris,NA,850,G1,0,825,0.78,0.5,0
3,2015-03-07,Bindu Doddi,Harrison Postans,NA,850,G1,0,809,1.28,0.5,0
4,2015-03-08,Bindu Doddi,Callum Penny,210,880,E1,0,794,1.74,0.46,0
1,2015-01-02,Bob Hurn,John Cox,52,1315,,0,1640,0.89,0.89,0
2,2015-01-03,Bob Hurn,Allan Fisher,83,1604,,1,1650,1.47,0.58,1
3,2015-01-03,Bob Hurn,Kam Choo Yin,42,1608,,0.5,1648,2.04,0.57,1.5
4,2015-01-04,Bob Hurn,Dave Parsons,205,1813,,0.5,1653,2.34,0.3,2
5,2015-01-04,Bob Hurn,Thomas McLaren,NA,1706,,1,1666,2.78,0.44,3
6,2015-01-05,Bob Hurn,Calum Harris,108,1801,,0,1659,3.09,0.31,3
7,2015-01-12,Bob Hurn,Clive Silver,246,1514,,1,1666,3.79,0.7,4
8,2015-01-18,Bob Hurn,Hywel Griffiths,NA,1829,,1,1683,4.07,0.28,5
9,2015-01-19,Bob Hurn,David Rovaretti,240,1648,,0.5,1683,4.59,0.52,5.5
10,2015-01-20,Bob Hurn,Dave Williams,NA,1746,,0.5,1686,4.97,0.38,6
11,2015-01-27,Bob Hurn,Jeff Rowland,241,1701,,0,1675,5.41,0.44,6
12,2015-01-30,Bob Hurn,Paul Hatchett,NA,2022,,0,1673,5.51,0.1,6
13,2015-01-31,Bob Hurn,Lyn Holland,NA,1511,IM,1,1680,6.21,0.7,7
14,2015-01-31,Bob Hurn,Steve Williams (Cwm),NA,1800,,0,1673,6.52,0.31,7
15,2015-02-01,Bob Hurn,Andrew Di-Vetta,72,1691,,0,1661,6.98,0.46,7
16,2015-02-01,Bob Hurn,Zane Allford,NA,1725,,0.5,1664,7.39,0.41,7.5
17,2015-02-02,Bob Hurn,Dave A Lewis,156,1662,,0,1652,7.89,0.5,7.5
18,2015-02-04,Bob Hurn,Mark Emblem,NA,1424,,1,1656,8.69,0.8,8.5
19,2015-02-16,Bob Hurn,Bob Owen,202,1418,,1,1661,9.49,0.8,9.5
20,2015-02-17,Bob Hurn,Zane Allford,NA,1725,,0.5,1663,9.9,0.41,10
21,2015-02-20,Bob Hurn,Jane Richmond,NA,2179,,0.5,1673,10,0.1,10.5
22,2015-02-21,Bob Hurn,Alan Harvey,NA,2098,,0,1671,10.1,0.1,10.5
23,2015-02-21,Bob Hurn,Veness Reid,NA,1863,,0,1665,10.34,0.24,10.5
24,2015-02-22,Bob Hurn,Les Philpin,NA,1622,,1,1676,10.89,0.55,11.5
25,2015-02-22,Bob Hurn,Huw Jones,NA,1642,,0.5,1675,11.42,0.53,12
26,2015-02-23,Bob Hurn,Hugh Price,218,1576,,0.5,1672,0.64,0.64,0.5
27,2015-02-25,Bob Hurn,P Smith,NA,1445,,0.5,1665,1.43,0.79,1
28,2015-03-02,Bob Hurn,Justin Morgans,189,1694,,0.5,1665,1.9,0.47,1.5
29,2015-03-04,Bob Hurn,Gerry Carolan,NA,1460,,1,1671,2.68,0.78,2.5
30,2015-03-09,Bob Hurn,Kevin O'Rourke,200,1168,,1,1673,3.58,0.9,3.5
31,2015-03-16,Bob Hurn,Guy Wagner,292,1836,,0,1666,3.86,0.28,3.5
32,2015-03-17,Bob Hurn,Ernest Gibiec,NA,2141,,0,1664,3.96,0.1,3.5
33,2015-03-23,Bob Hurn,Jeff Rowland,241,1701,,0.5,1665,4.42,0.46,4
34,2015-03-25,Bob Hurn,Dennis O. Jones,NA,1716,,0.5,1666,4.86,0.44,4.5
35,2015-03-30,Bob Hurn,Andrew Di-Vetta,72,1641,,0.5,1665,5.41,0.55,5
36,2015-04-03,Bob Hurn,S Wyn Howells,118,1613,,0.5,1663,6,0.59,5.5
37,2015-04-03,Bob Hurn,Russell Dodington,74,1751,,1,1678,6.39,0.39,6.5
38,2015-04-04,Bob Hurn,Stephen Williams,NA,1712,,0.5,1679,6.84,0.45,7
39,2015-04-04,Bob Hurn,Celso Bettencourt Pinto,216,2052,,0.5,1688,6.94,0.1,7.5
40,2015-04-05,Bob Hurn,Tom Goildrick,NA,1858,,0.5,1694,7.2,0.26,8
41,2015-04-06,Bob Hurn,Rob Dineen,71,1899,,0,1689,7.41,0.21,8
42,2015-04-06,Bob Hurn,Cyril Ley,160,1611,,0.5,1687,8,0.59,8.5
43,2015-04-07,Bob Hurn,Mark Jones,139,1654,,0.5,1686,8.53,0.53,9
44,2015-04-11,Bob Hurn,Tony Haige,NA,1833,,0.5,1691,8.82,0.29,9.5
45,2015-04-20,Bob Hurn,Steve Lindsay,162,1687,,0.5,1692,9.3,0.48,10
46,2015-04-27,Bob Hurn,John D Thornton,280,2010,,0.5,1701,9.42,0.12,10.5
47,2015-05-11,Bob Hurn,Kevin Gandy,89,1602,,0.5,1699,10.02,0.6,11
48,2015-05-15,Bob Hurn,Richard Burton,NA,1815,,0,1691,10.33,0.31,11
49,2015-05-16,Bob Hurn,Ray Williams,NA,1778,,0.5,1694,10.69,0.36,11.5
50,2015-05-16,Bob Hurn,Steve A Edwards,NA,1746,,0,1685,11.09,0.4,11.5
51,2015-05-17,Bob Hurn,Huw Davies,NA,1725,,0.5,1687,11.52,0.43,12
52,2015-05-17,Bob Hurn,Steve Clare,NA,1682,,0.5,1687,12.01,0.49,12.5
53,2015-06-08,Bob Hurn,Chris Kavanagh,146,1224,,1,1689,0.9,0.9,1
54,2015-06-15,Bob Hurn,Paul Wallace,294,1391,,0.5,1681,1.75,0.85,1.5
55,2015-06-22,Bob Hurn,David Roberts,235,1510,,1,1687,2.48,0.73,2.5
1,2015-01-20,Bob Owen,Howard Deere,69,1576,E1,0,1409,0.29,0.29,0
2,2015-01-29,Bob Owen,Gary Harber,NA,1358,W1,0.5,1406,0.87,0.58,0.5
3,2015-02-12,Bob Owen,Daniel Wilmot,312,1714,E1,0,1401,1.02,0.15,0.5
4,2015-02-16,Bob Owen,Bob Hurn,123,1661,E1,0,1395,1.22,0.2,0.5
5,2015-03-10,Bob Owen,Liam Penny,211,1600,E1,0,1387,1.48,0.26,0.5
6,2015-03-25,Bob Owen,Malcolm Probert,NA,1631,W1,0,1379,1.71,0.23,0.5
7,2015-04-27,Bob Owen,Mike Joslin,142,1400,E1,0.5,1378,2.24,0.53,1
1,2015-01-14,Brenda Miles,Dennis O. Jones,NA,1716,G1,0,1242,0.1,0.1,0
2,2015-02-04,Brenda Miles,Clive Thomas,NA,1752,G1,0,1239,0.2,0.1,0
3,2015-02-09,Brenda Miles,Nadi Grewal,100,1413,E1,0,1230,0.48,0.28,0
4,2015-02-25,Brenda Miles,Daniel Behan,NA,979,G1,1,1235,1.31,0.83,1
5,2015-03-04,Brenda Miles,Joshua Abramsky,NA,1228,G1,1,1250,1.83,0.52,2
6,2015-03-09,Brenda Miles,David Thorne,279,1500,E1,0,1245,2.01,0.18,2
7,2015-03-11,Brenda Miles,Warren Brown,NA,1253,G1,0.5,1245,2.5,0.49,2.5
8,2015-03-25,Brenda Miles,Matthew Hooper,NA,1003,G1,1,1251,3.3,0.8,3.5
9,2015-04-27,Brenda Miles,Peter Williams,309,1169,E1,0,1232,3.91,0.61,3.5
10,2015-05-13,Brenda Miles,Clive Thomas,NA,1752,G1,0,1229,4.01,0.1,3.5
1,2015-06-01,Brian Morris,Lauren Davies,62,1408,E1,0,847,0.1,0.1,0
1,2015-01-14,Callum McGarvey-Jones,Gareth Davies,60,1390,E1,0,1049,0.12,0.12,0
2,2015-01-21,Callum McGarvey-Jones,Anthony Williams,306,996,E1,0,1031,0.7,0.58,0
3,2015-01-28,Callum McGarvey-Jones,Duncan MacDonald,170,1232,E1,0,1022,0.96,0.26,0
4,2015-03-02,Callum McGarvey-Jones,Dwain Jones,136,1192,E1,0,1012,1.27,0.31,0
5,2015-03-18,Callum McGarvey-Jones,Gavin Williams,307,1658,E1,0,1009,1.37,0.1,0
6,2015-04-22,Callum McGarvey-Jones,Justin Morgans,189,1694,E1,0,1006,1.47,0.1,0
1,2015-03-07,Callum Penny,Robert Goodwin,NA,1096,N1,0,873,0.22,0.22,0
2,2015-03-07,Callum Penny,Charlie Davies,NA,850,G1,0,856,0.76,0.54,0
3,2015-03-07,Callum Penny,Finlay Robertson,NA,850,G1,0,838,1.3,0.54,0
4,2015-03-08,Callum Penny,Taliesin Yearwood-Williams,318,850,E1,1,853,1.84,0.54,1
5,2015-03-08,Callum Penny,Joel Chung,NA,892,W1,1,870,2.32,0.48,2
6,2015-03-08,Callum Penny,Bindu Doddi,73,850,E1,1,884,2.86,0.54,3
1,2015-01-14,Callum Smith,Sanay Goyal,97,871,E1,1,867,0.47,0.47,1
2,2015-02-16,Callum Smith,Thrisanth Venkatesh,290,892,E1,1,885,0.91,0.44,2
3,2015-02-24,Callum Smith,Daniel Jaberansari,127,970,E1,0,874,1.25,0.34,2
4,2015-03-02,Callum Smith,Tom Stanton,263,994,E1,0,864,1.56,0.31,2
5,2015-03-09,Callum Smith,Ethan Chung,46,1071,E1,0,857,1.78,0.22,2
6,2015-03-31,Callum Smith,Dave Morris,191,1022,E1,0,848,2.05,0.27,2
7,2015-04-20,Callum Smith,Madeleine Smith,NA,1097,G1,0.5,858,2.24,0.19,2.5
1,2015-01-05,Calum Harris,Bob Hurn,123,1661,E1,1,1808,0.69,0.69,1
2,2015-01-08,Calum Harris,Gruff Jones,137,1635,E1,1,1815,1.41,0.72,2
3,2015-02-02,Calum Harris,Mike Maguire,172,1728,E1,0.5,1813,2.01,0.6,2.5
4,2015-02-03,Calum Harris,Mark Janas,132,1745,E1,0.5,1811,2.59,0.58,3
5,2015-02-10,Calum Harris,Russell Dodington,74,1751,E1,0,1797,3.16,0.57,3
6,2015-02-12,Calum Harris,Neil Stuart,267,1799,E1,1,1809,3.66,0.5,4
7,2015-02-23,Calum Harris,Alun Howell,116,1751,E1,1,1819,4.23,0.57,5
8,2015-02-25,Calum Harris,Shayanna Sivarajasingam,248,1723,E1,1,1829,4.84,0.61,6
9,2015-03-02,Calum Harris,Will Harwood,109,1745,E1,1,1839,5.42,0.58,7
10,2015-03-16,Calum Harris,Dave A Lewis,156,1662,E1,0.5,1834,6.11,0.69,7.5
11,2015-04-13,Calum Harris,Jonathan Kell,149,1816,E1,1,1847,6.59,0.48,8.5
12,2015-04-20,Calum Harris,Sam Warburton,298,1593,E1,1,1852,7.36,0.77,9.5
13,2015-04-27,Calum Harris,Peter Heaven,110,2131,E1,0,1849,7.48,0.12,9.5
14,2015-04-29,Calum Harris,Bill Hunt,121,1838,E1,1,1863,7.93,0.45,10.5
1,2015-01-14,Celso Bettencourt Pinto,Paul Bridges,26,1948,E1,0.5,2050,0.64,0.64,0.5
2,2015-01-21,Celso Bettencourt Pinto,Joe Fathallah,82,2007,E1,0.5,2049,1.2,0.56,1
3,2015-02-11,Celso Bettencourt Pinto,Craig Woolcock,315,2036,E1,1,2056,1.72,0.52,2
4,2015-03-25,Celso Bettencourt Pinto,Ed Wang,296,1957,E1,1,2062,2.35,0.63,3
5,2015-03-30,Celso Bettencourt Pinto,Craig Woolcock,315,1960,E2,0,2052,2.98,0.63,3
6,2015-04-03,Celso Bettencourt Pinto,Chirag Guha,103,1761,E2,1,2055,3.83,0.85,4
7,2015-04-03,Celso Bettencourt Pinto,Ken Hannah,106,1759,E1,1,2057,4.68,0.85,5
8,2015-04-04,Celso Bettencourt Pinto,Charles Summers,269,1927,E1,0,2046,5.35,0.67,5
9,2015-04-04,Celso Bettencourt Pinto,Bob Hurn,123,1675,E2,0.5,2040,6.25,0.9,5.5
10,2015-04-05,Celso Bettencourt Pinto,Julie Van Kemenade,NA,1786,D1,1,2043,7.08,0.83,6.5
11,2015-04-06,Celso Bettencourt Pinto,Shayanna Sivarajasingam,248,1711,E2,1,2044,7.97,0.89,7.5
12,2015-04-06,Celso Bettencourt Pinto,Ernest Gibiec,NA,2141,G1,0,2038,8.35,0.38,7.5
13,2015-04-28,Celso Bettencourt Pinto,Ernest Gibiec,NA,2141,G1,0,2032,8.73,0.38,7.5
14,2015-04-29,Celso Bettencourt Pinto,Rob Dineen,71,1899,E1,1,2037,9.44,0.71,8.5
15,2015-05-04,Celso Bettencourt Pinto,Graham Parker,203,1755,E1,1,2039,10.29,0.85,9.5
1,2015-01-14,Charles Summers,Jeremy Jones,138,1604,E1,1,1930,0.87,0.87,1
2,2015-01-21,Charles Summers,Michael Arribas-Ayllon,8,1715,E1,0.5,1924,1.64,0.77,1.5
3,2015-01-28,Charles Summers,Guy Wagner,292,1836,E1,0.5,1921,2.27,0.63,2
4,2015-02-11,Charles Summers,Steve Cunliffe,56,1974,E1,0,1910,2.7,0.43,2
5,2015-02-23,Charles Summers,Karanvir Lutchman Singh,167,1714,E1,1,1916,3.47,0.77,3
6,2015-03-30,Charles Summers,Ashley Davis,66,1946,E1,1,1928,3.94,0.47,4
7,2015-04-03,Charles Summers,Dewi Jones,NA,1653,N1,1,1933,4.77,0.83,5
8,2015-04-03,Charles Summers,Simon Blackmore,19,1760,E1,1,1939,5.49,0.72,6
9,2015-04-04,Charles Summers,Celso Bettencourt Pinto,216,2052,E1,1,1955,5.82,0.33,7
10,2015-04-04,Charles Summers,David Buttell,NA,1884,W2,0.5,1954,6.38,0.56,7.5
11,2015-04-05,Charles Summers,John McGregor,182,1817,E1,1,1962,7.03,0.65,8.5
12,2015-04-06,Charles Summers,John Fletcher,84,2068,E1,0.5,1967,7.34,0.31,9
13,2015-04-06,Charles Summers,Steve Christmas,45,1930,E1,0,1955,7.84,0.5,9
14,2015-04-29,Charles Summers,Chirag Guha,103,1761,E2,0.5,1950,8.56,0.72,9.5
1,2015-04-21,Charlie Smith,Aviral Batra,14,936,E1,1,916,0.45,0.45,1
2,2015-04-29,Charlie Smith,Ethan Chung,46,1071,E1,0,907,0.72,0.27,1
1,2015-01-02,Chirag Guha,Dave Turner,NA,1932,G1,0,1725,0.24,0.24,0
2,2015-01-03,Chirag Guha,David Buttell,NA,1935,W1,1,1743,0.48,0.24,1
3,2015-01-03,Chirag Guha,Lee Davis,67,2056,E1,0,1740,0.61,0.13,1
4,2015-01-04,Chirag Guha,Steve Williams (Cwm),NA,1800,G1,1,1755,1.01,0.4,2
5,2015-01-05,Chirag Guha,John Waterfield,NA,2062,G1,0,1752,1.13,0.12,2
6,2015-01-05,Chirag Guha,Karanvir Lutchman Singh,167,1714,E1,1,1763,1.65,0.52,3
7,2015-01-20,Chirag Guha,Simon Richardson,233,1734,E1,0.5,1763,2.15,0.5,3.5
8,2015-01-24,Chirag Guha,Anton Petkov,NA,1460,N1,0,1743,2.98,0.83,3.5
9,2015-01-24,Chirag Guha,George Atalla,NA,1530,ECF,1,1749,3.74,0.76,4.5
10,2015-01-24,Chirag Guha,Harrison Wilmoth,NA,1602,ECF,1,1757,4.42,0.68,5.5
11,2015-01-24,Chirag Guha,Ezra Brass,NA,1442,ECF,1,1761,5.27,0.85,6.5
12,2015-01-24,Chirag Guha,Yueyang Han,NA,1498,ECF,1,1765,6.07,0.8,7.5
13,2015-01-29,Chirag Guha,David Rovaretti,240,1648,E1,0,1750,6.69,0.62,7.5
14,2015-01-30,Chirag Guha,Aishwarya Lutchman Singh,166,1394,E1,1,1753,7.57,0.88,8.5
15,2015-01-31,Chirag Guha,Nicholas Evans,NA,1995,W1,0,1749,7.75,0.18,8.5
16,2015-01-31,Chirag Guha,Neya Govindaraj,95,1337,E1,1,1751,8.65,0.9,9.5
17,2015-02-01,Chirag Guha,Shayanna Sivarajasingam,248,1723,E1,1,1763,9.16,0.51,10.5
18,2015-02-01,Chirag Guha,Elliott MacNeil,171,1649,E1,1,1773,9.77,0.61,11.5
19,2015-02-09,Chirag Guha,Beryl Hughes,119,1523,E1,1,1778,10.54,0.77,12.5
20,2015-02-17,Chirag Guha,Steve Cunliffe,56,1974,E1,0,1773,10.74,0.2,12.5
21,2015-02-21,Chirag Guha,Edward Gray,NA,1490,ECF,1,1778,11.54,0.8,13.5
22,2015-02-21,Chirag Guha,Elias Gelain-Sohn,NA,1570,ECF,0.5,1773,12.26,0.72,14
23,2015-02-21,Chirag Guha,Avi Gena,NA,1530,ECF,1,1779,13.02,0.76,15
24,2015-02-22,Chirag Guha,Gearge Neil,NA,1586,ECF,0,1762,13.72,0.7,15
25,2015-02-22,Chirag Guha,Emanuel Gelain-Sohn,NA,1530,ECF,0.5,1755,14.48,0.76,15.5
26,2015-02-22,Chirag Guha,Teddy Onslow,NA,1522,ECF,1,1761,15.25,0.77,16.5
27,2015-03-03,Chirag Guha,Ashley Davis,66,1946,E1,0,1755,0.26,0.26,0
28,2015-03-07,Chirag Guha,Ben Sloper,NA,1050,G1,1,1757,1.16,0.9,1
29,2015-03-07,Chirag Guha,Caspian Fowler,NA,1272,G1,1,1760,2.06,0.9,2
30,2015-03-08,Chirag Guha,Ifan Rathbone-Jones,NA,1464,N1,1,1763,2.91,0.85,3
31,2015-03-08,Chirag Guha,Duncan MacDonald,170,1232,E1,1,1766,3.81,0.9,4
32,2015-03-11,Chirag Guha,Michael Arribas-Ayllon,8,1715,E1,0.5,1764,4.37,0.56,4.5
33,2015-03-15,Chirag Guha,Ben Thomas,273,1875,E1,0,1756,4.71,0.34,4.5
34,2015-03-21,Chirag Guha,Mateusz Siedusewski,NA,1444,W1,1,1759,5.58,0.87,5.5
35,2015-03-21,Chirag Guha,Venetia Sivarajasingam,250,1720,E2,1,1770,6.14,0.56,6.5
36,2015-03-21,Chirag Guha,Sanay Goyal,97,871,E1,1,1772,7.04,0.9,7.5
37,2015-03-21,Chirag Guha,Yasim Giles,NA,1994,ECF,0,1767,7.24,0.2,7.5
38,2015-03-22,Chirag Guha,Ben Thomas,273,1875,E1,1,1783,7.58,0.34,8.5
39,2015-03-22,Chirag Guha,Alexander Jamieson,NA,1714,ECF,1,1793,8.15,0.57,9.5
40,2015-04-03,Chirag Guha,Celso Bettencourt Pinto,216,2052,E1,0,1790,8.3,0.15,9.5
41,2015-04-03,Chirag Guha,Robbie Kildea,NA,1716,IRL,1,1800,8.86,0.56,10.5
42,2015-04-04,Chirag Guha,Matthew Carr,NA,1866,ECF,1,1816,9.22,0.36,11.5
43,2015-04-04,Chirag Guha,Roger De Coverly,NA,2170,ECF,0,1813,9.32,0.1,11.5
44,2015-04-05,Chirag Guha,Venetia Sivarajasingam,250,1720,E2,0.5,1812,9.88,0.56,12
45,2015-04-06,Chirag Guha,Edward Donovan,75,1700,E1,0.5,1810,10.47,0.59,12.5
46,2015-04-06,Chirag Guha,Bill Hunt,121,1838,E1,1,1824,10.86,0.39,13.5
47,2015-04-14,Chirag Guha,Ashley Davis,66,1946,E1,0,1818,11.12,0.26,13.5
48,2015-04-27,Chirag Guha,Daniel Wilmot,312,1714,E1,1,1828,11.69,0.57,14.5
49,2015-04-29,Chirag Guha,Charles Summers,269,1927,E1,0.5,1834,11.97,0.28,15
50,2015-05-10,Chirag Guha,Robert Moore,NA,1998,W1,0.5,1841,12.17,0.2,15.5
51,2015-05-20,Chirag Guha,Russell Dodington,74,1751,E1,0,1829,12.68,0.51,15.5
52,2015-05-30,Chirag Guha,Ilya Misyura,NA,1962,ECF,0.5,1833,0.32,0.32,0.5
53,2015-05-30,Chirag Guha,Calum Salmons,NA,1770,ECF,1,1843,0.9,0.58,1.5
54,2015-05-31,Chirag Guha,Benjamin Headlong,NA,1658,ECF,1,1850,1.63,0.73,2.5
55,2015-05-31,Chirag Guha,Nichollas Vallis,NA,1674,ECF,1,1857,2.34,0.71,3.5
1,2015-01-07,Chris Fox,Craig Woolcock,315,2036,,0.5,1905,0.32,0.32,0.5
2,2015-01-15,Chris Fox,Javier Martin Perez,174,2024,,0,1897,0.65,0.33,0.5
3,2015-01-21,Chris Fox,Alan Spice,260,2050,,0,1890,0.95,0.3,0.5
4,2015-01-27,Chris Fox,Chris Howells,117,1907,,0.5,1890,1.44,0.49,1
5,2015-01-28,Chris Fox,Walter Braun,25,2236,FM,0.5,1900,1.56,0.12,1.5
6,2015-02-04,Chris Fox,Steve Christmas,45,1930,,0,1889,2.02,0.46,1.5
7,2015-02-11,Chris Fox,Keith Thompson,278,1851,,1,1899,2.59,0.57,2.5
8,2015-02-18,Chris Fox,Edward Donovan,75,1700,,1,1905,3.35,0.76,3.5
9,2015-02-23,Chris Fox,Ernest Gibiec,NA,2141,,0,1900,3.55,0.2,3.5
10,2015-03-02,Chris Fox,Matthew Davies,NA,2019,,0,1892,3.89,0.34,3.5
11,2015-03-04,Chris Fox,Tim Kett,151,2312,,0,1889,3.99,0.1,3.5
12,2015-03-09,Chris Fox,David Perrett,212,1936,,1,1902,4.44,0.45,4.5
13,2015-03-11,Chris Fox,Peter Heaven,110,2131,,0,1897,4.65,0.21,4.5
14,2015-03-15,Chris Fox,Nigel Ralphs,224,2000,,0,1889,5.01,0.36,4.5
15,2015-04-01,Chris Fox,Keith Thompson,278,1851,,0.5,1887,5.58,0.57,5
16,2015-04-03,Chris Fox,Aishwarya Lutchman Singh,166,1517,,0.5,1877,6.48,0.9,5.5
17,2015-04-03,Chris Fox,Karanvir Lutchman Singh,167,1714,,0,1859,7.23,0.75,5.5
18,2015-04-04,Chris Fox,James Evans,NA,1667,,0.5,1852,8.03,0.8,6
19,2015-04-04,Chris Fox,Cyril Ley,160,1611,,0.5,1844,8.88,0.85,6.5
20,2015-04-05,Chris Fox,Roy Thomas,275,1790,,0.5,1840,9.53,0.65,7
21,2015-04-06,Chris Fox,Jeremy Jones,138,1604,,0.5,1832,10.38,0.85,7.5
22,2015-04-06,Chris Fox,Gavin Williams,307,1658,,1,1837,11.18,0.8,8.5
23,2015-04-13,Chris Fox,Dave R Lewis,157,1936,,1,1850,11.63,0.45,9.5
24,2015-04-20,Chris Fox,John D Thornton,280,2010,,0.5,1853,11.98,0.35,10
25,2015-04-22,Chris Fox,David Robinson,238,2007,,1,1869,12.33,0.35,11
26,2015-04-27,Chris Fox,Ben Thomas,273,1875,,0,1857,0.49,0.49,0
27,2015-05-20,Chris Fox,Bill Harle,107,1744,,1,1865,1.16,0.67,1
28,2015-06-17,Chris Fox,Edward Mason,177,1502,,1,1868,2.06,0.9,2
1,2015-01-20,Chris Golding,John Rowles,242,1193,E1,1,1305,0.64,0.64,1
2,2015-02-23,Chris Golding,Kevin O'Rourke,200,1168,E1,1,1315,1.31,0.67,2
1,2015-01-02,Chris Green,Paul Turner,286,1300,E1,1,1592,0.84,0.84,1
2,2015-01-03,Chris Green,Andrew Worthington,316,1354,E1,0,1567,1.64,0.8,1
3,2015-01-03,Chris Green,Neya Govindaraj,95,1337,E1,1,1573,2.45,0.81,2
4,2015-01-04,Chris Green,David J Archer,NA,1514,ECF,1,1585,3.05,0.6,3
5,2015-01-04,Chris Green,Megan Richards,232,1503,E1,1,1598,3.67,0.62,4
6,2015-01-05,Chris Green,Matthew Lunnon,165,1561,E1,0.5,1596,4.21,0.54,4.5
7,2015-01-15,Chris Green,Nick Mavroyenneas,179,850,E1,1,1599,5.11,0.9,5.5
8,2015-01-19,Chris Green,Howard Lloyd,164,1406,E1,1,1608,5.85,0.74,6.5
9,2015-01-26,Chris Green,Jeremy Jones,138,1604,E1,0.5,1608,6.33,0.48,7
10,2015-02-02,Chris Green,Jason Grice,101,1115,E1,1,1612,7.23,0.9,8
11,2015-03-09,Chris Green,Matthew Parry,204,1962,E1,0,1608,7.33,0.1,8
12,2015-03-16,Chris Green,Daniel Griffiths,102,1542,E1,1,1623,7.89,0.56,9
13,2015-03-23,Chris Green,Andrew Di-Vetta,72,1641,E2,0,1609,8.31,0.42,9
14,2015-04-20,Chris Green,Venetia Sivarajasingam,250,1720,E2,0,1599,8.63,0.32,9
15,2015-04-23,Chris Green,Martin Ricketts,234,1444,E1,1,1609,9.32,0.69,10
16,2015-05-07,Chris Green,Ashley Davis,66,1946,E1,0,1606,9.42,0.1,10
17,2015-05-11,Chris Green,Stephen Lambourne,154,1532,E1,0.5,1603,10,0.58,10.5
1,2015-01-06,Chris Hooper,Anlan Qiu,222,1326,,0.5,1388,0.59,0.59,0.5
2,2015-01-20,Chris Hooper,Hugh Price,218,1576,,0.5,1396,0.85,0.26,1
3,2015-01-27,Chris Hooper,Kevin O'Rourke,200,1168,,1,1403,1.63,0.78,2
4,2015-02-03,Chris Hooper,Allan Fisher,83,1604,,1,1427,1.86,0.23,3
5,2015-03-02,Chris Hooper,John Stephenson,266,1329,,0.5,1425,2.45,0.59,3.5
6,2015-03-30,Chris Hooper,Nadi Grewal,100,1413,,0,1410,2.92,0.47,3.5
7,2015-04-14,Chris Hooper,Laurence Matuszczyk,178,1151,,1,1416,3.72,0.8,4.5
8,2015-04-20,Chris Hooper,Clive Crowley,54,1441,,0,1402,4.15,0.43,4.5
9,2015-05-27,Chris Hooper,Alex Bullen,31,2163,,0,1399,4.25,0.1,4.5
10,2015-06-03,Chris Hooper,Walter Braun,25,2236,FM,0,1396,4.35,0.1,4.5
1,2015-01-20,Chris Howells,David Robinson,238,2007,E1,0,1898,0.36,0.36,0
2,2015-01-27,Chris Howells,Chris Fox,85,1901,E1,0.5,1898,0.87,0.51,0.5
3,2015-02-02,Chris Howells,William Hewitt,NA,2119,W1,0,1893,1.1,0.23,0.5
4,2015-02-09,Chris Howells,Andrew Di-Vetta,72,1691,E1,1,1898,1.88,0.78,1.5
5,2015-02-10,Chris Howells,David Buttell,NA,1935,W1,1,1911,2.34,0.46,2.5
6,2015-02-12,Chris Howells,Dai James,129,1843,E1,0.5,1909,2.93,0.59,3
7,2015-02-16,Chris Howells,Rod Gough,94,1820,E1,0,1894,3.55,0.62,3
8,2015-02-17,Chris Howells,Rob Saunders,NA,2088,W1,0.5,1900,3.81,0.26,3.5
9,2015-02-25,Chris Howells,Andrew Di-Vetta,72,1691,E1,1,1905,4.59,0.78,4.5
10,2015-02-26,Chris Howells,Mike Edwards,78,1856,E1,1,1915,5.16,0.57,5.5
11,2015-03-02,Chris Howells,James Evans,NA,1667,W1,1,1920,5.96,0.8,6.5
12,2015-03-03,Chris Howells,Bob Moore,NA,1998,W1,1,1935,6.33,0.37,7.5
13,2015-03-09,Chris Howells,David Guy,NA,1879,W1,1,1946,6.87,0.54,8.5
14,2015-03-10,Chris Howells,Tim Kett,151,2312,E1,0,1944,6.97,0.1,8.5
15,2015-03-15,Chris Howells,Keith Downey,NA,1863,W1,1,1954,7.53,0.56,9.5
16,2015-03-17,Chris Howells,Ben Thomas,273,1875,E1,0,1941,8.08,0.55,9.5
17,2015-03-24,Chris Howells,Ernest Gibiec,NA,2141,G1,0.5,1948,8.28,0.2,10
18,2015-03-30,Chris Howells,Glyn Sinnett,NA,1873,W1,1,1959,8.83,0.55,11
19,2015-04-07,Chris Howells,Justin Morgans,189,1694,E1,1,1965,9.6,0.77,12
20,2015-04-08,Chris Howells,David Guy,NA,1729,W1,1,1971,10.34,0.74,13
21,2015-04-11,Chris Howells,Ashley Davis,66,1946,E1,0,1960,10.79,0.45,13
22,2015-04-13,Chris Howells,Chris Daniel,NA,1719,W1,1,1966,11.54,0.75,14
23,2015-04-22,Chris Howells,David Guy,NA,1901,W2,1,1978,12.05,0.51,15
24,2015-04-27,Chris Howells,Steve Smith,NA,1751,W1,1,1985,12.76,0.71,16
25,2015-05-08,Chris Howells,P George,NA,1545,W1,1,1987,13.66,0.9,17
26,2015-05-11,Chris Howells,Dave R Lewis,157,1936,E2,1,1997,0.57,0.57,1
1,2015-01-13,Chris Kavanagh,Joshua Choo Yin,41,850,E1,1,1227,0.9,0.9,1
2,2015-01-27,Chris Kavanagh,Richard Godfrey,92,1169,E1,0.5,1225,1.48,0.58,1.5
3,2015-02-09,Chris Kavanagh,Akshara Nagaruru,195,850,E1,1,1228,2.38,0.9,2.5
4,2015-03-02,Chris Kavanagh,Pagona Mavroyenneas,180,850,E1,0.5,1215,3.28,0.9,3
5,2015-03-16,Chris Kavanagh,Lauren Davies,62,1408,E1,0,1207,3.54,0.26,3
6,2015-03-17,Chris Kavanagh,John Pearce,209,931,E1,1,1212,4.39,0.85,4
7,2015-03-23,Chris Kavanagh,Hugh Price,218,1576,E1,0,1208,4.5,0.11,4
8,2015-04-07,Chris Kavanagh,Wayne James,131,1458,E1,0.5,1218,4.7,0.2,4.5
9,2015-04-27,Chris Kavanagh,gavin williams,307,1658,E1,0,1214,4.8,0.1,4.5
10,2015-06-08,Chris Kavanagh,Bob Hurn,123,1687,E3,0,1211,4.9,0.1,4.5
1,2015-01-26,Chris Peters,Martin Ricketts,234,1444,E1,1,1607,0.71,0.71,1
2,2015-01-27,Chris Peters,SImon Blackmore,19,1760,E1,0.5,1612,1,0.29,1.5
3,2015-02-02,Chris Peters,Aron Calist,33,1414,E1,0.5,1606,1.74,0.74,2
4,2015-02-23,Chris Peters,Steve Lindsay,162,1687,E1,0,1597,2.12,0.38,2
5,2015-03-02,Chris Peters,Mike servini,244,1603,E1,1,1609,2.62,0.5,3
6,2015-03-16,Chris Peters,Alun Howell,116,1751,E1,1,1626,2.92,0.3,4
7,2015-04-13,Chris Peters,Daniel Wilmot,312,1714,E1,0.5,1630,3.26,0.34,4.5
8,2015-04-22,Chris Peters,Egor Muljarov,194,1556,E1,0,1616,3.82,0.56,4.5
9,2015-04-27,Chris Peters,Edward Donovan,75,1670,E2,1,1631,4.22,0.4,5.5
10,2015-06-08,Chris Peters,Lyndon Todd,NA,1090,W1,0.5,1621,5.12,0.9,6
1,2015-01-24,Cian Grattidge,Imogen Camp,NA,1692,N1,0,942,0.1,0.1,0
2,2015-01-24,Cian Grattidge,Rachel Topping,NA,930,ECF,1,957,0.62,0.52,1
3,2015-01-24,Cian Grattidge,Mercedes L Hobkirk-Capps,NA,1154,ECF,1,982,0.85,0.23,2
4,2015-01-24,Cian Grattidge,Kate Willmoth,NA,850,ECF,1,994,1.48,0.63,3
5,2015-01-24,Cian Grattidge,Adam John,NA,1242,ECF,0,989,1.63,0.15,3
6,2015-01-27,Cian Grattidge,Anlan Qiu,222,1326,E1,1,1018,1.73,0.1,4
7,2015-02-03,Cian Grattidge,Hiya Ray,228,1271,E1,0,1014,1.85,0.12,4
8,2015-02-10,Cian Grattidge,Akshara Nagaruru,195,850,E1,1,1026,2.48,0.63,5
9,2015-03-10,Cian Grattidge,Ethan Chung,46,1071,E1,0,1015,2.81,0.33,5
10,2015-03-21,Cian Grattidge,Dylan Meek,NA,1100,G1,0,1006,3.1,0.29,5
11,2015-03-21,Cian Grattidge,Madeleine Smith,NA,1097,G1,1,1028,3.4,0.3,6
12,2015-03-22,Cian Grattidge,Nathan Bridel,NA,970,G1,1,1045,3.86,0.46,7
13,2015-03-22,Cian Grattidge,Ifan Rathbone-Jones,NA,1464,N1,0,1042,3.96,0.1,7
14,2015-03-22,Cian Grattidge,Merlin Davies,63,850,E1,0.5,1038,4.59,0.63,7.5
15,2015-03-24,Cian Grattidge,Tom Stanton,263,994,E1,1,1056,5.02,0.43,8.5
16,2015-04-14,Cian Grattidge,Dafydd Chapman,36,850,E1,1,1068,5.65,0.63,9.5
17,2015-04-21,Cian Grattidge,Connor Evans,81,850,E1,1,1080,6.28,0.63,10.5
18,2015-04-29,Cian Grattidge,Daniel Jaberansari,127,1144,E2,0,1072,6.52,0.24,10.5
19,2015-05-06,Cian Grattidge,Aviral Batra,14,936,E1,0,1056,7.03,0.51,10.5
20,2015-05-06,Cian Grattidge,Daniel Jaberansari,127,1144,E2,0,1048,7.27,0.24,10.5
21,2015-05-13,Cian Grattidge,Akshara Nagaruru,195,850,E1,1,1060,7.9,0.63,11.5
1,2015-01-13,Clive Crowley,Allan Fisher,83,1604,E1,1,1464,0.28,0.28,1
2,2015-01-19,Clive Crowley,Stephen Lambourne,154,1532,E1,0,1452,0.65,0.37,1
3,2015-01-26,Clive Crowley,Dave Mahoney,173,1337,E1,0,1432,1.29,0.64,1
4,2015-02-09,Clive Crowley,Viv Martin,176,1616,E1,0,1423,1.56,0.27,1
5,2015-03-05,Clive Crowley,Roger Phillips,215,1467,E1,1,1440,2.02,0.46,2
6,2015-03-09,Clive Crowley,Guy Wagner,292,1836,E1,0,1437,2.12,0.1,2
7,2015-03-30,Clive Crowley,Karanvir Lutchman Singh,167,1714,E1,1,1464,2.29,0.17,3
8,2015-04-14,Clive Crowley,Edward Mason,177,1502,E1,0.5,1467,2.7,0.41,3.5
9,2015-04-20,Clive Crowley,Chris Hooper,115,1391,E1,1,1480,3.27,0.57,4.5
1,2015-01-12,Clive Silver,Bob Hurn,123,1661,E1,0,1504,0.3,0.3,0
2,2015-01-19,Clive Silver,John Cox,52,1315,E1,0.5,1496,1.06,0.76,0.5
3,2015-01-27,Clive Silver,David Thorne,279,1500,E1,0.5,1495,1.58,0.52,1
4,2015-02-02,Clive Silver,Cyril Ley,160,1611,E1,0.5,1500,1.95,0.37,1.5
5,2015-02-23,Clive Silver,Bill Wilkins,304,1425,E1,0.5,1496,2.57,0.62,2
6,2015-03-09,Clive Silver,Daniel Griffiths,102,1542,E1,0.5,1497,3.03,0.46,2.5
7,2015-03-16,Clive Silver,Alex Kenealy,150,1640,E1,1,1518,3.36,0.33,3.5
8,2015-03-30,Clive Silver,Wayne James,131,1458,E1,1,1532,3.94,0.58,4.5
9,2015-04-20,Clive Silver,Matthew Lunnon,165,1561,E1,0,1518,4.37,0.43,4.5
10,2015-04-27,Clive Silver,peter slater,252,1635,E1,0,1508,4.7,0.33,4.5
11,2015-05-11,Clive Silver,Peter Watkins,301,1452,E1,0.5,1505,5.29,0.59,5
1,2015-02-03,Connor Evans,Tom Stanton,263,994,E1,0,840,0.31,0.31,0
2,2015-02-24,Connor Evans,James Bibey,17,882,E1,0,826,0.76,0.45,0
3,2015-03-24,Connor Evans,Isaac Aljabri,6,850,E1,1,842,1.26,0.5,1
4,2015-04-21,Connor Evans,Cian Grattidge,98,945,E1,0,830,1.63,0.37,1
5,2015-05-19,Connor Evans,Dafydd Chapman,36,850,E1,0,814,2.13,0.5,1
1,2015-01-07,Conor Hunt,Tony Gutteridge,104,1604,E1,1,1709,0.63,0.63,1
2,2015-01-15,Conor Hunt,Mike Edwards,78,1856,E1,1,1726,0.92,0.29,2
3,2015-01-27,Conor Hunt,Allan Fisher,83,1604,E1,1,1735,1.55,0.63,3
4,2015-02-04,Conor Hunt,Keith Thompson,278,1851,E1,0,1728,1.85,0.3,3
5,2015-02-17,Conor Hunt,Anthony Williams,306,996,E1,0,1706,2.75,0.9,3
6,2015-02-23,Conor Hunt,Russell Dodington,74,1751,E1,0,1696,3.18,0.43,3
7,2015-03-04,Conor Hunt,Megan Richards,232,1503,E1,1,1701,3.94,0.76,4
8,2015-03-09,Conor Hunt,Justin Morgans,189,1694,E1,0,1689,4.45,0.51,4
9,2015-04-22,Conor Hunt,Damon Davies,59,1766,E1,0.5,1691,4.86,0.41,4.5
10,2015-04-27,Conor Hunt,Aishwarya Lutchman Singh,166,1517,E2,1,1698,5.6,0.74,5.5
11,2015-04-28,Conor Hunt,Dave Roberts,NA,1593,G1,0,1682,6.25,0.65,5.5
12,2015-05-10,Conor Hunt,Gerry Carolan,NA,1460,G1,1,1687,7.05,0.8,6.5
1,2015-01-03,Craig Woolcock,Rudy van Kemenade,NA,2045,D1,0,2028,0.49,0.49,0
2,2015-01-03,Craig Woolcock,Alyssa Wang,295,1782,E1,0,2015,1.31,0.82,0
3,2015-01-04,Craig Woolcock,Andrew Di-Vetta,72,1691,E1,1,2017,2.2,0.89,1
4,2015-01-05,Craig Woolcock,Tony Haigh,NA,1869,D1,1,2021,2.92,0.72,2
5,2015-01-07,Craig Woolcock,Chris Fox,85,1901,E1,0.5,2018,3.6,0.68,2.5
6,2015-01-10,Craig Woolcock,John Fletcher,84,2068,E1,0.5,2019,4.05,0.45,3
7,2015-01-11,Craig Woolcock,Mark E Page,NA,2098,ECF,0,2013,4.46,0.41,3
8,2015-01-12,Craig Woolcock,Graham Parker,203,1755,E1,1,2015,5.3,0.84,4
9,2015-01-15,Craig Woolcock,Steve Cunliffe,56,1974,E1,0.5,2014,5.89,0.59,4.5
10,2015-01-19,Craig Woolcock,Keith Thompson,278,1851,E1,0,2002,6.63,0.74,4.5
11,2015-01-26,Craig Woolcock,John D Thornton,280,2010,E1,0,1993,7.17,0.54,4.5
12,2015-01-30,Craig Woolcock,Vincent O Homolka,NA,1858,ECF,1,1997,7.91,0.74,5.5
13,2015-01-31,Craig Woolcock,Ian Paul Stephens,NA,1746,ECF,0,1984,8.76,0.85,5.5
14,2015-01-31,Craig Woolcock,Damian McCarthy,NA,1946,ECF,0,1974,9.38,0.62,5.5
15,2015-02-01,Craig Woolcock,James E Moreby,NA,2002,ECF,0.5,1973,9.93,0.55,6
16,2015-02-07,Craig Woolcock,Tim F Woodward,NA,1850,ECF,0,1961,10.67,0.74,6
17,2015-02-07,Craig Woolcock,Ben Poumozafari,NA,1786,ECF,1,1964,11.48,0.81,7
18,2015-02-07,Craig Woolcock,Graham L Cole,NA,1850,ECF,0.5,1960,12.22,0.74,7.5
19,2015-02-08,Craig Woolcock,Mark V Abbott,NA,2018,ECF,1,1968,12.75,0.53,8.5
20,2015-02-08,Craig Woolcock,Darrel A Watson,NA,1738,ECF,0.5,1962,13.6,0.85,9
21,2015-02-09,Craig Woolcock,Steve cronick,53,1908,E1,1,1968,14.27,0.67,10
22,2015-02-11,Craig Woolcock,Celso Bettencourt Pinto,216,2052,E1,0,1960,14.75,0.48,10
23,2015-02-12,Craig Woolcock,Lee Davis,67,2056,E1,1,1968,15.22,0.47,11
24,2015-02-17,Craig Woolcock,Rob Dineen,71,1899,E1,0,1957,15.91,0.69,11
25,2015-03-03,Craig Woolcock,Peter Heaven,110,2131,E1,0.5,1960,16.28,0.37,11.5
26,2015-03-09,Craig Woolcock,Paul Bridges,26,1948,E1,0.5,1960,0.52,0.52,0.5
27,2015-03-09,Craig Woolcock,Ashley Davis,66,1946,E1,0,1951,1.04,0.52,0.5
28,2015-03-15,Craig Woolcock,Alan Spice,260,2050,E1,0.5,1953,1.42,0.38,1
29,2015-03-16,Craig Woolcock,Ben Thomas,273,1875,E1,0,1943,2.04,0.62,1
30,2015-03-26,Craig Woolcock,Steve Christmas,45,1930,E1,1,1951,2.58,0.54,2
31,2015-03-30,Craig Woolcock,Celso Bettencourt Pinto,216,2052,E1,1,1961,2.95,0.37,3
1,2015-01-12,Cyril Ley,Richard Livermore,NA,1649,G1,0.5,1612,0.45,0.45,0.5
2,2015-01-26,Cyril Ley,Aishwarya Lutchman Singh,166,1394,E1,1,1617,1.23,0.78,1.5
3,2015-02-02,Cyril Ley,Clive Silver,246,1514,E1,0.5,1614,1.86,0.63,2
4,2015-02-23,Cyril Ley,Howard Deere,69,1576,E1,1,1625,2.41,0.55,3
5,2015-03-02,Cyril Ley,Sam Jukes,144,1716,E1,1,1641,2.77,0.36,4
6,2015-03-17,Cyril Ley,Kam Choo Yin,42,1608,E1,1,1653,3.27,0.5,5
7,2015-04-02,Cyril Ley,Gruff Jones,137,1635,E1,0.5,1653,3.74,0.47,5.5
8,2015-04-03,Cyril Ley,Matthew Carr,NA,1866,ECF,1,1673,3.92,0.18,6.5
9,2015-04-03,Cyril Ley,Steve Christmas,45,1930,E1,0,1670,4.05,0.13,6.5
10,2015-04-04,Cyril Ley,Tom Goildrick,NA,1858,ECF,0,1665,4.24,0.19,6.5
11,2015-04-04,Cyril Ley,Chris Fox,85,1901,E1,0.5,1674,4.39,0.15,7
12,2015-04-05,Cyril Ley,Paul Orton,NA,1584,D1,0.5,1673,4.93,0.54,7.5
13,2015-04-06,Cyril Ley,John Cox,52,1315,E1,0.5,1664,5.78,0.85,8
14,2015-04-06,Cyril Ley,Bob Hurn,123,1675,E2,0.5,1666,6.19,0.41,8.5
15,2015-04-13,Cyril Ley,Hanni Youssef,319,1462,E1,1,1674,6.89,0.7,9.5
16,2015-05-11,Cyril Ley,Alan Williams,305,1627,E1,0.5,1674,7.37,0.48,10
1,2015-02-24,Dafydd Chapman,Akshara Nagaruru,195,850,E1,1,866,0.5,0.5,1
2,2015-03-10,Dafydd Chapman,Matthew Chichester,39,850,E1,1,882,1,0.5,2
3,2015-03-25,Dafydd Chapman,Daniel Jaberansari,127,1144,E2,0,877,1.15,0.15,2
4,2015-04-14,Dafydd Chapman,Cian Grattidge,98,945,E1,0,865,1.52,0.37,2
5,2015-04-21,Dafydd Chapman,James Brindle,27,856,E1,1,882,2.01,0.49,3
6,2015-05-06,Dafydd Chapman,Ethan Chung,46,1071,E1,1,907,2.23,0.22,4
7,2015-05-13,Dafydd Chapman,Tom Stanton,263,994,E1,1,929,2.54,0.31,5
8,2015-05-19,Dafydd Chapman,Connor Evans,81,850,E1,1,945,3.04,0.5,6
9,2015-05-26,Dafydd Chapman,Hiya Ray,228,1339,E2,1,974,3.14,0.1,7
1,2015-01-02,Dai James,Andrew Di-Vetta,72,1691,,1,1850,0.7,0.7,1
2,2015-01-03,Dai James,Donald J Mason,NA,2242,,0.5,1860,0.8,0.1,1.5
3,2015-01-03,Dai James,Ashley Davis,66,1946,,0.5,1863,1.16,0.36,2
4,2015-01-04,Dai James,Alan Young,NA,2159,,0,1860,1.29,0.13,2
5,2015-01-05,Dai James,Joe Fathallah,82,2007,,0,1853,1.57,0.28,2
6,2015-01-08,Dai James,Michael Arribas-Ayllon,8,1715,,0.5,1849,2.24,0.67,2.5
7,2015-01-18,Dai James,Bob Moore,NA,1998,,0.5,1854,2.53,0.29,3
8,2015-01-30,Dai James,Timothy J Soar,NA,1598,,1,1859,3.34,0.81,4
9,2015-01-31,Dai James,Walter Braun,25,2236,FM,0,1856,3.44,0.1,4
10,2015-01-31,Dai James,Dave R Lewis,157,1937,,1,1872,3.81,0.37,5
11,2015-02-01,Dai James,David Tomboline,281,1923,,0,1862,4.2,0.39,5
12,2015-02-01,Dai James,Nigel Ralphs,224,2000,,0,1855,4.49,0.29,5
13,2015-02-03,Dai James,Alyssa Wang,295,1782,,0.5,1853,5.08,0.59,5.5
14,2015-02-10,Dai James,James Lavender,NA,1904,,1,1867,5.49,0.41,6.5
15,2015-02-12,Dai James,Chris Howells,117,1907,,0.5,1869,5.9,0.41,7
16,2015-02-16,Dai James,Bill Davies,58,1312,,1,1872,6.8,0.9,8
17,2015-02-23,Dai James,Rod Gough,94,1820,,0.5,1871,7.33,0.53,8.5
18,2015-03-02,Dai James,John McGregor,182,1817,,1,1882,7.87,0.54,9.5
19,2015-03-05,Dai James,Jeremy Jones,138,1604,,1,1887,8.67,0.8,10.5
20,2015-03-15,Dai James,John W Waterfield,NA,2062,,0.5,1894,8.89,0.22,11
21,2015-03-30,Dai James,Jeff Rowland,241,1701,,0,1877,9.58,0.69,11
22,2015-04-03,Dai James,Allan J Pleasants,NA,2214,,0,1875,9.68,0.1,11
23,2015-04-03,Dai James,Peter Ehsandar,79,2049,,0.5,1881,9.91,0.23,11.5
24,2015-04-04,Dai James,John Shakespeare,NA,2052,,0.5,1888,10.14,0.23,12
25,2015-04-04,Dai James,Lynda Roberts,NA,1913,,0.5,1890,10.54,0.4,12.5
26,2015-04-05,Dai James,"Van Kemenade, Rudy",NA,2045,,0,1884,10.78,0.24,12.5
27,2015-04-06,Dai James,David Robinson,238,2007,,0.5,1890,11.06,0.28,13
28,2015-04-06,Dai James,Thomas Thorpe,NA,2080,,0.5,1897,11.26,0.2,13.5
29,2015-04-07,Dai James,Jonathan Bold,20,1790,,0,1881,0.65,0.65,0
30,2015-04-13,Dai James,David Robinson,238,2007,,1,1897,1,0.35,1
31,2015-04-27,Dai James,Tim Kett,151,2313,,0,1895,1.1,0.1,1
32,2015-04-29,Dai James,Keith Thompson,278,1937,,1,1908,1.54,0.44,2
1,2015-01-08,Damon Davies,Hywel Griffiths,NA,1829,W1,0,1756,0.41,0.41,0
2,2015-01-12,Damon Davies,Anthony Williams,306,996,E1,1,1759,1.31,0.9,1
3,2015-01-13,Damon Davies,Matthew Davies,NA,2019,W1,0,1754,1.5,0.19,1
4,2015-01-20,Damon Davies,Alan Williams,305,1627,E1,0.5,1749,2.19,0.69,1.5
5,2015-01-27,Damon Davies,Alyssa Wang,295,1782,E1,0.5,1750,2.67,0.48,2
6,2015-02-02,Damon Davies,Russell Dodington,74,1751,E1,0.5,1749,3.19,0.52,2.5
7,2015-02-03,Damon Davies,David Buttell,NA,1935,W1,0.5,1755,3.47,0.28,3
8,2015-02-12,Damon Davies,William Hewitt,NA,2119,W1,0.5,1764,3.58,0.11,3.5
9,2015-02-23,Damon Davies,Will Harwood,109,1745,E1,0,1751,4.11,0.53,3.5
10,2015-03-02,Damon Davies,Sam Warburton,298,1593,E1,0.5,1746,4.84,0.73,4
11,2015-03-05,Damon Davies,Keith Thompson,278,1851,E1,1,1761,5.22,0.38,5
12,2015-03-16,Damon Davies,Rod Gough,94,1820,E1,1,1775,5.64,0.42,6
13,2015-04-02,Damon Davies,David Buttell,NA,1884,W2,1,1790,5.98,0.34,7
14,2015-04-13,Damon Davies,Roy Thomas,275,1700,E2,1,1800,6.57,0.59,8
15,2015-04-22,Damon Davies,Conor Hunt,122,1700,E1,0.5,1798,7.16,0.59,8.5
16,2015-04-27,Damon Davies,Mike Edwards,78,1856,E1,0,1789,7.54,0.38,8.5
17,2015-05-08,Damon Davies,P Bevan,NA,2045,W2,0,1785,7.7,0.16,8.5
1,2015-01-06,Daniel Griffiths,Bedanta Baruah,13,1615,E1,0,1529,0.4,0.4,0
2,2015-01-07,Daniel Griffiths,Sam Warburton,298,1593,E1,0,1515,0.83,0.43,0
3,2015-01-15,Daniel Griffiths,Jeff Rowland,241,1701,E1,0,1506,1.12,0.29,0
4,2015-01-20,Daniel Griffiths,Edward Donovan,75,1700,E1,0,1497,1.41,0.29,0
5,2015-01-21,Daniel Griffiths,Alex Kenealy,150,1640,E1,0,1485,1.77,0.36,0
6,2015-01-27,Daniel Griffiths,Wayne James,131,1458,E1,1,1498,2.39,0.62,1
7,2015-02-03,Daniel Griffiths,John Rowles,242,1193,E1,0,1469,3.28,0.89,1
8,2015-02-11,Daniel Griffiths,Elis Vandyck,288,1283,E1,1,1475,4.1,0.82,2
9,2015-03-02,Daniel Griffiths,Peter watkins,301,1452,E1,0.5,1471,4.72,0.62,2.5
10,2015-03-03,Daniel Griffiths,Allan Fisher,83,1604,E1,0.5,1474,5.13,0.41,3
11,2015-03-09,Daniel Griffiths,clive silver,246,1514,E1,0.5,1473,5.67,0.54,3.5
12,2015-03-16,Daniel Griffiths,Chris Green,99,1587,E1,0,1458,6.11,0.44,3.5
13,2015-03-23,Daniel Griffiths,Nadi Grewal,100,1413,E1,1,1469,6.79,0.68,4.5
14,2015-03-30,Daniel Griffiths,Jim Davies,61,1186,E1,0.5,1456,7.69,0.9,5
15,2015-04-01,Daniel Griffiths,Bill Hunt,121,1838,E1,0,1451,7.84,0.15,5
16,2015-04-03,Daniel Griffiths,Stephen Bonutto,22,1173,E1,1,1454,8.74,0.9,6
17,2015-04-03,Daniel Griffiths,John Eddershaw,NA,1410,ECF,1,1465,9.42,0.68,7
18,2015-04-04,Daniel Griffiths,Timothy S Allen,NA,1586,ECF,0,1450,9.86,0.44,7
19,2015-04-04,Daniel Griffiths,Mark Emblem,NA,1424,G1,0,1429,10.52,0.66,7
20,2015-04-05,Daniel Griffiths,Anlan Qiu,222,1326,E1,0,1404,11.3,0.78,7
21,2015-04-06,Daniel Griffiths,Pagona Mavroyenneas,180,850,E1,1,1408,12.2,0.9,8
22,2015-04-06,Daniel Griffiths,Mike McLoughlin,184,1242,E1,0,1380,13.06,0.86,8
23,2015-04-08,Daniel Griffiths,Peter Williams,309,1169,E1,1,1383,13.96,0.9,9
24,2015-04-13,Daniel Griffiths,Mike Maguire,172,1728,E1,0,1375,14.22,0.26,9
25,2015-04-14,Daniel Griffiths,John Cox,52,1315,E1,1,1382,15.01,0.79,10
26,2015-04-21,Daniel Griffiths,Peter Williams,309,1169,E1,1,1389,0.77,0.77,1
1,2015-01-02,Daniel Jaberansari,Neya Govindaraj,95,1337,E1,1,999,0.1,0.1,1
2,2015-01-03,Daniel Jaberansari,Martyn J Maber,NA,1450,ECF,0.5,1012,0.2,0.1,1.5
3,2015-01-03,Daniel Jaberansari,Guto Neave,NA,1303,W1,0,1008,0.32,0.12,1.5
4,2015-01-04,Daniel Jaberansari,Jonathon Hall,NA,1150,Est,0.5,1015,0.58,0.26,2
5,2015-01-04,Daniel Jaberansari,David J Archer,NA,1514,ECF,0,1012,0.68,0.1,2
6,2015-01-07,Daniel Jaberansari,Hiya Ray,228,1271,E1,1,1040,0.82,0.14,3
7,2015-01-12,Daniel Jaberansari,Nick Mavroyenneas,179,850,E1,1,1051,1.48,0.66,4
8,2015-01-13,Daniel Jaberansari,Anlan Qiu,222,1326,E1,0,1047,1.58,0.1,4
9,2015-01-14,Daniel Jaberansari,Alun Smith,253,850,E1,0,1026,2.24,0.66,4
10,2015-01-20,Daniel Jaberansari,John Pearce,209,931,E1,0.5,1025,2.79,0.55,4.5
11,2015-01-28,Daniel Jaberansari,Ellison Smith,257,850,E1,1,1036,3.45,0.66,5.5
12,2015-01-31,Daniel Jaberansari,Susanna Fraser,86,1358,E1,0,1032,3.55,0.1,5.5
13,2015-01-31,Daniel Jaberansari,Kevin O'Rourke,200,1168,E1,1,1057,3.79,0.24,6.5
14,2015-02-01,Daniel Jaberansari,Marcell Vesz,291,1466,E1,0,1054,3.89,0.1,6.5
15,2015-02-01,Daniel Jaberansari,Paul Turner,286,1300,E1,1,1082,4.01,0.12,7.5
16,2015-02-02,Daniel Jaberansari,Gwilym Moses,192,896,E1,1,1094,4.61,0.6,8.5
17,2015-02-03,Daniel Jaberansari,Akshara Nagaruru,195,850,E1,1,1105,5.27,0.66,9.5
18,2015-02-09,Daniel Jaberansari,Stephen Bonutto,22,1173,E1,0,1098,5.51,0.24,9.5
19,2015-02-12,Daniel Jaberansari,Richard Godfrey,92,1169,E1,0,1090,5.75,0.24,9.5
20,2015-02-24,Daniel Jaberansari,Sam Goodfellow,NA,865,G1,1,1102,6.39,0.64,10.5
21,2015-02-24,Daniel Jaberansari,Callum Smith,254,850,E1,1,1112,7.05,0.66,11.5
22,2015-03-02,Daniel Jaberansari,Mike Joslin,142,1400,E1,0.5,1125,7.15,0.1,12
23,2015-03-07,Daniel Jaberansari,Neya Govindaraj,95,1337,E1,0,1122,7.25,0.1,12
24,2015-03-07,Daniel Jaberansari,Matthew Beresford,NA,850,W1,1,1133,7.91,0.66,13
25,2015-03-07,Daniel Jaberansari,Caspian Fowler,NA,1272,G1,0.5,1144,8.05,0.14,13.5
26,2015-03-08,Daniel Jaberansari,Rachel McIntosh,NA,850,G1,0.5,1139,8.71,0.66,14
27,2015-03-08,Daniel Jaberansari,Duncan MacDonald,170,1232,E1,0,1134,8.89,0.18,14
28,2015-03-08,Daniel Jaberansari,Brandon Shaw,NA,850,N1,1,1144,9.55,0.66,15
29,2015-03-09,Daniel Jaberansari,Ivor Hitchings,113,866,E1,1,1149,0.84,0.84,1
30,2015-03-18,Daniel Jaberansari,Nessie Georgion,90,1513,E1,0,1146,0.94,0.1,1
31,2015-03-21,Daniel Jaberansari,Arjan Bolina,NA,1693,N1,0,1143,1.04,0.1,1
32,2015-03-21,Daniel Jaberansari,Jack Barry,NA,900,G1,1,1149,1.85,0.81,2
33,2015-03-21,Daniel Jaberansari,Neya Govindaraj,95,1337,E1,0,1141,2.1,0.25,2
34,2015-03-22,Daniel Jaberansari,Petko Petkov,NA,1540,N1,0.5,1154,2.2,0.1,2.5
35,2015-03-22,Daniel Jaberansari,Aviral Batra,14,936,E1,1,1161,2.97,0.77,3.5
36,2015-03-22,Daniel Jaberansari,Eoin Shackleton,NA,850,G1,1,1166,3.82,0.85,4.5
37,2015-03-24,Daniel Jaberansari,Roland Humphries,120,1235,E1,0.5,1170,4.19,0.37,5
38,2015-03-25,Daniel Jaberansari,Dafydd Chapman,36,850,E1,1,1175,5.04,0.85,6
39,2015-04-03,Daniel Jaberansari,Andrew Camp,NA,1494,N1,0,1171,5.15,0.11,6
40,2015-04-03,Daniel Jaberansari,Kevin Langmaid,NA,1514,ECF,1,1200,5.25,0.1,7
41,2015-04-04,Daniel Jaberansari,John Eddershaw,NA,1410,ECF,0,1195,5.42,0.17,7
42,2015-04-05,Daniel Jaberansari,James Allyson,NA,1001,W1,1,1204,6.11,0.69,8
43,2015-04-06,Daniel Jaberansari,Mike McLoughlin,184,1242,E1,0,1193,6.47,0.36,8
44,2015-04-06,Daniel Jaberansari,Rosie Christmas,44,850,E1,1,1198,7.32,0.85,9
45,2015-04-07,Daniel Jaberansari,Susanna Fraser,86,1378,E2,0.5,1207,7.52,0.2,9.5
46,2015-04-20,Daniel Jaberansari,Howard Lloyd,164,1406,E1,0,1202,7.7,0.18,9.5
47,2015-04-22,Daniel Jaberansari,Mike Joslin,142,1400,E1,0.5,1212,7.88,0.18,10
48,2015-04-27,Daniel Jaberansari,Susanna Fraser,86,1378,E2,0,1205,8.08,0.2,10
49,2015-04-29,Daniel Jaberansari,Cian Grattidge,98,945,E1,1,1213,8.84,0.76,11
50,2015-05-04,Daniel Jaberansari,James Williams,308,855,E1,0,1186,9.69,0.85,11
51,2015-05-06,Daniel Jaberansari,Cian Grattidge,98,945,E1,1,1194,10.45,0.76,12
52,2015-05-30,Daniel Jaberansari,Zevon Rustom,NA,1490,ECF,0.5,1206,10.56,0.11,12.5
53,2015-05-30,Daniel Jaberansari,Niall Clarke,NA,1418,ECF,0.5,1217,10.73,0.17,13
1,2015-01-19,Daniel Wilmot,Kevin Gandy,89,1602,E1,0,1698,0.65,0.65,0
2,2015-02-12,Daniel Wilmot,Bob Owen,202,1418,E1,1,1702,1.5,0.85,1
3,2015-02-16,Daniel Wilmot,John Pearce,209,931,E1,1,1704,2.4,0.9,2
4,2015-04-13,Daniel Wilmot,Chris Peters,213,1600,E1,0.5,1701,3.06,0.66,2.5
5,2015-04-20,Daniel Wilmot,Hazel Brunker,30,1141,E1,1,1703,3.96,0.9,3.5
6,2015-04-23,Daniel Wilmot,Neil Stuart,267,1772,E2,0,1693,4.38,0.42,3.5
7,2015-04-27,Daniel Wilmot,Chirag Guha,103,1761,E2,0,1683,4.81,0.43,3.5
8,2015-04-29,Daniel Wilmot,Egor Muljarov,194,1556,E1,1,1690,5.52,0.71,4.5
1,2015-02-16,Dantu Sridatta,Milo Davies,64,850,E1,1,878,0.52,0.52,1
2,2015-03-07,Dantu Sridatta,Rishi Choudhuri,NA,1077,W1,0,871,0.74,0.22,1
3,2015-03-07,Dantu Sridatta,Taliesin Yearwood-Williams,318,850,E1,1,887,1.26,0.52,2
4,2015-03-07,Dantu Sridatta,Charlie Davies,NA,850,G1,1,902,1.78,0.52,3
5,2015-03-08,Dantu Sridatta,Madeleine Smith,NA,1097,G1,0,896,1.98,0.2,3
6,2015-03-08,Dantu Sridatta,Ethan Chung,46,1071,E1,0,888,2.21,0.23,3
7,2015-03-08,Dantu Sridatta,Harrison Postans,NA,850,G1,0,872,2.73,0.52,3
1,2015-01-13,Dave A Lewis,Jonathan Bold,20,1790,E1,0,1654,0.33,0.33,0
2,2015-01-27,Dave A Lewis,Andrew Di-Vetta,72,1691,E1,0.5,1655,0.79,0.46,0.5
3,2015-02-02,Dave A Lewis,Bob Hurn,123,1661,E1,1,1667,1.29,0.5,1.5
4,2015-02-24,Dave A Lewis,Kevin Gandy,89,1602,E1,0.5,1665,1.87,0.58,2
5,2015-03-09,Dave A Lewis,Mike Maguire,172,1728,E1,1,1679,2.28,0.41,3
6,2015-03-16,Dave A Lewis,Calum Harris,108,1801,E1,0.5,1684,2.59,0.31,3.5
7,2015-04-08,Dave A Lewis,Jonathan Bold,20,1790,E1,0,1676,2.92,0.33,3.5
8,2015-04-21,Dave A Lewis,Matthew Wilson,313,1748,E1,0,1667,3.3,0.38,3.5
9,2015-04-27,Dave A Lewis,Steve Christmas,45,1930,E1,0.5,1675,3.47,0.17,4
1,2015-01-15,Dave Mahoney,John Stephenson,266,1329,E1,0.5,1337,0.51,0.51,0.5
2,2015-01-26,Dave Mahoney,Clive Crowley,54,1441,E1,1,1357,0.87,0.36,1.5
3,2015-02-09,Dave Mahoney,S Wyn Howells,118,1613,E1,0,1352,1.03,0.16,1.5
4,2015-02-12,Dave Mahoney,David Jones,134,930,E1,1,1355,1.93,0.9,2.5
5,2015-03-09,Dave Mahoney,Steve Cunliffe,56,1974,E1,0,1352,2.03,0.1,2.5
6,2015-03-24,Dave Mahoney,Wayne James,131,1458,E1,0.5,1357,2.36,0.33,3
7,2015-03-30,Dave Mahoney,Susanna Fraser,86,1378,E2,0,1343,2.8,0.44,3
1,2015-01-13,Dave Morris,John Rowles,242,1193,E1,1,1045,0.27,0.27,1
2,2015-01-20,Dave Morris,Amin Ghabanlou,91,1004,E1,1,1060,0.8,0.53,2
3,2015-02-02,Dave Morris,Mike Joslin,142,1400,E1,0,1057,0.9,0.1,2
4,2015-02-03,Dave Morris,James Williams,308,855,E1,0,1034,1.62,0.72,2
5,2015-03-03,Dave Morris,Roy Purnell,220,1255,E1,0,1028,1.82,0.2,2
6,2015-03-09,Dave Morris,Richard Morgan,188,1269,E1,0,1022,2.01,0.19,2
7,2015-03-10,Dave Morris,Gareth Davies,60,1390,E1,0.5,1034,2.11,0.1,2.5
8,2015-03-17,Dave Morris,Ian Burrows,32,1205,E1,0.5,1042,2.37,0.26,3
9,2015-03-24,Dave Morris,Anish Choudhuri,43,856,E1,0,1019,3.09,0.72,3
10,2015-03-26,Dave Morris,Jim Davies,61,1186,E1,0,1010,3.37,0.28,3
11,2015-03-31,Dave Morris,Callum Smith,254,850,E1,1,1019,4.1,0.73,4
12,2015-04-20,Dave Morris,Jason Grice,101,1115,E1,1,1039,4.47,0.37,5
13,2015-04-27,Dave Morris,rosie christmas,44,850,E1,1,1048,5.2,0.73,6
1,2015-01-03,Dave Parsons,Robert M Ashworth,NA,1834,ECF,0.5,1814,0.47,0.47,0.5
2,2015-01-03,Dave Parsons,Frank Trombley,285,1580,E1,0.5,1807,1.27,0.8,1
3,2015-01-04,Dave Parsons,Bob Hurn,123,1661,E1,0.5,1802,1.97,0.7,1.5
4,2015-01-04,Dave Parsons,John Cox,52,1315,E1,0.5,1792,2.87,0.9,2
5,2015-01-12,Dave Parsons,Steve Woodrow,314,1722,E1,1,1801,3.5,0.63,3
6,2015-01-26,Dave Parsons,Rod Gough,94,1820,E1,0.5,1801,3.99,0.49,3.5
7,2015-02-02,Dave Parsons,Stephen Bonutto,22,1173,E1,1,1804,4.89,0.9,4.5
8,2015-02-11,Dave Parsons,David O'Donnell,198,1864,E1,0.5,1805,5.32,0.43,5
9,2015-02-12,Dave Parsons,Sam White,303,1570,E1,1,1810,6.12,0.8,6
10,2015-02-22,Dave Parsons,Amol Telang,NA,1714,ECF,0,1795,6.76,0.64,6
11,2015-02-22,Dave Parsons,Nathan Mills,NA,1706,ECF,1,1803,7.41,0.65,7
12,2015-02-23,Dave Parsons,Anthony W Carver,NA,1698,ECF,0,1787,8.07,0.66,7
13,2015-02-23,Dave Parsons,Russell J Finch,NA,1658,ECF,1,1794,8.78,0.71,8
14,2015-03-02,Dave Parsons,Michael Arribas-Ayllon,8,1715,E1,0.5,1791,9.42,0.64,8.5
15,2015-05-07,Dave Parsons,Steve Cunliffe,56,1974,E1,0.5,1796,9.7,0.28,9
16,2015-05-11,Dave Parsons,Bill Hunt,121,1838,E1,0.5,1797,10.16,0.46,9.5
1,2015-01-03,Dave R Lewis,David Rovaretti,240,1648,E1,1,1941,0.85,0.85,1
2,2015-01-03,Dave R Lewis,David A Sands,NA,2290,ECF,0,1938,0.96,0.11,1
3,2015-01-04,Dave R Lewis,Adam J May,NA,1948,W1,0,1926,1.44,0.48,1
4,2015-01-05,Dave R Lewis,Shayanna Sivarajasingam,248,1723,E1,0.5,1920,2.22,0.78,1.5
5,2015-01-12,Dave R Lewis,Robert Taylor,NA,2045,G1,0.5,1923,2.57,0.35,2
6,2015-01-20,Dave R Lewis,Jonathan Gilbert,NA,2079,G1,0,1916,2.88,0.31,2
7,2015-01-21,Dave R Lewis,Robert Taylor,NA,2045,G1,1,1931,3.23,0.35,3
8,2015-01-26,Dave R Lewis,Ben Thomas,273,1875,E1,0.5,1929,3.82,0.59,3.5
9,2015-01-28,Dave R Lewis,Nigel Saunders,NA,1936,G1,0.5,1929,4.32,0.5,4
10,2015-01-30,Dave R Lewis,Andrew Di-Vetta,72,1691,E1,1,1934,5.13,0.81,5
11,2015-01-31,Dave R Lewis,Alex Bullen,31,2175,E1,0.5,1941,5.33,0.2,5.5
12,2015-01-31,Dave R Lewis,Dai James,129,1843,E1,0,1926,5.96,0.63,5.5
13,2015-02-01,Dave R Lewis,Roy Thomas,275,1790,E1,1,1933,6.66,0.7,6.5
14,2015-02-01,Dave R Lewis,Steve Williams (Cwm),NA,1800,G1,0.5,1929,7.35,0.69,7
15,2015-02-02,Dave R Lewis,Rod Gough,94,1820,E1,0,1913,8.01,0.66,7
16,2015-02-04,Dave R Lewis,John Arthur,NA,1507,G1,1,1915,8.91,0.9,8
17,2015-02-18,Dave R Lewis,Ernest Gibiec,NA,2141,G1,0,1909,9.15,0.24,8
18,2015-02-23,Dave R Lewis,David Robinson,238,2007,E1,0.5,1912,9.55,0.4,8.5
19,2015-02-24,Dave R Lewis,John Waterfield,NA,2062,G1,0.5,1916,9.88,0.33,9
20,2015-03-02,Dave R Lewis,Mark Adams,NA,2011,G1,0.5,1918,10.28,0.4,9.5
21,2015-03-17,Dave R Lewis,Tim Kett,151,2312,E1,0,1916,10.38,0.1,9.5
22,2015-03-24,Dave R Lewis,Frank May,NA,2126,G1,0,1910,10.63,0.25,9.5
23,2015-04-02,Dave R Lewis,David L Roberts,236,2095,E1,0,1903,10.92,0.29,9.5
24,2015-04-03,Dave R Lewis,Alex Bullen,31,2163,E2,0.5,1910,11.13,0.21,10
25,2015-04-03,Dave R Lewis,Peter Bevan,NA,2045,W1,0.5,1913,11.48,0.35,10.5
26,2015-04-04,Dave R Lewis,Neil Stuart,267,1799,E1,1,1921,12.17,0.69,11.5
27,2015-04-04,Dave R Lewis,David Jameson,NA,2085,N1,0.5,1926,12.47,0.3,12
28,2015-04-05,Dave R Lewis,Mike Lexton,NA,2098,ECF,0.5,1931,12.75,0.28,12.5
29,2015-04-06,Dave R Lewis,Allan J Pleasants,NA,2214,W1,0.5,1939,12.91,0.16,13
30,2015-04-06,Dave R Lewis,Sven Zeidler,NA,2255,G1,0,1936,13.04,0.13,13
31,2015-04-13,Dave R Lewis,Chris Fox,85,1901,E1,0,1923,0.55,0.55,0
32,2015-05-10,Dave R Lewis,Matthew Parry,204,1999,E2,0,1913,0.96,0.41,0
33,2015-05-11,Dave R Lewis,Chris Howells,117,1987,E2,0,1903,1.39,0.43,0
1,2015-01-27,David Hambrook,Neya Govindaraj,95,1337,E1,0,1606,0.85,0.85,0
2,2015-02-03,David Hambrook,Robert Peters,214,1170,E1,1,1608,1.75,0.9,1
3,2015-02-17,David Hambrook,Stephen Bonutto,22,1173,E1,1,1610,2.65,0.9,2
4,2015-03-10,David Hambrook,Bill Davies,58,1312,E1,1,1614,3.52,0.87,3
5,2015-03-18,David Hambrook,Amin Ghabanlou,91,1004,E1,0.5,1604,4.42,0.9,3.5
6,2015-03-22,David Hambrook,Duncan Macdonald,170,1232,E1,0,1582,5.32,0.9,3.5
7,2015-03-31,David Hambrook,Howard Lloyd,164,1406,E1,0.5,1576,6.1,0.78,4
8,2015-04-07,David Hambrook,Mike Joslin,142,1400,E1,0.5,1569,6.89,0.79,4.5
9,2015-04-14,David Hambrook,Anthony Williams,306,996,E1,1,1571,7.79,0.9,5.5
10,2015-04-27,David Hambrook,Aron Calist,33,1263,E2,1,1573,8.69,0.9,6.5
1,2015-01-15,David Jones,Matthew Parry,204,1962,E1,0,927,0.1,0.1,0
2,2015-01-26,David Jones,Len Skinner,251,1476,E1,0,924,0.2,0.1,0
3,2015-02-02,David Jones,Sam White,303,1570,E1,0,920,0.3,0.1,0
4,2015-02-12,David Jones,Dave Mahoney,173,1337,E1,0,917,0.4,0.1,0
5,2015-03-03,David Jones,Raj Govindaraj,96,1173,E1,0.5,927,0.6,0.2,0.5
6,2015-03-09,David Jones,Pagona Mavroyenneas,180,850,E1,0,907,1.21,0.61,0.5
7,2015-03-30,David Jones,Duncan MacDonald,170,1232,E1,1,935,1.35,0.14,1.5
8,2015-04-20,David Jones,John Pearce,209,931,E1,0,919,1.85,0.5,1.5
9,2015-04-23,David Jones,Stephen Bonutto,22,1173,E1,0,912,2.05,0.2,1.5
10,2015-05-07,David Jones,Phil Jones,140,1361,E1,0,909,2.15,0.1,1.5
1,2015-03-04,David L Roberts,John Waterfield,NA,2062,G1,0.5,2094,0.55,0.55,0.5
2,2015-03-25,David L Roberts,John D Thornton,280,2010,E1,0,2084,1.17,0.62,0.5
3,2015-04-02,David L Roberts,Dave R Lewis,157,1937,E1,1,2089,1.88,0.71,1.5
4,2015-04-29,David L Roberts,Peter Heaven,110,2131,E1,1,2098,2.33,0.45,2.5
1,2015-01-07,David Llewellyn,Nigel Saunders,NA,1936,,0.5,1919,0.47,0.47,0.5
2,2015-01-12,David Llewellyn,Lee Davis,67,2056,,0.5,1923,0.78,0.31,1
3,2015-01-20,David Llewellyn,Rob Dineen,71,1899,,1,1935,1.31,0.53,2
4,2015-01-21,David Llewellyn,Matthew Parry,204,1962,,1,1948,1.75,0.44,3
5,2015-01-28,David Llewellyn,Mark Emblem,NA,1424,,0,1926,2.65,0.9,3
6,2015-02-12,David Llewellyn,John Waterfield,NA,2062,,0.5,1931,2.96,0.31,3.5
7,2015-02-17,David Llewellyn,Ron Williams,NA,1691,,1,1936,3.75,0.79,4.5
8,2015-03-09,David Llewellyn,Edd Chwieseni,48,1646,,1,1940,4.58,0.83,5.5
9,2015-03-11,David Llewellyn,Steve Williams (Cwm),NA,1791,,1,1948,5.25,0.67,6.5
10,2015-03-25,David Llewellyn,Peter Ehsandar,79,2049,,0.5,1952,5.57,0.32,7
11,2015-04-13,David Llewellyn,Steve Curtis,57,2017,,0,1944,5.93,0.36,7
12,2015-04-29,David Llewellyn,Lee Davis,67,2056,,0.5,1948,6.24,0.31,7.5
13,2015-05-04,David Llewellyn,Walter Braun,25,2236,FM,0.5,1957,6.37,0.13,8
14,2015-05-11,David Llewellyn,John D Thornton,280,2010,,0,1948,6.74,0.37,8
1,2015-01-07,David O'Donnell,Steve Cronick,53,1908,E1,0,1853,0.44,0.44,0
2,2015-01-27,David O'Donnell,Neil Stuart,267,1799,E1,0.5,1851,1.03,0.59,0.5
3,2015-02-11,David O'Donnell,Dave Parsons,205,1813,E1,0.5,1850,1.6,0.57,1
4,2015-05-02,David O'Donnell,Maurice E Lawson,NA,2098,ECF,0,1845,1.8,0.2,1
5,2015-05-03,David O'Donnell,Mark W White,NA,2026,ECF,0,1838,2.08,0.28,1
6,2015-05-04,David O'Donnell,Mark Taylor,NA,1906,ECF,0,1828,2.52,0.44,1
7,2015-05-10,David O'Donnell,Matthew Davies,NA,2019,W1,0.5,1833,2.81,0.29,1.5
1,2015-01-10,David Perrett,Srihari R Iyengar,NA,1802,ECF,0,1920,0.68,0.68,0
2,2015-01-11,David Perrett,Robert P Taylor,NA,1818,ECF,1,1928,1.34,0.66,1
3,2015-01-12,David Perrett,Ben Thomas,273,1875,E1,0.5,1926,1.93,0.59,1.5
4,2015-01-14,David Perrett,Bill Hunt,121,1838,E1,0.5,1922,2.57,0.64,2
5,2015-01-19,David Perrett,Karanvir Lutchman Singh,167,1714,E1,1,1928,3.35,0.78,3
6,2015-01-20,David Perrett,Nick Davies,NA,1767,G1,1,1934,4.07,0.72,4
7,2015-01-26,David Perrett,Steve Cunliffe,56,1974,E1,1,1948,4.52,0.45,5
8,2015-01-28,David Perrett,Gordon Cadden,NA,1866,G1,1,1957,5.12,0.6,6
9,2015-02-09,David Perrett,Rob Dineen,71,1899,E1,0.5,1956,5.67,0.55,6.5
10,2015-02-23,David Perrett,Mark Adams,NA,2011,G1,0.5,1958,6.07,0.4,7
11,2015-02-25,David Perrett,Steve Christmas,45,1930,E1,0.5,1958,6.58,0.51,7.5
12,2015-03-09,David Perrett,Chris Fox,85,1901,E1,0,1945,7.13,0.55,7.5
13,2015-03-11,David Perrett,Richard Miles,NA,1969,G1,0.5,1946,7.58,0.45,8
14,2015-03-17,David Perrett,Dave Roberts,NA,1593,G1,1,1949,8.47,0.89,9
15,2015-04-20,David Perrett,Peter Quinn,223,1876,E1,1,1959,9.05,0.58,10
16,2015-05-02,David Perrett,Robert L Jones,NA,1794,ECF,1,1966,9.74,0.69,11
17,2015-05-03,David Perrett,John M Turner,NA,2130,ECF,0,1960,9.99,0.25,11
18,2015-05-04,David Perrett,Charlie Cooke,NA,1714,ECF,0,1942,10.77,0.78,11
19,2015-05-06,David Perrett,Steve Christmas,45,1930,E1,0.5,1941,11.28,0.51,11.5
20,2015-05-11,David Perrett,Ricard Miles,NA,1969,G1,0.5,1942,11.73,0.45,12
21,2015-05-18,David Perrett,Matthew Davies,NA,2019,W2,0.5,1945,12.11,0.38,12.5
1,2015-01-05,David Roberts,Russell Dodington,74,1751,E1,0,1504,0.2,0.2,0
2,2015-01-13,David Roberts,Gareth Davies,60,1390,E1,1,1514,0.86,0.66,1
3,2015-01-27,David Roberts,Roger Jenkins,133,1535,E1,1,1532,1.32,0.46,2
4,2015-02-02,David Roberts,Steve Lindsay,162,1687,E1,0,1523,1.59,0.27,2
5,2015-02-09,David Roberts,Aron Calist,33,1414,E1,1,1535,2.22,0.63,3
6,2015-03-02,David Roberts,Amin Ghabanlou,91,1004,E1,0.5,1522,3.12,0.9,3.5
7,2015-03-16,David Roberts,Howard Deere,69,1576,E1,0,1509,3.53,0.41,3.5
8,2015-03-17,David Roberts,Bill Davies,58,1312,E1,1,1517,4.29,0.76,4.5
9,2015-04-07,David Roberts,Gavin Williams,307,1658,E1,0,1507,4.59,0.3,4.5
10,2015-04-22,David Roberts,Amin Ghabanlou,91,1004,E1,1,1510,5.49,0.9,5.5
11,2015-04-27,David Roberts,Mark Jones,139,1654,E1,0,1500,5.8,0.31,5.5
12,2015-05-06,David Roberts,Stephen Bailey,9,1462,E1,0,1482,6.37,0.57,5.5
13,2015-05-18,David Roberts,Kevin O'Rourke,200,1168,E1,0,1454,7.26,0.89,5.5
14,2015-06-22,David Roberts,Bob Hurn,123,1687,E3,0,1445,7.53,0.27,5.5
1,2015-01-02,David Robinson,Bedanta Baruah,13,1615,E1,1,2009,0.9,0.9,1
2,2015-01-03,David Robinson,Tom Brown,29,2132,E1,0.5,2011,1.23,0.33,1.5
3,2015-01-03,David Robinson,Allan Pleasants,NA,2214,W1,0.5,2016,1.46,0.23,2
4,2015-01-04,David Robinson,Donald J Mason,NA,2242,ECF,0,2012,1.66,0.2,2
5,2015-01-05,David Robinson,Benjamin Choo Yin,40,1797,E1,0,2000,2.43,0.77,2
6,2015-01-08,David Robinson,Martyn Griffiths,NA,1825,W1,0.5,1996,3.17,0.74,2.5
7,2015-01-13,David Robinson,Rob Saunders,NA,2088,W1,1,2006,3.56,0.39,3.5
8,2015-01-18,David Robinson,Peter Bevan,NA,2045,W1,0.5,2007,4.01,0.45,4
9,2015-01-20,David Robinson,Chris Howells,117,1907,E1,1,2013,4.65,0.64,5
10,2015-01-27,David Robinson,Tim Kett,151,2312,E1,0,2010,4.79,0.14,5
11,2015-02-02,David Robinson,Robert Taylor,NA,2045,G1,0.5,2011,5.24,0.45,5.5
12,2015-02-03,David Robinson,Nicholas Evans,NA,1995,W1,0,2003,5.76,0.52,5.5
13,2015-02-12,David Robinson,Alan Young,NA,2159,W1,0,1998,6.06,0.3,5.5
14,2015-02-23,David Robinson,Dave R Lewis,157,1937,E1,0.5,1996,6.66,0.6,6
15,2015-03-02,David Robinson,Ben Thomas,273,1875,E1,0,1986,7.34,0.68,6
16,2015-04-03,David Robinson,Tom Brown,29,2132,E1,0,1980,7.67,0.33,6
17,2015-04-03,David Robinson,"Van Kemenade, Rudy",NA,2045,D1,0,1973,8.12,0.45,6
18,2015-04-04,David Robinson,Nicholas Thomas Evans,NA,1995,W1,0,1965,8.64,0.52,6
19,2015-04-04,David Robinson,Syringa Lyn Camp,NA,1724,N1,1,1967,9.48,0.84,7
20,2015-04-05,David Robinson,Ernest M White,NA,1920,FIDE,0.5,1965,10.1,0.62,7.5
21,2015-04-06,David Robinson,Dai James,129,1843,E1,0.5,1962,10.82,0.72,8
22,2015-04-06,David Robinson,Paul J Kelly,NA,1903,FIDE,1,1968,11.46,0.64,9
23,2015-04-11,David Robinson,Iolo C Jones,NA,2226,D1,0.5,1972,11.68,0.22,9.5
24,2015-04-13,David Robinson,Dai James,129,1897,E2,0,1962,12.33,0.65,9.5
25,2015-04-22,David Robinson,Chris Fox,85,1901,E1,0,1951,12.98,0.65,9.5
26,2015-04-27,David Robinson,Jonathan Bold,20,1790,E1,1,1955,0.72,0.72,1
27,2015-05-08,David Robinson,C Strugnell,NA,2279,W1,0,1954,0.84,0.12,1
28,2015-06-22,David Robinson,Lauren Davies,62,1408,E1,1,1955,1.74,0.9,2
1,2015-01-02,David Rovaretti,John Waterfield,NA,2062,G1,0.5,1658,0.1,0.1,0.5
2,2015-01-03,David Rovaretti,Dave R Lewis,157,1937,E1,0,1654,0.25,0.15,0.5
3,2015-01-03,David Rovaretti,Andrew Di-Vetta,72,1691,E1,0.5,1655,0.69,0.44,1
4,2015-01-05,David Rovaretti,Karanvir Lutchman Singh,167,1714,E1,1,1670,1.1,0.41,2
5,2015-01-14,David Rovaretti,Alan Spice,260,2050,E1,0,1667,1.2,0.1,2
6,2015-01-19,David Rovaretti,Bob Hurn,123,1661,E1,0.5,1668,1.68,0.48,2.5
7,2015-01-29,David Rovaretti,Chirag Guha,103,1731,E1,1,1683,2.06,0.38,3.5
8,2015-01-30,David Rovaretti,David Tomboline,281,1923,E1,0,1678,2.23,0.17,3.5
9,2015-01-31,David Rovaretti,Mike Servini,244,1603,E1,0,1665,2.79,0.56,3.5
10,2015-01-31,David Rovaretti,Lyn Holland,NA,1511,G1,1,1672,3.48,0.69,4.5
11,2015-02-01,David Rovaretti,Rob Dineen,71,1899,E1,0,1668,3.67,0.19,4.5
12,2015-02-04,David Rovaretti,Derek Smith,256,1812,E1,0,1661,3.95,0.28,4.5
13,2015-02-12,David Rovaretti,Simon Richardson,233,1734,E1,0,1652,4.33,0.38,4.5
14,2015-03-04,David Rovaretti,Bill Harle,107,1744,E1,0,1643,4.7,0.37,4.5
15,2015-03-26,David Rovaretti,Matthew Davies,NA,2019,W1,0,1641,4.8,0.1,4.5
16,2015-04-03,David Rovaretti,John McGregor,182,1817,E1,0,1634,5.08,0.28,4.5
17,2015-04-04,David Rovaretti,Andrew Di-Vetta,72,1641,E2,0,1622,5.59,0.51,4.5
18,2015-04-04,David Rovaretti,John Cox,52,1315,E1,0,1601,6.47,0.88,4.5
19,2015-04-06,David Rovaretti,Kevin O'Rourke,200,1168,E1,1,1603,7.37,0.9,5.5
20,2015-04-06,David Rovaretti,Dewi Jones,NA,1653,N1,1,1615,7.86,0.49,6.5
21,2015-04-20,David Rovaretti,Hugh Price,218,1576,E1,0,1601,8.46,0.6,6.5
22,2015-05-06,David Rovaretti,Ed Wang,296,1957,E1,0,1598,8.6,0.14,6.5
1,2015-01-13,David Thorne,Bill Davies,58,1312,E1,0.5,1492,0.75,0.75,0.5
2,2015-01-27,David Thorne,Clive Silver,246,1514,E1,0.5,1493,1.23,0.48,1
3,2015-02-03,David Thorne,Bedanta Baruah,13,1615,E1,0.5,1498,1.57,0.34,1.5
4,2015-02-23,David Thorne,Beryl Hughes,119,1523,E1,1,1515,2.04,0.47,2.5
5,2015-03-09,David Thorne,Brenda Miles,186,1245,E1,1,1520,2.86,0.82,3.5
6,2015-03-16,David Thorne,Peter Watkins,301,1452,E1,0.5,1518,3.43,0.57,4
7,2015-04-20,David Thorne,Lyn Holland,NA,1511,G1,0.5,1519,3.91,0.48,4.5
1,2015-01-30,David Tomboline,David Rovaretti,240,1648,E1,1,1927,0.83,0.83,1
2,2015-01-31,David Tomboline,Richard S Jones,NA,2420,W1,0,1925,0.93,0.1,1
3,2015-01-31,David Tomboline,Roy Thomas,275,1790,E1,0.5,1920,1.61,0.68,1.5
4,2015-02-01,David Tomboline,Dai James,129,1843,E1,1,1930,2.22,0.61,2.5
5,2015-02-14,David Tomboline,Geoffrey R Moore,NA,2138,ECF,0.5,1936,2.44,0.22,3
6,2015-05-04,David Tomboline,Harvey Y Zhang,NA,1818,ECF,0.5,1933,3.08,0.64,3.5
1,2015-01-14,Derek Jones,Ioan Rees,230,2298,FM,0.5,1974,0.12,0.12,0.5
2,2015-02-11,Derek Jones,Joe Fathallah,82,2007,,0,1964,0.56,0.44,0.5
3,2015-03-04,Derek Jones,Paul Bridges,26,1948,,1,1975,1.08,0.52,1.5
4,2015-03-15,Derek Jones,Robert G Taylor,NA,2045,,0.5,1978,1.47,0.39,2
5,2015-03-18,Derek Jones,Tim Kett,151,2312,,0,1975,1.58,0.11,2
6,2015-03-23,Derek Jones,Ben Thomas,273,1875,,0,1960,2.2,0.62,2
7,2015-03-25,Derek Jones,Justin Morgans,189,1694,,1,1964,3.03,0.83,3
8,2015-04-22,Derek Jones,Walter Braun,25,2236,FM,1,1984,3.2,0.17,4
9,2015-04-29,Derek Jones,Benjamin Choo Yin,40,1791,,0,1967,3.93,0.73,4
10,2015-05-04,Derek Jones,Steve Woodrow,314,1722,,1,1971,4.73,0.8,5
11,2015-05-11,Derek Jones,Matthew Parry,204,1999,,0,1961,5.18,0.45,5
1,2015-01-07,Derek Smith,Ashley Davis,66,1946,E1,0.5,1816,0.32,0.32,0.5
2,2015-01-21,Derek Smith,Juan Rodriguez,239,2035,E1,0,1811,0.54,0.22,0.5
3,2015-02-04,Derek Smith,David Rovaretti,240,1648,E1,1,1818,1.26,0.72,1.5
4,2015-02-11,Derek Smith,Guy Wagner,292,1836,E1,0,1806,1.73,0.47,1.5
5,2015-03-02,Derek Smith,Ashley Davis,66,1946,E1,1,1823,2.05,0.32,2.5
6,2015-03-11,Derek Smith,Benjamin Choo Yin,40,1797,E1,0.5,1822,2.57,0.52,3
7,2015-03-25,Derek Smith,Simon Richardson,233,1734,E1,1,1832,3.18,0.61,4
8,2015-04-20,Derek Smith,Rod Gough,94,1820,E1,1,1844,3.67,0.49,5
9,2015-04-27,Derek Smith,Mike Servini,244,1603,E1,1,1849,4.44,0.77,6
1,2015-01-26,Dom Cavalli,Pagona Mavroyenneas,180,850,E1,1,1251,0.9,0.9,1
2,2015-02-02,Dom Cavalli,Simon Chung,47,850,E1,1,1254,1.8,0.9,2
3,2015-06-01,Dom Cavalli,Jonathan Edwards,77,1165,E1,0,1235,2.42,0.62,2
1,2015-01-20,Duncan MacDonald,Neya Govindaraj,95,1337,E1,0,1220,0.36,0.36,0
2,2015-01-24,Duncan MacDonald,Benjamin Headlong,NA,1658,ECF,0,1217,0.46,0.1,0
3,2015-01-24,Duncan MacDonald,Hashir Sapra,NA,1314,ECF,1,1237,0.85,0.39,1
4,2015-01-24,Duncan MacDonald,Anlan Qiu,222,1326,E1,0,1225,1.22,0.37,1
5,2015-01-24,Duncan MacDonald,Ritikar Maladkar,NA,1306,ECF,0,1212,1.62,0.4,1
6,2015-01-24,Duncan MacDonald,Ifan Rathbone-Jones,NA,1464,N1,1,1237,1.83,0.21,2
7,2015-01-28,Duncan MacDonald,Callum McGarvey-Jones,181,1053,E1,1,1246,2.57,0.74,3
8,2015-02-03,Duncan MacDonald,Gavin Williams,307,1658,E1,0,1243,2.67,0.1,3
9,2015-02-24,Duncan MacDonald,Ethan Chung,46,1071,E1,1,1252,3.39,0.72,4
10,2015-03-03,Duncan MacDonald,Windsor Lewis,159,1123,E1,1,1263,4.04,0.65,5
11,2015-03-07,Duncan MacDonald,Eoin Shackleton,NA,850,G1,1,1266,4.94,0.9,6
12,2015-03-07,Duncan MacDonald,Aishwarya Lutchman Singh,166,1394,E1,1,1289,5.22,0.28,7
13,2015-03-07,Duncan MacDonald,Ifan Rathbone-Jones,NA,1464,N1,0,1282,5.43,0.21,7
14,2015-03-08,Duncan MacDonald,Susanna Fraser,86,1358,E1,0,1272,5.76,0.33,7
15,2015-03-08,Duncan MacDonald,Daniel Jaberansari,127,970,E1,1,1277,6.58,0.82,8
16,2015-03-08,Duncan MacDonald,Chirag Guha,103,1761,E2,0,1274,6.68,0.1,8
17,2015-03-09,Duncan MacDonald,John Callan,34,1307,E1,0.5,1277,7.08,0.4,8.5
18,2015-03-21,Duncan MacDonald,Jack Warner,NA,900,G1,1,1281,7.96,0.88,9.5
19,2015-03-21,Duncan MacDonald,Rishi Choudhuri,NA,1077,W1,1,1291,8.67,0.71,10.5
20,2015-03-21,Duncan MacDonald,Ifan Rathbone-Jones,NA,1464,N1,0,1284,8.88,0.21,10.5
21,2015-03-21,Duncan MacDonald,Susanna Fraser,86,1358,E1,1,1305,9.21,0.33,11.5
22,2015-03-22,Duncan MacDonald,Merlin Davies,63,850,E1,1,1308,10.11,0.9,12.5
23,2015-03-22,Duncan MacDonald,Anton Petkov,NA,1460,N1,1,1334,10.32,0.21,13.5
24,2015-03-22,Duncan MacDonald,David Hambrook,105,1626,E1,1,1363,10.42,0.1,14.5
25,2015-03-30,Duncan MacDonald,David Jones,134,930,E1,0,1335,11.28,0.86,14.5
26,2015-05-30,Duncan MacDonald,Elias Gelain-Sohn,NA,1570,ECF,1,1361,0.2,0.2,1
27,2015-05-30,Duncan MacDonald,Avi Gogna,NA,1530,ECF,1,1385,0.45,0.25,2
28,2015-05-31,Duncan MacDonald,Kenneth Greenshields,NA,1266,ECF,1,1397,1.05,0.6,3
29,2015-05-31,Duncan MacDonald,Jethro West,NA,1250,Est,0,1378,1.67,0.62,3
1,2015-01-05,Dwain Jones,Richard Livermore,NA,1649,G1,0,1189,0.1,0.1,0
2,2015-01-13,Dwain Jones,Roy Purnell,220,1255,E1,0.5,1192,0.51,0.41,0.5
3,2015-01-27,Dwain Jones,Howard Lloyd,164,1406,E1,1,1217,0.73,0.22,1.5
4,2015-02-09,Dwain Jones,Ethan Chung,46,1071,E1,1,1227,1.4,0.67,2.5
5,2015-03-02,Dwain Jones,Callum McGarvey-Jones,181,1053,E1,1,1237,2.09,0.69,3.5
6,2015-03-17,Dwain Jones,Mike Colwill,51,1024,E1,1,1246,2.81,0.72,4.5
7,2015-04-07,Dwain Jones,Nessie Georgion,90,1513,E1,0,1242,2.94,0.13,4.5
8,2015-04-22,Dwain Jones,Anish Choudhuri,43,856,E1,1,1246,3.82,0.88,5.5
9,2015-04-27,Dwain Jones,Simon Davis,68,872,E1,1,1250,4.69,0.87,6.5
10,2015-05-06,Dwain Jones,Emily Wang,297,1153,E1,0.5,1248,5.24,0.55,7
1,2015-01-10,Ed Wang,Patrick CM Duncan,NA,2058,ECF,0,1948,0.36,0.36,0
2,2015-01-11,Ed Wang,Michael PF Singleton,NA,2018,ECF,0,1939,0.77,0.41,0
3,2015-01-14,Ed Wang,Guy Wagner,292,1836,E1,1,1946,1.44,0.67,1
4,2015-03-21,Ed Wang,Simon Maydew,NA,1834,ECF,0.5,1942,2.11,0.67,1.5
5,2015-03-25,Ed Wang,Celso Bettencourt Pinto,216,2052,E1,0,1933,2.48,0.37,1.5
6,2015-05-06,Ed Wang,David Rovaretti,240,1648,E1,1,1937,3.34,0.86,2.5
1,2015-01-05,Edd Chwieseni,Benjamin Choo Yin,40,1797,E1,0,1639,0.3,0.3,0
2,2015-02-09,Edd Chwieseni,Matthew Davies,NA,2019,W1,0,1636,0.4,0.1,0
3,2015-02-23,Edd Chwieseni,Guy Wagner,292,1836,E1,0,1630,0.65,0.25,0
4,2015-03-02,Edd Chwieseni,Jonathan Kell,149,1816,E1,0.5,1636,0.92,0.27,0.5
5,2015-03-09,Edd Chwieseni,David Llewellyn,163,1918,E1,0,1632,1.09,0.17,0.5
6,2015-03-16,Edd Chwieseni,Steve Cunliffe,56,1974,E1,0,1629,1.21,0.12,0.5
1,2015-01-06,Edward Donovan,Jeff Rowland,241,1701,E1,0.5,1700,0.5,0.5,0.5
2,2015-01-07,Edward Donovan,Mike Servini,244,1603,E1,0.5,1697,1.13,0.63,1
3,2015-01-15,Edward Donovan,Michael Arribas-Ayllon,8,1715,E1,0,1685,1.61,0.48,1
4,2015-01-20,Edward Donovan,Daniel Griffiths,102,1542,E1,1,1692,2.32,0.71,2
5,2015-01-28,Edward Donovan,Nadi Grewal,100,1413,E1,1,1696,3.16,0.84,3
6,2015-02-03,Edward Donovan,Egor Muljarov,194,1556,E1,1,1704,3.85,0.69,4
7,2015-02-16,Edward Donovan,Tony Gutteridge,104,1604,E1,1,1712,4.48,0.63,5
8,2015-02-18,Edward Donovan,Chris Fox,85,1901,E1,0,1707,4.72,0.24,5
9,2015-02-21,Edward Donovan,Colin Denham,NA,1622,D1,0,1692,5.33,0.61,5
10,2015-02-21,Edward Donovan,Colin B Knight,NA,1794,ECF,0,1683,5.7,0.37,5
11,2015-02-22,Edward Donovan,Paul Bridges,26,1948,E1,0,1679,5.89,0.19,5
12,2015-02-22,Edward Donovan,Tony Haigh,NA,1869,D1,0.5,1684,6.17,0.28,5.5
13,2015-02-23,Edward Donovan,Richard Livermore,NA,1700,G1,1,1696,6.67,0.5,6.5
14,2015-02-25,Edward Donovan,Roger Jenkins,133,1535,E1,1,1703,7.39,0.72,7.5
15,2015-02-26,Edward Donovan,Neil Stuart,267,1799,E1,0,1694,7.75,0.36,7.5
16,2015-03-03,Edward Donovan,Anthony Baker,10,1626,E1,1,1704,8.35,0.6,8.5
17,2015-03-04,Edward Donovan,Simon Blackmore,19,1760,E1,0,1694,8.77,0.42,8.5
18,2015-03-09,Edward Donovan,Russell Dodington,74,1751,E1,0,1683,9.2,0.43,8.5
19,2015-03-16,Edward Donovan,Sam White,303,1570,E1,1,1691,9.88,0.68,9.5
20,2015-03-18,Edward Donovan,Simon Blackmore,19,1760,E1,0,1681,10.3,0.42,9.5
21,2015-03-23,Edward Donovan,Steve Lindsay,162,1687,E1,0,1668,10.82,0.52,9.5
22,2015-03-30,Edward Donovan,Howard Lloyd,164,1406,E1,1,1672,11.67,0.85,10.5
23,2015-04-02,Edward Donovan,Steve Lindsay,162,1687,E1,0.5,1671,12.19,0.52,11
24,2015-04-03,Edward Donovan,Roger De Coverly,NA,2170,ECF,0,1669,12.29,0.1,11
25,2015-04-03,Edward Donovan,Kevin O'Rourke,200,1168,E1,1,1671,13.19,0.9,12
26,2015-04-04,Edward Donovan,Gareth Yeo,NA,2033,W1,0,1669,13.31,0.12,12
27,2015-04-04,Edward Donovan,Robbie Kildea,NA,1716,IRL,0,1657,13.79,0.48,12
28,2015-04-05,Edward Donovan,Frank Trombley,285,1580,E1,1,1665,14.45,0.66,13
29,2015-04-06,Edward Donovan,Chirag Guha,103,1761,E2,0.5,1667,14.86,0.41,13.5
30,2015-04-06,Edward Donovan,John Cox,52,1315,E1,1,1670,15.76,0.9,14.5
31,2015-04-08,Edward Donovan,Phil Smith,259,1491,E1,1,1676,0.74,0.74,1
32,2015-04-14,Edward Donovan,Jeremy Jones,138,1604,E1,1,1686,1.33,0.59,2
33,2015-04-15,Edward Donovan,Keith Thompson,278,1937,E2,0,1682,1.5,0.17,2
34,2015-04-21,Edward Donovan,Phil Smith,259,1491,E1,0.5,1676,2.24,0.74,2.5
35,2015-04-22,Edward Donovan,Andrew Trickey,283,1679,E1,1,1688,2.73,0.49,3.5
36,2015-04-27,Edward Donovan,Chris Peters,213,1600,E1,0,1674,3.33,0.6,3.5
37,2015-04-29,Edward Donovan,Sam Jukes,144,1716,E1,0,1664,3.77,0.44,3.5
38,2015-05-06,Edward Donovan,Edward Mason,177,1502,E1,1,1670,4.49,0.72,4.5
39,2015-05-11,Edward Donovan,Ken Hannah,106,1759,E1,0.5,1673,4.87,0.38,5
1,2015-01-03,Edward Mason,Peter A Burgoyne,NA,1818,ECF,0,1498,0.13,0.13,0
2,2015-01-03,Edward Mason,Aishwarya Lutchman Singh,166,1394,E1,0.5,1493,0.78,0.65,0.5
3,2015-01-04,Edward Mason,Robert M Ashworth,NA,1834,ECF,0,1489,0.9,0.12,0.5
4,2015-01-04,Edward Mason,Kristian Prosser,219,1615,E1,0.5,1494,1.24,0.34,1
5,2015-01-06,Edward Mason,Joshua McKenna,183,1388,E1,0.5,1489,1.9,0.66,1.5
6,2015-01-20,Edward Mason,Anlan Qiu,222,1326,E1,0.5,1482,2.63,0.73,2
7,2015-01-21,Edward Mason,Keith Thompson,278,1851,E1,0,1478,2.74,0.11,2
8,2015-02-03,Edward Mason,Mike Kearn,147,1634,E1,0,1468,3.06,0.32,2
9,2015-03-02,Edward Mason,Kevin Gandy,89,1602,E1,0,1457,3.42,0.36,2
10,2015-03-23,Edward Mason,Mike Mcloughlin,184,1242,E1,0,1430,4.24,0.82,2
11,2015-03-30,Edward Mason,Richard Godfrey,92,1169,E1,1,1434,5.12,0.88,3
12,2015-04-14,Edward Mason,Clive Crowley,54,1441,E1,0.5,1431,5.71,0.59,3.5
13,2015-04-21,Edward Mason,Roland Humphries,120,1235,E1,1,1437,6.54,0.83,4.5
14,2015-05-06,Edward Mason,Edward Donovan,75,1670,E2,0,1428,6.82,0.28,4.5
15,2015-06-17,Edward Mason,Chris Fox,85,1869,E2,0,1425,6.92,0.1,4.5
1,2015-01-28,Egor Muljarov,Mike McLoughlin,184,1242,E1,0.5,1544,0.87,0.87,0.5
2,2015-02-03,Egor Muljarov,Edward Donovan,75,1700,E1,0,1534,1.18,0.31,0.5
3,2015-04-22,Egor Muljarov,Chris Peters,213,1600,E1,1,1552,1.62,0.44,1.5
4,2015-04-29,Egor Muljarov,Daniel Wilmot,312,1714,E1,0,1543,1.91,0.29,1.5
1,2015-01-28,Elis Vandyck,Alex Kenealy,150,1640,E1,1,1312,0.1,0.1,1
2,2015-02-11,Elis Vandyck,Daniel Griffiths,102,1542,E1,0,1306,0.28,0.18,1
3,2015-04-07,Elis Vandyck,John Callan,34,1307,E1,0,1291,0.75,0.47,1
1,2015-01-30,Elliott MacNeil,James Evans,NA,1667,W1,0.5,1650,0.47,0.47,0.5
2,2015-01-31,Elliott MacNeil,Karanvir Lutchman Singh,167,1714,E1,1,1664,0.88,0.41,1.5
3,2015-02-01,Elliott MacNeil,Nicholas Evans,NA,1995,W1,0,1661,0.99,0.11,1.5
4,2015-02-01,Elliott MacNeil,Chirag Guha,103,1731,E1,0,1652,1.38,0.39,1.5
1,2015-01-28,Ellison Smith,Daniel Jaberansari,127,970,E1,0,839,0.34,0.34,0
2,2015-02-24,Ellison Smith,Tanya Ray,229,850,E1,1,855,0.84,0.5,1
3,2015-03-02,Ellison Smith,Akshara Nagaruru,195,850,E1,1,871,1.34,0.5,2
4,2015-03-09,Ellison Smith,Hiya Ray,228,1339,E2,0,868,1.44,0.1,2
5,2015-03-31,Ellison Smith,John Pearce,209,931,E1,1,887,1.83,0.39,3
6,2015-04-20,Ellison Smith,Anna Boyle,NA,978,G1,0,877,2.16,0.33,3
1,2015-01-03,Emily Wang,Guto Neave,NA,1303,W1,0,1143,0.3,0.3,0
2,2015-01-03,Emily Wang,Jonathan Edwards,77,1165,E1,1,1160,0.78,0.48,1
3,2015-01-04,Emily Wang,Aron Calist,33,1414,E1,1,1186,0.96,0.18,2
4,2015-01-04,Emily Wang,Hiya Ray,228,1271,E1,0.5,1191,1.3,0.34,2.5
5,2015-02-03,Emily Wang,Stephen Bailey,9,1462,E1,0.5,1203,1.44,0.14,3
6,2015-02-21,Emily Wang,Ray Greenwood,NA,1200,D1,1,1221,1.87,0.43,4
7,2015-02-21,Emily Wang,Beryl Hughes,119,1523,E1,0,1218,1.97,0.1,4
8,2015-02-22,Emily Wang,John Eddershaw,NA,1410,ECF,1,1244,2.15,0.18,5
9,2015-02-22,Emily Wang,Frank Trombley,285,1580,E1,0,1241,2.25,0.1,5
10,2015-03-03,Emily Wang,Pagona Mavroyenneas,180,850,E1,1,1245,3.11,0.86,6
11,2015-04-03,Emily Wang,Richard Livermore,NA,1649,G1,0,1242,3.21,0.1,6
12,2015-04-04,Emily Wang,Pagona Mavroyenneas,180,850,E1,0.5,1231,4.07,0.86,6.5
13,2015-04-04,Emily Wang,Gengadharan Senvarattinam,NA,1650,ELO,0,1228,4.17,0.1,6.5
14,2015-04-06,Emily Wang,Andrew Camp,NA,1494,N1,0.5,1240,4.28,0.11,7
15,2015-04-07,Emily Wang,Ben Jaberansari,126,850,E1,1,1245,5.14,0.86,8
16,2015-05-06,Emily Wang,Dwain Jones,136,1192,E1,0.5,1246,5.59,0.45,8.5
1,2015-01-07,Ethan Chung,Sanay Goyal,97,871,E1,1,1079,0.76,0.76,1
2,2015-01-12,Ethan Chung,Pagona Mavroyenneas,180,850,E1,1,1086,1.54,0.78,2
3,2015-01-20,Ethan Chung,Mike Colwill,51,1024,E1,1,1099,2.11,0.57,3
4,2015-02-02,Ethan Chung,Len Skinner,251,1476,E1,0,1096,2.21,0.1,3
5,2015-02-09,Ethan Chung,Dwain Jones,136,1192,E1,0,1086,2.54,0.33,3
6,2015-02-12,Ethan Chung,John Callan,34,1307,E1,1,1111,2.74,0.2,4
7,2015-02-24,Ethan Chung,Duncan MacDonald,170,1232,E1,0,1102,3.02,0.28,4
8,2015-02-24,Ethan Chung,Madeleine Smith,NA,1097,G1,1,1120,3.48,0.46,5
9,2015-02-24,Ethan Chung,Alun Smith,253,850,E1,0.5,1111,4.26,0.78,5.5
10,2015-03-07,Ethan Chung,Jack Camp,NA,850,N1,1,1118,5.04,0.78,6.5
11,2015-03-07,Ethan Chung,Arthur Newington-Bridges,NA,950,G1,0,1096,5.71,0.67,6.5
12,2015-03-07,Ethan Chung,Robert Goodwin,NA,1096,N1,0,1082,6.17,0.46,6.5
13,2015-03-08,Ethan Chung,Toby Davies,NA,850,G1,1,1089,6.95,0.78,7.5
14,2015-03-08,Ethan Chung,Dantu Sridatta,261,863,E1,1,1096,7.72,0.77,8.5
15,2015-03-08,Ethan Chung,James Walker,NA,900,N1,1,1105,8.45,0.73,9.5
16,2015-03-09,Ethan Chung,Callum Smith,254,850,E1,1,1112,9.23,0.78,10.5
17,2015-03-10,Ethan Chung,Cian Grattidge,98,945,E1,1,1122,9.9,0.67,11.5
18,2015-03-10,Ethan Chung,Akshara Nagaruru,195,850,E1,1,1129,10.68,0.78,12.5
19,2015-03-24,Ethan Chung,Alan Williams,305,1627,E1,0.5,1142,10.78,0.1,13
20,2015-03-25,Ethan Chung,James Bibey,17,882,E1,1,1150,11.53,0.75,14
21,2015-04-27,Ethan Chung,Stephen Bailey,9,1462,E1,0,1147,11.63,0.1,14
22,2015-04-29,Ethan Chung,Charlie Smith,255,898,E1,1,1155,12.36,0.73,15
23,2015-05-04,Ethan Chung,Anthony Williams,306,996,E1,1,1168,12.96,0.6,16
24,2015-05-06,Ethan Chung,Dafydd Chapman,36,850,E1,0,1143,13.74,0.78,16
25,2015-05-30,Ethan Chung,Kenneth Greenshields,NA,1266,ECF,0,1135,13.99,0.25,16
26,2015-05-30,Ethan Chung,Raphael Balouka-Myers,NA,1290,ECF,0,1128,14.21,0.22,16
1,2015-01-02,Frank Trombley,Michael Moura,NA,1682,ECF,1,1600,0.36,0.36,1
2,2015-01-03,Frank Trombley,Kristian Prosser,219,1615,E1,0,1586,0.81,0.45,1
3,2015-01-03,Frank Trombley,Dave Parsons,205,1813,E1,0.5,1596,1.01,0.2,1.5
4,2015-01-04,Frank Trombley,Richard Livermore,NA,1649,G1,0,1583,1.41,0.4,1.5
5,2015-01-27,Frank Trombley,Stephen Lambourne,154,1532,E1,0.5,1581,1.98,0.57,2
6,2015-02-03,Frank Trombley,Bill Wilkins,304,1425,E1,1,1590,2.69,0.71,3
7,2015-02-16,Frank Trombley,Hazel Brunker,30,1141,E1,1,1593,3.59,0.9,4
8,2015-02-20,Frank Trombley,Paul Bevan,NA,1247,W1,1,1597,4.47,0.88,5
9,2015-02-21,Frank Trombley,Roger Phillips,215,1467,E1,0,1576,5.13,0.66,5
10,2015-02-21,Frank Trombley,Kevin O'Rourke,200,1168,E1,0.5,1563,6.03,0.9,5.5
11,2015-02-22,Frank Trombley,Courtney Probert,NA,1262,D1,1,1567,6.9,0.87,6.5
12,2015-02-22,Frank Trombley,Emily Wang,297,1153,E1,1,1570,7.8,0.9,7.5
13,2015-02-25,Frank Trombley,Rob Large,155,1450,E1,0,1549,8.48,0.68,7.5
14,2015-04-03,Frank Trombley,John McGregor,182,1817,E1,0,1542,8.68,0.2,7.5
15,2015-04-03,Frank Trombley,Tom Goildrick,NA,1858,ECF,0,1537,8.84,0.16,7.5
16,2015-04-04,Frank Trombley,Sam Jukes,144,1716,E1,0,1527,9.16,0.32,7.5
17,2015-04-05,Frank Trombley,Edward Donovan,75,1700,E1,0,1516,9.5,0.34,7.5
18,2015-04-06,Frank Trombley,Dewi Jones,NA,1653,N1,0,1503,9.9,0.4,7.5
19,2015-04-06,Frank Trombley,Kevin O'Rourke,200,1168,E1,1,1506,10.8,0.9,8.5
1,2015-01-03,Gareth Davies,Richard Livermore,NA,1649,G1,0,1384,0.18,0.18,0
2,2015-01-03,Gareth Davies,Thomas McLaren,NA,1706,ECF,0,1380,0.31,0.13,0
3,2015-01-06,Gareth Davies,Mike Kearn,147,1634,E1,0.5,1390,0.5,0.19,0.5
4,2015-01-13,Gareth Davies,David Roberts,235,1510,E1,0,1379,0.84,0.34,0.5
5,2015-01-14,Gareth Davies,Callum McGarvey-Jones,181,1053,E1,1,1383,1.72,0.88,1.5
6,2015-01-20,Gareth Davies,Gavin Williams,307,1658,E1,0,1378,1.89,0.17,1.5
7,2015-01-31,Gareth Davies,Dave Turner,NA,1932,G1,0,1374,1.99,0.1,1.5
8,2015-01-31,Gareth Davies,Zane Allford,NA,1725,G1,0,1370,2.11,0.12,1.5
9,2015-02-01,Gareth Davies,Dave Williams,NA,1746,G1,0,1367,2.21,0.1,1.5
10,2015-02-10,Gareth Davies,Andrew Worthington,316,1354,E1,0.5,1366,2.76,0.55,2
11,2015-02-24,Gareth Davies,Aron Calist,33,1414,E1,0.5,1367,3.23,0.47,2.5
12,2015-03-03,Gareth Davies,Mike Colwill,51,1024,E1,1,1370,4.13,0.9,3.5
13,2015-03-10,Gareth Davies,Dave Morris,191,1022,E1,0.5,1357,5.03,0.9,4
14,2015-03-18,Gareth Davies,Anish Choudhuri,43,856,E1,0,1328,5.93,0.9,4
15,2015-03-31,Gareth Davies,Phil Smith,259,1491,E1,1,1349,6.29,0.36,5
16,2015-04-03,Gareth Davies,Richard Livermore,NA,1649,G1,0.5,1359,6.47,0.18,5.5
17,2015-04-03,Gareth Davies,Mark Emblem,NA,1424,G1,0,1345,6.92,0.45,5.5
18,2015-04-04,Gareth Davies,Amin Ghabanlou,91,1004,E1,1,1348,7.82,0.9,6.5
19,2015-04-04,Gareth Davies,Anlan Qiu,222,1326,E1,0.5,1345,8.41,0.59,7
20,2015-04-05,Gareth Davies,Alex Kenealy,150,1640,E1,1,1371,8.6,0.19,8
21,2015-04-06,Gareth Davies,Mohammed Binesmael,18,1553,E1,0,1362,8.88,0.28,8
22,2015-04-06,Gareth Davies,Stephen Bonutto,22,1173,E1,1,1369,9.66,0.78,9
23,2015-04-07,Gareth Davies,Amin Ghabanlou,91,1004,E1,1,1372,10.56,0.9,10
24,2015-04-27,Gareth Davies,Anish Choudhuri,43,856,E1,1,1375,11.46,0.9,11
1,2015-01-20,Gavin Williams,Gareth Davies,60,1390,E1,1,1662,0.83,0.83,1
2,2015-01-27,Gavin Williams,Susanna Fraser,86,1358,E1,1,1665,1.69,0.86,2
3,2015-02-03,Gavin Williams,Duncan MacDonald,170,1232,E1,1,1668,2.59,0.9,3
4,2015-02-17,Gavin Williams,John Stephenson,266,1329,E1,1,1671,3.47,0.88,4
5,2015-03-03,Gavin Williams,Phil Smith,259,1491,E1,0.5,1665,4.19,0.72,4.5
6,2015-03-10,Gavin Williams,Phil Smith,259,1491,E1,1,1672,4.91,0.72,5.5
7,2015-03-17,Gavin Williams,Mike Maguire,172,1728,E1,1,1687,5.31,0.4,6.5
8,2015-03-18,Gavin Williams,Callum McGarvey-Jones,181,1053,E1,1,1689,6.21,0.9,7.5
9,2015-03-22,Gavin Williams,Roy Purnell,220,1255,E1,1,1691,7.11,0.9,8.5
10,2015-03-31,Gavin Williams,Rob Large,155,1450,E1,0.5,1685,7.88,0.77,9
11,2015-04-03,Gavin Williams,Gareth Yeo,NA,2033,W1,1,1706,7.98,0.1,10
12,2015-04-04,Gavin Williams,Steve Christmas,45,1930,E1,0,1702,8.15,0.17,10
13,2015-04-04,Gavin Williams,Bill Hunt,121,1838,E1,0,1696,8.41,0.26,10
14,2015-04-05,Gavin Williams,Hugh Price,218,1576,E1,0.5,1694,9.02,0.61,10.5
15,2015-04-06,Gavin Williams,Julie Van Kemenade,NA,1786,D1,0,1686,9.35,0.33,10.5
16,2015-04-06,Gavin Williams,Chris Fox,85,1901,E1,0,1681,9.55,0.2,10.5
17,2015-04-07,Gavin Williams,David Roberts,235,1510,E1,1,1688,10.25,0.7,11.5
18,2015-04-14,Gavin Williams,Wayne James,131,1458,E1,1,1694,11.01,0.76,12.5
19,2015-04-27,Gavin Williams,Chris Kavanagh,146,1224,E1,1,1696,11.91,0.9,13.5
20,2015-05-06,Gavin Williams,Stephen Lambourne,154,1532,E1,0.5,1692,12.58,0.67,14
1,2015-01-12,Gian Illari,Tom Bennett,15,1468,E1,1,2002,0.9,0.9,1
2,2015-02-16,Gian Illari,Allan Fisher,83,1604,E1,1,2003,1.8,0.9,2
3,2015-02-23,Gian Illari,Roy Thomas,275,1790,E1,0.5,1999,2.57,0.77,2.5
4,2015-03-02,Gian Illari,Hiya Ray,228,1339,E2,1,2000,3.47,0.9,3.5
1,2015-01-12,Graham Parker,Craig Woolcock,315,2036,E1,0,1751,0.16,0.16,0
2,2015-02-12,Graham Parker,Steve Christmas,45,1930,E1,0,1745,0.43,0.27,0
3,2015-02-16,Graham Parker,Robert Taylor,NA,2045,G1,0,1741,0.58,0.15,0
4,2015-03-09,Graham Parker,Sam Warburton,298,1593,E1,0.5,1736,1.3,0.72,0.5
5,2015-03-25,Graham Parker,Peter Quinn,223,1876,E1,0,1728,1.63,0.33,0.5
6,2015-04-13,Graham Parker,Keith Thompson,278,1937,E2,0.5,1734,1.89,0.26,1
7,2015-04-29,Graham Parker,Matthew Parry,204,1999,E2,0,1729,2.08,0.19,1
8,2015-05-04,Graham Parker,Celso Bettencourt Pinto,216,2052,E1,0,1725,2.23,0.15,1
9,2015-05-11,Graham Parker,Rod Gough,94,1820,E1,1,1740,2.64,0.41,2
1,2015-01-08,Gruff Jones,Calum Harris,108,1801,E1,0,1628,0.28,0.28,0
2,2015-02-10,Gruff Jones,Liam Penny,211,1600,E1,0.5,1627,0.83,0.55,0.5
3,2015-02-26,Gruff Jones,Wayne James,131,1458,E1,0.5,1622,1.56,0.73,1
4,2015-04-02,Gruff Jones,Cyril Ley,160,1611,E1,0.5,1621,2.09,0.53,1.5
1,2015-01-10,Guy Wagner,Christopher D Lewis,NA,1874,ECF,0,1825,0.45,0.45,0
2,2015-01-11,Guy Wagner,Brian J Valentine,NA,1978,ECF,0,1818,0.76,0.31,0
3,2015-01-14,Guy Wagner,Ed Wang,296,1957,E1,0,1810,1.09,0.33,0
4,2015-01-19,Guy Wagner,Ashley Davis,66,1946,E1,0,1801,1.44,0.35,0
5,2015-01-27,Guy Wagner,Alex Kenealy,150,1640,E1,0,1783,2.2,0.76,0
6,2015-01-28,Guy Wagner,Charles Summers,269,1927,E1,0.5,1786,2.57,0.37,0.5
7,2015-02-03,Guy Wagner,Jonathan Bold,20,1790,E1,0,1773,3.13,0.56,0.5
8,2015-02-11,Guy Wagner,Derek Smith,256,1812,E1,1,1784,3.66,0.53,1.5
9,2015-02-14,Guy Wagner,Eva Ressel,NA,1746,ECF,0,1769,4.28,0.62,1.5
10,2015-02-15,Guy Wagner,Keith D Woodcock,NA,1722,ECF,1,1777,4.94,0.66,2.5
11,2015-02-20,Guy Wagner,A Howard Williams,NA,2337,D1,0,1775,5.04,0.1,2.5
12,2015-02-21,Guy Wagner,Jamie Sen,NA,1669,D1,1,1782,5.76,0.72,3.5
13,2015-02-21,Guy Wagner,Michael O'Mahoney,NA,1946,ECF,0.5,1785,6.11,0.35,4
14,2015-02-22,Guy Wagner,Richard Miles,NA,1969,G1,0.5,1790,6.43,0.32,4.5
15,2015-02-22,Guy Wagner,Alyssa Wang,295,1782,E1,0,1776,7.01,0.58,4.5
16,2015-02-23,Guy Wagner,Edd Chwieseni,48,1646,E1,1,1782,7.76,0.75,5.5
17,2015-03-03,Guy Wagner,Andrew Di-Vetta,72,1691,E1,1,1789,8.46,0.7,6.5
18,2015-03-04,Guy Wagner,Mark Janas,132,1745,E1,1,1798,9.09,0.63,7.5
19,2015-03-09,Guy Wagner,Clive Crowley,54,1441,E1,1,1800,9.99,0.9,8.5
20,2015-03-15,Guy Wagner,Dave Turner,NA,1932,G1,1,1815,10.36,0.37,9.5
21,2015-03-16,Guy Wagner,Bob Hurn,123,1675,E2,1,1822,11.08,0.72,10.5
22,2015-03-23,Guy Wagner,Alun Howell,116,1751,E1,1,1831,11.7,0.62,11.5
23,2015-04-02,Guy Wagner,Will Harwood,109,1745,E1,0,1816,12.33,0.63,11.5
24,2015-04-03,Guy Wagner,Andrew Di-Vetta,72,1641,E2,1,1822,13.08,0.75,12.5
25,2015-04-03,Guy Wagner,Imogen Camp,NA,1692,N1,0.5,1818,13.77,0.69,13
26,2015-04-04,Guy Wagner,Shayanna Sivarajasingam,248,1711,E2,0,1801,14.44,0.67,13
27,2015-04-04,Guy Wagner,Hugh Price,218,1576,E1,1,1806,15.26,0.82,14
28,2015-04-05,Guy Wagner,Simon Blackmore,19,1760,E1,0,1791,15.87,0.61,14
29,2015-04-06,Guy Wagner,Karanvir Lutchman Singh,167,1714,E1,0.5,1787,16.54,0.67,14.5
30,2015-04-06,Guy Wagner,Aishwarya Lutchman Singh,166,1517,E2,1,1790,17.41,0.87,15.5
31,2015-04-20,Guy Wagner,Matthew Parry,204,1999,E2,1,1808,0.23,0.23,1
32,2015-04-27,Guy Wagner,Jonathan Kell,149,1816,E1,0,1797,0.69,0.46,1
33,2015-05-02,Guy Wagner,Ian Gooding,NA,2114,ECF,1,1818,0.82,0.13,2
34,2015-05-03,Guy Wagner,Amardip Ahluwalia,NA,1866,ECF,0.5,1821,1.21,0.39,2.5
35,2015-05-04,Guy Wagner,Cameron Klingher,NA,1442,ECF,1,1824,2.1,0.89,3.5
36,2015-06-13,Guy Wagner,David Levens,NA,1882,ECF,0,1815,2.47,0.37,3.5
37,2015-06-14,Guy Wagner,Stuart Ross,NA,1714,ECF,1,1824,3.08,0.61,4.5
38,2015-06-14,Guy Wagner,George C Glover,NA,1834,ECF,0.5,1826,3.52,0.44,5
39,2015-06-15,Guy Wagner,Robert Clegg,NA,1922,ECF,0,1818,3.84,0.32,5
40,2015-06-15,Guy Wagner,David W Shaw,NA,1874,ECF,1,1833,4.22,0.38,6
1,2015-01-26,Gwilym Moses,Nick Mavroyenneas,179,850,E1,0,878,0.56,0.56,0
2,2015-02-02,Gwilym Moses,Daniel Jaberansari,127,970,E1,0,865,0.96,0.4,0
3,2015-06-15,Gwilym Moses,Lauren Davies,62,1408,E1,0,862,1.06,0.1,0
1,2015-01-06,Hanni Youssef,Steve Herkes,112,1566,E1,0.5,1466,0.36,0.36,0.5
2,2015-02-10,Hanni Youssef,Peter Ballantyne,11,1645,E1,0,1458,0.62,0.26,0.5
3,2015-02-23,Hanni Youssef,Stephen Lambourne,154,1532,E1,1,1477,1.02,0.4,1.5
4,2015-03-09,Hanni Youssef,Laurence Matuszczyk,178,1151,E1,1,1482,1.88,0.86,2.5
5,2015-03-16,Hanni Youssef,Martin Ricketts,234,1444,E1,1,1497,2.41,0.53,3.5
6,2015-03-30,Hanni Youssef,Mike Maguire,172,1728,E1,0.5,1507,2.58,0.17,4
7,2015-04-07,Hanni Youssef,Sam Jukes,144,1716,E1,0,1502,2.76,0.18,4
8,2015-04-13,Hanni Youssef,Cyril Ley,160,1611,E1,0,1492,3.06,0.3,4
9,2015-04-20,Hanni Youssef,Jeremy Jones,138,1604,E1,1,1514,3.37,0.31,5
1,2015-02-24,Harri Lewis,Aviral Batra,14,936,E1,0,891,0.46,0.46,0
2,2015-03-10,Harri Lewis,Aviral Batra,14,936,E1,0,877,0.92,0.46,0
3,2015-04-29,Harri Lewis,Nathan Bridel,NA,970,G1,0,863,1.33,0.41,0
1,2015-02-16,Hazel Brunker,Frank Trombley,285,1580,E1,0,1138,0.1,0.1,0
2,2015-03-17,Hazel Brunker,Wayne James,131,1458,E1,0.5,1150,0.23,0.13,0.5
3,2015-04-20,Hazel Brunker,Daniel Wilmot,312,1714,E1,0,1146,0.33,0.1,0.5
1,2015-01-02,Hiya Ray,David J Archer,NA,1514,ECF,0.5,1281,0.2,0.2,0.5
2,2015-01-03,Hiya Ray,Jaime Ashworth,NA,1026,ECF,1,1287,1.01,0.81,1.5
3,2015-01-03,Hiya Ray,Martyn J Maber,NA,1450,ECF,0,1278,1.27,0.26,1.5
4,2015-01-04,Hiya Ray,Nayana Kalavala,145,1045,E1,1,1285,2.06,0.79,2.5
5,2015-01-04,Hiya Ray,Emily Wang,297,1153,E1,0.5,1280,2.72,0.66,3
6,2015-01-07,Hiya Ray,Daniel Jaberansari,127,970,E1,0,1252,3.58,0.86,3
7,2015-01-12,Hiya Ray,Windsor Lewis,159,1123,E1,1,1262,4.28,0.7,4
8,2015-01-13,Hiya Ray,Aviral Batra,14,936,E1,1,1266,5.16,0.88,5
9,2015-01-13,Hiya Ray,Isaac Aljabri,6,850,E1,1,1269,6.06,0.9,6
10,2015-01-20,Hiya Ray,Roland Humphries,120,1235,E1,1,1283,6.61,0.55,7
11,2015-01-21,Hiya Ray,Mark Jones,139,1654,E1,0,1280,6.71,0.1,7
12,2015-01-24,Hiya Ray,Woody Shaw,NA,1063,G1,1,1288,7.48,0.77,8
13,2015-01-24,Hiya Ray,Tom Duxbury,NA,1290,ECF,0,1273,7.95,0.47,8
14,2015-01-24,Hiya Ray,Charles P Metcalfe,NA,1330,ECF,1,1291,8.37,0.42,9
15,2015-01-24,Hiya Ray,George Krikler,NA,1386,ECF,1,1312,8.71,0.34,10
16,2015-01-24,Hiya Ray,Monty Woodhouse,NA,1300,Est,1,1330,9.17,0.46,11
17,2015-01-27,Hiya Ray,Allen Jossy,143,935,E1,1,1333,10.05,0.88,12
18,2015-01-31,Hiya Ray,Marcell Vesz,291,1466,E1,0.5,1341,10.3,0.25,12.5
19,2015-02-01,Hiya Ray,Paul Turner,286,1300,E1,0.5,1343,10.76,0.46,13
20,2015-02-01,Hiya Ray,Guto Neave,NA,1303,W1,0,1328,11.21,0.45,13
21,2015-02-02,Hiya Ray,Lauren Davies,62,1408,E1,1,1350,11.52,0.31,14
22,2015-02-03,Hiya Ray,Akshara Nagaruru,195,850,E1,1,1354,12.42,0.9,15
23,2015-02-03,Hiya Ray,Cian Grattidge,98,945,E1,1,1357,13.3,0.88,16
24,2015-02-09,Hiya Ray,Mike Joslin,142,1400,E1,0,1347,13.62,0.32,16
25,2015-02-12,Hiya Ray,Roger Phillips,215,1467,E1,0,1339,13.86,0.24,16
26,2015-02-24,Hiya Ray,Anlan Qiu,222,1326,E1,0.5,1338,0.52,0.52,0.5
27,2015-02-24,Hiya Ray,Neil Stevenson,NA,1014,G1,1,1343,1.39,0.87,1.5
28,2015-02-24,Hiya Ray,Roy Purnell,220,1255,E1,1,1355,2.01,0.62,2.5
29,2015-03-02,Hiya Ray,Gian Illari,125,2000,E1,0,1351,2.11,0.1,2.5
30,2015-03-07,Hiya Ray,Toby Davies,NA,850,G1,1,1355,3.01,0.9,3.5
31,2015-03-07,Hiya Ray,Neil Stevenson,NA,1014,G1,1,1359,3.88,0.87,4.5
32,2015-03-07,Hiya Ray,Venetia Sivarajasingam,250,1666,E1,0,1355,4,0.12,4.5
33,2015-03-08,Hiya Ray,Rishi Choudhuri,NA,1077,W1,0.5,1345,4.82,0.82,5
34,2015-03-08,Hiya Ray,Anna Boyle,NA,978,G1,0,1316,5.72,0.9,5
35,2015-03-08,Hiya Ray,Hugo Russell,NA,1000,G1,1,1320,6.6,0.88,6
36,2015-03-09,Hiya Ray,Ellison Smith,257,850,E1,1,1323,7.5,0.9,7
37,2015-03-24,Hiya Ray,Phil Smith,259,1491,E1,0.5,1329,7.8,0.3,7.5
38,2015-03-25,Hiya Ray,Aishwarya Lutchman Singh,166,1394,E1,0,1316,8.22,0.42,7.5
39,2015-04-27,Hiya Ray,Nessie Georgion,90,1513,E1,1,1339,8.49,0.27,8.5
40,2015-04-29,Hiya Ray,Roger Phillips,215,1467,E1,0,1329,8.82,0.33,8.5
41,2015-05-04,Hiya Ray,Wayne James,131,1458,E1,0,1318,9.16,0.34,8.5
42,2015-05-26,Hiya Ray,Dafydd Chapman,36,850,E1,0,1289,10.06,0.9,8.5
43,2015-05-30,Hiya Ray,Isabella Cook,NA,1150,Est,1,1297,10.81,0.75,9.5
44,2015-05-30,Hiya Ray,Siena Choi,NA,1150,Est,1,1305,11.56,0.75,10.5
45,2015-05-31,Hiya Ray,Max Walker,NA,1200,Est,0.5,1299,12.25,0.69,11
46,2015-05-31,Hiya Ray,Holly Bundy,NA,1202,ECF,1,1309,12.94,0.69,12
1,2015-01-20,Howard Deere,Bob Owen,202,1418,E1,1,1585,0.71,0.71,1
2,2015-01-27,Howard Deere,Liam Penny,211,1600,E1,0.5,1586,1.18,0.47,1.5
3,2015-02-02,Howard Deere,Richard Livermore,NA,1649,G1,0,1573,1.58,0.4,1.5
4,2015-02-23,Howard Deere,Cyril Ley,160,1611,E1,0,1559,2.03,0.45,1.5
5,2015-03-02,Howard Deere,Tom Bennett,15,1468,E1,1,1570,2.68,0.65,2.5
6,2015-03-16,Howard Deere,David Roberts,235,1510,E1,1,1583,3.27,0.59,3.5
1,2015-01-19,Howard Lloyd,Chris Green,99,1587,E1,0,1398,0.26,0.26,0
2,2015-01-27,Howard Lloyd,Dwain Jones,136,1192,E1,0,1373,1.04,0.78,0
3,2015-02-02,Howard Lloyd,Matthew Lunnon,165,1561,E1,0,1363,1.33,0.29,0
4,2015-03-09,Howard Lloyd,Roy Purnell,220,1255,E1,0.5,1357,2.03,0.7,0.5
5,2015-03-30,Howard Lloyd,Edward donovan,75,1700,E1,0,1352,2.18,0.15,0.5
6,2015-03-31,Howard Lloyd,David Hambrook,105,1626,E1,0.5,1361,2.4,0.22,1
7,2015-04-20,Howard Lloyd,Daniel Jaberansari,127,1144,E2,1,1367,3.22,0.82,2
1,2015-01-15,Hugh Price,Paul Keenan,148,1633,E1,0.5,1579,0.42,0.42,0.5
2,2015-01-20,Hugh Price,Chris Hooper,115,1391,E1,0.5,1571,1.16,0.74,1
3,2015-02-11,Hugh Price,Alex Kenealy,150,1640,E1,1,1590,1.57,0.41,2
4,2015-02-23,Hugh Price,Bob Hurn,123,1675,E2,0.5,1594,1.93,0.36,2.5
5,2015-03-16,Hugh Price,Kevin Gandy,89,1602,E1,0.5,1596,2.39,0.46,3
6,2015-03-23,Hugh Price,Chris Kavanagh,146,1224,E1,1,1599,3.28,0.89,4
7,2015-03-30,Hugh Price,John McGregor,182,1817,E1,0,1593,3.48,0.2,4
8,2015-04-03,Hugh Price,Karanvir Lutchman Singh,167,1714,E1,0.5,1599,3.79,0.31,4.5
9,2015-04-03,Hugh Price,Aishwarya Lutchman Singh,166,1517,E2,0.5,1596,4.37,0.58,5
10,2015-04-04,Hugh Price,Jeremy Jones,138,1604,E1,1,1613,4.83,0.46,6
11,2015-04-04,Hugh Price,Guy Wagner,292,1836,E1,0,1608,5.01,0.18,6
12,2015-04-05,Hugh Price,Gavin Williams,307,1658,E1,0.5,1611,5.4,0.39,6.5
13,2015-04-06,Hugh Price,S Wyn Howells,118,1613,E1,1,1629,5.85,0.45,7.5
14,2015-04-06,Hugh Price,Imogen Camp,NA,1692,N1,0,1618,6.19,0.34,7.5
15,2015-04-13,Hugh Price,Steve Lindsay,162,1687,E1,0,1607,6.54,0.35,7.5
16,2015-04-20,Hugh Price,David Rovaretti,240,1648,E1,1,1626,6.94,0.4,8.5
1,2015-01-13,Ian Burrows,Robert Peters,214,1170,E1,0,1187,0.55,0.55,0
2,2015-01-27,Ian Burrows,Ionut Dragan,76,1200,E1,1,1203,1.06,0.51,1
3,2015-02-09,Ian Burrows,Nicky Ng,196,871,E1,1,1207,1.94,0.88,2
4,2015-03-17,Ian Burrows,Dave Morris,191,1022,E1,0.5,1199,2.68,0.74,2.5
5,2015-04-07,Ian Burrows,Stephen Bailey,9,1462,E1,0,1193,2.86,0.18,2.5
6,2015-04-22,Ian Burrows,Akshara Nagaruru,195,850,E1,1,1197,3.76,0.9,3.5
7,2015-04-27,Ian Burrows,James Williams,308,855,E1,0.5,1184,4.65,0.89,4
1,2015-01-14,Ioan Rees,Derek Jones,135,1965,,0.5,2292,0.88,0.88,0.5
2,2015-03-25,Ioan Rees,Walter Braun,25,2236,FM,1,2298,1.47,0.59,1.5
3,2015-04-20,Ioan Rees,Peter Ehsandar,79,2049,,0,2286,2.28,0.81,1.5
1,2015-01-19,Ionut Dragan,John Stephenson,266,1329,E1,0,1190,0.32,0.32,0
2,2015-01-27,Ionut Dragan,Ian Burrows,32,1205,E1,0,1174,0.81,0.49,0
3,2015-02-02,Ionut Dragan,Richard Morgan,188,1269,E1,0,1161,1.21,0.4,0
4,2015-02-12,Ionut Dragan,Simon Chung,47,850,E1,1,1165,2.1,0.89,1
5,2015-02-25,Ionut Dragan,Vaseekaran Sivarajasingam,249,1568,E1,0,1162,2.2,0.1,1
6,2015-02-26,Ionut Dragan,Mike Wheeler,302,1200,E1,1,1178,2.7,0.5,2
7,2015-03-16,Ionut Dragan,John Pearce,209,931,E1,1,1183,3.53,0.83,3
8,2015-04-23,Ionut Dragan,Andrew Di-Vetta,72,1641,E2,0,1180,3.63,0.1,3
1,2015-01-13,Isaac Aljabri,Hiya Ray,228,1271,E1,0,847,0.1,0.1,0
2,2015-01-20,Isaac Aljabri,Aviral Batra,14,936,E1,0,835,0.48,0.38,0
3,2015-03-24,Isaac Aljabri,Connor Evans,81,850,E1,0,819,0.98,0.5,0
1,2015-01-28,Ivor Hitchings,Anish Choudhuri,43,856,E1,0,850,0.51,0.51,0
2,2015-02-16,Ivor Hitchings,Richard Afelumo,1,857,E1,0,833,1.02,0.51,0
3,2015-03-09,Ivor Hitchings,Daniel Jaberansari,127,1144,E2,0,828,1.18,0.16,0
1,2015-03-18,Jack Aldridge,Stephen Bailey,9,1462,E1,0,873,0.1,0.1,0
2,2015-04-29,Jack Aldridge,Richard Godfrey,92,1169,E1,0,868,0.25,0.15,0
1,2015-02-24,James Bibey,Connor Evans,81,850,E1,1,896,0.55,0.55,1
2,2015-03-10,James Bibey,Allen Jossy,143,935,E1,1,915,0.98,0.43,2
3,2015-03-25,James Bibey,Ethan Chung,46,1071,E1,0,907,1.23,0.25,2
1,2015-04-21,James Brindle,Dafydd Chapman,36,850,E1,0,840,0.51,0.51,0
2,2015-04-29,James Brindle,Anish Choudhuri,43,856,E1,0,824,1.01,0.5,0
1,2015-01-06,James Cobb,Carl Bicknell,NA,2218,,0.5,2467,0.81,0.81,0.5
2,2015-01-10,James Cobb,Sam E Collins,NA,2490,IM,0,2462,1.28,0.47,0.5
3,2015-01-11,James Cobb,John R Richardson,NA,2334,FM,1,2465,1.96,0.68,1.5
4,2015-01-13,James Cobb,Henry G Duncanson,NA,2362,,0,2459,2.61,0.65,1.5
5,2015-01-19,James Cobb,Peter E Chaplin,NA,2106,,1,2460,3.51,0.9,2.5
6,2015-01-27,James Cobb,Mark Furnevall,NA,1922,,1,2461,4.41,0.9,3.5
7,2015-02-04,James Cobb,David E Buckley,NA,2290,,1,2464,5.15,0.74,4.5
8,2015-02-10,James Cobb,Carl Bicknell,NA,2218,GM,1,2465,5.96,0.81,5.5
9,2015-02-14,James Cobb,Nicholas Pert,NA,2565,IM,1,2472,6.33,0.37,6.5
10,2015-02-15,James Cobb,Geoff W Lawton,NA,2306,,1,2475,7.05,0.72,7.5
11,2015-02-24,James Cobb,Chris R Beaumont,NA,2402,,0.5,2474,7.65,0.6,8
12,2015-03-10,James Cobb,John E Richards,NA,2066,,1,2475,8.55,0.9,9
13,2015-03-17,James Cobb,Sam Chow,NA,2287,,0.5,2472,9.29,0.74,9.5
14,2015-04-03,James Cobb,"Van Kemenade, Rudy",NA,2045,,1,2473,10.19,0.9,10.5
15,2015-04-03,James Cobb,Tom Brown,29,2132,,1,2474,11.07,0.88,11.5
16,2015-04-04,James Cobb,Jonathon Lb Blackburn,NA,2146,,0.5,2471,11.94,0.87,12
17,2015-04-04,James Cobb,Allan J Pleasants,NA,2214,,1,2472,12.76,0.82,13
18,2015-04-05,James Cobb,Tim Kett,151,2313,,1,2475,13.47,0.71,14
19,2015-04-06,James Cobb,Charles Morris,NA,2167,,1,2477,14.33,0.86,15
20,2015-04-06,James Cobb,David Jameson,NA,2085,,1,2478,15.23,0.9,16
21,2015-04-30,James Cobb,Stephen J Meek,NA,2202,,1,2479,16.06,0.83,17
22,2015-05-02,James Cobb,Tamas Fodor jr,NA,2487,,0.5,2480,16.54,0.48,17.5
23,2015-05-04,James Cobb,Jonathan Rogers,NA,2378,,0.5,2478,17.17,0.63,18
24,2015-05-05,James Cobb,David E Buckley,NA,2290,,1,2481,17.91,0.74,19
1,2015-01-05,James Thomas,Peter Heaven,110,2131,,0.5,2019,0.34,0.34,0.5
2,2015-02-09,James Thomas,Lee davis,67,2056,,0.5,2020,0.78,0.44,1
3,2015-02-23,James Thomas,Walter Braun,25,2236,FM,0,2016,1,0.22,1
4,2015-03-09,James Thomas,Douglas Spencer,NA,1985,,0.5,2015,1.54,0.54,1.5
5,2015-03-16,James Thomas,Lee Davis,67,2056,,0.5,2016,1.98,0.44,2
6,2015-03-23,James Thomas,Steve curtis,57,2017,,0.5,2016,2.48,0.5,2.5
7,2015-03-30,James Thomas,paul bridges,26,1923,,0.5,2014,3.11,0.63,3
8,2015-04-27,James Thomas,Peter Ehsandar,79,2049,,0,2007,3.56,0.45,3
1,2015-01-27,James Williams,Peter Williams,309,1169,E1,0.5,867,0.13,0.13,0.5
2,2015-02-03,James Williams,Dave Morris,191,1022,E1,1,890,0.41,0.28,1.5
3,2015-02-26,James Williams,Richard Godfrey,92,1169,E1,1,918,0.54,0.13,2.5
4,2015-03-23,James Williams,John Stephenson,266,1329,E1,0.5,931,0.64,0.1,3
5,2015-04-27,James Williams,Ian Burrows,32,1205,E1,0.5,943,0.75,0.11,3.5
6,2015-05-04,James Williams,Daniel Jaberansari,127,1144,E2,1,970,0.9,0.15,4.5
1,2015-01-15,Jason Grice,Lee Davis,67,2056,E1,0,1112,0.1,0.1,0
2,2015-01-26,Jason Grice,Lauren Davies,62,1408,E1,0,1107,0.25,0.15,0
3,2015-02-02,Jason Grice,Chris Green,99,1587,E1,0,1104,0.35,0.1,0
4,2015-02-12,Jason Grice,Nick Mavroyenneas,179,850,E1,0,1077,1.18,0.83,0
5,2015-02-17,Jason Grice,Stephen Bailey,9,1462,E1,0.5,1090,1.29,0.11,0.5
6,2015-03-09,Jason Grice,Phil Jones,140,1361,E1,0,1084,1.48,0.19,0.5
7,2015-03-24,Jason Grice,Anthony Williams,306,996,E1,0.5,1079,2.14,0.66,1
8,2015-04-09,Jason Grice,John Callan,34,1307,E1,0,1071,2.39,0.25,1
9,2015-04-20,Jason Grice,Dave Morris,191,1022,E1,0,1050,3.02,0.63,1
10,2015-05-07,Jason Grice,Stephen Bonutto,22,1173,E1,0,1037,3.44,0.42,1
1,2015-01-10,Javier Martin Perez,Stephen J Meek,NA,2202,ECF,1,2036,0.26,0.26,1
2,2015-01-11,Javier Martin Perez,Chris J Beckett,NA,2178,ECF,0,2031,0.55,0.29,1
3,2015-01-15,Javier Martin Perez,Chris Fox,85,1901,E1,1,2036,1.22,0.67,2
4,2015-01-18,Javier Martin Perez,Ian Jones,NA,2035,W1,0.5,2037,1.7,0.48,2.5
5,2015-02-10,Javier Martin Perez,Tim Kett,151,2312,E1,0.5,2042,1.85,0.15,3
6,2015-02-14,Javier Martin Perez,Ollie Willson,NA,2146,ECF,1,2053,2.18,0.33,4
7,2015-02-15,Javier Martin Perez,Geoffrey R Moore,NA,2138,ECF,0.5,2056,2.52,0.34,4.5
8,2015-02-16,Javier Martin Perez,Ben Thomas,273,1875,E1,0,2044,3.22,0.7,4.5
9,2015-03-09,Javier Martin Perez,Ernest Gibec,NA,2141,G1,0,2039,3.56,0.34,4.5
10,2015-03-21,Javier Martin Perez,William EG Jones,NA,2204,ECF,0,2035,3.82,0.26,4.5
11,2015-03-22,Javier Martin Perez,Jochen Witman,NA,2130,ECF,0,2029,4.17,0.35,4.5
12,2015-03-23,Javier Martin Perez,Rod Gough,94,1820,E1,1,2033,4.93,0.76,5.5
13,2015-05-02,Javier Martin Perez,Alan Scrimgour,NA,2074,ECF,0.5,2034,5.36,0.43,6
14,2015-05-03,Javier Martin Perez,Roger DW Marsh,NA,2058,ECF,0,2027,5.81,0.45,6
15,2015-05-04,Javier Martin Perez,Harry Grieve,NA,2098,ECF,1,2037,6.21,0.4,7
1,2015-01-06,Jeff Rowland,Edward Donovan,75,1700,E1,0.5,1701,0.5,0.5,0.5
2,2015-01-08,Jeff Rowland,Roy Thomas,275,1790,E1,1,1716,0.88,0.38,1.5
3,2015-01-15,Jeff Rowland,Daniel Griffiths,102,1542,E1,1,1723,1.59,0.71,2.5
4,2015-01-20,Jeff Rowland,Jonathan Bold,20,1790,E1,0,1714,1.97,0.38,2.5
5,2015-01-27,Jeff Rowland,Bob Hurn,123,1661,E1,1,1724,2.53,0.56,3.5
6,2015-01-28,Jeff Rowland,Matthew Lunnon,165,1561,E1,0.5,1720,3.22,0.69,4
7,2015-02-03,Jeff Rowland,Andrew Di-Vetta,72,1691,E1,0,1707,3.73,0.51,4
8,2015-02-10,Jeff Rowland,Simon Blackmore,19,1760,E1,0,1697,4.15,0.42,4
9,2015-02-16,Jeff Rowland,Tom Bennett,15,1468,E1,1,1702,4.95,0.8,5
10,2015-02-17,Jeff Rowland,Peter Ballantyne,11,1645,E1,1,1712,5.53,0.58,6
11,2015-02-23,Jeff Rowland,James Lavender,NA,1701,G1,0.5,1712,6.03,0.5,6.5
12,2015-02-26,Jeff Rowland,Alan Williams,305,1627,E1,0.5,1710,6.63,0.6,7
13,2015-03-02,Jeff Rowland,Sam White,303,1570,E1,0,1694,7.31,0.68,7
14,2015-03-03,Jeff Rowland,Peter Ballantyne,11,1645,E1,0.5,1692,7.89,0.58,7.5
15,2015-03-09,Jeff Rowland,Richard Livermore,NA,1649,G1,1,1702,8.46,0.57,8.5
16,2015-03-23,Jeff Rowland,Bob Hurn,123,1675,E2,0.5,1701,9,0.54,9
17,2015-03-30,Jeff Rowland,Dai James,129,1843,E1,1,1718,9.31,0.31,10
18,2015-04-28,Jeff Rowland,Russell Dodington,74,1751,E1,0,1707,9.74,0.43,10
19,2015-05-10,Jeff Rowland,Brian Ross,NA,1483,G1,0.5,1701,10.52,0.78,10.5
1,2015-02-16,Jeremy C Pye,S Wyn Howells,118,1613,E1,0,1089,0.1,0.1,0
1,2015-01-13,Jeremy Jones,Neil Stuart,267,1799,E1,0.5,1610,0.25,0.25,0.5
2,2015-01-14,Jeremy Jones,Charles Summers,269,1927,E1,0,1607,0.38,0.13,0.5
3,2015-01-26,Jeremy Jones,Chris Green,99,1587,E1,0.5,1606,0.9,0.52,1
4,2015-02-04,Jeremy Jones,Michael Arribas-Ayllon,8,1715,E1,0,1598,1.25,0.35,1
5,2015-02-20,Jeremy Jones,Michael O'Mahoney,NA,1946,ECF,0,1595,1.36,0.11,1
6,2015-02-21,Jeremy Jones,David Buttell,NA,1935,W1,0,1592,1.48,0.12,1
7,2015-02-21,Jeremy Jones,Jamie Sen,NA,1669,D1,0.5,1595,1.89,0.41,1.5
8,2015-02-22,Jeremy Jones,Huw Jones,NA,1642,W1,0,1584,2.34,0.45,1.5
9,2015-02-22,Jeremy Jones,Brian Butches,NA,1650,Est,0.5,1585,2.78,0.44,2
10,2015-03-05,Jeremy Jones,Dai James,129,1843,E1,0,1580,2.98,0.2,2
11,2015-03-09,Jeremy Jones,Jonathan Bold,20,1790,E1,0,1574,3.24,0.26,2
12,2015-03-26,Jeremy Jones,Matthew Parry,204,1962,E1,0,1572,3.34,0.1,2
13,2015-03-30,Jeremy Jones,ben thomas,273,1875,E1,0,1568,3.51,0.17,2
14,2015-04-03,Jeremy Jones,Bill Hunt,121,1838,E1,0.5,1575,3.71,0.2,2.5
15,2015-04-03,Jeremy Jones,Rob Dineen,71,1899,E1,0.5,1583,3.86,0.15,3
16,2015-04-04,Jeremy Jones,Hugh Price,218,1576,E1,0,1570,4.4,0.54,3
17,2015-04-04,Jeremy Jones,Ken Hannah,106,1759,E1,0.5,1575,4.69,0.29,3.5
18,2015-04-05,Jeremy Jones,John Cox,52,1315,E1,0.5,1567,5.54,0.85,4
19,2015-04-06,Jeremy Jones,Chris Fox,85,1901,E1,0.5,1575,5.69,0.15,4.5
20,2015-04-06,Jeremy Jones,Robbie Kildea,NA,1716,IRL,0,1567,6.04,0.35,4.5
21,2015-04-14,Jeremy Jones,Edward Donovan,75,1670,E2,0,1557,6.45,0.41,4.5
22,2015-04-20,Jeremy Jones,Hanni Youssef,319,1462,E1,0,1541,7.14,0.69,4.5
1,2015-02-17,Jerin Joseph,Aviral Batra,14,936,E1,0,848,0.4,0.4,0
2,2015-05-19,Jerin Joseph,Akshara Nagaruru,195,850,E1,1,864,0.92,0.52,1
1,2015-03-09,Jim Davies,Robert Peters,214,1170,E1,1,1201,0.52,0.52,1
2,2015-03-26,Jim Davies,Dave Morris,191,1022,E1,1,1210,1.24,0.72,2
3,2015-03-30,Jim Davies,Daniel Griffiths,102,1542,E1,0.5,1223,1.34,0.1,2.5
4,2015-03-31,Jim Davies,Stephen Bailey,9,1462,E1,0,1218,1.5,0.16,2.5
5,2015-04-20,Jim Davies,Akshara Nagaruru,195,850,E1,1,1222,2.38,0.88,3.5
6,2015-04-29,Jim Davies,Akshara Nagaruru,195,850,E1,1,1226,3.26,0.88,4.5
1,2015-01-02,Joe Fathallah,Shayanna Sivarajasingam,248,1723,E1,1,2010,0.84,0.84,1
2,2015-01-03,Joe Fathallah,David A Sands,NA,2290,ECF,1,2023,1,0.16,2
3,2015-01-03,Joe Fathallah,Donald J Mason,NA,2242,ECF,0.5,2028,1.2,0.2,2.5
4,2015-01-04,Joe Fathallah,Tom Brown,29,2132,E1,0,2023,1.53,0.33,2.5
5,2015-01-05,Joe Fathallah,Dai James,129,1843,E1,1,2027,2.25,0.72,3.5
6,2015-01-07,Joe Fathallah,Lee Davis,67,2056,E1,0.5,2028,2.68,0.43,4
7,2015-01-18,Joe Fathallah,Adam J May,NA,1948,W1,1,2035,3.26,0.58,5
8,2015-01-21,Joe Fathallah,Celso Bettencourt Pinto,216,2052,E1,0.5,2036,3.7,0.44,5.5
9,2015-02-04,Joe Fathallah,Paul Bridges,26,1948,E1,0.5,2035,4.28,0.58,6
10,2015-02-11,Joe Fathallah,Derek Jones,135,1965,E1,1,2042,4.84,0.56,7
11,2015-03-11,Joe Fathallah,Tim Kett,151,2312,E1,0,2039,4.98,0.14,7
12,2015-03-25,Joe Fathallah,Philip French,88,1871,E1,0,2028,5.66,0.68,7
13,2015-04-03,Joe Fathallah,Syringa Lyn Camp,NA,1724,N1,1,2031,6.5,0.84,8
14,2015-04-03,Joe Fathallah,Jonathon Lb Blackburn,NA,2146,ECF,0,2026,6.81,0.31,8
15,2015-04-04,Joe Fathallah,Thomas Thorpe,NA,2080,G1,1,2036,7.21,0.4,9
16,2015-04-04,Joe Fathallah,Mike Lexton,NA,2098,ECF,0.5,2038,7.58,0.37,9.5
17,2015-04-05,Joe Fathallah,Charles Morris,NA,2167,N1,0,2033,7.87,0.29,9.5
18,2015-04-06,Joe Fathallah,"Van Kemenade, Rudy",NA,2045,D1,1,2042,8.32,0.45,10.5
19,2015-04-06,Joe Fathallah,David A Sands,NA,2290,ECF,0.5,2047,8.48,0.16,11
20,2015-05-10,Joe Fathallah,Peter M Bevan,NA,2045,W2,1,2056,8.93,0.45,12
21,2015-06-03,Joe Fathallah,Alex Bullen,31,2163,E2,0.5,2059,9.22,0.29,12.5
1,2015-01-19,John Callan,Martin Ricketts,234,1444,E1,0.5,1313,0.31,0.31,0.5
2,2015-02-02,John Callan,Ray Angle,7,1334,E1,1,1330,0.77,0.46,1.5
3,2015-02-12,John Callan,Ethan Chung,46,1071,E1,0,1305,1.57,0.8,1.5
4,2015-02-26,John Callan,Anthony Williams,306,996,E1,1,1309,2.43,0.86,2.5
5,2015-03-05,John Callan,Laurence Matuszczyk,178,1151,E1,0.5,1303,3.14,0.71,3
6,2015-03-09,John Callan,Duncan MacDonald,170,1232,E1,0.5,1299,3.74,0.6,3.5
7,2015-03-16,John Callan,Mike Colwill,51,1024,E1,0.5,1288,4.58,0.84,4
8,2015-03-26,John Callan,Mike Colwill,51,1024,E1,1,1294,5.42,0.84,5
9,2015-03-30,John Callan,Steve Herkes,112,1566,E1,0,1288,5.6,0.18,5
10,2015-03-31,John Callan,Nessie Georgion,90,1513,E1,0.5,1296,5.83,0.23,5.5
11,2015-04-07,John Callan,Elis Vandyck,288,1283,E1,1,1311,6.36,0.53,6.5
12,2015-04-09,John Callan,Jason Grice,101,1115,E1,1,1319,7.11,0.75,7.5
13,2015-04-20,John Callan,Anish Choudhuri,43,856,E1,0.5,1307,8.01,0.9,8
1,2015-01-02,John Cox,Bob Hurn,123,1661,E1,1,1343,0.11,0.11,1
2,2015-01-03,John Cox,Simon Blackmore,19,1760,E1,0.5,1356,0.21,0.1,1.5
3,2015-01-03,John Cox,Deio Parri,NA,1712,N1,0.5,1369,0.31,0.1,2
4,2015-01-04,John Cox,Michael Moura,NA,1682,ECF,0,1366,0.41,0.1,2
5,2015-01-04,John Cox,Dave Parsons,205,1813,E1,0.5,1379,0.51,0.1,2.5
6,2015-01-19,John Cox,Clive Silver,246,1514,E1,0.5,1387,0.75,0.24,3
7,2015-01-26,John Cox,John Stephenson,266,1329,E1,1,1404,1.23,0.48,4
8,2015-01-30,John Cox,Kevin O'Rourke,200,1168,E1,1,1413,1.93,0.7,5
9,2015-01-31,John Cox,Martin J Maber,NA,1450,ECF,0,1403,2.25,0.32,5
10,2015-01-31,John Cox,Amin Ghabanlou,91,1004,E1,0.5,1391,3.11,0.86,5.5
11,2015-02-01,John Cox,Alysson James,NA,1001,W1,0.5,1380,3.98,0.87,6
12,2015-02-01,John Cox,Aron Calist,33,1414,E1,1,1400,4.34,0.36,7
13,2015-02-09,John Cox,Matthew Lunnon,165,1561,E1,1,1426,4.53,0.19,8
14,2015-03-05,John Cox,Rob Large,155,1450,E1,1,1448,4.85,0.32,9
15,2015-03-09,John Cox,Alex Kenealy,150,1640,E1,0,1444,4.98,0.13,9
16,2015-03-26,John Cox,Ashley Davis,66,1946,E1,0,1440,5.08,0.1,9
17,2015-03-30,John Cox,Aishwarya Lutchman Singh,166,1517,E2,0,1433,5.32,0.24,9
18,2015-04-04,John Cox,Roy Thomas,275,1790,E1,0,1430,5.42,0.1,9
19,2015-04-04,John Cox,David Rovaretti,240,1648,E1,1,1458,5.54,0.12,10
20,2015-04-05,John Cox,Jeremy Jones,138,1604,E1,0.5,1469,5.69,0.15,10.5
21,2015-04-06,John Cox,Cyril Ley,160,1611,E1,0.5,1480,5.84,0.15,11
22,2015-04-06,John Cox,Edward Donovan,75,1700,E1,0,1477,5.94,0.1,11
23,2015-04-14,John Cox,Daniel Griffiths,102,1542,E1,0,1470,6.15,0.21,11
24,2015-05-06,John Cox,Rod Gough,94,1820,E1,0,1467,6.25,0.1,11
1,2015-01-14,John D Thornton,Keith Thompson,278,1851,E1,0.5,2007,0.71,0.71,0.5
2,2015-01-19,John D Thornton,Ben Thomas,273,1875,E1,0,1996,1.39,0.68,0.5
3,2015-01-20,John D Thornton,Dave Turner,NA,1932,G1,1,2002,2,0.61,1.5
4,2015-01-26,John D Thornton,Craig Woolcock,315,2036,E1,1,2011,2.46,0.46,2.5
5,2015-02-04,John D Thornton,James Lavender,NA,1904,G1,0.5,2008,3.11,0.65,3
6,2015-02-09,John D Thornton,Peter Heaven,110,2131,E1,0.5,2011,3.44,0.33,3.5
7,2015-02-17,John D Thornton,Matthew Parry,204,1962,E1,0.5,2010,4.01,0.57,4
8,2015-02-25,John D Thornton,David Vaughan,NA,1990,G1,0.5,2009,4.54,0.53,4.5
9,2015-03-02,John D Thornton,Kevin O'Rourke,200,1168,E1,1,2011,5.44,0.9,5.5
10,2015-03-11,John D Thornton,Mark Adams,NA,2011,G1,1,2019,5.94,0.5,6.5
11,2015-03-17,John D Thornton,Richard Livermore,NA,1750,G2,0.5,2014,6.76,0.82,7
12,2015-03-25,John D Thornton,David L Roberts,236,2095,E1,1,2024,7.14,0.38,8
13,2015-04-20,John D Thornton,Chris Fox,85,1901,E1,0.5,2021,7.79,0.65,8.5
14,2015-04-27,John D Thornton,Bob Hurn,123,1675,E2,0.5,2015,8.67,0.88,9
15,2015-05-06,John D Thornton,Paul Bridges,26,1923,E2,0.5,2013,9.29,0.62,9.5
16,2015-05-11,John D Thornton,David Llewellyn,163,1918,E1,1,2019,9.92,0.63,10.5
17,2015-05-18,John D Thornton,Lee Davis,67,2076,E2,0,2013,10.33,0.41,10.5
1,2015-01-10,John Fletcher,Craig Woolcock,315,2036,E1,0.5,2067,0.55,0.55,0.5
2,2015-01-11,John Fletcher,Steven J Burke,NA,1978,ECF,1,2073,1.17,0.62,1.5
3,2015-02-07,John Fletcher,Roger Keely,NA,2154,ECF,0,2067,1.55,0.38,1.5
4,2015-02-14,John Fletcher,Youssef Rahman,NA,1937,4NCL,1,2072,2.23,0.68,2.5
5,2015-02-15,John Fletcher,Paul D Shepherd,NA,2178,ECF,1,2083,2.58,0.35,3.5
6,2015-03-21,John Fletcher,LJ Cooper,NA,2394,ECF,0,2081,2.7,0.12,3.5
7,2015-03-22,John Fletcher,Robert A Dean,NA,1906,ECF,1,2085,3.42,0.72,4.5
8,2015-03-28,John Fletcher,Richard M Cowan,NA,2066,ECF,0,2077,3.92,0.5,4.5
9,2015-04-03,John Fletcher,Stephen Williams,NA,1712,N1,1,2079,4.82,0.9,5.5
10,2015-04-04,John Fletcher,David Buttell,NA,1884,W2,0.5,2075,5.56,0.74,6
11,2015-04-05,John Fletcher,Bill Hunt,121,1838,E1,1,2078,6.35,0.79,7
12,2015-04-06,John Fletcher,Charles Summers,269,1927,E1,0.5,2075,7.04,0.69,7.5
13,2015-04-06,John Fletcher,Gareth Yeo,NA,2033,W1,0,2067,7.59,0.55,7.5
14,2015-04-29,John Fletcher,Antonio Fernandes,NA,2369,FIDE,0,2064,7.73,0.14,7.5
15,2015-04-30,John Fletcher,Janez Barle,NA,2347,FIDE,0,2062,7.89,0.16,7.5
16,2015-05-01,John Fletcher,Julian Teodoro Borras,NA,1945,FIDE,0.5,2059,8.56,0.67,8
17,2015-05-02,John Fletcher,Margarita Baliuniene,NA,1890,FIDE,0,2047,9.3,0.74,8
18,2015-05-03,John Fletcher,Mark Adams,NA,1989,G2,0.5,2045,9.91,0.61,8.5
19,2015-05-05,John Fletcher,Meyrick Shaw,NA,2034,ECF,1,2053,10.46,0.55,9.5
20,2015-05-06,John Fletcher,Bjorn Gamback,NA,2141,FIDE,0,2046,10.86,0.4,9.5
21,2015-05-07,John Fletcher,Theodoras Sideris,NA,1952,FIDE,0,2036,11.52,0.66,9.5
22,2015-06-26,John Fletcher,Tim Hilton,NA,1962,ECF,0,2025,12.17,0.65,9.5
23,2015-06-27,John Fletcher,Paul A Johnson,NA,1874,ECF,0.5,2021,12.92,0.75,10
24,2015-06-27,John Fletcher,Jim Davis,NA,2000,Est,1,2028,13.52,0.6,11
25,2015-06-28,John Fletcher,Raymond J Ilett,NA,2018,ECF,0.5,2027,14.09,0.57,11.5
26,2015-06-28,John Fletcher,George Gazis,NA,2034,ECF,0.5,2026,14.64,0.55,12
1,2015-01-26,John McGregor,Karanvir Lutchman Singh,167,1714,E1,1,1826,0.64,0.64,1
2,2015-02-02,John McGregor,Alun Howell,116,1751,E1,1,1835,1.23,0.59,2
3,2015-02-23,John McGregor,Jonathan Kell,149,1816,E1,0,1823,1.73,0.5,2
4,2015-03-02,John McGregor,Dai James,129,1843,E1,0,1812,2.19,0.46,2
5,2015-03-17,John McGregor,Alyssa Wang,295,1782,E1,1,1823,2.74,0.55,3
6,2015-03-30,John McGregor,Hugh Price,218,1576,E1,1,1828,3.54,0.8,4
7,2015-04-02,John McGregor,Mike Edwards,78,1856,E1,0.5,1829,3.99,0.45,4.5
8,2015-04-03,John McGregor,Frank Trombley,285,1580,E1,1,1834,4.79,0.8,5.5
9,2015-04-03,John McGregor,David Rovaretti,240,1648,E1,1,1841,5.51,0.72,6.5
10,2015-04-04,John McGregor,Szilvia Lochte,NA,1989,N2,1,1858,5.78,0.27,7.5
11,2015-04-04,John McGregor,Steve Christmas,45,1930,E1,0.5,1862,6.12,0.34,8
12,2015-04-05,John McGregor,Charles Summers,269,1927,E1,0,1854,6.47,0.35,8
13,2015-04-06,John McGregor,Gareth Yeo,NA,2033,W1,0,1848,6.69,0.22,8
14,2015-05-11,John McGregor,Mark Jones,139,1654,E1,1,1855,7.41,0.72,9
1,2015-01-20,John Pearce,Daniel Jaberansari,127,970,E1,0.5,933,0.45,0.45,0.5
2,2015-02-16,John Pearce,Daniel Wilmot,312,1714,E1,0,929,0.55,0.1,0.5
3,2015-03-03,John Pearce,Robert Peters,214,1170,E1,0,923,0.75,0.2,0.5
4,2015-03-16,John Pearce,Ionut Dragan,76,1200,E1,0,918,0.92,0.17,0.5
5,2015-03-17,John Pearce,Chris Kavanagh,146,1224,E1,0,913,1.07,0.15,0.5
6,2015-03-24,John Pearce,Akshara Nagaruru,195,850,E1,0.5,909,1.68,0.61,1
7,2015-03-26,John Pearce,Richard Godfrey,92,1169,E1,1,935,1.88,0.2,2
8,2015-03-31,John Pearce,Ellison Smith,257,850,E1,0,915,2.49,0.61,2
9,2015-04-20,John Pearce,David Jones,134,930,E1,1,931,2.99,0.5,3
1,2015-01-13,John Rowles,Dave Morris,191,1022,E1,0,1170,0.73,0.73,0
2,2015-01-20,John Rowles,Chris Golding,93,1293,E1,0,1158,1.09,0.36,0
3,2015-02-03,John Rowles,Daniel Griffiths,102,1542,E1,1,1187,1.2,0.11,1
4,2015-03-30,John Rowles,Mike McLoughlin,184,1242,E1,0,1173,1.63,0.43,1
1,2015-01-05,John Stephenson,Richard Morgan,188,1269,E1,0.5,1326,0.58,0.58,0.5
2,2015-01-15,John Stephenson,Dave Mahoney,173,1337,E1,0.5,1327,1.07,0.49,1
3,2015-01-19,John Stephenson,Ionut Dragan,76,1200,E1,1,1337,1.75,0.68,2
4,2015-01-26,John Stephenson,John Cox,52,1315,E1,0,1320,2.27,0.52,2
5,2015-02-02,John Stephenson,Pagona Mavroyenneas,180,850,E1,1,1324,3.17,0.9,3
6,2015-02-12,John Stephenson,Pagona Mavroyenneas,180,850,E1,1,1327,4.07,0.9,4
7,2015-02-17,John Stephenson,Gavin Williams,307,1658,E1,0,1323,4.19,0.12,4
8,2015-02-24,John Stephenson,Peter Williams,309,1169,E1,1,1332,4.9,0.71,5
9,2015-03-02,John Stephenson,Chris Hooper,115,1391,E1,0.5,1335,5.31,0.41,5.5
10,2015-03-09,John Stephenson,Peter Watkins,301,1452,E1,0.5,1341,5.64,0.33,6
11,2015-03-23,John Stephenson,James Williams,308,855,E1,0.5,1328,6.54,0.9,6.5
12,2015-04-23,John Stephenson,Phil Jones,140,1361,E1,1,1345,6.99,0.45,7.5
13,2015-05-07,John Stephenson,Martin Ricketts,234,1444,E1,0,1334,7.33,0.34,7.5
1,2015-02-14,John Trevelyan,Grant W Butcher,NA,2194,ECF,0,2108,0.39,0.39,0
2,2015-02-15,John Trevelyan,Jim R Bayford,NA,2210,ECF,0,2102,0.76,0.37,0
3,2015-03-21,John Trevelyan,Andrew Green,NA,2266,ECF,0,2097,1.06,0.3,0
4,2015-03-22,John Trevelyan,David C Okike,NA,2306,ECF,0,2093,1.31,0.25,0
5,2015-04-15,John Trevelyan,Alex Bullen,31,2163,E2,1,2102,1.74,0.43,1
6,2015-05-02,John Trevelyan,Kenneth G Coates,NA,2226,ECF,0,2097,2.09,0.35,1
7,2015-05-03,John Trevelyan,William Adaway,NA,2146,ECF,1,2105,2.54,0.45,2
8,2015-05-04,John Trevelyan,Charles Tippleston,NA,2186,ECF,0.5,2107,2.94,0.4,2.5
1,2015-01-13,Jonathan Bold,Dave A Lewis,156,1662,E1,1,1798,0.67,0.67,1
2,2015-01-20,Jonathan Bold,Jeff Rowland,241,1701,E1,1,1807,1.29,0.62,2
3,2015-02-03,Jonathan Bold,Guy Wagner,292,1836,E1,1,1820,1.73,0.44,3
4,2015-03-03,Jonathan Bold,Neil Stuart,267,1799,E1,0,1809,2.22,0.49,3
5,2015-03-09,Jonathan Bold,Jeremy Jones,138,1604,E1,1,1815,2.96,0.74,4
6,2015-04-07,Jonathan Bold,Dai James,129,1897,E2,1,1831,3.31,0.35,5
7,2015-04-08,Jonathan Bold,Dave A Lewis,156,1662,E1,1,1838,3.98,0.67,6
8,2015-04-20,Jonathan Bold,Ashley Davis,66,1946,E1,0.5,1844,4.27,0.29,6.5
9,2015-04-27,Jonathan Bold,David Robinson,238,1951,E2,0,1837,4.55,0.28,6.5
10,2015-05-10,Jonathan Bold,Zane Allford,NA,1725,G1,1,1847,5.14,0.59,7.5
1,2015-01-02,Jonathan Edwards,Martyn J Maber,NA,1450,ECF,0,1160,0.16,0.16,0
2,2015-01-03,Jonathan Edwards,Neya Govindaraj,95,1337,E1,0,1151,0.43,0.27,0
3,2015-01-03,Jonathan Edwards,Emily Wang,297,1153,E1,0,1135,0.95,0.52,0
4,2015-01-04,Jonathan Edwards,Merlin Davies,63,850,E1,1,1139,1.82,0.87,1
5,2015-06-01,Jonathan Edwards,Dom Cavalli,35,1248,E1,1,1159,2.2,0.38,2
1,2015-01-29,Jonathan James,Benjamin Choo Yin,40,1797,E1,1,2025,0.79,0.79,1
2,2015-02-12,Jonathan James,Douglas Spencer,NA,1985,G1,0.5,2025,1.34,0.55,1.5
1,2015-01-20,Jonathan Kell,Neil Stuart,267,1799,E1,1,1828,0.52,0.52,1
2,2015-01-27,Jonathan Kell,Mark Janas,132,1745,E1,1,1837,1.12,0.6,2
3,2015-02-02,Jonathan Kell,Paul Tew,272,1955,E1,1,1854,1.43,0.31,3
4,2015-02-23,Jonathan Kell,John McGregor,182,1817,E1,1,1866,1.93,0.5,4
5,2015-03-02,Jonathan Kell,Edd Chwieseni,48,1646,E1,0.5,1860,2.66,0.73,4.5
6,2015-03-16,Jonathan Kell,Justin Morgans,189,1694,E1,1,1868,3.33,0.67,5.5
7,2015-04-13,Jonathan Kell,Calum Harris,108,1801,E1,0,1856,3.85,0.52,5.5
8,2015-04-22,Jonathan Kell,Keith Thompson,278,1937,E2,0.5,1860,4.18,0.33,6
9,2015-04-27,Jonathan Kell,Guy Wagner,292,1790,E2,1,1871,4.72,0.54,7
1,2015-01-13,Joshua Choo Yin,Chris Kavanagh,146,1224,E1,0,847,0.1,0.1,0
2,2015-02-03,Joshua Choo Yin,Roy Purnell,220,1255,E1,0,844,0.2,0.1,0
3,2015-03-22,Joshua Choo Yin,Stephen Bailey,9,1462,E1,0,840,0.3,0.1,0
1,2015-01-06,Joshua McKenna,Edward Mason,177,1502,E1,0.5,1393,0.34,0.34,0.5
1,2015-01-10,Juan Rodriguez,Stephen AJ Whatley (Jnr),NA,2026,ECF,0,2027,0.51,0.51,0
2,2015-01-11,Juan Rodriguez,Alexander J Gordon Brown,NA,2138,ECF,0,2021,0.87,0.36,0
3,2015-01-21,Juan Rodriguez,Derek Smith,256,1812,E1,1,2025,1.65,0.78,1
4,2015-01-28,Juan Rodriguez,Keith Thompson,278,1851,E1,0,2013,2.39,0.74,1
1,2015-01-05,Justin Morgans,Will Elworthy,80,1742,E1,0.5,1696,0.43,0.43,0.5
2,2015-01-12,Justin Morgans,Aishwarya Lutchman Singh,166,1394,E1,0.5,1687,1.29,0.86,1
3,2015-02-02,Justin Morgans,Will Harwood,109,1745,E1,0,1677,1.72,0.43,1
4,2015-02-16,Justin Morgans,Wayne James,131,1458,E1,0.5,1670,2.52,0.8,1.5
5,2015-02-23,Justin Morgans,Sam Jukes,144,1716,E1,0,1658,2.99,0.47,1.5
6,2015-03-02,Justin Morgans,Bob Hurn,123,1675,E2,0.5,1658,3.52,0.53,2
7,2015-03-09,Justin Morgans,Conor Hunt,122,1700,E1,1,1670,4.01,0.49,3
8,2015-03-16,Justin Morgans,Jonathan Kell,149,1816,E1,0,1662,4.34,0.33,3
9,2015-03-23,Justin Morgans,Michael Arribas-Ayllon,8,1715,E1,0,1651,4.81,0.47,3
10,2015-03-25,Justin Morgans,Derek Jones,135,1965,E1,0,1646,4.98,0.17,3
11,2015-04-07,Justin Morgans,Chris Howells,117,1907,E1,0,1641,5.21,0.23,3
12,2015-04-20,Justin Morgans,Michael Arribas-Ayllon,8,1715,E1,0.5,1642,5.68,0.47,3.5
13,2015-04-22,Justin Morgans,Callum Mcgarvey-Jones,181,1053,E1,1,1644,6.58,0.9,4.5
14,2015-04-27,Justin Morgans,simon blackmore,19,1768,E2,1,1658,6.98,0.4,5.5
15,2015-05-11,Justin Morgans,Simon Richardson,233,1734,E1,0.5,1660,7.42,0.44,6
16,2015-05-18,Justin Morgans,Ashley Davis,66,1946,E1,0,1655,7.61,0.19,6
1,2015-01-03,Kam Choo Yin,Aishwarya Lutchman Singh,166,1394,E1,1,1613,0.78,0.78,1
2,2015-01-03,Kam Choo Yin,Bob Hurn,123,1661,E1,0.5,1615,1.21,0.43,1.5
3,2015-01-04,Kam Choo Yin,Simon Blackmore,19,1760,E1,1,1632,1.51,0.3,2.5
4,2015-01-04,Kam Choo Yin,Peter A Burgoyne,NA,1818,ECF,0,1626,1.74,0.23,2.5
5,2015-01-06,Kam Choo Yin,Mark Jones,139,1654,E1,0.5,1628,2.18,0.44,3
6,2015-01-20,Kam Choo Yin,Stephen Bailey,9,1462,E1,0,1611,2.88,0.7,3
7,2015-01-27,Kam Choo Yin,Peter Slater,252,1635,E1,0,1600,3.34,0.46,3
8,2015-02-10,Kam Choo Yin,Allan Fisher,83,1604,E1,0.5,1600,3.85,0.51,3.5
9,2015-03-03,Kam Choo Yin,Peter Williams,309,1169,E1,0,1578,4.75,0.9,3.5
10,2015-03-09,Kam Choo Yin,Roger Jenkins,133,1535,E1,1,1588,5.35,0.6,4.5
11,2015-03-17,Kam Choo Yin,Cyril Ley,160,1611,E1,0,1576,5.85,0.5,4.5
12,2015-03-22,Kam Choo Yin,Peter Slater,252,1635,E1,0,1565,6.31,0.46,4.5
13,2015-03-30,Kam Choo Yin,Martin Ricketts,234,1444,E1,1,1571,7.03,0.72,5.5
14,2015-04-07,Kam Choo Yin,S Wyn Howells,118,1613,E1,0.5,1572,7.52,0.49,6
1,2015-01-03,Karanvir Lutchman Singh,Ashley Davis,66,1946,E1,0,1709,0.21,0.21,0
2,2015-01-03,Karanvir Lutchman Singh,Tony Haigh,NA,1869,D1,0,1702,0.5,0.29,0
3,2015-01-04,Karanvir Lutchman Singh,Sam Jukes,144,1716,E1,1,1714,1,0.5,1
4,2015-01-05,Karanvir Lutchman Singh,David Rovaretti,240,1648,E1,0,1700,1.59,0.59,1
5,2015-01-05,Karanvir Lutchman Singh,Chirag Guha,103,1731,E1,0,1688,2.07,0.48,1
6,2015-01-07,Karanvir Lutchman Singh,Keith Thompson,278,1851,E1,1,1705,2.38,0.31,2
7,2015-01-19,Karanvir Lutchman Singh,David Perrett,212,1936,E1,0,1700,2.6,0.22,2
8,2015-01-26,Karanvir Lutchman Singh,John McGregor,182,1817,E1,0,1691,2.96,0.36,2
9,2015-01-30,Karanvir Lutchman Singh,Nicholas Evans,NA,1995,W1,0,1687,3.12,0.16,2
10,2015-01-31,Karanvir Lutchman Singh,James Evans,NA,1667,W1,1,1697,3.69,0.57,3
11,2015-01-31,Karanvir Lutchman Singh,Elliott MacNeil,171,1649,E1,0,1683,4.28,0.59,3
12,2015-02-01,Karanvir Lutchman Singh,Aishwarya Lutchman Singh,166,1394,E1,0,1662,5.15,0.87,3
13,2015-02-01,Karanvir Lutchman Singh,Neya Govindaraj,95,1337,E1,0,1641,6.05,0.9,3
14,2015-02-23,Karanvir Lutchman Singh,Charles Summers,269,1927,E1,0,1635,6.28,0.23,3
15,2015-03-07,Karanvir Lutchman Singh,Aron Calist,33,1414,E1,1,1639,7.14,0.86,4
16,2015-03-07,Karanvir Lutchman Singh,Imogen Camp,NA,1692,N1,0.5,1638,7.67,0.53,4.5
17,2015-03-07,Karanvir Lutchman Singh,James Evans,NA,1667,W1,0,1624,8.24,0.57,4.5
18,2015-03-08,Karanvir Lutchman Singh,Benjamin Choo Yin,40,1797,E1,0.5,1627,8.62,0.38,5
19,2015-03-12,Karanvir Lutchman Singh,Joel Lee,NA,1101,N1,1,1630,9.52,0.9,6
20,2015-03-16,Karanvir Lutchman Singh,Hugo Fowler,NA,1571,G1,1,1637,10.21,0.69,7
21,2015-03-25,Karanvir Lutchman Singh,Aron Calist,33,1263,E2,1,1639,11.11,0.9,8
22,2015-03-30,Karanvir Lutchman Singh,clive crowley,54,1441,E1,0,1619,11.94,0.83,8
23,2015-04-03,Karanvir Lutchman Singh,Hugh Price,218,1576,E1,0.5,1615,12.63,0.69,8.5
24,2015-04-03,Karanvir Lutchman Singh,Chris Fox,85,1901,E1,1,1633,12.88,0.25,9.5
25,2015-04-04,Karanvir Lutchman Singh,Bill Hunt,121,1838,E1,0.5,1637,13.21,0.33,10
26,2015-04-04,Karanvir Lutchman Singh,Gareth Yeo,NA,2033,W1,0,1634,13.34,0.13,10
27,2015-04-06,Karanvir Lutchman Singh,Guy Wagner,292,1836,E1,0.5,1638,13.67,0.33,10.5
28,2015-04-06,Karanvir Lutchman Singh,Roy Thomas,275,1790,E1,0,1629,14.06,0.39,10.5
29,2015-04-29,Karanvir Lutchman Singh,Neil Stevenson,NA,1014,G1,1,1631,0.9,0.9,1
1,2015-01-07,Karthik Kumar,Aron Calist,33,1414,E1,0,1194,0.23,0.23,0
1,2015-01-06,Keith Thompson,David Buttell,NA,1935,W1,0.5,1854,0.38,0.38,0.5
2,2015-01-07,Keith Thompson,Karanvir Lutchman Singh,167,1714,E1,0,1837,1.07,0.69,0.5
3,2015-01-14,Keith Thompson,John D Thornton,280,2010,E1,0.5,1842,1.36,0.29,1
4,2015-01-15,Keith Thompson,Hywel Griffiths,NA,1829,W1,0,1830,1.89,0.53,1
5,2015-01-18,Keith Thompson,David Buttell,NA,1935,W1,1,1845,2.27,0.38,2
6,2015-01-19,Keith Thompson,Craig Woolcock,315,2036,E1,1,1862,2.53,0.26,3
7,2015-01-21,Keith Thompson,Edward Mason,177,1502,E1,1,1865,3.42,0.89,4
8,2015-01-27,Keith Thompson,Alan Williams,305,1627,E1,1,1870,4.21,0.79,5
9,2015-01-28,Keith Thompson,Juan Rodriguez,239,2035,E1,1,1888,4.47,0.26,6
10,2015-02-04,Keith Thompson,Conor Hunt,122,1700,E1,1,1895,5.17,0.7,7
11,2015-02-09,Keith Thompson,Peter Bevan,NA,2045,W1,0,1889,5.42,0.25,7
12,2015-02-11,Keith Thompson,Chris Fox,85,1901,E1,0,1879,5.85,0.43,7
13,2015-02-17,Keith Thompson,Andrew Di-Vetta,72,1691,E1,1,1886,6.56,0.71,8
14,2015-02-18,Keith Thompson,Alan Young,NA,2159,W1,0.5,1894,6.7,0.14,8.5
15,2015-02-25,Keith Thompson,Marcell Vesz,291,1466,E1,1,1897,7.6,0.9,9.5
16,2015-02-25,Keith Thompson,Ian Jones,NA,2035,W1,1,1914,7.86,0.26,10.5
17,2015-03-04,Keith Thompson,Gareth Harley-Yeo,NA,2033,W1,0.5,1920,8.12,0.26,11
18,2015-03-05,Keith Thompson,Damon Davies,59,1766,E1,0,1905,8.74,0.62,11
19,2015-03-09,Keith Thompson,Rod Gough,94,1820,E1,1,1916,9.28,0.54,12
20,2015-03-12,Keith Thompson,Rob Saunders,NA,2088,W1,0.5,1923,9.48,0.2,12.5
21,2015-03-18,Keith Thompson,Peter Heaven,110,2131,E1,0,1920,9.64,0.16,12.5
22,2015-03-23,Keith Thompson,Sam Warburton,298,1593,E1,1,1924,10.46,0.82,13.5
23,2015-03-25,Keith Thompson,Adam May,NA,1948,W1,1,1939,10.83,0.37,14.5
24,2015-04-01,Keith Thompson,Chris Fox,85,1901,E1,0.5,1941,11.26,0.43,15
25,2015-04-08,Keith Thompson,Bill Harle,107,1744,E1,0.5,1937,11.91,0.65,15.5
26,2015-04-13,Keith Thompson,Graham Parker,203,1755,E1,0.5,1931,0.74,0.74,0.5
27,2015-04-15,Keith Thompson,Edward Donovan,75,1670,E2,1,1935,1.57,0.83,1.5
28,2015-04-22,Keith Thompson,Jonathan Kell,149,1816,E1,0.5,1931,2.24,0.67,2
29,2015-04-28,Keith Thompson,Robert Taylor,NA,2015,G2,0,1922,2.63,0.39,2
30,2015-04-29,Keith Thompson,Dai James,129,1897,E2,0,1908,3.19,0.56,2
31,2015-05-10,Keith Thompson,Gareth Yeo,NA,2033,W1,0,1900,3.56,0.37,2
32,2015-05-11,Keith Thompson,Ashley Davis,66,1946,E1,0.5,1900,4.05,0.49,2.5
1,2015-01-05,Ken Hannah,Mike Maguire,172,1728,E1,0.5,1758,0.54,0.54,0.5
2,2015-01-07,Ken Hannah,Bill Harle,107,1744,E1,0.5,1758,1.06,0.52,1
3,2015-01-15,Ken Hannah,Windsor Lewis,159,1123,E1,0.5,1748,1.96,0.9,1.5
4,2015-01-19,Ken Hannah,Bill Harle,107,1744,E1,0.5,1747,2.48,0.52,2
5,2015-01-26,Ken Hannah,Alun Howell,116,1751,E1,0,1735,2.99,0.51,2
6,2015-02-12,Ken Hannah,Matthew Parry,204,1962,E1,0,1729,3.23,0.24,2
7,2015-03-02,Ken Hannah,Matthew Wilson,313,1748,E1,0,1717,3.75,0.52,2
8,2015-03-09,Ken Hannah,Martin Ricketts,234,1444,E1,1,1720,4.62,0.87,3
9,2015-03-23,Ken Hannah,Neil Stuart,267,1799,E1,0.5,1722,5.06,0.44,3.5
10,2015-04-03,Ken Hannah,Celso Bettencourt Pinto,216,2052,E1,0,1718,5.21,0.15,3.5
11,2015-04-04,Ken Hannah,Aishwarya Lutchman Singh,166,1517,E2,0,1699,6.01,0.8,3.5
12,2015-04-04,Ken Hannah,Jeremy Jones,138,1604,E1,0.5,1694,6.72,0.71,4
13,2015-04-20,Ken Hannah,Shayanna Sivarajasingam,248,1711,E2,0.5,1692,7.29,0.57,4.5
14,2015-04-23,Ken Hannah,Lee Davis,67,2056,E1,0,1688,7.44,0.15,4.5
15,2015-04-29,Ken Hannah,Steve Woodrow,314,1722,E1,1,1699,7.99,0.55,5.5
16,2015-05-07,Ken Hannah,Peter Watkins,301,1452,E1,1,1703,8.85,0.86,6.5
17,2015-05-11,Ken Hannah,Edward Donovan,75,1670,E2,0.5,1700,9.47,0.62,7
18,2015-05-18,Ken Hannah,Paul Wallace,294,1391,E1,1,1702,10.37,0.9,8
1,2015-01-19,Kevin Gandy,Daniel Wilmot,312,1714,E1,1,1618,0.35,0.35,1
2,2015-02-02,Kevin Gandy,Rhys Steele,264,2046,E1,0,1615,0.45,0.1,1
3,2015-02-24,Kevin Gandy,Dave A Lewis,156,1662,E1,0.5,1617,0.87,0.42,1.5
4,2015-03-02,Kevin Gandy,Edward Mason,177,1502,E1,1,1626,1.51,0.64,2.5
5,2015-03-16,Kevin Gandy,Hugh Price,218,1576,E1,0.5,1625,2.05,0.54,3
6,2015-03-23,Kevin Gandy,Mark Jones,139,1654,E1,1,1638,2.48,0.43,4
7,2015-04-20,Kevin Gandy,Vaseekaran Sivarajasingam,249,1568,E1,0.5,1637,3.03,0.55,4.5
8,2015-05-11,Kevin Gandy,Bob Hurn,123,1675,E2,0.5,1640,3.43,0.4,5
1,2015-01-05,Kevin O'Rourke,Richard Godfrey,92,1169,E1,0,1152,0.5,0.5,0
2,2015-01-27,Kevin O'Rourke,Chris Hooper,115,1391,E1,0,1145,0.72,0.22,0
3,2015-01-30,Kevin O'Rourke,John Cox,52,1315,E1,0,1135,1.02,0.3,0
4,2015-01-31,Kevin O'Rourke,Daniel Jaberansari,127,970,E1,0,1111,1.78,0.76,0
5,2015-02-01,Kevin O'Rourke,Amin Ghabanlou,91,1004,E1,1,1120,2.5,0.72,1
6,2015-02-02,Kevin O'Rourke,Mike Colwill,51,1024,E1,0,1098,3.19,0.69,1
7,2015-02-20,Kevin O'Rourke,Scott Hammett,NA,1559,D1,0,1095,3.29,0.1,1
8,2015-02-21,Kevin O'Rourke,Sandra Whitby,NA,850,D1,1,1099,4.16,0.87,2
9,2015-02-21,Kevin O'Rourke,Frank Trombley,285,1580,E1,0.5,1112,4.26,0.1,2.5
10,2015-02-22,Kevin O'Rourke,Ray Greenwood,NA,1200,D1,1,1129,4.71,0.45,3.5
11,2015-02-22,Kevin O'Rourke,Roger Phillips,215,1467,E1,0,1124,4.86,0.15,3.5
12,2015-02-23,Kevin O'Rourke,Chris Golding,93,1293,E1,0,1114,5.19,0.33,3.5
13,2015-03-02,Kevin O'Rourke,John D Thornton,280,2010,E1,0,1111,5.29,0.1,3.5
14,2015-03-09,Kevin O'Rourke,Bob Hurn,123,1675,E2,0,1108,5.39,0.1,3.5
15,2015-04-03,Kevin O'Rourke,Simon Blackmore,19,1760,E1,0,1104,5.49,0.1,3.5
16,2015-04-03,Kevin O'Rourke,Edward donovan,75,1700,E1,0,1101,5.59,0.1,3.5
17,2015-04-04,Kevin O'Rourke,Dewi Jones,NA,1653,N1,0,1098,5.69,0.1,3.5
18,2015-04-05,Kevin O'Rourke,Sam White,303,1570,E1,0.5,1111,5.79,0.1,4
19,2015-04-06,Kevin O'Rourke,David Rovaretti,240,1648,E1,0,1108,5.89,0.1,4
20,2015-04-06,Kevin O'Rourke,Frank Trombley,285,1580,E1,0,1104,5.99,0.1,4
21,2015-04-27,Kevin O'Rourke,liam penny,211,1600,E1,0,1101,6.09,0.1,4
22,2015-05-18,Kevin O'Rourke,David Roberts,235,1510,E1,1,1130,6.2,0.11,5
1,2015-01-03,Kristian Prosser,Frank Trombley,285,1580,E1,1,1626,0.55,0.55,1
2,2015-01-03,Kristian Prosser,Peter A Burgoyne,NA,1818,ECF,0,1620,0.79,0.24,1
3,2015-01-04,Kristian Prosser,Michael Moura,NA,1682,ECF,1,1634,1.2,0.41,2
4,2015-01-04,Kristian Prosser,Edward Mason,177,1502,E1,0.5,1630,1.86,0.66,2.5
1,2015-01-26,Lauren Davies,Jason Grice,101,1115,E1,1,1413,0.85,0.85,1
2,2015-02-02,Lauren Davies,Hiya Ray,228,1271,E1,0,1391,1.54,0.69,1
3,2015-03-16,Lauren Davies,Chris Kavanagh,146,1224,E1,1,1399,2.28,0.74,2
4,2015-06-01,Lauren Davies,Brian Morris,190,850,E1,1,1402,3.18,0.9,3
5,2015-06-15,Lauren Davies,Gwilym Moses,192,896,E1,1,1405,4.08,0.9,4
6,2015-06-22,Lauren Davies,David Robinson,238,1951,E2,0,1402,4.18,0.1,4
1,2015-01-13,Laurence Matuszczyk,Mike Kearn,147,1634,E1,0,1148,0.1,0.1,0
2,2015-01-19,Laurence Matuszczyk,Mike Joslin,142,1400,E1,0.5,1158,0.29,0.19,0.5
3,2015-01-26,Laurence Matuszczyk,Windsor Lewis,159,1123,E1,1,1172,0.83,0.54,1.5
4,2015-02-09,Laurence Matuszczyk,Ray Angle,7,1334,E1,0,1164,1.09,0.26,1.5
5,2015-03-05,Laurence Matuszczyk,John Callan,34,1307,E1,0.5,1171,1.38,0.29,2
6,2015-03-09,Laurence Matuszczyk,Hanni Youssef,319,1462,E1,0,1166,1.52,0.14,2
7,2015-04-14,Laurence Matuszczyk,Chris Hooper,115,1391,E1,0,1160,1.72,0.2,2
8,2015-04-27,Laurence Matuszczyk,Mike Colwill,51,1024,E1,0.5,1155,2.39,0.67,2.5
1,2015-01-02,Lee Davis,Julie van Kemenade,NA,1786,,1,2059,0.83,0.83,1
2,2015-01-03,Lee Davis,Adam J May,NA,1948,,0,2048,1.48,0.65,1
3,2015-01-03,Lee Davis,Chirag Guha,103,1731,,1,2050,2.35,0.87,2
4,2015-01-04,Lee Davis,Alyssa Wang,295,1782,,0.5,2045,3.18,0.83,2.5
5,2015-01-05,Lee Davis,Michael Ashworth,NA,2136,,0.5,2047,3.57,0.39,3
6,2015-01-07,Lee Davis,Joe Fathallah,82,2007,,0.5,2046,4.14,0.57,3.5
7,2015-01-12,Lee Davis,David Llewellyn,163,1918,,0.5,2043,4.83,0.69,4
8,2015-01-15,Lee Davis,Jason Grice,101,1115,,1,2044,5.73,0.9,5
9,2015-01-19,Lee Davis,Steve Curtis,57,2017,,0.5,2044,6.28,0.55,5.5
10,2015-01-26,Lee Davis,Jonathan Gilbert,NA,2079,,0.5,2044,6.75,0.47,6
11,2015-02-09,Lee Davis,James thomas,274,2016,,0.5,2043,7.31,0.56,6.5
12,2015-02-11,Lee Davis,Walter Braun,25,2236,FM,1,2055,7.57,0.26,7.5
13,2015-02-12,Lee Davis,Craig Woolcock,315,2036,,0,2046,8.1,0.53,7.5
14,2015-02-17,Lee Davis,Tim Kett,151,2312,,0,2044,8.28,0.18,7.5
15,2015-03-02,Lee Davis,Peter Ehsandar,79,2049,,0.5,2043,8.79,0.51,8
16,2015-03-03,Lee Davis,Tim Kett,151,2312,,0.5,2048,8.97,0.18,8.5
17,2015-03-09,Lee Davis,Stephen Bonutto,22,1173,,1,2050,9.87,0.9,9.5
18,2015-03-15,Lee Davis,Tim Kett,151,2312,,0.5,2055,10.05,0.18,10
19,2015-03-16,Lee Davis,James Thomas,274,2016,,0.5,2054,10.61,0.56,10.5
20,2015-03-26,Lee Davis,Paul Bridges,26,1923,,1,2059,11.29,0.68,11.5
21,2015-03-30,Lee Davis,Walter Braun,25,2236,FM,0,2055,11.55,0.26,11.5
22,2015-04-11,Lee Davis,Robert Saunders,NA,2088,,1,2064,12,0.45,12.5
23,2015-04-14,Lee Davis,Tim Kett,151,2313,,1,2077,12.18,0.18,13.5
24,2015-04-23,Lee Davis,Ken Hannah,106,1759,,1,2080,13.03,0.85,14.5
25,2015-04-29,Lee Davis,David Llewellyn,163,1918,,0.5,2076,13.72,0.69,15
26,2015-05-07,Lee Davis,Matthew Parry,204,1999,,0.5,2074,0.61,0.61,0.5
27,2015-05-10,Lee Davis,Sven P Zeidler,NA,2224,,1,2085,0.91,0.3,1.5
28,2015-05-18,Lee Davis,John D Thornton,280,2010,,1,2092,1.5,0.59,2.5
1,2015-01-26,Len Skinner,David Jones,134,930,E1,1,1479,0.9,0.9,1
2,2015-02-02,Len Skinner,Ethan Chung,46,1071,E1,1,1482,1.8,0.9,2
1,2015-01-27,Liam Penny,Howard Deere,69,1576,E1,0.5,1599,0.53,0.53,0.5
2,2015-02-03,Liam Penny,Roger Jenkins,133,1535,E1,1,1609,1.12,0.59,1.5
3,2015-02-10,Liam Penny,Gruff Jones,137,1635,E1,0.5,1610,1.57,0.45,2
4,2015-03-10,Liam Penny,Bob Owen,202,1418,E1,1,1617,2.31,0.74,3
5,2015-03-24,Liam Penny,Tom Bennett,15,1468,E1,0,1600,2.99,0.68,3
6,2015-04-27,Liam Penny,Kevin O'Rourke,200,1168,E1,1,1603,3.89,0.9,4
1,2015-03-21,Mabon Melbourne,Erlina Ainsworth,NA,850,G1,1,866,0.5,0.5,1
2,2015-03-21,Mabon Melbourne,William Christmas,NA,1100,G1,0,860,0.69,0.19,1
1,2015-01-13,Marcell Vesz,Peter Williams,309,1169,E1,1,1471,0.85,0.85,1
2,2015-01-30,Marcell Vesz,Paul Turner,286,1300,E1,1,1480,1.57,0.72,2
3,2015-01-31,Marcell Vesz,Alex Kenealy,150,1640,E1,0,1471,1.84,0.27,2
4,2015-01-31,Marcell Vesz,Hiya Ray,228,1271,E1,0.5,1463,2.59,0.75,2.5
5,2015-02-01,Marcell Vesz,Daniel Jaberansari,127,970,E1,1,1466,3.49,0.9,3.5
6,2015-02-01,Marcell Vesz,Martyn J Maber,NA,1450,ECF,1,1482,4.01,0.52,4.5
7,2015-02-10,Marcell Vesz,Anthony Baker,10,1626,E1,1,1504,4.3,0.29,5.5
8,2015-02-25,Marcell Vesz,Keith Thompson,278,1851,E1,0,1501,4.4,0.1,5.5
1,2015-01-27,Mark Janas,Jonathan Kell,149,1816,E1,0,1735,0.4,0.4,0
2,2015-02-03,Mark Janas,Calum Harris,108,1801,E1,0.5,1737,0.82,0.42,0.5
3,2015-02-10,Mark Janas,Michael Arribas-Ayllon,8,1715,E1,1,1748,1.36,0.54,1.5
4,2015-03-04,Mark Janas,Guy Wagner,292,1836,E1,0,1739,1.73,0.37,1.5
5,2015-03-10,Mark Janas,Andrew Di-Vetta,72,1691,E1,0.5,1738,2.31,0.58,2
6,2015-03-24,Mark Janas,Tony Gutteridge,104,1604,E1,1,1745,3,0.69,3
7,2015-04-27,Mark Janas,Alun Howell,116,1751,E1,0.5,1745,3.49,0.49,3.5
1,2015-01-06,Mark Jones,Kam Choo Yin,42,1608,E1,0.5,1653,0.56,0.56,0.5
2,2015-01-21,Mark Jones,Hiya Ray,228,1271,E1,1,1655,1.46,0.9,1.5
3,2015-02-03,Mark Jones,Phil Smith,259,1491,E1,1,1662,2.18,0.72,2.5
4,2015-02-09,Mark Jones,Ian Eustis,NA,1787,W1,0.5,1666,2.5,0.32,3
5,2015-02-17,Mark Jones,Bill Harle,107,1744,E1,1,1681,2.88,0.38,4
6,2015-02-25,Mark Jones,Ian Eustis,NA,1787,W1,0,1673,3.2,0.32,4
7,2015-02-26,Mark Jones,Roger Phillips,215,1467,E1,0.5,1667,3.95,0.75,4.5
8,2015-03-12,Mark Jones,Glyn Sinnett,NA,1873,W1,0.5,1674,4.17,0.22,5
9,2015-03-17,Mark Jones,Tony Gutteridge,104,1604,E1,0.5,1672,4.74,0.57,5.5
10,2015-03-23,Mark Jones,Kevin Gandy,89,1602,E1,0,1659,5.31,0.57,5.5
11,2015-03-24,Mark Jones,S Wyn Howells,118,1613,E1,0,1645,5.87,0.56,5.5
12,2015-03-30,Mark Jones,Beryl Hughes,119,1523,E1,1,1653,6.55,0.68,6.5
13,2015-04-07,Mark Jones,Bob Hurn,123,1675,E2,0.5,1654,7.02,0.47,7
14,2015-04-14,Mark Jones,Steve Lindsay,162,1687,E1,0,1643,7.47,0.45,7
15,2015-04-16,Mark Jones,James Evans,NA,1667,W!,1,1655,7.95,0.48,8
16,2015-04-23,Mark Jones,Roger Jenkins,133,1535,E1,1,1663,8.61,0.66,9
17,2015-04-27,Mark Jones,David Roberts,235,1510,E1,1,1671,9.3,0.69,10
18,2015-05-11,Mark Jones,John McGregor,182,1817,E1,0,1664,9.58,0.28,10
1,2015-01-05,Martin Ricketts,Nadi Grewal,100,1413,E1,1,1459,0.54,0.54,1
2,2015-01-15,Martin Ricketts,Pagona Mavroyenneas,180,850,E1,1,1462,1.44,0.9,2
3,2015-01-19,Martin Ricketts,John Callan,34,1307,E1,0.5,1456,2.13,0.69,2.5
4,2015-01-26,Martin Ricketts,Chris Peters,213,1600,E1,0,1447,2.42,0.29,2.5
5,2015-02-12,Martin Ricketts,Windsor lewis,159,1123,E1,0.5,1435,3.29,0.87,3
6,2015-02-17,Martin Ricketts,Peter Slater,252,1635,E1,0,1427,3.54,0.25,3
7,2015-02-24,Martin Ricketts,Roland Humphries,120,1235,E1,1,1434,4.31,0.77,4
8,2015-03-09,Martin Ricketts,Ken Hannah,106,1759,E1,0,1430,4.44,0.13,4
9,2015-03-16,Martin Ricketts,Hanni Youssef,319,1462,E1,0,1415,4.91,0.47,4
10,2015-03-23,Martin Ricketts,Wayne James,131,1458,E1,0,1400,5.39,0.48,4
11,2015-03-24,Martin Ricketts,Allan Fisher,83,1604,E1,0,1390,5.68,0.29,4
12,2015-03-30,Martin Ricketts,Kam Choo Yin,42,1608,E1,0,1381,5.96,0.28,4
13,2015-04-09,Martin Ricketts,Roger Jenkins,133,1535,E1,0.5,1385,6.33,0.37,4.5
14,2015-04-23,Martin Ricketts,Chris Green,99,1587,E1,0,1376,6.64,0.31,4.5
15,2015-05-07,Martin Ricketts,John Stephenson,266,1329,E1,1,1386,7.3,0.66,5.5
16,2015-05-11,Martin Ricketts,Mike Joslin,142,1400,E1,0.5,1384,7.86,0.56,6
1,2015-01-28,Matt Staniforth,Stephen P Dilleigh,NA,2130,ECF,1,1935,0.22,0.22,1
2,2015-02-05,Matt Staniforth,Richard Garrett,NA,2018,ECF,1,1950,0.58,0.36,2
3,2015-02-11,Matt Staniforth,Shane Roberts,NA,1986,ECF,1,1964,0.98,0.4,3
4,2015-02-17,Matt Staniforth,Alan R Papier,NA,1834,ECF,0,1950,1.59,0.61,3
5,2015-03-02,Matt Staniforth,Steven C Roberts,NA,1634,ECF,0,1930,2.43,0.84,3
6,2015-03-21,Matt Staniforth,Elizabeth Ivanov,NA,1706,ECF,1,1935,3.2,0.77,4
7,2015-03-22,Matt Staniforth,Robert Whiteside,NA,1954,ECF,0,1924,3.65,0.45,4
8,2015-04-15,Matt Staniforth,Richard Johnson,NA,1890,ECF,1,1935,4.19,0.54,5
9,2015-04-17,Matt Staniforth,Derek Pugh,NA,2122,ECF,0.5,1942,4.42,0.23,5.5
10,2015-04-18,Matt Staniforth,Dominic L Bennett,NA,2050,ECF,0,1934,4.74,0.32,5.5
11,2015-04-18,Matt Staniforth,Nigel Ralphs,224,2000,E1,0,1925,5.12,0.38,5.5
12,2015-04-19,Matt Staniforth,Kathirve Balakrishnan,NA,1714,ECF,1,1931,5.88,0.76,6.5
13,2015-04-19,Matt Staniforth,Chris S Purry,NA,1922,ECF,1,1943,6.37,0.49,7.5
14,2015-05-02,Matt Staniforth,Simon Deighton,NA,2138,ECF,0.5,1950,6.59,0.22,8
15,2015-05-03,Matt Staniforth,Richard BE Bryant,NA,2058,ECF,0,1942,6.9,0.31,8
16,2015-05-04,Matt Staniforth,Richard M Cowan,NA,2066,ECF,1,1959,7.2,0.3,9
17,2015-05-05,Matt Staniforth,David Collier,NA,1922,ECF,0.5,1959,7.69,0.49,9.5
1,2015-02-17,Matthew Chichester,Richard Afelumo,1,857,E1,0.5,850,0.49,0.49,0.5
2,2015-03-10,Matthew Chichester,Dafydd Chapman,36,850,E1,0,834,0.99,0.5,0.5
1,2015-01-05,Matthew Lunnon,Chris Green,99,1587,E1,0.5,1562,0.46,0.46,0.5
2,2015-01-28,Matthew Lunnon,Jeff Rowland,241,1701,E1,0.5,1568,0.77,0.31,1
3,2015-02-02,Matthew Lunnon,Howard Lloyd,164,1406,E1,1,1578,1.48,0.71,2
4,2015-02-09,Matthew Lunnon,John Cox,52,1315,E1,0,1552,2.29,0.81,2
5,2015-03-09,Matthew Lunnon,Peter Williams,309,1169,E1,0,1523,3.19,0.9,2
6,2015-03-23,Matthew Lunnon,Steve Herkes,112,1566,E1,0.5,1523,3.68,0.49,2.5
7,2015-04-14,Matthew Lunnon,Andrew Di-Vetta,72,1641,E2,0.5,1527,4.07,0.39,3
8,2015-04-20,Matthew Lunnon,Clive Silver,246,1514,E1,1,1541,4.64,0.57,4
1,2015-01-02,Matthew Parry,Alan Young,NA,2159,W1,1,1980,0.24,0.24,1
2,2015-01-03,Matthew Parry,Peter Heaven,110,2131,E1,0,1974,0.52,0.28,1
3,2015-01-03,Matthew Parry,John Waterfield,NA,2062,G1,1,1989,0.88,0.36,2
4,2015-01-04,Matthew Parry,Allan Pleasants,NA,2214,W1,0.5,1996,1.07,0.19,2.5
5,2015-01-07,Matthew Parry,Peter Quinn,223,1876,E1,0,1981,1.69,0.62,2.5
6,2015-01-15,Matthew Parry,David Jones,134,930,E1,1,1984,2.59,0.9,3.5
7,2015-01-19,Matthew Parry,Bill Hunt,121,1838,E1,0,1968,3.26,0.67,3.5
8,2015-01-21,Matthew Parry,David Llewellyn,163,1918,E1,0,1954,3.82,0.56,3.5
9,2015-02-09,Matthew Parry,Sam Warburton,298,1593,E1,1,1957,4.72,0.9,4.5
10,2015-02-12,Matthew Parry,Ken Hannah,106,1759,E1,1,1962,5.48,0.76,5.5
11,2015-02-15,Matthew Parry,Laura J Davidson,NA,1634,ECF,1,1965,6.36,0.88,6.5
12,2015-02-17,Matthew Parry,John D Thornton,280,2010,E1,0.5,1967,6.79,0.43,7
13,2015-02-24,Matthew Parry,Ron Williams,NA,1691,G1,1,1971,7.62,0.83,8
14,2015-03-03,Matthew Parry,Benjamin Choo Yin,40,1797,E1,1,1978,8.34,0.72,9
15,2015-03-09,Matthew Parry,Steve Christmas,45,1930,E1,0.5,1977,8.89,0.55,9.5
16,2015-03-09,Matthew Parry,Chris Green,99,1587,E1,1,1979,9.79,0.9,10.5
17,2015-03-11,Matthew Parry,Dave Williams,NA,1690,G1,1,1983,10.62,0.83,11.5
18,2015-03-16,Matthew Parry,Sam Warburton,298,1593,E1,1,1986,11.52,0.9,12.5
19,2015-03-21,Matthew Parry,Sam Ivanov,NA,1500,ECF,1,1988,12.42,0.9,13.5
20,2015-03-22,Matthew Parry,Andrew Matthews,NA,1930,ECF,1,1999,12.97,0.55,14.5
21,2015-03-25,Matthew Parry,Richard Livermore,NA,1750,G2,1,2004,13.74,0.77,15.5
22,2015-03-26,Matthew Parry,Jeremy Jones,138,1604,E1,1,2007,14.64,0.9,16.5
23,2015-03-30,Matthew Parry,Alan Spice,260,2050,E1,0,1998,15.02,0.38,16.5
24,2015-04-01,Matthew Parry,Dennis O. Jones,NA,1716,G1,0.5,1990,15.83,0.81,17
25,2015-04-11,Matthew Parry,David Guy,NA,1879,W1,1,1999,16.45,0.62,18
26,2015-04-14,Matthew Parry,Benjamin Choo Yin,40,1791,E2,0.5,1993,0.77,0.77,0.5
27,2015-04-20,Matthew Parry,Guy Wagner,292,1790,E2,0,1974,1.54,0.77,0.5
28,2015-04-23,Matthew Parry,Ashley Davis,66,1946,E1,1,1984,2.11,0.57,1.5
29,2015-04-29,Matthew Parry,Graham Parker,203,1755,E1,1,1989,2.92,0.81,2.5
30,2015-05-04,Matthew Parry,Martina Flint,NA,1866,ECF,0,1973,3.6,0.68,2.5
31,2015-05-07,Matthew Parry,Lee Davis,67,2076,E2,0.5,1975,3.99,0.39,3
32,2015-05-10,Matthew Parry,Dave R Lewis,157,1936,E2,1,1985,4.58,0.59,4
33,2015-05-11,Matthew Parry,Derek Jones,135,1965,E1,1,1996,5.13,0.55,5
34,2015-05-18,Matthew Parry,Rod Gough,94,1820,E1,0.5,1990,5.87,0.74,5.5
1,2015-02-03,Matthew Wilson,Neil Stuart,267,1799,E1,1,1762,0.43,0.43,1
2,2015-02-10,Matthew Wilson,Andrew Di-Vetta,72,1691,E1,1,1772,1.01,0.58,2
3,2015-02-23,Matthew Wilson,Robert Taylor,NA,2045,G1,0,1768,1.16,0.15,2
4,2015-03-02,Matthew Wilson,Ken Hannah,106,1759,E1,1,1781,1.64,0.48,3
5,2015-03-23,Matthew Wilson,Will Harwood,109,1745,E1,1,1793,2.14,0.5,4
6,2015-04-21,Matthew Wilson,Dave A Lewis,156,1662,E1,1,1802,2.76,0.62,5
1,2015-01-02,Megan Richards,Raj Govindaraj,96,1173,E1,0.5,1491,0.88,0.88,0.5
2,2015-01-03,Megan Richards,Merlin Davies,63,850,E1,1,1494,1.78,0.9,1.5
3,2015-01-03,Megan Richards,Andrew Worthington,316,1354,E1,1,1504,2.48,0.7,2.5
4,2015-01-04,Megan Richards,Martyn J Maber,NA,1450,ECF,0.5,1501,3.05,0.57,3
5,2015-01-04,Megan Richards,Chris Green,99,1587,E1,0,1489,3.43,0.38,3
6,2015-02-03,Megan Richards,Peter Slater,252,1635,E1,0.5,1495,3.75,0.32,3.5
7,2015-03-04,Megan Richards,Conor Hunt,122,1700,E1,0,1487,3.99,0.24,3.5
8,2015-04-03,Megan Richards,Alex Kenealy,150,1640,E1,0.5,1493,4.3,0.31,4
9,2015-04-04,Megan Richards,Andrew Camp,NA,1494,N1,1,1509,4.81,0.51,5
10,2015-04-04,Megan Richards,Richard Livermore,NA,1649,G1,0,1499,5.11,0.3,5
11,2015-04-05,Megan Richards,Kevin Langmaid,NA,1514,ECF,0.5,1500,5.59,0.48,5.5
12,2015-04-06,Megan Richards,Neil Stevenson,NA,1014,G1,1,1503,6.49,0.9,6.5
13,2015-04-06,Megan Richards,Mark Emblem,NA,1424,G1,0.5,1500,7.1,0.61,7
1,2015-02-09,Mehdi Jaberansari,Pagona Mavroyenneas,180,850,E1,0,834,0.5,0.5,0
2,2015-04-07,Mehdi Jaberansari,Neya Govindaraj,95,1387,E2,0,831,0.6,0.1,0
1,2015-01-03,Merlin Davies,Megan Richards,232,1503,E1,0,847,0.1,0.1,0
2,2015-01-03,Merlin Davies,Nayana Kalavala,145,1045,E1,0,839,0.35,0.25,0
3,2015-01-04,Merlin Davies,Jaime Ashworth,NA,1026,ECF,0.5,846,0.62,0.27,0.5
4,2015-01-04,Merlin Davies,Jonathan Edwards,77,1165,E1,0,842,0.75,0.13,0.5
5,2015-03-21,Merlin Davies,Madeleine Smith,NA,1097,G1,0,836,0.94,0.19,0.5
6,2015-03-21,Merlin Davies,Neil Stevenson,NA,1014,G1,1,859,1.22,0.28,1.5
7,2015-03-21,Merlin Davies,Rishi Choudhuri,NA,1077,W1,1,884,1.43,0.21,2.5
8,2015-03-21,Merlin Davies,Dylan Meek,NA,1100,G1,1,910,1.62,0.19,3.5
9,2015-03-22,Merlin Davies,Duncan MacDonald,170,1232,E1,0,907,1.72,0.1,3.5
10,2015-03-22,Merlin Davies,Cian Grattidge,98,945,E1,0.5,911,2.09,0.37,4
11,2015-05-30,Merlin Davies,Niall Clarke,NA,1418,ECF,1,940,2.19,0.1,5
12,2015-05-30,Merlin Davies,Zevon Rustom,NA,1490,ECF,0,937,2.29,0.1,5
1,2015-01-08,Michael Arribas-Ayllon,Dai James,129,1843,E1,0.5,1719,0.33,0.33,0.5
2,2015-01-15,Michael Arribas-Ayllon,Edward Donovan,75,1700,E1,1,1731,0.85,0.52,1.5
3,2015-01-21,Michael Arribas-Ayllon,Charles Summers,269,1927,E1,0.5,1737,1.08,0.23,2
4,2015-01-28,Michael Arribas-Ayllon,Alex Wills,311,1743,E1,1,1750,1.54,0.46,3
5,2015-02-04,Michael Arribas-Ayllon,Jeremy Jones,138,1604,E1,1,1758,2.19,0.65,4
6,2015-02-10,Michael Arribas-Ayllon,Mark Janas,132,1745,E1,0,1747,2.65,0.46,4
7,2015-02-11,Michael Arribas-Ayllon,Bill Harle,107,1744,E1,0.5,1748,3.11,0.46,4.5
8,2015-02-16,Michael Arribas-Ayllon,Mike Servini,244,1603,E1,0.5,1745,3.76,0.65,5
9,2015-02-26,Michael Arribas-Ayllon,Andrew Di-Vetta,72,1691,E1,1,1756,4.29,0.53,6
10,2015-03-02,Michael Arribas-Ayllon,Dave Parsons,205,1813,E1,0.5,1759,4.65,0.36,6.5
11,2015-03-09,Michael Arribas-Ayllon,James Lavender,NA,1904,G1,0.5,1765,4.9,0.25,7
12,2015-03-11,Michael Arribas-Ayllon,Chirag Guha,103,1761,E2,0.5,1767,5.34,0.44,7.5
13,2015-03-23,Michael Arribas-Ayllon,Justin Morgans,189,1694,E1,1,1778,5.87,0.53,8.5
14,2015-03-25,Michael Arribas-Ayllon,Steve Woodrow,314,1722,E1,0,1766,6.36,0.49,8.5
15,2015-04-20,Michael Arribas-Ayllon,Justin Morgans,189,1694,E1,0.5,1766,6.89,0.53,9
16,2015-04-27,Michael Arribas-Ayllon,Andrew Trickey,283,1679,E1,1,1776,7.44,0.55,10
17,2015-04-29,Michael Arribas-Ayllon,Roy Thomas,275,1700,E2,0,1764,7.96,0.52,10
1,2015-01-15,Mike Cleaves,Michael Beck,NA,1430,W1,1,1790,0.9,0.9,1
2,2015-03-25,Mike Cleaves,David Buttell,NA,1935,W1,0,1783,1.2,0.3,1
1,2015-01-20,Mike Colwill,Ethan Chung,46,1071,E1,0,1010,0.43,0.43,0
2,2015-02-02,Mike Colwill,Kevin O'Rourke,200,1168,E1,1,1032,0.74,0.31,1
3,2015-02-16,Mike Colwill,Sam Jukes,144,1716,E1,0,1029,0.84,0.1,1
4,2015-03-03,Mike Colwill,Gareth Davies,60,1390,E1,0,1026,0.94,0.1,1
5,2015-03-09,Mike Colwill,Nadi Grewal,100,1413,E1,0,1023,1.04,0.1,1
6,2015-03-10,Mike Colwill,Stephen Bailey,9,1462,E1,0,1020,1.14,0.1,1
7,2015-03-16,Mike Colwill,John Callan,34,1307,E1,0.5,1030,1.3,0.16,1.5
8,2015-03-17,Mike Colwill,Dwain Jones,136,1192,E1,0,1021,1.58,0.28,1.5
9,2015-03-26,Mike Colwill,John Callan,34,1307,E1,0,1016,1.74,0.16,1.5
10,2015-04-08,Mike Colwill,Anlan Qiu,222,1326,E1,0,1012,1.88,0.14,1.5
11,2015-04-20,Mike Colwill,Windsor Lewis,159,1123,E1,0,1000,2.24,0.36,1.5
12,2015-04-27,Mike Colwill,Laurence Matuszczyk,178,1151,E1,0.5,1006,2.57,0.33,2
1,2015-01-08,Mike Edwards,Mark Adams,NA,2011,G1,0,1849,0.29,0.29,0
2,2015-01-15,Mike Edwards,Conor Hunt,122,1700,E1,0,1832,1,0.71,0
3,2015-02-10,Mike Edwards,Alyssa Wang,295,1782,E1,0.5,1830,1.6,0.6,0.5
4,2015-02-26,Mike Edwards,Chris Howells,117,1907,E1,0,1819,2.03,0.43,0.5
5,2015-03-09,Mike Edwards,Robert Taylor,NA,2045,G1,0,1813,2.28,0.25,0.5
6,2015-04-02,Mike Edwards,John McGregor,182,1817,E1,0.5,1812,2.83,0.55,1
7,2015-04-27,Mike Edwards,Damon Davies,59,1766,E1,1,1821,3.45,0.62,2
1,2015-01-05,Mike Joslin,Rob Large,155,1450,E1,1,1418,0.43,0.43,1
2,2015-01-13,Mike Joslin,Neya Govindaraj,95,1337,E1,0,1399,1.02,0.59,1
3,2015-01-19,Mike Joslin,Laurence Matuszczyk,178,1151,E1,0.5,1389,1.83,0.81,1.5
4,2015-01-27,Mike Joslin,Roger Phillips,215,1467,E1,0.5,1392,2.24,0.41,2
5,2015-02-02,Mike Joslin,Dave Morris,191,1022,E1,1,1396,3.14,0.9,3
6,2015-02-09,Mike Joslin,Hiya Ray,228,1271,E1,1,1406,3.82,0.68,4
7,2015-03-02,Mike Joslin,Daniel Jaberansari,127,970,E1,0.5,1393,4.72,0.9,4.5
8,2015-03-16,Mike Joslin,Vaseekaran Sivarajasingam,249,1568,E1,0.5,1400,5,0.28,5
9,2015-03-17,Mike Joslin,Roland Humphries,120,1235,E1,0.5,1393,5.72,0.72,5.5
10,2015-03-30,Mike Joslin,Anthony Williams,306,996,E1,0.5,1380,6.62,0.9,6
11,2015-04-07,Mike Joslin,David Hambrook,105,1626,E1,0.5,1389,6.83,0.21,6.5
12,2015-04-20,Mike Joslin,Nadi Grewal,100,1413,E1,0.5,1390,7.31,0.48,7
13,2015-04-22,Mike Joslin,Daniel Jaberansari,127,1144,E2,0.5,1380,8.13,0.82,7.5
14,2015-04-27,Mike Joslin,Bob Owen,202,1418,E1,0.5,1381,8.6,0.47,8
15,2015-05-06,Mike Joslin,Roy Purnell,220,1255,E1,0.5,1374,9.3,0.7,8.5
16,2015-05-11,Mike Joslin,Martin Ricketts,234,1444,E1,0.5,1376,9.74,0.44,9
1,2015-01-06,Mike Kearn,Gareth Davies,60,1390,E1,0.5,1627,0.81,0.81,0.5
2,2015-01-13,Mike Kearn,Laurence Matuszczyk,178,1151,E1,1,1629,1.71,0.9,1.5
3,2015-01-27,Mike Kearn,Phil Smith,259,1491,E1,0.5,1624,2.4,0.69,2
4,2015-02-03,Mike Kearn,Edward Mason,177,1502,E1,1,1632,3.08,0.68,3
5,2015-02-10,Mike Kearn,Anlan Qiu,222,1326,E1,0.5,1623,3.94,0.86,3.5
1,2015-01-05,Mike Maguire,Ken Hannah,106,1759,E1,0.5,1729,0.46,0.46,0.5
2,2015-01-12,Mike Maguire,S Wyn Howells,118,1613,E1,0.5,1725,1.12,0.66,1
3,2015-02-02,Mike Maguire,Calum Harris,108,1801,E1,0.5,1728,1.52,0.4,1.5
4,2015-02-09,Mike Maguire,Lyn Holland,NA,1511,G1,0,1709,2.3,0.78,1.5
5,2015-03-09,Mike Maguire,Dave A Lewis,156,1662,E1,0,1695,2.89,0.59,1.5
6,2015-03-17,Mike Maguire,Gavin Williams,307,1658,E1,0,1680,3.49,0.6,1.5
7,2015-03-30,Mike Maguire,Hanni Youssef,319,1462,E1,0.5,1672,4.32,0.83,2
8,2015-04-13,Mike Maguire,Daniel Griffiths,102,1542,E1,1,1679,5.06,0.74,3
9,2015-04-20,Mike Maguire,Beryl Hughes,119,1523,E1,0.5,1672,5.83,0.77,3.5
1,2015-01-28,Mike McLoughlin,Egor Muljarov,194,1556,E1,0.5,1254,0.13,0.13,0.5
2,2015-03-23,Mike McLoughlin,Edward Mason,177,1502,E1,1,1280,0.31,0.18,1.5
3,2015-03-30,Mike McLoughlin,John Rowles,242,1193,E1,1,1294,0.88,0.57,2.5
4,2015-04-03,Mike McLoughlin,Alex Kenealy,150,1640,E1,0,1291,0.98,0.1,2.5
5,2015-04-03,Mike McLoughlin,Pagona Mavroyenneas,180,850,E1,0.5,1278,1.88,0.9,3
6,2015-04-04,Mike McLoughlin,John Eddershaw,NA,1410,ECF,1,1301,2.16,0.28,4
7,2015-04-04,Mike McLoughlin,Kevin Langmaid,NA,1514,ECF,0,1295,2.33,0.17,4
8,2015-04-05,Mike McLoughlin,Andrew Camp,NA,1494,N1,0.5,1305,2.52,0.19,4.5
9,2015-04-06,Mike McLoughlin,Daniel Jaberansari,127,1144,E2,1,1317,3.16,0.64,5.5
10,2015-04-06,Mike McLoughlin,Daniel Griffiths,102,1542,E1,1,1344,3.3,0.14,6.5
11,2015-04-14,Mike McLoughlin,Allan Fisher,83,1604,E1,0,1341,3.4,0.1,6.5
1,2015-01-07,Mike Servini,Edward Donovan,75,1700,E1,0.5,1606,0.37,0.37,0.5
2,2015-01-12,Mike Servini,Alun Howell,116,1751,E1,0,1599,0.67,0.3,0.5
3,2015-01-26,Mike Servini,Will Harwood,109,1745,E1,0,1591,0.98,0.31,0.5
4,2015-01-30,Mike Servini,Rob Dineen,71,1899,E1,0,1588,1.13,0.15,0.5
5,2015-01-31,Mike Servini,David Rovaretti,240,1648,E1,1,1601,1.57,0.44,1.5
6,2015-01-31,Mike Servini,Paul Bridges,26,1948,E1,0,1599,1.68,0.11,1.5
7,2015-02-01,Mike Servini,Simon Blackmore,19,1760,E1,0.5,1604,1.97,0.29,2
8,2015-02-01,Mike Servini,Roy Thomas,275,1790,E1,0,1598,2.22,0.25,2
9,2015-02-09,Mike Servini,Ashley davis,66,1946,E1,0.5,1607,2.33,0.11,2.5
10,2015-02-16,Mike Servini,Michael Arribas-Ayllon,8,1715,E1,0.5,1611,2.68,0.35,3
11,2015-03-02,Mike Servini,Chris Peters,213,1600,E1,0,1599,3.18,0.5,3
12,2015-03-16,Mike Servini,Ashley Davis,66,1946,E1,0,1596,3.29,0.11,3
13,2015-03-17,Mike Servini,Alan Williams,305,1627,E1,0,1585,3.76,0.47,3
14,2015-03-24,Mike Servini,Tim Kett,151,2312,E1,0,1582,3.86,0.1,3
15,2015-04-13,Mike Servini,Robert taylor,NA,1981,G2,0,1580,3.96,0.1,3
16,2015-04-20,Mike Servini,Sam Jukes,144,1716,E1,1,1596,4.3,0.34,4
17,2015-04-27,Mike Servini,Derek Smith,256,1812,E1,0,1590,4.53,0.23,4
1,2015-02-26,Mike Wheeler,Ionut Dragan,76,1200,E1,0,1184,0.5,0.5,0
1,2015-02-16,Milo Davies,Dantu Sridatta,261,863,E1,0,835,0.48,0.48,0
1,2015-04-03,Mohammed Binesmael,Paul Turner,286,1300,E1,1,1559,0.81,0.81,1
2,2015-04-03,Mohammed Binesmael,Gengadharan Senvarattinam,NA,1650,ELO,1,1579,1.18,0.37,2
3,2015-04-04,Mohammed Binesmael,Mark Emblem,NA,1424,G1,0.5,1573,1.86,0.68,2.5
4,2015-04-04,Mohammed Binesmael,Timothy S Allen,NA,1586,ECF,1,1591,2.31,0.45,3.5
5,2015-04-05,Mohammed Binesmael,Richard Livermore,NA,1649,G1,1,1611,2.68,0.37,4.5
6,2015-04-06,Mohammed Binesmael,Gareth Davies,60,1390,E1,1,1620,3.4,0.72,5.5
7,2015-04-06,Mohammed Binesmael,Kevin Langmaid,NA,1514,ECF,1,1635,3.95,0.55,6.5
1,2015-01-05,Nadi Grewal,Martin Ricketts,234,1444,E1,0,1398,0.46,0.46,0
2,2015-01-28,Nadi Grewal,Edward Donovan,75,1700,E1,0,1393,0.62,0.16,0
3,2015-02-09,Nadi Grewal,Brenda Miles,186,1245,E1,1,1402,1.34,0.72,1
4,2015-03-09,Nadi Grewal,Mike Colwill,51,1024,E1,1,1405,2.24,0.9,2
5,2015-03-23,Nadi Grewal,Daniel Griffiths,102,1542,E1,0,1395,2.56,0.32,2
6,2015-03-30,Nadi Grewal,Chris Hooper,115,1391,E1,1,1410,3.09,0.53,3
7,2015-04-14,Nadi Grewal,Anthony Baker,10,1626,E1,0,1403,3.32,0.23,3
8,2015-04-20,Nadi Grewal,Mike Joslin,142,1400,E1,0.5,1402,3.84,0.52,3.5
1,2015-03-07,Naman Desai,Llion Morris,NA,850,N1,0,834,0.5,0.5,0
2,2015-03-07,Naman Desai,Neel Bhatia,16,850,E1,0,818,1,0.5,0
3,2015-03-08,Naman Desai,Osian Furnival Hughes,NA,850,N1,0,802,1.5,0.5,0
4,2015-03-08,Naman Desai,Eoin Shackleton,NA,850,G1,0,786,2,0.5,0
5,2015-03-08,Naman Desai,Anderson Khan,NA,850,G1,0,770,2.5,0.5,0
1,2015-05-30,Nandhini Prasad,Siena Choi,NA,1150,Est,0,846,0.14,0.14,0
2,2015-05-30,Nandhini Prasad,Isabella Cook,NA,1150,Est,1,873,0.28,0.14,1
1,2015-01-02,Nayana Kalavala,Aron Calist,33,1414,E1,0,1042,0.1,0.1,0
2,2015-01-03,Nayana Kalavala,Merlin Davies,63,850,E1,1,1050,0.85,0.75,1
3,2015-01-04,Nayana Kalavala,Hiya Ray,228,1271,E1,0,1043,1.06,0.21,1
4,2015-01-04,Nayana Kalavala,Jaime Ashworth,NA,1026,ECF,1,1058,1.59,0.53,2
5,2015-01-24,Nayana Kalavala,Harri Jackson,NA,946,N1,1,1070,2.23,0.64,3
6,2015-01-24,Nayana Kalavala,Callum Cavanaugh,NA,930,ECF,1,1081,2.89,0.66,4
7,2015-01-24,Nayana Kalavala,S Harshil Mehta,NA,1338,ECF,0.5,1092,3.04,0.15,4.5
8,2015-01-24,Nayana Kalavala,Emily Bramah,NA,1186,ECF,1,1114,3.35,0.31,5.5
9,2015-02-21,Nayana Kalavala,Hugo Rayner,NA,1122,ECF,1,1133,3.74,0.39,6.5
10,2015-02-21,Nayana Kalavala,Zahra Jaufarally,NA,1098,ECF,1,1152,4.17,0.43,7.5
11,2015-02-21,Nayana Kalavala,Daniel Shirinyan,NA,1226,ECF,0,1143,4.43,0.26,7.5
12,2015-02-22,Nayana Kalavala,Adam Hussain,NA,1170,ECF,0,1133,4.76,0.33,7.5
13,2015-02-22,Nayana Kalavala,Susmit Neogi,NA,1122,ECF,1,1152,5.15,0.39,8.5
14,2015-02-22,Nayana Kalavala,Dias Savin,NA,1434,ECF,0,1149,5.25,0.1,8.5
15,2015-03-07,Nayana Kalavala,Anderson Khan,NA,850,G1,1,1157,6,0.75,9.5
16,2015-03-07,Nayana Kalavala,Anish Choudhuri,43,856,E1,1,1165,6.75,0.75,10.5
17,2015-03-07,Nayana Kalavala,Madeleine Smith,NA,1097,G1,1,1183,7.18,0.43,11.5
18,2015-03-08,Nayana Kalavala,Venetia Sivarajasingam,250,1666,E1,0,1180,7.28,0.1,11.5
19,2015-03-08,Nayana Kalavala,Arthur Newington-Bridges,NA,950,G1,1,1192,7.91,0.63,12.5
20,2015-03-08,Nayana Kalavala,Rishi Choudhuri,NA,1077,W1,0.5,1193,8.36,0.45,13
21,2015-03-21,Nayana Kalavala,Susanna Fraser,86,1358,E1,0,1189,8.49,0.13,13
22,2015-03-21,Nayana Kalavala,Dylan Meek,NA,1100,G1,0,1176,8.91,0.42,13
23,2015-03-22,Nayana Kalavala,David McIntosh,NA,1055,G1,0.5,1176,9.4,0.49,13.5
24,2015-03-22,Nayana Kalavala,Jack Warner,NA,900,G1,0,1154,10.1,0.7,13.5
25,2015-03-22,Nayana Kalavala,Evan Speirs,NA,1122,W1,0,1141,10.49,0.39,13.5
26,2015-05-30,Nayana Kalavala,Kate Driscoll,NA,1170,ECF,0.5,1142,0.46,0.46,0.5
27,2015-05-30,Nayana Kalavala,Holly Bundy,NA,1202,ECF,1,1161,0.87,0.41,1.5
1,2015-03-07,Neel Bhatia,Woody Shaw,NA,1063,G1,0,843,0.23,0.23,0
2,2015-03-07,Neel Bhatia,Naman Desai,70,850,E1,1,859,0.73,0.5,1
1,2015-01-13,Neil Stuart,Jeremy Jones,138,1604,E1,0.5,1793,0.75,0.75,0.5
2,2015-01-20,Neil Stuart,Jonathan Kell,149,1816,E1,0,1781,1.23,0.48,0.5
3,2015-01-27,Neil Stuart,David O'Donnell,198,1864,E1,0.5,1784,1.64,0.41,1
4,2015-01-30,Neil Stuart,Richard S Jones,NA,2420,W1,0,1781,1.74,0.1,1
5,2015-01-31,Neil Stuart,Vaness Reid,NA,1863,W1,0.5,1783,2.15,0.41,1.5
6,2015-02-01,Neil Stuart,Alex Bullen,31,2175,E1,0,1781,2.25,0.1,1.5
7,2015-02-01,Neil Stuart,SImon Blackmore,19,1760,E1,0.5,1780,2.8,0.55,2
8,2015-02-03,Neil Stuart,Matthew Wilson,313,1748,E1,0,1766,3.37,0.57,2
9,2015-02-09,Neil Stuart,Ian Jones,NA,2035,W1,0,1761,3.57,0.2,2
10,2015-02-10,Neil Stuart,Alex Kenealy,150,1640,E1,1,1768,4.28,0.71,3
11,2015-02-12,Neil Stuart,Calum Harris,108,1801,E1,0,1756,4.78,0.5,3
12,2015-02-26,Neil Stuart,Edward Donovan,75,1700,E1,1,1765,5.42,0.64,4
13,2015-03-03,Neil Stuart,Jonathan Bold,20,1790,E1,1,1777,5.93,0.51,5
14,2015-03-05,Neil Stuart,Robert Wood,NA,1630,W1,1,1783,6.65,0.72,6
15,2015-03-10,Neil Stuart,Alyssa Wang,295,1782,E1,0.5,1783,7.17,0.52,6.5
16,2015-03-12,Neil Stuart,Bob Moore,NA,1998,W1,0,1777,7.41,0.24,6.5
17,2015-03-17,Neil Stuart,Sam Warburton,298,1593,E1,0.5,1771,8.18,0.77,7
18,2015-03-23,Neil Stuart,Ken Hannah,106,1759,E1,0.5,1769,8.74,0.56,7.5
19,2015-03-24,Neil Stuart,Russell Dodington,74,1751,E1,1,1780,9.31,0.57,8.5
20,2015-04-03,Neil Stuart,David A Sands,NA,2290,ECF,0.5,1789,9.41,0.1,9
21,2015-04-03,Neil Stuart,Ben Thomas,273,1875,E1,0.5,1792,9.8,0.39,9.5
22,2015-04-04,Neil Stuart,Dave R Lewis,157,1937,E1,0,1784,10.11,0.31,9.5
23,2015-04-04,Neil Stuart,Paul J Kelly,NA,1903,FIDE,0,1776,10.47,0.36,9.5
24,2015-04-07,Neil Stuart,Alun Howell,116,1751,E1,0,1762,11.04,0.57,9.5
25,2015-04-14,Neil Stuart,Will Harwood,109,1745,E1,1,1772,11.62,0.58,10.5
26,2015-04-23,Neil Stuart,Daniel Wilmot,312,1714,E1,1,1782,0.58,0.58,1
1,2015-03-10,Nessie Georgion,Roland Humphries,120,1235,E1,1,1518,0.84,0.84,1
2,2015-03-18,Nessie Georgion,Daniel Jaberansari,127,1144,E2,1,1521,1.74,0.9,2
3,2015-03-22,Nessie Georgion,Alan Macdonald,169,850,E1,1,1525,2.64,0.9,3
4,2015-03-31,Nessie Georgion,John Callan,34,1307,E1,0.5,1516,3.41,0.77,3.5
5,2015-04-07,Nessie Georgion,Dwain Jones,136,1192,E1,1,1520,4.28,0.87,4.5
6,2015-04-27,Nessie Georgion,Hiya Ray,228,1339,E2,0,1497,5.01,0.73,4.5
1,2015-01-02,Neya Govindaraj,Daniel Jaberansari,127,970,E1,0,1308,0.9,0.9,0
2,2015-01-03,Neya Govindaraj,Jonathan Edwards,77,1165,E1,1,1317,1.63,0.73,1
3,2015-01-03,Neya Govindaraj,Chris Green,99,1587,E1,0,1311,1.82,0.19,1
4,2015-01-04,Neya Govindaraj,Paul Turner,286,1300,E1,0,1293,2.37,0.55,1
5,2015-01-13,Neya Govindaraj,Mike Joslin,142,1400,E1,1,1312,2.78,0.41,2
6,2015-01-20,Neya Govindaraj,Duncan MacDonald,170,1232,E1,1,1324,3.42,0.64,3
7,2015-01-27,Neya Govindaraj,David Hambrook,105,1626,E1,1,1351,3.57,0.15,4
8,2015-01-31,Neya Govindaraj,Shayanna Sivarajasingam,248,1723,E1,0,1348,3.67,0.1,4
9,2015-01-31,Neya Govindaraj,Chirag Guha,103,1731,E1,0,1344,3.77,0.1,4
10,2015-02-01,Neya Govindaraj,James Evans,NA,1667,W1,0,1341,3.89,0.12,4
11,2015-02-01,Neya Govindaraj,Karanvir Lutchman Singh,167,1714,E1,1,1369,3.99,0.1,5
12,2015-03-03,Neya Govindaraj,Phil Jones,140,1361,E1,0.5,1370,4.46,0.47,5.5
13,2015-03-07,Neya Govindaraj,Daniel Jaberansari,127,970,E1,1,1373,5.36,0.9,6.5
14,2015-03-07,Neya Govindaraj,Rachel McIntosh,NA,850,G1,1,1377,6.26,0.9,7.5
15,2015-03-07,Neya Govindaraj,Chirag Guha,103,1755,E2,0,1373,6.36,0.1,7.5
16,2015-03-08,Neya Govindaraj,Caspian Fowler,NA,1272,G1,1,1387,6.95,0.59,8.5
17,2015-03-08,Neya Govindaraj,Dafydd Lee,NA,952,N1,1,1390,7.85,0.9,9.5
18,2015-03-08,Neya Govindaraj,Ifan Rathbone-Jones,NA,1464,N1,0.5,1395,8.18,0.33,10
19,2015-03-21,Neya Govindaraj,Aviral Batra,14,936,E1,1,1398,9.08,0.9,11
20,2015-03-21,Neya Govindaraj,Hugo Fowler,NA,1571,G1,0,1392,9.28,0.2,11
21,2015-03-21,Neya Govindaraj,Daniel Jaberansari,127,1144,E2,1,1400,10.03,0.75,12
22,2015-03-22,Neya Govindaraj,Benjamin Choo Yin,40,1797,E1,0,1397,10.13,0.1,12
23,2015-03-22,Neya Govindaraj,George Smith,NA,1188,G1,0,1374,10.83,0.7,12
24,2015-03-22,Neya Govindaraj,Jack Barry,NA,900,G1,1,1378,11.73,0.9,13
25,2015-03-30,Neya Govindaraj,Stephen Bonutto,22,1173,E1,1,1387,12.45,0.72,14
26,2015-04-07,Neya Govindaraj,Mehdi Jaberansari,128,850,E1,1,1390,0.9,0.9,1
27,2015-05-30,Neya Govindaraj,Avi Gogna,NA,1530,ECF,0,1380,1.21,0.31,1
28,2015-05-30,Neya Govindaraj,Elias Gelain-Sohn,NA,1570,ECF,1,1404,1.47,0.26,2
29,2015-05-31,Neya Govindaraj,William (Bill) Read,NA,1282,ECF,0.5,1399,2.11,0.64,2.5
30,2015-05-31,Neya Govindaraj,Nakul Nataraj,NA,1402,ECF,0,1384,2.59,0.48,2.5
1,2015-01-12,Nick Mavroyenneas,Daniel Jaberansari,127,970,E1,0,839,0.34,0.34,0
2,2015-01-15,Nick Mavroyenneas,Chris Green,99,1587,E1,0,836,0.44,0.1,0
3,2015-01-26,Nick Mavroyenneas,Gwilym Moses,192,896,E1,1,854,0.88,0.44,1
4,2015-02-02,Nick Mavroyenneas,Peter Watkins,301,1452,E1,0.5,867,0.98,0.1,1.5
5,2015-02-12,Nick Mavroyenneas,Jason Grice,101,1115,E1,1,893,1.15,0.17,2.5
6,2015-02-17,Nick Mavroyenneas,Roy Purnell,220,1255,E1,0.5,906,1.25,0.1,3
7,2015-03-24,Nick Mavroyenneas,Simon Davis,68,872,E1,0,891,1.72,0.47,3
8,2015-04-09,Nick Mavroyenneas,Richard Godfrey,92,1169,E1,1,919,1.85,0.13,4
9,2015-04-23,Nick Mavroyenneas,Peter Watkins,301,1452,E1,0,916,1.95,0.1,4
10,2015-05-07,Nick Mavroyenneas,Sam White,303,1570,E1,0.5,928,2.05,0.1,4.5
1,2015-02-09,Nicky Ng,Ian Burrows,32,1205,E1,0,867,0.12,0.12,0
1,2015-01-30,Nigel Ralphs,Bedanta Baruah,13,1615,E1,1,2002,0.9,0.9,1
2,2015-01-31,Nigel Ralphs,Mark A Whitehead,NA,2042,ECF,0.5,2003,1.34,0.44,1.5
3,2015-01-31,Nigel Ralphs,Tim Kett,151,2312,E1,0,2000,1.47,0.13,1.5
4,2015-02-01,Nigel Ralphs,Zane Allford,NA,1725,G1,1,2003,2.3,0.83,2.5
5,2015-02-01,Nigel Ralphs,Dai James,129,1843,E1,1,2008,3.01,0.71,3.5
6,2015-02-22,Nigel Ralphs,Patryk Krzyzanowski,NA,2048,FIDE,0,2001,3.44,0.43,3.5
7,2015-02-22,Nigel Ralphs,Neils A Bridge,NA,2250,ECF,0.5,2006,3.63,0.19,4
8,2015-02-23,Nigel Ralphs,David Dawson,NA,2010,ECF,1,2014,4.12,0.49,5
9,2015-02-23,Nigel Ralphs,Theodore Slade,NA,2074,ECF,0.5,2016,4.52,0.4,5.5
10,2015-03-15,Nigel Ralphs,Chris Fox,85,1901,E1,1,2021,5.16,0.64,6.5
11,2015-04-03,Nigel Ralphs,Paul Bridges,26,1923,E2,0.5,2020,5.77,0.61,7
12,2015-04-04,Nigel Ralphs,Tom Brown,29,2132,E1,0,2015,6.09,0.32,7
13,2015-04-04,Nigel Ralphs,Thomas Thorpe,NA,2080,G1,1,2024,6.48,0.39,8
14,2015-04-05,Nigel Ralphs,Peter Ehsandar,79,2049,E1,1,2033,6.91,0.43,9
15,2015-04-06,Nigel Ralphs,Sven Zeidler,NA,2255,G1,0.5,2039,7.09,0.18,9.5
16,2015-04-06,Nigel Ralphs,Allan J Pleasants,NA,2214,W1,0.5,2043,7.31,0.22,10
17,2015-04-11,Nigel Ralphs,Robert Moore,NA,1998,W1,1,2051,7.81,0.5,11
18,2015-04-18,Nigel Ralphs,Richard Savoy,NA,2082,ECF,0,2045,8.2,0.39,11
19,2015-04-18,Nigel Ralphs,Matt Staniforth,262,1916,E1,1,2051,8.82,0.62,12
20,2015-04-19,Nigel Ralphs,Theodore Slade,NA,2074,ECF,0.5,2052,9.22,0.4,12.5
21,2015-04-19,Nigel Ralphs,Matthew J Payne,NA,2162,ECF,0.5,2056,9.5,0.28,13
22,2015-05-10,Nigel Ralphs,Frank May,NA,2126,G1,0.5,2059,9.83,0.33,13.5
1,2015-03-02,Nye Bradfield,Rohan Oruganti,201,850,E1,1,936,0.6,0.6,1
2,2015-03-07,Nye Bradfield,Charlie Davies,NA,850,G1,1,949,1.2,0.6,2
3,2015-03-07,Nye Bradfield,Venetia Sivarajasingam,250,1666,E1,0,945,1.3,0.1,2
4,2015-03-07,Nye Bradfield,Toby Davies,NA,850,G1,1,958,1.9,0.6,3
5,2015-03-08,Nye Bradfield,Neil Stevenson,NA,1014,G1,0,946,2.27,0.37,3
6,2015-03-08,Nye Bradfield,Jack Camp,NA,850,N1,1,959,2.87,0.6,4
7,2015-03-08,Nye Bradfield,Arthur Newington-Bridges,NA,950,G1,1,976,3.33,0.46,5
8,2015-03-09,Nye Bradfield,Aron Calist,33,1263,E2,0,973,3.44,0.11,5
9,2015-04-20,Nye Bradfield,Neil Stevenson,NA,1014,G1,0,961,3.81,0.37,5
10,2015-05-30,Nye Bradfield,Matthew Lo,NA,1442,ECF,0,958,3.91,0.1,5
11,2015-05-30,Nye Bradfield,Jonathan Britnell,NA,1426,ECF,0,955,4.01,0.1,5
1,2015-03-21,Olivia Smith,Michael Grove,NA,2055,FIDE,0.5,2061,0.51,0.51,0.5
2,2015-03-22,Olivia Smith,Mark Davey,NA,2210,ECF,0,2056,0.81,0.3,0.5
1,2015-02-16,Oscar Hitchings,Allen Jossy,143,935,E1,0,838,0.38,0.38,0
1,2015-01-12,Pagona Mavroyenneas,Ethan Chung,46,1071,E1,0,843,0.22,0.22,0
2,2015-01-15,Pagona Mavroyenneas,Martin Ricketts,234,1444,E1,0,840,0.32,0.1,0
3,2015-01-26,Pagona Mavroyenneas,Dom Cavalli,35,1248,E1,0,837,0.42,0.1,0
4,2015-02-02,Pagona Mavroyenneas,John Stephenson,266,1329,E1,0,833,0.52,0.1,0
5,2015-02-09,Pagona Mavroyenneas,Mehdi Jaberansari,128,850,E1,1,849,1.02,0.5,1
6,2015-02-12,Pagona Mavroyenneas,John Stephenson,266,1329,E1,0,846,1.12,0.1,1
7,2015-03-02,Pagona Mavroyenneas,Chris Kavanagh,146,1224,E1,0.5,859,1.22,0.1,1.5
8,2015-03-03,Pagona Mavroyenneas,Emily Wang,297,1153,E1,0,854,1.36,0.14,1.5
9,2015-03-09,Pagona Mavroyenneas,Rosie Christmas,44,850,E1,1,870,1.86,0.5,2.5
10,2015-03-09,Pagona Mavroyenneas,David Jones,134,930,E1,1,890,2.25,0.39,3.5
11,2015-03-30,Pagona Mavroyenneas,Raj Govindaraj,96,1173,E1,0,886,2.38,0.13,3.5
12,2015-04-03,Pagona Mavroyenneas,Mark Emblem,NA,1424,G1,0,883,2.48,0.1,3.5
13,2015-04-03,Pagona Mavroyenneas,Mike McLoughlin,184,1242,E1,0.5,895,2.58,0.1,4
14,2015-04-04,Pagona Mavroyenneas,Emily Wang,297,1153,E1,0.5,907,2.72,0.14,4.5
15,2015-04-05,Pagona Mavroyenneas,Stephen Bonutto,22,1173,E1,0,903,2.85,0.13,4.5
16,2015-04-06,Pagona Mavroyenneas,Daniel Griffiths,102,1542,E1,0,900,2.95,0.1,4.5
17,2015-04-06,Pagona Mavroyenneas,James Allyson,NA,1001,W1,1,922,3.25,0.3,5.5
18,2015-04-23,Pagona Mavroyenneas,Sam White,303,1570,E1,1,951,3.35,0.1,6.5
19,2015-05-07,Pagona Mavroyenneas,Windsor Lewis,159,1123,E1,0,945,3.52,0.17,6.5
1,2015-01-02,Paul Bridges,Donald J Mason,NA,2242,,0,1944,0.15,0.15,0
2,2015-01-03,Paul Bridges,Andrew Di-Vetta,72,1691,,0.5,1937,0.97,0.82,0.5
3,2015-01-03,Paul Bridges,Roy Thomas,275,1790,,1,1944,1.68,0.71,1.5
4,2015-01-04,Paul Bridges,Tony Haigh,NA,1869,,0.5,1941,2.29,0.61,2
5,2015-01-05,Paul Bridges,Ashley Davis,66,1946,,0.5,1941,2.79,0.5,2.5
6,2015-01-14,Paul Bridges,Celso Bettencourt Pinto,216,2052,,0.5,1944,3.15,0.36,3
7,2015-01-29,Paul Bridges,Peter Heaven,110,2131,,0,1938,3.41,0.26,3
8,2015-01-30,Paul Bridges,Walter Braun,25,2236,FM,0,1935,3.56,0.15,3
9,2015-01-31,Paul Bridges,Zane Allford,NA,1725,WFM,1,1940,4.34,0.78,4
10,2015-01-31,Paul Bridges,Mike Servini,244,1603,,1,1942,5.23,0.89,5
11,2015-02-01,Paul Bridges,Mark A Whitehead,NA,2042,,0,1934,5.6,0.37,5
12,2015-02-01,Paul Bridges,Andrew Di-Vetta,72,1691,,1,1938,6.42,0.82,6
13,2015-02-04,Paul Bridges,Joe Fathallah,82,2007,,0.5,1940,6.84,0.42,6.5
14,2015-02-12,Paul Bridges,Philip French,88,1871,,0.5,1937,7.45,0.61,7
15,2015-02-20,Paul Bridges,Brian Butches,NA,1650,,0.5,1929,8.3,0.85,7.5
16,2015-02-21,Paul Bridges,Martin C Jones,NA,1731,,1,1934,9.08,0.78,8.5
17,2015-02-21,Paul Bridges,Frank May,NA,2126,,0,1928,9.34,0.26,8.5
18,2015-02-22,Paul Bridges,Edward Donovan,75,1700,,1,1932,10.15,0.81,9.5
19,2015-02-22,Paul Bridges,Julie van Kemenade,NA,1786,,1,1939,10.87,0.72,10.5
20,2015-03-04,Paul Bridges,Derek Jones,135,1965,,0,1928,11.35,0.48,10.5
21,2015-03-09,Paul Bridges,Craig Woolcock,315,1960,,0.5,1928,11.83,0.48,11
22,2015-03-15,Paul Bridges,Charles Morris,NA,2167,,0,1923,12.05,0.22,11
23,2015-03-21,Paul Bridges,George Ivanov,NA,1890,,0.5,1921,12.63,0.58,11.5
24,2015-03-22,Paul Bridges,Chris Majer,NA,2018,,0.5,1923,13.03,0.4,12
25,2015-03-25,Paul Bridges,Dave Turner,NA,1932,,0.5,1923,13.55,0.52,12.5
26,2015-03-26,Paul Bridges,Lee Davis,67,2056,,0,1915,0.32,0.32,0
27,2015-03-30,Paul Bridges,james thomas,274,2016,,0.5,1918,0.69,0.37,0.5
28,2015-04-03,Paul Bridges,Peter Bevan,NA,2045,,0.5,1923,1.02,0.33,1
29,2015-04-03,Paul Bridges,Nigel Ralphs,224,2000,,0.5,1925,1.41,0.39,1.5
30,2015-04-04,Paul Bridges,"Van Kemenade, Rudy",NA,2045,,0.5,1929,1.74,0.33,2
31,2015-04-04,Paul Bridges,Alex Bullen,31,2163,,0,1924,1.94,0.2,2
32,2015-04-05,Paul Bridges,Nicholas Thomas Evans,NA,1995,,0.5,1927,2.34,0.4,2.5
33,2015-04-06,Paul Bridges,Lynda Roberts,NA,1913,,0.5,1927,2.85,0.51,3
34,2015-04-06,Paul Bridges,Ernest M White,NA,1920,,0,1915,3.35,0.5,3
35,2015-05-06,Paul Bridges,John D Thornton,280,2010,,0.5,1917,3.73,0.38,3.5
1,2015-01-08,Paul Keenan,Sam Jukes,144,1716,E1,0,1624,0.38,0.38,0
2,2015-01-15,Paul Keenan,Hugh Price,218,1576,E1,0.5,1622,0.96,0.58,0.5
1,2015-01-05,Paul Tew,Rod Gough,94,1820,E1,0.5,1951,0.68,0.68,0.5
2,2015-01-12,Paul Tew,Will Harwood,109,1745,E1,1,1956,1.45,0.77,1.5
3,2015-02-02,Paul Tew,Jonathan Kell,149,1816,E1,0,1940,2.14,0.69,1.5
1,2015-01-02,Paul Turner,Chris Green,99,1587,E1,0,1295,0.16,0.16,0
2,2015-01-03,Paul Turner,Jonathon Hall,NA,1150,Est,1,1304,0.86,0.7,1
3,2015-01-03,Paul Turner,David J Archer,NA,1514,ECF,0,1297,1.08,0.22,1
4,2015-01-04,Paul Turner,Neya Govindaraj,95,1337,E1,1,1315,1.53,0.45,2
5,2015-01-04,Paul Turner,Andrew Worthington,316,1354,E1,0,1302,1.95,0.42,2
6,2015-01-30,Paul Turner,Marcell Vesz,291,1466,E1,0,1293,2.23,0.28,2
7,2015-01-31,Paul Turner,Aron Calist,33,1414,E1,0,1282,2.57,0.34,2
8,2015-02-01,Paul Turner,Hiya Ray,228,1271,E1,0.5,1280,3.11,0.54,2.5
9,2015-02-01,Paul Turner,Daniel Jaberansari,127,970,E1,0,1252,3.99,0.88,2.5
10,2015-04-03,Paul Turner,Mohammed Binesmael,18,1553,E1,0,1246,4.18,0.19,2.5
11,2015-04-03,Paul Turner,Stephen Bonutto,22,1173,E1,0,1225,4.85,0.67,2.5
12,2015-04-04,Paul Turner,Rosie Christmas,44,850,E1,1,1228,5.75,0.9,3.5
13,2015-04-04,Paul Turner,Neil Stevenson,NA,1014,G1,0,1201,6.59,0.84,3.5
1,2015-04-27,Paul Wallace,Peter Ballantyne,11,1645,E1,0.5,1401,0.18,0.18,0.5
2,2015-05-06,Paul Wallace,Susanna Fraser,86,1378,E2,0,1385,0.7,0.52,0.5
3,2015-05-18,Paul Wallace,Ken Hannah,106,1759,E1,0,1381,0.8,0.1,0.5
4,2015-06-15,Paul Wallace,Bob Hurn,123,1687,E3,0.5,1393,0.95,0.15,1
1,2015-02-03,Peter Ballantyne,Steve Herkes,112,1566,E1,1,1654,0.61,0.61,1
2,2015-02-10,Peter Ballantyne,Hanni Youssef,319,1462,E1,1,1661,1.35,0.74,2
3,2015-02-17,Peter Ballantyne,Jeff Rowland,241,1701,E1,0,1651,1.77,0.42,2
4,2015-03-03,Peter Ballantyne,Jeff Rowland,241,1701,E1,0.5,1652,2.19,0.42,2.5
5,2015-03-30,Peter Ballantyne,Stephen Lambourne,154,1532,E1,0.5,1649,2.85,0.66,3
6,2015-04-27,Peter Ballantyne,Paul Wallace,294,1391,E1,0.5,1641,3.67,0.82,3.5
1,2015-01-10,Peter Davies,Mateusz Dydak,NA,2010,,0,2039,0.55,0.55,0
2,2015-01-11,Peter Davies,Derek A Jarvis,NA,1994,,0.5,2038,1.13,0.58,0.5
3,2015-02-14,Peter Davies,Paul ER Badger,NA,1930,,1,2043,1.79,0.66,1.5
4,2015-02-15,Peter Davies,Alan Crombleholme,NA,2130,,0.5,2045,2.18,0.39,2
5,2015-03-28,Peter Davies,Alexander Cherniaev,NA,2538,GM,0,2044,2.28,0.1,2
6,2015-03-28,Peter Davies,J D Turner,NA,1932,,1,2049,2.94,0.66,3
7,2015-03-28,Peter Davies,Kishan Pattni,NA,1810,,1,2052,3.74,0.8,4
8,2015-03-29,Peter Davies,Sacha Brozel,NA,2002,,0.5,2051,4.3,0.56,4.5
9,2015-03-29,Peter Davies,Brian MacReamoinn,NA,1994,,1,2058,4.88,0.58,5.5
10,2015-04-11,Peter Davies,Sean T Benson,NA,1922,,0,2047,5.55,0.67,5.5
11,2015-04-11,Peter Davies,Mark V Abbott,NA,2018,,0.5,2047,6.09,0.54,6
12,2015-04-11,Peter Davies,Richard BE Bryant,NA,2158,,1,2057,6.44,0.35,7
13,2015-04-12,Peter Davies,Simon R Edwards,NA,2166,,1,2068,6.78,0.34,8
14,2015-04-12,Peter Davies,Michael P Townsend,NA,2218,,0,2063,7.05,0.27,8
15,2015-05-02,Peter Davies,Malcom J Lightfoot,NA,1882,,0.5,2060,7.77,0.72,8.5
16,2015-05-03,Peter Davies,Partick Bennett,NA,2010,,0,2051,8.32,0.55,8.5
17,2015-05-04,Peter Davies,Nicholas D Grey,NA,1906,,0.5,2048,9.01,0.69,9
1,2015-01-21,Peter Ehsandar,Walter Braun,25,2236,FM,0,2045,0.25,0.25,0
2,2015-01-30,Peter Ehsandar,Roy Thomas,275,1790,,1,2048,1.07,0.82,1
3,2015-01-31,Peter Ehsandar,Rob Dineen,71,1899,,1,2053,1.77,0.7,2
4,2015-01-31,Peter Ehsandar,Richard S Jones,NA,2420,,0,2051,1.87,0.1,2
5,2015-02-01,Peter Ehsandar,Paul Hatchett,NA,2022,,0.5,2050,2.41,0.54,2.5
6,2015-02-01,Peter Ehsandar,Ernest M White,NA,1946,,0,2040,3.05,0.64,2.5
7,2015-02-04,Peter Ehsandar,John Waterfield,NA,2062,,1,2049,3.53,0.48,3.5
8,2015-03-02,Peter Ehsandar,Lee Davis,67,2056,,0.5,2049,4.02,0.49,4
9,2015-03-25,Peter Ehsandar,David Llewellyn,163,1918,,0.5,2046,4.7,0.68,4.5
10,2015-04-03,Peter Ehsandar,Tim Kett,151,2313,,0,2043,4.88,0.18,4.5
11,2015-04-03,Peter Ehsandar,Dai James,129,1843,,0.5,2039,5.65,0.77,5
12,2015-04-04,Peter Ehsandar,Lynda Roberts,NA,1913,,1,2044,6.33,0.68,6
13,2015-04-04,Peter Ehsandar,Charles Morris,NA,2167,,0,2038,6.67,0.34,6
14,2015-04-05,Peter Ehsandar,Nigel Ralphs,224,2000,,0,2029,7.24,0.57,6
15,2015-04-06,Peter Ehsandar,David Guy,NA,1879,,0,2017,7.97,0.73,6
16,2015-04-20,Peter Ehsandar,Ioan Rees,230,2298,FM,1,2030,8.16,0.19,7
17,2015-04-27,Peter Ehsandar,James Thomas,274,2016,,1,2038,8.71,0.55,8
1,2015-01-02,Peter Heaven,Sam Jukes,144,1716,,1,2133,0.9,0.9,1
2,2015-01-03,Peter Heaven,Matthew Parry,204,1962,,1,2137,1.62,0.72,2
3,2015-01-03,Peter Heaven,Adam J May,NA,1948,,1,2141,2.36,0.74,3
4,2015-01-04,Peter Heaven,Gerry Heap,NA,2167,,0.5,2142,2.81,0.45,3.5
5,2015-01-05,Peter Heaven,David A Sands,NA,2290,,0,2137,3.1,0.29,3.5
6,2015-01-05,Peter Heaven,James Thomas,274,2016,,0.5,2135,3.76,0.66,4
7,2015-01-10,Peter Heaven,Chris N Ross,NA,2258,CM,0,2130,4.09,0.33,4
8,2015-01-11,Peter Heaven,Michael R Smart,NA,2090,,1,2137,4.65,0.56,5
9,2015-01-18,Peter Heaven,Rob Saunders,NA,2088,,1,2144,5.21,0.56,6
10,2015-01-20,Peter Heaven,Richard Miles,NA,1969,,1,2148,5.93,0.72,7
11,2015-01-29,Peter Heaven,Paul Bridges,26,1948,,1,2152,6.67,0.74,8
12,2015-02-09,Peter Heaven,John D Thornton,280,2010,,0.5,2150,7.34,0.67,8.5
13,2015-03-03,Peter Heaven,Craig Woolcock,315,2036,,0.5,2147,7.97,0.63,9
14,2015-03-11,Peter Heaven,Chris Fox,85,1901,,1,2151,8.76,0.79,10
15,2015-03-15,Peter Heaven,Sven Zeidler,NA,2255,,0,2146,9.09,0.33,10
16,2015-03-18,Peter Heaven,Keith Thompson,278,1851,,1,2148,9.93,0.84,11
17,2015-04-11,Peter Heaven,A Howard Williams,NA,2337,,0,2144,10.16,0.23,11
18,2015-04-14,Peter Heaven,Rhys Steele,264,2046,,1,2151,10.78,0.62,12
19,2015-04-27,Peter Heaven,Calum Harris,108,1801,,1,2152,11.66,0.88,13
20,2015-04-29,Peter Heaven,David L Roberts,236,2095,,0,2144,12.21,0.55,13
1,2015-01-07,Peter Quinn,Matthew Parry,204,1962,E1,1,1891,0.38,0.38,1
2,2015-02-11,Peter Quinn,Bill Hunt,121,1838,E1,0.5,1890,0.93,0.55,1.5
3,2015-03-02,Peter Quinn,Steve Cunliffe,56,1974,E1,0.5,1893,1.29,0.36,2
4,2015-03-11,Peter Quinn,Rob Dineen,71,1899,E1,0.5,1894,1.76,0.47,2.5
5,2015-03-25,Peter Quinn,Graham Parker,203,1755,E1,1,1902,2.43,0.67,3.5
6,2015-04-20,Peter Quinn,David Perrett,212,1936,E1,0,1892,2.85,0.42,3.5
7,2015-04-27,Peter Quinn,Sam Warburton,298,1593,E1,1,1895,3.69,0.84,4.5
1,2015-01-27,Peter Slater,Kam Choo Yin,42,1608,E1,1,1646,0.54,0.54,1
2,2015-02-03,Peter Slater,Megan Richards,232,1503,E1,0.5,1642,1.22,0.68,1.5
3,2015-02-17,Peter Slater,Martin Ricketts,234,1444,E1,1,1648,1.97,0.75,2.5
4,2015-03-22,Peter Slater,Kam Choo Yin,42,1608,E1,1,1659,2.51,0.54,3.5
5,2015-03-22,Peter Slater,Colin FS Davison,NA,1898,ECF,0.5,1666,2.69,0.18,4
6,2015-03-31,Peter Slater,Roger Jenkins,133,1535,E1,0,1651,3.33,0.64,4
7,2015-04-07,Peter Slater,Russell Dodington,74,1751,E1,0.5,1655,3.67,0.34,4.5
8,2015-04-27,Peter Slater,clive silver,246,1514,E1,1,1663,4.34,0.67,5.5
1,2015-02-02,Peter Watkins,Nick Mavroyenneas,179,850,E1,0.5,1439,0.9,0.9,0.5
2,2015-02-12,Peter Watkins,Stephen Bonutto,22,1173,E1,0.5,1428,1.74,0.84,1
3,2015-02-24,Peter Watkins,Bill Davies,58,1312,E1,0.5,1422,2.43,0.69,1.5
4,2015-03-02,Peter Watkins,Daniel Griffiths,102,1542,E1,0.5,1426,2.81,0.38,2
5,2015-03-09,Peter Watkins,John Stephenson,266,1329,E1,0.5,1421,3.48,0.67,2.5
6,2015-03-16,Peter Watkins,David Thorne,279,1500,E1,0.5,1423,3.91,0.43,3
7,2015-04-23,Peter Watkins,Nick Mavroyenneas,179,850,E1,1,1426,4.81,0.9,4
8,2015-05-07,Peter Watkins,Ken Hannah,106,1759,E1,0,1422,4.95,0.14,4
9,2015-05-11,Peter Watkins,Clive Silver,246,1514,E1,0.5,1424,5.36,0.41,4.5
1,2015-01-13,Peter Williams,Marcell Vesz,291,1466,E1,0,1164,0.15,0.15,0
2,2015-01-27,Peter Williams,James Williams,308,855,E1,0.5,1152,1.02,0.87,0.5
3,2015-02-03,Peter Williams,Simon Davis,68,872,E1,0,1125,1.87,0.85,0.5
4,2015-02-24,Peter Williams,John Stephenson,266,1329,E1,0,1116,2.16,0.29,0.5
5,2015-03-03,Peter Williams,Kam Choo Yin,42,1608,E1,1,1145,2.26,0.1,1.5
6,2015-03-09,Peter Williams,Matthew Lunnon,165,1561,E1,1,1173,2.36,0.1,2.5
7,2015-03-24,Peter Williams,Amin Ghabanlou,91,1004,E1,1,1182,3.08,0.72,3.5
8,2015-03-26,Peter Williams,Rob Large,155,1450,E1,1,1209,3.24,0.16,4.5
9,2015-03-31,Peter Williams,Alun Smith,253,850,E1,0,1181,4.11,0.87,4.5
10,2015-04-08,Peter Williams,Daniel Griffiths,102,1542,E1,0,1178,4.21,0.1,4.5
11,2015-04-21,Peter Williams,Daniel Griffiths,102,1382,E2,0,1171,4.44,0.23,4.5
12,2015-04-27,Peter Williams,Brenda Miles,186,1245,E1,1,1190,4.83,0.39,5.5
1,2015-01-12,Phil Jones,Aron Calist,33,1414,E1,0.5,1363,0.43,0.43,0.5
2,2015-03-03,Phil Jones,Neya Govindaraj,95,1337,E1,0.5,1362,0.96,0.53,1
3,2015-03-09,Phil Jones,Jason Grice,101,1115,E1,1,1368,1.77,0.81,2
4,2015-04-09,Phil Jones,roger Phillips,215,1467,E1,0,1357,2.12,0.35,2
5,2015-04-23,Phil Jones,John Stephenson,266,1329,E1,0,1340,2.67,0.55,2
6,2015-05-07,Phil Jones,David Jones,134,930,E1,1,1343,3.57,0.9,3
1,2015-01-27,Phil Smith,Mike Kearn,147,1634,E1,0.5,1497,0.31,0.31,0.5
2,2015-02-02,Phil Smith,Stephen Lambourne,154,1532,E1,0.5,1499,0.75,0.44,1
3,2015-02-03,Phil Smith,Mark Jones,139,1654,E1,0,1490,1.03,0.28,1
4,2015-02-24,Phil Smith,Sam White,303,1570,E1,0.5,1494,1.42,0.39,1.5
5,2015-03-03,Phil Smith,Gavin Williams,307,1658,E1,0.5,1501,1.7,0.28,2
6,2015-03-09,Phil Smith,Viv Martin,176,1616,E1,0,1490,2.03,0.33,2
7,2015-03-10,Phil Smith,Gavin Williams,307,1658,E1,0,1481,2.31,0.28,2
8,2015-03-24,Phil Smith,Hiya Ray,228,1339,E2,0.5,1475,3.01,0.7,2.5
9,2015-03-31,Phil Smith,Gareth Davies,60,1390,E1,0,1454,3.65,0.64,2.5
10,2015-04-08,Phil Smith,Edward Donovan,75,1670,E2,0,1446,3.91,0.26,2.5
11,2015-04-21,Phil Smith,Edward Donovan,75,1670,E2,0.5,1454,4.17,0.26,3
12,2015-04-27,Phil Smith,Lyn Holland,NA,1511,G1,1,1471,4.64,0.47,4
1,2015-01-07,Philip French,Lyn Holland,NA,1511,G1,1,1873,0.9,0.9,1
2,2015-01-12,Philip French,Rhys Steele,264,2046,E1,0,1867,1.17,0.27,1
3,2015-01-20,Philip French,Benjamin Choo Yin,40,1797,E1,0.5,1865,1.77,0.6,1.5
4,2015-01-21,Philip French,Andrew Owen,NA,1844,G1,1,1876,2.31,0.54,2.5
5,2015-02-12,Philip French,Paul Bridges,26,1948,E1,0.5,1878,2.7,0.39,3
6,2015-02-17,Philip French,Richard Livermore,NA,1649,G1,0,1859,3.48,0.78,3
7,2015-03-24,Philip French,Dave Roberts,NA,1593,G1,0,1839,4.32,0.84,3
8,2015-03-25,Philip French,Joe Fathallah,82,2007,E1,1,1856,4.64,0.32,4
9,2015-04-29,Philip French,Matthew Davies,NA,2019,W1,1,1872,4.94,0.3,5
1,2015-01-02,Raj Govindaraj,Megan Richards,232,1503,E1,0.5,1185,0.12,0.12,0.5
2,2015-01-03,Raj Govindaraj,Susanna Fraser,86,1358,E1,1,1209,0.38,0.26,1.5
3,2015-01-03,Raj Govindaraj,Aron Calist,33,1414,E1,1,1234,0.58,0.2,2.5
4,2015-01-04,Raj Govindaraj,Guto Neave,NA,1303,W1,1,1256,0.9,0.32,3.5
5,2015-01-04,Raj Govindaraj,Martyn J Maber,NA,1450,ECF,0.5,1267,1.06,0.16,4
6,2015-01-27,Raj Govindaraj,Stephen Bailey,9,1462,E1,1,1294,1.21,0.15,5
7,2015-01-31,Raj Govindaraj,Stephen Bonutto,22,1173,E1,1,1310,1.71,0.5,6
8,2015-01-31,Raj Govindaraj,Susanna Fraser,86,1358,E1,1,1334,1.97,0.26,7
9,2015-02-01,Raj Govindaraj,Martyn J Maber,NA,1450,ECF,0.5,1345,2.13,0.16,7.5
10,2015-02-01,Raj Govindaraj,Alex Kenealy,150,1640,E1,0.5,1358,2.23,0.1,8
11,2015-03-03,Raj Govindaraj,David Jones,134,930,E1,0.5,1348,3.03,0.8,8.5
12,2015-03-30,Raj Govindaraj,Pagona Mavroyenneas,180,850,E1,1,1352,3.9,0.87,9.5
1,2015-02-02,Ray Angle,John Callan,34,1307,E1,0,1317,0.54,0.54,0
2,2015-02-09,Ray Angle,Laurence Matuszczyk,178,1151,E1,1,1325,1.28,0.74,1
1,2015-01-12,Rhys Steele,Philip French,88,1871,E1,1,2050,0.73,0.73,1
2,2015-02-02,Rhys Steele,Kevin Gandy,89,1602,E1,1,2052,1.63,0.9,2
3,2015-04-11,Rhys Steele,Matthew Davies,NA,2019,W1,0,2043,2.17,0.54,2
4,2015-04-14,Rhys Steele,Peter Heaven,110,2131,E1,0,2037,2.55,0.38,2
5,2015-05-10,Rhys Steele,Charles F Morris,NA,2167,N1,0.5,2040,2.88,0.33,2.5
1,2015-03-21,Rhys Taylor,Thomas Wardle,NA,900,G1,0,836,0.43,0.43,0
2,2015-03-21,Rhys Taylor,Matthew Vaideanu,NA,850,G1,0.5,836,0.93,0.5,0.5
3,2015-03-21,Rhys Taylor,Jack Snow,NA,850,G1,1,852,1.43,0.5,1.5
1,2015-02-16,Richard Afelumo,Ivor Hitchings,113,866,E1,1,873,0.49,0.49,1
2,2015-02-17,Richard Afelumo,Matthew Chichester,39,850,E1,0.5,873,1,0.51,1.5
3,2015-04-14,Richard Afelumo,Anna Boyle,NA,978,G1,0,862,1.33,0.33,1.5
1,2015-01-05,Richard Godfrey,Kevin O'Rourke,200,1168,E1,1,1185,0.5,0.5,1
2,2015-01-27,Richard Godfrey,Chris Kavanagh,146,1224,E1,0.5,1188,0.92,0.42,1.5
3,2015-02-12,Richard Godfrey,Daniel Jaberansari,127,970,E1,1,1195,1.68,0.76,2.5
4,2015-02-26,Richard Godfrey,James Williams,308,855,E1,0,1167,2.55,0.87,2.5
5,2015-03-05,Richard Godfrey,Rosie Christmas,44,850,E1,1,1172,3.42,0.87,3.5
6,2015-03-09,Richard Godfrey,Alan MacDonald,169,850,E1,1,1176,4.29,0.87,4.5
7,2015-03-26,Richard Godfrey,John Pearce,209,931,E1,0,1150,5.09,0.8,4.5
8,2015-03-30,Richard Godfrey,Edward Mason,177,1502,E1,0,1146,5.21,0.12,4.5
9,2015-04-07,Richard Godfrey,Tom Stanton,263,994,E1,0,1123,5.94,0.73,4.5
10,2015-04-09,Richard Godfrey,Nick Mavroyenneas,179,850,E1,0,1095,6.81,0.87,4.5
11,2015-04-20,Richard Godfrey,Ben Jaberansari,126,850,E1,1,1099,7.68,0.87,5.5
12,2015-04-23,Richard Godfrey,Wayne James,131,1458,E1,0,1094,7.83,0.15,5.5
13,2015-04-29,Richard Godfrey,Jack Aldridge,4,876,E1,1,1099,8.68,0.85,6.5
1,2015-01-05,Richard Morgan,John Stephenson,266,1329,E1,0.5,1272,0.42,0.42,0.5
2,2015-02-02,Richard Morgan,Ionut Dragan,76,1200,E1,1,1284,1.02,0.6,1.5
3,2015-03-09,Richard Morgan,Dave Morris,191,1022,E1,1,1290,1.83,0.81,2.5
1,2015-03-07,Rishi Paul,Akshara Nagaruru,195,850,E1,0,859,0.54,0.54,0
2,2015-03-07,Rishi Paul,Eoin Shackleton,NA,850,G1,1,873,1.08,0.54,1
3,2015-03-08,Rishi Paul,Samuel Cook,NA,900,G1,0,858,1.55,0.47,1
4,2015-03-08,Rishi Paul,Anderson Khan,NA,850,G1,1,873,2.09,0.54,2
5,2015-03-08,Rishi Paul,Woody Shaw,NA,1063,G1,0,865,2.34,0.25,2
1,2015-04-21,Ritika Khot,Anlan Qiu,222,1450,E2,0,1020,0.1,0.1,0
2,2015-04-29,Ritika Khot,Aron Calist,33,1263,E2,0,1013,0.3,0.2,0
1,2015-01-05,Rob Dineen,Steve Cronick,53,1908,E1,0,1887,0.49,0.49,0
2,2015-01-18,Rob Dineen,Matthew Davies,NA,2019,W1,0,1879,0.83,0.34,0
3,2015-01-20,Rob Dineen,David Llewellyn,163,1918,E1,0,1868,1.3,0.47,0
4,2015-01-29,Rob Dineen,Steve Christmas,45,1930,E1,0.5,1869,1.76,0.46,0.5
5,2015-01-30,Rob Dineen,Mike Servini,244,1603,E1,1,1872,2.61,0.85,1.5
6,2015-01-31,Rob Dineen,Peter Ehsandar,79,2049,E1,0,1865,2.91,0.3,1.5
7,2015-01-31,Rob Dineen,Bedanta Baruah,13,1615,E1,0.5,1857,3.75,0.84,2
8,2015-02-01,Rob Dineen,Venetia Sivarajasingam,250,1666,E1,0,1838,4.55,0.8,2
9,2015-02-01,Rob Dineen,David Rovaretti,240,1648,E1,1,1842,5.36,0.81,3
10,2015-02-09,Rob Dineen,David Perrett,212,1936,E1,0.5,1844,5.81,0.45,3.5
11,2015-02-17,Rob Dineen,Craig Woolcock,315,2036,E1,1,1860,6.12,0.31,4.5
12,2015-03-03,Rob Dineen,Matthew Davies,NA,2019,W1,0.5,1864,6.46,0.34,5
13,2015-03-11,Rob Dineen,Peter Quinn,223,1876,E1,0.5,1863,6.99,0.53,5.5
14,2015-03-15,Rob Dineen,Mark Adams,NA,2011,G1,0,1855,7.34,0.35,5.5
15,2015-03-18,Rob Dineen,Bill Hunt,121,1838,E1,1,1865,7.93,0.59,6.5
16,2015-03-22,Rob Dineen,Simon R Edwards,NA,2066,ECF,0,1858,8.21,0.28,6.5
17,2015-04-03,Rob Dineen,James Evans,NA,1667,W1,0.5,1851,9,0.79,7
18,2015-04-03,Rob Dineen,Jeremy Jones,138,1604,E1,0.5,1843,9.85,0.85,7.5
19,2015-04-04,Rob Dineen,Venetia Sivarajasingam,250,1720,E2,1,1849,10.59,0.74,8.5
20,2015-04-04,Rob Dineen,Aishwarya Lutchman Singh,166,1517,E2,0.5,1839,11.49,0.9,9
21,2015-04-06,Rob Dineen,Bob Hurn,123,1675,E2,1,1844,12.28,0.79,10
22,2015-04-06,Rob Dineen,Roger De Coverly,NA,2170,ECF,0.5,1852,12.45,0.17,10.5
23,2015-04-11,Rob Dineen,Gerry Heap,NA,2167,D1,1,1872,12.62,0.17,11.5
24,2015-04-14,Rob Dineen,Steve Cunliffe,56,1974,E1,0,1863,13.02,0.4,11.5
25,2015-04-29,Rob Dineen,Celso Bettencourt Pinto,216,2052,E1,0,1856,13.31,0.29,11.5
26,2015-05-20,Rob Dineen,Robert Taylor,NA,1981,G2,0.5,1860,0.33,0.33,0.5
1,2015-01-05,Rob Large,Mike Joslin,142,1400,E1,0,1432,0.57,0.57,0
2,2015-02-25,Rob Large,Frank Trombley,285,1580,E1,1,1454,0.89,0.32,1
3,2015-03-05,Rob Large,John Cox,52,1315,E1,0,1432,1.57,0.68,1
4,2015-03-26,Rob Large,Peter Williams,309,1169,E1,0,1405,2.41,0.84,1
5,2015-03-31,Rob Large,Gavin Williams,307,1658,E1,0.5,1414,2.64,0.23,1.5
6,2015-04-09,Rob Large,Stephen Bonutto,22,1173,E1,0.5,1403,3.48,0.84,2
7,2015-04-20,Rob Large,Aron Calist,33,1263,E2,0,1379,4.23,0.75,2
8,2015-04-29,Rob Large,Amin Ghabanlou,91,1004,E1,1,1382,5.13,0.9,3
1,2015-01-13,Robert Peters,Ian Burrows,32,1205,E1,1,1188,0.45,0.45,1
2,2015-01-20,Robert Peters,Tom Martin,175,973,E1,1,1195,1.21,0.76,2
3,2015-02-03,Robert Peters,David Hambrook,105,1626,E1,0,1192,1.31,0.1,2
4,2015-02-10,Robert Peters,Simon Davis,68,872,E1,0,1165,2.16,0.85,2
5,2015-03-03,Robert Peters,John Pearce,209,931,E1,1,1171,2.96,0.8,3
6,2015-03-09,Robert Peters,Jim Davies,61,1186,E1,0,1156,3.44,0.48,3
1,2015-01-05,Rod Gough,Paul Tew,272,1955,E1,0.5,1824,0.32,0.32,0.5
2,2015-01-12,Rod Gough,Tony Gutteridge,104,1604,E1,1,1830,1.1,0.78,1.5
3,2015-01-14,Rod Gough,Alex Wills,311,1743,E1,0.5,1827,1.71,0.61,2
4,2015-01-19,Rod Gough,Sam Warburton,298,1593,E1,0.5,1820,2.5,0.79,2.5
5,2015-01-26,Rod Gough,Dave Parsons,205,1813,E1,0.5,1820,3.01,0.51,3
6,2015-02-02,Rod Gough,Dave R Lewis,157,1937,E1,1,1836,3.35,0.34,4
7,2015-02-09,Rod Gough,Benjamin Choo Yin,40,1797,E1,0.5,1835,3.88,0.53,4.5
8,2015-02-16,Rod Gough,Chris Howells,117,1907,E1,1,1850,4.26,0.38,5.5
9,2015-02-23,Rod Gough,Dai James,129,1843,E1,0.5,1850,4.73,0.47,6
10,2015-03-09,Rod Gough,Keith Thompson,278,1851,E1,0,1839,5.19,0.46,6
11,2015-03-16,Rod Gough,Damon Davies,59,1766,E1,0,1826,5.77,0.58,6
12,2015-03-23,Rod Gough,Javier Martin Perez,174,2024,E1,0,1820,6.01,0.24,6
13,2015-03-25,Rod Gough,Alan Spice,260,2050,E1,0.5,1827,6.22,0.21,6.5
14,2015-04-20,Rod Gough,Derek Smith,256,1812,E1,0,1814,6.73,0.51,6.5
15,2015-05-06,Rod Gough,John Cox,52,1315,E1,1,1817,7.63,0.9,7.5
16,2015-05-11,Rod Gough,Graham Parker,203,1755,E1,0,1803,8.22,0.59,7.5
17,2015-05-18,Rod Gough,Matthew Parry,204,1999,E2,0.5,1808,8.48,0.26,8
1,2015-01-05,Roger Jenkins,Beryl Hughes,119,1523,E1,0.5,1534,0.52,0.52,0.5
2,2015-01-06,Roger Jenkins,Keith Downey,NA,1863,W1,0.5,1547,0.64,0.12,1
3,2015-01-15,Roger Jenkins,Wayne Prescott,NA,1419,W1,0.5,1541,1.3,0.66,1.5
4,2015-01-27,Roger Jenkins,David Roberts,235,1510,E1,0,1524,1.84,0.54,1.5
5,2015-01-29,Roger Jenkins,Jeremy Tree,NA,1500,W1,0.5,1523,2.39,0.55,2
6,2015-02-03,Roger Jenkins,Liam Penny,211,1600,E1,0,1509,2.8,0.41,2
7,2015-02-18,Roger Jenkins,Keith Downey,NA,1863,W1,0,1506,2.92,0.12,2
8,2015-02-25,Roger Jenkins,Alan Williams,305,1627,E1,1,1526,3.29,0.37,3
9,2015-02-25,Roger Jenkins,Edward Donovan,75,1700,E1,0,1517,3.57,0.28,3
10,2015-03-05,Roger Jenkins,David Merryweather,NA,1564,W1,1,1534,4.03,0.46,4
11,2015-03-09,Roger Jenkins,Kam Choo yin,42,1608,E1,0,1521,4.43,0.4,4
12,2015-03-12,Roger Jenkins,Jeff Burrows,NA,1476,W1,0.5,1519,5.01,0.58,4.5
13,2015-03-16,Roger Jenkins,Bill Davies,58,1312,E1,1,1526,5.79,0.78,5.5
14,2015-03-25,Roger Jenkins,James Evans,NA,1667,W1,0,1515,6.11,0.32,5.5
15,2015-03-31,Roger Jenkins,Peter Slater,252,1635,E1,1,1536,6.47,0.36,6.5
16,2015-04-07,Roger Jenkins,Anlan Qiu,222,1326,E1,0.5,1527,7.24,0.77,7
17,2015-04-09,Roger Jenkins,Martin Ricketts,234,1444,E1,0.5,1523,7.87,0.63,7.5
18,2015-04-13,Roger Jenkins,Andrew Trickey,283,1679,E1,0.5,1529,8.18,0.31,8
19,2015-04-16,Roger Jenkins,Huw Jones,NA,1642,W1,0.5,1534,8.53,0.35,8.5
20,2015-04-23,Roger Jenkins,Mark Jones,139,1654,E1,0,1523,8.87,0.34,8.5
21,2015-04-29,Roger Jenkins,S Wyn Howells,118,1613,E1,0,1511,9.26,0.39,8.5
1,2015-01-05,Roger Phillips,Stephen Lambourne,154,1532,E1,0.5,1470,0.41,0.41,0.5
2,2015-01-19,Roger Phillips,Sam White,303,1570,E1,0.5,1474,0.77,0.36,1
3,2015-01-27,Roger Phillips,Mike Joslin,142,1400,E1,0.5,1471,1.36,0.59,1.5
4,2015-02-02,Roger Phillips,Viv Martin,176,1616,E1,0.5,1478,1.66,0.3,2
5,2015-02-12,Roger Phillips,Hiya Ray,228,1271,E1,1,1486,2.42,0.76,3
6,2015-02-20,Roger Phillips,Alex Sen,NA,990,D1,1,1489,3.32,0.9,4
7,2015-02-21,Roger Phillips,Frank Trombley,285,1580,E1,1,1510,3.66,0.34,5
8,2015-02-21,Roger Phillips,Scott Hammett,NA,1559,D1,0,1498,4.03,0.37,5
9,2015-02-22,Roger Phillips,Michael Foss,NA,1570,ECF,0.5,1503,4.39,0.36,5.5
10,2015-02-22,Roger Phillips,Kevin O'Rourke,200,1168,E1,1,1507,5.24,0.85,6.5
11,2015-02-26,Roger Phillips,Mark Jones,139,1654,E1,0.5,1515,5.49,0.25,7
12,2015-03-05,Roger Phillips,Clive Crowley,54,1441,E1,0,1498,6.03,0.54,7
13,2015-03-16,Roger Phillips,Roland Humphries,120,1235,E1,1,1505,6.82,0.79,8
14,2015-03-26,Roger Phillips,Bill Davies,58,1312,E1,0.5,1498,7.53,0.71,8.5
15,2015-04-09,Roger Phillips,Phil Jones,140,1361,E1,1,1509,8.18,0.65,9.5
16,2015-04-29,Roger Phillips,Hiya Ray,228,1339,E2,1,1520,8.85,0.67,10.5
1,2015-02-03,Rohan Oruganti,Akshara Nagaruru,195,850,E1,1,866,0.5,0.5,1
2,2015-03-02,Rohan Oruganti,Nye Bradfield,24,923,E1,0,853,0.9,0.4,1
3,2015-03-03,Rohan Oruganti,Tom Stanton,263,994,E1,0,843,1.21,0.31,1
1,2015-01-13,Roland Humphries,Bill Wilkins,304,1425,E1,0,1227,0.25,0.25,0
2,2015-01-20,Roland Humphries,Hiya Ray,228,1271,E1,0,1213,0.7,0.45,0
3,2015-01-27,Roland Humphries,Simon Davis,68,872,E1,0,1184,1.6,0.9,0
4,2015-02-16,Roland Humphries,Roy Thomas,275,1790,E1,0,1181,1.7,0.1,0
5,2015-02-24,Roland Humphries,Martin Ricketts,234,1444,E1,0,1173,1.93,0.23,0
6,2015-03-10,Roland Humphries,Nessie Georgion,90,1513,E1,0,1168,2.09,0.16,0
7,2015-03-16,Roland Humphries,Roger Phillips,215,1467,E1,0,1161,2.3,0.21,0
8,2015-03-17,Roland Humphries,Mike Joslin,142,1400,E1,0.5,1168,2.58,0.28,0.5
9,2015-03-24,Roland Humphries,Daniel Jaberansari,127,1144,E2,0.5,1164,3.21,0.63,1
10,2015-03-31,Roland Humphries,Roy Purnell,220,1255,E1,0.5,1165,3.68,0.47,1.5
11,2015-04-21,Roland Humphries,Edward Mason,177,1502,E1,0,1160,3.85,0.17,1.5
1,2015-03-05,Rosie Christmas,Richard Godfrey,92,1169,E1,0,846,0.13,0.13,0
2,2015-03-09,Rosie Christmas,Pagona Mavroyenneas,180,850,E1,0,830,0.63,0.5,0
3,2015-04-03,Rosie Christmas,John Eddershaw,NA,1410,ECF,0,827,0.73,0.1,0
4,2015-04-03,Rosie Christmas,Anlan Qiu,222,1326,E1,0,823,0.83,0.1,0
5,2015-04-04,Rosie Christmas,Paul Turner,286,1300,E1,0,820,0.93,0.1,0
6,2015-04-04,Rosie Christmas,Stephen Bonutto,22,1173,E1,0,816,1.06,0.13,0
7,2015-04-06,Rosie Christmas,James Allyson,NA,1001,W1,0,806,1.36,0.3,0
8,2015-04-06,Rosie Christmas,Daniel Jaberansari,127,1144,E2,0,802,1.51,0.15,0
9,2015-04-08,Rosie Christmas,Peter Wood Fisher,NA,1226,G1,0,798,1.61,0.1,0
10,2015-04-27,Rosie Christmas,Dave Morris,191,1022,E1,0,790,1.88,0.27,0
11,2015-05-06,Rosie Christmas,Andy Robinson,237,850,E1,1,806,2.38,0.5,1
1,2015-01-06,Roy Purnell,Anthony Williams,306,996,E1,0,1229,0.82,0.82,0
2,2015-01-13,Roy Purnell,Dwain Jones,136,1192,E1,0.5,1226,1.41,0.59,0.5
3,2015-01-14,Roy Purnell,Amin Ghabanlou,91,1004,E1,0.5,1216,2.22,0.81,1
4,2015-01-20,Roy Purnell,Susanna Fraser,86,1358,E1,0,1204,2.58,0.36,1
5,2015-01-28,Roy Purnell,Amin Ghabanlou,91,1004,E1,1,1211,3.39,0.81,2
6,2015-02-03,Roy Purnell,Joshua Choo Yin,41,850,E1,1,1214,4.29,0.9,3
7,2015-02-10,Roy Purnell,Anthony Williams,306,996,E1,0.5,1203,5.11,0.82,3.5
8,2015-02-17,Roy Purnell,Nick Mavroyenneas,179,850,E1,0.5,1191,6.01,0.9,4
9,2015-02-24,Roy Purnell,Hiya Ray,228,1339,E2,0,1179,6.39,0.38,4
10,2015-03-03,Roy Purnell,Dave Morris,191,1022,E1,1,1185,7.19,0.8,5
11,2015-03-09,Roy Purnell,Howard Lloyd,164,1406,E1,0.5,1191,7.49,0.3,5.5
12,2015-03-22,Roy Purnell,Gavin Williams,307,1658,E1,0,1188,7.59,0.1,5.5
13,2015-03-31,Roy Purnell,Roland Humphries,120,1235,E1,0.5,1187,8.12,0.53,6
14,2015-05-06,Roy Purnell,Mike Joslin,142,1400,E1,0.5,1194,8.42,0.3,6.5
1,2015-01-02,Roy Thomas,Tom Brown,29,2132,E1,0,1787,0.11,0.11,0
2,2015-01-03,Roy Thomas,Bedanta Baruah,13,1615,E1,1,1794,0.84,0.73,1
3,2015-01-03,Roy Thomas,Paul Bridges,26,1948,E1,0,1787,1.13,0.29,1
4,2015-01-04,Roy Thomas,Benjamin Choo Yin,40,1797,E1,0,1775,1.62,0.49,1
5,2015-01-05,Roy Thomas,Sam Jukes,144,1716,E1,1,1785,2.22,0.6,2
6,2015-01-08,Roy Thomas,Jeff Rowland,241,1701,E1,0,1770,2.84,0.62,2
7,2015-01-18,Roy Thomas,Andrew Gibbons,NA,1983,W1,0,1764,3.09,0.25,2
8,2015-01-30,Roy Thomas,Peter Ehsandar,79,2049,E1,0,1760,3.27,0.18,2
9,2015-01-31,Roy Thomas,Timothy J Soar,NA,1598,N1,1,1766,4.02,0.75,3
10,2015-01-31,Roy Thomas,David Tomboline,281,1923,E1,0.5,1770,4.34,0.32,3.5
11,2015-02-01,Roy Thomas,Dave R Lewis,157,1937,E1,0,1763,4.64,0.3,3.5
12,2015-02-01,Roy Thomas,Mike Servini,244,1603,E1,1,1769,5.39,0.75,4.5
13,2015-02-03,Roy Thomas,Simon Blackmore,19,1760,E1,0,1756,5.93,0.54,4.5
14,2015-02-10,Roy Thomas,Richard Livermore,NA,1649,G1,0,1739,6.62,0.69,4.5
15,2015-02-12,Roy Thomas,Alan Williams,305,1627,E1,0,1722,7.34,0.72,4.5
16,2015-02-16,Roy Thomas,Roland Humphries,120,1235,E1,1,1724,8.24,0.9,5.5
17,2015-02-23,Roy Thomas,Gian Illari,125,2000,E1,0.5,1731,8.47,0.23,6
18,2015-03-02,Roy Thomas,Steve Lindsay,162,1687,E1,0,1715,9.11,0.64,6
19,2015-03-15,Roy Thomas,Richard Miles,NA,1969,G1,0,1709,9.37,0.26,6
20,2015-04-03,Roy Thomas,Imogen Camp,NA,1692,N1,0,1694,10.01,0.64,6
21,2015-04-03,Roy Thomas,Venetia Sivarajasingam,250,1720,E2,0,1679,10.61,0.6,6
22,2015-04-04,Roy Thomas,John Cox,52,1315,E1,1,1682,11.51,0.9,7
23,2015-04-04,Roy Thomas,Andrew Di-Vetta,72,1641,E2,0.5,1677,12.21,0.7,7.5
24,2015-04-05,Roy Thomas,Chris Fox,85,1901,E1,0.5,1681,12.56,0.35,8
25,2015-04-06,Roy Thomas,Sam Jukes,144,1716,E1,1,1690,13.16,0.6,9
26,2015-04-06,Roy Thomas,Karanvir Lutchman Singh,167,1714,E1,1,1700,13.77,0.61,10
27,2015-04-11,Roy Thomas,Rudy Van Kemenade,NA,2049,D2,0,1697,0.11,0.11,0
28,2015-04-13,Roy Thomas,Damon Davies,59,1766,E1,0,1688,0.52,0.41,0
29,2015-04-18,Roy Thomas,David Rogers,NA,1866,ECF,0.5,1693,0.8,0.28,0.5
30,2015-04-18,Roy Thomas,Stephen M Chadaway,NA,1786,ECF,0,1684,1.18,0.38,0.5
31,2015-04-19,Roy Thomas,Peter D Dimond,NA,1634,ECF,0,1670,1.77,0.59,0.5
32,2015-04-19,Roy Thomas,Steve Williams,NA,1791,G2,1,1685,2.14,0.37,1.5
33,2015-04-20,Roy Thomas,Tony Gutteridge,104,1604,E1,1,1694,2.77,0.63,2.5
34,2015-04-27,Roy Thomas,Benjamin Choo Yin,40,1791,E2,0,1685,3.14,0.37,2.5
35,2015-04-29,Roy Thomas,Michael Arribas-Ayllon,8,1715,E1,1,1697,3.62,0.48,3.5
1,2015-01-05,Russell Dodington,David Roberts,235,1510,E1,1,1756,0.8,0.8,1
2,2015-02-02,Russell Dodington,Damon Davies,59,1766,E1,0.5,1756,1.28,0.48,1.5
3,2015-02-10,Russell Dodington,Calum Harris,108,1801,E1,1,1770,1.71,0.43,2.5
4,2015-02-16,Russell Dodington,Simon Richardson,233,1734,E1,1,1781,2.23,0.52,3.5
5,2015-02-23,Russell Dodington,Conor Hunt,122,1700,E1,1,1792,2.8,0.57,4.5
6,2015-03-09,Russell Dodington,Edward Donovan,75,1700,E1,1,1802,3.37,0.57,5.5
7,2015-03-24,Russell Dodington,Neil Stuart,267,1799,E1,0,1792,3.8,0.43,5.5
8,2015-04-03,Russell Dodington,Bob Hurn,123,1675,E2,0,1777,4.41,0.61,5.5
9,2015-04-04,Russell Dodington,Julie Van Kemenade,NA,1786,D1,0.5,1778,4.86,0.45,6
10,2015-04-04,Russell Dodington,James Evans,NA,1667,W1,0,1763,5.48,0.62,6
11,2015-04-06,Russell Dodington,Andrew Di-Vetta,72,1641,E2,1,1772,6.13,0.65,7
12,2015-04-06,Russell Dodington,Venetia Sivarajasingam,250,1720,E2,0,1759,6.67,0.54,7
13,2015-04-07,Russell Dodington,Peter Slater,252,1635,E1,0.5,1755,7.33,0.66,7.5
14,2015-04-28,Russell Dodington,Jeff Rowland,241,1701,E1,1,1765,7.9,0.57,8.5
15,2015-05-20,Russell Dodington,Chirag Guha,103,1761,E2,1,1778,8.39,0.49,9.5
1,2015-01-12,S Wyn Howells,Mike Maguire,172,1728,E1,0.5,1617,0.34,0.34,0.5
2,2015-02-09,S Wyn Howells,Dave Mahoney,173,1337,E1,1,1621,1.18,0.84,1.5
3,2015-02-16,S Wyn Howells,Jeremy C Pye,221,1092,E1,1,1623,2.08,0.9,2.5
4,2015-03-24,S Wyn Howells,Mark Jones,139,1654,E1,1,1637,2.52,0.44,3.5
5,2015-04-03,S Wyn Howells,Bob Hurn,123,1675,E2,0.5,1639,2.93,0.41,4
6,2015-04-03,S Wyn Howells,Sam Jukes,144,1716,E1,1,1654,3.29,0.36,5
7,2015-04-04,S Wyn Howells,Imogen Camp,NA,1692,N1,0.5,1657,3.68,0.39,5.5
8,2015-04-04,S Wyn Howells,Ernest Gibiec,NA,2141,G1,0,1654,3.78,0.1,5.5
9,2015-04-06,S Wyn Howells,Hugh Price,218,1576,E1,0,1641,4.33,0.55,5.5
10,2015-04-06,S Wyn Howells,James Evans,NA,1667,W1,1,1655,4.75,0.42,6.5
11,2015-04-07,S Wyn Howells,Kam Choo Yin,42,1608,E1,0.5,1655,5.26,0.51,7
12,2015-04-29,S Wyn Howells,Roger Jenkins,133,1535,E1,1,1664,5.87,0.61,8
1,2015-01-14,Sachin Patel,Stephen Bailey,9,1462,E1,0,997,0.1,0.1,0
1,2015-01-02,Sam Jukes,Peter Heaven,110,2131,E1,0,1714,0.1,0.1,0
2,2015-01-03,Sam Jukes,Alan Young,NA,2159,W1,0,1711,0.2,0.1,0
3,2015-01-03,Sam Jukes,Venetia Sivarajasingam,250,1666,E1,1,1722,0.77,0.57,1
4,2015-01-04,Sam Jukes,Karanvir Lutchman Singh,167,1714,E1,0,1710,1.27,0.5,1
5,2015-01-05,Sam Jukes,Roy Thomas,275,1790,E1,0,1700,1.67,0.4,1
6,2015-01-08,Sam Jukes,Paul Keenan,148,1633,E1,1,1709,2.29,0.62,2
7,2015-02-10,Sam Jukes,Dave Roberts,NA,1593,G1,1,1717,2.96,0.67,3
8,2015-02-12,Sam Jukes,Wayne James,131,1458,E1,1,1721,3.78,0.82,4
9,2015-02-16,Sam Jukes,Mike Colwill,51,1024,E1,1,1724,4.68,0.9,5
10,2015-02-23,Sam Jukes,Justin Morgans,189,1694,E1,1,1735,5.21,0.53,6
11,2015-02-25,Sam Jukes,Venetia Sivarajasingam,250,1666,E1,1,1745,5.78,0.57,7
12,2015-03-02,Sam Jukes,Cyril Ley,160,1611,E1,0,1730,6.42,0.64,7
13,2015-04-03,Sam Jukes,Szilvia Lochte,NA,1989,N2,0,1726,6.59,0.17,7
14,2015-04-03,Sam Jukes,S Wyn Howells,118,1613,E1,0,1710,7.23,0.64,7
15,2015-04-04,Sam Jukes,Frank Trombley,285,1580,E1,1,1718,7.91,0.68,8
16,2015-04-04,Sam Jukes,Venetia Sivarajasingam,250,1720,E2,0,1706,8.4,0.49,8
17,2015-04-05,Sam Jukes,Dewi Jones,NA,1653,N1,1,1716,8.99,0.59,9
18,2015-04-06,Sam Jukes,Roy Thomas,275,1790,E1,0,1707,9.39,0.4,9
19,2015-04-06,Sam Jukes,Paul Orton,NA,1584,D1,1,1714,10.07,0.68,10
20,2015-04-07,Sam Jukes,Hanni Youssef,319,1462,E1,1,1719,10.89,0.82,11
21,2015-04-20,Sam Jukes,Mike Servini,244,1603,E1,0,1703,11.55,0.66,11
22,2015-04-29,Sam Jukes,Edward Donovan,75,1670,E2,1,1713,12.11,0.56,12
1,2015-02-24,Sam Thomas,Tom Stanton,263,994,E1,1,1146,0.69,0.69,1
2,2015-03-10,Sam Thomas,Tom Stanton,263,994,E1,1,1156,1.38,0.69,2
3,2015-04-29,Sam Thomas,Sam Goodfellow,NA,865,G1,1,1161,2.21,0.83,3
1,2015-01-05,Sam Warburton,Simon Blackmore,19,1760,E1,0,1584,0.28,0.28,0
2,2015-01-07,Sam Warburton,Daniel Griffiths,102,1542,E1,1,1598,0.85,0.57,1
3,2015-01-19,Sam Warburton,Rod Gough,94,1820,E1,0.5,1607,1.06,0.21,1.5
4,2015-02-09,Sam Warburton,Matthew Parry,204,1962,E1,0,1604,1.16,0.1,1.5
5,2015-02-23,Sam Warburton,Bill Harle,107,1744,E1,1,1626,1.46,0.3,2.5
6,2015-03-02,Sam Warburton,Damon Davies,59,1766,E1,0.5,1634,1.73,0.27,3
7,2015-03-09,Sam Warburton,Graham parker,203,1755,E1,0.5,1641,2.01,0.28,3.5
8,2015-03-16,Sam Warburton,Matthew Parry,204,1962,E1,0,1637,2.11,0.1,3.5
9,2015-03-17,Sam Warburton,Neil Stuart,267,1799,E1,0.5,1646,2.34,0.23,4
10,2015-03-23,Sam Warburton,Keith Thompson,278,1851,E1,0,1640,2.52,0.18,4
11,2015-03-24,Sam Warburton,Simon Blackmore,19,1760,E1,0.5,1647,2.8,0.28,4.5
12,2015-04-20,Sam Warburton,Calum Harris,108,1801,E1,0,1640,3.03,0.23,4.5
13,2015-04-27,Sam Warburton,Peter Quinn,223,1876,E1,0,1635,3.19,0.16,4.5
1,2015-01-05,Sam White,Viv Martin,176,1616,E1,1,1588,0.44,0.44,1
2,2015-01-15,Sam White,Ashley Davis,66,1946,E1,0,1585,0.54,0.1,1
3,2015-01-19,Sam White,Roger Phillips,215,1467,E1,0.5,1580,1.18,0.64,1.5
4,2015-01-26,Sam White,Lyn Holland,NA,1511,G1,0,1562,1.76,0.58,1.5
5,2015-02-02,Sam White,David Jones,134,930,E1,1,1565,2.66,0.9,2.5
6,2015-02-12,Sam White,Dave Parsons,205,1813,E1,0,1558,2.86,0.2,2.5
7,2015-02-24,Sam White,Phil Smith,259,1491,E1,0.5,1555,3.47,0.61,3
8,2015-03-02,Sam White,Jeff Rowland,241,1701,E1,1,1577,3.79,0.32,4
9,2015-03-16,Sam White,Edward Donovan,75,1700,E1,0,1566,4.11,0.32,4
10,2015-04-03,Sam White,Stephen Williams,NA,1712,N1,0,1557,4.42,0.31,4
11,2015-04-04,Sam White,Simon Blackmore,19,1760,E1,0,1549,4.67,0.25,4
12,2015-04-05,Sam White,Kevin O'Rourke,200,1168,E1,0.5,1536,5.57,0.9,4.5
13,2015-04-06,Sam White,Andrew Di-Vetta,72,1641,E2,0.5,1539,5.97,0.4,5
14,2015-04-23,Sam White,Pagona Mavroyenneas,180,850,E1,0,1510,6.87,0.9,5
15,2015-05-07,Sam White,Nick Mavroyenneas,179,850,E1,0.5,1497,7.77,0.9,5.5
16,2015-05-11,Sam White,Beryl Hughes,119,1523,E1,0,1479,8.34,0.57,5.5
1,2015-01-07,Sanay Goyal,Ethan Chung,46,1071,E1,0,863,0.24,0.24,0
2,2015-01-14,Sanay Goyal,Callum Smith,254,850,E1,0,846,0.77,0.53,0
3,2015-03-21,Sanay Goyal,Venetia Sivarajasingam,250,1720,E2,0,843,0.87,0.1,0
4,2015-03-21,Sanay Goyal,Chirag Guha,103,1761,E2,0,840,0.97,0.1,0
1,2014-12-13,Shayanna Sivarajasingam,Pedro Deus,NA,1722,ECF,0,1711,0.5,0.5,0
2,2014-12-13,Shayanna Sivarajasingam,Yu-Chin (Peter) Lim,NA,1890,ECF,0,1704,0.78,0.28,0
3,2014-12-14,Shayanna Sivarajasingam,Carlo Paglialunga,NA,1570,ECF,1,1711,1.49,0.71,1
4,2014-12-14,Shayanna Sivarajasingam,Joe Moran,NA,1578,ECF,0.5,1706,2.19,0.7,1.5
5,2015-01-02,Shayanna Sivarajasingam,Joe Fathallah,82,2007,E1,0,1703,2.35,0.16,1.5
6,2015-01-03,Shayanna Sivarajasingam,Steve Williams (Cwm),NA,1800,G1,0.5,1705,2.74,0.39,2
7,2015-01-03,Shayanna Sivarajasingam,David Buttell,NA,1935,W1,1,1724,2.97,0.23,3
8,2015-01-04,Shayanna Sivarajasingam,Michael Ashworth,NA,2136,ECF,0,1721,3.07,0.1,3
9,2015-01-05,Shayanna Sivarajasingam,Dave R Lewis,157,1937,E1,0.5,1728,3.29,0.22,3.5
10,2015-01-28,Shayanna Sivarajasingam,Steve Lindsay,162,1687,E1,0,1715,3.84,0.55,3.5
11,2015-01-31,Shayanna Sivarajasingam,Neya Govindaraj,95,1337,E1,1,1717,4.74,0.9,4.5
12,2015-01-31,Shayanna Sivarajasingam,Nicholas Evans,NA,1995,W1,0,1713,4.91,0.17,4.5
13,2015-02-01,Shayanna Sivarajasingam,Chirag Guha,103,1731,E1,0,1701,5.4,0.49,4.5
14,2015-02-01,Shayanna Sivarajasingam,James Evans,NA,1667,W1,1,1711,5.98,0.58,5.5
15,2015-02-21,Shayanna Sivarajasingam,Hugh Westwood-Dunkley,NA,1482,ECF,1,1716,6.78,0.8,6.5
16,2015-02-21,Shayanna Sivarajasingam,Anthony Fox,NA,1554,ECF,1,1723,7.5,0.72,7.5
17,2015-02-21,Shayanna Sivarajasingam,Gearge Atalla,NA,1530,ECF,1,1729,8.25,0.75,8.5
18,2015-02-22,Shayanna Sivarajasingam,Nicholas Vallis,NA,1674,ECF,1,1739,8.82,0.57,9.5
19,2015-02-22,Shayanna Sivarajasingam,Aditya Munshi,NA,1954,ECF,0,1734,9.03,0.21,9.5
20,2015-02-22,Shayanna Sivarajasingam,Benjamin Headlong,NA,1658,ECF,0.5,1732,9.62,0.59,10
21,2015-02-25,Shayanna Sivarajasingam,Calum Harris,108,1801,E1,0,1723,10.01,0.39,10
22,2015-03-07,Shayanna Sivarajasingam,Hugo Fowler,NA,1571,G1,0.5,1718,10.71,0.7,10.5
23,2015-03-07,Shayanna Sivarajasingam,Benjamin Choo Yin,40,1797,E1,0,1708,11.11,0.4,10.5
24,2015-03-07,Shayanna Sivarajasingam,Joel Lee,NA,1101,N1,1,1711,12.01,0.9,11.5
25,2015-03-09,Shayanna Sivarajasingam,Aron Calist,33,1414,E1,1,1714,12.87,0.86,12.5
26,2015-03-11,Shayanna Sivarajasingam,James Evans,NA,1667,W1,0.5,1712,13.45,0.58,13
27,2015-03-15,Shayanna Sivarajasingam,Imogen Camp,NA,1692,N1,0.5,1711,13.99,0.54,13.5
28,2015-03-16,Shayanna Sivarajasingam,Stephen Lambourne,154,1532,E1,0.5,1705,0.74,0.74,0.5
29,2015-03-21,Shayanna Sivarajasingam,George Macmaster,NA,1024,G1,1,1708,1.64,0.9,1.5
30,2015-03-21,Shayanna Sivarajasingam,Petko Petkov,NA,1540,N1,1,1714,2.37,0.73,2.5
31,2015-03-21,Shayanna Sivarajasingam,Hugo Fowler,NA,1571,G1,1,1722,3.06,0.69,3.5
32,2015-03-22,Shayanna Sivarajasingam,Arjan Bolina,NA,1693,N1,0,1709,3.59,0.53,3.5
33,2015-03-22,Shayanna Sivarajasingam,Aishwarya Lutchman Singh,166,1394,E1,0.5,1700,4.46,0.87,4
34,2015-03-22,Shayanna Sivarajasingam,Anlan Qiu,222,1326,E1,0.5,1690,5.36,0.9,4.5
35,2015-04-03,Shayanna Sivarajasingam,Tom Goildrick,NA,1858,ECF,1,1707,5.66,0.3,5.5
36,2015-04-04,Shayanna Sivarajasingam,Guy Wagner,292,1836,E1,1,1723,5.99,0.33,6.5
37,2015-04-05,Shayanna Sivarajasingam,Roger De Coverly,NA,2170,ECF,0.5,1733,6.09,0.1,7
38,2015-04-06,Shayanna Sivarajasingam,Celso Bettencourt Pinto,216,2052,E1,0,1730,6.2,0.11,7
39,2015-04-06,Shayanna Sivarajasingam,Szilvia Lochte,NA,1989,N2,1,1750,6.36,0.16,8
40,2015-04-20,Shayanna Sivarajasingam,Ken Hannah,106,1759,E1,0.5,1752,6.79,0.43,8.5
41,2015-05-30,Shayanna Sivarajasingam,Cassie M Graham,NA,1786,ECF,0.5,1754,7.19,0.4,9
42,2015-05-30,Shayanna Sivarajasingam,James Golding,NA,1938,ECF,0.5,1761,7.4,0.21,9.5
43,2015-05-31,Shayanna Sivarajasingam,Peter A Isaksen,NA,1770,ECF,1,1775,7.82,0.42,10.5
44,2015-05-31,Shayanna Sivarajasingam,Jake Holton,NA,1826,ECF,0,1767,8.16,0.34,10.5
1,2015-03-07,Shivansh Agarwal,Ifan Rathbone-Jones,NA,1464,N1,0,847,0.1,0.1,0
2,2015-03-07,Shivansh Agarwal,Dylan Meek,NA,1100,G1,0,841,0.29,0.19,0
3,2015-03-07,Shivansh Agarwal,Osian Furnival Hughes,NA,850,N1,1,857,0.79,0.5,1
1,2015-01-02,Simon Blackmore,Allan Fisher,83,1604,E1,1,1767,0.71,0.71,1
2,2015-01-03,Simon Blackmore,John Cox,52,1315,E1,0.5,1757,1.61,0.9,1.5
3,2015-01-03,Simon Blackmore,Richard Livermore,NA,1649,G1,0,1742,2.26,0.65,1.5
4,2015-01-04,Simon Blackmore,Kam Choo Yin,42,1608,E1,0,1725,2.96,0.7,1.5
5,2015-01-04,Simon Blackmore,Aishwarya Lutchman Singh,166,1394,E1,1,1727,3.86,0.9,2.5
6,2015-01-05,Simon Blackmore,Sam Warburton,298,1593,E1,1,1734,4.58,0.72,3.5
7,2015-01-27,Simon Blackmore,Chris Peters,213,1600,E1,0.5,1729,5.29,0.71,4
8,2015-01-30,Simon Blackmore,Mark A Whitehead,NA,2042,ECF,0,1725,5.45,0.16,4
9,2015-01-31,Simon Blackmore,Bedanta Baruah,13,1615,E1,0,1708,6.15,0.7,4
10,2015-01-31,Simon Blackmore,Timothy J Soar,NA,1598,N1,1,1715,6.87,0.72,5
11,2015-02-01,Simon Blackmore,Mike Servini,244,1603,E1,0.5,1710,7.58,0.71,5.5
12,2015-02-01,Simon Blackmore,Neil Stuart,267,1799,E1,0.5,1711,8.03,0.45,6
13,2015-02-03,Simon Blackmore,Roy Thomas,275,1790,E1,1,1724,8.49,0.46,7
14,2015-02-10,Simon Blackmore,Jeff Rowland,241,1701,E1,1,1734,9.07,0.58,8
15,2015-03-04,Simon Blackmore,Edward Donovan,75,1700,E1,1,1744,9.65,0.58,9
16,2015-03-17,Simon Blackmore,Will Harwood,109,1745,E1,0,1732,10.17,0.52,9
17,2015-03-18,Simon Blackmore,Edward Donovan,75,1700,E1,1,1742,10.75,0.58,10
18,2015-03-24,Simon Blackmore,Sam Warburton,298,1593,E1,0.5,1737,11.47,0.72,10.5
19,2015-04-03,Simon Blackmore,Kevin O'Rourke,200,1168,E1,1,1739,12.37,0.9,11.5
20,2015-04-03,Simon Blackmore,Charles Summers,269,1927,E1,0,1732,12.65,0.28,11.5
21,2015-04-04,Simon Blackmore,Ernest Gibiec,NA,2141,G1,0,1730,12.75,0.1,11.5
22,2015-04-04,Simon Blackmore,Sam White,303,1570,E1,1,1736,13.5,0.75,12.5
23,2015-04-05,Simon Blackmore,Guy Wagner,292,1836,E1,1,1751,13.89,0.39,13.5
24,2015-04-06,Simon Blackmore,Szilvia Lochte,NA,1989,N2,0.5,1758,14.1,0.21,14
25,2015-04-06,Simon Blackmore,Stephen Williams,NA,1712,N1,1,1768,14.67,0.57,15
26,2015-04-07,Simon Blackmore,James Lavender,NA,1904,G1,1,1784,0.32,0.32,1
27,2015-04-27,Simon Blackmore,Justin Morgans,189,1694,E1,0,1770,0.92,0.6,1
1,2015-02-02,Simon Chung,Dom Cavalli,35,1248,E1,0,847,0.1,0.1,0
2,2015-02-12,Simon Chung,Ionut Dragan,76,1200,E1,0,843,0.21,0.11,0
1,2015-01-12,Simon Davis,Andrew Trickey,283,1679,E1,0,869,0.1,0.1,0
2,2015-01-27,Simon Davis,Roland Humphries,120,1235,E1,1,898,0.2,0.1,1
3,2015-02-03,Simon Davis,Peter Williams,309,1169,E1,1,925,0.35,0.15,2
4,2015-02-10,Simon Davis,Robert Peters,214,1170,E1,1,952,0.5,0.15,3
5,2015-03-24,Simon Davis,Nick Mavroyenneas,179,850,E1,1,967,1.03,0.53,4
6,2015-04-14,Simon Davis,Stephen Bailey,9,1462,E1,0,964,1.13,0.1,4
7,2015-04-27,Simon Davis,Dwain Jones,136,1192,E1,0,960,1.26,0.13,4
8,2015-05-04,Simon Davis,Amin Ghabanlou,91,1004,E1,1,981,1.58,0.32,5
1,2015-01-12,Simon Richardson,Steve Cunliffe,56,1974,E1,0,1729,0.2,0.2,0
2,2015-01-20,Simon Richardson,Chirag Guha,103,1731,E1,0.5,1729,0.7,0.5,0.5
3,2015-02-12,Simon Richardson,David Rovaretti,240,1648,E1,1,1738,1.32,0.62,1.5
4,2015-02-16,Simon Richardson,Russell Dodington,74,1751,E1,0,1727,1.8,0.48,1.5
5,2015-03-09,Simon Richardson,Tony Gutteridge,104,1604,E1,0.5,1722,2.48,0.68,2
6,2015-03-25,Simon Richardson,Derek Smith,256,1812,E1,0,1713,2.87,0.39,2
7,2015-04-13,Simon Richardson,Bill Hunt,121,1838,E1,0.5,1716,3.23,0.36,2.5
8,2015-04-29,Simon Richardson,Ashley Davis,66,1946,E1,0,1711,3.46,0.23,2.5
9,2015-05-04,Simon Richardson,Alan Spice,260,2050,E1,0,1708,3.59,0.13,2.5
10,2015-05-11,Simon Richardson,Justin Morgans,189,1694,E1,0.5,1706,4.15,0.56,3
1,2015-01-06,Stephen Bailey,Allan Fisher,83,1604,E1,0,1452,0.31,0.31,0
2,2015-01-14,Stephen Bailey,Sachin Patel,206,1000,E1,1,1455,1.21,0.9,1
3,2015-01-20,Stephen Bailey,Kam Choo Yin,42,1608,E1,1,1478,1.51,0.3,2
4,2015-01-27,Stephen Bailey,Raj Govindaraj,96,1173,E1,0,1450,2.36,0.85,2
5,2015-01-28,Stephen Bailey,Aron Calist,33,1414,E1,0.5,1448,2.93,0.57,2.5
6,2015-02-03,Stephen Bailey,Emily Wang,297,1153,E1,0.5,1437,3.79,0.86,3
7,2015-02-17,Stephen Bailey,Jason Grice,101,1115,E1,0.5,1424,4.68,0.89,3.5
8,2015-03-04,Stephen Bailey,Alex Kenealy,150,1640,E1,0,1416,4.94,0.26,3.5
9,2015-03-10,Stephen Bailey,Mike Colwill,51,1024,E1,1,1419,5.84,0.9,4.5
10,2015-03-18,Stephen Bailey,Jack Aldridge,4,876,E1,1,1422,6.74,0.9,5.5
11,2015-03-22,Stephen Bailey,Joshua Choo Yin,41,850,E1,1,1426,7.64,0.9,6.5
12,2015-03-31,Stephen Bailey,Jim Davies,61,1186,E1,1,1431,8.48,0.84,7.5
13,2015-04-07,Stephen Bailey,Ian Burrows,32,1205,E1,1,1436,9.3,0.82,8.5
14,2015-04-14,Stephen Bailey,Simon Davis,68,872,E1,1,1440,10.2,0.9,9.5
15,2015-04-27,Stephen Bailey,Ethan Chung,46,1071,E1,1,1443,11.1,0.9,10.5
16,2015-05-06,Stephen Bailey,David Roberts,235,1510,E1,1,1461,11.53,0.43,11.5
1,2015-01-30,Stephen Bonutto,Martin J Maber,NA,1450,ECF,0,1168,0.16,0.16,0
2,2015-01-31,Stephen Bonutto,Raj Govindaraj,96,1173,E1,0,1152,0.66,0.5,0
3,2015-02-02,Stephen Bonutto,Dave Parsons,205,1813,E1,0,1149,0.76,0.1,0
4,2015-02-09,Stephen Bonutto,Daniel Jaberansari,127,970,E1,1,1156,1.52,0.76,1
5,2015-02-12,Stephen Bonutto,Peter watkins,301,1452,E1,0.5,1167,1.68,0.16,1.5
6,2015-02-17,Stephen Bonutto,David Hambrook,105,1626,E1,0,1164,1.78,0.1,1.5
7,2015-03-09,Stephen Bonutto,Lee Davis,67,2056,E1,0,1161,1.88,0.1,1.5
8,2015-03-30,Stephen Bonutto,Neya Govindaraj,95,1337,E1,0,1152,2.16,0.28,1.5
9,2015-04-03,Stephen Bonutto,Daniel Griffiths,102,1542,E1,0,1149,2.26,0.1,1.5
10,2015-04-03,Stephen Bonutto,Paul Turner,286,1300,E1,1,1170,2.59,0.33,2.5
11,2015-04-04,Stephen Bonutto,Aron Calist,33,1263,E2,0,1158,2.97,0.38,2.5
12,2015-04-04,Stephen Bonutto,Rosie Christmas,44,850,E1,1,1162,3.84,0.87,3.5
13,2015-04-05,Stephen Bonutto,Pagona Mavroyenneas,180,850,E1,1,1166,4.71,0.87,4.5
14,2015-04-06,Stephen Bonutto,Kevin Langmaid,NA,1514,ECF,0,1163,4.82,0.11,4.5
15,2015-04-06,Stephen Bonutto,Gareth Davies,60,1390,E1,0,1156,5.04,0.22,4.5
16,2015-04-09,Stephen Bonutto,Rob Large,155,1450,E1,0.5,1167,5.2,0.16,5
17,2015-04-20,Stephen Bonutto,Bill Davies,58,1312,E1,0.5,1173,5.51,0.31,5.5
18,2015-04-23,Stephen Bonutto,David Jones,134,930,E1,1,1179,6.31,0.8,6.5
19,2015-05-07,Stephen Bonutto,Jason Grice,101,1115,E1,1,1193,6.89,0.58,7.5
1,2015-01-05,Stephen Lambourne,Roger Phillips,215,1467,E1,0.5,1529,0.59,0.59,0.5
2,2015-01-19,Stephen Lambourne,Clive Crowley,54,1441,E1,1,1541,1.22,0.63,1.5
3,2015-01-27,Stephen Lambourne,Frank Trombley,285,1580,E1,0.5,1543,1.65,0.43,2
4,2015-02-02,Stephen Lambourne,Phil Smith,259,1491,E1,0.5,1541,2.21,0.56,2.5
5,2015-02-23,Stephen Lambourne,Hanni Youssef,319,1462,E1,0,1522,2.81,0.6,2.5
6,2015-03-16,Stephen Lambourne,Shayanna Sivarajasingam,248,1711,E2,0.5,1530,3.07,0.26,3
7,2015-03-30,Stephen Lambourne,Peter Ballantyne,11,1645,E1,0.5,1535,3.41,0.34,3.5
8,2015-04-20,Stephen Lambourne,Viv Martin,176,1616,E1,0,1523,3.79,0.38,3.5
9,2015-05-06,Stephen Lambourne,Gavin Williams,307,1658,E1,0.5,1528,4.12,0.33,4
10,2015-05-11,Stephen Lambourne,Chris Green,99,1587,E1,0.5,1531,4.54,0.42,4.5
1,2015-01-29,Steve Christmas,Rob Dineen,71,1899,E1,0.5,1929,0.54,0.54,0.5
2,2015-02-04,Steve Christmas,Chris Fox,85,1901,E1,1,1940,1.08,0.54,1.5
3,2015-02-12,Steve Christmas,Graham Parker,203,1755,E1,1,1947,1.81,0.73,2.5
4,2015-02-25,Steve Christmas,David Perrett,212,1936,E1,0.5,1947,2.3,0.49,3
5,2015-03-04,Steve Christmas,Bill Hunt,121,1838,E1,1,1956,2.93,0.63,4
6,2015-03-09,Steve Christmas,Matthew Parry,204,1962,E1,0.5,1957,3.38,0.45,4.5
7,2015-03-15,Steve Christmas,Frank May,NA,2126,G1,0.5,1963,3.62,0.24,5
8,2015-03-25,Steve Christmas,Dave Williams,NA,1746,G1,1,1969,4.36,0.74,6
9,2015-03-26,Steve Christmas,Craig Woolcock,315,1960,E2,0,1958,4.82,0.46,6
10,2015-04-03,Steve Christmas,Paul Orton,NA,1584,D1,1,1961,5.71,0.89,7
11,2015-04-03,Steve Christmas,Cyril Ley,160,1611,E1,1,1964,6.58,0.87,8
12,2015-04-04,Steve Christmas,Gavin Williams,307,1658,E1,1,1968,7.41,0.83,9
13,2015-04-04,Steve Christmas,John McGregor,182,1817,E1,0.5,1964,8.07,0.66,9.5
14,2015-04-06,Steve Christmas,Ernest Gibiec,NA,2141,G1,0.5,1971,8.3,0.23,10
15,2015-04-06,Steve Christmas,Charles Summers,269,1927,E1,1,1983,8.8,0.5,11
16,2015-04-08,Steve Christmas,Terry Hill,NA,1660,G1,0,1963,9.63,0.83,11
17,2015-04-27,Steve Christmas,Dave A Lewis,156,1662,E1,0.5,1955,10.46,0.83,11.5
18,2015-05-06,Steve Christmas,David Perrett,212,1936,E1,0.5,1955,10.95,0.49,12
1,2015-01-05,Steve Cronick,Rob Dineen,71,1899,E1,1,1920,0.51,0.51,1
2,2015-01-07,Steve Cronick,David O'Donnell,198,1864,E1,1,1930,1.07,0.56,2
3,2015-01-19,Steve Cronick,Jonathan Gilbert,NA,2079,G1,0,1924,1.34,0.27,2
4,2015-02-09,Steve Cronick,Craig Woolcock,315,2036,E1,0,1916,1.67,0.33,2
1,2015-01-12,Steve Cunliffe,Simon Richardson,233,1734,E1,1,1979,0.8,0.8,1
2,2015-01-15,Steve Cunliffe,Craig Woolcock,315,2036,E1,0.5,1981,1.21,0.41,1.5
3,2015-01-26,Steve Cunliffe,David Perrett,212,1936,E1,0,1968,1.76,0.55,1.5
4,2015-02-11,Steve Cunliffe,Charles Summers,269,1927,E1,1,1978,2.33,0.57,2.5
5,2015-02-12,Steve Cunliffe,Ashley Davis,66,1946,E1,0,1965,2.87,0.54,2.5
6,2015-02-17,Steve Cunliffe,Chirag Guha,103,1731,E1,1,1970,3.67,0.8,3.5
7,2015-03-02,Steve Cunliffe,Peter Quinn,223,1876,E1,0.5,1967,4.31,0.64,4
8,2015-03-09,Steve Cunliffe,Dave Mahoney,173,1337,E1,1,1969,5.21,0.9,5
9,2015-03-16,Steve Cunliffe,Edd Chwieseni,48,1646,E1,1,1972,6.09,0.88,6
10,2015-04-14,Steve Cunliffe,Rob Dineen,71,1899,E1,1,1981,6.69,0.6,7
11,2015-04-23,Steve Cunliffe,Windsor Lewis,159,1123,E1,0.5,1972,7.59,0.9,7.5
12,2015-05-07,Steve Cunliffe,Dave Parsons,205,1813,E1,0.5,1967,8.31,0.72,8
1,2015-01-19,Steve Curtis,Lee Davis,67,2056,E1,0.5,2018,0.45,0.45,0.5
2,2015-03-23,Steve Curtis,James thomas,274,2016,E1,0.5,2018,0.95,0.5,1
3,2015-04-13,Steve Curtis,David Llewellyn,163,1918,E1,1,2024,1.59,0.64,2
4,2015-05-11,Steve Curtis,Matthew Davies,NA,2019,W1,1,2032,2.09,0.5,3
1,2015-01-06,Steve Herkes,Hanni Youssef,319,1462,E1,0.5,1562,0.64,0.64,0.5
2,2015-01-27,Steve Herkes,Beryl Hughes,119,1523,E1,0,1544,1.2,0.56,0.5
3,2015-02-03,Steve Herkes,Peter Ballantyne,11,1645,E1,0,1531,1.59,0.39,0.5
4,2015-03-09,Steve Herkes,Alun Howell,116,1751,E1,1,1555,1.85,0.26,1.5
5,2015-03-23,Steve Herkes,Matthew Lunnon,165,1561,E1,0.5,1554,2.36,0.51,2
6,2015-03-30,Steve Herkes,John Callan,34,1307,E1,1,1560,3.18,0.82,3
7,2015-04-14,Steve Herkes,Lyn Holland,NA,1511,G1,0.5,1558,3.76,0.58,3.5
8,2015-04-21,Steve Herkes,Bill Davies,58,1312,E1,0.5,1547,4.58,0.82,4
1,2015-01-12,Steve Lindsay,James Lavender,NA,1904,G1,0.5,1694,0.22,0.22,0.5
2,2015-01-26,Steve Lindsay,Tony Gutteridge,104,1604,E1,0.5,1691,0.84,0.62,1
3,2015-01-28,Steve Lindsay,Shayanna Sivarajasingam,248,1723,E1,1,1704,1.29,0.45,2
4,2015-02-02,Steve Lindsay,David Roberts,235,1510,E1,1,1711,2.02,0.73,3
5,2015-02-23,Steve Lindsay,Chris Peters,213,1600,E1,1,1720,2.64,0.62,4
6,2015-03-02,Steve Lindsay,Roy Thomas,275,1790,E1,1,1735,3,0.36,5
7,2015-03-23,Steve Lindsay,Edward Donovan,75,1700,E1,1,1747,3.48,0.48,6
8,2015-04-02,Steve Lindsay,Edward Donovan,75,1700,E1,0.5,1748,3.96,0.48,6.5
9,2015-04-13,Steve Lindsay,Hugh Price,218,1576,E1,1,1756,4.61,0.65,7.5
10,2015-04-14,Steve Lindsay,Mark Jones,139,1654,E1,1,1767,5.16,0.55,8.5
11,2015-04-20,Steve Lindsay,Bob Hurn,123,1675,E2,0.5,1767,5.68,0.52,9
12,2015-05-11,Steve Lindsay,Andrew Di-Vetta,72,1641,E2,0.5,1765,6.24,0.56,9.5
1,2015-01-12,Steve Woodrow,Dave Parsons,205,1813,E1,0,1713,0.37,0.37,0
2,2015-02-16,Steve Woodrow,Will Elworthy,80,1742,E1,0,1702,0.84,0.47,0
3,2015-03-25,Steve Woodrow,Michael Arribas-Ayllon,8,1715,E1,1,1714,1.35,0.51,1
4,2015-04-13,Steve Woodrow,Bill Harle,107,1744,E1,0,1702,1.82,0.47,1
5,2015-04-29,Steve Woodrow,Ken Hannah,106,1759,E1,0,1692,2.27,0.45,1
6,2015-05-04,Steve Woodrow,Derek Jones,135,1965,E1,0,1687,2.47,0.2,1
7,2015-05-11,Steve Woodrow,Alun Howell,116,1751,E1,0.5,1688,2.93,0.46,1.5
1,2015-01-03,Susanna Fraser,Raj Govindaraj,96,1173,E1,0,1334,0.74,0.74,0
2,2015-01-03,Susanna Fraser,Jaime Ashworth,NA,1026,ECF,1,1338,1.62,0.88,1
3,2015-01-04,Susanna Fraser,Andrew Worthington,316,1354,E1,1,1354,2.13,0.51,2
4,2015-01-04,Susanna Fraser,Guto Neave,NA,1303,W1,1,1367,2.71,0.58,3
5,2015-01-20,Susanna Fraser,Roy Purnell,220,1255,E1,1,1379,3.35,0.64,4
6,2015-01-27,Susanna Fraser,Gavin williams,307,1658,E1,0,1374,3.49,0.14,4
7,2015-01-31,Susanna Fraser,Daniel Jaberansari,127,970,E1,1,1378,4.39,0.9,5
8,2015-01-31,Susanna Fraser,Raj Govindaraj,96,1173,E1,0,1354,5.13,0.74,5
9,2015-02-01,Susanna Fraser,Amin Ghabanlou,91,1004,E1,1,1357,6.02,0.89,6
10,2015-02-01,Susanna Fraser,Alysson James,NA,1001,W1,1,1361,6.92,0.9,7
11,2015-02-21,Susanna Fraser,Sam Walker,NA,834,ECF,1,1364,7.82,0.9,8
12,2015-02-21,Susanna Fraser,Divyesh Bansai,NA,1458,ECF,0,1352,8.18,0.36,8
13,2015-02-21,Susanna Fraser,Andy Wang,NA,1242,ECF,1,1363,8.84,0.66,9
14,2015-02-22,Susanna Fraser,Tobias Balouka-Myers,NA,1362,ECF,1,1379,9.33,0.49,10
15,2015-02-22,Susanna Fraser,Ethan Hwang,NA,1514,ECF,0,1370,9.62,0.29,10
16,2015-02-22,Susanna Fraser,Eryl Malanta,NA,1122,ECF,1,1377,10.42,0.8,11
17,2015-03-03,Susanna Fraser,Anish Choudhuri,43,856,E1,1,1380,11.32,0.9,12
18,2015-03-07,Susanna Fraser,Dylan Meek,NA,1100,G1,1,1386,12.14,0.82,13
19,2015-03-07,Susanna Fraser,Dafydd Lee,NA,952,N1,1,1389,13.04,0.9,14
20,2015-03-07,Susanna Fraser,Aishwarya Lutchman Singh,166,1394,E1,0,1374,13.49,0.45,14
21,2015-03-08,Susanna Fraser,Duncan MacDonald,170,1232,E1,1,1385,14.16,0.67,15
22,2015-03-08,Susanna Fraser,Ifan Rathbone-Jones,NA,1464,N1,0,1374,14.51,0.35,15
23,2015-03-08,Susanna Fraser,Rachel McIntosh,NA,850,G1,1,1377,15.41,0.9,16
24,2015-03-21,Susanna Fraser,Neil Stevenson,NA,1014,G1,1,1380,16.3,0.89,17
25,2015-03-21,Susanna Fraser,Nayana Kalavala,145,1045,E1,1,1385,17.17,0.87,18
26,2015-03-21,Susanna Fraser,Anton Petkov,NA,1460,N1,0.5,1389,17.53,0.36,18.5
27,2015-03-21,Susanna Fraser,Duncan MacDonald,170,1232,E1,0,1368,18.2,0.67,18.5
28,2015-03-22,Susanna Fraser,Madeleine Smith,NA,1097,G1,1,1373,19.02,0.82,19.5
29,2015-03-22,Susanna Fraser,Ifan Rathbone-Jones,NA,1464,N1,0.5,1378,19.37,0.35,20
30,2015-03-30,Susanna Fraser,Dave Mahoney,173,1337,E1,1,1392,0.56,0.56,1
31,2015-04-07,Susanna Fraser,Daniel Jaberansari,127,1144,E2,0.5,1382,1.36,0.8,1.5
32,2015-04-27,Susanna Fraser,Daniel Jaberansari,127,1144,E2,1,1389,2.16,0.8,2.5
33,2015-05-06,Susanna Fraser,Paul Wallace,294,1391,E1,1,1406,2.64,0.48,3.5
34,2015-05-23,Susanna Fraser,John H Sleggs,NA,1562,ECF,1,1429,2.9,0.26,4.5
35,2015-05-23,Susanna Fraser,Richard livermore,NA,1750,G2,1,1458,3,0.1,5.5
36,2015-05-24,Susanna Fraser,Colin G Gardiner,NA,1522,ECF,0.5,1464,3.31,0.31,6
37,2015-05-24,Susanna Fraser,Chris A Fraser,NA,1570,ECF,0.5,1472,3.56,0.25,6.5
38,2015-05-25,Susanna Fraser,Jennifer Goldsmith,NA,1506,ECF,1,1494,3.89,0.33,7.5
39,2015-05-25,Susanna Fraser,Stephen J Crockett,NA,1610,ECF,0,1487,4.1,0.21,7.5
40,2015-05-30,Susanna Fraser,Leonora Ives,NA,1402,ECF,1,1504,4.57,0.47,8.5
41,2015-05-30,Susanna Fraser,Anisha Sawhney,NA,1370,ECF,0,1487,5.08,0.51,8.5
42,2015-05-31,Susanna Fraser,Jethro West,NA,1250,Est,1,1498,5.75,0.67,9.5
43,2015-05-31,Susanna Fraser,Kenneth Greenshields,NA,1266,ECF,0.5,1493,6.4,0.65,10
1,2015-03-07,Taliesin Yearwood-Williams,Arthur Newington-Bridges,NA,950,G1,0,838,0.36,0.36,0
2,2015-03-07,Taliesin Yearwood-Williams,Dantu Sridatta,261,863,E1,0,823,0.84,0.48,0
3,2015-03-07,Taliesin Yearwood-Williams,Christopher Tang,NA,850,G1,0,807,1.34,0.5,0
4,2015-03-08,Taliesin Yearwood-Williams,Callum Penny,210,880,E1,0,792,1.8,0.46,0
1,2015-02-24,Tanya Ray,Ellison Smith,257,850,E1,0,834,0.5,0.5,0
1,2015-02-16,Thrisanth Venkatesh,Callum Smith,254,850,E1,0,874,0.56,0.56,0
1,2015-01-10,Tim Kett,Paul C Girdlestone,NA,2202,,1,2316,0.65,0.65,1
2,2015-01-11,Tim Kett,Charles Pickard,NA,2210,,1,2319,1.29,0.64,2
3,2015-01-20,Tim Kett,Douglas Spencer,NA,1985,,1,2320,2.17,0.88,3
4,2015-01-27,Tim Kett,David Robinson,238,2007,,1,2322,3.03,0.86,4
5,2015-01-29,Tim Kett,John Waterfield,NA,2062,,1,2324,3.84,0.81,5
6,2015-01-31,Tim Kett,Dave Williams,NA,1746,,1,2325,4.74,0.9,6
7,2015-01-31,Tim Kett,Nigel Ralphs,224,2000,,1,2326,5.61,0.87,7
8,2015-02-01,Tim Kett,Dave Turner,NA,1932,,1,2327,6.51,0.9,8
9,2015-02-01,Tim Kett,Walter Braun,25,2236,FM,0.5,2326,7.12,0.61,8.5
10,2015-02-03,Tim Kett,Mark Adams,NA,2011,,1,2327,7.98,0.86,9.5
11,2015-02-09,Tim Kett,Jonathan Gilbert,NA,2079,,1,2329,8.78,0.8,10.5
12,2015-02-10,Tim Kett,Javier Martin Perez,174,2024,,0.5,2326,9.63,0.85,11
13,2015-02-14,Tim Kett,Jude A Lenier,NA,2202,,0,2319,10.28,0.65,11
14,2015-02-15,Tim Kett,Graham J Moore,NA,2226,,0,2313,10.9,0.62,11
15,2015-02-17,Tim Kett,Lee Davis,67,2056,,1,2315,11.72,0.82,12
16,2015-03-03,Tim Kett,Lee Davis,67,2056,,0.5,2312,12.54,0.82,12.5
17,2015-03-04,Tim Kett,Chris Fox,85,1901,,1,2313,13.44,0.9,13.5
18,2015-03-10,Tim Kett,Chris Howells,117,1907,,1,2314,14.34,0.9,14.5
19,2015-03-11,Tim Kett,Joe Fathallah,82,2007,,1,2315,15.2,0.86,15.5
20,2015-03-15,Tim Kett,Lee Davis,67,2056,,0.5,2312,16.02,0.82,16
21,2015-03-17,Tim Kett,Dave R Lewis,157,1937,,1,2313,16.92,0.9,17
22,2015-03-18,Tim Kett,Derek Jones,135,1965,,1,2314,17.81,0.89,18
23,2015-03-21,Tim Kett,Sathyanantha Saravanan,NA,2163,,1,2317,18.51,0.7,19
24,2015-03-22,Tim Kett,Richard J McMichael,NA,2306,,0,2312,19.02,0.51,19
25,2015-03-24,Tim Kett,Mike Servini,244,1603,,1,2313,19.92,0.9,20
26,2015-04-01,Tim Kett,Alex Bullen,31,2175,,0.5,2311,0.69,0.69,0.5
27,2015-04-03,Tim Kett,Peter Ehsandar,79,2049,,1,2313,1.51,0.82,1.5
28,2015-04-03,Tim Kett,Allan J Pleasants,NA,2214,,0.5,2312,2.15,0.64,2
29,2015-04-04,Tim Kett,Mike Lexton,NA,2098,,0.5,2309,2.93,0.78,2.5
30,2015-04-04,Tim Kett,Paul Hatchett,NA,2022,,1,2310,3.78,0.85,3.5
31,2015-04-05,Tim Kett,James Cobb,50,2470,IM,0,2307,4.07,0.29,3.5
32,2015-04-06,Tim Kett,Ben Thomas,273,1875,,1,2308,4.97,0.9,4.5
33,2015-04-06,Tim Kett,Tom Brown,29,2132,,0,2301,5.71,0.74,4.5
34,2015-04-07,Tim Kett,E Gibiec,NA,2141,,0,2294,6.44,0.73,4.5
35,2015-04-14,Tim Kett,Lee Davis,67,2056,,0,2285,7.26,0.82,4.5
36,2015-04-27,Tim Kett,Dai James,129,1897,,1,2286,8.16,0.9,5.5
37,2015-04-29,Tim Kett,Walter Braun,25,2236,FM,0.5,2285,8.77,0.61,6
38,2015-05-02,Tim Kett,Clive A Frostick,NA,2146,,0.5,2283,9.49,0.72,6.5
39,2015-05-03,Tim Kett,Gavin R Lock,NA,2266,,1,2287,10.06,0.57,7.5
40,2015-05-04,Tim Kett,Paul Habershon,NA,2106,,1,2290,10.83,0.77,8.5
41,2015-05-10,Tim Kett,Robert Saunders,NA,2088,,1,2292,11.62,0.79,9.5
42,2015-05-20,Tim Kett,Ernest Gibiec,NA,2141,,0.5,2290,12.35,0.73,10
1,2015-01-12,Tom Bennett,Gian Illari,125,2000,E1,0,1465,0.1,0.1,0
2,2015-02-16,Tom Bennett,Jeff Rowland,241,1701,E1,0,1458,0.3,0.2,0
3,2015-03-02,Tom Bennett,Howard Deere,69,1576,E1,0,1447,0.65,0.35,0
4,2015-03-24,Tom Bennett,Liam Penny,211,1600,E1,1,1469,0.97,0.32,1
5,2015-04-13,Tom Bennett,Richard livermore,NA,1750,G2,0,1464,1.13,0.16,1
1,2015-01-02,Tom Brown,Roy Thomas,275,1790,,1,2134,0.89,0.89,1
2,2015-01-03,Tom Brown,David Robinson,238,2007,,0.5,2131,1.56,0.67,1.5
3,2015-01-03,Tom Brown,Michael Ashworth,NA,2136,,1,2139,2.05,0.49,2.5
4,2015-01-04,Tom Brown,Joe Fathallah,82,2007,,1,2144,2.72,0.67,3.5
5,2015-01-05,Tom Brown,Gerry Heap,NA,2167,,0.5,2145,3.17,0.45,4
6,2015-01-10,Tom Brown,Pablo Padilla Cabrero,NA,2186,,0,2139,3.59,0.42,4
7,2015-01-11,Tom Brown,Carl J Spencer,NA,2210,,0.5,2140,3.98,0.39,4.5
8,2015-01-18,Tom Brown,Alan Young,NA,2159,,1,2149,4.44,0.46,5.5
9,2015-01-31,Tom Brown,Venetia Sivarajasingam,250,1666,,1,2151,5.34,0.9,6.5
10,2015-01-31,Tom Brown,Walter Braun,25,2236,FM,0,2145,5.7,0.36,6.5
11,2015-02-01,Tom Brown,Vaness Reid,NA,1863,,0,2132,6.53,0.83,6.5
12,2015-02-14,Tom Brown,Amy B Hoare,NA,2138,,0,2124,7.02,0.49,6.5
13,2015-02-15,Tom Brown,David LeMoir,NA,2202,,1,2133,7.42,0.4,7.5
14,2015-02-20,Tom Brown,Matthew Francis,NA,1676,,1,2135,8.32,0.9,8.5
15,2015-02-21,Tom Brown,Roger Greatorex,NA,1882,,1,2138,9.13,0.81,9.5
16,2015-02-21,Tom Brown,Sven P Ziedler,NA,2255,,0,2133,9.46,0.33,9.5
17,2015-02-22,Tom Brown,Veness Reid,NA,1863,,1,2135,10.29,0.83,10.5
18,2015-02-22,Tom Brown,Paul Byway,NA,2162,,0,2128,10.75,0.46,10.5
19,2015-03-21,Tom Brown,Alexis Harakis,NA,2194,,0,2121,11.16,0.41,10.5
20,2015-03-22,Tom Brown,David W Guthrie,NA,2242,,0,2116,11.51,0.35,10.5
21,2015-04-03,Tom Brown,David Robinson,238,2007,,1,2121,12.18,0.67,11.5
22,2015-04-03,Tom Brown,James Cobb,50,2470,IM,0,2119,12.3,0.12,11.5
23,2015-04-04,Tom Brown,Nigel Ralphs,224,2000,,1,2124,12.98,0.68,12.5
24,2015-04-04,Tom Brown,"Van Kemenade, Rudy",NA,2045,,1,2130,13.6,0.62,13.5
25,2015-04-05,Tom Brown,Sven Zeidler,NA,2255,,1,2141,13.93,0.33,14.5
26,2015-04-06,Tom Brown,Jonathon Lb Blackburn,NA,2146,,1,2149,14.41,0.48,15.5
27,2015-04-06,Tom Brown,Tim Kett,151,2313,,1,2161,14.67,0.26,16.5
28,2015-05-02,Tom Brown,Chris Fegan,NA,2178,,0,2154,15.11,0.44,16.5
29,2015-05-03,Tom Brown,Roger D de Coverly,NA,2170,,1,2163,15.56,0.45,17.5
30,2015-05-04,Tom Brown,Stewart Reuben,NA,2098,,0,2154,16.11,0.55,17.5
31,2015-05-10,Tom Brown,Andrew Gibbons,NA,1983,,0,2142,0.73,0.73,0
1,2015-01-20,Tom Martin,Robert Peters,214,1170,E1,0,965,0.24,0.24,0
1,2015-01-13,Tom Stanton,Akshara Nagaruru,195,850,E1,0,972,0.69,0.69,0
2,2015-02-03,Tom Stanton,Connor Evans,81,850,E1,1,982,1.38,0.69,1
3,2015-02-24,Tom Stanton,Sam Thomas,276,1136,E1,0,972,1.69,0.31,1
4,2015-03-02,Tom Stanton,Callum Smith,254,850,E1,1,982,2.38,0.69,2
5,2015-03-03,Tom Stanton,Rohan Oruganti,201,850,E1,1,992,3.07,0.69,3
6,2015-03-10,Tom Stanton,Sam Thomas,276,1136,E1,0,982,3.38,0.31,3
7,2015-03-24,Tom Stanton,Cian Grattidge,98,945,E1,0,964,3.95,0.57,3
8,2015-04-07,Tom Stanton,Richard Godfrey,92,1169,E1,1,987,4.22,0.27,4
9,2015-04-14,Tom Stanton,Neil Stevenson,NA,1014,G1,0,972,4.69,0.47,4
10,2015-05-13,Tom Stanton,Dafydd Chapman,36,850,E1,0,950,5.38,0.69,4
1,2015-01-07,Tony Gutteridge,Conor Hunt,122,1700,E1,0,1595,0.37,0.37,0
2,2015-01-12,Tony Gutteridge,Rod Gough,94,1820,E1,0,1590,0.59,0.22,0
3,2015-01-19,Tony Gutteridge,Alun Howell,116,1751,E1,0,1583,0.89,0.3,0
4,2015-01-26,Tony Gutteridge,Steve Lindsay,162,1687,E1,0.5,1586,1.27,0.38,0.5
5,2015-02-16,Tony Gutteridge,Edward Donovan,75,1700,E1,0,1577,1.64,0.37,0.5
6,2015-03-09,Tony Gutteridge,Simon Richardson,233,1734,E1,0.5,1581,1.96,0.32,1
7,2015-03-17,Tony Gutteridge,Mark Jones,139,1654,E1,0.5,1583,2.39,0.43,1.5
8,2015-03-23,Tony Gutteridge,Bill Hunt,121,1838,E1,0,1578,2.59,0.2,1.5
9,2015-03-24,Tony Gutteridge,Mark Janas,132,1745,E1,0,1570,2.9,0.31,1.5
10,2015-04-13,Tony Gutteridge,J Lavender,NA,1904,G1,0,1567,3.04,0.14,1.5
11,2015-04-20,Tony Gutteridge,Roy Thomas,275,1700,E2,0,1558,3.41,0.37,1.5
1,2014-11-17,Varun Varma,Peter Singh,NA,1498,ECF,1,1770,0.83,0.83,1
2,2014-12-09,Varun Varma,Peter Nixon,NA,1530,ECF,1,1775,1.63,0.8,2
3,2015-02-04,Varun Varma,Ikechukwu Ezeanya,NA,2000,Est,0,1770,1.83,0.2,2
4,2015-02-21,Varun Varma,Isabel Acland,NA,1586,ECF,1,1776,2.57,0.74,3
5,2015-02-21,Varun Varma,Rowan Swiers,NA,1722,ECF,0,1763,3.13,0.56,3
6,2015-02-21,Varun Varma,Katerina Jarskaia,NA,1610,Est,1,1770,3.84,0.71,4
7,2015-02-22,Varun Varma,Joel Wagg,NA,1810,ECF,0,1759,4.28,0.44,4
8,2015-02-22,Varun Varma,Sebastian Hay,NA,1562,W1,1,1765,5.04,0.76,5
9,2015-03-10,Varun Varma,Adam Trailor,NA,1634,ECF,1,1773,5.72,0.68,6
10,2015-04-14,Varun Varma,Phil Maddocks,NA,1714,ECF,1,1783,6.29,0.57,7
1,2015-02-25,Vaseekaran Sivarajasingam,Ionut Dragan,76,1200,E1,1,1571,0.9,0.9,1
2,2015-03-16,Vaseekaran Sivarajasingam,Mike Joslin,142,1400,E1,0.5,1564,1.62,0.72,1.5
3,2015-04-20,Vaseekaran Sivarajasingam,Kevin Gandy,89,1602,E1,0.5,1566,2.07,0.45,2
1,2014-12-13,Venetia Sivarajasingam,Amardip Ahluwalia,NA,1826,ECF,0.5,1671,0.29,0.29,0.5
2,2014-12-13,Venetia Sivarajasingam,Peter J Watts,NA,1754,ECF,1,1686,0.67,0.38,1.5
3,2014-12-14,Venetia Sivarajasingam,David J Liu,NA,1914,ECF,0,1681,0.86,0.19,1.5
4,2014-12-14,Venetia Sivarajasingam,Jason Obihara,NA,1818,ECF,1,1698,1.16,0.3,2.5
5,2015-01-02,Venetia Sivarajasingam,Adam J May,NA,1948,W1,0,1694,1.32,0.16,2.5
6,2015-01-03,Venetia Sivarajasingam,Julie van Kemenade,NA,1786,D1,0,1686,1.66,0.34,2.5
7,2015-01-03,Venetia Sivarajasingam,Sam Jukes,144,1716,E1,0,1676,2.09,0.43,2.5
8,2015-01-04,Venetia Sivarajasingam,David Buttell,NA,1935,W1,0.5,1684,2.26,0.17,3
9,2015-01-05,Venetia Sivarajasingam,Andrew Di-Vetta,72,1691,E1,1,1697,2.72,0.46,4
10,2015-01-28,Venetia Sivarajasingam,Viv Martin,176,1616,E1,1,1707,3.29,0.57,5
11,2015-01-31,Venetia Sivarajasingam,Tom Brown,29,2132,E1,0,1705,3.39,0.1,5
12,2015-01-31,Venetia Sivarajasingam,Dave Williams,NA,1746,G1,1,1719,3.78,0.39,6
13,2015-02-01,Venetia Sivarajasingam,Rob Dineen,71,1899,E1,1,1738,3.98,0.2,7
14,2015-02-01,Venetia Sivarajasingam,Dave Turner,NA,1932,G1,0,1734,4.15,0.17,7
15,2015-02-21,Venetia Sivarajasingam,Rafpael Balouka-Myres,NA,1290,ECF,0,1713,5.05,0.9,7
16,2015-02-21,Venetia Sivarajasingam,Movses Shirinyan,NA,1042,ECF,1,1715,5.95,0.9,8
17,2015-02-21,Venetia Sivarajasingam,Georgia Headlong,NA,1266,ECF,0.5,1706,6.85,0.9,8.5
18,2015-02-22,Venetia Sivarajasingam,Christopher Burton,NA,1266,ECF,1,1708,7.75,0.9,9.5
19,2015-02-22,Venetia Sivarajasingam,Mulay Tejas,NA,1218,ECF,1,1710,8.65,0.9,10.5
20,2015-02-22,Venetia Sivarajasingam,Divyesh Bansai,NA,1458,ECF,1,1716,9.42,0.77,11.5
21,2015-02-25,Venetia Sivarajasingam,Sam Jukes,144,1716,E1,0,1706,9.85,0.43,11.5
22,2015-03-07,Venetia Sivarajasingam,Cameron Harris,NA,850,G1,1,1708,10.75,0.9,12.5
23,2015-03-07,Venetia Sivarajasingam,Nye Bradfield,24,923,E1,1,1710,11.65,0.9,13.5
24,2015-03-07,Venetia Sivarajasingam,Hiya Ray,228,1339,E2,1,1713,12.53,0.88,14.5
25,2015-03-08,Venetia Sivarajasingam,Nayana Kalavala,145,1045,E1,1,1716,13.43,0.9,15.5
26,2015-03-08,Venetia Sivarajasingam,Robert Goodwin,NA,1096,N1,1,1718,14.33,0.9,16.5
27,2015-03-08,Venetia Sivarajasingam,Neil Stevenson,NA,1014,G1,1,1720,15.23,0.9,17.5
28,2015-03-16,Venetia Sivarajasingam,Beryl Hughes,119,1523,E1,1,1726,0.76,0.76,1
29,2015-03-21,Venetia Sivarajasingam,Sanay Goyal,97,871,E1,1,1728,1.66,0.9,2
30,2015-03-21,Venetia Sivarajasingam,Chirag Guha,103,1761,E2,0,1718,2.1,0.44,2
31,2015-03-21,Venetia Sivarajasingam,Ben Thomas,273,1875,E1,0,1711,2.39,0.29,2
32,2015-03-22,Venetia Sivarajasingam,Mateusz Siedusewski,NA,1444,W1,0,1690,3.23,0.84,2
33,2015-04-03,Venetia Sivarajasingam,David Buttell,NA,1884,W2,0,1684,3.51,0.28,2
34,2015-04-03,Venetia Sivarajasingam,Roy Thomas,275,1790,E1,1,1698,3.91,0.4,3
35,2015-04-04,Venetia Sivarajasingam,Rob Dineen,71,1899,E1,0,1692,4.17,0.26,3
36,2015-04-04,Venetia Sivarajasingam,Sam Jukes,144,1716,E1,1,1704,4.68,0.51,4
37,2015-04-05,Venetia Sivarajasingam,Chirag Guha,103,1761,E2,0.5,1705,5.12,0.44,4.5
38,2015-04-06,Venetia Sivarajasingam,Matthew Carr,NA,1866,ECF,0,1698,5.42,0.3,4.5
39,2015-04-06,Venetia Sivarajasingam,Russell Dodington,74,1751,E1,1,1711,5.88,0.46,5.5
40,2015-04-20,Venetia Sivarajasingam,Chris Green,99,1587,E1,1,1719,6.56,0.68,6.5
41,2015-05-30,Venetia Sivarajasingam,Anisha Sawhney,NA,1370,ECF,1,1721,7.45,0.89,7.5
42,2015-05-30,Venetia Sivarajasingam,Leonora Ives,NA,1402,ECF,1,1724,8.32,0.87,8.5
43,2015-05-31,Venetia Sivarajasingam,Nichollas Vallis,NA,1674,ECF,1,1735,8.88,0.56,9.5
44,2015-05-31,Venetia Sivarajasingam,Benjamin Headlong,NA,1658,ECF,1,1745,9.47,0.59,10.5
1,2015-01-05,Viv Martin,Sam White,303,1570,E1,0,1603,0.56,0.56,0
2,2015-01-28,Viv Martin,Venetia Sivarajasingam,250,1666,E1,0,1592,0.99,0.43,0
3,2015-02-02,Viv Martin,Roger Phillips,215,1467,E1,0.5,1587,1.69,0.7,0.5
4,2015-02-09,Viv Martin,Clive Crowley,54,1441,E1,1,1594,2.42,0.73,1.5
5,2015-03-09,Viv Martin,Phil Smith,259,1491,E1,1,1602,3.09,0.67,2.5
6,2015-03-30,Viv Martin,Bill Wilkins,304,1425,E1,1,1608,3.84,0.75,3.5
7,2015-04-20,Viv Martin,Stephen Lambourne,154,1532,E1,1,1617,4.46,0.62,4.5
1,2015-01-14,Walter Braun,John Waterfield,NA,2062,,0.5,2232,0.73,0.73,0.5
2,2015-01-18,Walter Braun,William Hewitt,NA,2119,,1,2238,1.39,0.66,1.5
3,2015-01-21,Walter Braun,Peter Ehsandar,79,2049,,1,2242,2.14,0.75,2.5
4,2015-01-28,Walter Braun,Chris Fox,85,1901,,0.5,2236,3.02,0.88,3
5,2015-01-30,Walter Braun,Paul Bridges,26,1948,,1,2238,3.87,0.85,4
6,2015-01-31,Walter Braun,Dai James,129,1843,,1,2240,4.77,0.9,5
7,2015-01-31,Walter Braun,Tom Brown,29,2132,,1,2245,5.41,0.64,6
8,2015-02-01,Walter Braun,Richard S Jones,NA,2420,,1,2257,5.67,0.26,7
9,2015-02-01,Walter Braun,Tim Kett,151,2312,,0.5,2259,6.06,0.39,7.5
10,2015-02-11,Walter Braun,Lee Davis,67,2056,,0,2247,6.8,0.74,7.5
11,2015-02-23,Walter Braun,James Thomas,274,2016,,1,2251,7.58,0.78,8.5
12,2015-03-25,Walter Braun,Ioan Rees,230,2298,FM,0,2244,7.99,0.41,8.5
13,2015-03-30,Walter Braun,Lee Davis,67,2056,,1,2248,8.73,0.74,9.5
14,2015-04-08,Walter Braun,Alex Bullen,31,2163,,1,2255,9.33,0.6,10.5
15,2015-04-22,Walter Braun,Derek Jones,135,1965,,0,2241,10.16,0.83,10.5
16,2015-04-29,Walter Braun,Tim Kett,151,2313,,0.5,2243,10.55,0.39,11
17,2015-05-04,Walter Braun,David Llewellyn,163,1918,,0.5,2237,11.42,0.87,11.5
18,2015-06-03,Walter Braun,Chris Hooper,115,1391,,1,2239,12.32,0.9,12.5
19,2015-06-19,Walter Braun,Kenneth B Harman,NA,2050,,1,2243,13.06,0.74,13.5
20,2015-06-20,Walter Braun,Joseph A Coburn,NA,1786,,1,2245,13.96,0.9,14.5
21,2015-06-20,Walter Braun,Simon K Williams,NA,2426,GM,0,2241,14.21,0.25,14.5
22,2015-06-21,Walter Braun,Chris JV Bellers,NA,2138,,1,2246,14.85,0.64,15.5
23,2015-06-21,Walter Braun,Nicholas Pert,NA,2562,GM,0,2244,14.97,0.12,15.5
1,2015-01-06,Wayne James,James Evans,NA,1667,W1,0,1451,0.23,0.23,0
2,2015-01-15,Wayne James,Dennis Thomas,NA,1136,W1,1,1455,1.1,0.87,1
3,2015-01-27,Wayne James,Daniel Griffiths,102,1542,E1,0,1443,1.48,0.38,1
4,2015-01-29,Wayne James,Ken Huntley,NA,1376,W1,1,1455,2.09,0.61,2
5,2015-02-09,Wayne James,Adrian Davies,NA,1752,W1,0,1450,2.24,0.15,2
6,2015-02-12,Wayne James,Sam Jukes,144,1716,E1,0,1445,2.42,0.18,2
7,2015-02-16,Wayne James,Justin Morgans,189,1694,E1,0.5,1454,2.62,0.2,2.5
8,2015-02-26,Wayne James,Gruff Jones,137,1635,E1,0.5,1462,2.89,0.27,3
9,2015-03-05,Wayne James,Colin Chambers,NA,1225,W1,0.5,1452,3.69,0.8,3.5
10,2015-03-17,Wayne James,Hazel Brunker,30,1141,E1,0.5,1440,4.56,0.87,4
11,2015-03-23,Wayne James,Martin Ricketts,234,1444,E1,1,1455,5.08,0.52,5
12,2015-03-24,Wayne James,Dave Mahoney,173,1337,E1,0.5,1450,5.75,0.67,5.5
13,2015-03-30,Wayne James,Clive Silver,246,1514,E1,0,1437,6.17,0.42,5.5
14,2015-04-07,Wayne James,Chris Kavanagh,146,1224,E1,0.5,1427,6.97,0.8,6
15,2015-04-14,Wayne James,Gavin Williams,307,1658,E1,0,1419,7.21,0.24,6
16,2015-04-16,Wayne James,Mike Richards,NA,1334,W1,0.5,1414,7.88,0.67,6.5
17,2015-04-23,Wayne James,Richard Godfrey,92,1169,E1,1,1419,8.73,0.85,7.5
18,2015-05-04,Wayne James,Hiya Ray,228,1339,E2,1,1430,9.39,0.66,8.5
1,2015-01-05,Will Elworthy,Justin Morgans,189,1694,E1,0.5,1740,0.57,0.57,0.5
2,2015-02-16,Will Elworthy,Steve Woodrow,314,1722,E1,1,1752,1.1,0.53,1.5
1,2015-01-12,Will Harwood,Paul Tew,272,1955,E1,0,1739,0.23,0.23,0
2,2015-01-26,Will Harwood,Mike Servini,244,1603,E1,1,1747,0.92,0.69,1
3,2015-02-02,Will Harwood,Justin Morgans,189,1694,E1,1,1757,1.49,0.57,2
4,2015-02-23,Will Harwood,Damon Davies,59,1766,E1,1,1770,1.96,0.47,3
5,2015-03-02,Will Harwood,Calum Harris,108,1801,E1,0,1760,2.38,0.42,3
6,2015-03-17,Will Harwood,Simon Blackmore,19,1760,E1,1,1772,2.86,0.48,4
7,2015-03-23,Will Harwood,Matthew Wilson,313,1748,E1,0,1760,3.36,0.5,4
8,2015-04-02,Will Harwood,Guy Wagner,292,1836,E1,1,1775,3.73,0.37,5
9,2015-04-13,Will Harwood,Alex Kenealy,150,1640,E1,0,1760,4.37,0.64,5
10,2015-04-14,Will Harwood,Neil Stuart,267,1799,E1,0,1750,4.79,0.42,5
11,2015-05-11,Will Harwood,Anthony Baker,10,1626,E1,0,1734,5.45,0.66,5
1,2015-01-12,Windsor Lewis,Hiya Ray,228,1271,E1,0,1113,0.3,0.3,0
2,2015-01-15,Windsor Lewis,Ken Hannah,106,1759,E1,0.5,1126,0.4,0.1,0.5
3,2015-01-26,Windsor Lewis,Laurence Matuszczyk,178,1151,E1,0,1111,0.86,0.46,0.5
4,2015-02-12,Windsor Lewis,Martin Ricketts,234,1444,E1,0.5,1123,0.99,0.13,1
5,2015-03-03,Windsor Lewis,Duncan MacDonald,170,1232,E1,0,1112,1.34,0.35,1
6,2015-04-20,Windsor Lewis,Mike Colwill,51,1024,E1,1,1124,1.98,0.64,2
7,2015-04-23,Windsor Lewis,Steve Cunliffe,56,1974,E1,0.5,1136,2.08,0.1,2.5
8,2015-05-07,Windsor Lewis,Pagona Mavroyenneas,180,850,E1,1,1142,2.91,0.83,3.5
