Date,Player1,Player2,OppKey,OppRating_Display,RatingType,Result,New,Tot,Exp,Pts
2025-02-02,Jose Camacho Collados,Roy Phillips,w1 roy phillips,2167,W1,1,2420,0.81,0.81,1
2025-02-15,Jose Camacho Collados,Frankie Badacsonyi,NA,2278,ENG,1,2423,1.5,0.69,2
2025-02-16,Jose Camacho Collados,Harry Grieve,NA,2456,ENG,0,2419,1.95,0.45,2
2025-02-18,Jose Camacho Collados,Jainill Vadalia,NA,1991,ENG,0.5,2415,2.85,0.9,2.5
2025-02-18,Jose Camacho Collados,Alex Freeland,e1 alex freeland,2082,E1,1,2416,3.72,0.87,3.5
2025-02-19,Jose Camacho Collados,Matthias Prof. Dr. Kiese,NA,2109,EST,1,2417,4.58,0.86,4.5
2025-02-20,Jose Camacho Collados,David J Spence,NA,2297,ENG,0,2411,5.25,0.67,4.5
2025-02-20,Jose Camacho Collados,Tim Elgar,NA,2186,ENG,0.5,2408,6.04,0.79,5
2025-02-21,Jose Camacho Collados,Lorenzo Fava,NA,2385,ENG,0.5,2407,6.59,0.55,5.5
2025-02-22,Jose Camacho Collados,Callum D Brewer,NA,2218,ENG,0.5,2405,7.35,0.76,6
2025-02-22,Jose Camacho Collados,Matthew P Dignam,NA,2247,ENG,0,2397,8.08,0.73,6
2025-02-23,Jose Camacho Collados,Dildarav Lishoy Gengis Paratazham,NA,2103,ENG,0.5,2394,8.94,0.86,6.5
2025-04-18,Jose Camacho Collados,Joe Fathallah,e1 joe fathallah,2043,E1,1,2395,9.84,0.9,7.5
2025-04-18,Jose Camacho Collados,Bence Szakmany,e1 bence szakmany,1969,E1,1,2396,10.74,0.9,8.5
2025-04-19,Jose Camacho Collados,Tim Kett,e1 tim kett,2209,E1,1,2398,11.51,0.77,9.5
2025-04-19,Jose Camacho Collados,Iwan Cave,n1 iwan cave,2213,N1,0.5,2395,12.27,0.76,10
2025-04-20,Jose Camacho Collados,Jonathan LB Blackburn,g1 jonathan lb blackburn,2291,G1,1,2399,12.95,0.68,11
2025-04-21,Jose Camacho Collados,Grzegorz Toczek,e1 grzegorz toczek,2300,E1,1,2402,13.61,0.66,12
2025-04-21,Jose Camacho Collados,Alex Freeland,e1 alex freeland,2082,E1,1,2403,14.48,0.87,13
2025-05-03,Jose Camacho Collados,Jonah B Willow,NA,2521,ENG,0.5,2405,14.84,0.36,13.5
2025-05-04,Jose Camacho Collados,Ezra Kirk,NA,2478,ENG,1,2411,15.25,0.41,14.5
2025-05-05,Jose Camacho Collados,Jonathan W Rogers,NA,2339,ENG,1,2414,15.86,0.61,15.5
2025-05-11,Jose Camacho Collados,Alex Bullen,e1 alex bullen,2241,E1,1,2417,16.59,0.73,16.5
2025-05-26,Jose Camacho Collados,Audrey Kueh,NA,2159,ENG,1,2419,17.41,0.82,17.5
2025-05-26,Jose Camacho Collados,Jose Fernando Cuerca Jimenez,NA,2487,FIDE,0.5,2420,17.81,0.4,18
2025-05-27,Jose Camacho Collados,Ameet K Ghasi,NA,2575,ENG,0.5,2422,18.1,0.29,18.5
2025-05-28,Jose Camacho Collados,Sergei Tiviakov,NA,2606,ENG,0.5,2425,18.35,0.25,19
2025-05-28,Jose Camacho Collados,Liam D Varnam,NA,2227,ENG,1,2427,19.1,0.75,20
2025-05-29,Jose Camacho Collados,Mathhew J Wadsworth,NA,2575,ENG,1,2434,19.39,0.29,21
2025-05-30,Jose Camacho Collados,Marcos Camacho Collados,NA,2462,FIDE,0.5,2435,19.83,0.44,21.5
2025-05-30,Jose Camacho Collados,Jonah B Willow,NA,2490,ENG,0.5,2436,20.23,0.4,22
2025-05-31,Jose Camacho Collados,Marin Bosiocic,NA,2507,ENG,0,2432,20.6,0.37,22
2025-01-08,Ioan Rees,Daniel M Lambourne,NA,2070,ENG,1,2351,0.83,0.83,1
2025-01-25,Ioan Rees,Tanmay Chopra,NA,2430,ENG,0.5,2352,1.22,0.39,1.5
2025-01-26,Ioan Rees,Theo Khoury,NA,2264,ENG,1,2356,1.84,0.62,2.5
2025-01-27,Ioan Rees,Philip Purcell,NA,2108,ENG,1,2358,2.64,0.8,3.5
2025-02-11,Ioan Rees,Tom Junde He,NA,2235,ENG,1,2361,3.3,0.66,4.5
2025-02-15,Ioan Rees,Maxim Dunn,NA,2151,ENG,1,2363,4.06,0.76,5.5
2025-02-16,Ioan Rees,Jude Shearsby,NA,2302,ENG,1,2368,4.63,0.57,6.5
2025-02-24,Ioan Rees,Daniel H Fernandez,NA,2603,ENG,0,2366,4.82,0.19,6.5
2025-05-03,Ioan Rees,Adithya Vaidyanathan,NA,2263,ENG,1,2370,5.44,0.62,7.5
2025-05-04,Ioan Rees,John R Richardson,NA,2311,ENG,0,2364,5.99,0.55,7.5
2025-05-05,Ioan Rees,Tim P Wall,NA,2270,ENG,0.5,2363,6.6,0.61,8
2025-01-06,Richard Dineley,Paul Evans,NA,1981,ENG,1,2314,0.87,0.87,1
2025-01-21,Richard Dineley,Charles F Morris,n1 charles f morris,2123,N1,0.5,2312,1.62,0.75,1.5
2025-01-28,Richard Dineley,Jeff Smith,NA,2092,ENG,1,2314,2.4,0.78,2.5
2025-02-03,Richard Dineley,Geoffery Sage,NA,1966,ENG,1,2315,3.28,0.88,3.5
2025-02-10,Richard Dineley,Steve Kee,NA,2130,ENG,0.5,2313,4.02,0.74,4
2025-02-11,Richard Dineley,Steve Kee,NA,2130,ENG,0.5,2310,4.76,0.74,4.5
2025-02-17,Richard Dineley,Gary Quillan,NA,2373,ENG,0,2306,5.17,0.41,4.5
2025-02-18,Richard Dineley,Denys Podcherniaeva,n1 denys podcherniaeva,1874,N1,1,2307,6.07,0.9,5.5
2025-02-25,Richard Dineley,Roger Winterburn,n1 roger winterburn,1878,N1,1,2308,6.97,0.9,6.5
2025-04-01,Richard Dineley,Lucas Ofubu,NA,1873,ENG,1,2309,7.87,0.9,7.5
2025-04-14,Richard Dineley,Roger Williamson,NA,2290,ENG,0.5,2309,8.4,0.53,8
2025-04-22,Richard Dineley,Bahkti Vasiev,NA,1890,ENG,1,2310,9.3,0.9,9
2025-04-24,Richard Dineley,Paul Evans,NA,1992,ENG,1,2311,10.16,0.86,10
2025-01-17,Grzegorz Toczek,David Robinson,e1 david robinson,1898,E1,1,2301,0.9,0.9,1
2025-01-18,Grzegorz Toczek,George Turner,e1 george turner,1984,E1,0,2292,1.76,0.86,1
2025-01-18,Grzegorz Toczek,Darson Beeston,w1 darson beeston,1741,W1,1,2293,2.66,0.9,2
2025-01-19,Grzegorz Toczek,Tom Brown,e1 tom brown,2155,E1,1,2296,3.36,0.7,3
2025-01-19,Grzegorz Toczek,Adam Musson,w1 adam musson,2014,W1,1,2298,4.2,0.84,4
2025-02-02,Grzegorz Toczek,Alexis Harakis,d1 alexis harakis,2292,D1,0,2293,4.71,0.51,4
2025-02-15,Grzegorz Toczek,David Norris,g1 david norris,1661,G1,1,2294,5.61,0.9,5
2025-02-15,Grzegorz Toczek,Joseph Browse,e1 joseph browse,1825,E1,1,2295,6.51,0.9,6
2025-02-16,Grzegorz Toczek,Mark Reckless,e1 mark reckless,1536,E1,1,2296,7.41,0.9,7
2025-02-16,Grzegorz Toczek,Bence Szakmany,e1 bence szakmany,1969,E1,1,2297,8.28,0.87,8
2025-04-18,Grzegorz Toczek,Sam Jukes,e1 sam jukes,2013,E1,1,2299,9.12,0.84,9
2025-04-18,Grzegorz Toczek,Iwan Cave,n1 iwan cave,2213,N1,0,2293,9.74,0.62,9
2025-04-19,Grzegorz Toczek,Adam Musson,w1 adam musson,2014,W1,1,2294,10.58,0.84,10
2025-04-19,Grzegorz Toczek,John McGregor,e1 john mcgregor,1921,E1,1,2295,11.48,0.9,11
2025-04-20,Grzegorz Toczek,Alex Freeland,e1 alex freeland,2082,E1,1,2297,12.26,0.78,12
2025-04-21,Grzegorz Toczek,Jose Camacho Collados,e1 jose camacho collados,2418,E1,0,2294,12.6,0.34,12
2025-04-21,Grzegorz Toczek,Tim Kett,e1 tim kett,2209,E1,1,2298,13.23,0.63,13
2025-01-05,Alexis Harakis,Roy Phillips,NA,2167,ENG,0,2285,0.67,0.67,0
2025-02-02,Alexis Harakis,Grzegorz Toczek,e1 grzegorz toczek,2300,E1,1,2290,1.16,0.49,1
2025-02-07,Alexis Harakis,Tim R Spanton,NA,1992,ENG,1,2292,2.01,0.85,2
2025-02-08,Alexis Harakis,Rudy van Kemenade,n1 rudy van kemenade,1946,N1,1,2293,2.89,0.88,3
2025-02-08,Alexis Harakis,Adam Woodruff,w1 adam woodruff,1991,W1,0,2285,3.74,0.85,3
2025-02-09,Alexis Harakis,Calum Salmons,d1 calum salmons,2218,D1,0.5,2284,4.34,0.6,3.5
2025-02-09,Alexis Harakis,Scott Hammett,d1 scott hammett,1802,D1,1,2285,5.24,0.9,4.5
2025-04-18,Alexis Harakis,Rudy van Kemenade,n1 rudy van kemenade,1946,N1,1,2286,6.12,0.88,5.5
2025-04-18,Alexis Harakis,Alan Spice,e1 alan spice,2050,E1,0.5,2283,6.92,0.8,6
2025-04-19,Alexis Harakis,Iwan Cave,n1 iwan cave,2213,N1,0,2277,7.53,0.61,6
2025-04-19,Alexis Harakis,Alan Young,w1 alan young,2016,W1,1,2278,8.36,0.83,7
2025-04-20,Alexis Harakis,Georgi Korovski,e1 georgi korovski,1950,E1,1,2280,9.24,0.88,8
2025-04-21,Alexis Harakis,Alex Freeland,e1 alex freeland,2082,E1,0,2272,10.01,0.77,8
2025-04-21,Alexis Harakis,Alex Bullen,e1 alex bullen,2241,E1,0,2266,10.58,0.57,8
2025-05-11,Alexis Harakis,Bence Szakmany,e1 bence szakmany,1969,E1,1,2267,11.45,0.87,9
2025-01-25,Jonathan LB Blackburn,Daniel GH Gallagher,NA,2284,ENG,0.5,2291,0.51,0.51,0.5
2025-01-26,Jonathan LB Blackburn,Dimitrios Levon Zakarian,NA,2107,ENG,0.5,2288,1.25,0.74,1
2025-02-15,Jonathan LB Blackburn,James Cole,NA,2132,ENG,1,2291,1.96,0.71,2
2025-02-16,Jonathan LB Blackburn,Javier Veldepenas Octvio,NA,2269,ENG,0.5,2291,2.49,0.53,2.5
2025-02-11,Jonathan LB Blackburn,Michael L Hancock,NA,1982,ENG,1,2292,3.35,0.86,3.5
2025-02-18,Jonathan LB Blackburn,Richard WY Lee,NA,2133,ENG,1,2295,4.06,0.71,4.5
2025-03-11,Jonathan LB Blackburn,Lee Farrington,NA,2037,ENG,1,2297,4.87,0.81,5.5
2025-04-05,Jonathan LB Blackburn,Adam A Taylor,NA,2356,ENG,1,2303,5.28,0.41,6.5
2025-04-06,Jonathan LB Blackburn,Edward Jackson,NA,2264,ENG,0,2298,5.82,0.54,6.5
2025-04-01,Jonathan LB Blackburn,Karl Lockett,NA,1870,ENG,1,2299,6.72,0.9,7.5
2025-04-08,Jonathan LB Blackburn,Richard WY Lee,NA,2131,ENG,1,2302,7.44,0.72,8.5
2025-04-18,Jonathan LB Blackburn,Michael Binks,e1 michael binks,1960,E1,1,2303,8.31,0.87,9.5
2025-04-18,Jonathan LB Blackburn,Adam Musson,w1 adam musson,2014,W1,0.5,2300,9.14,0.83,10
2025-04-19,Jonathan LB Blackburn,Alan Young,w1 alan young,2016,W1,1,2301,9.97,0.83,11
2025-04-19,Jonathan LB Blackburn,Alex Bullen,e1 alex bullen,2241,E1,0.5,2301,10.54,0.57,11.5
2025-04-20,Jonathan LB Blackburn,Jose Camacho Collados,e1 jose camacho collados,2418,E1,0,2297,10.86,0.32,11.5
2025-04-21,Jonathan LB Blackburn,Sam Jukes,e1 sam jukes,2013,E1,1,2299,11.69,0.83,12.5
2025-04-21,Jonathan LB Blackburn,Iwan Cave,n1 iwan cave,2213,N1,0.5,2298,12.3,0.61,13
2025-05-10,Jonathan LB Blackburn,Mark Bastow,n1 mark bastow,1977,N1,1,2299,13.16,0.86,14
2025-05-10,Jonathan LB Blackburn,Andrew Savage,NA,1971,ENG,1,2301,14.02,0.86,15
2025-05-11,Jonathan LB Blackburn,Harry Grieve,NA,2563,ENG,0.5,2304,14.19,0.17,15.5
2025-05-11,Jonathan LB Blackburn,Mike J Surtees,NA,2150,ENG,0.5,2302,14.88,0.69,16
2025-06-27,Jonathan LB Blackburn,Alex Webster,NA,1951,ENG,1,2303,15.76,0.88,17
2025-06-28,Jonathan LB Blackburn,Sai Vaddhireddy,NA,1968,ENG,0.5,2300,16.63,0.87,17.5
2025-06-28,Jonathan LB Blackburn,Peter Ackley,NA,1986,ENG,1,2301,17.48,0.85,18.5
2025-06-29,Jonathan LB Blackburn,Jacob Boswell,NA,2252,ENG,0.5,2301,18.04,0.56,19
2025-06-29,Jonathan LB Blackburn,Daniel Gomez,NA,2009,ENG,1,2302,18.88,0.84,20
2025-04-09,Elijah Everett,Chris Wescomb,n1 chris wescomb,1828,N1,1,2282,0.9,0.9,1
2025-01-18,Ifan Rathbone-Jones,Dave Turner,g1 dave turner,1915,G1,1,2271,0.89,0.89,1
2025-01-18,Ifan Rathbone-Jones,Adam May,w1 adam may,1921,W1,0.5,2267,1.77,0.88,1.5
2025-01-19,Ifan Rathbone-Jones,Sam Jukes,e1 sam jukes,2013,E1,1,2269,2.58,0.81,2.5
2025-01-19,Ifan Rathbone-Jones,Allan Pleasants,e1 allan pleasants,2060,E1,1,2271,3.35,0.77,3.5
2025-01-27,Ifan Rathbone-Jones,David Llewellyn,e1 david llewellyn,1954,E1,1,2273,4.21,0.86,4.5
2025-02-15,Ifan Rathbone-Jones,John Cooper,NA,2243,ENG,1,2277,4.75,0.54,5.5
2025-02-16,Ifan Rathbone-Jones,David Ireland,NA,1968,ENG,1,2279,5.6,0.85,6.5
2025-02-24,Ifan Rathbone-Jones,Justin Morgans,e1 justin morgans,1746,E1,1,2280,6.5,0.9,7.5
2025-03-08,Ifan Rathbone-Jones,Roy Thomas,e1 roy thomas,1901,E1,1,2281,7.39,0.89,8.5
2025-03-08,Ifan Rathbone-Jones,Dai James,e1 dai james,1872,E1,1,2282,8.29,0.9,9.5
2025-03-09,Ifan Rathbone-Jones,Guy Wagner,e1 guy wagner,1832,E1,1,2283,9.19,0.9,10.5
2025-03-09,Ifan Rathbone-Jones,Bence Szakmany,e1 bence szakmany,1969,E1,0.5,2280,10.04,0.85,11
2025-03-15,Ifan Rathbone-Jones,Joseph Browse,e1 joseph browse,1825,E1,1,2281,10.94,0.9,12
2025-03-15,Ifan Rathbone-Jones,Tim Kett,e1 tim kett,2209,E1,0.5,2280,11.53,0.59,12.5
2025-03-15,Ifan Rathbone-Jones,Joshua McKenna,e1 joshua mckenna,1801,E1,1,2281,12.43,0.9,13.5
2025-03-31,Ifan Rathbone-Jones,Dave Parsons,e1 dave parsons,1809,E1,1,2282,13.33,0.9,14.5
2025-04-12,Ifan Rathbone-Jones,Callum Brewer,NA,2223,ENG,0.5,2281,13.9,0.57,15
2025-04-13,Ifan Rathbone-Jones,Maria-Alexander Ciocan,NA,2130,ENG,1,2284,14.59,0.69,16
2025-05-03,Ifan Rathbone-Jones,Martin Burrows,NA,2165,ENG,1,2288,15.24,0.65,17
2025-05-04,Ifan Rathbone-Jones,Adrian Elwin,NA,2001,ENG,1,2289,16.06,0.82,18
2025-05-05,Ifan Rathbone-Jones,Silverio Abasolo,NA,2229,ENG,1,2294,16.62,0.56,19
2025-05-07,Ifan Rathbone-Jones,Jake Hurley,e1 jake hurley,1941,E1,0,2285,17.49,0.87,19
2025-03-26,Alex Bullen,Derek Jones,e1 derek jones,1944,E1,0.5,2238,0.85,0.85,0.5
2025-04-02,Alex Bullen,Tom Brown,e1 tom brown,2155,E1,0.5,2236,1.47,0.62,1
2025-04-05,Alex Bullen,Dildarav Lishoy Gengis Paratazham,NA,2152,ENG,0.5,2235,2.1,0.63,1.5
2025-04-06,Alex Bullen,Adam G Ashton,NA,2326,ENG,0.5,2236,2.48,0.38,2
2025-04-18,Alex Bullen,Lee Davis,e1 lee davis,2100,E1,0.5,2234,3.17,0.69,2.5
2025-04-18,Alex Bullen,Allan Pleasants,e1 allan pleasants,2060,E1,1,2237,3.91,0.74,3.5
2025-04-19,Alex Bullen,Alan Spice,e1 alan spice,2050,E1,1,2239,4.66,0.75,4.5
2025-04-19,Alex Bullen,Jonathan LB Blackburn,g1 jonathan lb blackburn,2291,G1,0.5,2240,5.09,0.43,5
2025-04-20,Alex Bullen,Iwan Cave,n1 iwan cave,2213,N1,0,2235,5.63,0.54,5
2025-04-21,Alex Bullen,Bence Szakmany,e1 bence szakmany,1969,E1,0.5,2231,6.46,0.83,5.5
2025-04-21,Alex Bullen,Alexis Harakis,d1 alexis harakis,2292,D1,1,2237,6.89,0.43,6.5
2025-04-23,Alex Bullen,Ivan De La Cruz,e1 ivan de la cruz,2110,E1,0.5,2235,7.57,0.68,7
2025-05-03,Alex Bullen,Andrew I Paterson,NA,2045,ENG,0.5,2233,8.33,0.76,7.5
2025-05-04,Alex Bullen,Neil H Bradbury,NA,2240,ENG,0,2228,8.83,0.5,7.5
2025-05-05,Alex Bullen,Andrew Burnett,NA,2256,ENG,0,2223,9.31,0.48,7.5
2025-05-07,Alex Bullen,Jonathan Gilbert,g1 jonathan gilbert,2038,G1,0.5,2220,10.07,0.76,8
2025-05-11,Alex Bullen,Jose Camacho Collados,e1 jose camacho collados,2418,E1,0,2218,10.34,0.27,8
2025-05-20,Alex Bullen,Tim Kett,e1 tim kett,2209,E1,0.5,2217,10.89,0.55,8.5
2025-05-29,Alex Bullen,Arvin Plaumann,NA,1920,FIDE,0,2209,11.75,0.86,8.5
2025-05-29,Alex Bullen,Minh An Nguyen,NA,1747,FIDE,0.5,2205,12.65,0.9,9
2025-05-30,Alex Bullen,Louis Nopper,NA,1897,FIDE,1,2206,13.53,0.88,10
2025-05-30,Alex Bullen,Ingo Albert,NA,1947,FIDE,1,2207,14.37,0.84,11
2025-05-31,Alex Bullen,Maximilian Steigleder,NA,1930,FIDE,1,2209,15.23,0.86,12
2025-05-31,Alex Bullen,Oleg Derr,NA,2103,FIDE,0.5,2207,15.92,0.69,12.5
2025-06-01,Alex Bullen,Tymur Muslienko,NA,2115,FIDE,0.5,2205,16.59,0.67,13
2025-02-09,Calum Salmons,Alexis Harakis,d1 alexis harakis,2292,D1,0.5,2219,0.4,0.4,0.5
2025-02-07,Calum Salmons,Paolo Ingignoli,d1 paolo ingignoli,1813,D1,1,2220,1.3,0.9,1.5
2025-02-08,Calum Salmons,Adam Woodruff,w1 adam woodruff,1991,W1,0,2212,2.09,0.79,1.5
2025-02-08,Calum Salmons,Dai James,e1 dai james,1872,E1,1,2213,2.97,0.88,2.5
2025-02-09,Calum Salmons,Gareth Harding,e1 gareth harding,1723,E1,1,2214,3.87,0.9,3.5
2025-01-07,Iwan Cave,Theo Horne,NA,1753,ENG,1,2214,0.9,0.9,1
2025-01-11,Iwan Cave,Alec Hedger,NA,2059,ENG,0.5,2212,1.61,0.71,1.5
2025-01-12,Iwan Cave,Edgar Wilson,NA,1977,ENG,0.5,2209,2.41,0.8,2
2025-01-14,Iwan Cave,Peter Anderson,NA,2107,ENG,1,2212,3.06,0.65,3
2025-02-03,Iwan Cave,Raivan Huneewooth,NA,2003,ENG,1,2215,3.83,0.77,4
2025-02-12,Iwan Cave,Jaimie Wilson,NA,2152,ENG,0,2209,4.42,0.59,4
2025-02-25,Iwan Cave,Andrey Tsvetkov,NA,2422,FIDE,0.5,2212,4.65,0.23,4.5
2025-02-26,Iwan Cave,Khumoyun Begmuratov,NA,2409,FIDE,0,2209,4.89,0.24,4.5
2025-02-27,Iwan Cave,Mateu Boci,NA,2312,FIDE,1,2216,5.25,0.36,5.5
2025-02-28,Iwan Cave,Felix-Antonio Ilinca,NA,2412,FIDE,0.5,2218,5.49,0.24,6
2025-03-01,Iwan Cave,Tahsin Zia,NA,2323,FIDE,0,2215,5.84,0.35,6
2025-03-02,Iwan Cave,Paul Peglau,NA,1951,FIDE,0,2206,6.66,0.82,6
2025-03-03,Iwan Cave,Dumar Vihaan,NA,2014,FIDE,0,2199,7.42,0.76,6
2025-03-04,Iwan Cave,Jamie Conley,NA,1853,FIDE,0.5,2195,8.31,0.89,6.5
2025-03-05,Iwan Cave,Michael Burns,NA,1983,FIDE,0,2187,9.1,0.79,6.5
2025-03-06,Iwan Cave,Andrej Pepdjonovic,NA,1649,FIDE,1,2188,10,0.9,7.5
2025-03-07,Iwan Cave,Maupeou De,NA,1852,FIDE,1,2189,10.89,0.89,8.5
2025-03-11,Iwan Cave,Roland Bezuidenhout,NA,2384,ENG,0,2187,11.16,0.27,8.5
2025-04-01,Iwan Cave,Christian Westbrook,NA,1837,ENG,1,2188,12.06,0.9,9.5
2025-04-02,Iwan Cave,Steven Jones,NA,2291,ENG,0,2184,12.45,0.39,9.5
2025-04-12,Iwan Cave,Rhys Cumming,NA,2339,ENG,0,2180,12.78,0.33,9.5
2025-04-13,Iwan Cave,Peter Kemp,NA,2124,ENG,0.5,2179,13.41,0.63,10
2025-04-15,Iwan Cave,Graham Stuart,NA,1856,ENG,1,2180,14.3,0.89,11
2025-04-18,Iwan Cave,Dave Turner,g1 dave turner,1915,G1,1,2182,15.15,0.85,12
2025-04-19,Iwan Cave,Grzegorz Toczek,e1 grzegorz toczek,2300,E1,1,2188,15.53,0.38,13
2025-04-19,Iwan Cave,Alexis Harakis,d1 alexis harakis,2292,D1,1,2194,15.92,0.39,14
2025-04-20,Iwan Cave,Jose Camacho Collados,e1 jose camacho collados,2418,E1,0.5,2197,16.16,0.24,14.5
2025-04-20,Iwan Cave,Alex Bullen,e1 alex bullen,2241,E1,1,2202,16.62,0.46,15.5
2025-04-21,Iwan Cave,Tim Kett,e1 tim kett,2209,E1,1,2207,17.13,0.51,16.5
2025-04-21,Iwan Cave,Jonathan LB Blackburn,g1 jonathan lb blackburn,2291,G1,0.5,2208,17.52,0.39,17
2025-05-03,Iwan Cave,Alan Byron,NA,2110,ENG,1,2212,18.16,0.64,18
2025-05-05,Iwan Cave,Tom Farrand,NA,2159,ENG,1,2216,18.74,0.58,19
2025-05-27,Iwan Cave,Simon Venables,NA,1942,ENG,1,2218,19.57,0.83,20
2025-05-29,Iwan Cave,William Purkiss,NA,1891,ENG,1,2219,20.43,0.86,21
2025-06-24,Iwan Cave,Matt Staniforth,e1 matt staniforth,1999,E1,1,2221,21.2,0.77,22
2025-01-03,Tim Kett,Phil Zabrocki,NA,1984,ENG,0.5,2206,0.79,0.79,0.5
2025-01-04,Tim Kett,Martin Burns,NA,1944,ENG,1,2208,1.61,0.82,1.5
2025-01-04,Tim Kett,Andrew McCumiskey,NA,2113,ENG,1,2212,2.24,0.63,2.5
2025-01-05,Tim Kett,Tomsz Sygnowski,NA,2252,ENG,0.5,2212,2.68,0.44,3
2025-01-05,Tim Kett,Mike Surtees,NA,2126,ENG,1,2216,3.3,0.62,4
2025-01-09,Tim Kett,Adam Musson,w1 adam musson,2014,W1,1,2218,4.05,0.75,5
2025-01-11,Tim Kett,Cory S Hazlehurst,NA,2089,ENG,0.5,2217,4.72,0.67,5.5
2025-01-12,Tim Kett,Ian A Robson,NA,2201,ENG,0.5,2217,5.23,0.51,6
2025-01-18,Tim Kett,Emma Kong,e1 emma kong,1946,E1,0,2209,6.05,0.82,6
2025-01-18,Tim Kett,Chris Dixon,g1 chris dixon,1849,G1,1,2210,6.94,0.89,7
2025-01-19,Tim Kett,Roy Thomas,e1 roy thomas,1901,E1,1,2211,7.79,0.85,8
2025-01-19,Tim Kett,Danylo Shevchenko,e1 danylo shevchenko,1667,E1,1,2212,8.69,0.9,9
2025-01-27,Tim Kett,Jonathan Gilbert,g1 jonathan gilbert,2038,G1,0.5,2210,9.42,0.73,9.5
2025-02-02,Tim Kett,Adam Musson,w1 adam musson,2014,W1,1,2212,10.17,0.75,10.5
2025-02-15,Tim Kett,Balahari Bharat Kumar,NA,2138,ENG,0,2206,10.77,0.6,10.5
2025-02-16,Tim Kett,Frederico Rocco,NA,2198,ENG,0,2201,11.29,0.52,10.5
2025-02-19,Tim Kett,Nick Van Noorden,e1 nick van noorden,1888,E1,0.5,2197,12.15,0.86,11
2025-02-23,Tim Kett,Jason Garcia,w1 jason garcia,2057,W1,0.5,2195,12.86,0.71,11.5
2025-02-25,Tim Kett,David Robinson,e1 david robinson,1898,E1,1,2197,13.72,0.86,12.5
2025-03-08,Tim Kett,Bence Szakmany,e1 bence szakmany,1969,E1,0.5,2194,14.52,0.8,13
2025-03-08,Tim Kett,Joseph Browse,e1 joseph browse,1825,E1,1,2195,15.42,0.9,14
2025-03-09,Tim Kett,Bob Hurn,e1 bob hurn,1612,E1,1,2196,16.32,0.9,15
2025-03-09,Tim Kett,Joshua McKenna,e1 joshua mckenna,1801,E1,1,2197,17.22,0.9,16
2025-03-10,Tim Kett,Reginald Mba,e1 reginald mba,1962,E1,0.5,2194,18.03,0.81,16.5
2025-03-12,Tim Kett,Joe Fathallah,e1 joe fathallah,2043,E1,0.5,2192,18.75,0.72,17
2025-03-15,Tim Kett,Sam Jukes,e1 sam jukes,2013,E1,0.5,2189,19.51,0.76,17.5
2025-03-15,Tim Kett,Ifan Rathbone-Jones,n1 ifan rathbone-jones,2270,N1,0.5,2190,19.92,0.41,18
2025-03-15,Tim Kett,Roy Thomas,e1 roy thomas,1901,E1,1,2191,20.77,0.85,19
2025-03-16,Tim Kett,Dai James,e1 dai james,1872,E1,1,2193,21.64,0.87,20
2025-03-16,Tim Kett,Guy Wagner,e1 guy wagner,1832,E1,0.5,2189,22.54,0.9,20.5
2025-03-20,Tim Kett,James Tapp,e1 james tapp,2080,E1,0.5,2187,23.22,0.68,21
2025-03-23,Tim Kett,Hugo Fowler,g1 hugo fowler,2110,G1,0.5,2185,23.86,0.64,21.5
2025-03-25,Tim Kett,Lucas Zheng,e1 lucas zheng,1650,E1,1,2186,24.76,0.9,22.5
2025-03-31,Tim Kett,Kevin Evans,e1 kevin evans,2007,E1,0.5,2184,25.52,0.76,23
2025-04-05,Tim Kett,Oliver Stubbs,NA,2291,ENG,0.5,2185,25.9,0.38,23.5
2025-04-06,Tim Kett,Timothy P Seymour,NA,2145,ENG,0,2179,26.49,0.59,23.5
2025-04-18,Tim Kett,Roy Thomas,e1 roy thomas,1901,E1,1,2181,27.34,0.85,24.5
2025-04-18,Tim Kett,Darson Beeston,w1 darson beeston,1741,W1,1,2182,28.24,0.9,25.5
2025-04-19,Tim Kett,Jose Camacho Collados,e1 jose camacho collados,2418,E1,0,2179,28.47,0.23,25.5
2025-04-19,Tim Kett,Jon Tuson,d1 jon tuson,1807,D1,1,2180,29.37,0.9,26.5
2025-04-20,Tim Kett,Joe Fathallah,e1 joe fathallah,2043,E1,1,2183,30.09,0.72,27.5
2025-04-21,Tim Kett,Grzegorz Toczek,e1 grzegorz toczek,2300,E1,0,2179,30.46,0.37,27.5
2025-04-21,Tim Kett,Iwan Cave,n1 iwan cave,2213,N1,0,2174,30.95,0.49,27.5
2025-05-03,Tim Kett,Yaoyao Zhu,NA,2050,ENG,0.5,2172,31.66,0.71,28
2025-05-04,Tim Kett,Paul Madden,NA,2107,ENG,1,2176,32.3,0.64,29
2025-05-05,Tim Kett,Peter AN Webster,NA,1977,ENG,1,2178,33.09,0.79,30
2025-05-08,Tim Kett,Ivan De La Cruz,e1 ivan de la cruz,2110,E1,0,2171,33.73,0.64,30
2025-05-11,Tim Kett,James Tapp,e1 james tapp,2080,E1,0,2165,34.41,0.68,30
2025-05-20,Tim Kett,Alex Bullen,e1 alex bullen,2241,E1,0.5,2165,34.86,0.45,30.5
2025-06-03,Tim Kett,Akshara Mandadapu,e1 akshara mandadapu,1310,E1,1,2166,35.76,0.9,31.5
2025-06-10,Tim Kett,Otto Bartlett-Davis,e1 otto bartlett-davis,1406,E1,0.5,2162,36.66,0.9,32
2025-06-17,Tim Kett,Toby Blankley,e1 toby blankley,1456,E1,1,2163,37.56,0.9,33
2025-06-24,Tim Kett,Emyr Roberts,e1 emyr roberts,1769,E1,1,2164,38.46,0.9,34
2025-01-11,Sven Zeidler,Ian Calvert,NA,1998,ENG,1,2198,0.75,0.75,1
2025-01-12,Sven Zeidler,Adam Nawalaniec,NA,2362,ENG,0,2192,1.02,0.27,1
2025-04-05,Sven Zeidler,Jaroslaw Rogowski,NA,2050,FIDE,1,2199,1.71,0.69,2
2025-04-06,Sven Zeidler,Graeme Buckley,NA,2336,ENG,1,2212,2.02,0.31,3
2025-04-07,Sven Zeidler,Pawel Laszewicz,NA,2011,FIDE,0,2198,2.76,0.74,3
2025-04-09,Sven Zeidler,Susan Lalic,NA,2231,ENG,0.5,2199,3.21,0.45,3.5
2025-04-10,Sven Zeidler,Marek Zych,NA,1942,FIDE,0.5,2193,4.02,0.81,4
2025-04-12,Sven Zeidler,Graeme Buckley,NA,2336,ENG,0,2186,4.33,0.31,4
2025-04-13,Sven Zeidler,Graeme Buckley,NA,2336,ENG,0.5,2190,4.64,0.31,4.5
2025-05-03,Sven Zeidler,Omowale Nelson,NA,1983,ENG,0.5,2185,5.41,0.77,5
2025-05-04,Sven Zeidler,Roger Williamson,NA,2304,ENG,0.5,2188,5.76,0.35,5.5
2025-05-05,Sven Zeidler,Marek Mazek,NA,2106,ENG,0,2176,6.38,0.62,5.5
2025-01-05,Roy Phillips,Alexis Harakis,d1 alexis harakis,2292,D1,1,2180,0.33,0.33,1
2025-02-02,Roy Phillips,Jose Camacho Collados,e1 jose camacho collados,2418,E1,0,2177,0.52,0.19,1
2025-03-23,Roy Phillips,Ivan De La Cruz,e1 ivan de la cruz,2110,E1,0,2165,1.1,0.58,1
2025-05-11,Roy Phillips,Daniel Wilmot,e1 daniel wilmot,1974,E1,1,2170,1.85,0.75,2
2025-01-22,Peter Varley,Peter Kirby,g1 peter kirby,2059,G1,0.5,2156,0.64,0.64,0.5
2025-04-25,Peter Varley,John A WIlliams,g1 john a williams,1680,G1,1,2158,1.54,0.9,1.5
2025-04-26,Peter Varley,Madged Bani Hani,g1 madged bani hani,1750,G1,1,2160,2.44,0.9,2.5
2025-04-26,Peter Varley,Jonathan Gilbert,g1 jonathan gilbert,2038,G1,0.5,2157,3.11,0.67,3
2025-04-27,Peter Varley,Lee Davis,e1 lee davis,2100,E1,0.5,2155,3.69,0.58,3.5
2025-04-27,Peter Varley,Dave Turner,g1 dave turner,1915,G1,0,2139,4.49,0.8,3.5
2024-12-28,Tom Brown,Danny Gormally,NA,2468,ENG,0,2152,0.14,0.14,0
2024-12-29,Tom Brown,Sungmin Ahn,NA,2060,ENG,1,2159,0.77,0.63,1
2024-12-29,Tom Brown,Baptiste Roux,NA,2338,FIDE,0,2154,1.03,0.26,1
2024-12-30,Tom Brown,Kajus Mikalajunas,NA,2214,ENG,1,2166,1.45,0.42,2
2024-12-31,Tom Brown,Yegeon Kim,NA,1697,FIDE,1,2168,2.35,0.9,3
2024-12-31,Tom Brown,Yang-Fan Zhou,NA,2469,ENG,0,2165,2.49,0.14,3
2025-01-01,Tom Brown,Sam Jukes,e1 sam jukes,2013,E1,0.5,2161,3.18,0.69,3.5
2025-01-02,Tom Brown,Arunas Sciupokas,NA,1969,FIDE,1,2166,3.92,0.74,4.5
2025-01-03,Tom Brown,In-Jung Gu,NA,1987,FIDE,1,2172,4.64,0.72,5.5
2025-01-11,Tom Brown,Kevin Hurney,NA,2017,ENG,1,2178,5.33,0.69,6.5
2025-01-12,Tom Brown,Michael Ashworth,NA,2146,ENG,1,2188,5.84,0.51,7.5
2025-01-15,Tom Brown,Bence Szakmany,e1 bence szakmany,1969,E1,1,2193,6.58,0.74,8.5
2025-01-18,Tom Brown,Bence Szakmany,e1 bence szakmany,1969,E1,1,2198,7.32,0.74,9.5
2025-01-18,Tom Brown,Sam Jukes,e1 sam jukes,2013,E1,1,2204,8.01,0.69,10.5
2025-01-19,Tom Brown,Grzegorz Toczek,e1 grzegorz toczek,2300,E1,0,2198,8.31,0.3,10.5
2025-01-19,Tom Brown,George Turner,e1 george turner,1984,E1,1,2204,9.04,0.73,11.5
2025-01-29,Tom Brown,Joe Fathallah,e1 joe fathallah,2043,E1,0,2191,9.7,0.66,11.5
2025-02-02,Tom Brown,Gareth Morris,w1 gareth morris,1999,W1,0,2176,10.41,0.71,11.5
2025-02-15,Tom Brown,Augustin Madan,NA,2275,ENG,0,2170,10.74,0.33,11.5
2025-02-16,Tom Brown,Avyukt Dasgupta,NA,2209,ENG,0,2161,11.16,0.42,11.5
2025-02-19,Tom Brown,Derek Jones,e1 derek jones,1944,E1,1,2166,11.93,0.77,12.5
2025-02-26,Tom Brown,James Tapp,e1 james tapp,2080,E1,1,2174,12.54,0.61,13.5
2025-03-12,Tom Brown,Jonathan Gilbert,g1 jonathan gilbert,2038,G1,1,2180,13.2,0.66,14.5
2025-03-19,Tom Brown,Ivan De La Cruz,e1 ivan de la cruz,2110,E1,1,2189,13.76,0.56,15.5
2025-03-23,Tom Brown,Bence Szakmany,e1 bence szakmany,1969,E1,0,2174,14.5,0.74,15.5
2025-04-02,Tom Brown,Alex Bullen,e1 alex bullen,2241,E1,0.5,2177,14.88,0.38,16
2025-04-05,Tom Brown,Haroon Majeed,NA,2114,ENG,0,2165,15.44,0.56,16
2025-04-06,Tom Brown,David A Scott,NA,2012,ENG,1,2172,16.13,0.69,17
2025-05-03,Tom Brown,Christopher Bak,NA,2020,ENG,0.5,2168,16.82,0.69,17.5
2025-05-04,Tom Brown,Hubert Mossong,NA,2044,ENG,1,2175,17.47,0.65,18.5
2025-05-05,Tom Brown,William Phillips,g1 william phillips,1862,G1,1,2178,18.31,0.84,19.5
2025-05-07,Tom Brown,Michael Binks,e1 michael binks,1960,E1,0,2163,19.06,0.75,19.5
2025-05-11,Tom Brown,Ivan De La Cruz,e1 ivan de la cruz,2110,E1,0.5,2161,19.62,0.56,20
2025-05-20,Tom Brown,Adam Musson,w1 adam musson,2014,W1,0,2148,20.31,0.69,20
2025-03-07,Jane Richmond,Andrew Ponting,NA,2027,FIDE,0,2122,0.65,0.65,0
2025-03-08,Jane Richmond,George Marwan Vayonos,NA,2071,FIDE,0,2110,1.24,0.59,0
2025-03-09,Jane Richmond,Akshath Shrivakumar,NA,1985,FIDE,0.5,2106,1.94,0.7,0.5
2025-03-28,Jane Richmond,Mark Thomas,w1 mark thomas,1981,W1,1,2112,2.65,0.71,1.5
2025-03-29,Jane Richmond,Daniel W Gormally,NA,2484,ENG,0,2110,2.77,0.12,1.5
2025-03-30,Jane Richmond,Thomas Philidor,NA,1849,ENG,1,2113,3.61,0.84,2.5
2025-05-16,Jane Richmond,Adam May,w1 adam may,1921,W1,0.5,2107,4.38,0.77,3
2025-05-17,Jane Richmond,Harry G Evans,NA,1991,ENG,0.5,2103,5.08,0.7,3.5
2025-05-18,Jane Richmond,Andrew Ponting,NA,2013,ENG,1,2110,5.75,0.67,4.5
2025-01-06,Charles F Morris,David Clark,NA,1950,ENG,1,2128,0.73,0.73,1
2025-01-21,Charles F Morris,Richard Dineley,n1 richard dineley,2313,N1,0.5,2133,0.98,0.25,1.5
2025-01-28,Charles F Morris,John Carleton,NA,2058,ENG,0.5,2132,1.57,0.59,2
2025-02-11,Charles F Morris,James Rothwell,NA,1926,ENG,1,2136,2.33,0.76,3
2025-02-18,Charles F Morris,Gary Fox,n1 gary fox,1813,N1,1,2139,3.19,0.86,4
2025-02-25,Charles F Morris,Joe Muxlow,n1 joe muxlow,1792,N1,1,2142,4.06,0.87,5
2025-03-11,Charles F Morris,Rokas Valantinas,NA,2036,ENG,1,2149,4.68,0.62,6
2025-03-18,Charles F Morris,David Barnes,NA,1869,ENG,1,2153,5.49,0.81,7
2025-04-01,Charles F Morris,Dave Stalker,NA,1842,ENG,1,2156,6.32,0.83,8
2025-04-10,Charles F Morris,Luke Maher,NA,1944,ENG,1,2162,7.06,0.74,9
2025-04-15,Charles F Morris,Roger Winterburn,n1 roger winterburn,1878,N1,1,2166,7.86,0.8,10
2025-04-17,Charles F Morris,Geoff Graham,n1 geoff graham,1951,N1,1,2171,8.59,0.73,11
2025-04-22,Charles F Morris,Mike Stoddart,NA,1839,ENG,1,2174,9.43,0.84,12
2025-04-24,Charles F Morris,David Clark,NA,1959,ENG,1,2180,10.15,0.72,13
2025-01-09,Pete Heaven,Bence Szakmany,e1 bence szakmany,1969,E1,1,2120,0.7,0.7,1
2025-01-11,Pete Heaven,Neil Clarke,NA,1959,ENG,1,2126,1.41,0.71,2
2025-01-12,Pete Heaven,Zack Norris,NA,2096,ENG,0.5,2125,1.94,0.53,2.5
2025-01-27,Pete Heaven,Gareth Yeo,e1 gareth yeo,2078,E1,0,2114,2.49,0.55,2.5
2025-02-15,Pete Heaven,Rohan Bansal,NA,2115,ENG,0.5,2114,2.99,0.5,3
2025-02-16,Pete Heaven,Ethan Sanitt,NA,2135,ENG,0.5,2115,3.46,0.47,3.5
2025-02-19,Pete Heaven,Anezka Vlkova,e1 anezka vlkova,1948,E1,1,2121,4.18,0.72,4.5
2025-02-23,Pete Heaven,Lee Davis,e1 lee davis,2100,E1,1,2130,4.7,0.52,5.5
2025-02-25,Pete Heaven,Michael Binks,e1 michael binks,1960,E1,0.5,2126,5.41,0.71,6
2025-03-10,Pete Heaven,Guy Wagner,e1 guy wagner,1832,E1,0.5,2119,6.25,0.84,6.5
2025-03-12,Pete Heaven,Sam Jukes,e1 sam jukes,2013,E1,1,2126,6.89,0.64,7.5
2025-05-03,Pete Heaven,Andrew Bak,NA,2058,ENG,0.5,2125,7.47,0.58,8
2025-05-04,Pete Heaven,Michael A Naylor-Eade,NA,2075,ENG,0,2114,8.03,0.56,8
2025-05-05,Pete Heaven,Richard O Neill,NA,1717,ENG,1,2116,8.93,0.9,9
2025-05-08,Pete Heaven,James Tapp,e1 james tapp,2080,E1,0,2105,9.48,0.55,9
2025-05-11,Pete Heaven,Anezka Vlkova,e1 anezka vlkova,1948,E1,0,2090,10.2,0.72,9
2025-05-20,Pete Heaven,Nick Van Noorden,e1 nick van noorden,1888,E1,1,2095,10.99,0.79,10
2025-01-15,Ivan De La Cruz,Zack Wilkins,e1 zack wilkins,1724,E1,1,2112,0.9,0.9,1
2025-01-22,Ivan De La Cruz,Peter Quinn,e1 peter quinn,1826,E1,1,2115,1.74,0.84,2
2025-01-29,Ivan De La Cruz,Adam Musson,w1 adam musson,2014,W1,1,2123,2.37,0.63,3
2025-02-02,Ivan De La Cruz,Lee Davis,e1 lee davis,2100,E1,1,2132,2.88,0.51,4
2025-02-05,Ivan De La Cruz,Abir Deshpande,e1 abir deshpande,1310,E1,1,2134,3.78,0.9,5
2025-02-12,Ivan De La Cruz,James Tapp,e1 james tapp,2080,E1,1,2143,4.32,0.54,6
2025-02-19,Ivan De La Cruz,Georgi Korovski,e1 georgi korovski,1950,E1,1,2149,5.04,0.72,7
2025-02-23,Ivan De La Cruz,Dai James,e1 dai james,1872,E1,1,2153,5.84,0.8,8
2025-02-26,Ivan De La Cruz,Emma Kong,e1 emma kong,1946,E1,1,2159,6.56,0.72,9
2025-03-05,Ivan De La Cruz,Jake Hurley,e1 jake hurley,1941,E1,1,2164,7.29,0.73,10
2025-03-10,Ivan De La Cruz,Kevin Evans,e1 kevin evans,2007,E1,1,2171,7.93,0.64,11
2025-03-13,Ivan De La Cruz,Andrei Zhuravlev,e1 andrei zhuravlev,1606,E1,1,2173,8.83,0.9,12
2025-03-19,Ivan De La Cruz,Tom Brown,e1 tom brown,2155,E1,0,2165,9.27,0.44,12
2025-03-23,Ivan De La Cruz,Roy Phillips,w1 roy phillips,2167,W1,1,2176,9.69,0.42,13
2025-04-02,Ivan De La Cruz,David Llewellyn,e1 david llewellyn,1954,E1,1,2182,10.4,0.71,14
2025-04-09,Ivan De La Cruz,Gareth Yeo,e1 gareth yeo,2078,E1,0,2171,10.95,0.55,14
2025-04-16,Ivan De La Cruz,Sam Jukes,e1 sam jukes,2013,E1,0,2158,11.59,0.64,14
2025-04-18,Ivan De La Cruz,Peter Watkins,e1 peter watkins,1515,E1,1,2160,12.49,0.9,15
2025-04-18,Ivan De La Cruz,Andrew Smith,w1 andrew smith,1779,W1,1,2163,13.36,0.87,16
2025-04-19,Ivan De La Cruz,Anezka Vlkova,e1 anezka vlkova,1948,E1,1,2169,14.08,0.72,17
2025-04-19,Ivan De La Cruz,Thomas Van Veelen,NA,2055,FIDE,1,2177,14.66,0.58,18
2025-04-20,Ivan De La Cruz,Donovan Sipho,w1 donovan sipho,1803,W1,1,2180,15.51,0.85,19
2025-04-21,Ivan De La Cruz,James Tapp,e1 james tapp,2080,E1,0.5,2179,16.05,0.54,19.5
2025-04-21,Ivan De La Cruz,Mark Adams,g1 mark adams,1975,G1,0.5,2175,16.74,0.69,20
2025-04-23,Ivan De La Cruz,Alex Bullen,e1 alex bullen,2241,E1,0.5,2179,17.06,0.32,20.5
2025-04-30,Ivan De La Cruz,Hamid Farani Sani,e1 hamid farani sani,1663,E1,1,2181,17.96,0.9,21.5
2025-05-08,Ivan De La Cruz,Tim Kett,e1 tim kett,2209,E1,1,2194,18.32,0.36,22.5
2025-05-11,Ivan De La Cruz,Tom Brown,e1 tom brown,2155,E1,0.5,2195,18.76,0.44,23
2025-05-14,Ivan De La Cruz,Reginald Mba,e1 reginald mba,1962,E1,1,2201,19.46,0.7,24
2025-05-20,Ivan De La Cruz,Michael Binks,e1 michael binks,1960,E1,1,2207,20.16,0.7,25
2025-05-21,Ivan De La Cruz,Hefin Jones,e1 hefin jones,1550,E1,1,2209,21.06,0.9,26
2025-05-28,Ivan De La Cruz,Joshua McKenna,e1 joshua mckenna,1801,E1,0.5,2202,21.92,0.86,26.5
2025-02-02,Hugo Fowler,David Perrett,e1 david perrett,1953,E1,1,2116,0.71,0.71,1
2025-02-23,Hugo Fowler,Adam Musson,w1 adam musson,2014,W1,1,2123,1.34,0.63,2
2025-03-23,Hugo Fowler,Tim Kett,e1 tim kett,2209,E1,0.5,2126,1.7,0.36,2.5
2024-12-01,Arnost Gibiec,Olga Sikorova,NA,2151,FIDE,0.5,2111,0.44,0.44,0.5
2024-12-15,Arnost Gibiec,Lukas Weissmann,NA,2097,FIDE,0.5,2111,0.96,0.52,1
2025-01-12,Arnost Gibiec,Roman Gawlas,NA,1996,FIDE,1,2118,1.62,0.66,2
2025-01-26,Arnost Gibiec,Pavel Rakus,NA,2152,FIDE,0.5,2119,2.06,0.44,2.5
2025-02-09,Arnost Gibiec,Patrik Richvalsky,NA,2116,FIDE,0,2109,2.55,0.49,2.5
2025-02-23,Arnost Gibiec,Petr Bulava,NA,2051,FIDE,1,2117,3.13,0.58,3.5
2025-03-16,Arnost Gibiec,Ondrej Sramek,NA,1892,FIDE,0.5,2112,3.91,0.78,4
2025-01-03,Lee Davis,Ian J Clarke,NA,1951,ENG,0.5,2096,0.7,0.7,0.5
2025-01-05,Lee Davis,Andrew Gibbons,w1 andrew gibbons,1975,W1,0.5,2093,1.37,0.67,1
2025-01-17,Lee Davis,John A Edge,NA,2021,ENG,0.5,2090,1.98,0.61,1.5
2025-01-22,Lee Davis,Daniel M Lambourne,NA,2070,ENG,0.5,2089,2.52,0.54,2
2025-01-24,Lee Davis,John F Varilone,NA,1821,ENG,0,2073,3.35,0.83,2
2025-01-27,Lee Davis,Peter Kirby,g1 peter kirby,2059,G1,1,2082,3.91,0.56,3
2025-01-29,Lee Davis,Paul J Barker,NA,1927,ENG,0.5,2077,4.64,0.73,3.5
2025-01-30,Lee Davis,Edward Higgs,NA,1929,ENG,1,2082,5.37,0.73,4.5
2025-01-31,Lee Davis,John Chester,NA,1828,ENG,1,2086,6.2,0.83,5.5
2025-02-02,Lee Davis,Ivan De La Cruz,e1 ivan de la cruz,2110,E1,0,2076,6.69,0.49,5.5
2025-02-05,Lee Davis,Henry Spedding,NA,1883,ENG,1,2081,7.47,0.78,6.5
2025-02-07,Lee Davis,Matthew Jordan,NA,1844,ENG,1,2084,8.28,0.81,7.5
2025-02-08,Lee Davis,Stephen Prior,NA,2126,ENG,0.5,2085,8.74,0.46,8
2025-02-12,Lee Davis,Leslie Blohm,g1 leslie blohm,1971,G1,0.5,2082,9.42,0.68,8.5
2025-02-14,Lee Davis,Jon Hill,NA,1706,ENG,1,2084,10.32,0.9,9.5
2025-02-15,Lee Davis,B R Gagan,NA,2025,ENG,0,2071,10.93,0.61,9.5
2025-02-16,Lee Davis,David Flynn,NA,1947,ENG,0,2057,11.64,0.71,9.5
2025-02-19,Lee Davis,Henry Spedding,NA,1883,ENG,0,2042,12.42,0.78,9.5
2025-02-19,Lee Davis,Jack Clark,NA,1753,ENG,1,2044,13.3,0.88,10.5
2025-02-20,Lee Davis,Lizzie Gregory,NA,1759,ENG,1,2047,14.18,0.88,11.5
2025-02-21,Lee Davis,James Allsopp,NA,1780,ENG,1,2049,15.04,0.86,12.5
2025-02-23,Lee Davis,Pete Heaven,e1 pete heaven,2114,E1,0,2040,15.52,0.48,12.5
2025-02-26,Lee Davis,John H Preece,NA,1787,ENG,0.5,2033,16.38,0.86,13
2025-03-04,Lee Davis,John Lightowler,NA,1816,ENG,0.5,2026,17.22,0.84,13.5
2025-03-05,Lee Davis,Joseph D Friar,NA,2150,ENG,0.5,2027,17.65,0.43,14
2025-03-14,Lee Davis,Alex Nicholls,NA,1767,ENG,1,2030,18.52,0.87,15
2025-03-19,Lee Davis,Nick Hanne,NA,1816,ENG,0.5,2023,19.36,0.84,15.5
2025-03-23,Lee Davis,Kevin Stephens,e1 kevin stephens,1705,E1,1,2025,20.26,0.9,16.5
2025-03-28,Lee Davis,Brian Turner,NA,1978,ENG,0.5,2022,20.93,0.67,17
2025-04-02,Lee Davis,Paul J Barker,NA,1918,ENG,1,2027,21.67,0.74,18
2025-04-03,Lee Davis,Ray Collett,NA,1872,ENG,1,2031,22.46,0.79,19
2025-04-04,Lee Davis,Chris Lee,NA,1738,ENG,1,2033,23.35,0.89,20
2025-04-09,Lee Davis,Jack Clark,NA,1756,ENG,1,2036,24.23,0.88,21
2025-04-12,Lee Davis,Daniel J Young,NA,2065,ENG,0.5,2035,24.78,0.55,21.5
2025-04-13,Lee Davis,Ahmed Abas,NA,1943,FIDE,1,2041,25.49,0.71,22.5
2025-04-16,Lee Davis,Dillan Duke,NA,2123,ENG,1,2051,25.96,0.47,23.5
2025-04-18,Lee Davis,Alex Bullen,e1 alex bullen,2241,E1,0.5,2055,26.27,0.31,24
2025-04-18,Lee Davis,John McGregor,e1 john mcgregor,1921,E1,0.5,2050,27.01,0.74,24.5
2025-04-19,Lee Davis,Alex Freeland,e1 alex freeland,2082,E1,0,2040,27.54,0.53,24.5
2025-04-19,Lee Davis,Darson Beeston,w1 darson beeston,1741,W1,1,2042,28.43,0.89,25.5
2025-04-20,Lee Davis,Sam Jukes,e1 sam jukes,2013,E1,0,2030,29.05,0.62,25.5
2025-04-21,Lee Davis,Michael Binks,e1 michael binks,1960,E1,0.5,2026,29.74,0.69,26
2025-04-21,Lee Davis,Jon Tuson,d1 jon tuson,1807,D1,1,2029,30.58,0.84,27
2025-04-25,Lee Davis,David Norris,g1 david norris,1661,G1,1,2031,31.48,0.9,28
2025-04-26,Lee Davis,Lucas James,g1 lucas james,1748,G1,1,2033,32.36,0.88,29
2025-04-26,Lee Davis,Steve Williams (Cwm),g1 steve williams (cwm),1850,G1,1,2037,33.17,0.81,30
2025-04-27,Lee Davis,Peter Varley,g1 peter varley,2159,G1,0.5,2039,33.59,0.42,30.5
2025-04-27,Lee Davis,Peter Kirby,g1 peter kirby,2059,G1,0.5,2038,34.15,0.56,31
2025-04-30,Lee Davis,Henry Spedding,NA,1896,ENG,0,2022,34.91,0.76,31
2025-05-03,Lee Davis,Sujan Sami,NA,1820,ENG,1,2026,35.74,0.83,32
2025-05-04,Lee Davis,Jack Erskine-Pereira,NA,2022,ENG,1,2033,36.35,0.61,33
2025-05-05,Lee Davis,Peter J Mulleady,NA,1984,ENG,0.5,2030,37.01,0.66,33.5
2025-05-07,Lee Davis,Jack Clark,NA,1755,ENG,1,2033,37.89,0.88,34.5
2025-05-11,Lee Davis,Kam Choo Yin,e1 kam choo yin,1759,E1,0.5,2025,38.77,0.88,35
2025-05-14,Lee Davis,John H Preece,NA,1794,ENG,1,2028,39.62,0.85,36
2025-05-15,Lee Davis,Scott Oxtoby,NA,1847,ENG,1,2032,40.43,0.81,37
2025-05-16,Lee Davis,Jonathan W Arnott,NA,2236,ENG,0,2025,40.74,0.31,37
2025-05-17,Lee Davis,Anthony Coffey,NA,2076,ENG,0.5,2025,41.27,0.53,37.5
2025-05-17,Lee Davis,Chris T Callow,NA,1906,ENG,0.5,2020,42.02,0.75,38
2025-05-18,Lee Davis,Yuvraj Kumar,NA,1913,ENG,0,2005,42.77,0.75,38
2025-05-18,Lee Davis,William Adaway,NA,1932,ENG,0.5,2000,43.49,0.72,38.5
2025-05-21,Lee Davis,Javier Faucher,NA,1837,ENG,1,2004,44.31,0.82,39.5
2025-05-22,Lee Davis,Stephen Priestley,NA,1843,ENG,1,2008,45.12,0.81,40.5
2025-05-29,Lee Davis,Joseph D Friar,NA,2179,ENG,1,2020,45.51,0.39,41.5
2025-06-04,Lee Davis,Nick Hanne,NA,1836,ENG,1,2023,46.33,0.82,42.5
2025-06-11,Lee Davis,Tom Dimaline,NA,1823,ENG,0.5,2017,47.16,0.83,43
2025-02-17,David J James,Marek Korsinskij,NA,2166,ENG,0.5,2092,0.39,0.39,0.5
2025-03-27,David J James,Luke Maher,NA,1960,ENG,1,2099,1.07,0.68,1.5
2025-01-03,Alex Freeland,Andrejs Gorskovs,NA,1909,ENG,0,2067,0.73,0.73,0
2025-01-04,Alex Freeland,Nayan Keats Rastogi,NA,1984,ENG,1,2075,1.37,0.64,1
2025-01-04,Alex Freeland,Andrew Ponting,NA,1996,ENG,1,2082,1.99,0.62,2
2025-01-05,Alex Freeland,Samuel Alcindor,NA,1956,ENG,0,2069,2.66,0.67,2
2025-02-18,Alex Freeland,Jose Camacho Collados,e1 jose camacho collados,2418,E1,0,2066,2.79,0.13,2
2025-02-18,Alex Freeland,Andrew N Greet,NA,2434,ENG,0.5,2074,2.91,0.12,2.5
2025-02-19,Alex Freeland,Emily Maton,NA,2050,ENG,1,2083,3.46,0.55,3.5
2025-02-20,Alex Freeland,Johannes Rappazzo,NA,2209,FIDE,0,2076,3.78,0.32,3.5
2025-02-20,Alex Freeland,Zachary Cansdale,NA,2030,ENG,0,2065,4.35,0.57,3.5
2025-02-21,Alex Freeland,Louis Buckland,NA,2043,ENG,0.5,2064,4.91,0.56,4
2025-02-22,Alex Freeland,Marcin Rzepka,NA,1750,FIDE,1,2066,5.78,0.87,5
2025-02-22,Alex Freeland,Ruqayyah Rida,NA,2229,ENG,0,2060,6.08,0.3,5
2025-02-27,Alex Freeland,Adil Valiyev,NA,1507,FIDE,1,2062,6.98,0.9,6
2025-02-28,Alex Freeland,Bogdan Lalic,NA,2317,FIDE,0.5,2068,7.19,0.21,6.5
2025-03-01,Alex Freeland,Guillermo Santamaria Fernandez,NA,2225,FIDE,0,2062,7.5,0.31,6.5
2025-03-02,Alex Freeland,Eryk Ejsymont,NA,1881,FIDE,0,2047,8.26,0.76,6.5
2025-03-03,Alex Freeland,Yulin Li,NA,1904,FIDE,1,2052,9,0.74,7.5
2025-03-04,Alex Freeland,Kupjasar Jannur,NA,1755,FIDE,1,2055,9.87,0.87,8.5
2025-03-05,Alex Freeland,Fiona Sieber,NA,2274,FIDE,0.5,2060,10.12,0.25,9
2025-03-06,Alex Freeland,Datar Soham,NA,2239,FIDE,0.5,2064,10.41,0.29,9.5
2025-03-07,Alex Freeland,Gerard Welling,NA,2195,FIDE,0,2057,10.75,0.34,9.5
2025-04-18,Alex Freeland,Alan Young,w1 alan young,2016,W1,0.5,2055,11.34,0.59,10
2025-04-19,Alex Freeland,Roy Thomas,e1 roy thomas,1901,E1,1,2061,12.08,0.74,11
2025-04-19,Alex Freeland,Lee Davis,e1 lee davis,2100,E1,1,2071,12.55,0.47,12
2025-04-20,Alex Freeland,Grzegorz Toczek,e1 grzegorz toczek,2300,E1,0,2067,12.77,0.22,12
2025-04-21,Alex Freeland,Jose Camacho Collados,e1 jose camacho collados,2418,E1,0,2064,12.9,0.13,12
2025-04-21,Alex Freeland,Alexis Harakis,d1 alexis harakis,2292,D1,1,2080,13.13,0.23,13
2025-05-03,Alex Freeland,Manvith Sandhu,NA,2034,ENG,0.5,2078,13.7,0.57,13.5
2025-05-04,Alex Freeland,John E Duggan,NA,2111,ENG,1,2089,14.16,0.46,14.5
2025-05-05,Alex Freeland,Sheng Lian Bernard Chan,NA,2213,ENG,0.5,2093,14.48,0.32,15
2025-01-08,James Tapp,George Turner,e1 george turner,1984,E1,1,2087,0.63,0.63,1
2025-01-15,James Tapp,Gareth Yeo,e1 gareth yeo,2078,E1,0.5,2087,1.13,0.5,1.5
2025-01-22,James Tapp,Hefin Jones,e1 hefin jones,1550,E1,1,2089,2.03,0.9,2.5
2025-01-27,James Tapp,Kevin Evans,e1 kevin evans,2007,E1,1,2097,2.63,0.6,3.5
2025-01-29,James Tapp,Ieuan Bevan Jones,e1 ieuan bevan jones,1589,E1,1,2099,3.53,0.9,4.5
2025-02-02,James Tapp,Jason Garcia,w1 jason garcia,2057,W1,0,2089,4.06,0.53,4.5
2025-02-12,James Tapp,Ivan De La Cruz,e1 ivan de la cruz,2110,E1,0,2079,4.52,0.46,4.5
2025-02-15,James Tapp,Mike Hollyman,e1 mike hollyman,1711,E1,1,2082,5.41,0.89,5.5
2025-02-15,James Tapp,Tom Bennett,e1 tom bennett,1789,E1,1,2085,6.25,0.84,6.5
2025-02-15,James Tapp,Danylo Shevchenko,e1 danylo shevchenko,1667,E1,1,2087,7.15,0.9,7.5
2025-02-16,James Tapp,George Turner,e1 george turner,1984,E1,0,2074,7.78,0.63,7.5
2025-02-16,James Tapp,John A Williams,g1 john a williams,1680,G1,1,2076,8.68,0.9,8.5
2025-02-26,James Tapp,Tom Brown,e1 tom brown,2155,E1,0,2068,9.07,0.39,8.5
2025-03-05,James Tapp,Nick Van Noorden,e1 nick van noorden,1888,E1,0,2053,9.82,0.75,8.5
2025-03-13,James Tapp,Sam Rhydderch,e1 sam rhydderch,1451,E1,1,2055,10.72,0.9,9.5
2025-03-19,James Tapp,Joe Fathallah,e1 joe fathallah,2043,E1,0.5,2054,11.27,0.55,10
2025-03-20,James Tapp,Tim Kett,e1 tim kett,2209,E1,0.5,2058,11.59,0.32,10.5
2025-03-23,James Tapp,Gareth Morris,w1 gareth morris,1999,W1,1,2065,12.2,0.61,11.5
2025-03-26,James Tapp,Joshua McKenna,e1 joshua mckenna,1801,E1,1,2069,13.03,0.83,12.5
2025-04-08,James Tapp,Michael Binks,e1 michael binks,1960,E1,1,2075,13.7,0.67,13.5
2025-04-09,James Tapp,Reginald Mba,e1 reginald mba,1962,E1,1,2082,14.36,0.66,14.5
2025-04-15,James Tapp,Adam Musson,w1 adam musson,2014,W1,0.5,2080,14.95,0.59,15
2025-04-18,James Tapp,Will Elworthy,e1 will elworthy,1750,E1,1,2083,15.82,0.87,16
2025-04-19,James Tapp,Steve Williams (Cwm),g1 steve williams (cwm),1850,G1,1,2087,16.61,0.79,17
2025-04-19,James Tapp,George Turner,e1 george turner,1984,E1,0.5,2084,17.24,0.63,17.5
2025-04-20,James Tapp,Mark Thomas,w1 mark thomas,1981,W1,1,2091,17.88,0.64,18.5
2025-04-21,James Tapp,Ivan De La Cruz,e1 ivan de la cruz,2110,E1,0.5,2092,18.34,0.46,19
2025-04-21,James Tapp,Yaroslav Sharhorodsky,d1 yaroslav sharhorodsky,1765,D1,0.5,2085,19.2,0.86,19.5
2025-04-30,James Tapp,Sam Jukes,e1 sam jukes,2013,E1,1,2093,19.8,0.6,20.5
2025-05-08,James Tapp,Pete Heaven,e1 pete heaven,2114,E1,1,2104,20.25,0.45,21.5
2025-05-11,James Tapp,Tim Kett,e1 tim kett,2209,E1,1,2118,20.57,0.32,22.5
2025-05-14,James Tapp,Sam Jukes,e1 sam jukes,2013,E1,1,2126,21.17,0.6,23.5
2025-05-19,James Tapp,Jonathan Gilbert,g1 jonathan gilbert,2038,G1,0.5,2125,21.73,0.56,24
2025-05-28,James Tapp,Hamid Farani Sani,e1 hamid farani sani,1663,E1,1,2127,22.63,0.9,25
2025-01-28,Roy Ellames,Phil Crocker,NA,2212,ENG,0.5,2082,0.32,0.32,0.5
2025-03-13,Roy Ellames,Geoff Graham,n1 geoff graham,1951,N1,1,2088,1,0.68,1.5
2025-04-01,Roy Ellames,Jeff Smith,NA,2075,ENG,0.5,2088,1.5,0.5,2
2025-04-29,Roy Ellames,Phil Crocker,NA,2214,ENG,0.5,2092,1.81,0.31,2.5
2025-05-09,Roy Ellames,Geoff Graham,n1 geoff graham,1951,N1,1,2098,2.49,0.68,3.5
2025-05-10,Roy Ellames,Andrew Savage,NA,1971,ENG,0.5,2095,3.14,0.65,4
2025-05-11,Roy Ellames,Harry Gardiner,NA,2000,ENG,0.5,2093,3.75,0.61,4.5
2025-05-11,Roy Ellames,Harry Grieve,NA,2563,ENG,0,2091,3.85,0.1,4.5
2025-01-05,Gareth Yeo,Michael Binks,e1 michael binks,1960,E1,0.5,2075,0.66,0.66,0.5
2025-01-15,Gareth Yeo,James Tapp,e1 james tapp,2080,E1,0.5,2075,1.16,0.5,1
2025-01-27,Gareth Yeo,Pete Heaven,e1 pete heaven,2114,E1,1,2086,1.61,0.45,2
2025-02-02,Gareth Yeo,Joe Fathallah,e1 joe fathallah,2043,E1,0.5,2085,2.16,0.55,2.5
2025-02-03,Gareth Yeo,David Robinson,e1 david robinson,1898,E1,0,2070,2.9,0.74,2.5
2025-02-23,Gareth Yeo,William Hewitt,w1 william hewitt,2041,W1,0.5,2069,3.45,0.55,3
2025-03-03,Gareth Yeo,Daniel Wilmot,e1 daniel wilmot,1974,E1,0,2056,4.1,0.65,3
2025-03-10,Gareth Yeo,Steve Jones,e1 steve jones,1838,E1,0,2040,4.9,0.8,3
2025-03-12,Gareth Yeo,Charles Summers,e1 charles summers,1894,E1,1,2045,5.64,0.74,4
2025-03-17,Gareth Yeo,Callum Smith,e1 callum smith,1923,E1,0,2031,6.35,0.71,4
2025-03-23,Gareth Yeo,Andrew Jeanes,e1 andrew jeanes,1684,E1,1,2033,7.25,0.9,5
2025-04-09,Gareth Yeo,Ivan De La Cruz,e1 ivan de la cruz,2110,E1,1,2044,7.7,0.45,6
2025-04-14,Gareth Yeo,Sam Jukes,e1 sam jukes,2013,E1,0,2032,8.29,0.59,6
2025-05-11,Gareth Yeo,Joshua McKenna,e1 joshua mckenna,1801,E1,0.5,2026,9.12,0.83,6.5
2025-05-19,Gareth Yeo,Bill Hunt,e1 bill hunt,1825,E1,1,2029,9.93,0.81,7.5
2025-01-08,John Fletcher,James RG Marley,NA,2021,ENG,1,2082,0.57,0.57,1
2025-01-11,John Fletcher,Louis Ortiz Sanchez,NA,1993,ENG,0.5,2079,1.18,0.61,1.5
2025-01-12,John Fletcher,David E Onley,NA,2147,ENG,0,2071,1.58,0.4,1.5
2025-01-16,John Fletcher,Kevin Fairburn,NA,1789,ENG,1,2075,2.42,0.84,2.5
2025-01-20,John Fletcher,Miles D Edwards-Wright,NA,2109,ENG,0,2066,2.87,0.45,2.5
2025-02-03,John Fletcher,Peter Ackley,NA,2081,ENG,0,2056,3.36,0.49,2.5
2025-02-15,John Fletcher,Frederico Rocco,NA,2198,ENG,0,2049,3.69,0.33,2.5
2025-02-16,John Fletcher,John S Garnet,NA,1978,ENG,0,2037,4.32,0.63,2.5
2025-03-03,John Fletcher,Pete Micklethwaite,NA,1978,ENG,0,2024,4.95,0.63,2.5
2025-03-08,John Fletcher,Robert A Dean,NA,1860,ENG,1,2029,5.72,0.77,3.5
2025-03-12,John Fletcher,Pete Micklethwaite,NA,1978,ENG,0.5,2026,6.35,0.63,4
2025-03-17,John Fletcher,Chris N Ross,NA,2196,ENG,0,2019,6.68,0.33,4
2025-04-01,John Fletcher,Daniel JS Sullivan,NA,2056,ENG,0,2009,7.2,0.52,4
2025-04-05,John Fletcher,Grzegorz Ograbek,NA,2068,FIDE,0.5,2009,7.71,0.51,4.5
2025-04-08,John Fletcher,Klaus Bischoff,NA,2425,FIDE,0,2006,7.83,0.12,4.5
2025-04-09,John Fletcher,Ingrid Lauterbach,NA,1998,FIDE,1,2014,8.44,0.61,5.5
2025-04-10,John Fletcher,Marek Szmyd,NA,1900,FIDE,0.5,2010,9.17,0.73,6
2025-04-11,John Fletcher,Michael Adams,NA,2738,ENG,0,2008,9.27,0.1,6
2025-04-12,John Fletcher,Chris R Duncan,NA,2269,ENG,0.5,2013,9.51,0.24,6.5
2025-04-13,John Fletcher,Chris R Duncan,NA,2269,ENG,0,2008,9.75,0.24,6.5
2025-05-03,John Fletcher,Ewan Davids,NA,1728,ENG,1,2010,10.63,0.88,7.5
2025-05-04,John Fletcher,Xavier Sottrel,NA,1890,ENG,0.5,2005,11.37,0.74,8
2025-05-05,John Fletcher,Robert A Newton,NA,1964,ENG,0,1992,12.02,0.65,8
2025-01-05,Allan Pleasants,Adam Musson,w1 adam musson,2014,W1,0,2049,0.57,0.57,0
2025-01-10,Allan Pleasants,Finn Schell,NA,2025,ENG,0,2038,1.12,0.55,0
2025-01-11,Allan Pleasants,Joshua Pink,NA,2075,ENG,0.5,2038,1.6,0.48,0.5
2025-01-12,Allan Pleasants,Shabir Okhai,NA,2113,ENG,0,2030,2.02,0.42,0.5
2025-01-17,Allan Pleasants,Darson Beeston,w1 darson beeston,1741,W1,1,2032,2.88,0.86,1.5
2025-01-18,Allan Pleasants,Mike Hollyman,e1 mike hollyman,1711,E1,1,2035,3.76,0.88,2.5
2025-01-18,Allan Pleasants,Kristian Stuvick Holm,NA,2492,FIDE,0,2033,3.86,0.1,2.5
2025-01-19,Allan Pleasants,Dave Turner,g1 dave turner,1915,G1,1,2039,4.56,0.7,3.5
2025-01-19,Allan Pleasants,Ifan Rathbone-Jones,n1 ifan rathbone-jones,2270,N1,0,2034,4.79,0.23,3.5
2025-01-21,Allan Pleasants,WG Belcher,NA,1906,ENG,0.5,2030,5.5,0.71,4
2025-01-24,Allan Pleasants,Leonard J Laker,NA,1954,ENG,1,2037,6.15,0.65,5
2025-01-25,Allan Pleasants,Adam R Ursell,NA,1974,ENG,1,2045,6.77,0.62,6
2025-01-25,Allan Pleasants,Finn Schell,NA,2025,ENG,1,2054,7.32,0.55,7
2025-01-26,Allan Pleasants,Mike P Waddington,NA,2084,ENG,0.5,2054,7.79,0.47,7.5
2025-01-26,Allan Pleasants,Anuhas Gamage,NA,1945,ENG,0.5,2051,8.45,0.66,8
2025-02-03,Allan Pleasants,Christian F Westrap,NA,1997,ENG,0.5,2049,9.04,0.59,8.5
2025-02-11,Allan Pleasants,Anrew F Footner,NA,1978,ENG,0.5,2047,9.66,0.62,9
2025-02-15,Allan Pleasants,Mark Waterfield,NA,1996,ENG,0,2035,10.25,0.59,9
2025-02-16,Allan Pleasants,William M Graham,NA,1974,ENG,1,2043,10.87,0.62,10
2025-02-21,Allan Pleasants,Raymond Wynarczyk,NA,1917,ENG,1,2049,11.56,0.69,11
2025-02-22,Allan Pleasants,Francis P Best,NA,1954,ENG,1,2056,12.21,0.65,12
2025-02-22,Allan Pleasants,Krzysztof Skiba,NA,1877,FIDE,0.5,2051,12.95,0.74,12.5
2025-02-23,Allan Pleasants,Malcolm H Cooper,NA,1836,ENG,1,2055,13.73,0.78,13.5
2025-02-23,Allan Pleasants,Piotr Mikolajczyk,NA,1914,FIDE,0.5,2051,14.43,0.7,14
2025-03-17,Allan Pleasants,Kevin Goater,NA,2080,ENG,0,2042,14.9,0.47,14
2025-03-25,Allan Pleasants,Nicholas S Lee,NA,2123,ENG,0.5,2044,15.31,0.41,14.5
2025-03-28,Allan Pleasants,Ted Paul,NA,1906,ENG,1,2050,16.02,0.71,15.5
2025-03-29,Allan Pleasants,Roland Bezuidenhout,NA,2404,ENG,1,2067,16.14,0.12,16.5
2025-03-29,Allan Pleasants,Cameron Goh,NA,2259,ENG,0,2062,16.38,0.24,16.5
2025-03-30,Allan Pleasants,Clive R Bowley,NA,1956,ENG,0.5,2059,17.03,0.65,17
2025-03-30,Allan Pleasants,Hooman Honarvarmahalati,NA,1918,ENG,0.5,2056,17.72,0.69,17.5
2025-04-04,Allan Pleasants,James Connor C Forster,NA,2015,ENG,0.5,2054,18.28,0.56,18
2025-04-15,Allan Pleasants,Adam Batson,NA,2009,ENG,0.5,2053,18.85,0.57,18.5
2025-04-18,Allan Pleasants,Alex Bullen,e1 alex bullen,2241,E1,0,2048,19.11,0.26,18.5
2025-04-18,Allan Pleasants,Georgi Korovski,e1 georgi korovski,1950,E1,0.5,2045,19.76,0.65,19
2025-04-19,Allan Pleasants,Sam Jukes,e1 sam jukes,2013,E1,0.5,2043,20.33,0.57,19.5
2025-04-19,Allan Pleasants,Emma Kong,e1 emma kong,1946,E1,0.5,2040,20.99,0.66,20
2025-04-20,Allan Pleasants,Adam Musson,w1 adam musson,2014,W1,1,2049,21.56,0.57,21
2025-04-21,Allan Pleasants,Michael Binks,e1 michael binks,1960,E1,0.5,2046,22.2,0.64,21.5
2025-04-21,Allan Pleasants,Alan Young,w1 alan young,2016,W1,0.5,2045,22.76,0.56,22
2025-04-28,Allan Pleasants,C Bruce Jenks,NA,2042,ENG,0.5,2044,23.29,0.53,22.5
2025-05-06,Allan Pleasants,Samuel Durno,NA,1963,ENG,0,2031,23.93,0.64,22.5
2025-05-11,Allan Pleasants,John McGregor,e1 john mcgregor,1921,E1,1,2038,24.62,0.69,23.5
2025-05-15,Allan Pleasants,Daniel Freeman,NA,1896,ENG,1,2043,25.34,0.72,24.5
2025-05-16,Allan Pleasants,Jan Murawski,NA,2265,ENG,0,2039,25.58,0.24,24.5
2025-05-17,Allan Pleasants,Alexander Hertog,NA,2029,ENG,0.5,2038,26.12,0.54,25
2025-05-17,Allan Pleasants,William Adaway,NA,1932,ENG,0.5,2034,26.8,0.68,25.5
2025-05-18,Allan Pleasants,Johnathan D Bourne,NA,1966,ENG,0.5,2032,27.43,0.63,26
2025-05-18,Allan Pleasants,Harry G Evans,NA,1991,ENG,0,2020,28.03,0.6,26
2025-01-11,Peter Kirby,Lawrence Northam,NA,1902,ENG,0.5,2055,0.71,0.71,0.5
2025-01-11,Peter Kirby,Alikhan Menseitov,NA,1843,ENG,1,2059,1.49,0.78,1.5
2025-01-12,Peter Kirby,Edward P Small,NA,1911,ENG,0.5,2055,2.19,0.7,2
2025-01-12,Peter Kirby,Dave Turner,g1 dave turner,1915,G1,1,2061,2.89,0.7,3
2025-01-13,Peter Kirby,Mark Adams,g1 mark adams,1975,G1,0.5,2059,3.51,0.62,3.5
2025-01-22,Peter Kirby,Peter Varley,g1 peter varley,2159,G1,0.5,2062,3.87,0.36,4
2025-01-27,Peter Kirby,Lee Davis,e1 lee davis,2100,E1,0,2053,4.31,0.44,4
2025-01-07,Peter Kirby,Benjamin Lappin,NA,1953,ENG,1,2060,4.96,0.65,5
2025-01-15,Peter Kirby,Nigel K Hosken,NA,2017,ENG,0.5,2059,5.52,0.56,5.5
2025-01-28,Peter Kirby,Matthew DJ jnr Wilson,NA,1979,ENG,0,2046,6.13,0.61,5.5
2025-02-12,Peter Kirby,David Llewellyn,e1 david llewellyn,1954,E1,0.5,2044,6.78,0.65,6
2025-02-04,Peter Kirby,Rob Cannell,NA,2288,ENG,0,2039,6.99,0.21,6
2025-02-11,Peter Kirby,Robert Ashworth,NA,1967,ENG,0.5,2037,7.62,0.63,6.5
2025-02-18,Peter Kirby,Ingrid Lauterbach,NA,2003,FIDE,0.5,2035,8.2,0.58,7
2025-02-19,Peter Kirby,Ian Aird,NA,1844,FIDE,0,2020,8.98,0.78,7
2025-02-20,Peter Kirby,Alfiya Turbayeva,NA,2019,FIDE,0,2008,9.54,0.56,7
2025-02-21,Peter Kirby,Mikhail Kindler,NA,2041,FIDE,0,1998,10.07,0.53,7
2025-02-23,Peter Kirby,Yurii Tykhonov,NA,2041,FIDE,0,1987,10.6,0.53,7
2025-02-24,Peter Kirby,Thomas Porschberg,NA,1967,FIDE,0.5,1985,11.23,0.63,7.5
2025-02-25,Peter Kirby,Frantisek Brokes,NA,2000,Est,0.5,1983,11.81,0.58,8
2025-02-26,Peter Kirby,Martin Sochor,NA,1898,FIDE,0,1969,12.53,0.72,8
2025-03-06,Peter Kirby,Duncan Dicks,NA,2043,ENG,0.5,1968,13.05,0.52,8.5
2025-03-12,Peter Kirby,Ben Sommerbauer-Cornell,NA,1980,ENG,1,1976,13.66,0.61,9.5
2025-03-19,Peter Kirby,Robert Ashworth,NA,1974,ENG,0.5,1974,14.28,0.62,10
2025-03-26,Peter Kirby,Alan Papier,NA,1813,ENG,0,1958,15.08,0.8,10
2025-04-26,Peter Kirby,Andrew Balfe,g1 andrew balfe,1601,G1,1,1960,15.98,0.9,11
2025-04-26,Peter Kirby,Chris Dixon,g1 chris dixon,1849,G1,1,1964,16.75,0.77,12
2025-04-27,Peter Kirby,Jonathan Gilbert,g1 jonathan gilbert,2038,G1,0.5,1964,17.28,0.53,12.5
2025-04-27,Peter Kirby,Lee Davis,e1 lee davis,2100,E1,0.5,1965,17.72,0.44,13
2025-04-03,Peter Kirby,Matt Gillings,NA,2038,ENG,0,1954,18.25,0.53,13
2025-04-08,Peter Kirby,Oscar Garcia,NA,2171,ENG,0,1947,18.59,0.34,13
2025-04-17,Peter Kirby,Zack Norris,NA,2032,ENG,0,1937,19.13,0.54,13
2025-04-22,Peter Kirby,David Collier,NA,1981,ENG,0.5,1934,19.74,0.61,13.5
2025-05-15,Peter Kirby,Edward Small,NA,1898,ENG,1,1940,20.46,0.72,14.5
2025-01-27,Jason Garcia,Andrew Gibbons,w1 andrew gibbons,1975,W1,0.5,2055,0.62,0.62,0.5
2025-02-02,Jason Garcia,James Tapp,e1 james tapp,2080,E1,1,2065,1.09,0.47,1.5
2025-02-05,Jason Garcia,Andrew Gibbons,w1 andrew gibbons,1975,W1,0.5,2063,1.71,0.62,2
2025-02-12,Jason Garcia,David Guy,w1 david guy,1857,W1,1,2068,2.47,0.76,3
2025-02-23,Jason Garcia,Tim Kett,e1 tim kett,2209,E1,0.5,2072,2.76,0.29,3.5
2025-03-07,Jason Garcia,Cian Ward,NA,1990,ENG,0,2060,3.36,0.6,3.5
2025-03-08,Jason Garcia,Freddie Pick,NA,2052,ENG,0,2050,3.87,0.51,3.5
2025-03-09,Jason Garcia,Nigel J Moyse,NA,1992,ENG,1,2058,4.46,0.59,4.5
2025-03-11,Jason Garcia,Matteo Favoni,w1 matteo favoni,2040,W1,0.5,2058,4.98,0.52,5
2025-03-19,Jason Garcia,John Arnold,w1 john arnold,1792,W1,1,2061,5.8,0.82,6
2025-03-23,Jason Garcia,Gary Slegg,n1 gary slegg,1762,N1,1,2064,6.65,0.85,7
2025-04-02,Jason Garcia,Malcolm Probert,w1 malcolm probert,1760,W1,1,2067,7.5,0.85,8
2025-04-08,Jason Garcia,Steve Smith,w1 steve smith,1919,W1,1,2074,8.19,0.69,9
2025-05-11,Jason Garcia,Hugo Fowler,g1 hugo fowler,2110,G1,1,2085,8.61,0.42,10
2025-01-17,Paul Hatchett,Justin Morgans,e1 justin morgans,1746,E1,1,2053,0.85,0.85,1
2025-02-01,Paul Hatchett,A Philip Neatherway,NA,1879,ENG,0.5,2048,1.58,0.73,1.5
2025-02-01,Paul Hatchett,Robert J Samuels,NA,1843,ENG,1,2053,2.35,0.77,2.5
2025-02-01,Paul Hatchett,Matthew Stewart,NA,1809,FIDE,1,2057,3.15,0.8,3.5
2025-02-02,Paul Hatchett,Matthew A Holmes,NA,1948,ENG,0.5,2054,3.79,0.64,4
2025-02-02,Paul Hatchett,Peter Davies,e1 peter davies,1968,E1,0,2042,4.41,0.62,4
2025-02-10,Paul Hatchett,Nigel Moyse,NA,1973,ENG,0.5,2040,5.02,0.61,4.5
2025-02-15,Paul Hatchett,Yiwen Ding,NA,1899,ENG,0.5,2036,5.72,0.7,5
2025-02-16,Paul Hatchett,Robert F Smith,NA,2222,ENG,0,2030,5.99,0.27,5
2025-02-23,Paul Hatchett,Alan Young,w1 alan young,2016,W1,0.5,2029,6.54,0.55,5.5
2025-03-10,Paul Hatchett,Aidan Ryan,NA,1861,ENG,0.5,2024,7.29,0.75,6
2025-03-17,Paul Hatchett,Victor Csajka,NA,1846,ENG,1,2029,8.05,0.76,7
2025-04-05,Paul Hatchett,John P Weatherlake,NA,1980,ENG,1,2037,8.65,0.6,8
2025-04-06,Paul Hatchett,Graham P Alcock,NA,1933,ENG,1,2044,9.31,0.66,9
2025-05-03,Paul Hatchett,Paul Doherty,NA,1846,ENG,0,2028,10.07,0.76,9
2025-05-04,Paul Hatchett,Justin Hadi,NA,2012,ENG,1,2037,10.62,0.55,10
2025-05-05,Paul Hatchett,Jennifer Goldsmith,NA,1632,ENG,1,2039,11.52,0.9,11
2025-05-24,Paul Hatchett,Yueyue Sui,NA,1894,ENG,0.5,2035,12.23,0.71,11.5
2025-05-24,Paul Hatchett,Adam Robinson,NA,1938,ENG,0.5,2032,12.89,0.66,12
2025-05-25,Paul Hatchett,Emma Kong,e1 emma kong,1946,E1,0.5,2029,13.54,0.65,12.5
2025-05-25,Paul Hatchett,Benjamin Lappin,NA,1936,ENG,1,2036,14.2,0.66,13.5
2025-05-26,Paul Hatchett,Shambavi Hariharan,NA,2149,ENG,0.5,2039,14.56,0.36,14
2025-05-26,Paul Hatchett,Chris R Beaumont,NA,2134,ENG,0,2031,14.94,0.38,14
2025-04-18,Alan Spice,Danylo Shevchenko,e1 danylo shevchenko,1667,E1,1,2052,0.9,0.9,1
2025-04-18,Alan Spice,Alexis Harakis,d1 alexis harakis,2292,D1,0.5,2058,1.1,0.2,1.5
2025-04-19,Alan Spice,Alex Bullen,e1 alex bullen,2241,E1,0,2053,1.35,0.25,1.5
2025-04-19,Alan Spice,Georgi Korovski,e1 georgi korovski,1950,E1,0,2040,1.99,0.64,1.5
2025-04-20,Alan Spice,Jon Tuson,d1 jon tuson,1807,D1,1,2044,2.79,0.8,2.5
2025-04-21,Alan Spice,Joe Fathallah,e1 joe fathallah,2043,E1,0,2034,3.3,0.51,2.5
2025-04-21,Alan Spice,Dave Turner,g1 dave turner,1915,G1,1,2040,3.99,0.69,3.5
2025-01-03,Robert G Clark,Luke Sullivan,NA,1820,ENG,0.5,2040,0.79,0.79,0.5
2025-01-04,Robert G Clark,David Smith,NA,1925,ENG,1,2047,1.46,0.67,1.5
2025-01-04,Robert G Clark,Akshath Shivakumar,NA,1895,ENG,0,2033,2.16,0.7,1.5
2025-01-28,Robert G Clark,Chris Doran,NA,2045,ENG,0,2023,2.66,0.5,1.5
2025-04-24,Robert G Clark,Brendan O'Gorman,NA,1837,ENG,0.5,2017,3.43,0.77,2
2025-04-25,Robert G Clark,Raymond Wynarczyk,NA,1893,ENG,0.5,2013,4.14,0.71,2.5
2025-04-25,Robert G Clark,Richard Johnson,NA,1936,ENG,1,2020,4.79,0.65,3.5
2025-04-26,Robert G Clark,Mike Donnelly,NA,1968,ENG,0.5,2018,5.4,0.61,4
2025-04-27,Robert G Clark,Alan Hall,NA,1821,ENG,0.5,2012,6.19,0.79,4.5
2025-04-28,Robert G Clark,Paul Habershon,NA,1960,ENG,0.5,2010,6.81,0.62,5
2025-05-09,Robert G Clark,Harry Grieve,NA,2563,ENG,0,2008,6.91,0.1,5
2025-05-10,Robert G Clark,Denys Podcherniaeva,n1 denys podcherniaeva,1874,N1,0,1993,7.64,0.73,5
2025-05-10,Robert G Clark,Mark Bastow,n1 mark bastow,1977,N1,0.5,1991,8.24,0.6,5.5
2025-01-08,Joe Fathallah,Michael Binks,e1 michael binks,1960,E1,0.5,2041,0.62,0.62,0.5
2025-01-15,Joe Fathallah,Peter Quinn,e1 peter quinn,1826,E1,1,2045,1.4,0.78,1.5
2025-01-17,Joe Fathallah,Roy Thomas,e1 roy thomas,1901,E1,1,2051,2.09,0.69,2.5
2025-01-18,Joe Fathallah,Adam May,w1 adam may,1921,W1,0.5,2048,2.76,0.67,3
2025-01-18,Joe Fathallah,Emma Kong,e1 emma kong,1946,E1,0.5,2045,3.4,0.64,3.5
2025-01-19,Joe Fathallah,David Robinson,e1 david robinson,1898,E1,1,2051,4.1,0.7,4.5
2025-01-19,Joe Fathallah,Rudy van Kemenade,n1 rudy van kemenade,1946,N1,1,2058,4.74,0.64,5.5
2025-01-29,Joe Fathallah,Tom Brown,e1 tom brown,2155,E1,1,2072,5.08,0.34,6.5
2025-02-02,Joe Fathallah,Gareth Yeo,e1 gareth yeo,2078,E1,0.5,2073,5.53,0.45,7
2025-02-05,Joe Fathallah,Nick Van Noorden,e1 nick van noorden,1888,E1,0,2058,6.24,0.71,7
2025-02-12,Joe Fathallah,Sam Rhydderch,e1 sam rhydderch,1451,E1,1,2060,7.14,0.9,8
2025-02-15,Joe Fathallah,Steve Williams (Cwm),g1 steve williams (cwm),1850,G1,1,2065,7.89,0.75,9
2025-02-15,Joe Fathallah,Lucas James,g1 lucas james,1748,G1,0.5,2058,8.74,0.85,9.5
2025-02-15,Joe Fathallah,Suraj Prabhu,e1 suraj prabhu,1718,E1,1,2061,9.61,0.87,10.5
2025-02-18,Joe Fathallah,Peter T Roberson,NA,2502,ENG,0,2059,9.71,0.1,10.5
2025-02-18,Joe Fathallah,Junyan Hu,NA,1961,ENG,0.5,2057,10.33,0.62,11
2025-02-19,Joe Fathallah,Mark B Waterfield,NA,1996,ENG,0,2045,10.9,0.57,11
2025-02-20,Joe Fathallah,Alan Moseley,NA,1846,ENG,0,2030,11.66,0.76,11
2025-02-20,Joe Fathallah,Harvey Li,NA,1825,ENG,1,2035,12.44,0.78,12
2025-02-21,Joe Fathallah,Nicolas Skettos,NA,2051,ENG,0,2025,12.93,0.49,12
2025-02-22,Joe Fathallah,Alexandra Prado,NA,1938,FIDE,0,2012,13.58,0.65,12
2025-02-23,Joe Fathallah,Yiwen Ding,NA,1899,ENG,1,2018,14.28,0.7,13
2025-03-12,Joe Fathallah,Tim Kett,e1 tim kett,2209,E1,0.5,2023,14.56,0.28,13.5
2025-03-19,Joe Fathallah,James Tapp,e1 james tapp,2080,E1,0.5,2024,15.01,0.45,14
2025-03-23,Joe Fathallah,Adam Musson,w1 adam musson,2014,W1,0,2013,15.55,0.54,14
2025-03-26,Joe Fathallah,Reginald Mba,e1 reginald mba,1962,E1,0.5,2011,16.16,0.61,14.5
2025-03-29,Joe Fathallah,Kai Hanache,NA,2269,ENG,0,2006,16.37,0.21,14.5
2025-03-29,Joe Fathallah,Akshath Shivakumar,NA,1991,ENG,0,1995,16.94,0.57,14.5
2025-03-30,Joe Fathallah,Bruce L Baer,NA,2052,ENG,1,2005,17.43,0.49,15.5
2025-03-30,Joe Fathallah,Junyan Hu,NA,1975,ENG,0.5,2003,18.03,0.6,16
2025-04-09,Joe Fathallah,Bence Szakmany,e1 bence szakmany,1969,E1,1,2011,18.63,0.6,17
2025-04-14,Joe Fathallah,Jonathan Gilbert,g1 jonathan gilbert,2038,G1,0,2001,19.14,0.51,17
2025-04-16,Joe Fathallah,Joshua McKenna,e1 joshua mckenna,1801,E1,0,1985,19.94,0.8,17
2025-04-18,Joe Fathallah,Jose Camacho Collados,e1 jose camacho collados,2418,E1,0,1983,20.04,0.1,17
2025-04-18,Joe Fathallah,Georgi Korovski,e1 georgi korovski,1950,E1,1,1990,20.67,0.63,18
2025-04-19,Joe Fathallah,Emma Kong,e1 emma kong,1946,E1,0.5,1987,21.31,0.64,18.5
2025-04-19,Joe Fathallah,Adam Musson,w1 adam musson,2014,W1,1,1997,21.85,0.54,19.5
2025-04-20,Joe Fathallah,Tim Kett,e1 tim kett,2209,E1,0,1991,22.13,0.28,19.5
2025-04-21,Joe Fathallah,Bence Szakmany,e1 bence szakmany,1969,E1,0.5,1989,22.73,0.6,20
2025-04-21,Joe Fathallah,Alan Spice,e1 alan spice,2050,E1,1,1999,23.22,0.49,21
2025-04-23,Joe Fathallah,Kristan Enoch,e1 kristan enoch,1747,E1,1,2002,24.07,0.85,22
2025-04-30,Joe Fathallah,Tomasz Zaporowski,e1 tomasz zaporowski,1800,E1,0.5,1996,24.87,0.8,22.5
2025-05-14,Joe Fathallah,Zack Wilkins,e1 zack wilkins,1724,E1,1,1999,25.73,0.86,23.5
2025-05-21,Joe Fathallah,Derek Jones,e1 derek jones,1944,E1,1,2006,26.37,0.64,24.5
2025-05-24,Joe Fathallah,Julie van Kemenade,n1 julie van kemenade,1789,N1,1,2010,27.18,0.81,25.5
2025-05-24,Joe Fathallah,Daniel Gomez,NA,2124,ENG,0.5,2012,27.57,0.39,26
2025-05-25,Joe Fathallah,Timothy Headlong,NA,2087,ENG,0.5,2013,28.01,0.44,26.5
2025-05-25,Joe Fathallah,Bruce L Baer,NA,2058,ENG,0.5,2014,28.49,0.48,27
2025-05-26,Joe Fathallah,Joe Varley,NA,2097,ENG,0,2005,28.91,0.42,27
2025-05-26,Joe Fathallah,David Smith,NA,1915,ENG,1,2012,29.59,0.68,28
2025-05-28,Joe Fathallah,Hefin Jones,e1 hefin jones,1550,E1,1,2014,30.49,0.9,29
2025-01-07,William Hewitt,Steve Smith,w1 steve smith,1919,W1,0,2028,0.67,0.67,0
2025-01-11,William Hewitt,Sathya Vaidyanathan,NA,1963,ENG,1,2035,1.28,0.61,1
2025-01-12,William Hewitt,Robert Ashworth,NA,1974,ENG,0,2024,1.88,0.6,1
2025-01-27,William Hewitt,Adam Musson,w1 adam musson,2014,W1,0,2013,2.42,0.54,1
2025-02-02,William Hewitt,Michael Binks,e1 michael binks,1960,E1,1,2020,3.03,0.61,2
2025-02-05,William Hewitt,Adam Musson,w1 adam musson,2014,W1,0,2010,3.57,0.54,2
2025-02-12,William Hewitt,Gareth Harper,w1 gareth harper,1717,W1,1,2012,4.44,0.87,3
2025-02-23,William Hewitt,Gareth Yeo,e1 gareth yeo,2078,E1,0.5,2013,4.89,0.45,3.5
2025-03-23,William Hewitt,John Mcgregor,e1 john mcgregor,1921,E1,0.5,2010,5.56,0.67,4
2025-04-05,William Hewitt,Daniel Gomez,NA,2141,ENG,0.5,2013,5.92,0.36,4.5
2025-04-06,William Hewitt,Nick W Faulks,NA,1952,ENG,0,2000,6.55,0.63,4.5
2025-04-30,William Hewitt,Andrew Gibbons,w1 andrew gibbons,1975,W1,0,1989,7.14,0.59,4.5
2025-05-03,William Hewitt,Adam Scoular,NA,1921,ENG,1,1995,7.81,0.67,5.5
2025-05-04,William Hewitt,Senith Gunarathne,NA,2056,ENG,0,1986,8.29,0.48,5.5
2025-05-05,William Hewitt,Darsh Santosh Kumar,NA,1685,ENG,1,1988,9.18,0.89,6.5
2025-05-21,William Hewitt,Elliott Chapman,w1 elliott chapman,1604,W1,0.5,1980,10.08,0.9,7
2025-06-03,William Hewitt,Andrew Powell,w1 andrew powell,1461,W1,1,1982,10.98,0.9,8
2025-01-14,Matteo Favoni,Vismith Prabhu,w1 vismith prabhu,1904,W1,0.5,2036,0.69,0.69,0.5
2025-01-20,Matteo Favoni,Ian Jones,w1 ian jones,1939,W1,0.5,2033,1.33,0.64,1
2025-01-21,Matteo Favoni,Adam Musson,w1 adam musson,2014,W1,1,2043,1.87,0.54,2
2025-02-10,Matteo Favoni,Adam Musson,w1 adam musson,2014,W1,0,2032,2.41,0.54,2
2025-02-23,Matteo Favoni,John Mcgregor,e1 john mcgregor,1921,E1,1,2039,3.07,0.66,3
2025-02-25,Matteo Favoni,Vismith Prabhu,w1 vismith prabhu,1904,W1,1,2045,3.76,0.69,4
2025-03-11,Matteo Favoni,Jason Garcia,w1 jason garcia,2057,W1,0.5,2045,4.24,0.48,4.5
2025-03-17,Matteo Favoni,Adam Musson,w1 adam musson,2014,W1,0.5,2045,4.78,0.54,5
2025-03-23,Matteo Favoni,Anezka Vlkova,e1 anezka vlkova,1948,E1,0,2032,5.41,0.63,5
2025-03-24,Matteo Favoni,Adam Musson,w1 adam musson,2014,W1,0,2021,5.95,0.54,5
2025-04-16,Matteo Favoni,Vismith Prabhu,w1 vismith prabhu,1904,W1,1,2028,6.64,0.69,6
2025-04-23,Matteo Favoni,Vismith Prabhu,w1 vismith prabhu,1904,W1,1,2034,7.33,0.69,7
2025-05-06,Matteo Favoni,Alan Young,w1 alan young,2016,W1,1,2043,7.86,0.53,8
2025-05-11,Matteo Favoni,Gareth Harding,e1 gareth harding,1723,E1,1,2046,8.72,0.86,9
2025-01-05,Richard Cleveland,Alan Young,w1 alan young,2016,W1,0,2027,0.53,0.53,0
2025-01-21,Richard Cleveland,Donovan Sipho,w1 donovan sipho,1803,W1,1,2031,1.32,0.79,1
2025-01-27,Richard Cleveland,Alan Young,w1 alan young,2016,W1,0,2021,1.85,0.53,1
2025-02-05,Richard Cleveland,Vismith Prabhu,w1 vismith prabhu,1904,W1,0.5,2017,2.53,0.68,1.5
2025-03-17,Richard Cleveland,Donovan Sipho,w1 donovan sipho,1803,W1,1,2021,3.32,0.79,2.5
2025-04-09,Richard Cleveland,Malcolm Probert,w1 malcolm probert,1760,W1,1,2025,4.15,0.83,3.5
2025-04-28,Richard Cleveland,John Arnold,w1 john arnold,1792,W1,0.5,2019,4.95,0.8,4
2025-04-30,Richard Cleveland,Vismith Prabhu,w1 vismith prabhu,1904,W1,0,2005,5.63,0.68,4
2025-01-15,Jonathan Gilbert,William Phillips,g1 william phillips,1862,G1,1,2043,0.73,0.73,1
2025-01-27,Jonathan Gilbert,Tim Kett,e1 tim kett,2209,E1,0.5,2048,1,0.27,1.5
2025-02-03,Jonathan Gilbert,Michael Binks,e1 michael binks,1960,E1,0,2036,1.61,0.61,1.5
2025-02-12,Jonathan Gilbert,Mark Adams,g1 mark adams,1975,G1,0.5,2034,2.2,0.59,2
2025-02-18,Jonathan Gilbert,Joseph Addis,g1 joseph addis,1935,G1,1,2041,2.84,0.64,3
2025-03-03,Jonathan Gilbert,Roy Thomas,e1 roy thomas,1901,E1,1,2047,3.53,0.69,4
2025-03-12,Jonathan Gilbert,Tom Brown,e1 tom brown,2155,E1,0,2040,3.87,0.34,4
2025-03-18,Jonathan Gilbert,Kam Choo Yin,e1 kam choo yin,1759,E1,0.5,2034,4.7,0.83,4.5
2025-04-09,Jonathan Gilbert,Georgi Korovski,e1 georgi korovski,1950,E1,1,2041,5.32,0.62,5.5
2025-04-14,Jonathan Gilbert,Joe Fathallah,e1 joe fathallah,2043,E1,1,2052,5.81,0.49,6.5
2025-04-26,Jonathan Gilbert,Peter Varley,g1 peter varley,2159,G1,0.5,2055,6.14,0.33,7
2025-04-27,Jonathan Gilbert,Peter Kirby,g1 peter kirby,2059,G1,0.5,2055,6.61,0.47,7.5
2025-04-25,Jonathan Gilbert,Ron Williams,g1 ron williams,1636,G1,1,2057,7.51,0.9,8.5
2025-04-26,Jonathan Gilbert,Liam Powell-Jones,g1 liam powell-jones,1680,G1,1,2060,8.4,0.89,9.5
2025-04-27,Jonathan Gilbert,Steve Williams (Cwm),g1 steve williams (cwm),1850,G1,1,2065,9.15,0.75,10.5
2025-05-07,Jonathan Gilbert,Alex Bullen,e1 alex bullen,2241,E1,0.5,2070,9.39,0.24,11
2025-05-19,Jonathan Gilbert,James Tapp,e1 james tapp,2080,E1,0.5,2071,9.83,0.44,11.5
2025-01-07,Jonathan James,Daniel Wilmot,e1 daniel wilmot,1974,E1,1,2035,0.58,0.58,1
2025-01-28,Jonathan James,David Lewis,e1 david lewis,1785,E1,1,2039,1.38,0.8,2
2025-03-04,Jonathan James,David Llewellyn,e1 david llewellyn,1954,E1,1,2047,1.98,0.6,3
2025-03-11,Jonathan James,Gwyn Havard,e1 gwyn havard,1793,E1,0.5,2042,2.77,0.79,3.5
2025-03-19,Jonathan James,Emma Kong,e1 emma kong,1946,E1,1,2049,3.38,0.61,4.5
2025-04-07,Jonathan James,Lachlan Tyrell,e1 lachlan tyrell,1798,E1,0.5,2043,4.17,0.79,5
2025-05-12,Jonathan James,Kevin Evans,e1 kevin evans,2007,E1,0.5,2043,4.7,0.53,5.5
2025-04-28,John D Thornton,David Llewellyn,e1 david llewellyn,1954,E1,0.5,2015,0.59,0.59,0.5
2025-01-15,Gwynfor Rees,George Turner,e1 george turner,1984,E1,0,2005,0.55,0.55,0
2025-01-27,Gwynfor Rees,John McGregor,e1 john mcgregor,1921,E1,0.5,2002,1.18,0.63,0.5
2025-02-03,Gwynfor Rees,Andrew Di-Vetta,e1 andrew di-vetta,1787,E1,1,2007,1.97,0.79,1.5
2025-03-03,Gwynfor Rees,Derek Jones,e1 derek jones,1944,E1,1,2015,2.57,0.6,2.5
2025-03-12,Gwynfor Rees,Reginald Mba,e1 reginald mba,1962,E1,0,2003,3.15,0.58,2.5
2025-03-17,Gwynfor Rees,Bence Szakmany,e1 bence szakmany,1969,E1,1,2012,3.72,0.57,3.5
2025-04-09,Gwynfor Rees,Matthew Davies,e1 matthew davies,1990,E1,0,2001,4.26,0.54,3.5
2025-04-14,Gwynfor Rees,Emma Kong,e1 emma kong,1946,E1,1,2009,4.86,0.6,4.5
2025-05-07,Gwynfor Rees,Nick Van Noorden,e1 nick van noorden,1888,E1,1,2015,5.54,0.68,5.5
2025-05-19,Gwynfor Rees,Piotr Graczyk,e1 piotr graczyk,1761,E1,1,2019,6.35,0.81,6.5
2025-01-05,Alan Young,Richard Cleveland,w1 richard cleveland,2038,W1,1,2027,0.47,0.47,1
2025-01-27,Alan Young,Richard Cleveland,w1 richard cleveland,2038,W1,1,2037,0.94,0.47,2
2025-02-12,Alan Young,Chris Daniel,w1 chris daniel,1745,W1,1,2041,1.77,0.83,3
2025-02-23,Alan Young,Paul Hatchett,e1 paul hatchett,2050,E1,0.5,2042,2.22,0.45,3.5
2025-03-11,Alan Young,Donovan Sipho,w1 donovan sipho,1803,W1,0.5,2036,2.99,0.77,4
2025-03-19,Alan Young,Huw Jones,w1 huw jones,1776,W1,1,2040,3.79,0.8,5
2025-03-23,Alan Young,Gareth Harding,e1 gareth harding,1723,E1,1,2043,4.63,0.84,6
2025-03-28,Alan Young,Richard W Ursell,NA,1893,ENG,0.5,2040,5.3,0.67,6.5
2025-03-29,Alan Young,William Adaway,NA,1935,ENG,1,2048,5.91,0.61,7.5
2025-03-29,Alan Young,Billy Fellowes,NA,2268,ENG,0,2044,6.1,0.19,7.5
2025-03-30,Alan Young,Johnathan D Bourne,NA,1956,ENG,1,2052,6.69,0.59,8.5
2025-03-30,Alan Young,Clive R Bowley,NA,1962,ENG,1,2061,7.27,0.58,9.5
2025-04-02,Alan Young,David Guy,w1 david guy,1857,W1,0.5,2056,7.98,0.71,10
2025-04-18,Alan Young,Joshua McKenna,e1 joshua mckenna,1801,E1,1,2061,8.76,0.78,11
2025-04-18,Alan Young,Alex Freeland,e1 alex freeland,2082,E1,0.5,2063,9.17,0.41,11.5
2025-04-19,Alan Young,Jonathan LB Blackburn,g1 jonathan lb blackburn,2291,G1,0,2059,9.34,0.17,11.5
2025-04-19,Alan Young,Alexis Harakis,d1 alexis harakis,2292,D1,0,2056,9.51,0.17,11.5
2025-04-20,Alan Young,Danylo Shevchenko,e1 danylo shevchenko,1667,E1,1,2058,10.39,0.88,12.5
2025-04-21,Alan Young,Emma Kong,e1 emma kong,1946,E1,0.5,2056,10.99,0.6,13
2025-04-21,Alan Young,Allan Pleasants,e1 allan pleasants,2060,E1,0.5,2058,11.43,0.44,13.5
2025-04-23,Alan Young,Thomas Van Veelen,NA,2055,FIDE,0,2049,11.87,0.44,13.5
2025-04-30,Alan Young,Adam Musson,w1 adam musson,2014,W1,0.5,2049,12.37,0.5,14
2025-05-06,Alan Young,Matteo Favoni,w1 matteo favoni,2040,W1,0,2039,12.84,0.47,14
2025-05-14,Alan Young,Adam Musson,w1 adam musson,2014,W1,0,2029,13.34,0.5,14
2025-05-21,Alan Young,Carl Halpin,w1 carl halpin,1576,W1,0.5,2021,14.24,0.9,14.5
2025-06-03,Alan Young,Tony Goodchild,w1 tony goodchild,1526,W1,1,2023,15.14,0.9,15.5
2025-06-11,Alan Young,Farouq Nasir,w1 farouq nasir,1670,W1,1,2026,16.02,0.88,16.5
2025-06-16,Alan Young,David Foster,w1 david foster,1567,W1,1,2028,16.92,0.9,17.5
2025-01-05,Adam Musson,Allan Pleasants,e1 allan pleasants,2060,E1,1,2025,0.43,0.43,1
2025-01-09,Adam Musson,Tim Kett,e1 tim kett,2209,E1,0,2020,0.68,0.25,1
2025-01-17,Adam Musson,Chris Dixon,g1 chris dixon,1849,G1,1,2026,1.4,0.72,2
2025-01-18,Adam Musson,George Turner,e1 george turner,1984,E1,0,2015,1.94,0.54,2
2025-01-19,Adam Musson,Adam May,w1 adam may,1921,W1,1,2023,2.57,0.63,3
2025-01-19,Adam Musson,Grzegorz Toczek,e1 grzegorz toczek,2300,E1,0,2019,2.73,0.16,3
2025-01-21,Adam Musson,Matteo Favoni,w1 matteo favoni,2040,W1,0,2010,3.19,0.46,3
2025-01-27,Adam Musson,William Hewitt,w1 william hewitt,2041,W1,1,2021,3.65,0.46,4
2025-01-29,Adam Musson,Ivan De La Cruz,e1 ivan de la cruz,2110,E1,0,2013,4.02,0.37,4
2025-02-02,Adam Musson,Tim Kett,e1 tim kett,2209,E1,0,2009,4.27,0.25,4
2025-02-05,Adam Musson,William Hewitt,w1 william hewitt,2041,W1,1,2019,4.73,0.46,5
2025-02-10,Adam Musson,Matteo Favoni,w1 matteo favoni,2040,W1,1,2030,5.19,0.46,6
2025-02-13,Adam Musson,Nick Van Noorden,e1 nick van noorden,1888,E1,0,2017,5.86,0.67,6
2025-02-23,Adam Musson,Hugo Fowler,g1 hugo fowler,2110,G1,0,2009,6.23,0.37,6
2025-03-03,Adam Musson,Vismith Prabhu,w1 vismith prabhu,1904,W1,1,2016,6.88,0.65,7
2025-03-10,Adam Musson,Steve Smith,w1 steve smith,1919,W1,1,2024,7.51,0.63,8
2025-03-13,Adam Musson,David Robinson,e1 david robinson,1898,E1,1,2030,8.17,0.66,9
2025-03-17,Adam Musson,Matteo Favoni,w1 matteo favoni,2040,W1,0.5,2031,8.63,0.46,9.5
2025-03-20,Adam Musson,George Turner,e1 george turner,1984,E1,1,2040,9.17,0.54,10.5
2025-03-23,Adam Musson,Joe Fathallah,e1 joe fathallah,2043,E1,1,2051,9.63,0.46,11.5
2025-03-24,Adam Musson,Matteo Favoni,w1 matteo favoni,2040,W1,1,2062,10.09,0.46,12.5
2025-03-31,Adam Musson,Daniel Wilmot,e1 daniel wilmot,1974,E1,1,2071,10.65,0.56,13.5
2025-04-09,Adam Musson,David Guy,w1 david guy,1857,W1,1,2076,11.36,0.71,14.5
2025-04-15,Adam Musson,James Tapp,e1 james tapp,2080,E1,0.5,2078,11.77,0.41,15
2025-04-18,Adam Musson,Jon Tuson,d1 jon tuson,1807,D1,1,2083,12.54,0.77,16
2025-04-18,Adam Musson,Jonathan LB Blackburn,g1 jonathan lb blackburn,2291,G1,0.5,2090,12.71,0.17,16.5
2025-04-19,Adam Musson,Grzegorz Toczek,e1 grzegorz toczek,2300,E1,0,2086,12.87,0.16,16.5
2025-04-19,Adam Musson,Joe Fathallah,e1 joe fathallah,2043,E1,0,2077,13.33,0.46,16.5
2025-04-20,Adam Musson,Allan Pleasants,e1 allan pleasants,2060,E1,0,2069,13.76,0.43,16.5
2025-04-21,Adam Musson,Darson Beeston,w1 darson beeston,1741,W1,0,2052,14.59,0.83,16.5
2025-04-28,Adam Musson,Kevin Evans,e1 kevin evans,2007,E1,1,2062,15.1,0.51,17.5
2025-04-30,Adam Musson,Alan Young,w1 alan young,2016,W1,0.5,2062,15.6,0.5,18
2025-05-11,Adam Musson,Roy Thomas,e1 roy thomas,1901,E1,1,2069,16.26,0.66,19
2025-05-14,Adam Musson,Alan Young,w1 alan young,2016,W1,1,2079,16.76,0.5,20
2025-05-20,Adam Musson,Tom Brown,e1 tom brown,2155,E1,1,2093,17.07,0.31,21
2024-12-28,Sam Jukes,Brendan J Ruane,NA,1922,ENG,1,2020,0.63,0.63,1
2024-12-29,Sam Jukes,Jan Dette,NA,2150,ENG,0,2014,0.94,0.31,1
2024-12-29,Sam Jukes,Jack Liu,NA,2299,ENG,0,2011,1.1,0.16,1
2024-12-30,Sam Jukes,Laurence A Butt,NA,1902,ENG,1,2018,1.75,0.65,2
2024-12-31,Sam Jukes,Valentina Verbin,NA,2093,FIDE,0,2010,2.14,0.39,2
2024-12-31,Sam Jukes,Hyunbin Choi,NA,1693,FIDE,1,2013,3,0.86,3
2025-01-01,Sam Jukes,Tom Brown,e1 tom brown,2155,E1,0.5,2017,3.31,0.31,3.5
2025-01-02,Sam Jukes,Martin P Burrows,NA,2167,ENG,1,2031,3.6,0.29,4.5
2025-01-03,Sam Jukes,Aron Saunders,NA,2209,ENG,0.5,2036,3.84,0.24,5
2025-01-08,Sam Jukes,Andrei Zhuravlev,e1 andrei zhuravlev,1606,E1,1,2038,4.74,0.9,6
2025-01-11,Sam Jukes,Roger DW Marsh,NA,1954,ENG,0,2026,5.32,0.58,6
2025-01-12,Sam Jukes,Vishnu Kirupakaran,NA,1918,ENG,1,2034,5.95,0.63,7
2025-01-13,Sam Jukes,Kevin Evans,e1 kevin evans,2007,E1,1,2043,6.46,0.51,8
2025-01-15,Sam Jukes,Kam Choo Yin,e1 kam choo yin,1759,E1,1,2047,7.27,0.81,9
2025-01-17,Sam Jukes,Zack Wilkins,e1 zack wilkins,1724,E1,1,2050,8.11,0.84,10
2025-01-18,Sam Jukes,Michael Binks,e1 michael binks,1960,E1,1,2059,8.69,0.58,11
2025-01-18,Sam Jukes,Tom Brown,e1 tom brown,2155,E1,0,2053,9,0.31,11
2025-01-19,Sam Jukes,Ifan Rathbone-Jones,n1 ifan rathbone-jones,2270,N1,0,2049,9.19,0.19,11
2025-01-19,Sam Jukes,Dave Turner,g1 dave turner,1915,G1,1,2056,9.83,0.64,12
2025-01-22,Sam Jukes,Abir Deshpande,e1 abir deshpande,1310,E1,1,2058,10.73,0.9,13
2025-01-29,Sam Jukes,Reginald Mba,e1 reginald mba,1962,E1,0,2047,11.3,0.57,13
2025-02-02,Sam Jukes,John Weatherlake,NA,1993,ENG,1,2056,11.83,0.53,14
2025-02-05,Sam Jukes,Anezka Vlkova,e1 anezka vlkova,1948,E1,0,2044,12.42,0.59,14
2025-02-15,Sam Jukes,Senith Thenula Gunrathne,NA,1967,ENG,0,2033,12.99,0.57,14
2025-02-16,Sam Jukes,Jacques Tivillier,NA,1902,ENG,0,2020,13.64,0.65,14
2025-02-18,Sam Jukes,Lorenzo Fava,NA,2385,ENG,0,2018,13.75,0.11,14
2025-02-18,Sam Jukes,Theo Khoury,NA,2263,ENG,1,2034,13.94,0.19,15
2025-02-19,Sam Jukes,Jack Liu,NA,2290,ENG,0,2031,14.11,0.17,15
2025-02-20,Sam Jukes,Patrick Damodaran,NA,2191,ENG,0.5,2035,14.37,0.26,15.5
2025-02-21,Sam Jukes,Harry Z Zheng,NA,2224,ENG,0,2031,14.6,0.23,15.5
2025-03-05,Sam Jukes,Georgi Korovski,e1 georgi korovski,1950,E1,1,2039,15.19,0.59,16.5
2025-03-08,Sam Jukes,Dai James,e1 dai james,1872,E1,0,2025,15.88,0.69,16.5
2025-03-08,Sam Jukes,Guy Wagner,e1 guy wagner,1832,E1,0,2010,16.62,0.74,16.5
2025-03-09,Sam Jukes,Bence Szakmany,e1 bence szakmany,1969,E1,1,2019,17.18,0.56,17.5
2025-03-09,Sam Jukes,Joseph Browse,e1 joseph browse,1825,E1,1,2024,17.93,0.75,18.5
2025-03-12,Sam Jukes,Pete Heaven,e1 pete heaven,2114,E1,0,2017,18.29,0.36,18.5
2025-03-15,Sam Jukes,Tim Kett,e1 tim kett,2209,E1,0.5,2022,18.53,0.24,19
2025-03-15,Sam Jukes,Joshua McKenna,e1 joshua mckenna,1801,E1,0.5,2017,19.3,0.77,19.5
2025-03-15,Sam Jukes,Bob Hurn,e1 bob hurn,1612,E1,1,2019,20.2,0.9,20.5
2025-03-16,Sam Jukes,Roy Thomas,e1 roy thomas,1901,E1,1,2026,20.86,0.66,21.5
2025-03-19,Sam Jukes,George Turner,e1 george turner,1984,E1,0,2015,21.4,0.54,21.5
2025-03-23,Sam Jukes,Ian Jones,w1 ian jones,1939,W1,1,2023,22,0.6,22.5
2025-03-25,Sam Jukes,David Robinson,e1 david robinson,1898,E1,1,2030,22.66,0.66,23.5
2025-03-26,Sam Jukes,Hefin Jones,e1 hefin jones,1550,E1,1,2032,23.56,0.9,24.5
2025-04-02,Sam Jukes,Georgi Korovski,e1 georgi korovski,1950,E1,1,2040,24.15,0.59,25.5
2025-04-09,Sam Jukes,Peter Slater,e1 peter slater,1754,E1,1,2043,24.97,0.82,26.5
2025-04-12,Sam Jukes,Yvon Van Neerven,NA,1528,FIDE,1,2045,25.87,0.9,27.5
2025-04-13,Sam Jukes,Raymond J Ilett,NA,1913,ENG,1,2053,26.51,0.64,28.5
2025-04-14,Sam Jukes,Gareth Yeo,e1 gareth yeo,2078,E1,1,2064,26.92,0.41,29.5
2025-04-16,Sam Jukes,Ivan De La Cruz,e1 ivan de la cruz,2110,E1,1,2077,27.28,0.36,30.5
2025-04-18,Sam Jukes,Grzegorz Toczek,e1 grzegorz toczek,2300,E1,0,2074,27.44,0.16,30.5
2025-04-18,Sam Jukes,Dave Turner,g1 dave turner,1915,G1,0.5,2071,28.08,0.64,31
2025-04-19,Sam Jukes,Allan Pleasants,e1 allan pleasants,2060,E1,0.5,2073,28.51,0.43,31.5
2025-04-19,Sam Jukes,Danylo Shevchenko,e1 danylo shevchenko,1667,E1,1,2075,29.39,0.88,32.5
2025-04-20,Sam Jukes,Lee Davis,e1 lee davis,2100,E1,1,2087,29.77,0.38,33.5
2025-04-21,Sam Jukes,Jonathan LB Blackburn,g1 jonathan lb blackburn,2291,G1,0,2084,29.94,0.17,33.5
2025-04-21,Sam Jukes,Rudy van Kemenade,n1 rudy van kemenade,1946,N1,1,2092,30.54,0.6,34.5
2025-04-30,Sam Jukes,James Tapp,e1 james tapp,2080,E1,0,2084,30.94,0.4,34.5
2025-05-03,Sam Jukes,David Barnes,NA,1854,ENG,1,2090,31.65,0.71,35.5
2025-05-04,Sam Jukes,Philip M Stimpson,NA,1977,ENG,1,2099,32.2,0.55,36.5
2025-05-05,Sam Jukes,Maurice J Hill,NA,1831,ENG,1,2104,32.94,0.74,37.5
2025-05-11,Sam Jukes,Derek Jones,e1 derek jones,1944,E1,0.5,2102,33.54,0.6,38
2025-05-14,Sam Jukes,James Tapp,e1 james tapp,2080,E1,0,2094,33.94,0.4,38
2025-05-16,Sam Jukes,Chris R Beaumont,NA,2134,ENG,0,2087,34.27,0.33,38
2025-05-17,Sam Jukes,Seth Woozeer,NA,1851,ENG,0.5,2083,34.99,0.72,38.5
2025-05-17,Sam Jukes,Adam May,w1 adam may,1921,W1,1,2090,35.62,0.63,39.5
2025-05-18,Sam Jukes,Derek C Pugh,NA,2088,ENG,1,2102,36.01,0.39,40.5
2025-05-18,Sam Jukes,Junyi Zhang,NA,2168,ENG,0.5,2107,36.3,0.29,41
2025-05-21,Sam Jukes,Daniel Wilmot,e1 daniel wilmot,1974,E1,1,2115,36.86,0.56,42
2025-05-28,Sam Jukes,Bill Harle,e1 bill harle,1787,E1,1,2120,37.65,0.79,43
2025-01-16,Patrick Bennett,Richard Lee,NA,2148,ENG,0,2004,0.31,0.31,0
2025-02-27,Patrick Bennett,John Ewens,NA,1950,ENG,1,2012,0.9,0.59,1
2025-03-04,Patrick Bennett,Simon Laythe,NA,1947,ENG,0,2000,1.49,0.59,1
2025-03-13,Patrick Bennett,Malcolm Roberts,NA,1809,ENG,0,1985,2.25,0.76,1
2025-03-20,Patrick Bennett,Kamil Zak,NA,1985,ENG,1,1994,2.79,0.54,2
2025-04-17,Patrick Bennett,Simon Hood,NA,2036,ENG,0,1985,3.25,0.46,2
2025-04-29,Patrick Bennett,Simon Hood,NA,2036,ENG,0,1976,3.71,0.46,2
2025-05-01,Patrick Bennett,Michael Hancock,NA,1978,ENG,0,1965,4.26,0.55,2
2025-05-15,Patrick Bennett,John Hicks,NA,1773,ENG,1,1969,5.06,0.8,3
2025-06-05,Patrick Bennett,Malcolm Roberts,NA,1804,ENG,1,1974,5.83,0.77,4
2025-06-27,Patrick Bennett,Lucas James,g1 lucas james,1748,G1,1,1977,6.65,0.82,5
2025-06-28,Patrick Bennett,Bernard Chan,NA,2192,ENG,0,1972,6.91,0.26,5
2025-06-28,Patrick Bennett,Ashwin Anjulan,NA,1998,ENG,0,1962,7.43,0.52,5
2025-06-29,Patrick Bennett,Seth Woozeer,NA,1891,ENG,0,1948,8.09,0.66,5
2025-06-29,Patrick Bennett,Lukasz Michalek,NA,1827,ENG,1,1954,8.83,0.74,6
2025-02-05,Duncan MacDonald,Jeremy Mitchell,NA,1939,SCO,0,1997,0.6,0.6,0
2025-02-23,Duncan MacDonald,Euan Mcdiarmid,NA,1939,SCO,0,1985,1.2,0.6,0
2025-02-23,Duncan MacDonald,Jason Sharkey,NA,1851,SCO,1,1991,1.91,0.71,1
2025-03-19,Duncan MacDonald,Jan Berg,NA,1987,SCO,1,2000,2.44,0.53,2
2025-03-22,Duncan MacDonald,Martin Myant,NA,1914,SCO,0.5,1997,3.07,0.63,2.5
2025-03-23,Duncan MacDonald,Volodymyr Tushynskyi,NA,2232,SCO,0,1993,3.29,0.22,2.5
2025-03-23,Duncan MacDonald,Chrysoula-Paraskevi Mitraka,NA,1909,SCO,0.5,1990,3.93,0.64,3
2025-04-05,Duncan MacDonald,Joshua Crofts,NA,1954,SCO,1,1999,4.51,0.58,4
2025-05-03,Duncan MacDonald,Peter Jaszkiwskyj,NA,1987,ENG,1,2008,5.04,0.53,5
2025-05-04,Duncan MacDonald,Brian J Valentine,NA,1910,ENG,0.5,2005,5.68,0.64,5.5
2025-05-05,Duncan MacDonald,Chris Fegan,NA,2066,ENG,1,2017,6.1,0.42,6.5
2025-05-02,Duncan MacDonald,Richard Jennings,NA,1999,SCO,0,2007,6.61,0.51,6.5
2025-05-23,Duncan MacDonald,Graeme Weir,NA,1620,SCO,1,2009,7.51,0.9,7.5
2025-01-08,Elliott MacNeil,Lan Yao,NA,2335,FIDE,0,2006,0.13,0.13,0
2025-01-11,Elliott MacNeil,Aksath Shivakumar,NA,1912,ENG,0.5,2004,0.77,0.64,0.5
2025-01-12,Elliott MacNeil,Richard Maclannan,NA,1882,ENG,1,2010,1.45,0.68,1.5
2025-01-14,Elliott MacNeil,Nicholas A Ward,NA,1965,ENG,0,1999,2.01,0.56,1.5
2025-01-14,Elliott MacNeil,Nicholas A Ward,NA,1965,ENG,0,1988,2.57,0.56,1.5
2025-01-16,Elliott MacNeil,Grigoris Sklavounos,NA,1994,ENG,0,1977,3.09,0.52,1.5
2025-01-21,Elliott MacNeil,James Gordon,NA,1851,ENG,1,1983,3.8,0.71,2.5
2025-01-23,Elliott MacNeil,Chris Todd,NA,1924,ENG,1,1991,4.42,0.62,3.5
2025-01-27,Elliott MacNeil,Kevin P Millward,NA,2074,ENG,1,2002,4.83,0.41,4.5
2025-01-30,Elliott MacNeil,Matteo B Bezzini,NA,1953,ENG,1,2011,5.41,0.58,5.5
2025-02-02,Elliott MacNeil,Andrew Gibbons,w1 andrew gibbons,1975,W1,0.5,2010,5.96,0.55,6
2025-02-03,Elliott MacNeil,Philip Staniland,NA,1914,ENG,1,2017,6.59,0.63,7
2025-02-04,Elliott MacNeil,Bob Eames,NA,2221,ENG,0,2013,6.82,0.23,7
2025-02-18,Elliott MacNeil,Chris J Watt,NA,1691,ENG,1,2015,7.68,0.86,8
2025-03-03,Elliott MacNeil,Prajval Dsilva,NA,1751,ENG,1,2019,8.5,0.82,9
2025-03-04,Elliott MacNeil,Alexandros N Ethelontis,NA,2093,ENG,0,2011,8.88,0.38,9
2025-03-06,Elliott MacNeil,Peter W Eldridge,NA,1879,ENG,1,2018,9.56,0.68,10
2025-03-11,Elliott MacNeil,Grigoris Sklavounos,NA,1993,ENG,1,2027,10.08,0.52,11
2025-03-17,Elliott MacNeil,Jagdip Patel,NA,1932,ENG,1,2035,10.69,0.61,12
2025-03-18,Elliott MacNeil,Hari Selvaraj,NA,1965,ENG,0,2024,11.25,0.56,12
2025-03-20,Elliott MacNeil,Nick Faulks,NA,1951,ENG,0.5,2022,11.83,0.58,12.5
2025-03-23,Elliott MacNeil,Kam Choo Yin,e1 kam choo yin,1759,E1,1,2026,12.64,0.81,13.5
2025-04-05,Elliott MacNeil,Thomas James,NA,2072,ENG,0,2018,13.05,0.41,13.5
2025-04-06,Elliott MacNeil,Andrew Boughen,NA,1895,ENG,1,2025,13.71,0.66,14.5
2025-05-01,Elliott MacNeil,Cian Ward,NA,2040,ENG,1,2036,14.17,0.46,15.5
2025-05-08,Elliott MacNeil,Andrew Gilfillan,NA,2110,ENG,0.5,2038,14.53,0.36,16
2025-05-11,Elliott MacNeil,Matthew Helsby,NA,1856,ENG,0.5,2034,15.24,0.71,16.5
2025-05-11,Elliott MacNeil,Lam Vy Le Nguyen,NA,1879,ENG,1,2041,15.92,0.68,17.5
2025-05-11,Elliott MacNeil,David M Rogers,NA,1846,ENG,0,2026,16.64,0.72,17.5
2025-05-15,Elliott MacNeil,Howard Groves,NA,1935,ENG,1,2034,17.24,0.6,18.5
2025-05-20,Elliott MacNeil,Malcolm Dancy,NA,1880,ENG,1,2041,17.92,0.68,19.5
2025-06-07,Elliott MacNeil,Damian M McCarthy,NA,1970,ENG,0,2030,18.48,0.56,19.5
2025-01-13,Kevin Evans,Sam Jukes,e1 sam jukes,2013,E1,0,1997,0.49,0.49,0
2025-01-27,Kevin Evans,James Tapp,e1 james tapp,2080,E1,0,1989,0.89,0.4,0
2025-02-10,Kevin Evans,Steve Cunliffe,e1 steve cunliffe,1915,E1,0,1977,1.52,0.63,0
2025-03-10,Kevin Evans,Ivan De La Cruz,e1 ivan de la cruz,2110,E1,0,1970,1.88,0.36,0
2025-03-31,Kevin Evans,Tim Kett,e1 tim kett,2209,E1,0.5,1975,2.12,0.24,0.5
2025-04-22,Kevin Evans,Michael Binks,e1 michael binks,1960,E1,0.5,1973,2.69,0.57,1
2025-04-28,Kevin Evans,Adam Musson,w1 adam musson,2014,W1,0,1964,3.18,0.49,1
2025-05-12,Kevin Evans,Jonathan James,e1 jonathan james,2027,E1,0.5,1964,3.65,0.47,1.5
2025-05-21,Kevin Evans,Jake Hurley,e1 jake hurley,1941,E1,0,1952,4.24,0.59,1.5
2025-01-15,John Shakespeare,Jay Drawbridge,n1 jay drawbridge,1816,N1,1,2008,0.75,0.75,1
2025-02-26,John Shakespeare,Gregory Barker,n1 gregory barker,1726,N1,1,2011,1.58,0.83,2
2025-03-26,John Shakespeare,Aidan Jones,n1 aidan jones,1511,N1,1,2013,2.48,0.9,3
2025-05-14,John Shakespeare,Gary Fox,n1 gary fox,1813,N1,1,2018,3.23,0.75,4
2025-04-05,Luis Sanchez,John E Duggan,NA,2100,ENG,0,1995,0.36,0.36,0
2025-04-06,Luis Sanchez,Christopher Skulte,NA,1998,ENG,0.5,1995,0.87,0.51,0.5
2025-02-02,Gareth Morris,Tom Brown,e1 tom brown,2155,E1,1,2013,0.29,0.29,1
2025-03-23,Gareth Morris,James Tapp,e1 james tapp,2080,E1,0,2006,0.68,0.39,1
2025-01-14,Matt Staniforth,Martin Clancy,NA,1906,ENG,1,2006,0.63,0.63,1
2025-01-28,Matt Staniforth,Graham Stuart,NA,1851,ENG,0.5,2002,1.33,0.7,1.5
2025-02-03,Matt Staniforth,Daniel Goodlad,NA,1889,ENG,1,2009,1.98,0.65,2.5
2025-02-25,Matt Staniforth,David A Cordner,NA,1984,ENG,0,1999,2.5,0.52,2.5
2025-03-11,Matt Staniforth,Anthony R Corkett,NA,2190,ENG,0,1994,2.75,0.25,2.5
2025-03-17,Matt Staniforth,Tom Howeson,NA,1902,ENG,1,2001,3.39,0.64,3.5
2025-04-01,Matt Staniforth,Cary Xie,NA,1812,ENG,0,1986,4.14,0.75,3.5
2025-04-22,Matt Staniforth,Stephen Kirby,NA,1310,Est,1,1988,5.04,0.9,4.5
2025-04-29,Matt Staniforth,Lukasz Marek Piecha,NA,1891,ENG,0,1975,5.69,0.65,4.5
2025-05-13,Matt Staniforth,Kevin A Lamb,NA,1640,ENG,1,1977,6.58,0.89,5.5
2025-05-27,Matt Staniforth,Paul Eyles,NA,1668,ENG,1,1980,7.45,0.87,6.5
2025-06-03,Matt Staniforth,Eric M Jones,NA,1864,ENG,1,1986,8.14,0.69,7.5
2025-06-24,Matt Staniforth,Iwan Cave,NA,2229,ENG,0,1982,8.35,0.21,7.5
2025-01-29,Richard Miles,David Vaughan,g1 david vaughan,1958,G1,0.5,1995,0.55,0.55,0.5
2025-02-12,Richard Miles,Dave Turner,g1 dave turner,1915,G1,0.5,1993,1.16,0.61,1
2025-04-12,Richard Miles,Sachin Kumar,NA,1921,ENG,0.5,1990,1.77,0.61,1.5
2025-04-13,Richard Miles,Andrew Todd,NA,1761,FIDE,0.5,1985,2.56,0.79,2
2025-01-08,Dave McGhee,Mark Jones,e1 mark jones,1809,E1,0,1980,0.74,0.74,0
2025-01-13,Dave McGhee,Derek Jones,e1 derek jones,1944,E1,0,1969,1.31,0.57,0
2025-01-22,Dave McGhee,Henry Jones,e1 henry jones,1310,E1,1,1971,2.21,0.9,1
2025-01-29,Dave McGhee,Alun Smith,e1 alun smith,1819,E1,0,1956,2.94,0.73,1
2025-03-04,Dave McGhee,Louis Mallender,NA,1712,ENG,0,1939,3.78,0.84,1
2025-03-11,Dave McGhee,Marshall Panneerselvam,NA,1831,ENG,0,1925,4.5,0.72,1
2025-06-25,Dave McGhee,Simon Pickard,NA,1861,ENG,0.5,1921,5.18,0.68,1.5
2025-01-21,Adam Woodruff,Ian Phillips,w1 ian phillips,1473,W1,1,1993,0.9,0.9,1
2025-01-27,Adam Woodruff,Vismith Prabhu,w1 vismith prabhu,1904,W1,0.5,1991,1.52,0.62,1.5
2025-01-28,Adam Woodruff,Steve Smith,w1 steve smith,1919,W1,0.5,1989,2.12,0.6,2
2025-02-03,Adam Woodruff,Darson Beeston,w1 darson beeston,1741,W1,0,1972,2.93,0.81,2
2025-02-05,Adam Woodruff,John Arnold,w1 john arnold,1792,W1,0,1957,3.69,0.76,2
2025-02-07,Adam Woodruff,Scott Hammett,d1 scott hammett,1802,D1,1,1962,4.44,0.75,3
2025-02-08,Adam Woodruff,Calum Salmons,d1 calum salmons,2218,D1,1,1978,4.65,0.21,4
2025-02-08,Adam Woodruff,Alexis Harakis,d1 alexis harakis,2292,D1,1,1995,4.8,0.15,5
2025-02-09,Adam Woodruff,Roy Thomas,e1 roy thomas,1901,E1,0,1982,5.43,0.63,5
2025-02-09,Adam Woodruff,Ben Brewer,d1 ben brewer,1909,D1,1,1990,6.05,0.62,6
2025-02-10,Adam Woodruff,Ovidiu Pintea,w1 ovidiu pintea,1768,W1,1,1994,6.83,0.78,7
2025-02-23,Adam Woodruff,Kam Choo Yin,e1 kam choo yin,1759,E1,0.5,1989,7.62,0.79,7.5
2025-02-24,Adam Woodruff,Steve Smith,w1 steve smith,1919,W1,0,1977,8.22,0.6,7.5
2025-03-03,Adam Woodruff,Chris Daniel,w1 chris daniel,1745,W1,0.5,1970,9.02,0.8,8
2025-03-17,Adam Woodruff,Tristan Griffith,w1 tristan griffith,1444,W1,1,1972,9.92,0.9,9
2025-04-01,Adam Woodruff,Steve Smith,w1 steve smith,1919,W1,0.5,1970,10.52,0.6,9.5
2025-04-07,Adam Woodruff,Andrew Thomas,w1 andrew thomas,1902,W1,1,1978,11.15,0.63,10.5
2025-04-09,Adam Woodruff,Martin C Jones,d1 martin c jones,1832,D1,1,1984,11.86,0.71,11.5
2025-04-14,Adam Woodruff,Martin C Jones,d1 martin c jones,1832,D1,1,1989,12.57,0.71,12.5
2025-05-14,Adam Woodruff,Matthew Billington,w1 matthew billington,1766,W1,1,1994,13.36,0.79,13.5
2025-01-08,Matthew Davies,David Robinson,e1 david robinson,1898,E1,0.5,1987,0.63,0.63,0.5
2025-01-29,Matthew Davies,Bence Szakmany,e1 bence szakmany,1969,E1,0.5,1987,1.16,0.53,1
2025-02-12,Matthew Davies,George Turner,e1 george turner,1984,E1,0,1977,1.67,0.51,1
2025-03-05,Matthew Davies,Kristan Enoch,e1 kristan enoch,1747,E1,1,1981,2.47,0.8,2
2025-03-19,Matthew Davies,Bill Harle,e1 bill harle,1787,E1,1,1985,3.23,0.76,3
2025-04-02,Matthew Davies,Lef Zografos,e1 lef zografos,1830,E1,1,1991,3.95,0.72,4
2025-04-09,Matthew Davies,Gwynfor Rees,e1 gwynfor rees,2016,E1,1,2002,4.41,0.46,5
2025-04-23,Matthew Davies,Emma Kong,e1 emma kong,1946,E1,1,2011,4.97,0.56,6
2025-05-08,Matthew Davies,John McGregor,e1 john mcgregor,1921,E1,0.5,2009,5.57,0.6,6.5
2025-05-20,Matthew Davies,Mark Jones,e1 mark jones,1809,E1,1,2014,6.31,0.74,7.5
2025-01-08,George Turner,James Tapp,e1 james tapp,2080,E1,0,1977,0.37,0.37,0
2025-01-15,George Turner,Gwynfor Rees,e1 gwynfor rees,2016,E1,1,1988,0.82,0.45,1
2025-01-17,George Turner,Danylo Shevchenko,e1 danylo shevchenko,1667,E1,1,1990,1.68,0.86,2
2025-01-18,George Turner,Grzegorz Toczek,e1 grzegorz toczek,2300,E1,1,2008,1.82,0.14,3
2025-01-18,George Turner,Adam Musson,w1 adam musson,2014,W1,1,2018,2.28,0.46,4
2025-01-19,George Turner,Kristian Stuvick Holm,NA,2492,FIDE,0,2016,2.38,0.1,4
2025-01-19,George Turner,Tom Brown,e1 tom brown,2155,E1,0,2011,2.65,0.27,4
2025-01-22,George Turner,Ieuan Bevan Jones,e1 ieuan bevan jones,1589,E1,1,2013,3.55,0.9,5
2025-01-27,George Turner,Derek Jones,e1 derek jones,1944,E1,0,2002,4.11,0.56,5
2025-01-29,George Turner,Hamid Farani Sani,e1 hamid farani sani,1663,E1,0,1985,4.97,0.86,5
2025-02-12,George Turner,Matthew Davies,e1 matthew davies,1990,E1,1,1995,5.46,0.49,6
2025-02-15,George Turner,Bob Hurn,e1 bob hurn,1612,E1,1,1997,6.35,0.89,7
2025-02-15,George Turner,Hamid Farani Sani,e1 hamid farani sani,1663,E1,0.5,1990,7.21,0.86,7.5
2025-02-15,George Turner,David Lewis,e1 david lewis,1785,E1,1,1994,7.97,0.76,8.5
2025-02-16,George Turner,James Tapp,e1 james tapp,2080,E1,1,2007,8.34,0.37,9.5
2025-02-16,George Turner,Joseph Browse,e1 joseph browse,1825,E1,0,1993,9.05,0.71,9.5
2025-02-26,George Turner,Reginald Mba,e1 reginald mba,1962,E1,1,2002,9.58,0.53,10.5
2025-03-05,George Turner,Anezka Vlkova,e1 anezka vlkova,1948,E1,0,1991,10.13,0.55,10.5
2025-03-10,George Turner,Derek Jones,e1 derek jones,1944,E1,1,2000,10.69,0.56,11.5
2025-03-19,George Turner,Sam Jukes,e1 sam jukes,2013,E1,1,2011,11.15,0.46,12.5
2025-03-20,George Turner,Adam Musson,w1 adam musson,2014,W1,0,2002,11.61,0.46,12.5
2025-03-28,George Turner,Adithya Vaidyanathan,NA,2282,ENG,0,1999,11.76,0.15,12.5
2025-03-29,George Turner,Canzhou He,NA,2010,FIDE,0.5,1999,12.22,0.46,13
2025-03-29,George Turner,Ryan M Smith,NA,1974,ENG,1,2009,12.73,0.51,14
2025-03-30,George Turner,Stuart A White,NA,2154,ENG,0,2004,13,0.27,14
2025-03-30,George Turner,Nigel J Moyse,NA,1990,ENG,0,1994,13.49,0.49,14
2025-04-15,George Turner,Bence Szakmany,e1 bence szakmany,1969,E1,0,1983,14.01,0.52,14
2025-04-18,George Turner,Sam White,e1 sam white,1587,E1,1,1985,14.91,0.9,15
2025-04-18,George Turner,Darson Beeston,w1 darson beeston,1741,W1,0.5,1979,15.71,0.8,15.5
2025-04-19,George Turner,James Tapp,e1 james tapp,2080,E1,0.5,1982,16.08,0.37,16
2025-04-19,George Turner,Aldrin Malibiran,NA,1993,ENG,1,1992,16.57,0.49,17
2025-04-20,George Turner,Thomas Van Veelen,NA,2055,FIDE,0,1984,16.97,0.4,17
2025-04-21,George Turner,Anezka Vlkova,e1 anezka vlkova,1948,E1,0,1973,17.52,0.55,17
2025-04-21,George Turner,Naveen Daniel George,NA,1737,ENG,1,1977,18.33,0.81,18
2025-03-11,George Turner,Mali Roberts,e1 mali roberts,1310,E1,1,1979,19.23,0.9,19
2025-01-11,Mark Thomas,Andrew J Borkowski,NA,1849,ENG,0,1967,0.68,0.68,0
2025-01-11,Mark Thomas,George Georgiou,NA,1881,ENG,1,1975,1.32,0.64,1
2025-01-11,Mark Thomas,Stephen Tatlow,NA,1839,ENG,0,1961,2.01,0.69,1
2025-01-12,Mark Thomas,Lawrence Northam,NA,1902,ENG,0,1948,2.62,0.61,1
2025-01-12,Mark Thomas,Brian Ge Gosling,NA,1912,ENG,1,1957,3.22,0.6,2
2025-02-07,Mark Thomas,Aram Ter-Gevorkian,NA,2016,ENG,1,1968,3.67,0.45,3
2025-02-08,Mark Thomas,Luke Maher,NA,1950,ENG,1,1977,4.21,0.54,4
2025-02-08,Mark Thomas,Edouardos Ter Gevorkian,NA,1984,ENG,0,1967,4.71,0.5,4
2025-02-09,Mark Thomas,Peter Jaszkiwskyj,NA,1975,ENG,0.5,1967,5.22,0.51,4.5
2025-02-09,Mark Thomas,Paul R Evans,NA,1987,ENG,1,1977,5.71,0.49,5.5
2025-02-28,Mark Thomas,Robert A Dean,NA,1852,ENG,1,1983,6.39,0.68,6.5
2025-03-01,Mark Thomas,James Schofield,NA,1945,ENG,1,1992,6.94,0.55,7.5
2025-03-01,Mark Thomas,George N Crockart,NA,1947,ENG,0,1981,7.49,0.55,7.5
2025-03-02,Mark Thomas,Chris M Collins,NA,1956,ENG,1,1990,8.03,0.54,8.5
2025-03-02,Mark Thomas,Michael H Stinton-Brownbridge,NA,1908,ENG,1,1998,8.63,0.6,9.5
2025-03-07,Mark Thomas,John V Morrison,NA,1866,ENG,0,1985,9.29,0.66,9.5
2025-03-08,Mark Thomas,Matthew Coldwell,NA,1873,ENG,1,1992,9.94,0.65,10.5
2025-03-08,Mark Thomas,H William Ingham,NA,1819,ENG,0.5,1988,10.66,0.72,11
2025-03-09,Mark Thomas,Paul Humphreys,NA,1847,ENG,1,1994,11.34,0.68,12
2025-03-09,Mark Thomas,Leon Nelson,NA,1973,ENG,0,1984,11.85,0.51,12
2025-03-28,Mark Thomas,Jane Richmond,g1 jane richmond,2135,G1,0,1978,12.14,0.29,12
2025-03-29,Mark Thomas,Christian F Westrap,NA,2007,ENG,0,1969,12.6,0.46,12
2025-03-29,Mark Thomas,Ted Paul,NA,1906,ENG,0,1957,13.21,0.61,12
2025-03-30,Mark Thomas,Alan K Punnett,NA,1993,ENG,1,1967,13.69,0.48,13
2025-03-30,Mark Thomas,Kevin Bowmer,NA,2110,ENG,1,1981,14.01,0.32,14
2025-04-18,Mark Thomas,Kristan Enoch,e1 kristan enoch,1747,E1,0.5,1975,14.8,0.79,14.5
2025-04-18,Mark Thomas,Liam Powell-Jones,g1 liam powell-jones,1680,G1,0.5,1968,15.65,0.85,15
2025-04-19,Mark Thomas,Mike Hollyman,e1 mike hollyman,1711,E1,1,1971,16.48,0.83,16
2025-04-19,Mark Thomas,Naveen Daniel George,NA,1737,ENG,1,1975,17.28,0.8,17
2025-04-20,Mark Thomas,James Tapp,e1 james tapp,2080,E1,0,1968,17.64,0.36,17
2025-04-21,Mark Thomas,Simon Blackmore,e1 simon blackmore,1769,E1,1,1972,18.41,0.77,18
2025-04-21,Mark Thomas,Aldrin Malibiran,NA,1993,ENG,0,1963,18.89,0.48,18
2025-05-16,Mark Thomas,Robert A Dean,NA,1874,ENG,1,1970,19.54,0.65,19
2025-05-17,Mark Thomas,Joshua McKenna,e1 joshua mckenna,1801,E1,0,1955,20.28,0.74,19
2025-05-17,Mark Thomas,Elliott Spinney,NA,1857,ENG,1,1962,20.95,0.67,20
2025-05-18,Mark Thomas,Elliott Bleeg,NA,1822,ENG,0,1947,21.66,0.71,20
2025-05-18,Mark Thomas,Matthew Coldwell,NA,1858,ENG,1,1954,22.33,0.67,21
2025-06-27,Mark Thomas,Ian Stephens,NA,1855,ENG,1,1960,23,0.67,22
2025-06-28,Mark Thomas,Mark Taylor,NA,1899,ENG,0,1948,23.62,0.62,22
2025-06-28,Mark Thomas,Ralph Taylor,NA,1843,ENG,0.5,1944,24.31,0.69,22.5
2025-06-29,Mark Thomas,Neil T Jones,NA,1878,ENG,0.5,1942,24.95,0.64,23
2025-06-29,Mark Thomas,Karl Lockett,NA,1861,ENG,1,1948,25.62,0.67,24
2025-05-10,Mark Bastow,Jonathan LB Blackburn,g1 jonathan lb blackburn,2291,G1,0,1974,0.14,0.14,0
2025-05-10,Mark Bastow,Robert G Clark,n1 robert g clark,2046,N1,0.5,1976,0.54,0.4,0.5
2025-05-11,Mark Bastow,Jeff Smith,NA,2053,ENG,0.5,1978,0.93,0.39,1
2025-05-11,Mark Bastow,Martin Burns,NA,1934,ENG,0,1967,1.49,0.56,1
2025-01-11,Mark Adams,Stephen Lewis,NA,1940,ENG,0.5,1974,0.55,0.55,0.5
2025-01-12,Mark Adams,Daniel J Wells,NA,2084,ENG,0.5,1977,0.9,0.35,1
2025-01-13,Mark Adams,Peter Kirby,g1 peter kirby,2059,G1,0.5,1979,1.28,0.38,1.5
2025-01-29,Mark Adams,David Llewellyn,e1 david llewellyn,1954,E1,1,1989,1.81,0.53,2.5
2025-02-12,Mark Adams,Jonathan Gilbert,g1 jonathan gilbert,2038,G1,0.5,1991,2.22,0.41,3
2025-02-15,Mark Adams,Eric F Eedle,NA,2034,ENG,0.5,1992,2.64,0.42,3.5
2025-02-16,Mark Adams,Senith Thenula Gunarathne,NA,1967,ENG,0,1982,3.15,0.51,3.5
2025-04-05,Mark Adams,Andrzej Czyz,NA,1985,FIDE,0,1972,3.64,0.49,3.5
2025-04-06,Mark Adams,Chris R Duncan,NA,2269,ENG,0,1969,3.8,0.16,3.5
2025-04-07,Mark Adams,Slawomir Machlowski,NA,1963,FIDE,0.5,1969,4.32,0.52,4
2025-04-08,Mark Adams,Frank Holzke,NA,2412,FIDE,0,1967,4.42,0.1,4
2025-04-10,Mark Adams,Czeslaw Stec,NA,1820,FIDE,1,1973,5.13,0.71,5
2025-04-11,Mark Adams,John M Emms,NA,2423,ENG,0,1971,5.23,0.1,5
2025-04-12,Mark Adams,Philip J Crocker,NA,2214,ENG,0,1967,5.43,0.2,5
2025-04-13,Mark Adams,Philip J Crocker,NA,2214,ENG,0.5,1973,5.63,0.2,5.5
2025-04-18,Mark Adams,Richard Larg,e1 richard larg,1542,E1,1,1975,6.53,0.9,6.5
2025-04-18,Mark Adams,Yaroslav Sharhorodsky,d1 yaroslav sharhorodsky,1765,D1,0,1959,7.3,0.77,6.5
2025-04-19,Mark Adams,Bob Hurn,e1 bob hurn,1612,E1,1,1961,8.19,0.89,7.5
2025-04-19,Mark Adams,Vijayaratnam Vijitharan,NA,1724,Est,1,1965,9,0.81,8.5
2025-04-21,Mark Adams,Thomas Van Veelen,NA,2055,FIDE,1,1978,9.39,0.39,9.5
2025-04-21,Mark Adams,Ivan De La Cruz,e1 ivan de la cruz,2110,E1,0.5,1981,9.7,0.31,10
2025-05-03,Mark Adams,Ramsey Dairi,NA,1936,ENG,0.5,1980,10.26,0.56,10.5
2025-05-04,Mark Adams,Gustavo Leon Cazares,NA,2222,ENG,0,1976,10.45,0.19,10.5
2025-05-05,Mark Adams,Lee P Kay,NA,2003,ENG,0.5,1977,10.91,0.46,11
2025-01-05,Andrew Gibbons,Lee Davis,e1 lee davis,2100,E1,0.5,1978,0.33,0.33,0.5
2025-01-21,Andrew Gibbons,Eugene Tee,w1 eugene tee,1640,W1,0,1961,1.2,0.87,0.5
2025-01-27,Andrew Gibbons,Jason Garcia,w1 jason garcia,2057,W1,0.5,1963,1.58,0.38,1
2025-02-02,Andrew Gibbons,Elliott Macneil,e1 elliott macneil,2009,E1,0.5,1964,2.03,0.45,1.5
2025-02-05,Andrew Gibbons,Jason Garcia,w1 jason garcia,2057,W1,0.5,1967,2.41,0.38,2
2025-02-10,Andrew Gibbons,Donovan Sipho,w1 donovan sipho,1803,W1,0.5,1962,3.14,0.73,2.5
2025-02-23,Andrew Gibbons,Joshua McKenna,e1 joshua mckenna,1801,E1,1,1967,3.87,0.73,3.5
2025-03-03,Andrew Gibbons,Malcolm Probert,w1 malcolm probert,1760,W1,0.5,1962,4.65,0.78,4
2025-03-10,Andrew Gibbons,Hywel Griffiths,w1 hywel griffiths,1902,W1,1,1970,5.25,0.6,5
2025-03-17,Andrew Gibbons,Evan Whitehouse,w1 evan whitehouse,1766,W1,1,1974,6.02,0.77,6
2025-03-23,Andrew Gibbons,Reginald Mba,e1 reginald mba,1962,E1,1,1984,6.54,0.52,7
2025-03-24,Andrew Gibbons,Donovan Sipho,w1 donovan sipho,1803,W1,1,1989,7.27,0.73,8
2025-04-09,Andrew Gibbons,John Arnold,w1 john arnold,1792,W1,1,1995,8.01,0.74,9
2025-04-28,Andrew Gibbons,Matthew Billington,w1 matthew billington,1766,W1,0,1979,8.78,0.77,9
2025-04-30,Andrew Gibbons,William Hewitt,w1 william hewitt,2041,W1,1,1991,9.19,0.41,10
2025-05-11,Andrew Gibbons,Robert Wallace,e1 robert wallace,1541,E1,1,1993,10.09,0.9,11
2025-05-14,Andrew Gibbons,John Arnold,w1 john arnold,1792,W1,1,1998,10.83,0.74,12
2025-01-07,Daniel Wilmot,Jonathan James,e1 jonathan james,2027,E1,0,1966,0.42,0.42,0
2025-01-13,Daniel Wilmot,Piotr Graczyk,e1 piotr graczyk,1761,E1,1,1970,1.19,0.77,1
2025-01-22,Daniel Wilmot,Emma Kong,e1 emma kong,1946,E1,1,1979,1.73,0.54,2
2025-01-27,Daniel Wilmot,Emma Kong,e1 emma kong,1946,E1,1,1988,2.27,0.54,3
2025-02-07,Daniel Wilmot,Syer Khizer Rizvi,e1 syer khizer rizvi,1819,E1,0.5,1984,2.98,0.71,3.5
2025-02-19,Daniel Wilmot,Guy Wagner,e1 guy wagner,1832,E1,0.5,1980,3.67,0.69,4
2025-03-03,Daniel Wilmot,Gareth Yeo,e1 gareth yeo,2078,E1,1,1993,4.02,0.35,5
2025-03-10,Daniel Wilmot,Georgi Korovski,e1 georgi korovski,1950,E1,0.5,1993,4.55,0.53,5.5
2025-03-20,Daniel Wilmot,David Llewellyn,e1 david llewellyn,1954,E1,1,2002,5.08,0.53,6.5
2025-03-23,Daniel Wilmot,Anshul Swamy,e1 anshul swamy,1618,E1,1,2004,5.97,0.89,7.5
2025-03-26,Daniel Wilmot,Nick Van Noorden,e1 nick van noorden,1888,E1,1,2012,6.59,0.62,8.5
2025-03-31,Daniel Wilmot,Adam Musson,w1 adam musson,2014,W1,0,2003,7.03,0.44,8.5
2025-04-14,Daniel Wilmot,Ken Hannah,e1 ken hannah,1793,E1,1,2008,7.77,0.74,9.5
2025-04-22,Daniel Wilmot,Mark Jones,e1 mark jones,1809,E1,1,2014,8.49,0.72,10.5
2025-04-28,Daniel Wilmot,Kam Choo Yin,e1 kam choo yin,1759,E1,1,2018,9.27,0.78,11.5
2025-05-11,Daniel Wilmot,Roy Phillips,w1 roy phillips,2167,W1,0,2013,9.52,0.25,11.5
2025-05-21,Daniel Wilmot,Sam Jukes,e1 sam jukes,2013,E1,0,2004,9.96,0.44,11.5
2025-01-15,Leslie Blohm,David Llewellyn,e1 david llewellyn,1954,E1,0,1961,0.52,0.52,0
2025-02-12,Leslie Blohm,Lee Davis,e1 lee davis,2100,E1,0.5,1964,0.84,0.32,0.5
2025-01-09,Bence Szakmany,Pete Heaven,e1 pete heaven,2114,E1,0,1963,0.3,0.3,0
2025-01-15,Bence Szakmany,Tom Brown,e1 tom brown,2155,E1,0,1958,0.56,0.26,0
2025-01-18,Bence Szakmany,Tom Brown,e1 tom brown,2155,E1,0,1953,0.82,0.26,0
2025-01-18,Bence Szakmany,Malcolm Probert,w1 malcolm probert,1760,W1,1,1957,1.59,0.77,1
2025-01-19,Bence Szakmany,Michael Binks,e1 michael binks,1960,E1,1,1967,2.1,0.51,2
2025-01-19,Bence Szakmany,David Robinson,e1 david robinson,1898,E1,0.5,1965,2.7,0.6,2.5
2025-01-29,Bence Szakmany,Matthew Davies,e1 matthew davies,1990,E1,0.5,1966,3.17,0.47,3
2025-02-02,Bence Szakmany,Dai James,e1 dai james,1872,E1,1,1973,3.81,0.64,4
2025-02-13,Bence Szakmany,Emma Kong,e1 emma kong,1946,E1,0.5,1972,4.34,0.53,4.5
2025-02-15,Bence Szakmany,John A Williams,g1 john a williams,1680,G1,0.5,1965,5.18,0.84,5
2025-02-15,Bence Szakmany,Govind Anandkumar,e1 govind anandkumar,1742,E1,1,1970,5.97,0.79,6
2025-02-15,Bence Szakmany,Lucas James,g1 lucas james,1748,G1,1,1974,6.75,0.78,7
2025-02-16,Bence Szakmany,Grzegorz Toczek,e1 grzegorz toczek,2300,E1,0,1972,6.88,0.13,7
2025-02-16,Bence Szakmany,Yuxuan Wu,e1 yuxuan wu,1969,E1,1,1982,7.38,0.5,8
2025-03-08,Bence Szakmany,Tim Kett,e1 tim kett,2209,E1,0.5,1988,7.58,0.2,8.5
2025-03-08,Bence Szakmany,Joshua McKenna,e1 joshua mckenna,1801,E1,1,1993,8.3,0.72,9.5
2025-03-09,Bence Szakmany,Sam Jukes,e1 sam jukes,2013,E1,0,1984,8.74,0.44,9.5
2025-03-09,Bence Szakmany,Ifan Rathbone-Jones,n1 ifan rathbone-jones,2270,N1,0.5,1991,8.89,0.15,10
2025-03-13,Bence Szakmany,Michael Binks,e1 michael binks,1960,E1,1,2001,9.4,0.51,11
2025-03-15,Bence Szakmany,Roy Thomas,e1 roy thomas,1901,E1,1,2009,10,0.6,12
2025-03-15,Bence Szakmany,Dai James,e1 dai james,1872,E1,0.5,2006,10.64,0.64,12.5
2025-03-15,Bence Szakmany,Guy Wagner,e1 guy wagner,1832,E1,0.5,2003,11.33,0.69,13
2025-03-16,Bence Szakmany,Bob Hurn,e1 bob hurn,1612,E1,1,2005,12.22,0.89,14
2025-03-16,Bence Szakmany,Joseph Browse,e1 joseph browse,1825,E1,1,2011,12.92,0.7,15
2025-03-17,Bence Szakmany,Gwynfor Rees,e1 gwynfor rees,2016,E1,0,2002,13.35,0.43,15
2025-03-23,Bence Szakmany,Tom Brown,e1 tom brown,2155,E1,1,2017,13.61,0.26,16
2025-04-09,Bence Szakmany,Joe Fathallah,e1 joe fathallah,2043,E1,0,2009,14.01,0.4,16
2025-04-15,Bence Szakmany,George Turner,e1 george turner,1984,E1,1,2020,14.49,0.48,17
2025-04-18,Bence Szakmany,Jose Camacho Collados,e1 jose camacho collados,2418,E1,0,2018,14.59,0.1,17
2025-04-18,Bence Szakmany,Emma Kong,e1 emma kong,1946,E1,1,2027,15.12,0.53,18
2025-04-19,Bence Szakmany,Jon Tuson,d1 jon tuson,1807,D1,0,2013,15.84,0.72,18
2025-04-19,Bence Szakmany,Roy Thomas,e1 roy thomas,1901,E1,1,2021,16.44,0.6,19
2025-04-20,Bence Szakmany,John McGregor,e1 john mcgregor,1921,E1,1,2029,17.01,0.57,20
2025-04-21,Bence Szakmany,Alex Bullen,e1 alex bullen,2241,E1,0.5,2036,17.18,0.17,20.5
2025-04-21,Bence Szakmany,Joe Fathallah,e1 joe fathallah,2043,E1,0.5,2038,17.58,0.4,21
2025-04-28,Bence Szakmany,Derek Jones,e1 derek jones,1944,E1,1,2047,18.12,0.54,22
2025-05-11,Bence Szakmany,Alexis Harakis,d1 alexis harakis,2292,D1,0,2045,18.25,0.13,22
2025-05-20,Bence Szakmany,Charles Summers,e1 charles summers,1894,E1,1,2053,18.86,0.61,23
2025-06-17,Bence Szakmany,Mabon Hanczar,e1 mabon hanczar,1310,E1,1,2055,19.76,0.9,24
2025-02-15,Yuxuan Wu,Mike Hollyman,e1 mike hollyman,1711,E1,1,1973,0.82,0.82,1
2025-02-16,Yuxuan Wu,Bence Szakmany,e1 bence szakmany,1969,E1,0,1963,1.32,0.5,1
2025-02-16,Yuxuan Wu,Lucas Zheng,e1 lucas zheng,1650,E1,1,1965,2.18,0.86,2
2025-02-01,Peter Davies,David M Cole,NA,1855,ENG,1,1975,0.66,0.66,1
2025-02-01,Peter Davies,Matthew Stewart,NA,1809,FIDE,0.5,1971,1.37,0.71,1.5
2025-02-02,Peter Davies,Paul Hatchett,e1 paul hatchett,2050,E1,1,1983,1.75,0.38,2.5
2025-02-02,Peter Davies,David W Ewart,NA,1903,ENG,0,1971,2.34,0.59,2.5
2025-02-02,Peter Davies,Duncan W Reed,NA,1854,ENG,1,1978,3,0.66,3.5
2025-04-04,Peter Davies,Aditya Gupta,NA,1812,ENG,1,1984,3.71,0.71,4.5
2025-04-05,Peter Davies,Joshua Pink,NA,2025,ENG,0,1975,4.13,0.42,4.5
2025-04-05,Peter Davies,Abhishek Pradhan,NA,1935,ENG,0.5,1974,4.68,0.55,5
2025-04-06,Peter Davies,John Brown,NA,1846,ENG,1,1981,5.35,0.67,6
2025-04-06,Peter Davies,Francesco Poderico,NA,1863,ENG,1,1988,6,0.65,7
2025-01-15,Reginald Mba,Csombor Hanczar,e1 csombor hanczar,1590,E1,1,1964,0.89,0.89,1
2025-01-22,Reginald Mba,Georgi Korovski,e1 georgi korovski,1950,E1,0,1954,1.41,0.52,1
2025-01-29,Reginald Mba,Sam Jukes,e1 sam jukes,2013,E1,1,1965,1.84,0.43,2
2025-02-23,Reginald Mba,Gary Slegg,n1 gary slegg,1762,N1,1,1970,2.6,0.76,3
2025-02-26,Reginald Mba,George Turner,e1 george turner,1984,E1,0,1961,3.07,0.47,3
2025-03-10,Reginald Mba,Tim Kett,e1 tim kett,2209,E1,0.5,1967,3.26,0.19,3.5
2025-03-12,Reginald Mba,Gwynfor Rees,e1 gwynfor rees,2016,E1,1,1978,3.68,0.42,4.5
2025-03-23,Reginald Mba,Andrew Gibbons,w1 andrew gibbons,1975,W1,0,1969,4.16,0.48,4.5
2025-03-26,Reginald Mba,Joe Fathallah,e1 joe fathallah,2043,E1,0.5,1971,4.55,0.39,5
2025-04-02,Reginald Mba,Nick Van Noorden,e1 nick van noorden,1888,E1,0.5,1969,5.15,0.6,5.5
2025-04-09,Reginald Mba,James Tapp,e1 james tapp,2080,E1,0,1962,5.49,0.34,5.5
2025-05-07,Reginald Mba,David Robinson,e1 david robinson,1898,E1,0.5,1960,6.08,0.59,6
2025-05-14,Reginald Mba,Ivan De La Cruz,e1 ivan de la cruz,2110,E1,0,1954,6.38,0.3,6
2025-01-05,Michael Binks,Gareth Yeo,e1 gareth yeo,2078,E1,0.5,1963,0.34,0.34,0.5
2025-01-08,Michael Binks,Joe Fathallah,e1 joe fathallah,2043,E1,0.5,1966,0.72,0.38,1
2025-01-17,Michael Binks,Deio Parri,n1 deio parri,1754,N1,1,1970,1.49,0.77,2
2025-01-18,Michael Binks,Sam Jukes,e1 sam jukes,2013,E1,0,1962,1.91,0.42,2
2025-01-18,Michael Binks,Danylo Shevchenko,e1 danylo shevchenko,1667,E1,0.5,1955,2.75,0.84,2.5
2025-01-19,Michael Binks,Bence Szakmany,e1 bence szakmany,1969,E1,0,1945,3.24,0.49,2.5
2025-01-19,Michael Binks,Justin Morgans,e1 justin morgans,1746,E1,0.5,1940,4.01,0.77,3
2025-02-02,Michael Binks,William Hewitt,w1 william hewitt,2041,W1,0,1932,4.4,0.39,3
2025-02-03,Michael Binks,Jonathan Gilbert,g1 jonathan gilbert,2038,G1,1,1944,4.79,0.39,4
2025-02-25,Michael Binks,Pete Heaven,e1 pete heaven,2114,E1,0.5,1948,5.08,0.29,4.5
2025-03-13,Michael Binks,Bence Szakmany,e1 bence szakmany,1969,E1,0,1939,5.57,0.49,4.5
2025-03-25,Michael Binks,Emma Kong,e1 emma kong,1946,E1,1,1948,6.09,0.52,5.5
2025-04-08,Michael Binks,James Tapp,e1 james tapp,2080,E1,0,1942,6.42,0.33,5.5
2025-04-18,Michael Binks,Jonathan LB Blackburn,g1 jonathan lb blackburn,2291,G1,0,1939,6.55,0.13,5.5
2025-04-18,Michael Binks,Jon Tuson,d1 jon tuson,1807,D1,0,1925,7.26,0.71,5.5
2025-04-19,Michael Binks,Rudy van Kemenade,n1 rudy van kemenade,1946,N1,1,1934,7.78,0.52,6.5
2025-04-19,Michael Binks,Joshua McKenna,e1 joshua mckenna,1801,E1,1,1940,8.49,0.71,7.5
2025-04-20,Michael Binks,Emma Kong,e1 emma kong,1946,E1,0.5,1940,9.01,0.52,8
2025-04-21,Michael Binks,Allan Pleasants,e1 allan pleasants,2060,E1,0.5,1943,9.37,0.36,8.5
2025-04-21,Michael Binks,Lee Davis,e1 lee davis,2100,E1,0.5,1946,9.68,0.31,9
2025-04-22,Michael Binks,Kevin Evans,e1 kevin evans,2007,E1,0.5,1948,10.11,0.43,9.5
2025-05-07,Michael Binks,Tom Brown,e1 tom brown,2155,E1,1,1963,10.36,0.25,10.5
2025-05-11,Michael Binks,Thomas Nalej,e1 thomas nalej,1448,E1,1,1965,11.26,0.9,11.5
2025-05-20,Michael Binks,Ivan De La Cruz,e1 ivan de la cruz,2110,E1,0,1959,11.56,0.3,11.5
2025-01-29,David Vaughan,Richard Miles,g1 richard miles,1996,G1,0.5,1959,0.45,0.45,0.5
2025-02-12,David Vaughan,Steve Williams (Cwm),g1 steve williams (cwm),1850,G1,0.5,1956,1.1,0.65,1
2025-02-26,David Vaughan,Shane Roberts,NA,1908,ENG,0.5,1955,1.67,0.57,1.5
2025-03-04,David Vaughan,Richard Sida,NA,1753,ENG,1,1959,2.43,0.76,2.5
2025-03-13,David Vaughan,Spencer Lawrence,NA,1891,ENG,0.5,1957,3.03,0.6,3
2025-03-17,David Vaughan,Paul Broadley,NA,1756,ENG,1,1962,3.79,0.76,4
2025-03-26,David Vaughan,Ian R Pickup,NA,1852,ENG,0.5,1959,4.44,0.65,4.5
2025-04-24,David Vaughan,Alan Clarke,NA,1913,ENG,0.5,1958,5,0.56,5
2024-12-17,David Llewellyn,Jonathan Gilbert,g1 jonathan gilbert,2038,G1,0.5,1956,0.38,0.38,0.5
2025-01-06,David Llewellyn,Steve Jones,e1 steve jones,1838,E1,1,1963,1.04,0.66,1.5
2025-01-15,David Llewellyn,Leslie Blohm,g1 leslie blohm,1971,G1,1,1974,1.52,0.48,2.5
2025-01-27,David Llewellyn,Ifan Rathbone-Jones,n1 ifan rathbone-jones,2270,N1,0,1971,1.66,0.14,2.5
2025-01-29,David Llewellyn,Mark Adams,g1 mark adams,1975,G1,0,1961,2.13,0.47,2.5
2025-02-06,David Llewellyn,Dwain Jones,e1 dwain jones,1672,E1,0,1945,2.97,0.84,2.5
2025-02-12,David Llewellyn,Peter Kirby,g1 peter kirby,2059,G1,0.5,1948,3.32,0.35,3
2025-02-17,David Llewellyn,Ken Hannah,e1 ken hannah,1793,E1,1,1953,4.04,0.72,4
2025-03-04,David Llewellyn,Jonathan James,e1 jonathan james,2027,E1,0,1945,4.44,0.4,4
2025-03-20,David Llewellyn,Daniel Wilmot,e1 daniel wilmot,1974,E1,0,1936,4.91,0.47,4
2025-04-02,David Llewellyn,Ivan De La Cruz,e1 ivan de la cruz,2110,E1,0,1930,5.2,0.29,4
2025-04-17,David Llewellyn,Will Harwood,e1 will harwood,1794,E1,1,1936,5.92,0.72,5
2025-04-28,David Llewellyn,John D Thornton,e1 john d thornton,2017,E1,0.5,1938,6.33,0.41,5.5
2025-05-11,David Llewellyn,Nick Van Noorden,e1 nick van noorden,1888,E1,0,1926,6.92,0.59,5.5
2025-05-15,David Llewellyn,Gwyn Havard,e1 gwyn havard,1793,E1,1,1931,7.64,0.72,6.5
2025-01-11,David Perrett,Samuel Gaffney,NA,1902,ENG,0.5,1952,0.57,0.57,0.5
2025-01-12,David Perrett,Carl S Portman,NA,1955,ENG,1,1962,1.07,0.5,1.5
2025-01-15,David Perrett,Michael Arribas-Ayllon,e1 michael arribas-ayllon,1739,E1,1,1966,1.84,0.77,2.5
2025-01-27,David Perrett,Joshua McKenna,e1 joshua mckenna,1801,E1,0,1952,2.55,0.71,2.5
2025-02-02,David Perrett,Hugo Fowler,g1 hugo fowler,2110,G1,0,1946,2.84,0.29,2.5
2025-02-03,David Perrett,Mark Jones,e1 mark jones,1809,E1,0.5,1942,3.54,0.7,3
2025-02-15,David Perrett,Ganguly Aryaman,NA,2030,ENG,0,1934,3.93,0.39,3
2025-02-16,David Perrett,Daniel Hardman,NA,1909,ENG,1,1943,4.49,0.56,4
2025-03-03,David Perrett,Dai James,e1 dai james,1872,E1,0.5,1941,5.1,0.61,4.5
2025-03-12,David Perrett,Guy Wagner,e1 guy wagner,1832,E1,1,1948,5.77,0.67,5.5
2025-03-17,David Perrett,Govind Anandkumar,e1 govind anandkumar,1742,E1,1,1952,6.54,0.77,6.5
2025-04-09,David Perrett,Martin Blackman-Siegler,e1 martin blackman-siegler,1658,E1,1,1955,7.39,0.85,7.5
2025-04-12,David Perrett,Marcus Gosling,NA,2011,ENG,0.5,1957,7.81,0.42,8
2025-04-13,David Perrett,Jack Edens,NA,1779,ENG,1,1962,8.54,0.73,9
2025-04-14,David Perrett,Kristan Enoch,e1 kristan enoch,1747,E1,0.5,1957,9.31,0.77,9.5
2025-05-19,David Perrett,Andrei Zhuravlev,e1 andrei zhuravlev,1606,E1,1,1959,10.19,0.88,10.5
2025-01-22,Geoff Graham,Gary Fox,n1 gary fox,1813,N1,0.5,1947,0.69,0.69,0.5
2025-01-28,Geoff Graham,Dave Stalker,NA,1942,ENG,0.5,1947,1.2,0.51,1
2025-02-20,Geoff Graham,Jeff Smith,NA,2086,ENG,1,1961,1.51,0.31,2
2025-02-26,Geoff Graham,Jay Drawbridge,n1 jay drawbridge,1816,N1,1,1967,2.2,0.69,3
2025-03-13,Geoff Graham,Roy Ellames,n1 roy ellames,2078,N1,0,1960,2.52,0.32,3
2025-03-27,Geoff Graham,Jeff Smith,NA,2086,ENG,0,1954,2.83,0.31,3
2025-04-01,Geoff Graham,Phil Crocker,NA,2241,ENG,0,1951,2.99,0.16,3
2025-04-17,Geoff Graham,Charles F Morris,n1 charles f morris,2123,N1,0,1946,3.26,0.27,3
2025-04-30,Geoff Graham,Chris Wescomb,n1 chris wescomb,1828,N1,0,1932,3.93,0.67,3
2025-05-09,Geoff Graham,Roy Ellames,n1 roy ellames,2078,N1,0,1926,4.25,0.32,3
2025-05-10,Geoff Graham,Chris Doran,NA,2034,ENG,0,1918,4.63,0.38,3
2025-06-18,Geoff Graham,Catriona Coutts,n1 catriona coutts,1741,N1,1,1923,5.4,0.77,4
2025-06-27,Geoff Graham,Ralph Taylor,NA,1843,ENG,1,1930,6.05,0.65,5
2025-06-28,Geoff Graham,Karl Lockett,NA,1861,ENG,0.5,1927,6.68,0.63,5.5
2025-06-28,Geoff Graham,David Barnes,NA,1851,ENG,0.5,1924,7.32,0.64,6
2025-06-29,Geoff Graham,Oskar Jarzynski,NA,1844,ENG,0.5,1921,7.97,0.65,6.5
2025-06-29,Geoff Graham,Laurence Tarbuck,NA,1844,ENG,0.5,1918,8.62,0.65,7
2025-01-08,Georgi Korovski,Tom Bennett,e1 tom bennett,1789,E1,1,1956,0.72,0.72,1
2025-01-15,Georgi Korovski,Emma Kong,e1 emma kong,1946,E1,1,1966,1.23,0.51,2
2025-01-22,Georgi Korovski,Reginald Mba,e1 reginald mba,1962,E1,1,1976,1.71,0.48,3
2025-01-29,Georgi Korovski,Kam Choo Yin,e1 kam choo yin,1759,E1,1,1981,2.46,0.75,4
2025-02-05,Georgi Korovski,Emma Kong,e1 emma kong,1946,E1,0,1971,2.97,0.51,4
2025-02-12,Georgi Korovski,Emma Kong,e1 emma kong,1946,E1,1,1981,3.48,0.51,5
2025-02-19,Georgi Korovski,Ivan De La Cruz,e1 ivan de la cruz,2110,E1,0,1975,3.76,0.28,5
2025-02-26,Georgi Korovski,Hamid Farani Sani,e1 hamid farani sani,1663,E1,1,1978,4.6,0.84,6
2025-03-05,Georgi Korovski,Sam Jukes,e1 sam jukes,2013,E1,0,1970,5.01,0.41,6
2025-03-10,Georgi Korovski,Daniel Wilmot,e1 daniel wilmot,1974,E1,0.5,1971,5.48,0.47,6.5
2025-03-13,Georgi Korovski,Dominic Murray,e1 dominic murray,1594,E1,1,1973,6.37,0.89,7.5
2025-03-26,Georgi Korovski,Zack Wilkins,e1 zack wilkins,1724,E1,1,1977,7.16,0.79,8.5
2025-04-02,Georgi Korovski,Sam Jukes,e1 sam jukes,2013,E1,0,1969,7.57,0.41,8.5
2025-04-09,Georgi Korovski,Jonathan Gilbert,g1 jonathan gilbert,2038,G1,0,1962,7.95,0.38,8.5
2025-04-16,Georgi Korovski,Andrei Zhuravlev,e1 andrei zhuravlev,1606,E1,1,1964,8.83,0.88,9.5
2025-04-18,Georgi Korovski,Allan Pleasants,e1 allan pleasants,2060,E1,0.5,1967,9.18,0.35,10
2025-04-18,Georgi Korovski,Joe Fathallah,e1 joe fathallah,2043,E1,0,1960,9.55,0.37,10
2025-04-19,Georgi Korovski,Dave Turner,g1 dave turner,1915,G1,1,1969,10.1,0.55,11
2025-04-19,Georgi Korovski,Alan Spice,e1 alan spice,2050,E1,1,1981,10.46,0.36,12
2025-04-20,Georgi Korovski,Alexis Harakis,d1 alexis harakis,2292,D1,0,1979,10.58,0.12,12
2025-04-21,Georgi Korovski,Rudy van Kemenade,n1 rudy van kemenade,1946,N1,0,1969,11.09,0.51,12
2025-04-21,Georgi Korovski,Darson Beeston,w1 darson beeston,1741,W1,1,1973,11.86,0.77,13
2025-04-23,Georgi Korovski,Anezka Vlkova,e1 anezka vlkova,1948,E1,1,1983,12.36,0.5,14
2025-05-14,Georgi Korovski,Bertie Carvey,e1 bertie carvey,1425,E1,1,1985,13.26,0.9,15
2025-05-20,Georgi Korovski,David Robinson,e1 david robinson,1898,E1,0.5,1984,13.83,0.57,15.5
2025-05-28,Georgi Korovski,Sam Rhydderch,e1 sam rhydderch,1451,E1,1,1986,14.73,0.9,16.5
2025-01-21,Anezka Vlkova,David Robinson,e1 david robinson,1898,E1,0.5,1947,0.57,0.57,0.5
2025-02-02,Anezka Vlkova,Adam May,w1 adam may,1921,W1,1,1956,1.11,0.54,1.5
2025-02-05,Anezka Vlkova,Sam Jukes,e1 sam jukes,2013,E1,1,1968,1.52,0.41,2.5
2025-02-19,Anezka Vlkova,Pete Heaven,e1 pete heaven,2114,E1,0,1962,1.8,0.28,2.5
2025-02-23,Anezka Vlkova,Yusuf Sulemani,e1 yusuf sulemani,1789,E1,1,1968,2.51,0.71,3.5
2025-03-05,Anezka Vlkova,George Turner,e1 george turner,1984,E1,1,1979,2.96,0.45,4.5
2025-03-23,Anezka Vlkova,Matteo Favoni,w1 matteo favoni,2040,W1,1,1991,3.33,0.37,5.5
2025-03-26,Anezka Vlkova,Roy Thomas,e1 roy thomas,1901,E1,1,2000,3.9,0.57,6.5
2025-04-02,Anezka Vlkova,Charles Summers,e1 charles summers,1894,E1,1,2009,4.48,0.58,7.5
2025-04-18,Anezka Vlkova,Bob Hurn,e1 bob hurn,1612,E1,1,2011,5.35,0.87,8.5
2025-04-18,Anezka Vlkova,Simon Blackmore,e1 simon blackmore,1769,E1,1,2016,6.09,0.74,9.5
2025-04-19,Anezka Vlkova,Ivan De La Cruz,e1 ivan de la cruz,2110,E1,0,2011,6.37,0.28,9.5
2025-04-19,Anezka Vlkova,Donovan Sipho,w1 donovan sipho,1803,W1,0,1997,7.07,0.7,9.5
2025-04-20,Anezka Vlkova,Vijayaratnam Vijitharan,NA,1724,Est,1,2001,7.85,0.78,10.5
2025-04-21,Anezka Vlkova,Steve Jones,e1 steve jones,1838,E1,1,2008,8.5,0.65,11.5
2025-04-21,Anezka Vlkova,George Turner,e1 george turner,1984,E1,1,2019,8.95,0.45,12.5
2025-04-23,Anezka Vlkova,Georgi Korovski,e1 georgi korovski,1950,E1,0,2009,9.45,0.5,12.5
2025-05-07,Anezka Vlkova,Dwain Jones,e1 dwain jones,1672,E1,1,2012,10.28,0.83,13.5
2025-05-11,Anezka Vlkova,Pete Heaven,e1 pete heaven,2114,E1,1,2027,10.56,0.28,14.5
2025-05-20,Anezka Vlkova,John McGregor,e1 john mcgregor,1921,E1,0,2016,11.1,0.54,14.5
2025-02-15,John Trevelyan,Maxime Quilaud,NA,2023,ENG,1,1959,0.39,0.39,1
2025-02-16,John Trevelyan,Tomer Eden,NA,2177,ENG,0,1955,0.6,0.21,1
2025-04-05,John Trevelyan,Mark I Collinson,NA,2013,ENG,1,1967,1.01,0.41,2
2025-04-06,John Trevelyan,Joseph Morrison,NA,1941,ENG,0.5,1967,1.52,0.51,2.5
2025-05-03,John Trevelyan,Martin Gawne,NA,1902,ENG,0.5,1965,2.08,0.56,3
2025-05-04,John Trevelyan,John S Garnet,NA,1981,ENG,1,1976,2.53,0.45,4
2025-05-05,John Trevelyan,Patrick Sartain,NA,1679,ENG,1,1980,3.35,0.82,5
2025-01-05,Emma Kong,James Choung,e1 james choung,1456,E1,0,1928,0.9,0.9,0
2025-01-08,Emma Kong,Dwain Jones,e1 dwain jones,1672,E1,1,1931,1.73,0.83,1
2025-01-15,Emma Kong,Georgi Korovski,e1 georgi korovski,1950,E1,0,1922,2.22,0.49,1
2025-01-18,Emma Kong,Tim Kett,e1 tim kett,2209,E1,1,1938,2.4,0.18,2
2025-01-18,Emma Kong,Joe Fathallah,e1 joe fathallah,2043,E1,0.5,1941,2.76,0.36,2.5
2025-01-19,Emma Kong,Rudy van Kemenade,n1 rudy van kemenade,1946,N1,0,1931,3.26,0.5,2.5
2025-01-19,Emma Kong,Adam May,w1 adam may,1921,W1,1,1940,3.8,0.54,3.5
2025-01-22,Emma Kong,Daniel Wilmot,e1 daniel wilmot,1974,E1,0,1931,4.26,0.46,3.5
2025-01-27,Emma Kong,Daniel Wilmot,e1 daniel wilmot,1974,E1,0,1922,4.72,0.46,3.5
2025-02-02,Emma Kong,Hywel Griffiths,w1 hywel griffiths,1902,W1,1,1930,5.28,0.56,4.5
2025-02-05,Emma Kong,Georgi Korovski,e1 georgi korovski,1950,E1,1,1940,5.77,0.49,5.5
2025-02-12,Emma Kong,Georgi Korovski,e1 georgi korovski,1950,E1,0,1931,6.26,0.49,5.5
2025-02-13,Emma Kong,Bence Szakmany,e1 bence szakmany,1969,E1,0.5,1931,6.73,0.47,6
2025-02-23,Emma Kong,Mark Chinnick,e1 mark chinnick,1574,E1,1,1933,7.62,0.89,7
2025-02-26,Emma Kong,Ivan De La Cruz,e1 ivan de la cruz,2110,E1,0,1928,7.9,0.28,7
2025-03-05,Emma Kong,Guy Wagner,e1 guy wagner,1832,E1,0,1915,8.56,0.66,7
2025-03-12,Emma Kong,John McGregor,e1 john mcgregor,1921,E1,0,1904,9.1,0.54,7
2025-03-19,Emma Kong,Jonathan James,e1 jonathan james,2027,E1,0,1896,9.49,0.39,7
2025-03-23,Emma Kong,Andrew Smith,w1 andrew smith,1779,W1,0,1882,10.21,0.72,7
2025-03-25,Emma Kong,Michael Binks,e1 michael binks,1960,E1,0,1872,10.69,0.48,7
2025-03-29,Emma Kong,Lynda Smith,g1 lynda smith,1857,G1,1,1880,11.32,0.63,8
2025-03-29,Emma Kong,Oliver Thornley,NA,1903,ENG,0,1868,11.88,0.56,8
2025-03-30,Emma Kong,Thomas Ash,NA,1839,ENG,0,1855,12.53,0.65,8
2025-03-30,Emma Kong,Manel Fernando,NA,1813,ENG,1,1862,13.21,0.68,9
2025-04-02,Emma Kong,Guy Wagner,e1 guy wagner,1832,E1,0,1848,13.87,0.66,9
2025-04-14,Emma Kong,Gwynfor Rees,e1 gwynfor rees,2016,E1,0,1840,14.27,0.4,9
2025-04-18,Emma Kong,Bence Szakmany,e1 bence szakmany,1969,E1,0,1831,14.74,0.47,9
2025-04-18,Emma Kong,Rudy van Kemenade,n1 rudy van kemenade,1946,N1,1,1841,15.24,0.5,10
2025-04-19,Emma Kong,Allan Pleasants,e1 allan pleasants,2060,E1,0.5,1844,15.58,0.34,10.5
2025-04-19,Emma Kong,Joe Fathallah,e1 joe fathallah,2043,E1,0.5,1847,15.94,0.36,11
2025-04-20,Emma Kong,Michael Binks,e1 michael binks,1960,E1,0.5,1847,16.42,0.48,11.5
2025-04-21,Emma Kong,John McGregor,e1 john mcgregor,1921,E1,0.5,1847,16.96,0.54,12
2025-04-21,Emma Kong,Alan Young,w1 alan young,2016,W1,0.5,1849,17.36,0.4,12.5
2025-04-23,Emma Kong,Matthew Davies,e1 matthew davies,1990,E1,0,1840,17.8,0.44,12.5
2025-04-26,Emma Kong,David M Cole,NA,1835,ENG,0.5,1837,18.45,0.65,13
2025-04-26,Emma Kong,Stephen Holmes,NA,1671,ENG,1,1840,19.28,0.83,14
2025-04-27,Emma Kong,Ye Kyaw,NA,1796,ENG,0,1826,19.98,0.7,14
2025-04-27,Emma Kong,Henry Burton,d1 henry burton,1500,D1,1,1828,20.88,0.9,15
2025-04-30,Emma Kong,Michael Arribas-Ayllon,e1 michael arribas-ayllon,1739,E1,1,1833,21.65,0.77,16
2025-05-07,Emma Kong,George Bowkett,e1 george bowkett,1757,E1,1,1838,22.4,0.75,17
2025-05-11,Emma Kong,Sergio Esteves,e1 sergio esteves,1775,E1,0.5,1833,23.13,0.73,17.5
2025-05-19,Emma Kong,Justin Morgans,e1 justin morgans,1746,E1,1,1838,23.89,0.76,18.5
2025-05-20,Emma Kong,Joshua McKenna,e1 joshua mckenna,1801,E1,0.5,1834,24.59,0.7,19
2025-05-24,Emma Kong,Joseph Morrison,NA,1970,ENG,0,1825,25.06,0.47,19
2025-05-24,Emma Kong,Carl Gartside,NA,1930,ENG,1,1834,25.58,0.52,20
2025-05-25,Emma Kong,Paul Hatchett,e1 paul hatchett,2050,E1,0.5,1837,25.93,0.35,20.5
2025-05-25,Emma Kong,Robert M Ashworth,NA,1989,ENG,0,1829,26.37,0.44,20.5
2025-05-26,Emma Kong,John M Guilfoyle,NA,1955,ENG,1,1839,26.86,0.49,21.5
2025-05-26,Emma Kong,Rudy van Kemenade,n1 rudy van kemenade,1946,N1,0,1829,27.36,0.5,21.5
2025-05-31,Emma Kong,Luke Freeman,NA,2026,ENG,0,1821,27.75,0.39,21.5
2025-05-31,Emma Kong,Rezin C Catabay,NA,1954,ENG,0,1811,28.24,0.49,21.5
2025-06-01,Emma Kong,Zack Norris,NA,2188,ENG,0,1807,28.44,0.2,21.5
2025-06-01,Emma Kong,Zander Booth,NA,1990,ENG,0.5,1809,28.88,0.44,22
2025-01-03,Rudy van Kemenade,Mike Surtees,NA,2126,ENG,0,1941,0.26,0.26,0
2025-01-04,Rudy van Kemenade,Tiago Faustino,NA,1989,ENG,1,1952,0.7,0.44,1
2025-01-04,Rudy van Kemenade,Simon Gilmore,NA,2058,ENG,1,1965,1.04,0.34,2
2025-01-05,Rudy van Kemenade,Nigel Ferrington,NA,2144,ENG,1,1980,1.28,0.24,3
2025-01-05,Rudy van Kemenade,Nathanael Paul,NA,2166,ENG,0.5,1986,1.5,0.22,3.5
2025-01-09,Rudy van Kemenade,Christopher Lewis,NA,1995,ENG,0,1977,1.93,0.43,3.5
2025-01-11,Rudy van Kemenade,Tim Lane,NA,1908,ENG,0,1966,2.48,0.55,3.5
2025-01-12,Rudy van Kemenade,Nigel Sharp,NA,1799,ENG,1,1972,3.18,0.7,4.5
2025-01-15,Rudy van Kemenade,Richard Thompson,NA,1741,ENG,1,1977,3.94,0.76,5.5
2025-01-16,Rudy van Kemenade,Tony Preece,NA,1915,ENG,0.5,1976,4.48,0.54,6
2025-01-17,Rudy van Kemenade,Malcolm Probert,w1 malcolm probert,1760,W1,1,1981,5.22,0.74,7
2025-01-18,Rudy van Kemenade,Kristian Stuvik Holm,NA,2492,FIDE,0,1979,5.32,0.1,7
2025-01-18,Rudy van Kemenade,Justin Morgans,e1 justin morgans,1746,E1,1,1984,6.08,0.76,8
2025-01-19,Rudy van Kemenade,Emma Kong,e1 emma kong,1946,E1,1,1994,6.58,0.5,9
2025-01-19,Rudy van Kemenade,Joe Fathallah,e1 joe fathallah,2043,E1,0,1987,6.94,0.36,9
2025-01-22,Rudy van Kemenade,Nick Holmes,NA,1731,ENG,1,1991,7.72,0.78,10
2025-01-23,Rudy van Kemenade,Tiago Faustino,NA,1989,ENG,0,1982,8.16,0.44,10
2025-02-02,Rudy van Kemenade,Ian Jones,w1 ian jones,1939,W1,0,1972,8.67,0.51,10
2025-02-05,Rudy van Kemenade,Nathanael Paul,NA,2173,ENG,0.5,1978,8.88,0.21,10.5
2025-02-07,Rudy van Kemenade,Julie van Kemenade,n1 julie van kemenade,1789,N1,1,1984,9.59,0.71,11.5
2025-02-08,Rudy van Kemenade,Alexis Harakis,d1 alexis harakis,2292,D1,0,1981,9.71,0.12,11.5
2025-02-08,Rudy van Kemenade,Mike Hollyman,e1 mike hollyman,1711,E1,1,1985,10.5,0.79,12.5
2025-02-09,Rudy van Kemenade,Ben Brewer,d1 ben brewer,1909,D1,1,1994,11.05,0.55,13.5
2025-02-09,Rudy van Kemenade,Roy Thomas,e1 roy thomas,1901,E1,1,2003,11.61,0.56,14.5
2025-02-15,Rudy van Kemenade,Stakhey Sedykh,NA,1899,ENG,1,2012,12.18,0.57,15.5
2025-02-16,Rudy van Kemenade,Alexandros Ethelontis,NA,2127,ENG,0,2006,12.44,0.26,15.5
2025-02-18,Rudy van Kemenade,Nick Rutter,NA,2070,ENG,1,2020,12.77,0.33,16.5
2025-02-20,Rudy van Kemenade,Glyn Pugh,NA,1933,ENG,1,2030,13.29,0.52,17.5
2025-03-06,Rudy van Kemenade,Matthew Clark,NA,1849,ENG,1,2037,13.93,0.64,18.5
2025-03-13,Rudy van Kemenade,Richard Bryant,NA,1933,ENG,0,2026,14.45,0.52,18.5
2025-03-23,Rudy van Kemenade,Joshua McKenna,e1 joshua mckenna,1801,E1,1,2032,15.15,0.7,19.5
2025-04-01,Rudy van Kemenade,Nick Rutter,NA,2051,ENG,0.5,2035,15.5,0.35,20
2025-04-02,Rudy van Kemenade,Charles Higgie,n1 charles higgie,1937,N1,0,2025,16.01,0.51,20
2025-04-05,Rudy van Kemenade,Jaroslaw Wielosz,NA,1939,FIDE,0,2015,16.52,0.51,20
2025-04-07,Rudy van Kemenade,Marek Kruczynski,NA,1862,FIDE,1,2023,17.14,0.62,21
2025-04-08,Rudy van Kemenade,Uwe Boensch,NA,2465,FIDE,0,2021,17.24,0.1,21
2025-04-09,Rudy van Kemenade,Natasha Regan,NA,2072,ENG,0,2014,17.57,0.33,21
2025-04-11,Rudy van Kemenade,Nigel Davies,NA,2366,ENG,0,2012,17.67,0.1,21
2025-04-12,Rudy van Kemenade,Robert Noyce,NA,2088,ENG,1,2026,17.98,0.31,22
2025-04-13,Rudy van Kemenade,Robert Noyce,NA,2088,ENG,0.5,2030,18.29,0.31,22.5
2025-04-18,Rudy van Kemenade,Alexis Harakis,d1 alexis harakis,2292,D1,0,2027,18.41,0.12,22.5
2025-04-19,Rudy van Kemenade,Emma Kong,e1 emma kong,1946,E1,0,2017,18.91,0.5,22.5
2025-04-19,Rudy van Kemenade,Michael Binks,e1 michael binks,1960,E1,0,2008,19.39,0.48,22.5
2025-04-20,Rudy van Kemenade,Joshua McKenna,e1 joshua mckenna,1801,E1,1,2014,20.09,0.7,23.5
2025-04-21,Rudy van Kemenade,Georgi Korovski,e1 georgi korovski,1950,E1,1,2024,20.58,0.49,24.5
2025-04-21,Rudy van Kemenade,Sam Jukes,e1 sam jukes,2013,E1,0,2016,20.98,0.4,24.5
2025-04-23,Rudy van Kemenade,Tiago Faustino,NA,1958,ENG,1,2026,21.46,0.48,25.5
2025-04-24,Rudy van Kemenade,Julie van Kemenade,n1 julie van kemenade,1789,N1,0,2012,22.17,0.71,25.5
2025-05-24,Rudy van Kemenade,Oliver Stubbs,NA,2279,ENG,0,2009,22.3,0.13,25.5
2025-05-24,Rudy van Kemenade,Tara Tamilselvan,NA,1921,ENG,0,1999,22.84,0.54,25.5
2025-05-25,Rudy van Kemenade,Francesco Poderico,NA,1857,ENG,1,2006,23.47,0.63,26.5
2025-05-25,Rudy van Kemenade,Yuvraj Kumar,NA,1913,ENG,1,2015,24.02,0.55,27.5
2025-05-26,Rudy van Kemenade,Timonthy Headlong,NA,2087,ENG,0.5,2019,24.33,0.31,28
2025-05-26,Rudy van Kemenade,Emma Kong,e1 emma kong,1946,E1,1,2029,24.83,0.5,29
2025-05-28,Rudy van Kemenade,Nigel Ferrington,NA,2098,ENG,0,2023,25.12,0.29,29
2025-06-17,Rudy van Kemenade,Matthew Clark,NA,1861,ENG,0.5,2021,25.74,0.62,29.5
2025-06-27,Rudy van Kemenade,Jacob Boswell,NA,2345,ENG,0,2019,25.84,0.1,29.5
2025-06-28,Rudy van Kemenade,Arjun Pyda,NA,1918,ENG,1,2028,26.38,0.54,30.5
2025-06-28,Rudy van Kemenade,Seth Woozeer,NA,1891,ENG,1,2036,26.96,0.58,31.5
2025-06-29,Rudy van Kemenade,Roger de Coverly,NA,2026,ENG,1,2049,27.35,0.39,32.5
2025-06-29,Rudy van Kemenade,Bernard Chan,NA,2192,ENG,0,2045,27.55,0.2,32.5
2025-01-11,Imogen Camp,Mark Collinson,NA,1993,ENG,0,1936,0.43,0.43,0
2025-01-12,Imogen Camp,Daniel Sullivan,NA,2042,ENG,0.5,1939,0.79,0.36,0.5
2025-01-27,Imogen Camp,Alan Gentry,NA,1824,ENG,1,1946,1.46,0.67,1.5
2025-02-06,Imogen Camp,Siddhant Singhal,NA,1747,ENG,0,1931,2.22,0.76,1.5
2025-03-08,Imogen Camp,Julia Volovich,NA,2053,ENG,0,1924,2.57,0.35,1.5
2025-01-13,Derek Jones,Dave McGhee,e1 dave mcghee,1995,E1,1,1955,0.43,0.43,1
2025-01-22,Derek Jones,Bill Harle,e1 bill harle,1787,E1,0.5,1951,1.14,0.71,1.5
2025-01-27,Derek Jones,George Turner,e1 george turner,1984,E1,1,1962,1.58,0.44,2.5
2025-02-07,Derek Jones,Owen Tompkins Coll,e1 owen tompkins coll,1741,E1,0.5,1957,2.34,0.76,3
2025-02-19,Derek Jones,Tom Brown,e1 tom brown,2155,E1,0,1953,2.57,0.23,3
2025-02-23,Derek Jones,Adam May,w1 adam may,1921,W1,1,1962,3.1,0.53,4
2025-03-03,Derek Jones,Gwynfor Rees,e1 gwynfor rees,2016,E1,0,1954,3.5,0.4,4
2025-03-10,Derek Jones,George Turner,e1 george turner,1984,E1,0,1945,3.94,0.44,4
2025-03-20,Derek Jones,Liam Penny,e1 liam penny,1846,E1,1,1952,4.58,0.64,5
2025-03-23,Derek Jones,Alex Kennedy,e1 alex kennedy,1669,E1,0,1936,5.41,0.83,5
2025-03-24,Derek Jones,Mike Gale,e1 mike gale,1821,E1,1,1942,6.08,0.67,6
2025-03-26,Derek Jones,Alex Bullen,e1 alex bullen,2241,E1,0.5,1949,6.23,0.15,6.5
2025-03-31,Derek Jones,John McGregor,e1 john mcgregor,1921,E1,0.5,1949,6.76,0.53,7
2025-04-14,Derek Jones,Gwyn Havard,e1 gwyn havard,1793,E1,1,1955,7.46,0.7,8
2025-04-28,Derek Jones,Bence Szakmany,e1 bence szakmany,1969,E1,0,1945,7.92,0.46,8
2025-05-11,Derek Jones,Sam Jukes,e1 sam jukes,2013,E1,0.5,1947,8.32,0.4,8.5
2025-05-21,Derek Jones,Joe Fathallah,e1 joe fathallah,2043,E1,0,1940,8.68,0.36,8.5
2025-06-23,Derek Jones,Yusuf Sulemani,e1 yusuf sulemani,1789,E1,1,1946,9.39,0.71,9.5
2025-06-30,Derek Jones,Richard Swales,e1 richard swales,1310,E1,1,1948,10.29,0.9,10.5
2025-03-05,Jake Hurley,Ivan De La Cruz,e1 ivan de la cruz,2110,E1,0,1936,0.27,0.27,0
2025-04-09,Jake Hurley,Kam Choo Yin,e1 kam choo yin,1759,E1,1,1941,1.01,0.74,1
2025-04-30,Jake Hurley,Kristan Enoch,e1 kristan enoch,1747,E1,1,1946,1.76,0.75,2
2025-05-07,Jake Hurley,Ifan Rathbone-Jones,n1 ifan rathbone-jones,2270,N1,1,1963,1.89,0.13,3
2025-05-21,Jake Hurley,Kevin Evans,e1 kevin evans,2007,E1,1,1975,2.3,0.41,4
2025-01-20,Ian Jones,Matteo Favoni,w1 matteo favoni,2040,W1,0.5,1942,0.36,0.36,0.5
2025-01-21,Ian Jones,Blake Stone,w1 blake stone,1746,W1,1,1947,1.11,0.75,1.5
2025-02-02,Ian Jones,Rudy Van Kemenade,n1 rudy van kemenade,1946,N1,1,1957,1.6,0.49,2.5
2025-02-05,Ian Jones,Adam May,w1 adam may,1921,W1,0.5,1956,2.13,0.53,3
2025-02-10,Ian Jones,Evan Whitehouse,w1 evan whitehouse,1766,W1,1,1962,2.86,0.73,4
2025-02-23,Ian Jones,Alex Kennedy,e1 alex kennedy,1669,E1,1,1965,3.69,0.83,5
2025-02-24,Ian Jones,Dale Westcott,w1 dale westcott,1864,W1,0.5,1963,4.3,0.61,5.5
2025-03-03,Ian Jones,Matthew Billington,w1 matthew billington,1766,W1,1,1969,5.03,0.73,6.5
2025-03-17,Ian Jones,Ovidiu Pintea,w1 ovidiu pintea,1768,W1,1,1974,5.76,0.73,7.5
2025-03-23,Ian Jones,Sam Jukes,e1 sam jukes,2013,E1,0,1966,6.16,0.4,7.5
2025-03-24,Ian Jones,Ovidiu Pintea,w1 ovidiu pintea,1768,W1,1,1972,6.89,0.73,8.5
2025-04-01,Ian Jones,Jonathan Thomas,w1 jonathan thomas,1868,W1,0.5,1970,7.49,0.6,9
2025-04-09,Ian Jones,Chris Daniel,w1 chris daniel,1745,W1,1,1975,8.24,0.75,10
2025-04-14,Ian Jones,John Arnold,w1 john arnold,1792,W1,0.5,1971,8.94,0.7,10.5
2025-04-28,Ian Jones,Chris Daniel,w1 chris daniel,1745,W1,1,1975,9.69,0.75,11.5
2025-04-30,Ian Jones,Adam May,w1 adam may,1921,W1,0,1965,10.22,0.53,11.5
2025-05-06,Ian Jones,John Arnold,w1 john arnold,1792,W1,0.5,1961,10.92,0.7,12
2025-05-11,Ian Jones,Mark Chinnick,e1 mark chinnick,1574,E1,1,1963,11.81,0.89,13
2025-05-14,Ian Jones,Gareth Harper,w1 gareth harper,1717,W1,1,1967,12.59,0.78,14
2025-01-11,Charles Higgie,Jacques Tivillier,NA,1919,ENG,1,1946,0.53,0.53,1
2025-01-12,Charles Higgie,Daniel Hardman,NA,1931,ENG,0.5,1946,1.04,0.51,1.5
2025-02-15,Charles Higgie,Sebastian Mokhber-Garcia,NA,2013,ENG,1,1958,1.43,0.39,2.5
2025-02-17,Charles Higgie,Richard Bjerke,NA,2037,FIDE,0.5,1961,1.79,0.36,3
2025-02-18,Charles Higgie,Jos Ten Hacken,NA,2020,FIDE,1,1974,2.17,0.38,4
2025-02-19,Charles Higgie,Aulikki Ristoja,NA,1726,FIDE,1,1978,2.94,0.77,5
2025-02-20,Charles Higgie,Erik Andersson,NA,1824,FIDE,1,1985,3.6,0.66,6
2025-02-21,Charles Higgie,Steffen Cordes,NA,1943,FIDE,1,1995,4.09,0.49,7
2025-02-22,Charles Higgie,Eduard Meduna,NA,2305,FIDE,0,1993,4.2,0.11,7
2025-02-23,Charles Higgie,Alexey Blokhin,NA,1829,FIDE,0,1980,4.85,0.65,7
2025-02-24,Charles Higgie,Serhii Nikolaienko,NA,1870,FIDE,1,1988,5.45,0.6,8
2025-02-25,Charles Higgie,Karel Slechta,NA,1874,FIDE,1,1996,6.04,0.59,9
2025-03-05,Charles Higgie,Nigel Ferrington,NA,2120,ENG,1,2011,6.3,0.26,10
2025-03-19,Charles Higgie,Nick Rutter,NA,2045,ENG,0,2004,6.65,0.35,10
2025-04-02,Charles Higgie,Rudy van Kemenade,n1 rudy van kemenade,1946,N1,1,2014,7.14,0.49,11
2025-04-12,Charles Higgie,Gustavo Leon Cazares,NA,2242,ENG,0.5,2022,7.29,0.15,11.5
2025-04-13,Charles Higgie,Thisumi Jayawarna,NA,1867,ENG,1,2030,7.89,0.6,12.5
2025-04-29,Charles Higgie,Nick Rutter,NA,2051,ENG,0,2023,8.23,0.34,12.5
2025-05-03,Charles Higgie,Oscar Pollack,NA,2150,ENG,0,2018,8.46,0.23,12.5
2025-05-04,Charles Higgie,Lee Kay,NA,2003,ENG,1,2030,8.87,0.41,13.5
2025-05-05,Charles Higgie,Arjun Pyda,NA,1929,ENG,0,2020,9.38,0.51,13.5
2025-01-15,Joseph Addis,Kevin Thomas,g1 kevin thomas,1840,G1,1,1942,0.63,0.63,1
2025-01-22,Joseph Addis,Dave Turner,g1 dave turner,1915,G1,0,1932,1.16,0.53,1
2025-02-18,Joseph Addis,Jonathan Gilbert,g1 jonathan gilbert,2038,G1,0,1925,1.52,0.36,1
2025-01-05,Bob Moore,Adam May,w1 adam may,1921,W1,1,1936,0.51,0.51,1
2025-01-20,Bob Moore,Marek Simon,w1 marek simon,1912,W1,0,1925,1.03,0.52,1
2025-01-27,Bob Moore,Adam May,w1 adam may,1921,W1,0.5,1925,1.54,0.51,1.5
2025-01-28,Bob Moore,Dale Westcott,w1 dale westcott,1864,W1,0.5,1924,2.13,0.59,2
2025-02-03,Bob Moore,Andrew Smith,w1 andrew smith,1779,W1,0.5,1920,2.83,0.7,2.5
2025-02-10,Bob Moore,Vlad Pintea,w1 vlad pintea,1740,W1,1,1925,3.57,0.74,3.5
2025-02-24,Bob Moore,Jonathan Thomas,w1 jonathan thomas,1868,W1,0,1913,4.15,0.58,3.5
2025-03-03,Bob Moore,Gareth Harper,w1 gareth harper,1717,W1,1,1918,4.92,0.77,4.5
2025-03-10,Bob Moore,Jonathan Thomas,w1 jonathan thomas,1868,W1,0,1906,5.5,0.58,4.5
2025-03-24,Bob Moore,Blake Stone,w1 blake stone,1746,W1,0,1891,6.24,0.74,4.5
2025-04-01,Bob Moore,Dale Westcott,w1 dale westcott,1864,W1,1,1899,6.83,0.59,5.5
2025-04-07,Bob Moore,Darson Beeston,w1 darson beeston,1741,W1,1,1905,7.57,0.74,6.5
2025-04-14,Bob Moore,Malcolm Probert,w1 malcolm probert,1760,W1,1,1910,8.29,0.72,7.5
2025-04-28,Bob Moore,Gareth Harper,w1 gareth harper,1717,W1,1,1915,9.06,0.77,8.5
2025-05-06,Bob Moore,Malcolm Probert,w1 malcolm probert,1760,W1,1,1920,9.78,0.72,9.5
2025-01-09,Callum Smith,John McGregor,e1 john mcgregor,1921,E1,1,1933,0.5,0.5,1
2025-01-11,Callum Smith,Hooman Honarvarmahalati,NA,1923,ENG,1,1943,1,0.5,2
2025-01-12,Callum Smith,Sean Terry,NA,1939,ENG,0.5,1943,1.48,0.48,2.5
2025-03-17,Callum Smith,Gareth Yeo,e1 gareth yeo,2078,E1,1,1958,1.77,0.29,3.5
2025-01-17,Calum Harris,Kristian Stuvik Holm,NA,2492,FIDE,0,1920,0.1,0.1,0
2025-01-18,Calum Harris,Justin Morgans,e1 justin morgans,1746,E1,0,1905,0.83,0.73,0
2025-01-18,Calum Harris,Deio Parri,n1 deio parri,1754,N1,1,1911,1.55,0.72,1
2025-01-19,Calum Harris,Julie van Kemenade,n1 julie van kemenade,1789,N1,1,1917,2.23,0.68,2
2025-01-05,Adam May,Bob Moore,w1 bob moore,1926,W1,0,1911,0.49,0.49,0
2025-01-07,Adam May,Hywel Griffiths,w1 hywel griffiths,1902,W1,0.5,1911,1.02,0.53,0.5
2025-01-17,Adam May,Csege Hanczar,e1 csege hanczar,1644,E1,1,1914,1.85,0.83,1.5
2025-01-18,Adam May,Joe Fathallah,e1 joe fathallah,2043,E1,0.5,1917,2.18,0.33,2
2025-01-18,Adam May,Ifan Rathbone-Jones,n1 ifan rathbone-jones,2270,N1,0.5,1925,2.3,0.12,2.5
2025-01-19,Adam May,Adam Musson,w1 adam musson,2014,W1,0,1918,2.67,0.37,2.5
2025-01-19,Adam May,Emma Kong,e1 emma kong,1946,E1,0,1908,3.13,0.46,2.5
2025-01-27,Adam May,Bob Moore,w1 bob moore,1926,W1,0.5,1908,3.62,0.49,3
2025-02-02,Adam May,Anezka Vlkova,e1 anezka vlkova,1948,E1,0,1899,4.08,0.46,3
2025-02-05,Adam May,Ian Jones,w1 ian jones,1939,W1,0.5,1900,4.55,0.47,3.5
2025-02-12,Adam May,James Evans,w1 james evans,1655,W1,1,1903,5.37,0.82,4.5
2025-02-23,Adam May,Derek Jones,e1 derek jones,1944,E1,0,1894,5.84,0.47,4.5
2025-03-08,Adam May,Mike P Waddington,NA,2092,ENG,0.5,1899,6.11,0.27,5
2025-03-08,Adam May,David Phillips,NA,2124,ENG,0.5,1904,6.35,0.24,5.5
2025-03-09,Adam May,Junyi Zhang,NA,2183,ENG,0,1900,6.53,0.18,5.5
2025-03-09,Adam May,Shambavi Hariharan,NA,2112,ENG,0,1895,6.78,0.25,5.5
2025-03-11,Adam May,Eva Gregot,w1 eva gregot,1686,W1,1,1899,7.57,0.79,6.5
2025-03-19,Adam May,David Guy,w1 david guy,1857,W1,1,1907,8.16,0.59,7.5
2025-04-02,Adam May,Gareth Harper,w1 gareth harper,1717,W1,1,1912,8.92,0.76,8.5
2025-04-08,Adam May,Dale Westcott,w1 dale westcott,1864,W1,0,1901,9.5,0.58,8.5
2025-04-23,Adam May,Donovan Sipho,w1 donovan sipho,1803,W1,0,1887,10.16,0.66,8.5
2025-04-30,Adam May,Ian Jones,w1 ian jones,1939,W1,1,1898,10.63,0.47,9.5
2025-05-06,Adam May,Blake Stone,w1 blake stone,1746,W1,1,1903,11.36,0.73,10.5
2025-05-16,Adam May,Jane Richmond,g1 jane richmond,2135,G1,0.5,1909,11.59,0.23,11
2025-05-17,Adam May,Dominic L Bennett,NA,2016,ENG,0,1901,11.96,0.37,11
2025-05-17,Adam May,Sam Jukes,e1 sam jukes,2013,E1,0,1894,12.33,0.37,11
2025-01-09,John McGregor,Callum Smith,e1 callum smith,1923,E1,0,1911,0.5,0.5,0
2025-01-27,John McGregor,Gwynfor Rees,e1 gwynfor rees,2016,E1,0.5,1914,0.87,0.37,0.5
2025-02-02,John McGregor,Roy Thomas,e1 roy thomas,1901,E1,0,1903,1.4,0.53,0.5
2025-02-15,John McGregor,John A Williams,g1 john a williams,1680,G1,0.5,1897,2.2,0.8,1
2025-02-15,John McGregor,Stuart Enoch,e1 stuart enoch,1560,E1,1,1899,3.09,0.89,2
2025-02-16,John McGregor,Tom Bennett,e1 tom bennett,1789,E1,0.5,1896,3.77,0.68,2.5
2025-02-16,John McGregor,Steve Williams (Cwm),g1 steve williams (cwm),1850,G1,0.5,1894,4.37,0.6,3
2025-02-19,John McGregor,Bill Hunt,e1 bill hunt,1825,E1,1,1901,5,0.63,4
2025-02-23,John McGregor,Matteo Favoni,w1 matteo favoni,2040,W1,0,1894,5.34,0.34,4
2025-02-25,John McGregor,Andrew Di-Vetta,e1 andrew di-vetta,1787,E1,0.5,1891,6.02,0.68,4.5
2025-03-10,John McGregor,Charles Summers,e1 charles summers,1894,E1,0.5,1890,6.56,0.54,5
2025-03-12,John McGregor,Emma Kong,e1 emma kong,1946,E1,1,1901,7.02,0.46,6
2025-03-20,John McGregor,Kristan Enoch,e1 kristan enoch,1747,E1,1,1906,7.75,0.73,7
2025-03-31,John McGregor,Derek Jones,e1 derek jones,1944,E1,0.5,1907,8.22,0.47,7.5
2025-04-18,John McGregor,Lee Davis,e1 lee davis,2100,E1,0.5,1911,8.48,0.26,8
2025-04-19,John McGregor,Grzegorz Toczek,e1 grzegorz toczek,2300,E1,0,1909,8.58,0.1,8
2025-04-19,John McGregor,Danylo Shevchenko,e1 danylo shevchenko,1667,E1,1,1913,9.39,0.81,9
2025-04-20,John McGregor,Bence Szakmany,e1 bence szakmany,1969,E1,0,1904,9.82,0.43,9
2025-04-21,John McGregor,Dave Turner,g1 dave turner,1915,G1,0.5,1904,10.33,0.51,9.5
2025-04-21,John McGregor,Emma Kong,e1 emma kong,1946,E1,0.5,1905,10.79,0.46,10
2025-05-08,John McGregor,Matthew Davies,e1 matthew davies,1990,E1,0.5,1907,11.19,0.4,10.5
2025-05-11,John McGregor,Allan Pleasants,e1 allan pleasants,2060,E1,0,1901,11.5,0.31,10.5
2025-05-20,John McGregor,Anezka Vlkova,e1 anezka vlkova,1948,E1,1,1912,11.96,0.46,11.5
2025-06-03,John McGregor,Harry Arnold,e1 harry arnold,1310,E1,1,1914,12.86,0.9,12.5
2025-06-24,John McGregor,Toby Blankley,e1 toby blankley,1456,E1,1,1916,13.76,0.9,13.5
2025-01-28,Gareth Ellis,Colin White,NA,1840,ENG,1,1927,0.61,0.61,1
2025-02-20,Gareth Ellis,Chris Doran,NA,2021,ENG,0,1920,0.97,0.36,1
2025-03-13,Gareth Ellis,Denys Podcherniaeva,n1 denys podcherniaeva,1874,N1,0.5,1918,1.53,0.56,1.5
2025-03-27,Gareth Ellis,Chris Doran,NA,2021,ENG,0,1911,1.89,0.36,1.5
2025-04-01,Gareth Ellis,Tomasz Rudny,NA,1962,ENG,0.5,1912,2.33,0.44,2
2025-04-17,Gareth Ellis,Roger Winterburn,n1 roger winterburn,1878,N1,1,1921,2.89,0.56,3
2025-01-07,Steve Smith,William Hewitt,w1 william hewitt,2041,W1,1,1932,0.33,0.33,1
2025-01-11,Steve Smith,Arjun Pyda,NA,1938,ENG,0.5,1933,0.8,0.47,1.5
2025-01-12,Steve Smith,James Robinson,NA,1917,ENG,0.5,1933,1.3,0.5,2
2025-01-28,Steve Smith,Adam Woodruff,w1 adam woodruff,1991,W1,0.5,1935,1.7,0.4,2.5
2025-02-04,Steve Smith,John Arnold,w1 john arnold,1792,W1,1,1941,2.38,0.68,3.5
2025-02-18,Steve Smith,Jack Liu,NA,2290,ENG,0,1939,2.49,0.11,3.5
2025-02-18,Steve Smith,Ethan Sanitt,NA,2135,ENG,0,1935,2.71,0.22,3.5
2025-02-19,Steve Smith,Arne Hagesather,NA,1993,FIDE,0,1927,3.11,0.4,3.5
2025-02-20,Steve Smith,Neev Lukhi,NA,1963,FIDE,0.5,1928,3.55,0.44,4
2025-02-20,Steve Smith,Yueyue Sui,NA,1897,ENG,0,1918,4.08,0.53,4
2025-02-21,Steve Smith,Simon Jacobs,NA,1762,ENG,0.5,1913,4.79,0.71,4.5
2025-02-22,Steve Smith,Cian Ward,NA,2016,ENG,0.5,1916,5.15,0.36,5
2025-02-24,Steve Smith,Adam Woodruff,w1 adam woodruff,1991,W1,1,1928,5.55,0.4,6
2025-03-04,Steve Smith,John Arnold,w1 john arnold,1792,W1,1,1935,6.23,0.68,7
2025-03-10,Steve Smith,Adam Musson,w1 adam musson,2014,W1,0,1927,6.6,0.37,7
2025-03-11,Steve Smith,Peter Bevan,w1 peter bevan,1883,W1,0,1916,7.15,0.55,7
2025-03-17,Steve Smith,Duncan Williams,w1 duncan williams,1906,W1,0.5,1916,7.67,0.52,7.5
2025-03-25,Steve Smith,Peter Bevan,w1 peter bevan,1883,W1,1,1925,8.22,0.55,8.5
2025-04-01,Steve Smith,Adam Woodruff,w1 adam woodruff,1991,W1,0.5,1927,8.62,0.4,9
2025-04-08,Steve Smith,Jason Garcia,w1 jason garcia,2057,W1,0,1921,8.93,0.31,9
2025-04-12,Steve Smith,Anastasiia Shukhman,NA,1660,ENG,1,1924,9.75,0.82,10
2025-04-13,Steve Smith,Paul Spencer,NA,1878,ENG,1,1933,10.31,0.56,11
2025-04-29,Steve Smith,Malcolm Probert,w1 malcolm probert,1760,W1,1,1939,11.02,0.71,12
2025-05-03,Steve Smith,Danny O'Byrne,NA,1818,ENG,0.5,1936,11.66,0.64,12.5
2025-05-04,Steve Smith,Chris B Rice,NA,2018,ENG,0.5,1939,12.02,0.36,13
2025-05-05,Steve Smith,Robert P Taylor,NA,1832,ENG,0.5,1936,12.64,0.62,13.5
2025-01-06,David Tomboline,Noah Bevis,NA,1883,ENG,0.5,1917,0.55,0.55,0.5
2025-01-20,David Tomboline,Stuart A White,NA,2137,ENG,0.5,1923,0.77,0.22,1
2025-02-10,David Tomboline,Steven Bennett,NA,1719,ENG,1,1927,1.53,0.76,2
2025-02-17,David Tomboline,Roly Piggott,NA,1870,ENG,1,1936,2.1,0.57,3
2025-02-23,David Tomboline,Vismith Prabhu,w1 vismith prabhu,1904,W1,0,1926,2.62,0.52,3
2025-03-10,David Tomboline,Aleksa Dordevich,NA,1785,ENG,0,1912,3.3,0.68,3
2025-03-17,David Tomboline,Gary Reynolds,NA,1766,ENG,1,1918,4.01,0.71,4
2025-04-14,David Tomboline,William Burt,NA,1984,ENG,0.5,1920,4.42,0.41,4.5
2025-05-12,David Tomboline,Aron Saunders,NA,2201,ENG,0,1916,4.58,0.16,4.5
2025-01-06,Steve Cunliffe,Liam Penny,e1 liam penny,1846,E1,1,1923,0.6,0.6,1
2025-01-13,Steve Cunliffe,Ethan McGrath,e1 ethan mcgrath,1901,E1,1,1933,1.12,0.52,2
2025-01-27,Steve Cunliffe,Erion Pici,e1 erion pici,1597,E1,0.5,1925,1.98,0.86,2.5
2025-02-05,Steve Cunliffe,Micah O'Toole,e1 micah o'toole,1858,E1,1,1934,2.56,0.58,3.5
2025-02-10,Steve Cunliffe,Kevin Evans,e1 kevin evans,2007,E1,1,1946,2.93,0.37,4.5
2025-02-24,Steve Cunliffe,Paul Bridges,e1 paul bridges,1815,E1,0.5,1944,3.57,0.64,5
2025-03-03,Steve Cunliffe,Guy Wagner,e1 guy wagner,1832,E1,0,1931,4.19,0.62,5
2025-03-07,Steve Cunliffe,Dan Edwards,e1 dan edwards,1764,E1,0,1917,4.89,0.7,5
2025-01-12,Dave Turner,Peter Kirby,g1 peter kirby,2059,G1,0,1909,0.3,0.3,0
2025-01-11,Dave Turner,Philip Tarrant-Edwards,NA,1867,ENG,0.5,1908,0.87,0.57,0.5
2025-01-11,Dave Turner,H William Ingham,NA,1866,ENG,1,1916,1.44,0.57,1.5
2025-01-11,Dave Turner,J Andrew Borkowski,NA,1849,ENG,1,1924,2.03,0.59,2.5
2025-01-12,Dave Turner,David C Egginton,NA,1882,ENG,0,1913,2.58,0.55,2.5
2025-01-17,Dave Turner,Julie van Kemenade,n1 julie van kemenade,1789,N1,1,1920,3.25,0.67,3.5
2025-01-18,Dave Turner,Ifan Rathbone-Jones,n1 ifan rathbone-jones,2270,N1,0,1918,3.36,0.11,3.5
2025-01-18,Dave Turner,Mike Hollyman,e1 mike hollyman,1711,E1,1,1922,4.12,0.76,4.5
2025-01-19,Dave Turner,Allan Pleasants,e1 allan pleasants,2060,E1,0,1916,4.42,0.3,4.5
2025-01-19,Dave Turner,Sam Jukes,e1 sam jukes,2013,E1,0,1909,4.78,0.36,4.5
2025-01-22,Dave Turner,Joseph Addis,g1 joseph addis,1935,G1,1,1920,5.25,0.47,5.5
2025-01-27,Dave Turner,William Phillips,g1 william phillips,1862,G1,0.5,1918,5.83,0.58,6
2025-02-12,Dave Turner,Richard Miles,g1 richard miles,1996,G1,0.5,1920,6.22,0.39,6.5
2025-02-15,Dave Turner,Henry Burton,d1 henry burton,1500,D1,0,1902,7.12,0.9,6.5
2025-02-15,Dave Turner,Stefan Le Roy,e1 stefan le roy,1734,E1,1,1908,7.86,0.74,7.5
2025-02-15,Dave Turner,Kristan Enoch,e1 kristan enoch,1747,E1,0.5,1903,8.58,0.72,8
2025-02-16,Dave Turner,Andrew Powell,w1 andrew powell,1461,W1,0.5,1895,9.48,0.9,8.5
2025-02-16,Dave Turner,Mike Hollyman,e1 mike hollyman,1711,E1,0.5,1890,10.24,0.76,9
2025-04-18,Dave Turner,Iwan Cave,n1 iwan cave,2213,N1,0,1887,10.39,0.15,9
2025-04-18,Dave Turner,Sam Jukes,e1 sam jukes,2013,E1,0.5,1889,10.75,0.36,9.5
2025-04-19,Dave Turner,Georgi Korovski,e1 georgi korovski,1950,E1,0,1880,11.2,0.45,9.5
2025-04-19,Dave Turner,Darson Beeston,w1 darson beeston,1741,W1,0.5,1876,11.93,0.73,10
2025-04-20,Dave Turner,Roy Thomas,e1 roy thomas,1901,E1,1,1885,12.45,0.52,11
2025-04-21,Dave Turner,John McGregor,e1 john mcgregor,1921,E1,0.5,1886,12.94,0.49,11.5
2025-04-21,Dave Turner,Alan Spice,e1 alan spice,2050,E1,0,1879,13.25,0.31,11.5
2025-04-27,Dave Turner,Peter Varley,g1 peter varley,2159,G1,1,1895,13.45,0.2,12.5
2025-04-25,Dave Turner,Andrew Balfe,g1 andrew balfe,1601,G1,0,1878,14.31,0.86,12.5
2025-04-26,Dave Turner,Jack Bull,g1 jack bull,1564,G1,1,1881,15.19,0.88,13.5
2025-04-26,Dave Turner,Ron Williams,g1 ron williams,1636,G1,1,1884,16.02,0.83,14.5
2025-04-27,Dave Turner,David Norris,g1 david norris,1661,G1,1,1888,16.83,0.81,15.5
2025-01-20,Marek Simon,Bob Moore,w1 bob moore,1926,W1,1,1922,0.48,0.48,1
2025-02-07,Ben Brewer,Mike Hollyman,e1 mike hollyman,1711,E1,1,1914,0.76,0.76,1
2025-02-08,Ben Brewer,Roy Thomas,e1 roy thomas,1901,E1,0,1904,1.27,0.51,1
2025-02-08,Ben Brewer,Scott Hammett,d1 scott hammett,1802,D1,1,1911,1.92,0.65,2
2025-02-09,Ben Brewer,Rudy van Kemenade,n1 rudy van kemenade,1946,N1,0,1902,2.37,0.45,2
2025-02-09,Ben Brewer,Adam Woodruff,w1 adam woodruff,1991,W1,0,1894,2.75,0.38,2
2025-04-07,Ben Brewer,Henry Burton,d1 henry burton,1500,D1,1,1896,3.65,0.9,3
2025-04-22,Ben Brewer,Robert Narayan-Taylor,d1 robert narayan-taylor,1611,D1,1,1899,4.5,0.85,4
2025-01-13,Richard Batey,Liam Penny,e1 liam penny,1846,E1,1,1915,0.59,0.59,1
2025-01-29,Richard Batey,Andrew Owen,g1 andrew owen,1884,G1,0.5,1915,1.12,0.53,1.5
2025-02-12,Richard Batey,John A Williams,g1 john a williams,1680,G1,1,1919,1.91,0.79,2.5
2025-03-17,Richard Batey,Louis W Wigley,NA,1783,ENG,0,1905,2.58,0.67,2.5
2025-01-11,Anthony Hughes,Richard H Donaghay,NA,1907,ENG,1,1917,0.5,0.5,1
2025-01-12,Anthony Hughes,David S Tucker,NA,1950,ENG,0.5,1918,0.94,0.44,1.5
2025-02-15,Anthony Hughes,James Robinson,NA,1935,ENG,1,1929,1.4,0.46,2.5
2025-02-16,Anthony Hughes,Edward T Bromilow,NA,1894,ENG,0,1919,1.92,0.52,2.5
2025-04-05,Anthony Hughes,Robert C Noyce,NA,2088,ENG,0.5,1923,2.18,0.26,3
2025-04-06,Anthony Hughes,Kazimierz Szydelko,NA,1798,FIDE,1,1930,2.83,0.65,4
2025-04-07,Anthony Hughes,Raj Tischbierek,NA,2418,FIDE,0,1928,2.93,0.1,4
2025-04-09,Anthony Hughes,Sheila Jackson,NA,2065,ENG,0.5,1933,3.22,0.29,4.5
2025-04-10,Anthony Hughes,Artur Zaremba,NA,2133,FIDE,0.5,1938,3.43,0.21,5
2025-04-11,Anthony Hughes,Stephen Dishman,NA,2289,ENG,0,1936,3.53,0.1,5
2025-05-03,Anthony Hughes,Mahmoud Dairi,NA,1602,ENG,1,1939,4.38,0.85,6
2025-05-04,Anthony Hughes,John Gillett,NA,1789,ENG,0.5,1936,5.04,0.66,6.5
2025-05-05,Anthony Hughes,Steven Potter,NA,1921,ENG,1,1946,5.52,0.48,7.5
2025-01-06,Anthony Hughes,Luca Buanne,NA,2186,ENG,0,1943,5.69,0.17,7.5
2025-01-13,Anthony Hughes,Chris I Howell,NA,1950,ENG,0,1934,6.13,0.44,7.5
2025-01-15,Anthony Hughes,Liam Bayly,NA,1994,ENG,1,1947,6.51,0.38,8.5
2025-01-20,Anthony Hughes,Anthony Braine,NA,1825,ENG,1,1954,7.13,0.62,9.5
2025-02-03,Anthony Hughes,Nathan Lester,NA,1594,ENG,1,1957,7.99,0.86,10.5
2025-02-10,Anthony Hughes,Martin J Benjamin,NA,1983,ENG,0.5,1959,8.38,0.39,11
2025-02-27,Anthony Hughes,Jon A Barnes,NA,1898,ENG,0.5,1959,8.89,0.51,11.5
2025-03-03,Anthony Hughes,Lev Razhnou,NA,1913,ENG,1,1969,9.38,0.49,12.5
2025-03-04,Anthony Hughes,Ege Erkol,NA,1910,ENG,1,1979,9.88,0.5,13.5
2025-03-10,Anthony Hughes,Daniel Lester,NA,1711,ENG,0.5,1974,10.64,0.76,14
2025-03-13,Anthony Hughes,Alexey Markov,NA,1775,ENG,0.5,1971,11.32,0.68,14.5
2025-03-17,Anthony Hughes,Rory Davies,NA,1864,ENG,1,1980,11.88,0.56,15.5
2025-03-20,Anthony Hughes,Patrick P Sartain,NA,1683,ENG,1,1984,12.66,0.78,16.5
2025-03-27,Anthony Hughes,Alastair Armstrong,NA,2014,ENG,0,1977,13.01,0.35,16.5
2025-04-01,Anthony Hughes,Gaston Franco,NA,2170,ENG,0,1973,13.19,0.18,16.5
2025-04-23,Anthony Hughes,David A Scott,NA,2012,ENG,0,1966,13.54,0.35,16.5
2025-05-12,Anthony Hughes,Bohdan Terler,NA,2160,ENG,0,1962,13.73,0.19,16.5
2025-05-13,Anthony Hughes,Rahul Ghose,NA,1998,ENG,0,1955,14.1,0.37,16.5
2025-01-06,Duncan Williams,Vismith Prabhu,w1 vismith prabhu,1904,W1,1,1916,0.5,0.5,1
2025-01-20,Duncan Williams,Blake Stone,w1 blake stone,1746,W1,0,1902,1.22,0.72,1
2025-02-10,Duncan Williams,Vismith Prabhu,w1 vismith prabhu,1904,W1,0.5,1902,1.72,0.5,1.5
2025-02-23,Duncan Williams,Govind Anandkumar,e1 govind anandkumar,1742,E1,1,1907,2.44,0.72,2.5
2025-02-24,Duncan Williams,Jordan Heatman,w1 jordan heatman,1812,W1,0.5,1905,3.07,0.63,3
2025-03-10,Duncan Williams,Martin C Jones,d1 martin c jones,1832,D1,0.5,1902,3.67,0.6,3.5
2025-03-17,Duncan Williams,Steve Smith,w1 steve smith,1919,W1,0.5,1903,4.15,0.48,4
2025-01-05,Vismith Prabhu,Guy Wagner,e1 guy wagner,1832,E1,1,1912,0.6,0.6,1
2025-01-06,Vismith Prabhu,Duncan Williams,w1 duncan williams,1906,W1,0,1902,1.1,0.5,1
2025-01-07,Vismith Prabhu,Jonathan Thomas,w1 jonathan thomas,1868,W1,0.5,1901,1.65,0.55,1.5
2025-01-14,Vismith Prabhu,Matteo Favoni,w1 matteo favoni,2040,W1,0.5,1905,1.96,0.31,2
2025-01-25,Vismith Prabhu,Sabastian Griffin-Young,NA,1898,ENG,0.5,1905,2.47,0.51,2.5
2025-01-25,Vismith Prabhu,Eldars Gulijevs,NA,2063,ENG,1,1919,2.76,0.29,3.5
2025-01-27,Vismith Prabhu,Adam Woodruff,w1 adam woodruff,1991,W1,0.5,1921,3.14,0.38,4
2025-01-29,Vismith Prabhu,Lysa Brooks,w1 lysa brooks,1835,W1,1,1929,3.74,0.6,5
2025-02-05,Vismith Prabhu,Richard Cleveland,w1 richard cleveland,2038,W1,0.5,1933,4.06,0.32,5.5
2025-02-10,Vismith Prabhu,Duncan Williams,w1 duncan williams,1906,W1,0.5,1933,4.56,0.5,6
2025-02-18,Vismith Prabhu,Peter Bevan,w1 peter bevan,1883,W1,1,1942,5.09,0.53,7
2025-02-23,Vismith Prabhu,David Tomboline,e1 david tomboline,1918,E1,1,1953,5.57,0.48,8
2025-02-25,Vismith Prabhu,Matteo Favoni,w1 matteo favoni,2040,W1,0,1947,5.88,0.31,8
2025-03-03,Vismith Prabhu,Adam Musson,w1 adam musson,2014,W1,0,1940,6.23,0.35,8
2025-03-11,Vismith Prabhu,Ovidiu Pintea,w1 ovidiu pintea,1768,W1,1,1946,6.92,0.69,9
2025-03-19,Vismith Prabhu,Malcolm Probert,w1 malcolm probert,1760,W1,1,1952,7.62,0.7,10
2025-03-23,Vismith Prabhu,Oyvind Ringen,e1 oyvind ringen,1663,E1,0,1936,8.42,0.8,10
2025-04-08,Vismith Prabhu,Jonathan Thomas,w1 jonathan thomas,1868,W1,0,1925,8.97,0.55,10
2025-04-16,Vismith Prabhu,Matteo Favoni,w1 matteo favoni,2040,W1,0,1919,9.28,0.31,10
2025-04-23,Vismith Prabhu,Matteo Favoni,w1 matteo favoni,2040,W1,0,1912,9.59,0.31,10
2025-04-30,Vismith Prabhu,Richard Cleveland,w1 richard cleveland,2038,W1,1,1926,9.91,0.32,11
2025-05-06,Vismith Prabhu,Donovan Sipho,w1 donovan sipho,1803,W1,1,1933,10.55,0.64,12
2025-01-05,Hywel Griffiths,Sergio Esteves,e1 sergio esteves,1775,E1,0,1888,0.68,0.68,0
2025-01-07,Hywel Griffiths,Adam May,w1 adam may,1921,W1,0.5,1889,1.15,0.47,0.5
2025-01-11,Hywel Griffiths,Ashraf Syed,NA,1757,ENG,1,1895,1.85,0.7,1.5
2025-01-12,Hywel Griffiths,Rory McLean,NA,1842,ENG,0,1883,2.44,0.59,1.5
2025-01-28,Hywel Griffiths,Andrew Smith,w1 andrew smith,1779,W1,1,1890,3.11,0.67,2.5
2025-02-02,Hywel Griffiths,Emma Kong,e1 emma kong,1946,E1,0,1881,3.55,0.44,2.5
2025-02-04,Hywel Griffiths,Malcolm Probert,w1 malcolm probert,1760,W1,1,1887,4.24,0.69,3.5
2025-02-23,Hywel Griffiths,Andrew Smith,w1 andrew smith,1779,W1,0.5,1884,4.91,0.67,4
2025-02-24,Hywel Griffiths,Peter Bevan,w1 peter bevan,1883,W1,0.5,1883,5.44,0.53,4.5
2025-03-10,Hywel Griffiths,Andrew Gibbons,w1 andrew gibbons,1975,W1,0,1876,5.84,0.4,4.5
2025-03-11,Hywel Griffiths,Darson Beeston,w1 darson beeston,1741,W1,0,1861,6.56,0.72,4.5
2025-03-17,Hywel Griffiths,Darson Beeston,w1 darson beeston,1741,W1,1,1867,7.28,0.72,5.5
2025-03-25,Hywel Griffiths,Darson Beeston,w1 darson beeston,1741,W1,0,1853,8,0.72,5.5
2025-04-08,Hywel Griffiths,Matthew Billington,w1 matthew billington,1766,W1,0.5,1849,8.69,0.69,6
2025-04-29,Hywel Griffiths,Gareth Harper,w1 gareth harper,1717,W1,1,1854,9.43,0.74,7
2025-05-11,Hywel Griffiths,Piotr Graczyk,e1 piotr graczyk,1761,E1,0.5,1850,10.12,0.69,7.5
2025-01-06,Andrew Thomas,Martin C Jones,d1 martin c jones,1832,D1,1,1910,0.6,0.6,1
2025-02-03,Andrew Thomas,Sam Brown,w1 sam brown,1700,W1,1,1915,1.36,0.76,2
2025-02-10,Andrew Thomas,Malcolm Probert,w1 malcolm probert,1760,W1,0.5,1911,2.05,0.69,2.5
2025-03-10,Andrew Thomas,Guto Llywelyn,w1 guto llywelyn,1676,W1,1,1915,2.84,0.79,3.5
2025-03-17,Andrew Thomas,Jonathan Thomas,w1 jonathan thomas,1868,W1,1,1924,3.39,0.55,4.5
2025-04-07,Andrew Thomas,Adam Woodruff,w1 adam woodruff,1991,W1,0,1917,3.76,0.37,4.5
2025-04-28,Andrew Thomas,Andrew Smith,w1 andrew smith,1779,W1,0.5,1913,4.43,0.67,5
2025-01-07,Ethan McGrath,David Belochkin,e1 david belochkin,1803,E1,1,1908,0.64,0.64,1
2025-01-13,Ethan McGrath,Steve Cunliffe,e1 steve cunliffe,1915,E1,0,1899,1.12,0.48,1
2025-01-25,Ethan McGrath,Elders Gulijevs,NA,2063,ENG,0,1893,1.4,0.28,1
2025-01-25,Ethan McGrath,Sebastian Griffin-Young,NA,1892,ENG,1,1903,1.91,0.51,2
2025-02-02,Ethan McGrath,Roger Jenkins,w1 roger jenkins,1728,W1,1,1908,2.64,0.73,3
2025-02-03,Ethan McGrath,Tim Whitchurch,e1 tim whitchurch,1584,E1,1,1911,3.5,0.86,4
2025-02-15,Ethan McGrath,Gareth Richards,e1 gareth richards,1632,E1,1,1914,4.32,0.82,5
2025-02-15,Ethan McGrath,Suraj Prabhu,e1 suraj prabhu,1718,E1,0.5,1910,5.06,0.74,5.5
2025-02-15,Ethan McGrath,Lucas Zheng,e1 lucas zheng,1650,E1,0.5,1903,5.87,0.81,6
2025-02-16,Ethan McGrath,Steve Williams (Cwm),g1 steve williams (cwm),1850,G1,0.5,1902,6.44,0.57,6.5
2025-02-16,Ethan McGrath,Kristan Enoch,e1 kristan enoch,1747,E1,0.5,1898,7.15,0.71,7
2025-03-10,Ethan McGrath,George Bowkett,e1 george bowkett,1757,E1,1,1904,7.85,0.7,8
2025-01-07,Roy Thomas,Jeremy Jones,e1 jeremy jones,1632,E1,1,1905,0.82,0.82,1
2025-01-13,Roy Thomas,Zack Wilkins,e1 zack wilkins,1724,E1,1,1910,1.55,0.73,2
2025-01-17,Roy Thomas,Joe Fathallah,e1 joe fathallah,2043,E1,0,1904,1.86,0.31,2
2025-01-18,Roy Thomas,Deio Parri,n1 deio parri,1754,N1,0.5,1900,2.56,0.7,2.5
2025-01-18,Roy Thomas,Leon Jansen Van Rensburg,e1 leon jansen van rensburg,1770,E1,1,1906,3.24,0.68,3.5
2025-01-19,Roy Thomas,Tim Kett,e1 tim kett,2209,E1,0,1903,3.39,0.15,3.5
2025-01-19,Roy Thomas,Zack Wilkins,e1 zack wilkins,1724,E1,1,1908,4.12,0.73,4.5
2025-01-22,Roy Thomas,Michael Arribas-Ayllon,e1 michael arribas-ayllon,1739,E1,0.5,1904,4.84,0.72,5
2025-01-27,Roy Thomas,Bill Hunt,e1 bill hunt,1825,E1,1,1912,5.45,0.61,6
2025-02-02,Roy Thomas,John McGregor,e1 john mcgregor,1921,E1,1,1923,5.92,0.47,7
2025-02-08,Roy Thomas,Ben Brewer,d1 ben brewer,1909,D1,1,1933,6.41,0.49,8
2025-02-08,Roy Thomas,Dale Westcott,w1 dale westcott,1864,W1,1,1942,6.96,0.55,9
2025-02-09,Roy Thomas,Adam Woodruff,w1 adam woodruff,1991,W1,1,1954,7.33,0.37,10
2025-02-09,Roy Thomas,Rudy van Kemenade,n1 rudy van kemenade,1946,N1,0,1946,7.77,0.44,10
2025-02-17,Roy Thomas,Suraj Prabhu,e1 suraj prabhu,1718,E1,1,1951,8.51,0.74,11
2025-02-19,Roy Thomas,Bill Harle,e1 bill harle,1787,E1,0.5,1948,9.17,0.66,11.5
2025-02-23,Roy Thomas,Piotr Graczyk,e1 piotr graczyk,1761,E1,1,1954,9.86,0.69,12.5
2025-03-03,Roy Thomas,Jonathan Gilbert,g1 jonathan gilbert,2038,G1,0,1947,10.17,0.31,12.5
2025-03-08,Roy Thomas,Ifan Rathbone-Jones,n1 ifan rathbone-jones,2270,N1,0,1945,10.28,0.11,12.5
2025-03-08,Roy Thomas,Bob Hurn,e1 bob hurn,1612,E1,1,1949,11.12,0.84,13.5
2025-03-09,Roy Thomas,Dai James,e1 dai james,1872,E1,0.5,1948,11.66,0.54,14
2025-03-09,Roy Thomas,Guy Wagner,e1 guy wagner,1832,E1,1,1956,12.26,0.6,15
2025-03-10,Roy Thomas,Zack Wilkins,e1 zack wilkins,1724,E1,0.5,1951,12.99,0.73,15.5
2025-03-15,Roy Thomas,Tim Kett,e1 tim kett,2209,E1,0,1948,13.14,0.15,15.5
2025-03-15,Roy Thomas,Bence Szakmany,e1 bence szakmany,1969,E1,0,1940,13.54,0.4,15.5
2025-03-15,Roy Thomas,Joseph Browse,e1 joseph browse,1825,E1,0,1928,14.15,0.61,15.5
2025-03-16,Roy Thomas,Sam Jukes,e1 sam jukes,2013,E1,0,1921,14.49,0.34,15.5
2025-03-16,Roy Thomas,Joshua McKenna,e1 joshua mckenna,1801,E1,1,1928,15.13,0.64,16.5
2025-03-26,Roy Thomas,Anezka Vlkova,e1 anezka vlkova,1948,E1,0,1920,15.56,0.43,16.5
2025-03-31,Roy Thomas,Joshua McKenna,e1 joshua mckenna,1801,E1,0,1907,16.2,0.64,16.5
2025-04-18,Roy Thomas,Tim Kett,e1 tim kett,2209,E1,0,1904,16.35,0.15,16.5
2025-04-18,Roy Thomas,Joshua McKenna,e1 joshua mckenna,1801,E1,1,1911,16.99,0.64,17.5
2025-04-19,Roy Thomas,Alex Freeland,e1 alex freeland,2082,E1,0,1906,17.25,0.26,17.5
2025-04-19,Roy Thomas,Bence Szakmany,e1 bence szakmany,1969,E1,0,1898,17.65,0.4,17.5
2025-04-20,Roy Thomas,Dave Turner,g1 dave turner,1915,G1,0,1888,18.13,0.48,17.5
2025-04-21,Roy Thomas,Danylo Shevchenko,e1 danylo shevchenko,1667,E1,0,1872,18.92,0.79,17.5
2025-04-22,Roy Thomas,David Robinson,e1 david robinson,1898,E1,0.5,1872,19.42,0.5,18
2025-04-28,Roy Thomas,Govind Anandkumar,e1 govind anandkumar,1742,E1,1,1878,20.13,0.71,19
2025-05-11,Roy Thomas,Adam Musson,w1 adam musson,2014,W1,0,1871,20.47,0.34,19
2025-05-21,Roy Thomas,Nick Van Noorden,e1 nick van noorden,1888,E1,0,1861,20.99,0.52,19
2025-06-27,Roy Thomas,Thomas Bailey,NA,1822,ENG,1,1868,21.6,0.61,20
2025-06-28,Roy Thomas,Martin Burns,NA,1929,ENG,0,1859,22.06,0.46,20
2025-06-28,Roy Thomas,Roger Greatorex,NA,1839,ENG,0,1848,22.65,0.59,20
2025-06-29,Roy Thomas,Kevin Winter,NA,1840,ENG,1,1856,23.24,0.59,21
2025-06-29,Roy Thomas,David Barnes,NA,1851,ENG,0,1844,23.81,0.57,21
2025-01-08,David Robinson,Matthew Davies,e1 matthew davies,1990,E1,0.5,1901,0.37,0.37,0.5
2025-01-17,David Robinson,Grzegorz Toczek,e1 grzegorz toczek,2300,E1,0,1899,0.47,0.1,0.5
2025-01-18,David Robinson,Leon Jansen Van Rensburg,e1 leon jansen van rensburg,1770,E1,1,1905,1.15,0.68,1.5
2025-01-18,David Robinson,Zack Wilkins,e1 zack wilkins,1724,E1,1,1910,1.88,0.73,2.5
2025-01-19,David Robinson,Joe Fathallah,e1 joe fathallah,2043,E1,0,1904,2.18,0.3,2.5
2025-01-19,David Robinson,Bence Szakmany,e1 bence szakmany,1969,E1,0.5,1906,2.58,0.4,3
2025-01-21,David Robinson,Anezka Vlkova,e1 anezka vlkova,1948,E1,0.5,1908,3.01,0.43,3.5
2025-01-28,David Robinson,Emyr Roberts,e1 emyr roberts,1769,E1,1,1914,3.69,0.68,4.5
2025-02-03,David Robinson,Gareth Yeo,e1 gareth yeo,2078,E1,1,1929,3.95,0.26,5.5
2025-02-25,David Robinson,Tim Kett,e1 tim kett,2209,E1,0,1926,4.09,0.14,5.5
2025-03-13,David Robinson,Adam Musson,w1 adam musson,2014,W1,0,1919,4.43,0.34,5.5
2025-03-25,David Robinson,Sam Jukes,e1 sam jukes,2013,E1,0,1913,4.77,0.34,5.5
2025-04-08,David Robinson,Guy Wagner,e1 guy wagner,1832,E1,0.5,1911,5.36,0.59,6
2025-04-15,David Robinson,Gwyn Havard,e1 gwyn havard,1793,E1,0.5,1908,6.01,0.65,6.5
2025-04-22,David Robinson,Roy Thomas,e1 roy thomas,1901,E1,0.5,1908,6.51,0.5,7
2025-05-07,David Robinson,Reginald Mba,e1 reginald mba,1962,E1,0.5,1910,6.92,0.41,7.5
2025-05-20,David Robinson,Georgi Korovski,e1 georgi korovski,1950,E1,0.5,1911,7.35,0.43,8
2025-02-04,David Robinson,Anthony WIlliams,e1 anthony williams,1410,E1,1,1913,8.25,0.9,9
2025-03-11,David Robinson,Wayne Holland,e1 wayne holland,1450,E1,1,1915,9.15,0.9,10
2025-04-29,David Robinson,Gareth Richards,e1 gareth richards,1632,E1,1,1919,9.97,0.82,11
2025-05-13,David Robinson,Evan Daniels,e1 evan daniels,1310,E1,1,1921,10.87,0.9,12
2025-03-07,Vishnu Kirupakaran,Steve Jones,e1 steve jones,1838,E1,1,1903,0.58,0.58,1
2025-01-29,Charles Summers,Nick Van Noorden,e1 nick van noorden,1888,E1,0,1884,0.51,0.51,0
2025-03-10,Charles Summers,John McGregor,e1 john mcgregor,1921,E1,0.5,1885,0.97,0.46,0.5
2025-03-12,Charles Summers,Gareth Yeo,e1 gareth yeo,2078,E1,0,1879,1.23,0.26,0.5
2025-04-02,Charles Summers,Anezka Vlkova,e1 anezka vlkova,1948,E1,0,1871,1.65,0.42,0.5
2025-05-07,Charles Summers,Mark Jones,e1 mark jones,1809,E1,0,1859,2.27,0.62,0.5
2025-05-20,Charles Summers,Bence Szakmany,e1 bence szakmany,1969,E1,0,1851,2.66,0.39,0.5
2025-01-15,Alan Keene,Liam Powell-Jones,g1 liam powell-jones,1680,G1,0.5,1885,0.77,0.77,0.5
2025-01-29,Alan Keene,Chris Dixon,g1 chris dixon,1849,G1,0,1873,1.33,0.56,0.5
2025-02-12,Alan Keene,Peter Slater,e1 peter slater,1754,E1,0.5,1870,2.02,0.69,1
2025-01-29,Nick Van Noorden,Charles Summers,e1 charles summers,1894,E1,1,1898,0.49,0.49,1
2025-02-05,Nick Van Noorden,Joe Fathallah,e1 joe fathallah,2043,E1,1,1912,0.78,0.29,2
2025-02-13,Nick Van Noorden,Adam Musson,w1 adam musson,2014,W1,1,1926,1.11,0.33,3
2025-02-19,Nick Van Noorden,Tim Kett,e1 tim kett,2209,E1,0.5,1933,1.25,0.14,3.5
2025-02-23,Nick Van Noorden,Oyvind Ringen,e1 oyvind ringen,1663,E1,1,1937,2.04,0.79,4.5
2025-03-05,Nick Van Noorden,James Tapp,e1 james tapp,2080,E1,1,1952,2.29,0.25,5.5
2025-03-26,Nick Van Noorden,Daniel Wilmot,e1 daniel wilmot,1974,E1,0,1945,2.67,0.38,5.5
2025-04-02,Nick Van Noorden,Reginald Mba,e1 reginald mba,1962,E1,0.5,1947,3.07,0.4,6
2025-04-18,Nick Van Noorden,Mike Hollyman,e1 mike hollyman,1711,E1,1,1952,3.8,0.73,7
2025-04-18,Nick Van Noorden,Arush Ajai Murthy,e1 arush ajai murthy,1700,E1,0.5,1947,4.55,0.75,7.5
2025-04-19,Nick Van Noorden,Patrick Bourne,d1 patrick bourne,1651,D1,1,1951,5.35,0.8,8.5
2025-04-19,Nick Van Noorden,David L Roberts,NA,2032,ENG,1,1965,5.65,0.3,9.5
2025-04-21,Nick Van Noorden,Kevin Thomas,g1 kevin thomas,1840,G1,0,1954,6.22,0.57,9.5
2025-04-21,Nick Van Noorden,Thomas Van Veelen,NA,2055,FIDE,1,1968,6.5,0.28,10.5
2025-05-07,Nick Van Noorden,Gwynfor Rees,e1 gwynfor rees,2016,E1,0,1962,6.82,0.32,10.5
2025-05-11,Nick Van Noorden,David Llewellyn,e1 david llewellyn,1954,E1,1,1974,7.23,0.41,11.5
2025-05-20,Nick Van Noorden,Pete Heaven,e1 pete heaven,2114,E1,0,1970,7.44,0.21,11.5
2025-05-21,Nick Van Noorden,Roy Thomas,e1 roy thomas,1901,E1,1,1980,7.92,0.48,12.5
2025-01-29,Andrew Owen,Richard Batey,g1 richard batey,1907,G1,0.5,1885,0.47,0.47,0.5
2025-01-20,Peter Bevan,Donovan Sipho,w1 donovan sipho,1803,W1,1,1891,0.61,0.61,1
2025-01-28,Peter Bevan,Jonathan Thomas,w1 jonathan thomas,1868,W1,0,1880,1.13,0.52,1
2025-02-03,Peter Bevan,Andrew Golley,w1 andrew golley,1757,W1,1,1887,1.8,0.67,2
2025-02-10,Peter Bevan,John Arnold,w1 john arnold,1792,W1,1,1894,2.43,0.63,3
2025-02-18,Peter Bevan,Vismith Prabhu,w1 vismith prabhu,1904,W1,0,1885,2.9,0.47,3
2025-02-24,Peter Bevan,Hywel Griffiths,w1 hywel griffiths,1902,W1,0.5,1885,3.37,0.47,3.5
2025-03-10,Peter Bevan,Dale Westcott,w1 dale westcott,1864,W1,0.5,1885,3.9,0.53,4
2025-03-11,Peter Bevan,Steve Smith,w1 steve smith,1919,W1,1,1896,4.35,0.45,5
2025-03-24,Peter Bevan,Ian Phillips,w1 ian phillips,1473,W1,1,1898,5.25,0.9,6
2025-03-25,Peter Bevan,Steve Smith,w1 steve smith,1919,W1,0,1889,5.7,0.45,6
2025-04-01,Peter Bevan,Jordan Heatman,w1 jordan heatman,1812,W1,0.5,1887,6.3,0.6,6.5
2025-04-07,Peter Bevan,Andrew Smith,w1 andrew smith,1779,W1,0,1874,6.95,0.65,6.5
2025-04-14,Peter Bevan,Gareth Harper,w1 gareth harper,1717,W1,1,1880,7.67,0.72,7.5
2025-04-28,Peter Bevan,Mike Richards,w1 mike richards,1510,W1,1,1882,8.57,0.9,8.5
2025-04-30,Peter Bevan,Matthew Billington,w1 matthew billington,1766,W1,1,1888,9.23,0.66,9.5
2025-05-06,Peter Bevan,Matthew Billington,w1 matthew billington,1766,W1,0,1875,9.89,0.66,9.5
2025-05-21,Peter Bevan,David Foster,w1 david foster,1567,W1,1,1878,10.75,0.86,10.5
2025-06-03,Peter Bevan,Guto Llywelyn,w1 guto llywelyn,1676,W1,1,1883,11.52,0.77,11.5
2025-06-11,Peter Bevan,Andrew Smith,w1 andrew smith,1779,W1,1,1890,12.17,0.65,12.5
2025-06-16,Peter Bevan,Jonathan Thomas,w1 jonathan thomas,1868,W1,0.5,1889,12.69,0.52,13
2025-06-25,Peter Bevan,Chris Daniel,w1 chris daniel,1745,W1,0,1876,13.38,0.69,13
2025-01-07,Will G Williams,Dorde Markovic,NA,1816,ENG,1,1886,0.59,0.59,1
2025-01-28,Will G Williams,John Harvey,NA,1923,ENG,0,1878,1.03,0.44,1
2025-02-18,Will G Williams,Ray J Holland,n1 ray j holland,1869,N1,0.5,1877,1.54,0.51,1.5
2025-04-01,Will G Williams,David Stuttard,NA,1834,ENG,1,1886,2.1,0.56,2.5
2025-04-29,Will G Williams,John Harvey,NA,1912,ENG,0.5,1887,2.55,0.45,3
2025-01-06,Roger Winterburn,Luke Maher,NA,1950,ENG,0,1870,0.4,0.4,0
2025-01-21,Roger Winterburn,Gary Slegg,n1 gary slegg,1762,N1,1,1877,1.06,0.66,1
2025-01-28,Roger Winterburn,Ray Williams,NA,1846,ENG,0.5,1876,1.61,0.55,1.5
2025-02-11,Roger Winterburn,Ben Ellington,NA,1879,ENG,0.5,1876,2.11,0.5,2
2025-02-18,Roger Winterburn,Barrie Wells,n1 barrie wells,1801,N1,0.5,1874,2.72,0.61,2.5
2025-02-25,Roger Winterburn,Richard Dineley,n1 richard dineley,2313,N1,0,1872,2.82,0.1,2.5
2025-03-11,Roger Winterburn,Tomasz Rudny,NA,1951,ENG,0,1864,3.22,0.4,2.5
2025-03-18,Roger Winterburn,Chris Latham,NA,1867,ENG,0.5,1864,3.74,0.52,3
2025-04-01,Roger Winterburn,Colin White,NA,1841,ENG,0.5,1862,4.29,0.55,3.5
2025-04-10,Roger Winterburn,Rick Purcell,NA,1852,ENG,0,1852,4.83,0.54,3.5
2025-04-15,Roger Winterburn,Charles F Morris,n1 charles f morris,2123,N1,0,1848,5.03,0.2,3.5
2025-04-17,Roger Winterburn,Gareth Ellis,n1 gareth ellis,1919,N1,0,1839,5.47,0.44,3.5
2025-04-22,Roger Winterburn,Craig Gradden,NA,1819,ENG,0.5,1837,6.05,0.58,4
2025-04-24,Roger Winterburn,Mike Coffey,NA,1932,ENG,1,1849,6.47,0.42,5
2025-01-07,Denys Podcherniaeva,Dave Stalker,NA,1942,ENG,1,1886,0.4,0.4,1
2025-01-28,Denys Podcherniaeva,Tomasz Rudny,NA,1952,ENG,0.5,1888,0.79,0.39,1.5
2025-02-18,Denys Podcherniaeva,Richard Dineley,n1 richard dineley,2313,N1,0,1886,0.89,0.1,1.5
2025-03-13,Denys Podcherniaeva,Gareth Ellis,n1 gareth ellis,1919,N1,0.5,1887,1.33,0.44,2
2025-04-01,Denys Podcherniaeva,John Carleton,NA,2050,ENG,0,1882,1.6,0.27,2
2025-04-29,Denys Podcherniaeva,Jeff Smith,NA,2075,ENG,1,1897,1.84,0.24,3
2025-05-09,Denys Podcherniaeva,Jeff Smith,NA,2053,ENG,0,1892,2.1,0.26,3
2025-05-10,Denys Podcherniaeva,Robert G Clark,n1 robert g clark,2046,N1,1,1907,2.37,0.27,4
2025-05-10,Denys Podcherniaeva,Martin Burns,NA,1934,ENG,1,1918,2.78,0.41,5
2025-05-11,Denys Podcherniaeva,Mike Surtees,NA,2150,ENG,0,1915,2.95,0.17,5
2025-05-11,Denys Podcherniaeva,Chris Doran,NA,2034,ENG,1,1929,3.23,0.28,6
2025-01-07,Dai James,Paul Bridges,e1 paul bridges,1815,E1,0.5,1870,0.58,0.58,0.5
2025-02-02,Dai James,Bence Szakmany,e1 bence szakmany,1969,E1,0,1863,0.94,0.36,0.5
2025-02-08,Dai James,Julie van Kemenade,n1 julie van kemenade,1789,N1,0.5,1861,1.56,0.62,1
2025-02-08,Dai James,Calum Salmons,d1 calum salmons,2218,D1,0,1858,1.68,0.12,1
2025-02-19,Dai James,Hamid Farani Sani,e1 hamid farani sani,1663,E1,1,1863,2.45,0.77,2
2025-02-23,Dai James,Ivan De La Cruz,e1 ivan de la cruz,2110,E1,0,1859,2.65,0.2,2
2025-03-03,Dai James,David Perrett,e1 david perrett,1953,E1,0.5,1861,3.04,0.39,2.5
2025-03-08,Dai James,Sam Jukes,e1 sam jukes,2013,E1,1,1875,3.35,0.31,3.5
2025-03-08,Dai James,Ifan Rathbone-Jones,n1 ifan rathbone-jones,2270,N1,0,1873,3.45,0.1,3.5
2025-03-09,Dai James,Roy Thomas,e1 roy thomas,1901,E1,0.5,1874,3.91,0.46,4
2025-03-09,Dai James,Bob Hurn,e1 bob hurn,1612,E1,0.5,1868,4.73,0.82,4.5
2025-03-15,Dai James,Bence Szakmany,e1 bence szakmany,1969,E1,0.5,1870,5.09,0.36,5
2025-03-15,Dai James,Guy Wagner,e1 guy wagner,1832,E1,1,1879,5.65,0.56,6
2025-03-15,Dai James,Joseph Browse,e1 joseph browse,1825,E1,0.5,1878,6.22,0.57,6.5
2025-03-16,Dai James,Tim Kett,e1 tim kett,2209,E1,0,1875,6.35,0.13,6.5
2025-03-16,Dai James,Joshua McKenna,e1 joshua mckenna,1801,E1,0,1863,6.95,0.6,6.5
2025-03-26,Dai James,Chris Fox,e1 chris fox,1642,E1,0.5,1857,7.74,0.79,7
2025-04-22,Dai James,Andrew Di-Vetta,e1 andrew di-vetta,1787,E1,0,1845,8.36,0.62,7
2025-01-15,Owain Davies,Neil Carter,g1 neil carter,1838,G1,1,1880,0.55,0.55,1
2025-02-11,Ray J Holland,Sanjoy Banerjee,NA,1879,ENG,1,1879,0.49,0.49,1
2025-02-18,Ray J Holland,Will G Williams,n1 will g williams,1878,N1,0.5,1880,0.98,0.49,1.5
2025-04-10,Ray J Holland,Titas Vdovycia,NA,1885,ENG,0.5,1880,1.46,0.48,2
2025-04-17,Ray J Holland,Mohammed Ayad,n1 mohammed ayad,1858,N1,1,1890,1.98,0.52,3
2025-04-22,Ray J Holland,Ewan Herd,NA,1832,ENG,0,1879,2.53,0.55,3
2025-04-24,Ray J Holland,Phil Davies,NA,1968,ENG,0,1871,2.89,0.36,3
2025-01-07,Jonathan Thomas,Vismith Prabhu,w1 vismith prabhu,1904,W1,0.5,1869,0.45,0.45,0.5
2025-01-28,Jonathan Thomas,Peter Bevan,w1 peter bevan,1883,W1,1,1879,0.93,0.48,1.5
2025-02-04,Jonathan Thomas,Chris Daniel,w1 chris daniel,1745,W1,0.5,1876,1.6,0.67,2
2025-02-24,Jonathan Thomas,Bob Moore,w1 bob moore,1926,W1,1,1888,2.02,0.42,3
2025-03-04,Jonathan Thomas,Malcolm Probert,w1 malcolm probert,1760,W1,1,1895,2.67,0.65,4
2025-03-10,Jonathan Thomas,Bob Moore,w1 bob moore,1926,W1,1,1906,3.09,0.42,5
2025-03-11,Jonathan Thomas,Roger Jenkins,w1 roger jenkins,1728,W1,1,1913,3.78,0.69,6
2025-03-17,Jonathan Thomas,Andrew Thomas,w1 andrew thomas,1902,W1,0,1904,4.23,0.45,6
2025-04-01,Jonathan Thomas,Ian Jones,w1 ian jones,1939,W1,0.5,1906,4.63,0.4,6.5
2025-04-08,Jonathan Thomas,Vismith Prabhu,w1 vismith prabhu,1904,W1,1,1917,5.08,0.45,7.5
2025-04-15,Jonathan Thomas,Jordan Heatman,w1 jordan heatman,1812,W1,0.5,1915,5.66,0.58,8
2025-04-29,Jonathan Thomas,Matthew Billington,w1 matthew billington,1766,W1,1,1922,6.3,0.64,9
2025-05-21,Jonathan Thomas,Leon Vincent,w1 leon vincent,1531,W1,1,1925,7.17,0.87,10
2025-06-03,Jonathan Thomas,Chris Daniel,w1 chris daniel,1745,W1,1,1931,7.84,0.67,11
2025-06-10,Jonathan Thomas,David Guy,w1 david guy,1857,W1,0.5,1931,8.36,0.52,11.5
2025-06-11,Jonathan Thomas,Elliott Chapman,w1 elliott chapman,1604,W1,1,1934,9.18,0.82,12.5
2025-06-16,Jonathan Thomas,Peter Bevan,w1 peter bevan,1883,W1,0.5,1935,9.66,0.48,13
2025-06-25,Jonathan Thomas,Andrew Smith,w1 andrew smith,1779,W1,0.5,1932,10.29,0.63,13.5
2025-01-05,Dale Westcott,Gavin Jones,e1 gavin jones,1825,E1,1,1873,0.56,0.56,1
2025-01-07,Dale Westcott,John Arnold,w1 john arnold,1792,W1,0.5,1871,1.16,0.6,1.5
2025-01-11,Dale Westcott,Thomas Ewart,NA,1753,ENG,0,1858,1.81,0.65,1.5
2025-01-12,Dale Westcott,Paul Bloom,NA,1807,ENG,0.5,1856,2.39,0.58,2
2025-01-28,Dale Westcott,Bob Moore,w1 bob moore,1926,W1,0.5,1858,2.8,0.41,2.5
2025-02-02,Dale Westcott,Hamid Farani Sani,e1 hamid farani sani,1663,E1,0,1843,3.56,0.76,2.5
2025-02-04,Dale Westcott,Gareth Harper,w1 gareth harper,1717,W1,1,1849,4.26,0.7,3.5
2025-02-08,Dale Westcott,Gareth Harding,e1 gareth harding,1723,E1,1,1855,4.95,0.69,4.5
2025-02-08,Dale Westcott,Roy Thomas,e1 roy thomas,1901,E1,0,1846,5.4,0.45,4.5
2025-02-09,Dale Westcott,Scott Hammett,d1 scott hammett,1802,D1,0,1834,5.99,0.59,4.5
2025-02-15,Dale Westcott,David Flynn,NA,1950,ENG,0,1827,6.37,0.38,4.5
2025-02-16,Dale Westcott,Charles A Sturt,NA,1852,ENG,0.5,1826,6.89,0.52,5
2025-02-18,Dale Westcott,Viviana Galvan Cipriani,NA,2096,FIDE,0,1822,7.1,0.21,5
2025-02-18,Dale Westcott,Arne Hagesather,NA,1993,FIDE,1,1836,7.42,0.32,6
2025-02-19,Dale Westcott,Kacper Tomaszewski,NA,2348,FIDE,0,1834,7.52,0.1,6
2025-02-20,Dale Westcott,Greg T Eagleton,NA,2128,ENG,1,1850,7.7,0.18,7
2025-02-20,Dale Westcott,Jai Kothari,NA,2170,ENG,0,1847,7.85,0.15,7
2025-02-21,Dale Westcott,Andrew R Brett,NA,2099,ENG,0,1843,8.06,0.21,7
2025-02-22,Dale Westcott,Neev Lukhi,NA,1963,FIDE,0.5,1846,8.42,0.36,7.5
2025-02-23,Dale Westcott,Freddie Pick,NA,2056,ENG,0.5,1851,8.67,0.25,8
2025-02-24,Dale Westcott,Ian Jones,w1 ian jones,1939,W1,0.5,1853,9.06,0.39,8.5
2025-03-04,Dale Westcott,Chris Daniel,w1 chris daniel,1745,W1,1,1860,9.72,0.66,9.5
2025-03-10,Dale Westcott,Peter Bevan,w1 peter bevan,1883,W1,0.5,1860,10.19,0.47,10
2025-03-11,Dale Westcott,Andrew Smith,w1 andrew smith,1779,W1,1,1868,10.81,0.62,11
2025-03-18,Dale Westcott,James Harford,w1 james harford,1854,W1,1,1877,11.32,0.51,12
2025-03-25,Dale Westcott,Andrew Smith,w1 andrew smith,1779,W1,1,1885,11.94,0.62,13
2025-04-01,Dale Westcott,Bob Moore,w1 bob moore,1926,W1,0,1877,12.35,0.41,13
2025-04-08,Dale Westcott,Adam May,w1 adam may,1921,W1,1,1888,12.77,0.42,14
2025-04-12,Dale Westcott,Diah Patel,NA,1767,ENG,1,1896,13.41,0.64,15
2025-04-13,Dale Westcott,John J Bell,NA,1850,ENG,0.5,1895,13.93,0.52,15.5
2025-04-15,Dale Westcott,Anthony Beck,w1 anthony beck,1732,W1,0,1882,14.61,0.68,15.5
2025-04-29,Dale Westcott,Chris Daniel,w1 chris daniel,1745,W1,1,1888,15.27,0.66,16.5
2025-05-03,Dale Westcott,Rabindra Rai,NA,1843,ENG,1,1898,15.8,0.53,17.5
2025-05-04,Dale Westcott,Petr Vachtfeidl,NA,1966,ENG,0,1891,16.16,0.36,17.5
2025-05-05,Dale Westcott,D Philip Morgan,NA,1783,ENG,1,1898,16.77,0.61,18.5
2025-05-11,Dale Westcott,Chris Fox,e1 chris fox,1642,E1,1,1903,17.55,0.78,19.5
2025-05-27,Dale Westcott,Paul Headon,w1 paul headon,1726,W1,1,1909,18.24,0.69,20.5
2025-06-10,Dale Westcott,Martin C Jones,d1 martin c jones,1832,D1,1,1918,18.79,0.55,21.5
2025-01-15,William Phillips,Jonathan Gilbert,g1 jonathan gilbert,2038,G1,0,1857,0.27,0.27,0
2025-01-11,William Phillips,Martin J Clancy,NA,1906,ENG,0,1848,0.71,0.44,0
2025-01-12,William Phillips,Seth Woozeer,NA,1870,ENG,0.5,1848,1.2,0.49,0.5
2025-01-27,William Phillips,Dave Turner,g1 dave turner,1915,G1,0.5,1850,1.62,0.42,1
2025-02-12,William Phillips,Neil Carter,g1 neil carter,1838,G1,0.5,1849,2.15,0.53,1.5
2025-02-15,William Phillips,Shivam Sahoo,NA,1821,ENG,0,1838,2.71,0.56,1.5
2025-02-16,William Phillips,Justin Hadi,NA,1986,ENG,0,1831,3.04,0.33,1.5
2025-05-03,William Phillips,Annmarie Muetsch,NA,2302,ENG,0,1829,3.14,0.1,1.5
2025-05-04,William Phillips,Zack Norris,NA,2098,ENG,0,1825,3.34,0.2,1.5
2025-05-05,William Phillips,Tom Brown,e1 tom brown,2155,E1,0,1822,3.5,0.16,1.5
2025-02-20,Mohammed Ayad,John Carleton,NA,2063,ENG,0.5,1863,0.24,0.24,0.5
2025-03-27,Mohammed Ayad,John Carleton,NA,2063,ENG,0.5,1869,0.48,0.24,1
2025-04-17,Mohammed Ayad,Ray J Holland,n1 ray j holland,1869,N1,0,1859,0.96,0.48,1
2025-01-08,Micah O'Toole,Stefan Le Roy,e1 stefan le roy,1734,E1,0,1845,0.67,0.67,0
2025-02-05,Micah O'Toole,Steve Cunliffe,e1 steve cunliffe,1915,E1,0,1836,1.09,0.42,0
2025-03-05,Micah O'Toole,Adam Christopher,e1 adam christopher,1589,E1,1,1840,1.91,0.82,1
2025-03-12,Micah O'Toole,Anshul Swamy,e1 anshul swamy,1618,E1,0.5,1834,2.71,0.8,1.5
2025-03-19,Micah O'Toole,Paul Bridges,e1 paul bridges,1815,E1,0.5,1832,3.27,0.56,2
2025-03-25,Micah O'Toole,Alex Kennedy,e1 alex kennedy,1669,E1,0,1818,4.02,0.75,2
2025-04-02,Micah O'Toole,Peter Slater,e1 peter slater,1754,E1,0.5,1815,4.67,0.65,2.5
2025-04-16,Micah O'Toole,Kristan Enoch,e1 kristan enoch,1747,E1,0.5,1812,5.32,0.65,3
2025-01-29,David Guy,Donovan Sipho,w1 donovan sipho,1803,W1,1,1865,0.58,0.58,1
2025-02-12,David Guy,Jason Garcia,w1 jason garcia,2057,W1,0,1861,0.82,0.24,1
2025-03-19,David Guy,Adam May,w1 adam may,1921,W1,0,1852,1.23,0.41,1
2025-04-02,David Guy,Alan Young,w1 alan young,2016,W1,0.5,1857,1.52,0.29,1.5
2025-04-09,David Guy,Adam Musson,w1 adam musson,2014,W1,0,1851,1.81,0.29,1.5
2025-06-10,David Guy,Jonathan Thomas,w1 jonathan thomas,1868,W1,0.5,1851,2.29,0.48,2
2025-03-04,Haydn Parry,Joe Muxlow,n1 joe muxlow,1792,N1,0.5,1855,0.59,0.59,0.5
2025-04-09,Haydn Parry,Nick Darlington,NA,1744,ENG,0.5,1852,1.25,0.66,1
2025-05-09,Haydn Parry,Nicolas Flaherty,NA,1762,ENG,1,1859,1.88,0.63,2
2025-05-10,Haydn Parry,Joe Muxlow,n1 joe muxlow,1792,N1,1,1867,2.47,0.59,3
2025-05-11,Haydn Parry,Paul Doherty,NA,1846,ENG,0.5,1867,2.99,0.52,3.5
2025-05-11,Haydn Parry,Chris Wescomb,n1 chris wescomb,1828,N1,0,1856,3.53,0.54,3.5
2025-03-29,Lynda Smith,Emma Kong,e1 emma kong,1946,E1,0,1850,0.37,0.37,0
2025-03-29,Lynda Smith,Hugo Brisebard,NA,1875,ENG,1,1860,0.84,0.47,1
2025-03-30,Lynda Smith,Callum Hill,NA,1812,ENG,0.5,1859,1.4,0.56,1.5
2025-03-30,Lynda Smith,Craig Miller,NA,1822,ENG,1,1868,1.95,0.55,2.5
2025-01-16,Lynda Smith,William Mullaney,NA,1764,ENG,1,1875,2.58,0.63,3.5
2025-03-13,Lynda Smith,Bob R Gore,NA,1805,ENG,1,1884,3.15,0.57,4.5
2025-03-26,Lynda Smith,Dave Williams,g1 dave williams,1801,G1,1,1892,3.73,0.58,5.5
2025-04-24,Lynda Smith,Nigel Pollett,NA,1861,ENG,1,1902,4.22,0.49,6.5
2025-01-28,Les Simcock,Dorde Markovic,NA,1816,ENG,1,1865,0.56,0.56,1
2025-02-05,Les Simcock,Richard Owens,n1 richard owens,1784,N1,1,1873,1.16,0.6,2
2025-02-20,Les Simcock,Ray Williams,NA,1818,ENG,0.5,1872,1.71,0.55,2.5
2025-03-13,Les Simcock,Gary Fox,n1 gary fox,1813,N1,0,1860,2.27,0.56,2.5
2025-03-27,Les Simcock,Jack Walley,NA,1929,ENG,0,1853,2.67,0.4,2.5
2025-04-01,Les Simcock,John Harvey,NA,1912,ENG,0,1844,3.09,0.42,2.5
2025-04-17,Les Simcock,Steve Richards,n1 steve richards,1715,N1,1,1850,3.78,0.69,3.5
2025-01-06,James Harford,Malcolm Probert,w1 malcolm probert,1760,W1,0.5,1851,0.63,0.63,0.5
2025-01-08,James Harford,John Arnold,w1 john arnold,1792,W1,0.5,1850,1.22,0.59,1
2025-01-20,James Harford,Mark Wilson,w1 mark wilson,1670,W1,0,1835,1.96,0.74,1
2025-02-17,James Harford,Ralph Cook,w1 ralph cook,1673,W1,0.5,1830,2.7,0.74,1.5
2025-02-25,James Harford,Ben Rowlands,w1 ben rowlands,1668,W1,0,1815,3.44,0.74,1.5
2025-03-03,James Harford,Steve Edwards,w1 steve edwards,1616,W1,1,1819,4.24,0.8,2.5
2025-03-10,James Harford,Jeff Boyce,w1 jeff boyce,1524,W1,1,1822,5.11,0.87,3.5
2025-03-18,James Harford,Dale Westcott,w1 dale westcott,1864,W1,0,1812,5.6,0.49,3.5
2025-03-25,James Harford,Carl Halpin,w1 carl halpin,1576,W1,0.5,1805,6.43,0.83,4
2025-04-22,James Harford,Blake Stone,w1 blake stone,1746,W1,0,1792,7.08,0.65,4
2025-02-10,Thomas Mahoney,Piotr Graczyk,e1 piotr graczyk,1761,E1,0.5,1851,0.63,0.63,0.5
2025-02-24,Thomas Mahoney,Leon Jansen van Rensburg,e1 leon jansen van rensburg,1770,E1,1,1859,1.25,0.62,1.5
2025-03-10,Thomas Mahoney,David Lewis,e1 david lewis,1785,E1,0,1847,1.85,0.6,1.5
2025-04-14,Thomas Mahoney,Justin Morgans,e1 justin morgans,1746,E1,0,1834,2.5,0.65,1.5
2025-01-15,Zane Allford,John A Williams,g1 john a williams,1680,G1,0,1835,0.73,0.73,0
2025-01-27,Zane Allford,Lucas James,g1 lucas james,1748,G1,0,1823,1.37,0.64,0
2025-02-12,Zane Allford,Mateusz Gibiec,g1 mateusz gibiec,1822,G1,0,1812,1.91,0.54,0
2025-03-23,Zane Allford,Bill Harle,e1 bill harle,1787,E1,0.5,1810,2.5,0.59,0.5
2025-04-12,Zane Allford,David Flewellen,NA,1764,ENG,0,1798,3.12,0.62,0.5
2025-04-13,Zane Allford,Stephen Taylor,NA,1500,Est,1,1800,4,0.88,1.5
2025-05-11,Zane Allford,Ken Wardle,e1 ken wardle,1650,E1,0.5,1795,4.76,0.76,2
2025-01-03,Steve Williams (Cwm),David Kilmartin,NA,1726,ENG,0.5,1847,0.67,0.67,0.5
2025-01-04,Steve Williams (Cwm),Ken Ronald,NA,1700,ENG,1,1853,1.37,0.7,1.5
2025-01-04,Steve Williams (Cwm),Leslie Fancourt,NA,1742,ENG,0,1839,2.02,0.65,1.5
2025-01-05,Steve Williams (Cwm),T Giles Stanton,NA,1709,ENG,0.5,1836,2.71,0.69,2
2025-01-07,Steve Williams (Cwm),Paul Mills,g1 paul mills,1717,G1,1,1842,3.39,0.68,3
2025-01-11,Steve Williams (Cwm),Joseph T Fearnhead,NA,1718,ENG,1,1848,4.07,0.68,4
2025-01-11,Steve Williams (Cwm),Martin C Jones,d1 martin c jones,1832,D1,1,1858,4.6,0.53,5
2025-01-11,Steve Williams (Cwm),Adrian M Lawrence,NA,1822,ENG,0.5,1857,5.14,0.54,5.5
2025-01-12,Steve Williams (Cwm),Rob McClatchey,NA,1838,ENG,1,1867,5.66,0.52,6.5
2025-01-12,Steve Williams (Cwm),Angok Jok,NA,1815,ENG,0,1856,6.21,0.55,6.5
2025-01-15,Steve Williams (Cwm),Steve Horrell,g1 steve horrell,1795,G1,0,1844,6.79,0.58,6.5
2025-01-17,Steve Williams (Cwm),Glyn Hill,w1 glyn hill,1431,W1,1,1846,7.69,0.9,7.5
2025-01-18,Steve Williams (Cwm),Henry Burton,d1 henry burton,1500,D1,0,1828,8.57,0.88,7.5
2025-01-18,Steve Williams (Cwm),Csombor Hanczar,e1 csombor hanczar,1590,E1,0,1812,9.39,0.82,7.5
2025-01-19,Steve Williams (Cwm),Joshua Colcombe,g1 joshua colcombe,1600,G1,1,1816,10.2,0.81,8.5
2025-01-19,Steve Williams (Cwm),Joshua Phillips,e1 joshua phillips,1310,E1,1,1818,11.1,0.9,9.5
2025-01-21,Steve Williams (Cwm),Dave Williams,g1 dave williams,1801,G1,0,1807,11.67,0.57,9.5
2025-02-01,Steve Williams (Cwm),Albert Chacko,NA,1632,ENG,0.5,1801,12.45,0.78,10
2025-02-01,Steve Williams (Cwm),Adam Ware,NA,1792,ENG,0.5,1799,13.03,0.58,10.5
2025-02-01,Steve Williams (Cwm),AW (Tony) Burcham,NA,1878,ENG,1,1810,13.49,0.46,11.5
2025-02-02,Steve Williams (Cwm),Gareth Stephens,NA,1855,ENG,0.5,1810,13.98,0.49,12
2025-02-02,Steve Williams (Cwm),Bob Waugh,NA,1851,ENG,0,1800,14.48,0.5,12
2025-02-07,Steve Williams (Cwm),Gary Slegg,n1 gary slegg,1762,N1,1,1808,15.1,0.62,13
2025-02-08,Steve Williams (Cwm),Derek Lloyd,NA,1743,ENG,1,1815,15.75,0.65,14
2025-02-08,Steve Williams (Cwm),Tom EC Webb,NA,1766,ENG,0,1802,16.37,0.62,14
2025-02-09,Steve Williams (Cwm),Graham Neil,NA,1772,ENG,0.5,1800,16.98,0.61,14.5
2025-02-04,Steve Williams (Cwm),John A Williams,g1 john a williams,1680,G1,0,1786,17.71,0.73,14.5
2025-02-12,Steve Williams (Cwm),David Vaughan,g1 david vaughan,1958,G1,0.5,1789,18.06,0.35,15
2025-02-15,Steve Williams (Cwm),Joe Fathallah,e1 joe fathallah,2043,E1,0,1784,18.31,0.25,15
2025-02-15,Steve Williams (Cwm),Wiliam Francis,w1 wiliam francis,1477,W1,1,1786,19.21,0.9,16
2025-02-15,Steve Williams (Cwm),Tomos Francis,w1 tomos francis,1310,W1,1,1788,20.11,0.9,17
2025-02-16,Steve Williams (Cwm),Ethan McGrath,e1 ethan mcgrath,1901,E1,0.5,1789,20.54,0.43,17.5
2025-02-16,Steve Williams (Cwm),John McGregor,e1 john mcgregor,1921,E1,0.5,1791,20.94,0.4,18
2025-02-18,Steve Williams (Cwm),Neil Carter,g1 neil carter,1838,G1,0,1781,21.46,0.52,18
2025-02-28,Steve Williams (Cwm),Alastair JD Marston,NA,1846,ENG,0.5,1781,21.97,0.51,18.5
2025-03-01,Steve Williams (Cwm),Malcolm A Roberts,NA,1813,ENG,0.5,1780,22.52,0.55,19
2025-03-01,Steve Williams (Cwm),Ellis Manning,NA,1804,ENG,0.5,1779,23.09,0.57,19.5
2025-03-02,Steve Williams (Cwm),David R Rogers,NA,1822,ENG,1,1788,23.63,0.54,20.5
2025-03-02,Steve Williams (Cwm),Ronnie Burton,NA,1827,ENG,0.5,1787,24.16,0.53,21
2025-03-04,Steve Williams (Cwm),Tomas Forsey,g1 tomas forsey,1709,G1,0.5,1783,24.85,0.69,21.5
2025-03-07,Steve Williams (Cwm),Nigel Collins,NA,1752,ENG,1,1790,25.49,0.64,22.5
2025-03-08,Steve Williams (Cwm),Gregory Roome,NA,1780,ENG,0,1778,26.09,0.6,22.5
2025-03-08,Steve Williams (Cwm),Edward Farms,NA,1685,ENG,0.5,1774,26.81,0.72,23
2025-03-09,Steve Williams (Cwm),Jonathan Rossi,NA,1688,ENG,1,1780,27.53,0.72,24
2025-03-09,Steve Williams (Cwm),David R Rogers,NA,1822,ENG,0.5,1779,28.07,0.54,24.5
2025-03-21,Steve Williams (Cwm),Paul D Doherty,NA,1874,ENG,0.5,1780,28.54,0.47,25
2025-03-22,Steve Williams (Cwm),Sami Mortazavi,NA,1859,ENG,0,1770,29.03,0.49,25
2025-03-22,Steve Williams (Cwm),Ruslan Moossa,NA,1761,ENG,1,1777,29.66,0.63,26
2025-03-23,Steve Williams (Cwm),David J Holmes,NA,1879,ENG,0,1768,30.12,0.46,26
2025-03-23,Steve Williams (Cwm),H William Ingham,NA,1838,ENG,1,1778,30.64,0.52,27
2025-03-28,Steve Williams (Cwm),Nigel Collins,NA,1752,ENG,0.5,1775,31.28,0.64,27.5
2025-03-29,Steve Williams (Cwm),Paul T Errington,NA,1746,ENG,1,1782,31.93,0.65,28.5
2025-03-29,Steve Williams (Cwm),Malcolm Probert,w1 malcolm probert,1760,W1,0.5,1780,32.56,0.63,29
2025-03-30,Steve Williams (Cwm),Phil Stevens,NA,1705,ENG,1,1786,33.26,0.7,30
2025-03-30,Steve Williams (Cwm),Chris Foley,NA,1762,ENG,1,1793,33.88,0.62,31
2025-04-04,Steve Williams (Cwm),John Baguley,NA,1732,ENG,1,1800,34.54,0.66,32
2025-04-05,Steve Williams (Cwm),Nick Spearing,NA,1649,ENG,1,1805,35.3,0.76,33
2025-04-05,Steve Williams (Cwm),Russell R Goodfellow,NA,1837,ENG,0,1794,35.82,0.52,33
2025-04-06,Steve Williams (Cwm),Aleksandar Juhasz,NA,1773,ENG,1,1802,36.43,0.61,34
2025-04-06,Steve Williams (Cwm),Joshua Davis,NA,1791,ENG,1,1810,37.01,0.58,35
2025-04-20,Steve Williams (Cwm),Kevin Thomas,g1 kevin thomas,1840,G1,0,1800,37.52,0.51,35
2025-04-18,Steve Williams (Cwm),Vijayaratnam Vijitharan,NA,1724,Est,0.5,1797,38.19,0.67,35.5
2025-04-18,Steve Williams (Cwm),Darcy Beck,NA,1350,Est,1,1799,39.09,0.9,36.5
2025-04-19,Steve Williams (Cwm),James Tapp,e1 james tapp,2080,E1,0,1795,39.3,0.21,36.5
2025-04-19,Steve Williams (Cwm),Arush Ajai Murthy,e1 arush ajai murthy,1700,E1,1,1800,40,0.7,37.5
2025-04-21,Steve Williams (Cwm),Jamie Roberts,NA,1754,Est,0.5,1798,40.63,0.63,38
2025-04-21,Steve Williams (Cwm),Patrick Bourne,d1 patrick bourne,1651,D1,0,1783,41.39,0.76,38
2025-04-27,Steve Williams (Cwm),Jonathan Gilbert,g1 jonathan gilbert,2038,G1,0,1778,41.64,0.25,38
2025-04-25,Steve Williams (Cwm),Joshua Colcombe,g1 joshua colcombe,1600,G1,1,1781,42.45,0.81,39
2025-04-26,Steve Williams (Cwm),Bob Wiltshire,g1 bob wiltshire,1551,G1,1,1784,43.3,0.85,40
2025-04-26,Steve Williams (Cwm),Lee Davis,e1 lee davis,2100,E1,0,1781,43.49,0.19,40
2025-04-27,Steve Williams (Cwm),Liam Powell-Jones,g1 liam powell-jones,1680,G1,1,1786,44.22,0.73,41
2025-05-09,Steve Williams (Cwm),Stephen Cole,NA,1902,ENG,0,1778,44.65,0.43,41
2025-05-10,Steve Williams (Cwm),Mike Saunders,NA,1803,ENG,0.5,1776,45.22,0.57,41.5
2025-05-10,Steve Williams (Cwm),Peter Harker,NA,1780,ENG,0.5,1774,45.82,0.6,42
2025-05-11,Steve Williams (Cwm),Louis Myers,NA,1727,ENG,0,1761,46.49,0.67,42
2025-05-11,Steve Williams (Cwm),Adam Walkowiak,NA,1767,ENG,1,1768,47.11,0.62,43
2025-05-17,Steve Williams (Cwm),Ian R Rescorla,NA,1774,ENG,1,1776,47.72,0.61,44
2025-05-17,Steve Williams (Cwm),David R Rogers,NA,1815,ENG,1,1785,48.27,0.55,45
2025-05-18,Steve Williams (Cwm),Duncan M Macarthur,NA,1814,ENG,1,1794,48.82,0.55,46
2025-05-18,Steve Williams (Cwm),Jon Tuson,d1 jon tuson,1807,D1,1,1803,49.38,0.56,47
2025-05-24,Steve Williams (Cwm),Samuel Day,NA,1757,ENG,0,1790,50.01,0.63,47
2025-05-24,Steve Williams (Cwm),Ian P Blencowe,NA,1743,ENG,1,1797,50.66,0.65,48
2025-05-25,Steve Williams (Cwm),Patrick Bourne,d1 patrick bourne,1651,D1,0,1782,51.42,0.76,48
2025-05-25,Steve Williams (Cwm),Lynne Fursman,NA,1834,ENG,0,1772,51.94,0.52,48
2025-06-07,Steve Williams (Cwm),Siyuan Ou,NA,1758,ENG,0,1759,52.57,0.63,48
2025-06-07,Steve Williams (Cwm),Aron English,NA,1692,ENG,1,1765,53.28,0.71,49
2025-06-07,Steve Williams (Cwm),Rose Burgess,NA,1734,ENG,0.5,1762,53.94,0.66,49.5
2025-06-08,Steve Williams (Cwm),Alexander Horwood,NA,1702,ENG,1,1768,54.64,0.7,50.5
2025-06-08,Steve Williams (Cwm),Liam Powell-Jones,g1 liam powell-jones,1680,G1,1,1773,55.37,0.73,51.5
2025-06-27,Steve Williams (Cwm),Mohammed Abdulhamid,NA,1890,ENG,0.5,1774,55.81,0.44,52
2025-06-28,Steve Williams (Cwm),Michael Barooah,NA,1875,ENG,1,1785,56.27,0.46,53
2025-06-28,Steve Williams (Cwm),Nick Web,NA,1954,ENG,0,1778,56.62,0.35,53
2025-01-13,Chris Dixon,Dave WIlliams,g1 dave williams,1801,G1,1,1858,0.57,0.57,1
2025-01-17,Chris Dixon,Adam Musson,w1 adam musson,2014,W1,0,1852,0.85,0.28,1
2025-01-18,Chris Dixon,Malcolm Probert,w1 malcolm probert,1760,W1,0.5,1850,1.48,0.63,1.5
2025-01-18,Chris Dixon,Tim Kett,e1 tim kett,2209,E1,0,1847,1.59,0.11,1.5
2025-01-19,Chris Dixon,Leon Jansen van Rensburg,e1 leon jansen van rensburg,1770,E1,0.5,1845,2.2,0.61,2
2025-01-19,Chris Dixon,Mike Hollyman,e1 mike hollyman,1711,E1,0.5,1841,2.89,0.69,2.5
2025-01-29,Chris Dixon,Alan Keene,g1 alan keene,1890,G1,1,1852,3.33,0.44,3.5
2025-02-02,Chris Dixon,Lucas Zheng,e1 lucas zheng,1650,E1,0.5,1847,4.09,0.76,4
2025-02-12,Chris Dixon,Bob Hurn,e1 bob hurn,1612,E1,0.5,1841,4.89,0.8,4.5
2025-03-23,Chris Dixon,Piotr Graczyk,e1 piotr graczyk,1761,E1,1,1849,5.51,0.62,5.5
2025-04-26,Chris Dixon,Peter Kirby,g1 peter kirby,2059,G1,0,1844,5.74,0.23,5.5
2025-04-25,Chris Dixon,Jack Bull,g1 jack bull,1564,G1,0.5,1838,6.58,0.84,6
2025-04-26,Chris Dixon,Mike Stannard,g1 mike stannard,1564,G1,0.5,1831,7.42,0.84,6.5
2025-04-27,Chris Dixon,Joshua Colcombe,g1 joshua colcombe,1600,G1,1,1835,8.23,0.81,7.5
2025-04-27,Chris Dixon,Andrew Balfe,g1 andrew balfe,1601,G1,0.5,1829,9.04,0.81,8
2025-05-11,Chris Dixon,Andrew Smith,w1 andrew smith,1779,W1,0.5,1827,9.64,0.6,8.5
2025-01-06,Liam Penny,Steve Cunliffe,e1 steve cunliffe,1915,E1,0,1838,0.4,0.4,0
2025-01-13,Liam Penny,Richard Batey,g1 richard batey,1907,G1,0,1830,0.81,0.41,0
2025-01-27,Liam Penny,George Bowkett,e1 george bowkett,1757,E1,0,1817,1.44,0.63,0
2025-02-06,Liam Penny,Stefan Le Roy,e1 stefan le roy,1734,E1,1,1824,2.1,0.66,1
2025-02-17,Liam Penny,Ian Abraham,e1 ian abraham,1803,E1,0.5,1823,2.66,0.56,1.5
2025-03-04,Liam Penny,David Rovaretti,e1 david rovaretti,1793,E1,0.5,1821,3.24,0.58,2
2025-03-20,Liam Penny,Derek Jones,e1 derek jones,1944,E1,0,1814,3.6,0.36,2
2025-04-17,Liam Penny,Matthew Lunnon,e1 matthew lunnon,1714,E1,1,1820,4.28,0.68,3
2025-04-28,Liam Penny,Justin Morgans,e1 justin morgans,1746,E1,1,1828,4.92,0.64,4
2025-01-14,Shion Rowlands,Shaun Waines,n1 shaun waines,1400,N1,1,1843,0.9,0.9,1
2025-01-22,Shion Rowlands,Chris Wescomb,n1 chris wescomb,1828,N1,0,1833,1.42,0.52,1
2025-01-28,Shion Rowlands,Phil McKeown,NA,1794,ENG,1,1841,1.99,0.57,2
2025-01-30,Shion Rowlands,Robert McClennan,NA,1738,ENG,0,1828,2.63,0.64,2
2025-02-05,Shion Rowlands,Robert G Hill,n1 robert g hill,1604,N1,1,1832,3.43,0.8,3
2025-02-12,Shion Rowlands,Shaun Waines,n1 shaun waines,1400,N1,1,1834,4.33,0.9,4
2025-03-06,Shion Rowlands,Philip McKeown,NA,1788,ENG,1,1843,4.91,0.58,5
2025-03-20,Shion Rowlands,Leo Fernandez-Arias,n1 leo fernandez-arias,1710,N1,1,1849,5.59,0.68,6
2025-03-27,Shion Rowlands,Dave Stuttard,NA,1849,ENG,0,1840,6.08,0.49,6
2025-04-03,Shion Rowlands,Chris Wescomb,n1 chris wescomb,1828,N1,0.5,1839,6.6,0.52,6.5
2025-04-08,Shion Rowlands,Paul Sadler,n1 paul sadler,1741,N1,1,1846,7.24,0.64,7.5
2025-04-10,Shion Rowlands,Barrie Wells,n1 barrie wells,1801,N1,0,1835,7.8,0.56,7.5
2025-04-17,Shion Rowlands,Matthew Matthias,n1 matthew matthias,1708,N1,1,1842,8.48,0.68,8.5
2025-05-09,Shion Rowlands,Brian Butterworth,NA,1747,ENG,1,1849,9.11,0.63,9.5
2025-05-10,Shion Rowlands,Paul Doherty,NA,1846,ENG,0,1839,9.6,0.49,9.5
2025-05-10,Shion Rowlands,Joel Ofeni,NA,1874,ENG,0,1830,10.05,0.45,9.5
2025-05-11,Shion Rowlands,Bart Mchugh,NA,1777,ENG,1,1838,10.64,0.59,10.5
2025-05-11,Shion Rowlands,Sandra G Blackburn,n1 sandra g blackburn,1731,N1,1,1845,11.29,0.65,11.5
2025-06-13,Shion Rowlands,Hugh Fenwick,NA,1907,ENG,0,1837,11.7,0.41,11.5
2025-06-13,Shion Rowlands,Torrin Anderson,NA,1890,ENG,0,1828,12.13,0.43,11.5
2025-06-13,Shion Rowlands,Nigel Collins,NA,1704,ENG,0.5,1825,12.82,0.69,12
2025-06-13,Shion Rowlands,Philip Walters,NA,1830,ENG,0.5,1824,13.34,0.52,12.5
2025-01-15,Kevin Thomas,Joseph Addis,g1 joseph addis,1935,G1,0,1833,0.37,0.37,0
2025-02-02,Kevin Thomas,Anshul Swamy,e1 anshul swamy,1618,E1,0,1817,1.15,0.78,0
2025-02-12,Kevin Thomas,David Norris,g1 david norris,1661,G1,1,1822,1.89,0.74,1
2025-03-23,Kevin Thomas,Guy Wagner,e1 guy wagner,1832,E1,0.5,1822,2.4,0.51,1.5
2025-04-18,Kevin Thomas,Alexis Kristoff Malibiran,NA,1833,ENG,1,1832,2.91,0.51,2.5
2025-04-18,Kevin Thomas,David L Roberts,NA,2032,ENG,0,1827,3.16,0.25,2.5
2025-04-19,Kevin Thomas,Will Elworthy,e1 will elworthy,1750,E1,0.5,1824,3.79,0.63,3
2025-04-19,Kevin Thomas,Patrick Bourne,d1 patrick bourne,1651,D1,1,1829,4.54,0.75,4
2025-04-20,Kevin Thomas,Steve Williams (Cwm),g1 steve williams (cwm),1850,G1,1,1840,5.03,0.49,5
2025-04-21,Kevin Thomas,Nick Van Noorden,e1 nick van noorden,1888,E1,1,1851,5.46,0.43,6
2025-04-21,Kevin Thomas,Madged Bani Hani,g1 madged bani hani,1750,G1,1,1859,6.09,0.63,7
2025-05-11,Kevin Thomas,Darson Beeston,w1 darson beeston,1741,W1,1,1866,6.73,0.64,8
2025-01-28,Michael Beck,Ian Eustis,w1 ian eustis,1789,W1,0,1827,0.57,0.57,0
2025-03-11,Michael Beck,Sam Brown,w1 sam brown,1700,W1,0,1813,1.26,0.69,0
2025-03-25,Michael Beck,Les Philpin,w1 les philpin,1757,W1,0,1801,1.87,0.61,0
2025-05-05,Michael Beck,Darson Beeston,w1 darson beeston,1741,W1,0.5,1798,2.51,0.64,0.5
2025-05-27,Michael Beck,Elliott Chapman,w1 elliott chapman,1604,W1,1,1802,3.3,0.79,1.5
2025-06-10,Michael Beck,Huw Jones,w1 huw jones,1776,W1,0.5,1800,3.89,0.59,2
2025-01-15,Neil Carter,Owain Davies,g1 owain davies,1871,G1,0,1829,0.45,0.45,0
2025-02-12,Neil Carter,William Phillips,g1 william phillips,1862,G1,0.5,1830,0.92,0.47,0.5
2025-02-18,Neil Carter,Steve Williams (Cwm),g1 steve williams (cwm),1850,G1,1,1840,1.4,0.48,1.5
2025-01-06,Steve Jones,David Llewellyn,e1 david llewellyn,1954,E1,0,1831,0.34,0.34,0
2025-01-11,Steve Jones,Brian GE Gosling,NA,1912,ENG,1,1843,0.74,0.4,1
2025-01-11,Steve Jones,Benjamin Lappin,NA,1953,ENG,0,1837,1.08,0.34,1
2025-01-11,Steve Jones,Edward P Small,NA,1911,ENG,0,1829,1.48,0.4,1
2025-01-17,Steve Jones,David Belochkin,e1 david belochkin,1803,E1,1,1838,2.03,0.55,2
2025-01-18,Steve Jones,John A Williams,g1 john a williams,1680,G1,1,1843,2.74,0.71,3
2025-01-19,Steve Jones,Joseph Browse,e1 joseph browse,1825,E1,0,1833,3.26,0.52,3
2025-01-19,Steve Jones,Liam Powell-Jones,g1 liam powell-jones,1680,G1,1,1839,3.97,0.71,4
2025-02-05,Steve Jones,Kristan Enoch,e1 kristan enoch,1747,E1,1,1846,4.6,0.63,5
2025-02-10,Steve Jones,Andrew Jeanes,e1 andrew jeanes,1684,E1,1,1852,5.31,0.71,6
2025-02-15,Steve Jones,Lucas Zheng,e1 lucas zheng,1650,E1,0,1837,6.06,0.75,6
2025-02-15,Steve Jones,Joshua Colcombe,g1 joshua colcombe,1600,G1,1,1841,6.86,0.8,7
2025-02-15,Steve Jones,John A Williams,g1 john a williams,1680,G1,0,1827,7.57,0.71,7
2025-02-16,Steve Jones,Morgan Foulkes,e1 morgan foulkes,1551,E1,1,1830,8.41,0.84,8
2025-02-16,Steve Jones,Thomas Phillips,e1 thomas phillips,1400,E1,1,1832,9.31,0.9,9
2025-02-17,Steve Jones,Alex Kennedy,e1 alex kennedy,1669,E1,0,1818,10.04,0.73,9
2025-03-03,Steve Jones,Kristan Enoch,e1 kristan enoch,1747,E1,1,1825,10.67,0.63,10
2025-03-07,Steve Jones,Vishnu Kirupakaran,e1 vishnu kirupakaran,1895,E1,0,1817,11.09,0.42,10
2025-03-10,Steve Jones,Gareth Yeo,e1 gareth yeo,2078,E1,1,1833,11.29,0.2,11
2025-03-11,Steve Jones,Paul Bridges,e1 paul bridges,1815,E1,0.5,1832,11.82,0.53,11.5
2025-03-22,Steve Jones,Cashlin Mackinna,NA,1538,FIDE,1,1835,12.67,0.85,12.5
2025-03-22,Steve Jones,Tristin James Peterson,NA,1565,Est,0,1818,13.5,0.83,12.5
2025-03-22,Steve Jones,Shiloh Smith,NA,1449,FIDE,1,1820,14.4,0.9,13.5
2025-03-23,Steve Jones,Declan Platen,NA,1668,FIDE,0,1806,15.13,0.73,13.5
2025-03-23,Steve Jones,Dale McManus,NA,1643,FIDE,0,1791,15.88,0.75,13.5
2025-03-23,Steve Jones,Cole Watson,NA,1539,FIDE,1,1794,16.73,0.85,14.5
2025-03-31,Steve Jones,George Bowkett,e1 george bowkett,1757,E1,0,1781,17.34,0.61,14.5
2025-04-07,Steve Jones,Stefan Le Roy,e1 stefan le roy,1734,E1,1,1789,17.99,0.65,15.5
2025-04-14,Steve Jones,Andrew Jeanes,e1 andrew jeanes,1684,E1,1,1794,18.7,0.71,16.5
2025-04-18,Steve Jones,Toby Blankley,e1 toby blankley,1456,E1,1,1796,19.6,0.9,17.5
2025-04-18,Steve Jones,Thomas Van Veelen,NA,2055,FIDE,0,1792,19.82,0.22,17.5
2025-04-19,Steve Jones,Liam Powell-Jones,g1 liam powell-jones,1680,G1,0,1778,20.53,0.71,17.5
2025-04-19,Steve Jones,Jamie Roberts,NA,1754,Est,1,1785,21.15,0.62,18.5
2025-04-20,Steve Jones,Sam Rhydderch,e1 sam rhydderch,1451,E1,1,1787,22.05,0.9,19.5
2025-04-21,Steve Jones,Anezka Vlkova,e1 anezka vlkova,1948,E1,0,1780,22.4,0.35,19.5
2025-04-21,Steve Jones,Naveen Daniel George,NA,1737,ENG,0,1768,23.04,0.64,19.5
2025-05-15,Steve Jones,Lef Zografos,e1 lef zografos,1830,E1,1,1777,23.55,0.51,20.5
2025-05-19,Steve Jones,David Lewis,e1 david lewis,1785,E1,0,1766,24.13,0.58,20.5
2025-05-24,Steve Jones,Zak Tomlinson,NA,1875,ENG,0.5,1767,24.58,0.45,21
2025-05-24,Steve Jones,Mike Hollyman,e1 mike hollyman,1711,E1,0,1753,25.26,0.68,21
2025-05-25,Steve Jones,Roland Fraser,NA,1774,ENG,1,1762,25.85,0.59,22
2025-05-25,Steve Jones,Derek F Edwards,NA,1860,ENG,0.5,1762,26.32,0.47,22.5
2025-05-26,Steve Jones,David I Tipper,NA,1884,ENG,1,1774,26.75,0.43,23.5
2025-05-26,Steve Jones,Sam Wood,NA,1803,ENG,0,1763,27.3,0.55,23.5
2025-06-23,Steve Jones,Peter Watkins,e1 peter watkins,1515,E1,1,1765,28.17,0.87,24.5
2025-01-29,Lysa Brooks,Vismith Prabhu,w1 vismith prabhu,1904,W1,0,1827,0.4,0.4,0
2025-01-14,Chris Grier,Mike Blake,n1 mike blake,1714,N1,1,1839,0.66,0.66,1
2025-01-22,Chris Grier,Jay Drawbridge,n1 jay drawbridge,1816,N1,0,1828,1.18,0.52,1
2025-01-30,Chris Grier,Mark Cromwell,NA,1809,ENG,0.5,1828,1.71,0.53,1.5
2025-02-20,Chris Grier,David Stuttard,NA,1849,ENG,0.5,1828,2.19,0.48,2
2025-03-13,Chris Grier,Michael Whale,n1 michael whale,1830,N1,0,1818,2.69,0.5,2
2025-03-20,Chris Grier,Richard Doble,n1 richard doble,1797,N1,0.5,1817,3.24,0.55,2.5
2025-03-27,Chris Grier,John Harvey,NA,1918,ENG,0,1809,3.62,0.38,2.5
2025-04-01,Chris Grier,Steve Lloyd,NA,1839,ENG,0.5,1810,4.11,0.49,3
2025-04-08,Chris Grier,Joe Muxlow,n1 joe muxlow,1792,N1,1,1819,4.67,0.56,4
2025-04-15,Chris Grier,Barrie Wells,n1 barrie wells,1801,N1,0,1808,5.21,0.54,4
2025-05-10,Chris Grier,Peter S Fisher,n1 peter s fisher,1651,N1,0.5,1803,5.95,0.74,4.5
2025-05-10,Chris Grier,Jon Blackburn,NA,1801,ENG,0.5,1802,6.49,0.54,5
2025-05-11,Chris Grier,David Price,NA,1762,ENG,1,1810,7.09,0.6,6
2025-05-11,Chris Grier,Vincent Logan,NA,1868,ENG,1,1821,7.54,0.45,7
2025-01-06,Martin C Jones,Andrew Thomas,w1 andrew thomas,1902,W1,0,1824,0.4,0.4,0
2025-01-11,Martin C Jones,Duncan M Macarthur,NA,1771,ENG,1,1832,0.99,0.59,1
2025-01-11,Martin C Jones,Steve Williams (Cwm),g1 steve williams (cwm),1850,G1,0,1823,1.46,0.47,1
2025-01-11,Martin C Jones,Richard Brenton,NA,1737,ENG,1,1830,2.09,0.63,2
2025-01-12,Martin C Jones,Dave Williams,g1 dave williams,1801,G1,0.5,1829,2.63,0.54,2.5
2025-01-12,Martin C Jones,John A Williams,g1 john a williams,1680,G1,1,1835,3.34,0.71,3.5
2025-01-20,Martin C Jones,Peter Evans,d1 peter evans,1561,D1,0,1819,4.17,0.83,3.5
2025-03-10,Martin C Jones,Duncan Williams,w1 duncan williams,1906,W1,0.5,1821,4.57,0.4,4
2025-03-04,Martin C Jones,Mark Reynolds,d1 mark reynolds,1523,D1,1,1824,5.43,0.86,5
2025-03-19,Martin C Jones,Gareth Harper,w1 gareth harper,1717,W1,1,1830,6.09,0.66,6
2025-03-24,Martin C Jones,Adam Woodruff,w1 adam woodruff,1991,W1,0.5,1835,6.38,0.29,6.5
2025-03-28,Martin C Jones,Richard Barnes,NA,1732,ENG,1,1842,7.02,0.64,7.5
2025-03-29,Martin C Jones,Christopher D Peacock,NA,1755,ENG,0.5,1840,7.63,0.61,8
2025-03-29,Martin C Jones,Anay Misra,NA,1704,ENG,1,1846,8.31,0.68,9
2025-03-30,Martin C Jones,Oleksii Novakov,NA,1815,ENG,1,1856,8.83,0.52,10
2025-03-30,Martin C Jones,Alexander Photiou,NA,1720,ENG,1,1863,9.49,0.66,11
2025-04-02,Martin C Jones,Guto Llywelyn,w1 guto llywelyn,1676,W1,1,1868,10.2,0.71,12
2025-04-09,Martin C Jones,Adam Woodruff,w1 adam woodruff,1991,W1,0,1863,10.49,0.29,12
2025-04-14,Martin C Jones,Adam Woodruff,w1 adam woodruff,1991,W1,0,1857,10.78,0.29,12
2025-04-16,Martin C Jones,Donovan Sipho,w1 donovan sipho,1803,W1,1,1866,11.32,0.54,13
2025-04-23,Martin C Jones,Ieuan Din,d1 ieuan din,1318,D1,1,1868,12.22,0.9,14
2025-04-24,Martin C Jones,Blake Stone,w1 blake stone,1746,W1,0.5,1866,12.84,0.62,14.5
2025-05-16,Martin C Jones,Jon Tuson,d1 jon tuson,1807,D1,0,1855,13.38,0.54,14.5
2025-05-17,Martin C Jones,Robin T Morris-Weston,NA,1755,ENG,0,1843,13.99,0.61,14.5
2025-05-17,Martin C Jones,Scott Hammett,d1 scott hammett,1802,D1,1,1852,14.53,0.54,15.5
2025-05-18,Martin C Jones,Malcolm Probert,w1 malcolm probert,1760,W1,1,1860,15.13,0.6,16.5
2025-05-18,Martin C Jones,Michael D Plumb,NA,1771,ENG,0.5,1858,15.72,0.59,17
2025-06-10,Martin C Jones,Dale Westcott,w1 dale westcott,1864,W1,0,1849,16.17,0.45,17
2025-01-01,Guy Wagner,Jaeha Kim,NA,1719,FIDE,1,1839,0.66,0.66,1
2025-01-01,Guy Wagner,Judith Heffer,NA,1831,ENG,0.5,1839,1.16,0.5,1.5
2025-01-02,Guy Wagner,Hyunjun Park,NA,1701,ENG,1,1845,1.84,0.68,2.5
2025-01-02,Guy Wagner,Paul J Kelly,NA,1907,ENG,0,1837,2.23,0.39,2.5
2025-01-03,Guy Wagner,Jerry Anstead,NA,1917,ENG,0.5,1840,2.61,0.38,3
2025-01-05,Guy Wagner,Vismith Prabhu,w1 vismith prabhu,1904,W1,0,1832,3.01,0.4,3
2025-01-08,Guy Wagner,Clive Silver,e1 clive silver,1639,E1,1,1837,3.76,0.75,4
2025-01-29,Guy Wagner,Kristan Enoch,e1 kristan enoch,1747,E1,0,1824,4.38,0.62,4
2025-02-02,Guy Wagner,David Belochkin,e1 david belochkin,1803,E1,1,1834,4.92,0.54,5
2025-02-19,Guy Wagner,Daniel Wilmot,e1 daniel wilmot,1974,E1,0.5,1837,5.23,0.31,5.5
2025-02-23,Guy Wagner,Sergio Esteves,e1 sergio esteves,1775,E1,0.5,1836,5.81,0.58,6
2025-02-26,Guy Wagner,Kristan Enoch,e1 kristan enoch,1747,E1,0,1823,6.43,0.62,6
2025-03-03,Guy Wagner,Steve Cunliffe,e1 steve cunliffe,1915,E1,1,1836,6.81,0.38,7
2025-03-05,Guy Wagner,Emma Kong,e1 emma kong,1946,E1,1,1849,7.15,0.34,8
2025-03-08,Guy Wagner,Sam Jukes,e1 sam jukes,2013,E1,1,1864,7.41,0.26,9
2025-03-08,Guy Wagner,Joshua McKenna,e1 joshua mckenna,1801,E1,0,1853,7.95,0.54,9
2025-03-09,Guy Wagner,Roy Thomas,e1 roy thomas,1901,E1,0,1845,8.35,0.4,9
2025-03-09,Guy Wagner,Ifan Rathbone-Jones,n1 ifan rathbone-jones,2270,N1,0,1843,8.45,0.1,9
2025-03-10,Guy Wagner,Dwain Jones,e1 dwain jones,1672,E1,1,1848,9.17,0.72,10
2025-03-10,Guy Wagner,Pete Heaven,e1 pete heaven,2114,E1,0.5,1855,9.33,0.16,10.5
2025-03-12,Guy Wagner,David Perrett,e1 david perrett,1953,E1,0,1848,9.66,0.33,10.5
2025-03-15,Guy Wagner,Bence Szakmany,e1 bence szakmany,1969,E1,0.5,1852,9.97,0.31,11
2025-03-15,Guy Wagner,Dai James,e1 dai james,1872,E1,0,1843,10.41,0.44,11
2025-03-15,Guy Wagner,Bob Hurn,e1 bob hurn,1612,E1,1,1848,11.19,0.78,12
2025-03-16,Guy Wagner,Tim Kett,e1 tim kett,2209,E1,0.5,1856,11.29,0.1,12.5
2025-03-16,Guy Wagner,Joseph Browse,e1 joseph browse,1825,E1,0.5,1856,11.8,0.51,13
2025-03-23,Guy Wagner,Kevin Thomas,g1 kevin thomas,1840,G1,0.5,1856,12.29,0.49,13.5
2025-04-02,Guy Wagner,Emma Kong,e1 emma kong,1946,E1,1,1869,12.63,0.34,14.5
2025-04-08,Guy Wagner,David Robinson,e1 david robinson,1898,E1,0.5,1871,13.04,0.41,15
2025-04-25,Guy Wagner,David Flewellen,NA,1766,ENG,1,1879,13.63,0.59,16
2025-04-26,Guy Wagner,Djan Sennaroglu,NA,1778,ENG,0,1867,14.21,0.58,16
2025-04-26,Guy Wagner,Robert Jurjevic,NA,1716,ENG,1,1874,14.87,0.66,17
2025-04-27,Guy Wagner,Gary Slegg,n1 gary slegg,1762,N1,0.5,1872,15.47,0.6,17.5
2025-04-27,Guy Wagner,Sharvari Saharkar,NA,1768,ENG,0,1860,16.06,0.59,17.5
2025-05-07,Guy Wagner,Andrew Di-Vetta,e1 andrew di-vetta,1787,E1,1,1869,16.62,0.56,18.5
2025-05-11,Guy Wagner,Andrew Di-Vetta,e1 andrew di-vetta,1787,E1,0,1858,17.18,0.56,18.5
2025-01-07,Michael Whale,Piotr Siwy,NA,1807,ENG,0,1819,0.53,0.53,0
2025-01-14,Michael Whale,Gregory Barker,n1 gregory barker,1726,N1,0,1806,1.18,0.65,0
2025-01-28,Michael Whale,Steve Lloyd,NA,1848,ENG,1,1817,1.65,0.47,1
2025-03-03,Michael Whale,Mark Cromwell,NA,1833,ENG,1,1827,2.15,0.5,2
2025-03-11,Michael Whale,Gary Fox,n1 gary fox,1813,N1,0,1817,2.67,0.52,2
2025-03-13,Michael Whale,Chris Grier,n1 chris grier,1832,N1,1,1827,3.17,0.5,3
2025-04-01,Michael Whale,Ray Williams,NA,1823,ENG,1,1836,3.68,0.51,4
2025-04-15,Michael Whale,Matthew Fox,n1 matthew fox,1768,N1,0,1825,4.27,0.59,4
2025-04-29,Michael Whale,David Stuttard,NA,1834,ENG,1,1835,4.76,0.49,5
2025-01-27,Lef Zografos,Leo Ashworth,e1 leo ashworth,1522,E1,0.5,1823,0.85,0.85,0.5
2025-02-06,Lef Zografos,Clive Silver,e1 clive silver,1639,E1,1,1828,1.6,0.75,1.5
2025-02-17,Lef Zografos,Dave Parsons,e1 dave parsons,1809,E1,0.5,1827,2.13,0.53,2
2025-04-02,Lef Zografos,Matthew Davies,e1 matthew davies,1990,E1,0,1822,2.41,0.28,2
2025-04-28,Lef Zografos,Leon Jansen van Rensburg,e1 leon jansen van rensburg,1770,E1,1,1830,3,0.59,3
2025-05-15,Lef Zografos,Steve Jones,e1 steve jones,1838,E1,0,1820,3.49,0.49,3
2025-01-20,Ewan Ferguson,Kevin Heady,d1 kevin heady,1715,D1,1,1836,0.66,0.66,1
2025-02-18,Ewan Ferguson,Robert Narayan-Taylor,d1 robert narayan-taylor,1611,D1,1,1840,1.44,0.78,2
2025-03-04,Ewan Ferguson,Mark Paffard,d1 mark paffard,1732,D1,1,1848,2.08,0.64,3
2025-04-02,Mark Thomas (N),Martin Hargreaves,NA,1673,ENG,0.5,1824,0.71,0.71,0.5
2025-01-22,Chris Wescomb,Shion Rowlands,n1 shion rowlands,1841,N1,1,1838,0.48,0.48,1
2025-01-29,Chris Wescomb,Catriona Coutts,n1 catriona coutts,1741,N1,1,1846,1.1,0.62,2
2025-03-20,Chris Wescomb,Mike Blake,n1 mike blake,1714,N1,0,1833,1.76,0.66,2
2025-04-03,Chris Wescomb,Shion Rowlands,n1 shion rowlands,1841,N1,0.5,1833,2.24,0.48,2.5
2025-04-09,Chris Wescomb,Elijah Everett,n1 elijah everett,2281,N1,0,1831,2.34,0.1,2.5
2025-04-30,Chris Wescomb,Geoff Graham,n1 geoff graham,1951,N1,1,1845,2.67,0.33,3.5
2025-05-09,Chris Wescomb,Peter S Fisher,n1 peter s fisher,1651,N1,0.5,1840,3.4,0.73,4
2025-05-10,Chris Wescomb,Sandra G Blackburn,n1 sandra g blackburn,1731,N1,1,1847,4.04,0.64,5
2025-05-10,Chris Wescomb,Michael Connor,NA,1914,ENG,1,1860,4.42,0.38,6
2025-05-11,Chris Wescomb,Andrew Raeburn,NA,1900,ENG,1,1872,4.82,0.4,7
2025-05-11,Chris Wescomb,Haydn Parry,n1 haydn parry,1857,N1,1,1882,5.28,0.46,8
2025-05-14,Chris Wescomb,Aidan Jones,n1 aidan jones,1511,N1,1,1885,6.14,0.86,9
2025-05-21,Chris Wescomb,Richard Doble,n1 richard doble,1797,N1,1,1894,6.68,0.54,10
2025-06-27,Chris Wescomb,Carmelo Tirado Simarro,NA,1915,ENG,0,1887,7.06,0.38,10
2025-06-28,Chris Wescomb,Mike Saunders,NA,1803,ENG,0.5,1886,7.6,0.54,10.5
2025-06-28,Chris Wescomb,Eddie Bromilow,NA,1882,ENG,0.5,1888,8.02,0.42,11
2025-06-29,Chris Wescomb,Robert Dean,NA,1879,ENG,0,1879,8.45,0.43,11
2025-06-29,Chris Wescomb,Jon Blackburn,NA,1800,ENG,0.5,1878,8.99,0.54,11.5
2025-01-05,Peter Quinn,Matthew Billington,w1 matthew billington,1766,W1,1,1834,0.59,0.59,1
2025-01-08,Peter Quinn,Zack Wilkins,e1 zack wilkins,1724,E1,1,1841,1.23,0.64,2
2025-01-15,Peter Quinn,Joe Fathallah,e1 joe fathallah,2043,E1,0,1837,1.45,0.22,2
2025-01-21,Peter Quinn,Mark Jones,e1 mark jones,1809,E1,0.5,1836,1.97,0.52,2.5
2025-01-22,Peter Quinn,Ivan De La Cruz,e1 ivan de la cruz,2110,E1,0,1833,2.13,0.16,2.5
2025-01-29,Peter Quinn,Stuart Enoch,e1 stuart enoch,1560,E1,1,1837,2.95,0.82,3.5
2025-02-02,Peter Quinn,Mark Reckless,e1 mark reckless,1536,E1,1,1840,3.79,0.84,4.5
2025-02-05,Peter Quinn,Joshua McKenna,e1 joshua mckenna,1801,E1,0.5,1839,4.33,0.54,5
2025-02-12,Peter Quinn,Michael Arribas-Ayllon,e1 michael arribas-ayllon,1739,E1,0.5,1837,4.95,0.62,5.5
2025-02-13,Peter Quinn,Kam Choo Yin,e1 kam choo yin,1759,E1,1,1845,5.55,0.6,6.5
2025-03-27,Peter Quinn,Jansen Jerold Postero,NA,1350,Est,1,1847,6.45,0.9,7.5
2025-03-27,Peter Quinn,Rico Mascarinas,NA,2255,FIDE,0,1845,6.55,0.1,7.5
2025-03-28,Peter Quinn,John Daniel Jacobs,NA,1400,Est,1,1847,7.45,0.9,8.5
2025-03-28,Peter Quinn,Princess Jean Rabor,NA,1350,Est,1,1849,8.35,0.9,9.5
2025-03-29,Peter Quinn,Arnolito Cadiz,NA,1991,FIDE,0,1843,8.63,0.28,9.5
2025-03-29,Peter Quinn,Yohan Managbanag,NA,1825,Est,0,1833,9.13,0.5,9.5
2025-03-30,Peter Quinn,Nolito Datanan,NA,1800,Est,0.5,1833,9.67,0.54,10
2025-04-12,Peter Quinn,Michael Wickham,NA,1818,ENG,0.5,1832,10.18,0.51,10.5
2025-04-13,Peter Quinn,Bruno Kristl,NA,1600,Est,1,1837,10.97,0.79,11.5
2025-04-18,Peter Quinn,Chris Thompson,g1 chris thompson,1393,G1,0.5,1829,11.87,0.9,12
2025-04-18,Peter Quinn,Naveen Daniel George,NA,1737,ENG,0,1816,12.5,0.63,12
2025-04-19,Peter Quinn,Kristan Enoch,e1 kristan enoch,1747,E1,0.5,1814,13.11,0.61,12.5
2025-04-19,Peter Quinn,Mike Hollyman,e1 mike hollyman,1711,E1,0.5,1811,13.77,0.66,13
2025-04-20,Peter Quinn,John A Williams,g1 john a williams,1680,G1,1,1817,14.47,0.7,14
2025-04-21,Peter Quinn,Arush Ajai Murthy,e1 arush ajai murthy,1700,E1,0,1803,15.14,0.67,14
2025-04-21,Peter Quinn,Jamie Roberts,NA,1754,Est,0,1791,15.74,0.6,14
2025-04-23,Peter Quinn,Stuart Enoch,e1 stuart enoch,1560,E1,1,1795,16.56,0.82,15
2025-04-30,Peter Quinn,Sam Rhydderch,e1 sam rhydderch,1451,E1,0,1777,17.46,0.9,15
2025-05-07,Peter Quinn,Bob Hurn,e1 bob hurn,1612,E1,0.5,1771,18.23,0.77,15.5
2025-05-11,Peter Quinn,Jordan Heatman,w1 jordan heatman,1812,W1,0,1761,18.75,0.52,15.5
2025-01-17,Joseph Browse,Mike Stannard,g1 mike stannard,1564,G1,1,1829,0.82,0.82,1
2025-01-18,Joseph Browse,Jacob Limeslade,e1 jacob limeslade,1467,E1,1,1831,1.71,0.89,2
2025-01-18,Joseph Browse,Henry Burton,d1 henry burton,1500,D1,1,1834,2.58,0.87,3
2025-01-19,Joseph Browse,Steve Jones,e1 steve jones,1838,E1,1,1844,3.06,0.48,4
2025-01-19,Joseph Browse,Gwyn Havard,e1 gwyn havard,1793,E1,0,1833,3.61,0.55,4
2025-02-15,Joseph Browse,Grzegorz Toczek,e1 grzegorz toczek,2300,E1,0,1831,3.71,0.1,4
2025-02-15,Joseph Browse,Elijah Daniel,g1 elijah daniel,1427,G1,1,1833,4.61,0.9,5
2025-02-15,Joseph Browse,Andrew Powell,w1 andrew powell,1461,W1,1,1835,5.5,0.89,6
2025-02-16,Joseph Browse,George Turner,e1 george turner,1984,E1,1,1849,5.79,0.29,7
2025-02-16,Joseph Browse,Lucas Zheng,e1 lucas zheng,1650,E1,1,1855,6.52,0.73,8
2025-03-08,Joseph Browse,Tim Kett,e1 tim kett,2209,E1,0,1853,6.62,0.1,8
2025-03-08,Joseph Browse,Bob Hurn,e1 bob hurn,1612,E1,1,1857,7.39,0.77,9
2025-03-09,Joseph Browse,Sam Jukes,e1 sam jukes,2013,E1,0,1852,7.64,0.25,9
2025-03-09,Joseph Browse,Joshua McKenna,e1 joshua mckenna,1801,E1,1,1862,8.17,0.53,10
2025-03-15,Joseph Browse,Roy Thomas,e1 roy thomas,1901,E1,1,1874,8.56,0.39,11
2025-03-15,Joseph Browse,Dai James,e1 dai james,1872,E1,0.5,1875,8.99,0.43,11.5
2025-03-15,Joseph Browse,Ifan Rathbone-Jones,n1 ifan rathbone-jones,2270,N1,0,1873,9.09,0.1,11.5
2025-03-16,Joseph Browse,Bence Szakmany,e1 bence szakmany,1969,E1,0,1867,9.39,0.3,11.5
2025-03-16,Joseph Browse,Guy Wagner,e1 guy wagner,1832,E1,0.5,1867,9.88,0.49,12
2025-04-18,Joseph Browse,Kristan Enoch,e1 kristan enoch,1747,E1,1,1875,10.49,0.61,13
2025-04-19,Joseph Browse,Naveen Daniel George,NA,1737,ENG,0.5,1873,11.11,0.62,13.5
2025-04-19,Joseph Browse,Liam Powell-Jones,g1 liam powell-jones,1680,G1,1,1879,11.81,0.7,14.5
2025-04-20,Joseph Browse,Dominic V Gibbs,NA,2035,ENG,0,1874,12.04,0.23,14.5
2025-04-21,Joseph Browse,Alexis Kristoff Malibiran,NA,1833,ENG,0.5,1874,12.53,0.49,15
2025-04-21,Joseph Browse,Arush Ajai Murthy,e1 arush ajai murthy,1700,E1,1,1881,13.2,0.67,16
2025-01-03,Roger Greatorex,Samidh Saxena,NA,1743,ENG,1,1833,0.62,0.62,1
2025-01-04,Roger Greatorex,Glyn Pugh,NA,1924,ENG,0,1825,0.98,0.36,1
2025-01-04,Roger Greatorex,Jon Blackburn,NA,1801,ENG,0.5,1825,1.51,0.53,1.5
2025-01-05,Roger Greatorex,David Colledge,NA,1806,ENG,0.5,1824,2.04,0.53,2
2025-01-05,Roger Greatorex,Ryan Barton,NA,1761,ENG,0,1812,2.63,0.59,2
2025-04-24,Roger Greatorex,Ivan Myall,NA,2026,ENG,0,1808,2.87,0.24,2
2025-04-25,Roger Greatorex,Steve Robinson,NA,1649,ENG,1,1813,3.6,0.73,3
2025-04-25,Roger Greatorex,Dave Bray,NA,1987,ENG,0,1807,3.88,0.28,3
2025-04-27,Roger Greatorex,Ed Goodwin,NA,1923,ENG,0.5,1810,4.24,0.36,3.5
2025-04-28,Roger Greatorex,James Hawkins,NA,1908,ENG,0.5,1812,4.62,0.38,4
2025-06-27,Roger Greatorex,Chris Hankey,NA,1902,ENG,0,1805,5.01,0.39,4
2025-06-28,Roger Greatorex,Ian Stephens,NA,1855,ENG,1,1815,5.47,0.46,5
2025-06-28,Roger Greatorex,Roy Thomas,e1 roy thomas,1901,E1,1,1828,5.86,0.39,6
2025-06-29,Roger Greatorex,Leo Cheung,NA,1905,ENG,0,1820,6.25,0.39,6
2025-01-27,Bill Hunt,Roy Thomas,e1 roy thomas,1901,E1,0,1817,0.39,0.39,0
2025-02-19,Bill Hunt,John McGregor,e1 john mcgregor,1921,E1,0,1810,0.76,0.37,0
2025-04-08,Bill Hunt,Mark Jones,e1 mark jones,1809,E1,0,1799,1.28,0.52,0
2025-05-19,Bill Hunt,Gareth Yeo,e1 gareth yeo,2078,E1,0,1796,1.47,0.19,0
2025-01-05,Gavin Jones,Dale Westcott,w1 dale westcott,1864,W1,0,1816,0.44,0.44,0
2025-01-13,Gavin Jones,Yusuf Sulemani,e1 yusuf sulemani,1789,E1,0,1805,0.99,0.55,0
2025-02-02,Gavin Jones,Andrew Golley,w1 andrew golley,1757,W1,1,1813,1.59,0.6,1
2025-02-07,Gavin Jones,Kirill Akbulatov,e1 kirill akbulatov,1750,E1,0,1801,2.2,0.61,1
2025-02-10,Gavin Jones,Ken Hannah,e1 ken hannah,1793,E1,1,1810,2.75,0.55,2
2025-02-17,Gavin Jones,Justin Morgans,e1 justin morgans,1746,E1,0,1798,3.36,0.61,2
2025-02-24,Gavin Jones,Robert Wallace,e1 robert wallace,1541,E1,0.5,1791,4.2,0.84,2.5
2025-03-10,Gavin Jones,Richard Swales,e1 richard swales,1310,E1,1,1793,5.1,0.9,3.5
2025-03-17,Gavin Jones,Piotr Graczyk,e1 piotr graczyk,1761,E1,1,1801,5.69,0.59,4.5
2025-03-24,Gavin Jones,Gwyn Havard,e1 gwyn havard,1793,E1,0.5,1800,6.24,0.55,5
2025-03-31,Gavin Jones,Jack Hannigan,e1 jack hannigan,1740,E1,1,1808,6.86,0.62,6
2025-04-07,Gavin Jones,David Lewis,e1 david lewis,1785,E1,0.5,1807,7.42,0.56,6.5
2025-04-14,Gavin Jones,Alex Kennedy,e1 alex kennedy,1669,E1,0.5,1803,8.13,0.71,7
2025-05-12,Gavin Jones,Paul Bridges,e1 paul bridges,1815,E1,0.5,1802,8.64,0.51,7.5
2025-01-22,Mateusz Gibiec,Peter Slater,e1 peter slater,1754,E1,1,1830,0.6,0.6,1
2025-02-12,Mateusz Gibiec,Zane Allford,g1 zane allford,1850,G1,1,1841,1.06,0.46,2
2025-02-17,Mike Gale,Simon Blackmore,e1 simon blackmore,1769,E1,0.5,1820,0.57,0.57,0.5
2025-02-24,Mike Gale,Russell Dodington,e1 russell dodington,1782,E1,1,1828,1.13,0.56,1.5
2025-03-03,Mike Gale,Stuart Enoch,e1 stuart enoch,1560,E1,1,1832,1.95,0.82,2.5
2025-03-10,Mike Gale,Bob Hurn,e1 bob hurn,1612,E1,1,1837,2.72,0.77,3.5
2025-03-11,Mike Gale,David Rovaretti,e1 david rovaretti,1793,E1,0.5,1836,3.26,0.54,4
2025-03-17,Mike Gale,Andy Basford,e1 andy basford,1672,E1,1,1842,3.96,0.7,5
2025-03-24,Mike Gale,Derek Jones,e1 derek jones,1944,E1,0,1835,4.29,0.33,5
2025-03-31,Mike Gale,Lachlan Tyrell,e1 lachlan tyrell,1798,E1,1,1845,4.82,0.53,6
2025-04-07,Mike Gale,Dwain Jones,e1 dwain jones,1672,E1,0.5,1841,5.52,0.7,6.5
2025-04-14,Mike Gale,Kevin Stephens,e1 kevin stephens,1705,E1,0.5,1837,6.18,0.66,7
2025-06-16,Mike Gale,Ewan Goodjohn,e1 ewan goodjohn,1464,E1,1,1840,7.07,0.89,8
2025-06-23,Mike Gale,Sam White,e1 sam white,1587,E1,1,1844,7.86,0.79,9
2025-01-08,Martyn Griffiths,Steve Edwards,w1 steve edwards,1616,W1,1,1825,0.76,0.76,1
2025-01-21,Martyn Griffiths,Julien Potier,w1 julien potier,1499,W1,1,1827,1.62,0.86,2
2025-02-11,Martyn Griffiths,Mark Wilson,w1 mark wilson,1670,W1,1,1833,2.32,0.7,3
2025-02-25,Martyn Griffiths,Matthew Billington,w1 matthew billington,1766,W1,0.5,1832,2.9,0.58,3.5
2025-03-04,Martyn Griffiths,Guto Llywelyn,w1 guto llywelyn,1676,W1,0,1818,3.6,0.7,3.5
2025-03-18,Martyn Griffiths,Roger Jenkins,w1 roger jenkins,1728,W1,0.5,1815,4.23,0.63,4
2025-04-08,Martyn Griffiths,Julien Potier,w1 julien potier,1499,W1,1,1818,5.09,0.86,5
2025-04-15,Martyn Griffiths,John Davies,w1 john davies,1482,W1,1,1821,5.96,0.87,6
2025-05-05,Martyn Griffiths,Andrew Smith,w1 andrew smith,1779,W1,0.5,1819,6.52,0.56,6.5
2025-05-14,Martyn Griffiths,Elliott Chapman,w1 elliott chapman,1604,W1,1,1824,7.3,0.78,7.5
2025-06-10,Martyn Griffiths,John Arnold,w1 john arnold,1792,W1,1,1833,7.84,0.54,8.5
2025-02-07,Syer Khizer Rizvi,Daniel Wilmot,e1 daniel wilmot,1974,E1,0.5,1823,0.29,0.29,0.5
2025-02-17,Syer Khizer Rizvi,Dwain Jones,e1 dwain jones,1672,E1,1,1829,0.99,0.7,1.5
2025-02-24,Syer Khizer Rizvi,Suraj Prabhu,e1 suraj prabhu,1718,E1,1,1836,1.63,0.64,2.5
2025-03-07,Syer Khizer Rizvi,Gwyn Havard,e1 gwyn havard,1793,E1,1,1846,2.17,0.54,3.5
2025-01-09,Alun Smith,Joshua McKenna,e1 joshua mckenna,1801,E1,0,1808,0.53,0.53,0
2025-01-29,Alun Smith,Dave McGhee,e1 dave mcghee,1995,E1,1,1823,0.8,0.27,1
2025-06-10,Alun Smith,Bethan Mattingley,e1 bethan mattingley,1370,E1,1,1825,1.7,0.9,2
2025-01-15,Jay Drawbridge,John Shakespeare,n1 john shakespeare,2003,N1,0,1811,0.25,0.25,0
2025-01-22,Jay Drawbridge,Chris Grier,n1 chris grier,1832,N1,1,1821,0.73,0.48,1
2025-02-26,Jay Drawbridge,Geoff Graham,n1 geoff graham,1951,N1,0,1815,1.04,0.31,1
2025-01-07,Paul Bridges,Dai James,e1 dai james,1872,E1,0.5,1817,0.42,0.42,0.5
2025-01-28,Paul Bridges,Matthew Lunnon,e1 matthew lunnon,1714,E1,1,1824,1.06,0.64,1.5
2025-02-24,Paul Bridges,Steve Cunliffe,e1 steve cunliffe,1915,E1,0.5,1827,1.42,0.36,2
2025-03-04,Paul Bridges,Simon Blackmore,e1 simon blackmore,1769,E1,1,1835,1.99,0.57,3
2025-03-11,Paul Bridges,Steve Jones,e1 steve jones,1838,E1,0.5,1836,2.46,0.47,3.5
2025-03-19,Paul Bridges,Micah O'Toole,e1 micah o'toole,1858,E1,0.5,1837,2.9,0.44,4
2025-04-07,Paul Bridges,George Bowkett,e1 george bowkett,1757,E1,1,1846,3.48,0.58,5
2025-05-12,Paul Bridges,Gavin Jones,e1 gavin jones,1825,E1,0.5,1846,3.97,0.49,5.5
2025-01-28,Michael J Williams,Piotr Siwy,NA,1807,ENG,1,1825,0.51,0.51,1
2025-02-05,Michael J Williams,Stephen Dunning,n1 stephen dunning,1810,N1,1,1835,1.02,0.51,2
2025-03-06,Michael J Williams,Ray Williams,NA,1818,ENG,0,1825,1.52,0.5,2
2025-03-13,Michael J Williams,Barrie Wells,n1 barrie wells,1801,N1,1,1834,2.04,0.52,3
2025-04-01,Michael J Williams,Paul Bluck,NA,1745,ENG,1,1842,2.64,0.6,4
2025-04-19,Jamie Roberts,Dominic Gibbs,NA,2035,ENG,0,1810,0.22,0.22,0
2025-04-19,Jamie Roberts,Scott Hammett,d1 scott hammett,1802,D1,0.5,1809,0.74,0.52,0.5
2025-04-20,Jamie Roberts,Steve Jones,e1 steve jones,1838,E1,0,1800,1.21,0.47,0.5
2025-04-20,Jamie Roberts,Bob Hurn,e1 bob hurn,1612,E1,1,1805,1.97,0.76,1.5
2025-04-21,Jamie Roberts,Stephen Williams (Cwm),NA,1,G1,0.5,1795,2.97,1,2
2025-04-21,Jamie Roberts,Peter Quinn,e1 peter quinn,1826,E1,1,1805,3.45,0.48,3
2025-04-22,Jamie Roberts,Oskar Jarzynski,NA,1832,ENG,0.5,1806,3.92,0.47,3.5
2025-04-29,Jamie Roberts,Kumaravel Saravanan,NA,1756,ENG,1,1814,4.5,0.58,4.5
2025-05-06,Jamie Roberts,Alan Lowe-Jones,NA,1609,ENG,1,1819,5.26,0.76,5.5
2025-05-13,Jamie Roberts,George Bulbeck,NA,1749,ENG,1,1827,5.85,0.59,6.5
2025-06-03,Jamie Roberts,Neville Layhe,NA,1781,ENG,0.5,1826,6.4,0.55,7
2025-06-10,Jamie Roberts,David Lumberton,NA,1940,ENG,1,1839,6.73,0.33,8
2025-06-27,Jamie Roberts,Leo Cheung,NA,1905,ENG,0,1832,7.1,0.37,8
2025-06-28,Jamie Roberts,Louis Sit,NA,1765,FIDE,1,1840,7.67,0.57,9
2025-06-28,Jamie Roberts,Joe Ledgerton,NA,1881,ENG,1,1852,8.07,0.4,10
2025-06-29,Jamie Roberts,Andrew Raeburn,NA,1893,ENG,0.5,1855,8.46,0.39,10.5
2025-06-29,Jamie Roberts,Michael Barooah,NA,1983,ENG,1,1869,8.73,0.27,11.5
2025-01-07,Gary Fox,Colin White,NA,1840,ENG,0,1804,0.46,0.46,0
2025-01-22,Gary Fox,Geoff Graham,n1 geoff graham,1951,N1,0.5,1808,0.77,0.31,0.5
2025-01-28,Gary Fox,Jack Walley,NA,1933,ENG,0,1801,1.1,0.33,0.5
2025-02-18,Gary Fox,Charles F Morris,n1 charles f morris,2123,N1,0,1798,1.24,0.14,0.5
2025-03-11,Gary Fox,Michael Whale,n1 michael whale,1830,N1,1,1808,1.72,0.48,1.5
2025-03-13,Gary Fox,Les Simcock,n1 les simcock,1856,N1,1,1820,2.16,0.44,2.5
2025-04-01,Gary Fox,Chris Doran,NA,2029,ENG,0,1815,2.38,0.22,2.5
2025-04-15,Gary Fox,Gregory Barker,n1 gregory barker,1726,N1,1,1823,3,0.62,3.5
2025-04-29,Gary Fox,Jack Walley,NA,1929,ENG,0,1816,3.34,0.34,3.5
2025-05-09,Gary Fox,Bart Mchugh,NA,1777,ENG,0,1805,3.89,0.55,3.5
2025-05-10,Gary Fox,Gregory Barker,n1 gregory barker,1726,N1,0.5,1803,4.51,0.62,4
2025-05-10,Gary Fox,Peter S Fisher,n1 peter s fisher,1651,N1,0,1788,5.23,0.72,4
2025-05-11,Gary Fox,Barrie Wells,n1 barrie wells,1801,N1,1,1798,5.75,0.52,5
2025-05-14,Gary Fox,John Shakespeare,n1 john shakespeare,2003,N1,0,1793,6,0.25,5
2025-02-07,Paolo Ingignoli,Calum Salmons,d1 calum salmons,2218,D1,0,1811,0.1,0.1,0
2025-02-08,Paolo Ingignoli,Scott Hammett,d1 scott hammett,1802,D1,0,1801,0.62,0.52,0
2025-01-05,Jordan Heatman,Kevin Stephens,e1 kevin stephens,1705,E1,0,1799,0.65,0.65,0
2025-01-08,Jordan Heatman,Jeff Boyce,w1 jeff boyce,1524,W1,1,1802,1.49,0.84,1
2025-01-17,Jordan Heatman,Jack Bull,g1 jack bull,1564,G1,0,1786,2.3,0.81,1
2025-01-18,Jordan Heatman,Wayne Holland,e1 wayne holland,1450,E1,1,1788,3.19,0.89,2
2025-01-18,Jordan Heatman,Andrew Smith,w1 andrew smith,1779,W1,0,1777,3.74,0.55,2
2025-01-19,Jordan Heatman,Chris Thompson,g1 chris thompson,1393,G1,1,1779,4.64,0.9,3
2025-01-19,Jordan Heatman,James Richards,g1 james richards,1517,G1,1,1782,5.49,0.85,4
2025-01-21,Jordan Heatman,Spencer Ripley,w1 spencer ripley,1469,W1,1,1785,6.37,0.88,5
2025-02-02,Jordan Heatman,Andrei Zhuravlev,e1 andrei zhuravlev,1606,E1,1,1790,7.14,0.77,6
2025-02-04,Jordan Heatman,Guto Llywelyn,w1 guto llywelyn,1676,W1,1,1796,7.83,0.69,7
2025-02-15,Jordan Heatman,Edward T Bromilow,NA,1848,ENG,0.5,1797,8.28,0.45,7.5
2025-02-16,Jordan Heatman,Matthew Perchard,NA,1725,ENG,0.5,1794,8.9,0.62,8
2025-02-18,Jordan Heatman,Ken Huntley,w1 ken huntley,1633,W1,1,1800,9.64,0.74,9
2025-02-23,Jordan Heatman,Neil Stuart,w1 neil stuart,1692,W1,0,1786,10.31,0.67,9
2025-02-24,Jordan Heatman,Duncan Williams,w1 duncan williams,1906,W1,0.5,1789,10.68,0.37,9.5
2025-02-25,Jordan Heatman,Jonathan Baker,w1 jonathan baker,1586,W1,0,1773,11.47,0.79,9.5
2025-03-17,Jordan Heatman,Andrew Golley,w1 andrew golley,1757,W1,1,1782,12.05,0.58,10.5
2025-03-18,Jordan Heatman,Karl Wendrich,w1 karl wendrich,1627,W1,0,1767,12.79,0.74,10.5
2025-04-01,Jordan Heatman,Peter Bevan,w1 peter bevan,1883,W1,0.5,1769,13.19,0.4,11
2025-04-08,Jordan Heatman,Spencer Ripley,w1 spencer ripley,1469,W1,1,1771,14.07,0.88,12
2025-04-12,Jordan Heatman,Anna Gray,NA,1529,ENG,1,1775,14.91,0.84,13
2025-04-13,Jordan Heatman,Yugan Suganya,NA,1800,ENG,0.5,1774,15.43,0.52,13.5
2025-04-15,Jordan Heatman,Jonathan Thomas,w1 jonathan thomas,1868,W1,0.5,1776,15.85,0.42,14
2025-05-05,Jordan Heatman,Sam Brown,w1 sam brown,1700,W1,0,1763,16.51,0.66,14
2025-05-11,Jordan Heatman,Peter Quinn,e1 peter quinn,1826,E1,1,1773,16.99,0.48,15
2025-01-15,Stephen Dunning,Richard Doble,n1 richard doble,1797,N1,0,1800,0.52,0.52,0
2025-01-20,Stephen Dunning,Mark Cromwell,NA,1809,ENG,0,1790,1.02,0.5,0
2025-02-05,Stephen Dunning,Michael J Williams,n1 michael j williams,1815,N1,0,1780,1.51,0.49,0
2025-04-02,Stephen Dunning,Ron Champion,NA,1615,ENG,0.5,1775,2.26,0.75,0.5
2025-04-16,Stephen Dunning,Peter Bullough,NA,1686,ENG,1,1781,2.93,0.67,1.5
2025-01-08,Mark Jones,Dave McGhee,e1 dave mcghee,1995,E1,1,1824,0.26,0.26,1
2025-01-21,Mark Jones,Peter Quinn,e1 peter quinn,1826,E1,0.5,1824,0.74,0.48,1.5
2025-02-03,Mark Jones,David Perrett,e1 david perrett,1953,E1,0.5,1828,1.04,0.3,2
2025-02-25,Mark Jones,Joshua McKenna,e1 joshua mckenna,1801,E1,0,1818,1.55,0.51,2
2025-03-13,Mark Jones,Govind Anandkumar,e1 govind anandkumar,1742,E1,0,1806,2.15,0.6,2
2025-03-25,Mark Jones,Stuart Enoch,e1 stuart enoch,1560,E1,0,1790,2.96,0.81,2
2025-04-08,Mark Jones,Bill Hunt,e1 bill hunt,1825,E1,1,1800,3.44,0.48,3
2025-04-22,Mark Jones,Daniel Wilmot,e1 daniel wilmot,1974,E1,0,1795,3.72,0.28,3
2025-05-07,Mark Jones,Charles Summers,e1 charles summers,1894,E1,1,1807,4.1,0.38,4
2025-05-20,Mark Jones,Matthew Davies,e1 matthew davies,1990,E1,0,1802,4.36,0.26,4
2025-01-06,Dave Parsons,Simon Blackmore,e1 simon blackmore,1769,E1,0,1798,0.56,0.56,0
2025-01-13,Dave Parsons,Patrick Civil,e1 patrick civil,1474,E1,0.5,1790,1.43,0.87,0.5
2025-01-27,Dave Parsons,Peter Watkins,e1 peter watkins,1515,E1,0.5,1784,2.27,0.84,1
2025-02-17,Dave Parsons,Lef Zografos,e1 lef zografos,1830,E1,0.5,1784,2.74,0.47,1.5
2025-03-04,Dave Parsons,Emyr Roberts,e1 emyr roberts,1769,E1,1,1793,3.3,0.56,2.5
2025-03-17,Dave Parsons,Stefan Le Roy,e1 stefan le roy,1734,E1,1,1801,3.91,0.61,3.5
2025-03-24,Dave Parsons,Yusuf Sulemani,e1 yusuf sulemani,1789,E1,0,1790,4.44,0.53,3.5
2025-03-31,Dave Parsons,Ifan Rathbone-Jones,n1 ifan rathbone-jones,2270,N1,0,1788,4.54,0.1,3.5
2025-04-07,Dave Parsons,Martin K Jones,e1 martin k jones,1625,E1,1,1793,5.28,0.74,4.5
2025-04-28,Dave Parsons,Dwain Jones,e1 dwain jones,1672,E1,1,1800,5.97,0.69,5.5
2025-05-12,Dave Parsons,David Lewis,e1 david lewis,1785,E1,1,1809,6.5,0.53,6.5
2025-05-15,Dave Parsons,Simon Blackmore,e1 simon blackmore,1769,E1,0.5,1808,7.06,0.56,7
2025-05-19,Dave Parsons,Matthew Lunnon,e1 matthew lunnon,1714,E1,1,1815,7.69,0.63,8
2025-06-16,Dave Parsons,Tomos Ilett,e1 tomos ilett,1455,E1,1,1817,8.57,0.88,9
2025-06-23,Dave Parsons,John Ryles,e1 john ryles,1589,E1,1,1822,9.35,0.78,10
2025-03-28,Jon Tuson,Samuel Day,NA,1789,ENG,0,1796,0.53,0.53,0
2025-03-29,Jon Tuson,Gareth Cullen,NA,1821,ENG,0.5,1797,1.01,0.48,0.5
2025-03-29,Jon Tuson,Mauro Farina,NA,1801,ENG,0.5,1797,1.52,0.51,1
2025-03-30,Jon Tuson,Ewan Herd,NA,1838,ENG,1,1808,1.98,0.46,2
2025-03-30,Jon Tuson,Steven R Charles,NA,1656,ENG,1,1814,2.68,0.7,3
2025-04-18,Jon Tuson,Adam Musson,w1 adam musson,2014,W1,0,1809,2.91,0.23,3
2025-04-18,Jon Tuson,Michael Binks,e1 michael binks,1960,E1,1,1823,3.2,0.29,4
2025-04-19,Jon Tuson,Bence Szakmany,e1 bence szakmany,1969,E1,1,1837,3.48,0.28,5
2025-04-19,Jon Tuson,Tim Kett,e1 tim kett,2209,E1,0,1835,3.58,0.1,5
2025-04-20,Jon Tuson,Alan Spice,e1 alan spice,2050,E1,0,1831,3.78,0.2,5
2025-04-21,Jon Tuson,Lee Davis,e1 lee davis,2100,E1,0,1828,3.94,0.16,5
2025-04-21,Jon Tuson,Joshua McKenna,e1 joshua mckenna,1801,E1,0,1818,4.45,0.51,5
2025-05-16,Jon Tuson,Martin C Jones,d1 martin c jones,1832,D1,1,1829,4.91,0.46,6
2025-05-17,Jon Tuson,Alan Papier,NA,1823,ENG,1,1839,5.39,0.48,7
2025-05-17,Jon Tuson,Helen Archer-Lock,NA,1824,ENG,0.5,1840,5.87,0.48,7.5
2025-05-18,Jon Tuson,Elmira Walker,NA,1808,ENG,1,1850,6.37,0.5,8.5
2025-05-18,Jon Tuson,Steve Williams (Cwm),g1 steve williams (cwm),1850,G1,0,1841,6.81,0.44,8.5
2025-01-06,Ian Abraham,Peter Slater,e1 peter slater,1754,E1,0.5,1802,0.57,0.57,0.5
2025-01-27,Ian Abraham,Martin Ricketts,e1 martin ricketts,1529,E1,0,1785,1.4,0.83,0.5
2025-02-17,Ian Abraham,Liam Penny,e1 liam penny,1846,E1,0.5,1786,1.84,0.44,1
2025-02-24,Ian Abraham,John Cox,e1 john cox,1606,E1,1,1791,2.6,0.76,2
2025-03-07,Ian Abraham,Owen Tompkins Coll,e1 owen tompkins coll,1741,E1,0,1779,3.19,0.59,2
2025-03-17,Ian Abraham,Justin Morgans,e1 justin morgans,1746,E1,0.5,1778,3.77,0.58,2.5
2025-03-24,Ian Abraham,Andrew Jeanes,e1 andrew jeanes,1684,E1,0.5,1774,4.43,0.66,3
2025-01-05,David Belochkin,Darson Beeston,w1 darson beeston,1741,W1,1,1811,0.59,0.59,1
2025-01-07,David Belochkin,Ethan McGrath,e1 ethan mcgrath,1901,E1,0,1804,0.95,0.36,1
2025-01-17,David Belochkin,Steve Jones,e1 steve jones,1838,E1,0,1795,1.4,0.45,1
2025-01-18,David Belochkin,Mabon Hanczar,e1 mabon hanczar,1310,E1,1,1797,2.3,0.9,2
2025-01-18,David Belochkin,Bob Hurn,e1 bob hurn,1612,E1,1,1802,3.05,0.75,3
2025-01-19,David Belochkin,Naveen Daniel George,NA,1681,ENG,0,1789,3.72,0.67,3
2025-01-19,David Belochkin,Henry Burton,d1 henry burton,1500,D1,1,1792,4.57,0.85,4
2025-01-21,David Belochkin,Piotr Graczyk,e1 piotr graczyk,1761,E1,0,1780,5.13,0.56,4
2025-01-25,David Belochkin,Senith Gunarathne,NA,1953,ENG,0,1774,5.43,0.3,4
2025-01-25,David Belochkin,Benji Humphreys,NA,1939,ENG,0,1768,5.74,0.31,4
2025-02-02,David Belochkin,Guy Wagner,e1 guy wagner,1832,E1,0,1759,6.2,0.46,4
2025-02-04,David Belochkin,Alex Kennedy,e1 alex kennedy,1669,E1,1,1765,6.88,0.68,5
2025-02-18,David Belochkin,Emyr Roberts,e1 emyr roberts,1769,E1,0,1754,7.43,0.55,5
2025-03-04,David Belochkin,Garmon Iago,e1 garmon iago,1600,E1,1,1759,8.19,0.76,6
2025-03-23,David Belochkin,Chris Daniel,w1 chris daniel,1745,W1,0,1747,8.77,0.58,6
2025-04-01,David Belochkin,Tom Bennett,e1 tom bennett,1789,E1,0,1737,9.29,0.52,6
2025-04-14,David Belochkin,Nadi Grewal,e1 nadi grewal,1461,E1,1,1739,10.17,0.88,7
2025-06-01,David Belochkin,Adri Van Hensbergen,NA,1893,ENG,0,1732,10.54,0.37,7
2025-06-01,David Belochkin,Viacheslas Ovcharenko,NA,1851,ENG,0,1723,10.97,0.43,7
2025-01-09,Alan M Llewellyn,Dave Cole,NA,1888,ENG,0,1795,0.38,0.38,0
2025-01-22,Alan M Llewellyn,Neill Cooper,NA,2042,ENG,0,1791,0.58,0.2,0
2025-01-26,Alan M Llewellyn,Robin Browne,NA,1867,ENG,0,1783,0.99,0.41,0
2025-01-29,Alan M Llewellyn,Peter Hanks,NA,1560,ENG,1,1787,1.79,0.8,1
2025-02-07,Alan M Llewellyn,Mahin Rughani,NA,2084,ENG,0,1784,1.96,0.17,1
2025-02-08,Alan M Llewellyn,Lorand Sakic,NA,1963,ENG,0,1778,2.24,0.28,1
2025-02-09,Alan M Llewellyn,Dylan Mize,NA,1944,ENG,0,1772,2.55,0.31,1
2025-02-09,Alan M Llewellyn,Kamronbek Bakhtiyarov,NA,1981,ENG,0,1767,2.81,0.26,1
2025-02-24,Alan M Llewellyn,Anika Blood,NA,1626,ENG,1,1772,3.54,0.73,2
2025-03-12,Alan M Llewellyn,Drake Newton,NA,1588,ENG,1,1777,4.32,0.78,3
2025-03-16,Alan M Llewellyn,Elliot Barnett,NA,1831,ENG,0,1767,4.78,0.46,3
2025-03-17,Alan M Llewellyn,Matt Mackenzie,NA,2123,ENG,0,1765,4.92,0.14,3
2025-03-24,Alan M Llewellyn,Trevor Blower,NA,1750,ENG,1,1773,5.5,0.58,4
2025-04-04,Alan M Llewellyn,Barry Hymer,NA,2053,ENG,0.5,1779,5.69,0.19,4.5
2025-04-05,Alan M Llewellyn,Eggert Fruchtenicht,NA,1848,ENG,0,1771,6.13,0.44,4.5
2025-04-05,Alan M Llewellyn,Kit Hopkins,NA,2002,ENG,0,1766,6.37,0.24,4.5
2025-04-06,Alan M Llewellyn,Neill Cooper,NA,2038,ENG,0,1762,6.58,0.21,4.5
2025-04-06,Alan M Llewellyn,Steven Bailey,NA,1843,ENG,1,1773,7.02,0.44,5.5
2025-04-14,Alan M Llewellyn,Jon Duckham,NA,1915,ENG,0,1766,7.36,0.34,5.5
2025-01-14,Donovan Sipho,Huw Jones,w1 huw jones,1776,W1,0.5,1802,0.54,0.54,0.5
2025-01-20,Donovan Sipho,Peter Bevan,w1 peter bevan,1883,W1,0,1794,0.93,0.39,0.5
2025-01-21,Donovan Sipho,Richard Cleveland,w1 richard cleveland,2038,W1,0,1790,1.14,0.21,0.5
2025-01-29,Donovan Sipho,David Guy,w1 david guy,1857,W1,0,1782,1.56,0.42,0.5
2025-02-10,Donovan Sipho,Andrew Gibbons,w1 andrew gibbons,1975,W1,0.5,1787,1.83,0.27,1
2025-02-25,Donovan Sipho,John Arnold,w1 john arnold,1792,W1,1,1796,2.35,0.52,2
2025-03-11,Donovan Sipho,Alan Young,w1 alan young,2016,W1,0.5,1802,2.58,0.23,2.5
2025-03-17,Donovan Sipho,Richard Cleveland,w1 richard cleveland,2038,W1,0,1798,2.79,0.21,2.5
2025-03-24,Donovan Sipho,Andrew Gibbons,w1 andrew gibbons,1975,W1,0,1792,3.06,0.27,2.5
2025-04-16,Donovan Sipho,Martin C Jones,d1 martin c jones,1832,D1,0,1783,3.52,0.46,2.5
2025-04-18,Donovan Sipho,Naveen Daniel George,NA,1737,ENG,0.5,1781,4.11,0.59,3
2025-04-18,Donovan Sipho,Chris Thompson,g1 chris thompson,1393,G1,1,1783,5.01,0.9,4
2025-04-19,Donovan Sipho,Arush Ajai Murthy,e1 arush ajai murthy,1700,E1,1,1790,5.65,0.64,5
2025-04-19,Donovan Sipho,Anezka Vlkova,e1 anezka vlkova,1948,E1,1,1804,5.95,0.3,6
2025-04-20,Donovan Sipho,Ivan De La Cruz,e1 ivan de la cruz,2110,E1,0,1801,6.1,0.15,6
2025-04-21,Donovan Sipho,Yaroslav Sharhorodsky,d1 yaroslav sharhorodsky,1765,D1,0,1790,6.65,0.55,6
2025-04-21,Donovan Sipho,Alexis Kristoff Malibiran,NA,1833,ENG,1,1801,7.11,0.46,7
2025-04-22,Donovan Sipho,Andrew Smith,w1 andrew smith,1779,W1,1,1810,7.64,0.53,8
2025-04-23,Donovan Sipho,Adam May,w1 adam may,1921,W1,1,1824,7.98,0.34,9
2025-05-06,Donovan Sipho,Vismith Prabhu,w1 vismith prabhu,1904,W1,0,1816,8.34,0.36,9
2025-02-09,Scott Hammett,Alexis Harakis,d1 alexis harakis,2292,D1,0,1800,0.1,0.1,0
2025-02-08,Scott Hammett,Ben Brewer,d1 ben brewer,1909,D1,0,1793,0.45,0.35,0
2025-02-08,Scott Hammett,Paolo Ingignoli,d1 paolo ingignoli,1813,D1,1,1803,0.93,0.48,1
2025-02-07,Scott Hammett,Adam Woodruff,w1 adam woodruff,1991,W1,0,1798,1.18,0.25,1
2025-02-09,Scott Hammett,Dale Westcott,w1 dale westcott,1864,W1,1,1810,1.59,0.41,2
2025-04-18,Scott Hammett,Thomas Van Veelen,NA,2055,FIDE,0,1806,1.78,0.19,2
2025-04-18,Scott Hammett,Toby Blankley,e1 toby blankley,1456,E1,1,1809,2.66,0.88,3
2025-04-19,Scott Hammett,Jamie Roberts,NA,1754,Est,0.5,1807,3.23,0.57,3.5
2025-04-19,Scott Hammett,Andrew Smith,w1 andrew smith,1779,W1,0,1797,3.76,0.53,3.5
2025-04-20,Scott Hammett,Arush Ajai Murthy,e1 arush ajai murthy,1700,E1,0,1784,4.4,0.64,3.5
2025-04-21,Scott Hammett,John A Williams,g1 john a williams,1680,G1,1,1790,5.07,0.67,4.5
2025-04-21,Scott Hammett,Stuart Enoch,e1 stuart enoch,1560,E1,1,1794,5.87,0.8,5.5
2025-05-17,Scott Hammett,Martin C Jones,d1 martin c jones,1832,D1,0,1785,6.33,0.46,5.5
2025-05-16,Scott Hammett,Mac Holland,NA,1804,ENG,0.5,1785,6.83,0.5,6
2025-05-17,Scott Hammett,David R Rogers,NA,1815,ENG,0,1776,7.31,0.48,6
2025-05-18,Scott Hammett,Christopher M Southall,NA,1809,ENG,0,1766,7.8,0.49,6
2025-05-18,Scott Hammett,Adrian Cload,NA,1756,ENG,0,1755,8.37,0.57,6
2025-01-03,Joshua McKenna,Chris Hankey,NA,1917,ENG,0.5,1804,0.34,0.34,0.5
2025-01-04,Joshua McKenna,Tony Slinger,NA,1941,ENG,0.5,1808,0.65,0.31,1
2025-01-04,Joshua McKenna,Tim Lane,NA,1908,ENG,0.5,1811,1,0.35,1.5
2025-01-05,Joshua McKenna,Michael I Connor,NA,1860,ENG,1,1823,1.42,0.42,2.5
2025-01-05,Joshua McKenna,Gary White,NA,1879,ENG,1,1835,1.81,0.39,3.5
2025-01-09,Joshua McKenna,Alun Smith,e1 alun smith,1819,E1,1,1845,2.28,0.47,4.5
2025-01-22,Joshua McKenna,Hamid Farani Sani,e1 hamid farani sani,1663,E1,1,1852,2.97,0.69,5.5
2025-01-27,Joshua McKenna,David Perrett,e1 david perrett,1953,E1,1,1866,3.26,0.29,6.5
2025-01-29,Joshua McKenna,Hefin Jones,e1 hefin jones,1550,E1,1,1870,4.07,0.81,7.5
2025-02-02,Joshua McKenna,Gareth Harding,e1 gareth harding,1723,E1,1,1877,4.68,0.61,8.5
2025-02-05,Joshua McKenna,Peter Quinn,e1 peter quinn,1826,E1,0.5,1878,5.14,0.46,9
2025-02-15,Joshua McKenna,Frank Richmond,NA,1972,ENG,0,1873,5.41,0.27,9
2025-02-16,Joshua McKenna,John White,NA,1828,ENG,0,1863,5.87,0.46,9
2025-02-19,Joshua McKenna,Chris Fox,e1 chris fox,1642,E1,1,1869,6.58,0.71,10
2025-02-23,Joshua McKenna,Andrew Gibbons,w1 andrew gibbons,1975,W1,0,1864,6.85,0.27,10
2025-02-25,Joshua McKenna,Mark Jones,e1 mark jones,1809,E1,1,1874,7.34,0.49,11
2025-03-05,Joshua McKenna,Abir Deshpande,e1 abir deshpande,1310,E1,1,1876,8.24,0.9,12
2025-03-08,Joshua McKenna,Bence Szakmany,e1 bence szakmany,1969,E1,0,1871,8.52,0.28,12
2025-03-08,Joshua McKenna,Guy Wagner,e1 guy wagner,1832,E1,1,1881,8.98,0.46,13
2025-03-09,Joshua McKenna,Tim Kett,e1 tim kett,2209,E1,0,1879,9.08,0.1,13
2025-03-09,Joshua McKenna,Joseph Browse,e1 joseph browse,1825,E1,0,1870,9.55,0.47,13
2025-03-10,Joshua McKenna,Bill Harle,e1 bill harle,1787,E1,1,1880,10.07,0.52,14
2025-03-12,Joshua McKenna,Kristan Enoch,e1 kristan enoch,1747,E1,1,1888,10.65,0.58,15
2025-03-15,Joshua McKenna,Sam Jukes,e1 sam jukes,2013,E1,0.5,1894,10.88,0.23,15.5
2025-03-15,Joshua McKenna,Bob Hurn,e1 bob hurn,1612,E1,0,1879,11.63,0.75,15.5
2025-03-15,Joshua McKenna,Ifan Rathbone-Jones,n1 ifan rathbone-jones,2270,N1,0,1877,11.73,0.1,15.5
2025-03-16,Joshua McKenna,Roy Thomas,e1 roy thomas,1901,E1,0,1869,12.09,0.36,15.5
2025-03-16,Joshua McKenna,Dai James,e1 dai james,1872,E1,1,1881,12.49,0.4,16.5
2025-03-20,Joshua McKenna,Michael Arribas-Ayllon,e1 michael arribas-ayllon,1739,E1,0.5,1880,13.08,0.59,17
2025-03-23,Joshua McKenna,Rudy Van Kemenade,n1 rudy van kemenade,1946,N1,0,1874,13.38,0.3,17
2025-03-26,Joshua McKenna,James Tapp,e1 james tapp,2080,E1,0,1870,13.55,0.17,17
2025-03-31,Joshua McKenna,Roy Thomas,e1 roy thomas,1901,E1,1,1883,13.91,0.36,18
2025-04-02,Joshua McKenna,Sam Rhydderch,e1 sam rhydderch,1451,E1,1,1885,14.79,0.88,19
2025-04-12,Joshua McKenna,Leia Keen,NA,1578,ENG,1,1890,15.57,0.78,20
2025-04-13,Joshua McKenna,Edward Knox,NA,1839,ENG,0.5,1891,16.02,0.45,20.5
2025-04-16,Joshua McKenna,Joe Fathallah,e1 joe fathallah,2043,E1,1,1907,16.22,0.2,21.5
2025-04-18,Joshua McKenna,Roy Thomas,e1 roy thomas,1901,E1,0,1900,16.58,0.36,21.5
2025-04-18,Joshua McKenna,Alan Young,w1 alan young,2016,W1,0,1895,16.8,0.22,21.5
2025-04-19,Joshua McKenna,Michael Binks,e1 michael binks,1960,E1,0,1889,17.09,0.29,21.5
2025-04-20,Joshua McKenna,Rudy van Kemenade,n1 rudy van kemenade,1946,N1,0,1883,17.39,0.3,21.5
2025-04-21,Joshua McKenna,Danylo Shevchenko,e1 danylo shevchenko,1667,E1,1,1890,18.07,0.68,22.5
2025-04-21,Joshua McKenna,Jon Tuson,d1 jon tuson,1807,D1,1,1900,18.56,0.49,23.5
2025-05-03,Joshua McKenna,Munroe L Morrison,NA,1840,ENG,0.5,1901,19,0.44,24
2025-05-04,Joshua McKenna,Charlie Cooke,NA,1789,ENG,0.5,1901,19.52,0.52,24.5
2025-05-05,Joshua McKenna,Dhamindra Gunarathne,NA,1635,ENG,1,1906,20.24,0.72,25.5
2025-05-08,Joshua McKenna,Hamid Farani Sani,e1 hamid farani sani,1663,E1,0.5,1902,20.93,0.69,26
2025-05-11,Joshua McKenna,Gareth Yeo,e1 gareth yeo,2078,E1,0.5,1909,21.1,0.17,26.5
2025-05-16,Joshua McKenna,Richard M George,NA,1912,ENG,1,1922,21.45,0.35,27.5
2025-05-17,Joshua McKenna,Mark Thomas,w1 mark thomas,1981,W1,1,1937,21.71,0.26,28.5
2025-05-17,Joshua McKenna,Joao Santos,NA,1984,ENG,0.5,1942,21.97,0.26,29
2025-05-18,Joshua McKenna,Simon D Arnold,NA,1957,ENG,0,1936,22.26,0.29,29
2025-05-18,Joshua McKenna,Lawrence Northam,NA,1894,ENG,0,1929,22.63,0.37,29
2025-05-20,Joshua McKenna,Emma Kong,e1 emma kong,1946,E1,0.5,1933,22.93,0.3,29.5
2025-05-28,Joshua McKenna,Ivan De La Cruz,e1 ivan de la cruz,2110,E1,0.5,1940,23.07,0.14,30
2025-06-10,Joshua McKenna,Zirui Xu,e1 zirui xu,1310,E1,1,1942,23.97,0.9,31
2025-06-17,Joshua McKenna,Toby Reckless,e1 toby reckless,1490,E1,1,1945,24.83,0.86,32
2025-06-24,Joshua McKenna,James Choung,e1 james choung,1456,E1,1,1947,25.71,0.88,33
2025-01-07,Barrie Wells,Philip McKeown,NA,1794,ENG,0.5,1801,0.51,0.51,0.5
2025-01-15,Barrie Wells,Richard Owens,n1 richard owens,1784,N1,1,1810,1.03,0.52,1.5
2025-01-29,Barrie Wells,Aidan Jones,n1 aidan jones,1511,N1,0,1793,1.87,0.84,1.5
2025-01-30,Barrie Wells,Shaun Waines,n1 shaun waines,1400,N1,0.5,1785,2.77,0.9,2
2025-02-04,Barrie Wells,Joe Muxlow,n1 joe muxlow,1792,N1,0.5,1785,3.28,0.51,2.5
2025-02-18,Barrie Wells,Roger Winterburn,n1 roger winterburn,1878,N1,0.5,1787,3.67,0.39,3
2025-02-25,Barrie Wells,Deio Parri,n1 deio parri,1754,N1,0,1776,4.24,0.57,3
2025-03-03,Barrie Wells,Nigel Rowe,NA,1770,ENG,0,1765,4.78,0.54,3
2025-03-13,Barrie Wells,Michael J Williams,n1 michael j williams,1815,N1,0,1756,5.26,0.48,3
2025-04-10,Barrie Wells,Shion Rowlands,n1 shion rowlands,1841,N1,1,1767,5.7,0.44,4
2025-04-15,Barrie Wells,Chris Grier,n1 chris grier,1832,N1,1,1778,6.16,0.46,5
2025-04-24,Barrie Wells,Heilyn Griffiths,n1 heilyn griffiths,1450,N1,1,1780,7.04,0.88,6
2025-04-29,Barrie Wells,Piotr Siwy,NA,1810,ENG,0,1770,7.53,0.49,6
2025-05-10,Barrie Wells,Andrew Raeburn,NA,1900,ENG,0,1763,7.89,0.36,6
2025-05-10,Barrie Wells,Joe Muxlow,n1 joe muxlow,1792,N1,0,1753,8.4,0.51,6
2025-05-11,Barrie Wells,Jon Blackburn,NA,1801,ENG,0,1743,8.9,0.5,6
2025-05-11,Barrie Wells,Gary Fox,n1 gary fox,1813,N1,0,1733,9.38,0.48,6
2025-05-21,Barrie Wells,Catriona Coutts,n1 catriona coutts,1741,N1,0,1721,9.97,0.59,6
2025-01-11,Dave Williams,Roy A Ludlow,NA,1743,ENG,0.5,1799,0.58,0.58,0.5
2025-01-11,Dave Williams,Ian R Rescorla,NA,1782,ENG,0.5,1799,1.11,0.53,1
2025-01-11,Dave Williams,Mike Hollyman,e1 mike hollyman,1711,E1,1,1806,1.74,0.63,2
2025-01-12,Dave Williams,Martin C Jones,d1 martin c jones,1832,D1,0.5,1807,2.2,0.46,2.5
2025-01-12,Dave Williams,Kevin Heady,d1 kevin heady,1715,D1,0,1795,2.82,0.62,2.5
2025-01-13,Dave Williams,Chris Dixon,g1 chris dixon,1849,G1,0,1786,3.25,0.43,2.5
2025-01-21,Dave Williams,Steve Williams (Cwm),g1 steve williams (cwm),1850,G1,1,1798,3.68,0.43,3.5
2025-01-08,Dave Williams,Rayyan Musa,NA,1756,ENG,0.5,1796,4.24,0.56,4
2025-01-15,Dave Williams,James Facey,NA,1849,ENG,0,1788,4.67,0.43,4
2025-01-27,Dave Williams,Steve Horrell,g1 steve horrell,1795,G1,1,1797,5.18,0.51,5
2025-02-12,Dave Williams,Krzysztof Stosik,NA,1938,ENG,0.5,1801,5.49,0.31,5.5
2025-02-17,Dave Williams,Jason Blaxill,NA,1774,ENG,0.5,1800,6.03,0.54,6
2025-03-29,Dave Williams,David Norris,g1 david norris,1661,G1,0.5,1797,6.72,0.69,6.5
2025-03-29,Dave Williams,William Cook,NA,1732,ENG,0.5,1795,7.32,0.6,7
2025-03-30,Dave Williams,Anay Misra,NA,1704,ENG,1,1802,7.96,0.64,8
2025-03-30,Dave Williams,Jack Buckley,NA,1667,ENG,0.5,1798,8.64,0.68,8.5
2025-02-26,Dave Williams,Alistair Marsten,NA,1847,ENG,0.5,1800,9.07,0.43,9
2025-03-12,Dave Williams,Gareth Cullen,NA,1821,ENG,0,1790,9.54,0.47,9
2025-03-26,Dave Williams,Lynda Smith,g1 lynda smith,1857,G1,0,1782,9.96,0.42,9
2025-04-02,Tomasz Zaporowski,Simon Blackmore,e1 simon blackmore,1769,E1,1,1809,0.54,0.54,1
2025-04-30,Tomasz Zaporowski,Joe Fathallah,e1 joe fathallah,2043,E1,0.5,1815,0.74,0.2,1.5
2025-05-07,Tomasz Zaporowski,Xavier Austin,e1 xavier austin,1688,E1,1,1822,1.4,0.66,2.5
2025-05-19,Tomasz Zaporowski,Suraj Prabhu,e1 suraj prabhu,1718,E1,1,1830,2.02,0.62,3.5
2025-01-02,Krzysztof Jakubiak,Aashay Kher,NA,1616,FIDE,0,1776,0.74,0.74,0
2025-01-03,Krzysztof Jakubiak,Nikolai Dimitrov,NA,1543,FIDE,1,1781,1.55,0.81,1
2025-01-03,Krzysztof Jakubiak,Itamar Shoor,NA,1701,IRL,0.5,1777,2.19,0.64,1.5
2025-01-04,Krzysztof Jakubiak,Len Hackett,NA,1847,IRL,1,1794,2.62,0.43,2.5
2025-01-04,Krzysztof Jakubiak,Eoin Harrington,NA,1854,FIDE,0,1782,3.04,0.42,2.5
2025-01-05,Krzysztof Jakubiak,Vjekoslav Novak,NA,1870,FIDE,0,1770,3.44,0.4,2.5
2025-01-05,Krzysztof Jakubiak,Adam D Bermingham,NA,1732,IRL,1,1782,4.03,0.59,3.5
2025-03-31,Lachlan Tyrell,Mike Gale,e1 mike gale,1821,E1,0,1784,0.47,0.47,0
2025-04-07,Lachlan Tyrell,Jonathan James,e1 jonathan james,2027,E1,0.5,1793,0.68,0.21,0.5
2025-04-14,Lachlan Tyrell,Suraj Prabhu,e1 suraj prabhu,1718,E1,1,1804,1.29,0.61,1.5
2025-01-15,Richard Doble,Stephen Dunning,n1 stephen dunning,1810,N1,1,1813,0.48,0.48,1
2025-03-20,Richard Doble,Chris Grier,n1 chris grier,1832,N1,0.5,1814,0.93,0.45,1.5
2025-04-08,Richard Doble,Ray Williams,NA,1823,ENG,0,1800,1.39,0.46,1.5
2025-05-21,Richard Doble,Chris Wescomb,n1 chris wescomb,1828,N1,0,1787,1.85,0.46,1.5
2025-01-11,Steve Horrell,Paul J Colburn,NA,2017,ENG,0,1788,0.22,0.22,0
2025-01-11,Steve Horrell,Stephen Tatlow,NA,1839,ENG,0,1775,0.66,0.44,0
2025-01-12,Steve Horrell,George Georgiou,NA,1880,ENG,0,1764,1.04,0.38,0
2025-01-12,Steve Horrell,Tim F Woodward,NA,1886,ENG,0.5,1768,1.41,0.37,0.5
2025-01-15,Steve Horrell,Steve Williams (Cwm),g1 steve williams (cwm),1850,G1,1,1785,1.83,0.42,1.5
2025-01-27,Steve Horrell,Dave Williams,g1 dave williams,1801,G1,0,1770,2.32,0.49,1.5
2025-02-02,Steve Horrell,Seb Hoccom,e1 seb hoccom,1474,E1,1,1774,3.18,0.86,2.5
2025-03-23,Steve Horrell,Chris Fox,e1 chris fox,1642,E1,1,1783,3.89,0.71,3.5
2025-05-11,Steve Horrell,Sam Brown,w1 sam brown,1700,W1,0.5,1779,4.52,0.63,4
2025-03-24,Will Harwood,Dwain Jones,e1 dwain jones,1672,E1,0.5,1789,0.67,0.67,0.5
2025-04-17,Will Harwood,David Llewellyn,e1 david llewellyn,1954,E1,0,1780,0.95,0.28,0.5
2025-01-13,Ken Hannah,Matthew Lunnon,e1 matthew lunnon,1714,E1,0.5,1790,0.61,0.61,0.5
2025-02-05,Ken Hannah,Martin Blackman-Siegler,e1 martin blackman-siegler,1658,E1,0,1769,1.3,0.69,0.5
2025-02-10,Ken Hannah,Gavin Jones,e1 gavin jones,1825,E1,0,1755,1.75,0.45,0.5
2025-02-17,Ken Hannah,David Llewellyn,e1 david llewellyn,1954,E1,0,1747,2.03,0.28,0.5
2025-03-10,Ken Hannah,Suraj Prabhu,e1 suraj prabhu,1718,E1,0,1729,2.64,0.61,0.5
2025-03-17,Ken Hannah,Bob Hurn,e1 bob hurn,1612,E1,0.5,1722,3.38,0.74,1
2025-03-31,Ken Hannah,Sergio Esteves,e1 sergio esteves,1775,E1,0.5,1721,3.91,0.53,1.5
2025-04-14,Ken Hannah,Daniel Wilmot,e1 daniel wilmot,1974,E1,0,1713,4.17,0.26,1.5
2025-04-15,Ken Hannah,Cosmin Stancu,e1 cosmin stancu,1689,E1,1,1724,4.82,0.65,2.5
2025-04-28,Ken Hannah,Richard Larg,e1 richard larg,1542,E1,1,1729,5.63,0.81,3.5
2025-05-15,Ken Hannah,Kam Choo Yin,e1 kam choo yin,1759,E1,0,1713,6.18,0.55,3.5
2025-01-13,Gwyn Havard,Adam Christopher,e1 adam christopher,1589,E1,0.5,1785,0.76,0.76,0.5
2025-01-17,Gwyn Havard,Csombor Hanczar,e1 csombor hanczar,1590,E1,1,1792,1.52,0.76,1.5
2025-01-18,Gwyn Havard,Joshua Colcombe,g1 joshua colcombe,1600,G1,1,1800,2.27,0.75,2.5
2025-01-18,Gwyn Havard,Naveen Daniel George,NA,1681,ENG,1,1810,2.93,0.66,3.5
2025-01-19,Gwyn Havard,Jack Bull,g1 jack bull,1564,G1,1,1816,3.72,0.79,4.5
2025-01-19,Gwyn Havard,Joseph Browse,e1 joseph browse,1825,E1,1,1833,4.17,0.45,5.5
2025-01-27,Gwyn Havard,Martin Ilett,e1 martin ilett,1641,E1,1,1841,4.88,0.71,6.5
2025-02-05,Gwyn Havard,Stuart Enoch,e1 stuart enoch,1560,E1,1,1848,5.67,0.79,7.5
2025-02-10,Gwyn Havard,Yusuf Sulemani,e1 yusuf sulemani,1789,E1,1,1863,6.18,0.51,8.5
2025-02-17,Gwyn Havard,Csege Hanczar,e1 csege hanczar,1644,E1,0.5,1856,6.88,0.7,9
2025-02-24,Gwyn Havard,Jeremy Jones,e1 jeremy jones,1632,E1,0.5,1850,7.6,0.72,9.5
2025-03-07,Gwyn Havard,Syer Khizer Rizvi,e1 syer khizer rizvi,1819,E1,0,1836,8.06,0.46,9.5
2025-03-10,Gwyn Havard,Justin Morgans,e1 justin morgans,1746,E1,0.5,1834,8.63,0.57,10
2025-03-11,Gwyn Havard,Jonathan James,e1 jonathan james,2027,E1,0.5,1843,8.84,0.21,10.5
2025-03-17,Gwyn Havard,Suraj Prabhu,e1 suraj prabhu,1718,E1,0.5,1840,9.45,0.61,11
2025-03-24,Gwyn Havard,Gavin Jones,e1 gavin jones,1825,E1,0.5,1841,9.9,0.45,11.5
2025-03-31,Gwyn Havard,Dan Edwards,e1 dan edwards,1764,E1,1,1855,10.44,0.54,12.5
2025-04-07,Gwyn Havard,Bob Hurn,e1 bob hurn,1612,E1,0.5,1848,11.18,0.74,13
2025-04-14,Gwyn Havard,Derek Jones,e1 derek jones,1944,E1,0,1839,11.48,0.3,13
2025-04-15,Gwyn Havard,David Robinson,e1 david robinson,1898,E1,0.5,1843,11.83,0.35,13.5
2025-04-28,Gwyn Havard,Stefan Le Roy,e1 stefan le roy,1734,E1,1,1856,12.41,0.58,14.5
2025-05-12,Gwyn Havard,Matthew Lunnon,e1 matthew lunnon,1714,E1,0.5,1852,13.02,0.61,15
2025-05-15,Gwyn Havard,David Llewellyn,e1 david llewellyn,1954,E1,0,1844,13.3,0.28,15
2025-05-19,Gwyn Havard,Patrick Civil,e1 patrick civil,1474,E1,1,1848,14.16,0.86,16
2025-06-16,Gwyn Havard,Mike White,e1 mike white,1394,E1,1,1851,15.06,0.9,17
2025-06-23,Gwyn Havard,Ieuan Thomas,e1 ieuan thomas,1468,E1,0.5,1840,15.93,0.87,17.5
2025-03-04,David Rovaretti,Liam Penny,e1 liam penny,1846,E1,0.5,1795,0.42,0.42,0.5
2025-03-11,David Rovaretti,Mike Gale,e1 mike gale,1821,E1,0.5,1796,0.88,0.46,1
2025-03-19,David Rovaretti,Kristan Enoch,e1 kristan enoch,1747,E1,0,1780,1.45,0.57,1
2025-04-01,David Rovaretti,Justin Morgans,e1 justin morgans,1746,E1,0.5,1777,2.02,0.57,1.5
2025-05-12,David Rovaretti,Kevin Stephens,e1 kevin stephens,1705,E1,0,1759,2.64,0.62,1.5
2025-01-07,John Arnold,Dale Westcott,w1 dale westcott,1864,W1,0.5,1795,0.4,0.4,0.5
2025-01-08,John Arnold,James Harford,w1 james harford,1854,W1,0.5,1798,0.81,0.41,1
2025-01-29,John Arnold,Ovidiu Pintea,w1 ovidiu pintea,1768,W1,0,1782,1.34,0.53,1
2025-02-04,John Arnold,Steve Smith,w1 steve smith,1919,W1,0,1772,1.66,0.32,1
2025-02-05,John Arnold,Adam Woodruff,w1 adam woodruff,1991,W1,1,1795,1.9,0.24,2
2025-02-10,John Arnold,Peter Bevan,w1 peter bevan,1883,W1,0,1784,2.27,0.37,2
2025-02-12,John Arnold,Guto Llywelyn,w1 guto llywelyn,1676,W1,1,1794,2.93,0.66,3
2025-02-18,John Arnold,Ian Eustis,w1 ian eustis,1789,W1,0.5,1794,3.43,0.5,3.5
2025-02-25,John Arnold,Donovan Sipho,w1 donovan sipho,1803,W1,0,1779,3.91,0.48,3.5
2025-03-04,John Arnold,Steve Smith,w1 steve smith,1919,W1,0,1769,4.23,0.32,3.5
2025-03-11,John Arnold,Ian Phillips,w1 ian phillips,1473,W1,0,1743,5.09,0.86,3.5
2025-03-19,John Arnold,Jason Garcia,w1 jason garcia,2057,W1,0,1738,5.27,0.18,3.5
2025-04-01,John Arnold,Les Philpin,w1 les philpin,1757,W1,1,1752,5.82,0.55,4.5
2025-04-02,John Arnold,Mike Richards,w1 mike richards,1510,W1,1,1757,6.66,0.84,5.5
2025-04-09,John Arnold,Andrew Gibbons,w1 andrew gibbons,1975,W1,0,1749,6.92,0.26,5.5
2025-04-14,John Arnold,Ian Jones,w1 ian jones,1939,W1,0.5,1755,7.22,0.3,6
2025-04-28,John Arnold,Richard Cleveland,w1 richard cleveland,2038,W1,0.5,1764,7.42,0.2,6.5
2025-05-06,John Arnold,Ian Jones,w1 ian jones,1939,W1,0.5,1770,7.72,0.3,7
2025-05-14,John Arnold,Andrew Gibbons,w1 andrew gibbons,1975,W1,0,1762,7.98,0.26,7
2025-06-10,John Arnold,Martyn Griffiths,w1 martyn griffiths,1820,W1,0,1748,8.44,0.46,7
2025-01-03,Joe Muxlow,Malcolm Probert,w1 malcolm probert,1760,W1,0.5,1791,0.55,0.55,0.5
2025-01-04,Joe Muxlow,Norman Andrews,NA,1690,ENG,1,1801,1.19,0.64,1.5
2025-01-04,Joe Muxlow,Doug Barnett,NA,1699,ENG,0,1782,1.82,0.63,1.5
2025-01-05,Joe Muxlow,Mike Etchells,NA,1751,ENG,0.5,1781,2.38,0.56,2
2025-01-05,Joe Muxlow,Giles Stanton,NA,1709,ENG,1,1792,3,0.62,3
2025-01-06,Joe Muxlow,Mike Coffey,NA,1936,ENG,0,1783,3.3,0.3,3
2025-01-14,Joe Muxlow,Ray Williams,NA,1846,ENG,1,1800,3.72,0.42,4
2025-01-21,Joe Muxlow,Tanmay Madhusudhan,n1 tanmay madhusudhan,1772,N1,1,1814,4.25,0.53,5
2025-01-28,Joe Muxlow,David Stuttard,NA,1834,ENG,1,1831,4.69,0.44,6
2025-02-04,Joe Muxlow,Barrie Wells,n1 barrie wells,1801,N1,0.5,1832,5.18,0.49,6.5
2025-02-25,Joe Muxlow,Charles F Morris,n1 charles f morris,2123,N1,0,1828,5.31,0.13,6.5
2025-03-04,Joe Muxlow,Haydn Parry,n1 haydn parry,1857,N1,0.5,1831,5.72,0.41,7
2025-03-11,Joe Muxlow,Jack Walley,NA,1929,ENG,0,1821,6.03,0.31,7
2025-03-17,Joe Muxlow,Mark Cromwell,NA,1833,ENG,0,1808,6.47,0.44,7
2025-03-18,Joe Muxlow,Richard Kelly,NA,1857,ENG,0,1796,6.88,0.41,7
2025-03-25,Joe Muxlow,Daniel Altmann,n1 daniel altmann,1699,N1,0,1777,7.51,0.63,7
2025-04-01,Joe Muxlow,Dorde Markovic,NA,1812,ENG,1,1793,7.98,0.47,8
2025-04-08,Joe Muxlow,Chris Grier,n1 chris grier,1832,N1,0,1779,8.42,0.44,8
2025-04-10,Joe Muxlow,Joe Ledgerton,NA,1852,ENG,0,1767,8.83,0.41,8
2025-04-15,Joe Muxlow,Philip McKeown,NA,1793,ENG,0.5,1767,9.33,0.5,8.5
2025-05-09,Joe Muxlow,Joel Ofeni,NA,1874,ENG,1,1785,9.71,0.38,9.5
2025-05-10,Joe Muxlow,Haydn Parry,n1 haydn parry,1857,N1,0,1773,10.12,0.41,9.5
2025-05-10,Joe Muxlow,Barrie Wells,n1 barrie wells,1801,N1,1,1789,10.61,0.49,10.5
2025-05-11,Joe Muxlow,Vincent Logan,NA,1868,ENG,0.5,1792,11,0.39,11
2025-05-11,Joe Muxlow,Richard Bowman,NA,1852,ENG,0.5,1794,11.41,0.41,11.5
2025-06-27,Joe Muxlow,Claire Kerton,NA,1716,ENG,0.5,1791,12.02,0.61,12
2025-06-28,Joe Muxlow,Matthew Blackwell,NA,1714,ENG,1,1803,12.63,0.61,13
2025-06-28,Joe Muxlow,Mohammed Rohman,NA,1740,ENG,0.5,1801,13.2,0.57,13.5
2025-06-29,Joe Muxlow,Darren Stanway,NA,1720,ENG,1,1813,13.8,0.6,14.5
2025-06-29,Joe Muxlow,Sam Fowkes,NA,1729,ENG,1,1825,14.39,0.59,15.5
2025-01-06,Tom Bennett,John Ryles,e1 john ryles,1589,E1,1,1796,0.76,0.76,1
2025-01-08,Tom Bennett,Georgi Korovski,e1 georgi korovski,1950,E1,0,1788,1.04,0.28,1
2025-01-14,Tom Bennett,Wayne Holland,e1 wayne holland,1450,E1,1,1791,1.92,0.88,2
2025-01-20,Tom Bennett,Gareth Harding,e1 gareth harding,1723,E1,1,1804,2.51,0.59,3
2025-02-11,Tom Bennett,Jack Hannigan,e1 jack hannigan,1740,E1,1,1817,3.08,0.57,4
2025-02-15,Tom Bennett,James Tapp,e1 james tapp,2080,E1,0,1812,3.24,0.16,4
2025-02-15,Tom Bennett,Charlie Cooper,g1 charlie cooper,1371,G1,1,1815,4.14,0.9,5
2025-02-15,Tom Bennett,Morgan Foulkes,e1 morgan foulkes,1551,E1,1,1821,4.94,0.8,6
2025-02-16,Tom Bennett,John McGregor,e1 john mcgregor,1921,E1,0.5,1826,5.26,0.32,6.5
2025-02-16,Tom Bennett,Bob Hurn,e1 bob hurn,1612,E1,1,1834,5.99,0.73,7.5
2025-04-01,Tom Bennett,David Belochkin,e1 david belochkin,1803,E1,1,1850,6.47,0.48,8.5
2025-01-21,G Brian Davies,Steve Richards,n1 steve richards,1715,N1,0,1771,0.6,0.6,0
2025-01-28,G Brian Davies,John Zlosnik,n1 john zlosnik,1740,N1,1,1784,1.17,0.57,1
2025-03-11,G Brian Davies,Andrew Swales,NA,1931,ENG,0.5,1790,1.48,0.31,1.5
2025-03-25,G Brian Davies,Peter S Fisher,n1 peter s fisher,1651,N1,0,1769,2.17,0.69,1.5
2025-01-28,Ian Eustis,Michael Beck,w1 michael beck,1838,W1,1,1806,0.43,0.43,1
2025-02-03,Ian Eustis,Neil Stuart,w1 neil stuart,1692,W1,1,1817,1.07,0.64,2
2025-02-18,Ian Eustis,John Arnold,w1 john arnold,1792,W1,0.5,1817,1.57,0.5,2.5
2025-03-10,Ian Eustis,Gareth Harper,w1 gareth harper,1717,W1,0.5,1814,2.17,0.6,3
2025-04-01,Ian Eustis,Anthony Beck,w1 anthony beck,1732,W1,1,1827,2.75,0.58,4
2025-04-07,Ian Eustis,Sam Brown,w1 sam brown,1700,W1,0.5,1823,3.38,0.63,4.5
2025-04-14,Ian Eustis,Guto Llywelyn,w1 guto llywelyn,1676,W1,1,1833,4.04,0.66,5.5
2025-04-28,Ian Eustis,Darson Beeston,w1 darson beeston,1741,W1,0,1816,4.61,0.57,5.5
2025-05-06,Ian Eustis,Chris Daniel,w1 chris daniel,1745,W1,0,1799,5.17,0.56,5.5
2025-01-05,Yusuf Sulemani,Anthony Beck,w1 anthony beck,1732,W1,1,1802,0.58,0.58,1
2025-01-07,Yusuf Sulemani,Alex Kennedy,e1 alex kennedy,1669,E1,1,1812,1.25,0.67,2
2025-01-13,Yusuf Sulemani,Gavin Jones,e1 gavin jones,1825,E1,1,1828,1.7,0.45,3
2025-02-02,Yusuf Sulemani,Govind Anandkumar,e1 govind anandkumar,1742,E1,0,1811,2.27,0.57,3
2025-02-10,Yusuf Sulemani,Gwyn Havard,e1 gwyn havard,1793,E1,0,1796,2.76,0.49,3
2025-02-17,Yusuf Sulemani,Leon Jansen van Rensburg,e1 leon jansen van rensburg,1770,E1,1,1810,3.29,0.53,4
2025-02-23,Yusuf Sulemani,Anezka Vlkova,e1 anezka vlkova,1948,E1,0,1802,3.58,0.29,4
2025-03-03,Yusuf Sulemani,Dwain Jones,e1 dwain jones,1672,E1,1,1812,4.24,0.66,5
2025-03-20,Yusuf Sulemani,Simon Blackmore,e1 simon blackmore,1769,E1,1,1826,4.77,0.53,6
2025-03-23,Yusuf Sulemani,James Choung,e1 james choung,1456,E1,0,1800,5.64,0.87,6
2025-03-24,Yusuf Sulemani,Dave Parsons,e1 dave parsons,1809,E1,1,1816,6.11,0.47,7
2025-04-07,Yusuf Sulemani,Matthew Lunnon,e1 matthew lunnon,1714,E1,0,1798,6.72,0.61,7
2025-05-11,Yusuf Sulemani,Zack Wilkins,e1 zack wilkins,1724,E1,1,1810,7.31,0.59,8
2025-06-23,Yusuf Sulemani,Derek Jones,e1 derek jones,1944,E1,0,1801,7.6,0.29,8
2025-01-03,Julie van Kemenade,Roger de Coverly,NA,1963,ENG,0,1781,0.27,0.27,0
2025-01-04,Julie van Kemenade,Harry Gardiner,NA,1961,ENG,0.5,1788,0.54,0.27,0.5
2025-01-04,Julie van Kemenade,Joshua Pink,NA,2075,ENG,1,1813,0.7,0.16,1.5
2025-01-05,Julie van Kemenade,Robert Stern,NA,1973,ENG,0,1805,0.96,0.26,1.5
2025-01-05,Julie van Kemenade,David Hollands,NA,1942,ENG,0,1796,1.25,0.29,1.5
2025-01-09,Julie van Kemenade,Marcus Atherton,NA,1723,ENG,1,1809,1.84,0.59,2.5
2025-01-16,Julie van Kemenade,Gary White,NA,1881,ENG,0,1798,2.21,0.37,2.5
2025-01-17,Julie van Kemenade,Dave Turner,g1 dave turner,1915,G1,0,1788,2.54,0.33,2.5
2025-01-18,Julie van Kemenade,Danylo Shevchenko,e1 danylo shevchenko,1667,E1,0,1768,3.21,0.67,2.5
2025-01-18,Julie van Kemenade,Csege Hanczar,e1 csege hanczar,1644,E1,1,1777,3.91,0.7,3.5
2025-01-19,Julie van Kemenade,Zack Wilkins,e1 zack wilkins,1724,E1,0.5,1774,4.5,0.59,4
2025-01-19,Julie van Kemenade,Calum Harris,e1 calum harris,1922,E1,0,1764,4.82,0.32,4
2025-01-23,Julie van Kemenade,Richard Szwajkun,NA,1862,ENG,0.5,1768,5.22,0.4,4.5
2025-01-30,Julie van Kemenade,Nick Rutter,NA,2065,ENG,0,1762,5.39,0.17,4.5
2025-02-07,Julie van Kemenade,Rudy van Kemenade,n1 rudy van kemenade,1946,N1,0,1754,5.68,0.29,4.5
2025-02-08,Julie van Kemenade,Dai James,e1 dai james,1872,E1,0.5,1757,6.06,0.38,5
2025-02-08,Julie van Kemenade,Gareth Harding,e1 gareth harding,1723,E1,0,1740,6.65,0.59,5
2025-02-09,Julie van Kemenade,Mike Hollyman,e1 mike hollyman,1711,E1,1,1751,7.26,0.61,6
2025-02-13,Julie van Kemenade,Nick Holmes,NA,1728,ENG,1,1764,7.85,0.59,7
2025-02-18,Julie van Kemenade,Ian Jamieson,NA,1927,ENG,1,1784,8.16,0.31,8
2025-03-06,Julie van Kemenade,Nick Graham,NA,1738,ENG,0.5,1782,8.73,0.57,8.5
2025-03-13,Julie van Kemenade,Peter S Fisher,n1 peter s fisher,1651,N1,0.5,1776,9.42,0.69,9
2025-03-20,Julie van Kemenade,Gary Slegg,n1 gary slegg,1762,N1,1,1790,9.96,0.54,10
2025-04-01,Julie van Kemenade,Krishnaswaroop Thimmegowda,NA,1857,ENG,0.5,1793,10.36,0.4,10.5
2025-04-02,Julie van Kemenade,Olusegun Ilesanmi,NA,1861,ENG,0,1781,10.76,0.4,10.5
2025-04-10,Julie van Kemenade,James Kenyon,NA,1933,ENG,1,1802,11.06,0.3,11.5
2025-04-23,Julie van Kemenade,Richard Szwajkun,NA,1857,ENG,0.5,1805,11.46,0.4,12
2025-04-24,Julie van Kemenade,Rudy van Kemenade,n1 rudy van kemenade,1946,N1,1,1826,11.75,0.29,13
2025-05-24,Julie van Kemenade,Joe Fathallah,e1 joe fathallah,2043,E1,0,1821,11.94,0.19,13
2025-05-24,Julie van Kemenade,Alexandru-Mitica Moldovan,NA,1936,ENG,0.5,1827,12.24,0.3,13.5
2025-05-25,Julie van Kemenade,Matthew Holmes,NA,1960,ENG,0,1819,12.51,0.27,13.5
2025-05-25,Julie van Kemenade,David Smith,NA,1915,ENG,0,1809,12.84,0.33,13.5
2025-05-26,Julie van Kemenade,Benjamin Lappin,NA,1936,ENG,0,1800,13.14,0.3,13.5
2025-05-28,Julie van Kemenade,Fred Bench,NA,1917,ENG,0,1790,13.46,0.32,13.5
2025-06-27,Julie van Kemenade,Neil Jones,NA,1878,ENG,0,1779,13.83,0.37,13.5
2025-06-28,Julie van Kemenade,Praise Zunguzira,NA,1747,ENG,1,1792,14.39,0.56,14.5
2025-06-28,Julie van Kemenade,Samidh Saxena,NA,1857,ENG,0,1780,14.79,0.4,14.5
2025-06-29,Julie van Kemenade,Eddie Bromilow,NA,1882,ENG,0.5,1784,15.16,0.37,15
2025-06-29,Julie van Kemenade,Louis Sit,NA,1765,FIDE,0.5,1783,15.69,0.53,15.5
2025-01-07,Andrew Di-Vetta,Matthew Billington,w1 matthew billington,1766,W1,1,1801,0.53,0.53,1
2025-01-11,Andrew Di-Vetta,Rob Coles,NA,1709,ENG,0,1783,1.14,0.61,1
2025-01-12,Andrew Di-Vetta,Alexander Horwood,NA,1723,ENG,1,1795,1.73,0.59,2
2025-01-17,Andrew Di-Vetta,Chris Thompson,g1 chris thompson,1393,G1,1,1798,2.63,0.9,3
2025-01-18,Andrew Di-Vetta,Arush Ajai Murthy,e1 arush ajai murthy,1700,E1,1,1809,3.25,0.62,4
2025-01-18,Andrew Di-Vetta,Jack Bull,g1 jack bull,1564,G1,0,1786,4.03,0.78,4
2025-01-19,Andrew Di-Vetta,Ben Richards,g1 ben richards,1589,G1,1,1793,4.79,0.76,5
2025-01-19,Andrew Di-Vetta,Csombor Hanczar,e1 csombor hanczar,1590,E1,0.5,1785,5.55,0.76,5.5
2025-02-02,Andrew Di-Vetta,Stuart Enoch,e1 stuart enoch,1560,E1,1,1792,6.34,0.79,6.5
2025-02-03,Andrew Di-Vetta,Gwynfor Rees,e1 gwynfor rees,2016,E1,0,1786,6.55,0.21,6.5
2025-02-15,Andrew Di-Vetta,Stefan Walentowicz,NA,1887,ENG,1,1805,6.91,0.36,7.5
2025-02-16,Andrew Di-Vetta,Peter Rose,NA,1792,ENG,1,1820,7.4,0.49,8.5
2025-02-23,Andrew Di-Vetta,Darson Beeston,w1 darson beeston,1741,W1,1,1833,7.97,0.57,9.5
2025-02-25,Andrew Di-Vetta,John McGregor,e1 john mcgregor,1921,E1,0.5,1838,8.29,0.32,10
2025-03-13,Andrew Di-Vetta,Kam Choo Yin,e1 kam choo yin,1759,E1,1,1852,8.83,0.54,11
2025-03-25,Andrew Di-Vetta,Kristan Enoch,e1 kristan enoch,1747,E1,0,1836,9.39,0.56,11
2025-03-28,Andrew Di-Vetta,Kevin Heady,d1 kevin heady,1715,D1,1,1847,9.99,0.6,12
2025-03-29,Andrew Di-Vetta,Oliver Thornley,NA,1903,ENG,0.5,1852,10.33,0.34,12.5
2025-03-29,Andrew Di-Vetta,Yuvraj Kumar,NA,1915,ENG,0,1843,10.65,0.32,12.5
2025-03-30,Andrew Di-Vetta,Bruno Alexandre Dos Santos Silva,NA,1884,ENG,0,1832,11.01,0.36,12.5
2025-04-08,Andrew Di-Vetta,Michael Arribas-Ayllon,e1 michael arribas-ayllon,1739,E1,1,1845,11.58,0.57,13.5
2025-04-12,Andrew Di-Vetta,Tiara Khanna,NA,1660,ENG,1,1854,12.26,0.68,14.5
2025-04-13,Andrew Di-Vetta,Neal Fisher,NA,1849,ENG,1,1872,12.67,0.41,15.5
2025-04-15,Andrew Di-Vetta,Carl Halpin,w1 carl halpin,1576,W1,1,1879,13.44,0.77,16.5
2025-04-22,Andrew Di-Vetta,Dai James,e1 dai james,1872,E1,1,1897,13.82,0.38,17.5
2025-04-29,Andrew Di-Vetta,Aaron Davies,w1 aaron davies,1535,W1,1,1903,14.63,0.81,18.5
2025-05-03,Andrew Di-Vetta,Christopher J Knight,NA,1805,ENG,0.5,1904,15.1,0.47,19
2025-05-04,Andrew Di-Vetta,Harry G Evans,NA,1991,ENG,0,1897,15.34,0.24,19
2025-05-05,Andrew Di-Vetta,Robert H Willoughby,NA,1797,ENG,0,1882,15.83,0.49,19
2025-05-07,Andrew Di-Vetta,Guy Wagner,e1 guy wagner,1832,E1,0,1869,16.27,0.44,19
2025-05-11,Andrew Di-Vetta,Guy Wagner,e1 guy wagner,1832,E1,1,1886,16.71,0.44,20
2025-05-14,Andrew Di-Vetta,Ralph Cook,w1 ralph cook,1673,W1,1,1896,17.37,0.66,21
2025-05-16,Andrew Di-Vetta,Shane Roberts,NA,1911,ENG,0,1887,17.7,0.33,21
2025-05-17,Andrew Di-Vetta,GA Harvey,NA,1884,ENG,1,1906,18.06,0.36,22
2025-05-17,Andrew Di-Vetta,Lucas James,g1 lucas james,1748,G1,1,1919,18.62,0.56,23
2025-05-18,Andrew Di-Vetta,George I Miller,NA,1972,ENG,0,1911,18.88,0.26,23
2025-05-18,Andrew Di-Vetta,Martin J Clancy,NA,1891,ENG,0,1901,19.23,0.35,23
2025-05-20,Andrew Di-Vetta,Zack Wilkins,e1 zack wilkins,1724,E1,0.5,1898,19.82,0.59,23.5
2025-05-27,Andrew Di-Vetta,Ralph Cook,w1 ralph cook,1673,W1,1,1908,20.48,0.66,24.5
2025-01-05,Bill Harle,James Evans,w1 james evans,1655,W1,1,1797,0.68,0.68,1
2025-01-15,Bill Harle,Csege Hanczar,e1 csege hanczar,1644,E1,1,1806,1.37,0.69,2
2025-01-22,Bill Harle,Derek Jones,e1 derek jones,1944,E1,0.5,1812,1.66,0.29,2.5
2025-02-19,Bill Harle,Roy Thomas,e1 roy thomas,1901,E1,0.5,1817,2,0.34,3
2025-02-23,Bill Harle,Andrew Jeanes,e1 andrew jeanes,1684,E1,0.5,1812,2.64,0.64,3.5
2025-02-26,Bill Harle,Michael Arribas-Ayllon,e1 michael arribas-ayllon,1739,E1,0.5,1810,3.21,0.57,4
2025-03-10,Bill Harle,Joshua McKenna,e1 joshua mckenna,1801,E1,0,1796,3.69,0.48,4
2025-03-19,Bill Harle,Matthew Davies,e1 matthew davies,1990,E1,0,1789,3.93,0.24,4
2025-03-23,Bill Harle,Zane Allford,g1 zane allford,1850,G1,0.5,1792,4.34,0.41,4.5
2025-04-09,Bill Harle,Kristan Enoch,e1 kristan enoch,1747,E1,0,1775,4.9,0.56,4.5
2025-04-23,Bill Harle,Chris Fox,e1 chris fox,1642,E1,0.5,1769,5.6,0.7,5
2025-05-20,Bill Harle,Kam Choo Yin,e1 kam choo yin,1759,E1,0,1753,6.14,0.54,5
2025-05-28,Bill Harle,Sam Jukes,e1 sam jukes,2013,E1,0,1746,6.35,0.21,5
2025-01-28,David Lewis,Jonathan James,e1 jonathan james,2027,E1,0,1779,0.2,0.2,0
2025-02-10,David Lewis,Justin Morgans,e1 justin morgans,1746,E1,0.5,1777,0.76,0.56,0.5
2025-02-15,David Lewis,George Turner,e1 george turner,1984,E1,0,1770,1,0.24,0.5
2025-02-15,David Lewis,Stefan Le Roy,e1 stefan le roy,1734,E1,0.5,1768,1.57,0.57,1
2025-02-15,David Lewis,Adam Cooper,g1 adam cooper,1344,G1,1,1771,2.47,0.9,2
2025-02-16,David Lewis,Gareth Richards,e1 gareth richards,1632,E1,1,1780,3.18,0.71,3
2025-02-24,David Lewis,Kristan Enoch,e1 kristan enoch,1747,E1,0,1763,3.73,0.55,3
2025-03-10,David Lewis,Thomas Mahoney,e1 thomas mahoney,1854,E1,1,1781,4.13,0.4,4
2025-04-07,David Lewis,Gavin Jones,e1 gavin jones,1825,E1,0.5,1783,4.57,0.44,4.5
2025-05-12,David Lewis,Dave Parsons,e1 dave parsons,1809,E1,0,1769,5.04,0.47,4.5
2025-05-19,David Lewis,Steve Jones,e1 steve jones,1838,E1,1,1786,5.46,0.42,5.5
2025-01-15,Richard Owens,Barrie Wells,n1 barrie wells,1801,N1,0,1770,0.48,0.48,0
2025-01-20,Richard Owens,Manpreet Sangha,NA,1993,ENG,0,1763,0.71,0.23,0
2025-02-05,Richard Owens,Les Simcock,n1 les simcock,1856,N1,0,1751,1.11,0.4,0
2025-02-26,Richard Owens,Ray Williams,NA,1818,ENG,1,1767,1.56,0.45,1
2025-03-04,Richard Owens,Paul Sadler,n1 paul sadler,1741,N1,0,1750,2.12,0.56,1
2025-03-18,Richard Owens,Ray Williams,NA,1818,ENG,0,1737,2.57,0.45,1
2025-04-02,Richard Owens,Chris Clemenson,NA,1701,ENG,1,1748,3.19,0.62,2
2025-04-09,Richard Owens,Robert McClennan,NA,1734,ENG,1,1761,3.76,0.57,3
2025-04-16,Richard Owens,Gary Pleavin,NA,1774,ENG,0,1746,4.27,0.51,3
2025-01-28,Russell Dodington,Adam Christopher,e1 adam christopher,1589,E1,0.5,1774,0.75,0.75,0.5
2025-02-24,Russell Dodington,Mike Gale,e1 mike gale,1821,E1,0,1761,1.19,0.44,0.5
2025-04-01,Russell Dodington,Suraj Prabhu,e1 suraj prabhu,1718,E1,0.5,1758,1.78,0.59,1
2025-04-07,Russell Dodington,Owen Tompkins Coll,e1 owen tompkins coll,1741,E1,1,1772,2.34,0.56,2
2025-05-06,Russell Dodington,Suraj Prabhu,e1 suraj prabhu,1718,E1,1,1784,2.93,0.59,3
2025-04-03,Huw Davies,Jaiden Flannery,n1 jaiden flannery,1539,N1,1,1786,0.8,0.8,1
2025-02-24,Joseph Durk,Tony Goodchild,w1 tony goodchild,1526,W1,1,1786,0.81,0.81,1
2025-03-12,Joseph Durk,Elliott Chapman,w1 elliott chapman,1604,W1,0,1764,1.54,0.73,1
2025-01-05,Andrew Smith,Constantine Popov,e1 constantine popov,1368,E1,1,1782,0.9,0.9,1
2025-01-17,Andrew Smith,Randall Wright,e1 randall wright,1535,E1,0.5,1773,1.7,0.8,1.5
2025-01-18,Andrew Smith,James Richards,g1 james richards,1517,G1,1,1778,2.52,0.82,2.5
2025-01-18,Andrew Smith,Jordan Heatman,w1 jordan heatman,1812,W1,1,1795,2.97,0.45,3.5
2025-01-19,Andrew Smith,Liam Powell-Jones,g1 liam powell-jones,1680,G1,0,1776,3.61,0.64,3.5
2025-01-19,Andrew Smith,Ben Richards,g1 ben richards,1589,G1,0.5,1768,4.36,0.75,4
2025-01-28,Andrew Smith,Hywel Griffiths,w1 hywel griffiths,1902,W1,0,1758,4.69,0.33,4
2025-02-03,Andrew Smith,Bob Moore,w1 bob moore,1926,W1,0.5,1764,4.99,0.3,4.5
2025-02-10,Andrew Smith,Chris Daniel,w1 chris daniel,1745,W1,0.5,1763,5.54,0.55,5
2025-02-18,Andrew Smith,Malcolm Probert,w1 malcolm probert,1760,W1,0.5,1762,6.07,0.53,5.5
2025-02-23,Andrew Smith,Hywel Griffiths,w1 hywel griffiths,1902,W1,0.5,1767,6.4,0.33,6
2025-03-11,Andrew Smith,Dale Westcott,w1 dale westcott,1864,W1,0,1756,6.78,0.38,6
2025-03-23,Andrew Smith,Emma Kong,e1 emma kong,1946,E1,1,1777,7.06,0.28,7
2025-03-25,Andrew Smith,Dale Westcott,w1 dale westcott,1864,W1,0,1766,7.44,0.38,7
2025-04-01,Andrew Smith,Huw Jones,w1 huw jones,1776,W1,0.5,1766,7.94,0.5,7.5
2025-04-07,Andrew Smith,Peter Bevan,w1 peter bevan,1883,W1,1,1785,8.29,0.35,8.5
2025-04-18,Andrew Smith,Stuart Enoch,e1 stuart enoch,1560,E1,1,1792,9.07,0.78,9.5
2025-04-18,Andrew Smith,Ivan De La Cruz,e1 ivan de la cruz,2110,E1,0,1788,9.2,0.13,9.5
2025-04-19,Andrew Smith,Alexis Kristoff Malibiran,NA,1833,ENG,0.5,1790,9.62,0.42,10
2025-04-19,Andrew Smith,Scott Hammett,d1 scott hammett,1802,D1,1,1806,10.09,0.47,11
2025-04-21,Andrew Smith,Aldrin Malibiran,NA,1993,ENG,0,1799,10.32,0.23,11
2025-04-21,Andrew Smith,Liam Powell-Jones,g1 liam powell-jones,1680,G1,1,1810,10.96,0.64,12
2025-04-22,Andrew Smith,Donovan Sipho,w1 donovan sipho,1803,W1,0,1796,11.43,0.47,12
2025-04-28,Andrew Smith,Andrew Thomas,w1 andrew thomas,1902,W1,0.5,1801,11.76,0.33,12.5
2025-05-05,Andrew Smith,Martyn Griffiths,w1 martyn griffiths,1820,W1,0.5,1803,12.2,0.44,13
2025-05-06,Andrew Smith,Tony Williams,w1 tony williams,1405,W1,1,1806,13.1,0.9,14
2025-05-11,Andrew Smith,Chris Dixon,g1 chris dixon,1849,G1,0.5,1809,13.5,0.4,14.5
2025-05-12,Andrew Smith,Neil Stuart,w1 neil stuart,1692,W1,1,1821,14.12,0.62,15.5
2025-05-21,Andrew Smith,Glyn Hill,w1 glyn hill,1431,W1,1,1824,15,0.88,16.5
2025-06-03,Andrew Smith,Farouq Nasir,w1 farouq nasir,1670,W1,1,1835,15.65,0.65,17.5
2025-06-11,Andrew Smith,Peter Bevan,w1 peter bevan,1883,W1,0,1824,16,0.35,17.5
2025-06-25,Andrew Smith,Jonathan Thomas,w1 jonathan thomas,1868,W1,0.5,1828,16.37,0.37,18
2025-01-03,Huw Jones,Tony Slinger,NA,1941,ENG,0.5,1783,0.28,0.28,0.5
2025-01-04,Huw Jones,Chris Hankey,NA,1917,ENG,0,1773,0.59,0.31,0.5
2025-01-04,Huw Jones,Siyuan Ou,NA,1736,ENG,1,1787,1.15,0.56,1.5
2025-01-05,Huw Jones,Siyao Ou,NA,1719,ENG,0.5,1784,1.73,0.58,2
2025-01-05,Huw Jones,David Teague,NA,1826,ENG,0.5,1786,2.16,0.43,2.5
2025-01-14,Huw Jones,Donovan Sipho,w1 donovan sipho,1803,W1,0.5,1788,2.62,0.46,3
2025-01-18,Huw Jones,Thomas Phillips,e1 thomas phillips,1400,E1,0.5,1776,3.52,0.9,3.5
2025-01-18,Huw Jones,John A Williams,g1 john a williams,1680,G1,0.5,1772,4.15,0.63,4
2025-01-19,Huw Jones,James Richards,g1 james richards,1517,G1,0.5,1762,4.97,0.82,4.5
2025-01-19,Huw Jones,Matthew Thornton,e1 matthew thornton,1400,E1,0.5,1750,5.87,0.9,5
2025-01-29,Huw Jones,Evan Whitehouse,w1 evan whitehouse,1766,W1,0.5,1750,6.38,0.51,5.5
2025-03-19,Huw Jones,Alan Young,w1 alan young,2016,W1,0,1744,6.58,0.2,5.5
2025-03-23,Huw Jones,Govind Anandkumar,e1 govind anandkumar,1742,E1,0,1727,7.13,0.55,5.5
2025-03-28,Huw Jones,Evan Punshon,NA,1779,ENG,0.5,1727,7.63,0.5,6
2025-03-29,Huw Jones,Lydia Sun,NA,1733,ENG,0.5,1726,8.19,0.56,6.5
2025-03-29,Huw Jones,Cash Thom,NA,1752,ENG,0.5,1725,8.72,0.53,7
2025-03-30,Huw Jones,David J Buckell,NA,1756,ENG,1,1739,9.25,0.53,8
2025-03-30,Huw Jones,James Picton,NA,1786,ENG,0.5,1739,9.74,0.49,8.5
2025-04-01,Huw Jones,Andrew Smith,w1 andrew smith,1779,W1,0.5,1739,10.24,0.5,9
2025-04-16,Huw Jones,Ovidiu Pintea,w1 ovidiu pintea,1768,W1,0,1724,10.75,0.51,9
2025-04-22,Huw Jones,Les Philpin,w1 les philpin,1757,W1,1,1738,11.28,0.53,10
2025-05-06,Huw Jones,Evan Whitehouse,w1 evan whitehouse,1766,W1,1,1753,11.79,0.51,11
2025-05-16,Huw Jones,David L Weston,NA,1776,ENG,1,1768,12.29,0.5,12
2025-05-17,Huw Jones,Nicholas B Stout,NA,1795,ENG,1,1783,12.76,0.47,13
2025-05-17,Huw Jones,Elmira Walker,NA,1808,ENG,0.5,1785,13.21,0.45,13.5
2025-05-18,Huw Jones,Robert G Thompson,NA,1735,ENG,0,1768,13.77,0.56,13.5
2025-05-18,Huw Jones,John Belinger,NA,1786,ENG,0.5,1769,14.26,0.49,14
2025-06-10,Huw Jones,Michael Beck,w1 michael beck,1838,W1,0.5,1771,14.67,0.41,14.5
2025-04-28,Luke Williams,Thomas Macdonald-Wright,w1 thomas macdonald-wright,1385,W1,0,1749,0.9,0.9,0
2025-01-05,Sergio Esteves,Hywel Griffiths,w1 hywel griffiths,1902,W1,1,1795,0.32,0.32,1
2025-01-13,Sergio Esteves,Oyvind Ringen,e1 oyvind ringen,1663,E1,1,1806,0.98,0.66,2
2025-01-27,Sergio Esteves,Jack Hannigan,e1 jack hannigan,1740,E1,0.5,1804,1.53,0.55,2.5
2025-02-02,Sergio Esteves,Neil Stuart,w1 neil stuart,1692,W1,0.5,1801,2.15,0.62,3
2025-02-10,Sergio Esteves,Sam White,e1 sam white,1587,E1,1,1808,2.9,0.75,4
2025-02-23,Sergio Esteves,Guy Wagner,e1 guy wagner,1832,E1,0.5,1811,3.32,0.42,4.5
2025-02-24,Sergio Esteves,Oyvind Ringen,e1 oyvind ringen,1663,E1,0.5,1806,3.98,0.66,5
2025-03-03,Sergio Esteves,Stefan Le Roy,e1 stefan le roy,1734,E1,0.5,1804,4.54,0.56,5.5
2025-03-10,Sergio Esteves,Adam Sarwar,e1 adam sarwar,1600,E1,1,1812,5.27,0.73,6.5
2025-03-17,Sergio Esteves,James Williams,e1 james williams,1522,E1,1,1818,6.08,0.81,7.5
2025-03-31,Sergio Esteves,Ken Hannah,e1 ken hannah,1793,E1,0.5,1819,6.55,0.47,8
2025-04-15,Sergio Esteves,Gareth Richards,e1 gareth richards,1632,E1,0.5,1813,7.24,0.69,8.5
2025-05-11,Sergio Esteves,Emma Kong,e1 emma kong,1946,E1,0.5,1820,7.51,0.27,9
2025-06-02,Sergio Esteves,Garmon Iago,e1 garmon iago,1600,E1,0.5,1813,8.24,0.73,9.5
2025-01-07,Tanmay Madhusudhan,Matthew Matthias,n1 matthew matthias,1708,N1,1,1784,0.59,0.59,1
2025-01-21,Tanmay Madhusudhan,Joe Muxlow,n1 joe muxlow,1792,N1,0,1770,1.06,0.47,1
2025-02-11,Tanmay Madhusudhan,Paul Sadler,n1 paul sadler,1741,N1,1,1784,1.6,0.54,2
2025-02-18,Tanmay Madhusudhan,Gregory Barker,n1 gregory barker,1726,N1,0.5,1782,2.17,0.57,2.5
2025-03-11,Tanmay Madhusudhan,John Harvey,NA,1918,ENG,0,1773,2.47,0.3,2.5
2025-01-18,Leon Jansen van Rensburg,David Robinson,e1 david robinson,1898,E1,0,1760,0.32,0.32,0
2025-01-18,Leon Jansen van Rensburg,Roy Thomas,e1 roy thomas,1901,E1,0,1751,0.64,0.32,0
2025-01-19,Leon Jansen van Rensburg,Chris Dixon,g1 chris dixon,1849,G1,0.5,1754,1.03,0.39,0.5
2025-01-19,Leon Jansen van Rensburg,Darson Beeston,w1 darson beeston,1741,W1,1,1768,1.57,0.54,1.5
2025-01-20,Leon Jansen van Rensburg,Clive Silver,e1 clive silver,1639,E1,1,1777,2.25,0.68,2.5
2025-02-10,Leon Jansen van Rensburg,Adam Christopher,e1 adam christopher,1589,E1,0,1755,2.99,0.74,2.5
2025-02-17,Leon Jansen van Rensburg,Yusuf Sulemani,e1 yusuf sulemani,1789,E1,0,1741,3.46,0.47,2.5
2025-02-24,Leon Jansen van Rensburg,Thomas Mahoney,e1 thomas mahoney,1854,E1,0,1730,3.84,0.38,2.5
2025-04-01,Leon Jansen van Rensburg,Jeremy Jones,e1 jeremy jones,1632,E1,1,1739,4.53,0.69,3.5
2025-04-14,Leon Jansen van Rensburg,George Bowkett,e1 george bowkett,1757,E1,1,1753,5.05,0.52,4.5
2025-04-28,Leon Jansen van Rensburg,Lef Zografos,e1 lef zografos,1830,E1,0,1741,5.46,0.41,4.5
2025-05-19,Leon Jansen van Rensburg,Hamid Farani Sani,e1 hamid farani sani,1663,E1,0,1721,6.11,0.65,4.5
2025-01-06,Simon Blackmore,Dave Parsons,e1 dave parsons,1809,E1,1,1786,0.44,0.44,1
2025-01-27,Simon Blackmore,Sami Hoosein,e1 sami hoosein,1391,E1,1,1789,1.34,0.9,2
2025-02-17,Simon Blackmore,Mike Gale,e1 mike gale,1821,E1,0.5,1791,1.77,0.43,2.5
2025-03-04,Simon Blackmore,Paul Bridges,e1 paul bridges,1815,E1,0,1778,2.2,0.43,2.5
2025-03-20,Simon Blackmore,Yusuf Sulemani,e1 yusuf sulemani,1789,E1,0,1764,2.67,0.47,2.5
2025-04-02,Simon Blackmore,Tomasz Zaporowski,e1 tomasz zaporowski,1800,E1,0,1750,3.13,0.46,2.5
2025-04-17,Simon Blackmore,Patrick Civil,e1 patrick civil,1474,E1,1,1755,3.98,0.85,3.5
2025-04-18,Simon Blackmore,Anezka Vlkova,e1 anezka vlkova,1948,E1,0,1747,4.24,0.26,3.5
2025-04-18,Simon Blackmore,Glyn Hill,w1 glyn hill,1431,W1,1,1751,5.11,0.87,4.5
2025-04-19,Simon Blackmore,Madged Bani Hani,g1 madged bani hani,1750,G1,0.5,1750,5.64,0.53,5
2025-04-19,Simon Blackmore,Will Elworthy,e1 will elworthy,1750,E1,0,1734,6.17,0.53,5
2025-04-20,Simon Blackmore,Mike Hollyman,e1 mike hollyman,1711,E1,1,1747,6.75,0.58,6
2025-04-21,Simon Blackmore,Mark Thomas,w1 mark thomas,1981,W1,0,1740,6.98,0.23,6
2025-04-21,Simon Blackmore,Kristan Enoch,e1 kristan enoch,1747,E1,0,1724,7.51,0.53,6
2025-04-28,Simon Blackmore,Bob Hurn,e1 bob hurn,1612,E1,0,1702,8.22,0.71,6
2025-05-15,Simon Blackmore,Dave Parsons,e1 dave parsons,1809,E1,0.5,1704,8.66,0.44,6.5
2025-06-03,Simon Blackmore,Jai Are,e1 jai are,1310,E1,1,1707,9.56,0.9,7.5
2025-01-07,Emyr Roberts,Piotr Graczyk,e1 piotr graczyk,1761,E1,1,1784,0.51,0.51,1
2025-01-21,Emyr Roberts,Csege Hanczar,e1 csege hanczar,1644,E1,0.5,1778,1.18,0.67,1.5
2025-01-28,Emyr Roberts,David Robinson,e1 david robinson,1898,E1,0,1769,1.5,0.32,1.5
2025-02-04,Emyr Roberts,Garmon Iago,e1 garmon iago,1600,E1,1,1777,2.23,0.73,2.5
2025-02-18,Emyr Roberts,David Belochkin,e1 david belochkin,1803,E1,1,1793,2.68,0.45,3.5
2025-03-04,Emyr Roberts,Dave Parsons,e1 dave parsons,1809,E1,0,1780,3.12,0.44,3.5
2025-03-25,Emyr Roberts,Cosmin Stancu,e1 cosmin stancu,1689,E1,0,1762,3.73,0.61,3.5
2025-06-03,Emyr Roberts,Zara Patan,e1 zara patan,1310,E1,1,1765,4.63,0.9,4.5
2025-06-10,Emyr Roberts,Constantine Popov,e1 constantine popov,1368,E1,1,1768,5.53,0.9,5.5
2025-06-24,Emyr Roberts,Tim Kett,e1 tim kett,2209,E1,0,1765,5.63,0.1,5.5
2025-01-08,Matthew Fox,Reuben Tarjanyi,n1 reuben tarjanyi,1598,N1,1,1776,0.73,0.73,1
2025-04-15,Matthew Fox,Michael Whale,n1 michael whale,1830,N1,1,1794,1.14,0.41,2
2025-05-14,Matthew Fox,Deio Parri,n1 deio parri,1754,N1,0.5,1793,1.66,0.52,2.5
2025-01-28,Ovidiu Pintea,Spencer Ripley,w1 spencer ripley,1469,W1,1,1773,0.85,0.85,1
2025-01-29,Ovidiu Pintea,John Arnold,w1 john arnold,1792,W1,1,1789,1.32,0.47,2
2025-02-04,Ovidiu Pintea,Wiliam Francis,w1 wiliam francis,1477,W1,1,1793,2.16,0.84,3
2025-02-05,Ovidiu Pintea,James Evans,w1 james evans,1655,W1,1,1804,2.82,0.66,4
2025-02-10,Ovidiu Pintea,Adam Woodruff,w1 adam woodruff,1991,W1,0,1797,3.04,0.22,4
2025-02-12,Ovidiu Pintea,Mike Richards,w1 mike richards,1510,W1,1,1803,3.86,0.82,5
2025-02-25,Ovidiu Pintea,Malcolm Probert,w1 malcolm probert,1760,W1,0.5,1802,4.37,0.51,5.5
2025-02-26,Ovidiu Pintea,Jeff Boyce,w1 jeff boyce,1524,W1,1,1808,5.17,0.8,6.5
2025-03-11,Ovidiu Pintea,Vismith Prabhu,w1 vismith prabhu,1904,W1,0,1799,5.48,0.31,6.5
2025-03-17,Ovidiu Pintea,Ian Jones,w1 ian jones,1939,W1,0,1791,5.75,0.27,6.5
2025-03-24,Ovidiu Pintea,Ian Jones,w1 ian jones,1939,W1,0,1782,6.02,0.27,6.5
2025-03-25,Ovidiu Pintea,Jeff Boyce,w1 jeff boyce,1524,W1,1,1788,6.82,0.8,7.5
2025-04-16,Ovidiu Pintea,Huw Jones,w1 huw jones,1776,W1,1,1804,7.31,0.49,8.5
2025-01-05,Matthew Billington,Peter Quinn,e1 peter quinn,1826,E1,0,1754,0.41,0.41,0
2025-01-07,Matthew Billington,Andrew Di-Vetta,e1 andrew di-vetta,1787,E1,0,1739,0.88,0.47,0
2025-01-15,Matthew Billington,Steve Edwards,w1 steve edwards,1616,W1,1,1748,1.58,0.7,1
2025-01-28,Matthew Billington,Carl Halpin,w1 carl halpin,1576,W1,0.5,1741,2.33,0.75,1.5
2025-02-10,Matthew Billington,Darson Beeston,w1 darson beeston,1741,W1,0.5,1740,2.87,0.54,2
2025-02-19,Matthew Billington,Julien Potier,w1 julien potier,1499,W1,1,1745,3.69,0.82,3
2025-02-25,Matthew Billington,Martyn Griffiths,w1 martyn griffiths,1820,W1,0.5,1747,4.11,0.42,3.5
2025-02-26,Matthew Billington,Paul Headon,w1 paul headon,1726,W1,0.5,1746,4.67,0.56,4
2025-03-03,Matthew Billington,Ian Jones,w1 ian jones,1939,W1,0,1738,4.94,0.27,4
2025-03-18,Matthew Billington,Mark Wilson,w1 mark wilson,1670,W1,1,1749,5.57,0.63,5
2025-03-26,Matthew Billington,James Evans,w1 james evans,1655,W1,0.5,1744,6.22,0.65,5.5
2025-04-02,Matthew Billington,Ben Rowlands,w1 ben rowlands,1668,W1,0.5,1740,6.86,0.64,6
2025-04-08,Matthew Billington,Hywel Griffiths,w1 hywel griffiths,1902,W1,0.5,1745,7.17,0.31,6.5
2025-04-16,Matthew Billington,Vlad Pintea,w1 vlad pintea,1740,W1,1,1759,7.71,0.54,7.5
2025-04-23,Matthew Billington,Evan Whitehouse,w1 evan whitehouse,1766,W1,0,1744,8.21,0.5,7.5
2025-04-28,Matthew Billington,Andrew Gibbons,w1 andrew gibbons,1975,W1,1,1767,8.44,0.23,8.5
2025-04-29,Matthew Billington,Jonathan Thomas,w1 jonathan thomas,1868,W1,0,1757,8.8,0.36,8.5
2025-04-30,Matthew Billington,Peter Bevan,w1 peter bevan,1883,W1,0,1747,9.14,0.34,8.5
2025-05-06,Matthew Billington,Peter Bevan,w1 peter bevan,1883,W1,1,1766,9.48,0.34,9.5
2025-05-14,Matthew Billington,Adam Woodruff,w1 adam woodruff,1991,W1,0,1760,9.69,0.21,9.5
2025-01-14,Evan Whitehouse,Chris Daniel,w1 chris daniel,1745,W1,1,1780,0.53,0.53,1
2025-01-29,Evan Whitehouse,Huw Jones,w1 huw jones,1776,W1,0.5,1781,1.02,0.49,1.5
2025-02-04,Evan Whitehouse,Carl Halpin,w1 carl halpin,1576,W1,0.5,1773,1.77,0.75,2
2025-02-05,Evan Whitehouse,Aaron Davies,w1 aaron davies,1535,W1,0.5,1764,2.56,0.79,2.5
2025-02-10,Evan Whitehouse,Ian Jones,w1 ian jones,1939,W1,0,1756,2.83,0.27,2.5
2025-02-12,Evan Whitehouse,Aaron Davies,w1 aaron davies,1535,W1,1,1763,3.62,0.79,3.5
2025-02-24,Evan Whitehouse,Karl Wendrich,w1 karl wendrich,1627,W1,1,1772,4.31,0.69,4.5
2025-02-26,Evan Whitehouse,John Williams (W),w1 john williams (w),1316,W1,1,1775,5.21,0.9,5.5
2025-03-17,Evan Whitehouse,Andrew Gibbons,w1 andrew gibbons,1975,W1,0,1768,5.44,0.23,5.5
2025-03-25,Evan Whitehouse,Julien Potier,w1 julien potier,1499,W1,0,1743,6.26,0.82,5.5
2025-04-23,Evan Whitehouse,Matthew Billington,w1 matthew billington,1766,W1,1,1758,6.76,0.5,6.5
2025-04-29,Evan Whitehouse,Guto Llywelyn,w1 guto llywelyn,1676,W1,0.5,1754,7.39,0.63,7
2025-05-06,Evan Whitehouse,Huw Jones,w1 huw jones,1776,W1,0,1740,7.88,0.49,7
2025-04-07,Robert Kay,Jack Poole,d1 jack poole,1334,D1,1,1768,0.9,0.9,1
2025-01-17,Yaroslav Sharhorodsky,Naveen Daniel George,NA,1681,ENG,0,1746,0.62,0.62,0
2025-01-18,Yaroslav Sharhorodsky,Jonathan Edwards,e1 jonathan edwards,1466,E1,1,1751,1.47,0.85,1
2025-01-18,Yaroslav Sharhorodsky,Joshua Colcombe,g1 joshua colcombe,1600,G1,1,1759,2.19,0.72,2
2025-01-19,Yaroslav Sharhorodsky,Jacob Limeslade,e1 jacob limeslade,1467,E1,0,1734,3.04,0.85,2
2025-01-25,Yaroslav Sharhorodsky,Krishnaswaroop Thommegowda,NA,1861,ENG,0,1723,3.41,0.37,2
2025-01-25,Yaroslav Sharhorodsky,Ayaan Quraishi,NA,1644,ENG,1,1733,4.08,0.67,3
2025-04-18,Yaroslav Sharhorodsky,Madged Bani Hani,g1 madged bani hani,1750,G1,1,1747,4.6,0.52,4
2025-04-18,Yaroslav Sharhorodsky,Mark Adams,g1 mark adams,1975,G1,1,1770,4.83,0.23,5
2025-04-19,Yaroslav Sharhorodsky,David L Roberts,NA,2032,ENG,0,1765,5.01,0.18,5
2025-04-19,Yaroslav Sharhorodsky,Dominic V Gibbs,NA,2035,ENG,0.5,1775,5.18,0.17,5.5
2025-04-20,Yaroslav Sharhorodsky,Will Elworthy,e1 will elworthy,1750,E1,1,1789,5.7,0.52,6.5
2025-04-21,Yaroslav Sharhorodsky,Donovan Sipho,w1 donovan sipho,1803,W1,1,1806,6.15,0.45,7.5
2025-04-21,Yaroslav Sharhorodsky,James Tapp,e1 james tapp,2080,E1,0.5,1817,6.29,0.14,8
2025-03-07,Dan Edwards,Steve Cunliffe,e1 steve cunliffe,1915,E1,1,1785,0.3,0.3,1
2025-03-31,Dan Edwards,Gwyn Havard,e1 gwyn havard,1793,E1,0,1771,0.76,0.46,1
2025-01-06,Gary Slegg,Rick Purcell,NA,1885,ENG,0,1752,0.33,0.33,0
2025-01-14,Gary Slegg,Paul Bluck,NA,1734,ENG,0.5,1751,0.87,0.54,0.5
2025-01-16,Gary Slegg,Munroe Morrison,NA,1824,ENG,0.5,1754,1.28,0.41,1
2025-01-21,Gary Slegg,Roger Winterburn,n1 roger winterburn,1878,N1,0,1743,1.62,0.34,1
2025-01-28,Gary Slegg,Waylon Chan,NA,1780,ENG,0,1729,2.09,0.47,1
2025-02-02,Gary Slegg,Sam Brown,w1 sam brown,1700,W1,1,1741,2.68,0.59,2
2025-02-04,Gary Slegg,David Fernandez-Arias,n1 david fernandez-arias,1747,N1,0,1726,3.2,0.52,2
2025-02-05,Gary Slegg,Ethan Parker,NA,1861,ENG,0,1715,3.56,0.36,2
2025-02-06,Gary Slegg,Richard Bryant,NA,1942,ENG,0,1707,3.82,0.26,2
2025-02-07,Gary Slegg,Steve Williams (Cwm),g1 steve williams (cwm),1850,G1,0,1696,4.2,0.38,2
2025-02-08,Gary Slegg,Michael Lee,NA,1794,ENG,0,1682,4.65,0.45,2
2025-02-08,Gary Slegg,Miheli Gunarathne,NA,1755,ENG,0.5,1682,5.16,0.51,2.5
2025-02-09,Gary Slegg,Marc Bryant,NA,1738,ENG,0,1666,5.69,0.53,2.5
2025-02-09,Gary Slegg,Lee Walls,NA,1782,ENG,0.5,1667,6.16,0.47,3
2025-02-13,Gary Slegg,Keith Butler,NA,1663,ENG,0.5,1663,6.8,0.64,3.5
2025-02-15,Gary Slegg,Nick Holmes,NA,1728,ENG,0.5,1661,7.35,0.55,4
2025-02-23,Gary Slegg,Reginald Mba,e1 reginald mba,1962,E1,0,1654,7.59,0.24,4
2025-02-24,Gary Slegg,Jamie Lear,NA,1832,ENG,0,1642,7.99,0.4,4
2025-03-04,Gary Slegg,Steve Richards,n1 steve richards,1715,N1,1,1655,8.56,0.57,5
2025-03-06,Gary Slegg,Steve Wilson,NA,1654,ENG,1,1665,9.21,0.65,6
2025-03-11,Gary Slegg,Dennis Bonner,NA,1695,ENG,0.5,1663,9.81,0.6,6.5
2025-03-13,Gary Slegg,Adrian Bailey,NA,1874,ENG,0,1652,10.15,0.34,6.5
2025-03-17,Gary Slegg,Robert McClennan,NA,1746,ENG,1,1667,10.67,0.52,7.5
2025-03-20,Gary Slegg,Julie van Kemenade,n1 julie van kemenade,1789,N1,0,1653,11.13,0.46,7.5
2025-03-23,Gary Slegg,Jason Garcia,w1 jason garcia,2057,W1,0,1648,11.28,0.15,7.5
2025-04-03,Gary Slegg,Keith Grice,NA,1665,ENG,0.5,1644,11.92,0.64,8
2025-04-08,Gary Slegg,Karl Davies,n1 karl davies,1474,N1,1,1649,12.76,0.84,9
2025-04-10,Gary Slegg,Mark Billington,NA,1761,ENG,1,1664,13.26,0.5,10
2025-04-15,Gary Slegg,Gary Pleavin,NA,1774,ENG,1,1679,13.74,0.48,11
2025-04-17,Gary Slegg,George Viszokai,NA,1636,ENG,1,1689,14.41,0.67,12
2025-04-19,Gary Slegg,Mykhalio Yaschera,NA,1596,ENG,1,1697,15.13,0.72,13
2025-04-19,Gary Slegg,Stewart Ogden,NA,1757,ENG,0.5,1697,15.64,0.51,13.5
2025-04-20,Gary Slegg,John Donegan,NA,1685,ENG,0,1679,16.25,0.61,13.5
2025-04-20,Gary Slegg,Hafsa Riaz,NA,1548,ENG,1,1686,17.02,0.77,14.5
2025-04-21,Gary Slegg,Chris Lysons,NA,1685,ENG,0.5,1682,17.63,0.61,15
2025-04-21,Gary Slegg,David Kilmartin,NA,1783,ENG,1,1698,18.1,0.47,16
2025-04-25,Gary Slegg,Stephen Taylor,NA,1562,ENG,1,1705,18.86,0.76,17
2025-04-26,Gary Slegg,Lev Razhnou,NA,1929,ENG,0,1697,19.14,0.28,17
2025-04-26,Gary Slegg,Dan Guerrero,NA,1599,ENG,1,1706,19.86,0.72,18
2025-04-27,Gary Slegg,Guy Wagner,e1 guy wagner,1832,E1,0.5,1709,20.26,0.4,18.5
2025-04-27,Gary Slegg,Jonathan Burch,NA,1812,ENG,0,1696,20.69,0.43,18.5
2025-04-29,Gary Slegg,Ellick Spiers,NA,1669,ENG,1,1707,21.32,0.63,19.5
2025-04-30,Gary Slegg,Shane Greenwood,NA,1798,ENG,1,1723,21.77,0.45,20.5
2025-05-06,Gary Slegg,Rudi Bedford,NA,1801,ENG,0.5,1725,22.21,0.44,21
2025-05-09,Gary Slegg,Malcolm Green,NA,1570,ENG,1,1733,22.96,0.75,22
2025-05-10,Gary Slegg,Stephen Williams (RP),n1 stephen williams (rp),1655,N1,1,1743,23.61,0.65,23
2025-05-10,Gary Slegg,Hal Mchugh,NA,1663,ENG,1,1754,24.25,0.64,24
2025-05-11,Gary Slegg,David Fernandez-Arias,n1 david fernandez-arias,1747,N1,0.5,1753,24.77,0.52,24.5
2025-05-11,Gary Slegg,Jeffrey Foy,NA,1644,ENG,0.5,1748,25.43,0.66,25
2025-05-14,Gary Slegg,Richard Thompson,NA,1714,ENG,1,1761,26,0.57,26
2025-05-16,Gary Slegg,Paul Sadler,n1 paul sadler,1741,N1,0.5,1760,26.53,0.53,26.5
2025-05-25,Gary Slegg,Bittor Ibanez,NA,1574,ENG,1,1768,27.28,0.75,27.5
2025-05-25,Gary Slegg,Siyuan Ou,NA,1704,ENG,0,1750,27.86,0.58,27.5
2025-05-25,Gary Slegg,Ishaan Narang,NA,1450,ENG,0,1725,28.72,0.86,27.5
2025-05-26,Gary Slegg,Mukasa Kaddu,NA,1897,ENG,0,1715,29.03,0.31,27.5
2025-05-26,Gary Slegg,Siyao Ou,NA,1734,ENG,1,1729,29.57,0.54,28.5
2025-05-30,Gary Slegg,Darshan Kumaresan,NA,1944,ENG,0,1721,29.83,0.26,28.5
2025-05-31,Gary Slegg,Tiiu Loog,NA,1821,ENG,1,1739,30.25,0.42,29.5
2025-05-31,Gary Slegg,Tom Balmand,NA,1876,ENG,0,1729,30.59,0.34,29.5
2025-06-01,Gary Slegg,Edmund Stell,NA,1705,ENG,1,1741,31.17,0.58,30.5
2025-06-01,Gary Slegg,Aviraj Bhaduri,NA,1696,ENG,0,1723,31.76,0.59,30.5
2025-06-03,Gary Slegg,Matthew Clark,NA,1861,ENG,1,1742,32.12,0.36,31.5
2025-06-24,Gary Slegg,Krishnaswaroop Thimmegowda,NA,1876,ENG,0,1732,32.46,0.34,31.5
2025-06-27,Gary Slegg,Kevin Markey,NA,1668,ENG,1,1743,33.09,0.63,32.5
2025-06-28,Gary Slegg,Peter Mari,NA,1627,ENG,0.5,1738,33.78,0.69,33
2025-06-28,Gary Slegg,Joe Moxon,NA,1790,ENG,0.5,1739,34.24,0.46,33.5
2025-06-29,Gary Slegg,Richard Renegade,NA,1798,ENG,0,1725,34.69,0.45,33.5
2025-06-29,Gary Slegg,Aviraj Bhaduri,NA,1740,ENG,0,1710,35.22,0.53,33.5
2025-01-05,Piotr Graczyk,Chris Daniel,w1 chris daniel,1745,W1,0.5,1760,0.52,0.52,0.5
2025-01-07,Piotr Graczyk,Emyr Roberts,e1 emyr roberts,1769,E1,0,1746,1.01,0.49,0.5
2025-01-13,Piotr Graczyk,Daniel Wilmot,e1 daniel wilmot,1974,E1,0,1739,1.24,0.23,0.5
2025-01-21,Piotr Graczyk,David Belochkin,e1 david belochkin,1803,E1,1,1756,1.68,0.44,1.5
2025-02-02,Piotr Graczyk,Toby Reckless,e1 toby reckless,1490,E1,1,1761,2.51,0.83,2.5
2025-02-05,Piotr Graczyk,Martin Ricketts,e1 martin ricketts,1529,E1,1,1767,3.3,0.79,3.5
2025-02-10,Piotr Graczyk,Thomas Mahoney,e1 thomas mahoney,1854,E1,0.5,1771,3.67,0.37,4
2025-02-18,Piotr Graczyk,Gareth Richards,e1 gareth richards,1632,E1,0,1751,4.35,0.68,4
2025-02-23,Piotr Graczyk,Roy Thomas,e1 roy thomas,1901,E1,0,1741,4.66,0.31,4
2025-03-12,Piotr Graczyk,Rohit Saseendran,e1 rohit saseendran,1607,E1,1,1750,5.37,0.71,5
2025-03-17,Piotr Graczyk,Gavin Jones,e1 gavin jones,1825,E1,0,1738,5.78,0.41,5
2025-03-23,Piotr Graczyk,Chris Dixon,g1 chris dixon,1849,G1,0,1727,6.16,0.38,5
2025-03-25,Piotr Graczyk,James Evans (Cf),e1 james evans (cf),1600,E1,0.5,1720,6.88,0.72,5.5
2025-05-11,Piotr Graczyk,Hywel Griffiths,w1 hywel griffiths,1902,W1,0.5,1726,7.19,0.31,6
2025-05-19,Piotr Graczyk,Gwynfor Rees,e1 gwynfor rees,2016,E1,0,1720,7.38,0.19,6
2025-05-20,Piotr Graczyk,Govind Anandkumar,e1 govind anandkumar,1742,E1,0,1704,7.91,0.53,6
2025-01-03,Malcolm Probert,Joe Muxlow,n1 joe muxlow,1792,N1,0.5,1761,0.45,0.45,0.5
2025-01-04,Malcolm Probert,Rhys Macmillan,NA,1739,ENG,0.5,1760,0.98,0.53,1
2025-01-04,Malcolm Probert,T Giles Stanton,NA,1709,ENG,0.5,1758,1.55,0.57,1.5
2025-01-05,Malcolm Probert,Ewan Herd,NA,1815,ENG,0,1746,1.97,0.42,1.5
2025-01-05,Malcolm Probert,Ken Ronald,NA,1700,ENG,0.5,1743,2.56,0.59,2
2025-01-06,Malcolm Probert,James Harford,w1 james harford,1854,W1,0.5,1747,2.93,0.37,2.5
2025-01-11,Malcolm Probert,Grant Daly,NA,1794,ENG,1,1764,3.38,0.45,3.5
2025-01-11,Malcolm Probert,Trevor Hurt,NA,1790,ENG,0.5,1765,3.84,0.46,4
2025-01-12,Malcolm Probert,David R Rogers,NA,1819,ENG,0.5,1767,4.26,0.42,4.5
2025-01-12,Malcolm Probert,Elliott Spinney,NA,1815,ENG,0,1755,4.68,0.42,4.5
2025-01-17,Malcolm Probert,Rudy Van Kemenade,n1 rudy van kemenade,1946,N1,0,1747,4.94,0.26,4.5
2025-01-18,Malcolm Probert,Chris Dixon,g1 chris dixon,1849,G1,0.5,1751,5.31,0.37,5
2025-01-18,Malcolm Probert,Bence Szakmany,e1 bence szakmany,1969,E1,0,1744,5.54,0.23,5
2025-01-19,Malcolm Probert,Deio Parri,n1 deio parri,1754,N1,0.5,1744,6.05,0.51,5.5
2025-01-29,Malcolm Probert,Eugene Tee,w1 eugene tee,1640,W1,1,1754,6.72,0.67,6.5
2025-02-04,Malcolm Probert,Hywel Griffiths,w1 hywel griffiths,1902,W1,0,1744,7.03,0.31,6.5
2025-02-07,Malcolm Probert,Nathan Harvey-Jones,NA,1854,ENG,0.5,1748,7.4,0.37,7
2025-02-08,Malcolm Probert,Jordan Lee,NA,1893,ENG,0,1739,7.72,0.32,7
2025-02-08,Malcolm Probert,Anthony Stanton,NA,1810,ENG,0.5,1741,8.15,0.43,7.5
2025-02-09,Malcolm Probert,Peter A Nickals,NA,1845,ENG,0,1730,8.53,0.38,7.5
2025-02-09,Malcolm Probert,Ian C Stone,NA,1821,ENG,0,1717,8.94,0.41,7.5
2025-02-10,Malcolm Probert,Andrew Thomas,w1 andrew thomas,1902,W1,0.5,1723,9.25,0.31,8
2025-02-18,Malcolm Probert,Andrew Smith,w1 andrew smith,1779,W1,0.5,1724,9.72,0.47,8.5
2025-02-25,Malcolm Probert,Ovidiu Pintea,w1 ovidiu pintea,1768,W1,0.5,1724,10.21,0.49,9
2025-03-03,Malcolm Probert,Andrew Gibbons,w1 andrew gibbons,1975,W1,0.5,1732,10.43,0.22,9.5
2025-03-04,Malcolm Probert,Jonathan Thomas,w1 jonathan thomas,1868,W1,0,1722,10.78,0.35,9.5
2025-03-08,Malcolm Probert,Richard M George,NA,1917,ENG,0,1713,11.07,0.29,9.5
2025-03-08,Malcolm Probert,Dmytro Romaniuk,NA,1897,ENG,0,1704,11.38,0.31,9.5
2025-03-09,Malcolm Probert,Jeremy D Lynn,NA,1895,ENG,0.5,1709,11.69,0.31,10
2025-03-09,Malcolm Probert,Paul Humphreys,NA,1847,ENG,0,1698,12.07,0.38,10
2025-03-19,Malcolm Probert,Vismith Prabhu,w1 vismith prabhu,1904,W1,0,1689,12.37,0.3,10
2025-03-28,Malcolm Probert,Mac Holland,NA,1794,ENG,1,1706,12.82,0.45,11
2025-03-29,Malcolm Probert,Barry Raynes,NA,1767,ENG,1,1721,13.31,0.49,12
2025-03-29,Malcolm Probert,Steve Williams (Cwm),g1 steve williams (cwm),1850,G1,0.5,1725,13.68,0.37,12.5
2025-03-30,Malcolm Probert,Chris Foley,NA,1762,ENG,0.5,1725,14.18,0.5,13
2025-03-30,Malcolm Probert,Nick D Holmes,NA,1699,ENG,1,1737,14.77,0.59,14
2025-04-01,Malcolm Probert,Roger Jenkins,w1 roger jenkins,1728,W1,1,1751,15.32,0.55,15
2025-04-02,Malcolm Probert,Jason Garcia,w1 jason garcia,2057,W1,0,1746,15.47,0.15,15
2025-04-09,Malcolm Probert,Richard Cleveland,w1 richard cleveland,2038,W1,0,1741,15.64,0.17,15
2025-04-14,Malcolm Probert,Bob Moore,w1 bob moore,1926,W1,0,1733,15.92,0.28,15
2025-04-18,Malcolm Probert,Will Elworthy,NA,1693,Est,0,1715,16.52,0.6,15
2025-04-18,Malcolm Probert,Richard Larg,e1 richard larg,1542,E1,0.5,1707,17.3,0.78,15.5
2025-04-19,Malcolm Probert,Chris Thompson,g1 chris thompson,1393,G1,1,1710,18.19,0.89,16.5
2025-04-19,Malcolm Probert,Madged Bani Hani,g1 madged bani hani,1750,G1,0,1694,18.7,0.51,16.5
2025-04-21,Malcolm Probert,Stuart Enoch,e1 stuart enoch,1560,E1,0.5,1687,19.46,0.76,17
2025-04-21,Malcolm Probert,Vijayaratnam Vijitharan,NA,1724,Est,0.5,1685,20.01,0.55,17.5
2025-04-29,Malcolm Probert,Steve Smith,w1 steve smith,1919,W1,0,1676,20.3,0.29,17.5
2025-05-06,Malcolm Probert,Bob Moore,w1 bob moore,1926,W1,0,1668,20.58,0.28,17.5
2025-05-16,Malcolm Probert,Duncan M Macarthur,NA,1802,ENG,0,1655,21.02,0.44,17.5
2025-05-17,Malcolm Probert,Alan D Evans,NA,1755,ENG,1,1670,21.53,0.51,18.5
2025-05-17,Malcolm Probert,Howard Graff,NA,1789,ENG,0,1656,21.99,0.46,18.5
2025-05-18,Malcolm Probert,Martin C Jones,d1 martin c jones,1832,D1,0,1644,22.39,0.4,18.5
2025-05-18,Malcolm Probert,Nigel Collins,NA,1722,ENG,0.5,1642,22.94,0.55,19
2025-05-24,Malcolm Probert,Rob Fursman,NA,1849,ENG,0,1631,23.31,0.37,19
2025-05-25,Malcolm Probert,Vivien Webster,NA,1797,ENG,0.5,1633,23.76,0.45,19.5
2025-05-25,Malcolm Probert,Neil S Homer,NA,1787,ENG,0,1619,24.22,0.46,19.5
2025-05-26,Malcolm Probert,Nigel Collins,NA,1722,ENG,1,1632,24.77,0.55,20.5
2025-05-26,Malcolm Probert,Derek F Edwards,NA,1860,ENG,0.5,1636,25.13,0.36,21
2025-06-27,Malcolm Probert,Vivien Webster,NA,1810,ENG,1,1654,25.56,0.43,22
2025-06-28,Malcolm Probert,Robert Owens,NA,1819,ENG,0,1641,25.98,0.42,22
2025-06-28,Malcolm Probert,Andrew T Jones,NA,1686,ENG,1,1653,26.58,0.6,23
2025-06-29,Malcolm Probert,David J Buckell,NA,1761,ENG,1,1668,27.08,0.5,24
2025-06-29,Malcolm Probert,Richard Renegade,NA,1798,ENG,0.5,1670,27.53,0.45,24.5
2025-01-07,Kam Choo Yin,Martin Blackman-Siegler,e1 martin blackman-siegler,1658,E1,0,1740,0.64,0.64,0
2025-01-15,Kam Choo Yin,Sam Jukes,e1 sam jukes,2013,E1,0,1734,0.83,0.19,0
2025-01-21,Kam Choo Yin,Csombor Hanczar,e1 csombor hanczar,1590,E1,0.5,1727,1.56,0.73,0.5
2025-01-29,Kam Choo Yin,Georgi Korovski,e1 georgi korovski,1950,E1,0,1720,1.81,0.25,0.5
2025-02-02,Kam Choo Yin,Andrew Jeanes,e1 andrew jeanes,1684,E1,0.5,1717,2.42,0.61,1
2025-02-13,Kam Choo Yin,Peter Quinn,e1 peter quinn,1826,E1,0,1705,2.82,0.4,1
2025-02-23,Kam Choo Yin,Adam Woodruff,w1 adam woodruff,1991,W1,0.5,1713,3.03,0.21,1.5
2025-03-04,Kam Choo Yin,Anthony Baker,e1 anthony baker,1659,E1,0.5,1709,3.67,0.64,2
2025-03-13,Kam Choo Yin,Andrew Di-Vetta,e1 andrew di-vetta,1787,E1,0,1695,4.13,0.46,2
2025-03-17,Kam Choo Yin,Jonathan Gilbert,g1 jonathan gilbert,2038,G1,0.5,1705,4.3,0.17,2.5
2025-03-23,Kam Choo Yin,Elliott MacNeil,e1 elliott macneil,2009,E1,0,1700,4.49,0.19,2.5
2025-04-09,Kam Choo Yin,Jake Hurley,e1 jake hurley,1941,E1,0,1692,4.75,0.26,2.5
2025-04-14,Kam Choo Yin,Patrick Civil,e1 patrick civil,1474,E1,1,1697,5.59,0.84,3.5
2025-04-15,Kam Choo Yin,Kristan Enoch,e1 kristan enoch,1747,E1,0,1681,6.11,0.52,3.5
2025-04-28,Kam Choo Yin,Daniel Wilmot,e1 daniel wilmot,1974,E1,0,1674,6.33,0.22,3.5
2025-05-11,Kam Choo Yin,Lee Davis,e1 lee davis,2100,E1,0.5,1686,6.45,0.12,4
2025-05-15,Kam Choo Yin,Ken Hannah,e1 ken hannah,1793,E1,1,1702,6.9,0.45,5
2025-05-20,Kam Choo Yin,Bill Harle,e1 bill harle,1787,E1,1,1718,7.36,0.46,6
2025-06-03,Kam Choo Yin,Ahmed Jamil,e1 ahmed jamil,1310,E1,1,1721,8.26,0.9,7
2025-06-10,Kam Choo Yin,Rohan Powell,e1 rohan powell,1310,E1,1,1724,9.16,0.9,8
2025-06-17,Kam Choo Yin,Andrei Zhuravlev,e1 andrei zhuravlev,1606,E1,1,1733,9.87,0.71,9
2025-06-24,Kam Choo Yin,Lucas Zheng,e1 lucas zheng,1650,E1,1,1744,10.52,0.65,10
2025-01-27,George Bowkett,Liam Penny,e1 liam penny,1846,E1,1,1776,0.37,0.37,1
2025-03-10,George Bowkett,Ethan McGrath,e1 ethan mcgrath,1901,E1,0,1767,0.67,0.3,1
2025-03-31,George Bowkett,Steve Jones,e1 steve jones,1838,E1,1,1785,1.06,0.39,2
2025-04-07,George Bowkett,Paul Bridges,e1 paul bridges,1815,E1,0,1773,1.48,0.42,2
2025-04-14,George Bowkett,Leon Jansen van Rensburg,e1 leon jansen van rensburg,1770,E1,0,1758,1.96,0.48,2
2025-05-07,George Bowkett,Emma Kong,e1 emma kong,1946,E1,0,1751,2.21,0.25,2
2025-01-20,Danny Den Drijver,Christopher Goy,NA,1587,ENG,1,1765,0.73,0.73,1
2025-02-26,Danny Den Drijver,Dave Littlemore,NA,1666,ENG,1,1776,1.36,0.63,2
2025-03-04,Danny Den Drijver,Matthew Matthias,n1 matthew matthias,1708,N1,1,1789,1.93,0.57,3
2025-03-18,Danny Den Drijver,Dave Hulme,NA,1656,ENG,1,1800,2.57,0.64,4
2025-04-02,Danny Den Drijver,Ian Stent,NA,1650,ENG,1,1811,3.22,0.65,5
2025-04-09,Danny Den Drijver,Dan Hill,NA,1689,ENG,1,1823,3.82,0.6,6
2025-04-16,Danny Den Drijver,Matthew James,NA,1699,ENG,1,1835,4.4,0.58,7
2025-01-06,Andrew Golley,Gareth Harper,w1 gareth harper,1717,W1,0,1740,0.56,0.56,0
2025-01-27,Andrew Golley,Ben Rowlands,w1 ben rowlands,1668,W1,0,1722,1.19,0.63,0
2025-02-02,Andrew Golley,Gavin Jones,e1 gavin jones,1825,E1,0,1709,1.59,0.4,0
2025-02-03,Andrew Golley,Peter Bevan,w1 peter bevan,1883,W1,0,1700,1.92,0.33,0
2025-03-17,Andrew Golley,Jordan Heatman,w1 jordan heatman,1812,W1,0,1687,2.34,0.42,0
2025-01-07,Les Philpin,Carl Halpin,w1 carl halpin,1576,W1,1,1765,0.74,0.74,1
2025-02-03,Les Philpin,Jeff Boyce,w1 jeff boyce,1524,W1,1,1771,1.53,0.79,2
2025-02-10,Les Philpin,Roger Jenkins,w1 roger jenkins,1728,W1,0.5,1770,2.07,0.54,2.5
2025-02-18,Les Philpin,Chris Daniel,w1 chris daniel,1745,W1,0.5,1769,2.59,0.52,3
2025-03-10,Les Philpin,Paul Headon,w1 paul headon,1726,W1,0.5,1768,3.13,0.54,3.5
2025-03-25,Les Philpin,Michael Beck,w1 michael beck,1838,W1,1,1786,3.52,0.39,4.5
2025-04-01,Les Philpin,John Arnold,w1 john arnold,1792,W1,0,1773,3.97,0.45,4.5
2025-04-09,Les Philpin,Paul Headon,w1 paul headon,1726,W1,0.5,1772,4.51,0.54,5
2025-04-22,Les Philpin,Huw Jones,w1 huw jones,1776,W1,0,1757,4.98,0.47,5
2025-05-05,Les Philpin,Carl Halpin,w1 carl halpin,1576,W1,1,1765,5.72,0.74,6
2025-01-07,Paul Scott,John A Williams,g1 john a williams,1680,G1,1,1768,0.61,0.61,1
2025-01-15,Paul Scott,Bob Hurn,e1 bob hurn,1612,E1,0,1747,1.31,0.7,1
2025-02-05,Paul Scott,Andrew Johnson,g1 andrew johnson,1597,G1,1,1755,2.02,0.71,2
2025-02-12,Paul Scott,Liam Powell-Jones,g1 liam powell-jones,1680,G1,1,1767,2.63,0.61,3
2025-02-26,Paul Scott,Dakota Samson,g1 dakota samson,1487,G1,0,1742,3.45,0.82,3
2025-01-17,Deio Parri,Michael Binks,e1 michael binks,1960,E1,0,1747,0.23,0.23,0
2025-01-18,Deio Parri,Roy Thomas,e1 roy thomas,1901,E1,0.5,1753,0.53,0.3,0.5
2025-01-18,Deio Parri,Calum Harris,e1 calum harris,1922,E1,0,1745,0.81,0.28,0.5
2025-01-19,Deio Parri,Malcolm Probert,w1 malcolm probert,1760,W1,0.5,1745,1.3,0.49,1
2025-01-22,Deio Parri,David Fernandez-Arias,n1 david fernandez-arias,1747,N1,0,1730,1.81,0.51,1
2025-02-25,Deio Parri,Barrie Wells,n1 barrie wells,1801,N1,1,1747,2.24,0.43,2
2025-04-19,Deio Parri,Patrick Bourne,d1 patrick bourne,1651,D1,0,1727,2.88,0.64,2
2025-04-19,Deio Parri,Stuart Enoch,e1 stuart enoch,1560,E1,1,1735,3.63,0.75,3
2025-04-20,Deio Parri,Alexis Kristoff Malibiran,NA,1833,ENG,0,1723,4.02,0.39,3
2025-04-20,Deio Parri,Richard Larg,e1 richard larg,1542,E1,0.5,1715,4.79,0.77,3.5
2025-04-21,Deio Parri,Kristan Enoch,e1 kristan enoch,1747,E1,0.5,1715,5.3,0.51,4
2025-04-21,Deio Parri,Mike Hollyman,e1 mike hollyman,1711,E1,0,1698,5.86,0.56,4
2025-05-14,Deio Parri,Matthew Fox,n1 matthew fox,1768,N1,0.5,1698,6.34,0.48,4.5
2025-06-27,Deio Parri,Joe Ledgerton,NA,1881,ENG,0,1689,6.66,0.32,4.5
2025-01-06,Peter Slater,Ian Abraham,e1 ian abraham,1803,E1,0.5,1756,0.43,0.43,0.5
2025-01-13,Peter Slater,Ben Richards,g1 ben richards,1589,G1,1,1764,1.15,0.72,1.5
2025-01-22,Peter Slater,Mateusz Gibiec,g1 mateusz gibiec,1822,G1,0,1752,1.55,0.4,1.5
2025-02-06,Peter Slater,Martin K Jones,e1 martin k jones,1625,E1,1,1762,2.23,0.68,2.5
2025-02-12,Peter Slater,Alan Keene,g1 alan keene,1890,G1,0.5,1768,2.54,0.31,3
2025-03-04,Peter Slater,Jeremy Jones,e1 jeremy jones,1632,E1,0.5,1763,3.21,0.67,3.5
2025-03-20,Peter Slater,Andrew Jeanes,e1 andrew jeanes,1684,E1,0,1745,3.81,0.6,3.5
2025-04-02,Peter Slater,Micah O'Toole,e1 micah o'toole,1858,E1,0.5,1749,4.16,0.35,4
2025-04-09,Peter Slater,Sam Jukes,e1 sam jukes,2013,E1,0,1743,4.34,0.18,4
2025-04-17,Peter Slater,David Corney,e1 david corney,1433,E1,1,1748,5.2,0.86,5
2025-03-10,Oliver Van Helden,Adam Christopher,e1 adam christopher,1589,E1,1,1761,0.72,0.72,1
2025-02-07,Kirill Akbulatov,Gavin Jones,e1 gavin jones,1825,E1,1,1768,0.39,0.39,1
2025-02-10,Kirill Akbulatov,Martin Blackman-Siegler,e1 martin blackman-siegler,1658,E1,1,1779,1.02,0.63,2
2025-04-21,Madged Bani Hani,Kevin Thomas,g1 kevin thomas,1840,G1,0,1739,0.37,0.37,0
2025-04-20,Madged Bani Hani,Liam Powell-Jones,g1 liam powell-jones,1680,G1,1,1751,0.97,0.6,1
2025-04-18,Madged Bani Hani,Danylo Shevchenko,e1 danylo shevchenko,1667,E1,0.5,1747,1.59,0.62,1.5
2025-04-18,Madged Bani Hani,Yaroslav Sharhorodsky,d1 yaroslav sharhorodsky,1765,D1,0,1733,2.07,0.48,1.5
2025-04-19,Madged Bani Hani,Simon Blackmore,e1 simon blackmore,1769,E1,0.5,1734,2.54,0.47,2
2025-04-19,Madged Bani Hani,Malcolm Probert,w1 malcolm probert,1760,W1,1,1749,3.03,0.49,3
2025-04-21,Madged Bani Hani,Dominic V Gibbs,NA,2035,ENG,1,1774,3.19,0.16,4
2025-04-26,Madged Bani Hani,Peter Varley,g1 peter varley,2159,G1,0,1771,3.29,0.1,4
2025-04-25,Madged Bani Hani,Gareth Holyfield,g1 gareth holyfield,1502,G1,1,1777,4.1,0.81,5
2025-04-26,Madged Bani Hani,Andrew Balfe,g1 andrew balfe,1601,G1,1,1786,4.8,0.7,6
2025-04-27,Madged Bani Hani,Bob Wiltshire,g1 bob wiltshire,1551,G1,1,1793,5.56,0.76,7
2025-04-27,Madged Bani Hani,Lucas James,g1 lucas james,1748,G1,0,1778,6.06,0.5,7
2025-05-24,Madged Bani Hani,Samuel Day,NA,1757,ENG,1,1794,6.55,0.49,8
2025-05-25,Madged Bani Hani,Vladimirs Bovtramovics,NA,1888,ENG,1,1814,6.86,0.31,9
2025-05-25,Madged Bani Hani,David Rogers,NA,1815,ENG,1,1832,7.27,0.41,10
2025-05-26,Madged Bani Hani,Hayden Griffiths,NA,1872,ENG,0.5,1837,7.6,0.33,10.5
2025-05-26,Madged Bani Hani,Tommy Wilkins,NA,1895,ENG,0,1828,7.9,0.3,10.5
2025-04-18,Will Elworthy,James Tapp,e1 james tapp,2080,E1,0,1746,0.13,0.13,0
2025-04-18,Will Elworthy,Malcolm Probert,w1 malcolm probert,1760,W1,1,1762,0.62,0.49,1
2025-04-19,Will Elworthy,Simon Blackmore,e1 simon blackmore,1769,E1,1,1777,1.09,0.47,2
2025-04-19,Will Elworthy,Kevin Thomas,g1 kevin thomas,1840,G1,0.5,1781,1.46,0.37,2.5
2025-04-20,Will Elworthy,Yaroslav Sharhorodsky,d1 yaroslav sharhorodsky,1765,D1,0,1767,1.94,0.48,2.5
2025-04-21,Will Elworthy,Zack Wilkins,e1 zack wilkins,1724,E1,0,1751,2.48,0.54,2.5
2025-01-21,Lucas James,Mike Stannard,g1 mike stannard,1564,G1,1,1756,0.74,0.74,1
2025-01-22,Lucas James,Liam Powell-Jones,g1 liam powell-jones,1680,G1,1,1768,1.34,0.6,2
2025-01-27,Lucas James,Zane Allford,g1 zane allford,1850,G1,1,1787,1.7,0.36,3
2025-02-10,Lucas James,Bob Wiltshire,g1 bob wiltshire,1551,G1,1,1794,2.46,0.76,4
2025-02-15,Lucas James,Wiliam Francis,w1 wiliam francis,1477,W1,1,1800,3.29,0.83,5
2025-02-15,Lucas James,Joe Fathallah,e1 joe fathallah,2043,E1,0.5,1810,3.44,0.15,5.5
2025-02-15,Lucas James,Bence Szakmany,e1 bence szakmany,1969,E1,0,1803,3.66,0.22,5.5
2025-02-16,Lucas James,Kristan Enoch,e1 kristan enoch,1747,E1,0,1788,4.16,0.5,5.5
2025-02-16,Lucas James,Divyajyoti,NA,1310,Est,1,1791,5.06,0.9,6.5
2025-02-24,Lucas James,Andrew Johnson,g1 andrew johnson,1597,G1,1,1800,5.76,0.7,7.5
2025-03-28,Lucas James,Colin J Davis,NA,2070,ENG,0,1796,5.9,0.14,7.5
2025-03-29,Lucas James,Adithya Vaidyanathan,NA,2282,ENG,0,1793,6,0.1,7.5
2025-03-29,Lucas James,Soumil Saha,NA,1780,ENG,1,1810,6.45,0.45,8.5
2025-04-27,Lucas James,Madged Bani Hani,g1 madged bani hani,1750,G1,1,1825,6.95,0.5,9.5
2025-04-25,Lucas James,Charlie Cooper,g1 charlie cooper,1371,G1,1,1828,7.85,0.9,10.5
2025-04-26,Lucas James,Lee Davis,e1 lee davis,2100,E1,0,1824,7.97,0.12,10.5
2025-04-27,Lucas James,John A Williams,g1 john a williams,1680,G1,1,1836,8.57,0.6,11.5
2025-05-16,Lucas James,Paul G Jackson,NA,1857,ENG,0.5,1841,8.92,0.35,12
2025-05-17,Lucas James,David M Cole,NA,1855,ENG,0,1830,9.27,0.35,12
2025-05-17,Lucas James,Andrew Di-Vetta,e1 andrew di-vetta,1787,E1,0,1817,9.71,0.44,12
2025-05-18,Lucas James,Tristan Dray-Pearce,NA,1870,ENG,1,1837,10.04,0.33,13
2025-05-18,Lucas James,Gerard T'hart,NA,1842,ENG,0,1826,10.41,0.37,13
2025-06-27,Lucas James,Patrick Bennett,n1 patrick bennett,2010,N1,0,1821,10.59,0.18,13
2025-06-28,Lucas James,Michael-Anthony Cook,NA,1928,ENG,0,1813,10.85,0.26,13
2025-06-29,Lucas James,Bjarne Zachariassen,NA,1967,ENG,0,1806,11.07,0.22,13
2025-06-29,Lucas James,Paul Doherty,NA,1899,ENG,0,1797,11.37,0.3,13
2025-01-05,Kristan Enoch,Lucas Zheng,e1 lucas zheng,1650,E1,0.5,1743,0.64,0.64,0.5
2025-01-15,Kristan Enoch,Justin Morgans,e1 justin morgans,1746,E1,0.5,1743,1.14,0.5,1
2025-01-29,Kristan Enoch,Guy Wagner,e1 guy wagner,1832,E1,1,1761,1.52,0.38,2
2025-02-05,Kristan Enoch,Steve Jones,e1 steve jones,1838,E1,0,1750,1.89,0.37,2
2025-02-15,Kristan Enoch,Dave Turner,g1 dave turner,1915,G1,0.5,1757,2.17,0.28,2.5
2025-02-16,Kristan Enoch,Ethan McGrath,e1 ethan mcgrath,1901,E1,0.5,1763,2.46,0.29,3
2025-02-16,Kristan Enoch,Lucas James,g1 lucas james,1748,G1,1,1778,2.96,0.5,4
2025-02-23,Kristan Enoch,Robert Wallace,e1 robert wallace,1541,E1,1,1785,3.73,0.77,5
2025-02-24,Kristan Enoch,David Lewis,e1 david lewis,1785,E1,1,1802,4.18,0.45,6
2025-02-26,Kristan Enoch,Guy Wagner,e1 guy wagner,1832,E1,1,1821,4.56,0.38,7
2025-03-03,Kristan Enoch,Steve Jones,e1 steve jones,1838,E1,0,1809,4.93,0.37,7
2025-03-05,Kristan Enoch,Matthew Davies,e1 matthew davies,1990,E1,0,1803,5.13,0.2,7
2025-03-10,Kristan Enoch,Clive Silver,e1 clive silver,1639,E1,1,1814,5.78,0.65,8
2025-03-12,Kristan Enoch,Joshua McKenna,e1 joshua mckenna,1801,E1,0,1801,6.2,0.42,8
2025-03-19,Kristan Enoch,David Rovaretti,e1 david rovaretti,1793,E1,1,1818,6.63,0.43,9
2025-03-20,Kristan Enoch,John McGregor,e1 john mcgregor,1921,E1,0,1810,6.9,0.27,9
2025-03-23,Kristan Enoch,Ken Wardle,e1 ken wardle,1650,E1,0.5,1806,7.54,0.64,9.5
2025-03-25,Kristan Enoch,Andrew Di-Vetta,e1 andrew di-vetta,1787,E1,1,1823,7.98,0.44,10.5
2025-04-09,Kristan Enoch,Bill Harle,e1 bill harle,1787,E1,1,1840,8.42,0.44,11.5
2025-04-14,Kristan Enoch,David Perrett,e1 david perrett,1953,E1,0.5,1848,8.65,0.23,12
2025-04-15,Kristan Enoch,Kam Choo Yin,e1 kam choo yin,1759,E1,1,1863,9.13,0.48,13
2025-04-16,Kristan Enoch,Micah O'Toole,e1 micah o'toole,1858,E1,0.5,1868,9.48,0.35,13.5
2025-04-18,Kristan Enoch,Joseph Browse,e1 joseph browse,1825,E1,0,1856,9.87,0.39,13.5
2025-04-18,Kristan Enoch,Mark Thomas,w1 mark thomas,1981,W1,0.5,1865,10.08,0.21,14
2025-04-19,Kristan Enoch,Peter Quinn,e1 peter quinn,1826,E1,0.5,1868,10.47,0.39,14.5
2025-04-19,Kristan Enoch,Bob Hurn,e1 bob hurn,1612,E1,0.5,1863,11.16,0.69,15
2025-04-21,Kristan Enoch,Simon Blackmore,e1 simon blackmore,1769,E1,1,1879,11.63,0.47,16
2025-04-21,Kristan Enoch,Deio Parri,n1 deio parri,1754,N1,0.5,1879,12.12,0.49,16.5
2025-04-23,Kristan Enoch,Joe Fathallah,e1 joe fathallah,2043,E1,0,1874,12.27,0.15,16.5
2025-04-30,Kristan Enoch,Jake Hurley,e1 jake hurley,1941,E1,0,1867,12.52,0.25,16.5
2025-05-07,Kristan Enoch,Morgan McGuigan,e1 morgan mcguigan,1510,E1,1,1873,13.32,0.8,17.5
2025-05-11,Kristan Enoch,Andrew Jeanes,e1 andrew jeanes,1684,E1,1,1885,13.91,0.59,18.5
2025-01-15,David Fernandez-Arias,Robert G Hill,n1 robert g hill,1604,N1,0.5,1741,0.69,0.69,0.5
2025-01-22,David Fernandez-Arias,Deio Parri,n1 deio parri,1754,N1,1,1756,1.18,0.49,1.5
2025-02-04,David Fernandez-Arias,Gary Slegg,n1 gary slegg,1762,N1,1,1772,1.66,0.48,2.5
2025-02-26,David Fernandez-Arias,Aidan Jones,n1 aidan jones,1511,N1,0,1748,2.46,0.8,2.5
2025-03-03,David Fernandez-Arias,Peter Tarlan,NA,1727,ENG,1,1762,2.99,0.53,3.5
2025-03-20,David Fernandez-Arias,Stuart Hamilton,n1 stuart hamilton,1582,N1,0,1741,3.71,0.72,3.5
2025-04-08,David Fernandez-Arias,Dave Littlemore,NA,1654,ENG,0.5,1737,4.34,0.63,4
2025-04-15,David Fernandez-Arias,Catriona Coutts,n1 catriona coutts,1741,N1,0,1722,4.85,0.51,4
2025-05-09,David Fernandez-Arias,Susan F Parry,n1 susan f parry,1453,N1,1,1726,5.69,0.84,5
2025-05-10,David Fernandez-Arias,Ian Regan,n1 ian regan,1450,N1,1,1731,6.54,0.85,6
2025-05-10,David Fernandez-Arias,Jeffrey Foy,NA,1644,ENG,1,1741,7.18,0.64,7
2025-05-11,David Fernandez-Arias,Gary Slegg,n1 gary slegg,1762,N1,0.5,1742,7.66,0.48,7.5
2025-05-11,David Fernandez-Arias,Lawrence Harold,NA,1645,ENG,1,1753,8.3,0.64,8.5
2025-05-21,David Fernandez-Arias,Peter Coutts,n1 peter coutts,1682,N1,0.5,1750,8.89,0.59,9
2025-06-19,David Fernandez-Arias,Gregory Barker,n1 gregory barker,1726,N1,1,1764,9.42,0.53,10
2025-01-15,Justin Morgans,Kristan Enoch,e1 kristan enoch,1747,E1,0.5,1746,0.5,0.5,0.5
2025-01-17,Justin Morgans,Paul Hatchett,e1 paul hatchett,2050,E1,0,1742,0.65,0.15,0.5
2025-01-18,Justin Morgans,Calum Harris,e1 calum harris,1922,E1,1,1764,0.92,0.27,1.5
2025-01-18,Justin Morgans,Rudy van Kemenade,n1 rudy van kemenade,1946,N1,0,1756,1.16,0.24,1.5
2025-01-19,Justin Morgans,Mike Hollyman,e1 mike hollyman,1711,E1,1,1770,1.71,0.55,2.5
2025-01-19,Justin Morgans,Michael Binks,e1 michael binks,1960,E1,0.5,1778,1.94,0.23,3
2025-01-20,Justin Morgans,Dwain Jones,e1 dwain jones,1672,E1,0.5,1775,2.54,0.6,3.5
2025-02-10,Justin Morgans,David Lewis,e1 david lewis,1785,E1,0.5,1777,2.98,0.44,4
2025-02-17,Justin Morgans,Gavin Jones,e1 gavin jones,1825,E1,1,1795,3.37,0.39,5
2025-02-24,Justin Morgans,Ifan Rathbone-Jones,n1 ifan rathbone-jones,2270,N1,0,1792,3.47,0.1,5
2025-03-07,Justin Morgans,Richard M George,NA,1917,ENG,0,1784,3.74,0.27,5
2025-03-08,Justin Morgans,Andrew Swales,NA,1930,ENG,0,1776,4,0.26,5
2025-03-09,Justin Morgans,Alan Moseley,NA,1862,ENG,0,1766,4.34,0.34,5
2025-03-09,Justin Morgans,Matthew Coldwell,NA,1867,ENG,0.5,1771,4.67,0.33,5.5
2025-03-10,Justin Morgans,Gwyn Havard,e1 gwyn havard,1793,E1,0.5,1773,5.1,0.43,6
2025-03-17,Justin Morgans,Ian Abraham,e1 ian abraham,1803,E1,0.5,1775,5.52,0.42,6.5
2025-03-24,Justin Morgans,Phil Jones,e1 phil jones,1548,E1,1,1783,6.28,0.76,7.5
2025-04-01,Justin Morgans,David Rovaretti,e1 david rovaretti,1793,E1,0.5,1785,6.71,0.43,8
2025-04-14,Justin Morgans,Thomas Mahoney,e1 thomas mahoney,1854,E1,1,1804,7.06,0.35,9
2025-04-28,Justin Morgans,Liam Penny,e1 liam penny,1846,E1,0,1793,7.42,0.36,9
2025-05-19,Justin Morgans,Emma Kong,e1 emma kong,1946,E1,0,1786,7.66,0.24,9
2025-01-14,Blake Stone,Guto Llywelyn,w1 guto llywelyn,1676,W1,0,1728,0.6,0.6,0
2025-01-20,Blake Stone,Duncan Williams,w1 duncan williams,1906,W1,1,1749,0.88,0.28,1
2025-01-21,Blake Stone,Ian Jones,w1 ian jones,1939,W1,0,1742,1.13,0.25,1
2025-02-04,Blake Stone,Claire Gorman,w1 claire gorman,1427,W1,1,1746,1.99,0.86,2
2025-02-05,Blake Stone,Adrian May,w1 adrian may,1556,W1,0,1724,2.74,0.75,2
2025-02-24,Blake Stone,Neil Stuart,w1 neil stuart,1692,W1,1,1736,3.32,0.58,3
2025-02-26,Blake Stone,Spencer Ripley,w1 spencer ripley,1469,W1,1,1741,4.15,0.83,4
2025-03-19,Blake Stone,Paul Headon,w1 paul headon,1726,W1,1,1756,4.68,0.53,5
2025-03-24,Blake Stone,Bob Moore,w1 bob moore,1926,W1,1,1778,4.94,0.26,6
2025-04-16,Blake Stone,Chris Daniel,w1 chris daniel,1745,W1,1,1793,5.44,0.5,7
2025-04-22,Blake Stone,James Harford,w1 james harford,1854,W1,1,1812,5.79,0.35,8
2025-04-23,Blake Stone,Martin C Jones,d1 martin c jones,1832,D1,0.5,1816,6.17,0.38,8.5
2025-04-29,Blake Stone,Jonathan Baker,w1 jonathan baker,1586,W1,1,1824,6.89,0.72,9.5
2025-05-06,Blake Stone,Adam May,w1 adam may,1921,W1,0,1816,7.16,0.27,9.5
2025-01-05,Chris Daniel,Piotr Graczyk,e1 piotr graczyk,1761,E1,0.5,1746,0.48,0.48,0.5
2025-01-14,Chris Daniel,Evan Whitehouse,w1 evan whitehouse,1766,W1,0,1732,0.95,0.47,0.5
2025-02-04,Chris Daniel,Jonathan Thomas,w1 jonathan thomas,1868,W1,0.5,1737,1.28,0.33,1
2025-02-10,Chris Daniel,Andrew Smith,w1 andrew smith,1779,W1,0.5,1738,1.73,0.45,1.5
2025-02-12,Chris Daniel,Alan Young,w1 alan young,2016,W1,0,1733,1.9,0.17,1.5
2025-02-18,Chris Daniel,Les Philpin,w1 les philpin,1757,W1,0.5,1733,2.38,0.48,2
2025-02-25,Chris Daniel,Vlad Pintea,w1 vlad pintea,1740,W1,1,1748,2.89,0.51,3
2025-03-03,Chris Daniel,Adam Woodruff,w1 adam woodruff,1991,W1,0.5,1757,3.09,0.2,3.5
2025-03-04,Chris Daniel,Dale Westcott,w1 dale westcott,1864,W1,0,1747,3.43,0.34,3.5
2025-03-23,Chris Daniel,David Belochkin,e1 david belochkin,1803,E1,1,1765,3.85,0.42,4.5
2025-04-01,Chris Daniel,Darson Beeston,w1 darson beeston,1741,W1,1,1780,4.36,0.51,5.5
2025-04-09,Chris Daniel,Ian Jones,w1 ian jones,1939,W1,0,1772,4.61,0.25,5.5
2025-04-16,Chris Daniel,Blake Stone,w1 blake stone,1746,W1,0,1757,5.11,0.5,5.5
2025-04-22,Chris Daniel,Farouq Nasir,w1 farouq nasir,1670,W1,0.5,1754,5.72,0.61,6
2025-04-28,Chris Daniel,Ian Jones,w1 ian jones,1939,W1,0,1747,5.97,0.25,6
2025-04-29,Chris Daniel,Dale Westcott,w1 dale westcott,1864,W1,0,1737,6.31,0.34,6
2025-05-06,Chris Daniel,Ian Eustis,w1 ian eustis,1789,W1,1,1754,6.75,0.44,7
2025-05-21,Chris Daniel,Thomas Macdonald-Wright,w1 thomas macdonald-wright,1385,W1,1,1757,7.64,0.89,8
2025-06-03,Chris Daniel,Jonathan Thomas,w1 jonathan thomas,1868,W1,0,1747,7.97,0.33,8
2025-06-16,Chris Daniel,Elliott Chapman,w1 elliott chapman,1604,W1,1,1756,8.66,0.69,9
2025-06-25,Chris Daniel,Peter Bevan,w1 peter bevan,1883,W1,1,1777,8.97,0.31,10
2025-02-10,Chris Slack,Hamid Farani Sani,e1 hamid farani sani,1663,E1,0,1726,0.61,0.61,0
2025-02-24,Chris Slack,Bob Hurn,e1 bob hurn,1612,E1,0,1705,1.29,0.68,0
2025-03-10,Chris Slack,Matthew Lunnon,e1 matthew lunnon,1714,E1,0,1689,1.83,0.54,0
2025-04-14,Chris Slack,Bob Hurn,e1 bob hurn,1612,E1,0.5,1683,2.51,0.68,0.5
2025-02-05,Chris Morgan,Liam Powell-Jones,g1 liam powell-jones,1680,G1,1,1755,0.59,0.59,1
2025-02-26,Chris Morgan,Bob Wiltshire,g1 bob wiltshire,1551,G1,0.5,1748,1.34,0.75,1.5
2025-01-05,Govind Anandkumar,Neil Stuart,w1 neil stuart,1692,W1,0.5,1740,0.57,0.57,0.5
2025-01-18,Govind Anandkumar,Toby Blankley,e1 toby blankley,1456,E1,1,1745,1.41,0.84,1.5
2025-01-18,Govind Anandkumar,Matthew Thornton,e1 matthew thornton,1400,E1,1,1748,2.29,0.88,2.5
2025-01-19,Govind Anandkumar,Brendan O'Gorman,NA,1723,FIDE,0.5,1748,2.82,0.53,3
2025-01-19,Govind Anandkumar,Jack Bull,g1 jack bull,1564,G1,1,1755,3.56,0.74,4
2025-02-02,Govind Anandkumar,Yusuf Sulemani,e1 yusuf sulemani,1789,E1,1,1773,3.99,0.43,5
2025-02-13,Govind Anandkumar,Chris Fox,e1 chris fox,1642,E1,1,1783,4.63,0.64,6
2025-02-15,Govind Anandkumar,Bence Szakmany,e1 bence szakmany,1969,E1,0,1777,4.84,0.21,6
2025-02-15,Govind Anandkumar,Stefan Le Roy,e1 stefan le roy,1734,E1,0,1762,5.35,0.51,6
2025-02-16,Govind Anandkumar,Adam Cooper,g1 adam cooper,1344,G1,1,1765,6.25,0.9,7
2025-02-16,Govind Anandkumar,Henry Burton,d1 henry burton,1500,D1,1,1771,7.05,0.8,8
2025-02-23,Govind Anandkumar,Duncan Williams,w1 duncan williams,1906,W1,0,1762,7.33,0.28,8
2025-03-13,Govind Anandkumar,Mark Jones,e1 mark jones,1809,E1,1,1780,7.73,0.4,9
2025-03-17,Govind Anandkumar,David Perrett,e1 david perrett,1953,E1,0,1773,7.96,0.23,9
2025-03-23,Govind Anandkumar,Huw Jones,w1 huw jones,1776,W1,1,1790,8.41,0.45,10
2025-04-15,Govind Anandkumar,Michael Arribas-Ayllon,e1 michael arribas-ayllon,1739,E1,0,1774,8.91,0.5,10
2025-04-28,Govind Anandkumar,Roy Thomas,e1 roy thomas,1901,E1,0,1766,9.2,0.29,10
2025-05-20,Govind Anandkumar,Piotr Graczyk,e1 piotr graczyk,1761,E1,1,1782,9.67,0.47,11
2025-05-31,Govind Anandkumar,Rezin C Catabay,NA,1954,ENG,1,1805,9.9,0.23,12
2025-05-31,Govind Anandkumar,Luke Freeman,NA,2026,ENG,0,1800,10.06,0.16,12
2025-06-01,Govind Anandkumar,Zander Booth,NA,1990,ENG,0,1794,10.25,0.19,12
2025-06-01,Govind Anandkumar,Zach Norris,NA,2188,ENG,0,1791,10.35,0.1,12
2025-01-05,Darson Beeston,David Belochkin,e1 david belochkin,1803,E1,0,1729,0.41,0.41,0
2025-01-06,Darson Beeston,Guto Llywelyn,w1 guto llywelyn,1676,W1,1,1741,1,0.59,1
2025-01-17,Darson Beeston,Allan Pleasants,e1 allan pleasants,2060,E1,0,1737,1.14,0.14,1
2025-01-18,Darson Beeston,Csege Hanczar,e1 csege hanczar,1644,E1,1,1748,1.78,0.64,2
2025-01-18,Darson Beeston,Grzegorz Toczek,e1 grzegorz toczek,2300,E1,0,1745,1.88,0.1,2
2025-01-19,Darson Beeston,Danylo Shevchenko,e1 danylo shevchenko,1667,E1,0,1727,2.48,0.6,2
2025-01-19,Darson Beeston,Leon Jansen Van Rensburg,e1 leon jansen van rensburg,1770,E1,0,1713,2.94,0.46,2
2025-02-03,Darson Beeston,Adam Woodruff,w1 adam woodruff,1991,W1,1,1737,3.13,0.19,3
2025-02-10,Darson Beeston,Matthew Billington,w1 matthew billington,1766,W1,0.5,1738,3.59,0.46,3.5
2025-02-17,Darson Beeston,Steve Edwards,w1 steve edwards,1616,W1,0.5,1733,4.26,0.67,4
2025-02-23,Darson Beeston,Andrew Di-Vetta,e1 andrew di-vetta,1787,E1,0,1720,4.69,0.43,4
2025-03-10,Darson Beeston,Jonathan Baker,w1 jonathan baker,1586,W1,1,1729,5.4,0.71,5
2025-03-11,Darson Beeston,Hywel Griffiths,w1 hywel griffiths,1902,W1,1,1750,5.68,0.28,6
2025-03-17,Darson Beeston,Hywel Griffiths,w1 hywel griffiths,1902,W1,0,1742,5.96,0.28,6
2025-03-25,Darson Beeston,Hywel Griffiths,w1 hywel griffiths,1902,W1,1,1763,6.24,0.28,7
2025-04-01,Darson Beeston,Chris Daniel,w1 chris daniel,1745,W1,0,1748,6.73,0.49,7
2025-04-07,Darson Beeston,Bob Moore,w1 bob moore,1926,W1,0,1741,6.99,0.26,7
2025-04-18,Darson Beeston,George Turner,e1 george turner,1984,E1,0.5,1750,7.19,0.2,7.5
2025-04-18,Darson Beeston,Tim Kett,e1 tim kett,2209,E1,0,1747,7.29,0.1,7.5
2025-04-19,Darson Beeston,Lee Davis,e1 lee davis,2100,E1,0,1743,7.4,0.11,7.5
2025-04-19,Darson Beeston,Dave Turner,g1 dave turner,1915,G1,0.5,1750,7.67,0.27,8
2025-04-21,Darson Beeston,Adam Musson,w1 adam musson,2014,W1,1,1775,7.84,0.17,9
2025-04-21,Darson Beeston,Georgi Korovski,e1 georgi korovski,1950,E1,0,1768,8.07,0.23,9
2025-04-28,Darson Beeston,Ian Eustis,w1 ian eustis,1789,W1,1,1785,8.5,0.43,10
2025-05-05,Darson Beeston,Michael Beck,w1 michael beck,1838,W1,0.5,1789,8.86,0.36,10.5
2025-05-11,Darson Beeston,Kevin Thomas,g1 kevin thomas,1840,G1,0,1778,9.22,0.36,10.5
2025-05-12,Darson Beeston,Tony Goodchild,w1 tony goodchild,1526,W1,1,1785,10,0.78,11.5
2025-01-22,Catriona Coutts,Stuart Hamilton,n1 stuart hamilton,1582,N1,1,1750,0.71,0.71,1
2025-01-29,Catriona Coutts,Chris Wescomb,n1 chris wescomb,1828,N1,0,1738,1.09,0.38,1
2025-02-19,Catriona Coutts,Reuben Tarjanyi,n1 reuben tarjanyi,1598,N1,1,1747,1.78,0.69,2
2025-03-20,Catriona Coutts,Heilyn Griffiths,n1 heilyn griffiths,1450,N1,1,1752,2.62,0.84,3
2025-04-03,Catriona Coutts,Karl Davies,n1 karl davies,1474,N1,1,1757,3.44,0.82,4
2025-04-09,Catriona Coutts,Mike Blake,n1 mike blake,1714,N1,1,1771,3.98,0.54,5
2025-04-15,Catriona Coutts,David Fernandez-Arias,n1 david fernandez-arias,1747,N1,1,1787,4.47,0.49,6
2025-05-10,Catriona Coutts,Richard Bowman,NA,1852,ENG,0,1776,4.82,0.35,6
2025-05-10,Catriona Coutts,Brian Butterworth,NA,1747,ENG,1,1791,5.31,0.49,7
2025-05-11,Catriona Coutts,Michael Connor,NA,1914,ENG,0.5,1798,5.58,0.27,7.5
2025-05-11,Catriona Coutts,David Price,NA,1762,ENG,1,1814,6.05,0.47,8.5
2025-05-21,Catriona Coutts,Barrie Wells,n1 barrie wells,1801,N1,1,1832,6.46,0.41,9.5
2025-06-18,Catriona Coutts,Geoff Graham,n1 geoff graham,1951,N1,0,1825,6.69,0.23,9.5
2025-06-27,Catriona Coutts,Andrew Raeburn,NA,1893,ENG,0,1816,6.98,0.29,9.5
2025-06-28,Catriona Coutts,Joel Ofeni,NA,1858,ENG,0,1806,7.32,0.34,9.5
2025-06-28,Catriona Coutts,Ian Stephens,NA,1855,ENG,0.5,1811,7.66,0.34,10
2025-06-29,Catriona Coutts,Arjun Pyda,NA,1918,ENG,0,1803,7.93,0.27,10
2025-06-29,Catriona Coutts,Sandra G Blackburn,n1 sandra g blackburn,1731,N1,0.5,1802,8.44,0.51,10.5
2025-01-07,Paul Sadler,Seth Livesey,n1 seth livesey,1384,N1,1,1744,0.89,0.89,1
2025-01-14,Paul Sadler,Steve Williams,NA,1696,ENG,0.5,1742,1.45,0.56,1.5
2025-01-21,Paul Sadler,Peter S Fisher,n1 peter s fisher,1651,N1,0.5,1739,2.08,0.63,2
2025-01-28,Paul Sadler,Muhammed Qadri,NA,1699,ENG,0,1722,2.64,0.56,2
2025-02-11,Paul Sadler,Tanmay Madhusudhan,n1 tanmay madhusudhan,1772,N1,0,1708,3.1,0.46,2
2025-02-13,Paul Sadler,Tim Skidmore,NA,1651,ENG,0.5,1704,3.73,0.63,2.5
2025-02-24,Paul Sadler,Steve Rooney,NA,1804,ENG,0,1692,4.14,0.41,2.5
2025-03-04,Paul Sadler,Richard Owens,n1 richard owens,1784,N1,1,1709,4.58,0.44,3.5
2025-03-06,Paul Sadler,Keith Grice,NA,1670,ENG,1,1721,5.18,0.6,4.5
2025-03-11,Paul Sadler,Nick Graham,NA,1738,ENG,0,1706,5.68,0.5,4.5
2025-03-17,Paul Sadler,Nigel Rowe,NA,1770,ENG,1,1722,6.14,0.46,5.5
2025-04-01,Paul Sadler,Robert McClennan,NA,1753,ENG,1,1738,6.62,0.48,6.5
2025-04-08,Paul Sadler,Shion Rowlands,n1 shion rowlands,1841,N1,0,1727,6.98,0.36,6.5
2025-04-10,Paul Sadler,Gary White,NA,1862,ENG,1,1747,7.31,0.33,7.5
2025-04-15,Paul Sadler,Paul Bluck,NA,1745,ENG,1,1762,7.8,0.49,8.5
2025-04-17,Paul Sadler,Munroe Morrison,NA,1821,ENG,0,1750,8.19,0.39,8.5
2025-04-24,Paul Sadler,Alex Loe,NA,1673,ENG,0,1732,8.79,0.6,8.5
2025-04-29,Paul Sadler,Malcolm Fletcher,NA,1740,ENG,1,1747,9.29,0.5,9.5
2025-05-09,Paul Sadler,Thomas Hynes,NA,1581,ENG,1,1756,10.01,0.72,10.5
2025-05-10,Paul Sadler,Hal Mchugh,NA,1663,ENG,0,1738,10.62,0.61,10.5
2025-05-10,Paul Sadler,Stuart Hamilton,n1 stuart hamilton,1582,N1,1,1746,11.33,0.71,11.5
2025-05-11,Paul Sadler,Lawrence Harold,NA,1645,ENG,0,1727,11.96,0.63,11.5
2025-05-11,Paul Sadler,Trevor Blower,NA,1731,ENG,1,1742,12.47,0.51,12.5
2025-05-16,Paul Sadler,Gary Slegg,n1 gary slegg,1762,N1,0.5,1743,12.94,0.47,13
2025-06-27,Paul Sadler,Gheorghe Ursu,NA,1672,ENG,1,1755,13.54,0.6,14
2025-06-28,Paul Sadler,Phil Clare,NA,1684,ENG,1,1767,14.12,0.58,15
2025-06-28,Paul Sadler,Steve Clare,NA,1799,ENG,0.5,1770,14.54,0.42,15.5
2025-06-29,Paul Sadler,Paul Leonard,NA,1770,ENG,1,1786,15,0.46,16.5
2025-06-29,Paul Sadler,Isaac Stanley,NA,1786,ENG,0.5,1788,15.44,0.44,17
2025-02-07,Owen Tompkins Coll,Derek Jones,e1 derek jones,1944,E1,0.5,1749,0.24,0.24,0.5
2025-02-17,Owen Tompkins Coll,Jack Hannigan,e1 jack hannigan,1740,E1,1,1764,0.74,0.5,1.5
2025-03-07,Owen Tompkins Coll,Ian Abraham,e1 ian abraham,1803,E1,1,1781,1.15,0.41,2.5
2025-04-07,Owen Tompkins Coll,Russell Dodington,e1 russell dodington,1782,E1,0,1768,1.59,0.44,2.5
2025-01-21,Jack Hannigan,Adam Sarwar,e1 adam sarwar,1600,E1,1,1749,0.69,0.69,1
2025-01-27,Jack Hannigan,Sergio Esteves,e1 sergio esteves,1775,E1,0.5,1751,1.14,0.45,1.5
2025-02-11,Jack Hannigan,Tom Bennett,e1 tom bennett,1789,E1,0,1738,1.57,0.43,1.5
2025-02-17,Jack Hannigan,Owen Tompkins Coll,e1 owen tompkins coll,1741,E1,0,1723,2.07,0.5,1.5
2025-02-25,Jack Hannigan,Wayne Holland,e1 wayne holland,1450,E1,0.5,1713,2.91,0.84,2
2025-03-24,Jack Hannigan,Ieuan Thomas,e1 ieuan thomas,1468,E1,1,1718,3.74,0.83,3
2025-03-31,Jack Hannigan,Gavin Jones,e1 gavin jones,1825,E1,0,1706,4.12,0.38,3
2025-01-28,Vlad Pintea,June Evans,w1 june evans,1357,W1,1,1743,0.9,0.9,1
2025-02-04,Vlad Pintea,Andrew Powell,w1 andrew powell,1461,W1,1,1748,1.73,0.83,2
2025-02-05,Vlad Pintea,Mike Richards,w1 mike richards,1510,W1,0.5,1739,2.52,0.79,2.5
2025-02-10,Vlad Pintea,Bob Moore,w1 bob moore,1926,W1,0,1732,2.78,0.26,2.5
2025-02-12,Vlad Pintea,Riley Fitzpatrick,w1 riley fitzpatrick,1373,W1,1,1735,3.67,0.89,3.5
2025-02-25,Vlad Pintea,Chris Daniel,w1 chris daniel,1745,W1,0,1720,4.16,0.49,3.5
2025-04-16,Vlad Pintea,Matthew Billington,w1 matthew billington,1766,W1,0,1706,4.62,0.46,3.5
2025-01-27,Jeremy Ryan,Chris Peters,e1 chris peters,1595,E1,0,1719,0.7,0.7,0
2025-01-14,John Zlosnik,Peter S Fisher,n1 peter s fisher,1651,N1,0,1721,0.63,0.63,0
2025-01-28,John Zlosnik,G Brian Davies,n1 g brian davies,1789,N1,0,1708,1.06,0.43,0
2025-02-04,John Zlosnik,Gregory Barker,n1 gregory barker,1726,N1,0,1693,1.58,0.52,0
2025-03-04,John Zlosnik,Merle Field,n1 merle field,1455,N1,0.5,1683,2.42,0.84,0.5
2025-03-17,John Zlosnik,Peter Tarlan,NA,1727,ENG,0.5,1682,2.94,0.52,1
2025-04-01,John Zlosnik,Peter Tarlan,NA,1782,ENG,1,1699,3.38,0.44,2
2025-04-08,John Zlosnik,Stephen Garnett,n1 stephen garnett,1475,N1,0,1674,4.2,0.82,2
2025-04-22,John Zlosnik,Matthew Matthias,n1 matthew matthias,1708,N1,0.5,1673,4.75,0.55,2.5
2025-01-15,Michael Arribas-Ayllon,David Perrett,e1 david perrett,1953,E1,0,1732,0.23,0.23,0
2025-01-22,Michael Arribas-Ayllon,Roy Thomas,e1 roy thomas,1901,E1,0.5,1739,0.51,0.28,0.5
2025-02-12,Michael Arribas-Ayllon,Peter Quinn,e1 peter quinn,1826,E1,0.5,1742,0.89,0.38,1
2025-02-26,Michael Arribas-Ayllon,Bill Harle,e1 bill harle,1787,E1,0.5,1744,1.32,0.43,1.5
2025-03-05,Michael Arribas-Ayllon,Chris Fox,e1 chris fox,1642,E1,0.5,1740,1.96,0.64,2
2025-03-20,Michael Arribas-Ayllon,Joshua McKenna,e1 joshua mckenna,1801,E1,0.5,1743,2.37,0.41,2.5
2025-04-08,Michael Arribas-Ayllon,Andrew Di-Vetta,e1 andrew di-vetta,1787,E1,0,1730,2.8,0.43,2.5
2025-04-15,Michael Arribas-Ayllon,Govind Anandkumar,e1 govind anandkumar,1742,E1,1,1745,3.3,0.5,3.5
2025-04-30,Michael Arribas-Ayllon,Emma Kong,e1 emma kong,1946,E1,0,1738,3.53,0.23,3.5
2025-01-30,Steve McCall,Gwyn Jones,n1 gwyn jones,1400,N1,1,1741,0.87,0.87,1
2025-02-04,Steve McCall,Steve Richards,n1 steve richards,1715,N1,1,1755,1.4,0.53,2
2025-03-03,Steve McCall,Nick Darlington,NA,1740,ENG,0,1740,1.9,0.5,2
2025-04-08,Steve McCall,Steve Williams,NA,1716,ENG,0,1724,2.43,0.53,2
2025-04-10,Steve McCall,Stuart Hamilton,n1 stuart hamilton,1582,N1,1,1733,3.14,0.71,3
2025-04-15,Steve McCall,Stephen Williams (RP),n1 stephen williams (rp),1655,N1,1,1744,3.76,0.62,4
2025-01-08,Stefan Le Roy,Micah O'Toole,e1 micah o'toole,1858,E1,1,1754,0.33,0.33,1
2025-01-20,Stefan Le Roy,Suraj Prabhu,e1 suraj prabhu,1718,E1,0,1738,0.85,0.52,1
2025-02-06,Stefan Le Roy,Liam Penny,e1 liam penny,1846,E1,0,1728,1.19,0.34,1
2025-02-15,Stefan Le Roy,David Lewis,e1 david lewis,1785,E1,0.5,1730,1.62,0.43,1.5
2025-02-15,Stefan Le Roy,Govind Anandkumar,e1 govind anandkumar,1742,E1,1,1746,2.11,0.49,2.5
2025-02-15,Stefan Le Roy,Dave Turner,g1 dave turner,1915,G1,0,1738,2.37,0.26,2.5
2025-02-16,Stefan Le Roy,Suraj Prabhu,e1 suraj prabhu,1718,E1,0,1722,2.89,0.52,2.5
2025-03-03,Stefan Le Roy,Sergio Esteves,e1 sergio esteves,1775,E1,0.5,1724,3.33,0.44,3
2025-03-10,Stefan Le Roy,Hamid Farani Sani,e1 hamid farani sani,1663,E1,1,1736,3.93,0.6,4
2025-03-17,Stefan Le Roy,Dave Parsons,e1 dave parsons,1809,E1,0,1724,4.32,0.39,4
2025-03-24,Stefan Le Roy,Matthew Lunnon,e1 matthew lunnon,1714,E1,0,1708,4.85,0.53,4
2025-04-07,Stefan Le Roy,Steve Jones,e1 steve jones,1838,E1,0,1698,5.2,0.35,4
2025-04-28,Stefan Le Roy,Gwyn Havard,e1 gwyn havard,1793,E1,0,1685,5.62,0.42,4
2025-05-06,Stefan Le Roy,Ismail Ismail,e1 ismail ismail,1310,E1,1,1688,6.52,0.9,5
2025-01-05,Anthony Beck,Yusuf Sulemani,e1 yusuf sulemani,1789,E1,0,1719,0.42,0.42,0
2025-01-08,Anthony Beck,Julien Potier,w1 julien potier,1499,W1,1,1726,1.21,0.79,1
2025-01-21,Anthony Beck,Nick Hale,w1 nick hale,1460,W1,1,1731,2.04,0.83,2
2025-02-11,Anthony Beck,Ken Huntley,w1 ken huntley,1633,W1,1,1742,2.68,0.64,3
2025-03-18,Anthony Beck,Tony Goodchild,w1 tony goodchild,1526,W1,1,1749,3.45,0.77,4
2025-03-25,Anthony Beck,Karl Wendrich,w1 karl wendrich,1627,W1,1,1759,4.1,0.65,5
2025-04-01,Anthony Beck,Ian Eustis,w1 ian eustis,1789,W1,0,1747,4.52,0.42,5
2025-04-08,Anthony Beck,Nick Hale,w1 nick hale,1460,W1,1,1752,5.35,0.83,6
2025-04-15,Anthony Beck,Dale Westcott,w1 dale westcott,1864,W1,1,1772,5.67,0.32,7
2025-05-05,Anthony Beck,Roger Jenkins,w1 roger jenkins,1728,W1,1,1787,6.18,0.51,8
2025-05-14,Anthony Beck,Jeff Boyce,w1 jeff boyce,1524,W1,1,1794,6.95,0.77,9
2025-01-20,Mark Paffard,Jack Poole,d1 jack poole,1334,D1,0.5,1720,0.9,0.9,0.5
2025-02-18,Mark Paffard,Ieuan Din,d1 ieuan din,1318,D1,0,1693,1.8,0.9,0.5
2025-03-04,Mark Paffard,Ewan Ferguson,d1 ewan ferguson,1829,D1,0,1682,2.16,0.36,0.5
2025-03-24,Mark Paffard,Ian Hayes,d1 ian hayes,1600,D1,0.5,1677,2.84,0.68,1
2025-04-07,Mark Paffard,Ieuan Din,d1 ieuan din,1318,D1,1,1680,3.74,0.9,2
2025-04-22,Mark Paffard,Julie Ward,d1 julie ward,1566,D1,0.5,1673,4.46,0.72,2.5
2025-01-04,Sandra G Blackburn,Adrian Bailey,NA,1859,ENG,0,1721,0.32,0.32,0
2025-01-04,Sandra G Blackburn,David Colledge,NA,1806,ENG,0,1709,0.71,0.39,0
2025-01-05,Sandra G Blackburn,Matthew Clark,NA,1868,ENG,0.5,1715,1.02,0.31,0.5
2025-01-14,Sandra G Blackburn,Thomas Bailey,NA,1791,ENG,0,1703,1.43,0.41,0.5
2025-01-18,Sandra G Blackburn,Tom Bertins,NA,1764,ENG,0.5,1704,1.88,0.45,1
2025-01-28,Sandra G Blackburn,Anthony Brough,NA,1846,ENG,0,1694,2.22,0.34,1
2025-01-31,Sandra G Blackburn,Roger Walker,NA,1793,ENG,1,1712,2.63,0.41,2
2025-02-04,Sandra G Blackburn,Finlay Charbonneau,NA,1747,ENG,1,1727,3.11,0.48,3
2025-02-08,Sandra G Blackburn,Peter Mellor,NA,1830,ENG,0,1716,3.47,0.36,3
2025-02-08,Sandra G Blackburn,Kate Walker,NA,1842,ENG,0.5,1721,3.82,0.35,3.5
2025-02-09,Sandra G Blackburn,Ian Paul Stephens,NA,1840,ENG,0,1711,4.17,0.35,3.5
2025-02-09,Sandra G Blackburn,Mohammed Andeel,NA,1799,ENG,0.5,1713,4.57,0.4,4
2025-02-11,Sandra G Blackburn,Neville Layhe,NA,1784,ENG,0,1701,4.99,0.42,4
2025-02-18,Sandra G Blackburn,George Bulbeck,NA,1721,ENG,0.5,1700,5.5,0.51,4.5
2025-02-22,Sandra G Blackburn,Owen Robson,NA,1813,ENG,0.5,1704,5.88,0.38,5
2025-02-22,Sandra G Blackburn,Andy Yang,NA,1828,ENG,0,1693,6.24,0.36,5
2025-02-23,Sandra G Blackburn,Jeremy Brockes,NA,1807,ENG,0.5,1696,6.63,0.39,5.5
2025-03-04,Sandra G Blackburn,Charlie Steele,NA,1738,ENG,0.5,1696,7.12,0.49,6
2025-03-18,Sandra G Blackburn,Kumar Saravanan,NA,1780,ENG,0,1684,7.55,0.43,6
2025-03-19,Sandra G Blackburn,James Wolstenholme,NA,1725,ENG,0.5,1683,8.06,0.51,6.5
2025-03-25,Sandra G Blackburn,Viswanathan Ramchandran,NA,1521,ENG,1,1690,8.83,0.77,7.5
2025-03-31,Sandra G Blackburn,Geoff Laurence,NA,1875,ENG,0.5,1696,9.13,0.3,8
2025-04-01,Sandra G Blackburn,Charles Swinson,NA,1737,ENG,0.5,1696,9.62,0.49,8.5
2025-04-09,Sandra G Blackburn,Alberto Gissi,NA,1786,ENG,0,1684,10.04,0.42,8.5
2025-04-15,Sandra G Blackburn,George Bulbeck,NA,1724,ENG,0,1668,10.55,0.51,8.5
2025-04-19,Sandra G Blackburn,Andy Yang,NA,1845,ENG,0,1658,10.89,0.34,8.5
2025-04-19,Sandra G Blackburn,John Gillett,NA,1804,ENG,0,1646,11.29,0.4,8.5
2025-04-20,Sandra G Blackburn,Tyler Sweeney,NA,1833,ENG,0,1635,11.65,0.36,8.5
2025-04-21,Sandra G Blackburn,Paul Doherty,NA,1873,ENG,0.5,1641,11.96,0.31,9
2025-04-21,Sandra G Blackburn,Richard Gavin,NA,1839,ENG,0,1631,12.31,0.35,9
2025-04-22,Sandra G Blackburn,Emmet Clarke,NA,1782,ENG,0,1618,12.74,0.43,9
2025-04-29,Sandra G Blackburn,Christopher Brian,NA,1542,ENG,1,1626,13.49,0.75,10
2025-05-10,Sandra G Blackburn,Chris Wescomb,n1 chris wescomb,1828,N1,0,1615,13.85,0.36,10
2025-05-10,Sandra G Blackburn,Ray Williams,NA,1821,ENG,0.5,1618,14.22,0.37,10.5
2025-05-11,Sandra G Blackburn,Gregory Barker,n1 gregory barker,1726,N1,1,1633,14.73,0.51,11.5
2025-05-11,Sandra G Blackburn,Shion Rowlands,n1 shion rowlands,1841,N1,0,1623,15.08,0.35,11.5
2025-06-13,Sandra G Blackburn,Richard Bowman,NA,1846,ENG,0.5,1628,15.42,0.34,12
2025-06-13,Sandra G Blackburn,Neil Coward,NA,1877,ENG,0.5,1634,15.72,0.3,12.5
2025-06-13,Sandra G Blackburn,Conor Reany,NA,1894,ENG,0,1625,16,0.28,12.5
2025-06-13,Sandra G Blackburn,Michael Connor,NA,1903,ENG,0,1617,16.27,0.27,12.5
2025-06-28,Sandra G Blackburn,Richard Szwajkun,NA,1858,ENG,0.5,1622,16.59,0.32,13
2025-06-28,Sandra G Blackburn,Oskar Jarzynski,NA,1844,ENG,0,1612,16.93,0.34,13
2025-06-29,Sandra G Blackburn,Louis Sit,NA,1765,FIDE,0.5,1613,17.38,0.45,13.5
2025-06-29,Sandra G Blackburn,Catriona Coutts,n1 catriona coutts,1741,N1,0.5,1614,17.87,0.49,14
2025-01-08,Roger Jenkins,James Evans,w1 james evans,1655,W1,0,1710,0.6,0.6,0
2025-01-29,Roger Jenkins,Paul Headon,w1 paul headon,1726,W1,1,1725,1.1,0.5,1
2025-02-02,Roger Jenkins,Ethan Mcgrath,e1 ethan mcgrath,1901,E1,0,1717,1.37,0.27,1
2025-02-03,Roger Jenkins,Spencer Ripley,w1 spencer ripley,1469,W1,1,1722,2.19,0.82,2
2025-02-10,Roger Jenkins,Les Philpin,w1 les philpin,1757,W1,0.5,1723,2.65,0.46,2.5
2025-02-25,Roger Jenkins,Mark Wilson,w1 mark wilson,1670,W1,0.5,1721,3.23,0.58,3
2025-03-03,Roger Jenkins,Elliott Chapman,w1 elliott chapman,1604,W1,1,1731,3.9,0.67,4
2025-03-10,Roger Jenkins,June Evans,w1 june evans,1357,W1,1,1734,4.79,0.89,5
2025-03-11,Roger Jenkins,Jonathan Thomas,w1 jonathan thomas,1868,W1,0,1725,5.1,0.31,5
2025-03-18,Roger Jenkins,Martyn Griffiths,w1 martyn griffiths,1820,W1,0.5,1729,5.47,0.37,5.5
2025-03-23,Roger Jenkins,Hamid Farani Sani,e1 hamid farani sani,1663,E1,0,1711,6.06,0.59,5.5
2025-03-25,Roger Jenkins,David Foster,w1 david foster,1567,W1,0.5,1704,6.78,0.72,6
2025-04-01,Roger Jenkins,Malcolm Probert,w1 malcolm probert,1760,W1,0,1691,7.23,0.45,6
2025-04-28,Roger Jenkins,Jack Mason,w1 jack mason,1393,W1,0.5,1680,8.1,0.87,6.5
2025-05-05,Roger Jenkins,Anthony Beck,w1 anthony beck,1732,W1,0,1665,8.59,0.49,6.5
2025-05-12,Roger Jenkins,Jack Mason,w1 jack mason,1393,W1,0,1639,9.46,0.87,6.5
2025-01-14,Gregory Barker,Michael Whale,n1 michael whale,1830,N1,1,1745,0.35,0.35,1
2025-01-15,Gregory Barker,Harry Wood,n1 harry wood,1636,N1,1,1757,0.98,0.63,2
2025-02-04,Gregory Barker,John Zlosnik,n1 john zlosnik,1740,N1,1,1772,1.46,0.48,3
2025-02-18,Gregory Barker,Tanmay Madhusudhan,n1 tanmay madhusudhan,1772,N1,0.5,1774,1.89,0.43,3.5
2025-02-26,Gregory Barker,John Shakespeare,n1 john shakespeare,2003,N1,0,1769,2.06,0.17,3.5
2025-03-20,Gregory Barker,Karl Davies,n1 karl davies,1474,N1,1,1775,2.87,0.81,4.5
2025-04-08,Gregory Barker,Paul Bluck,NA,1745,ENG,0.5,1776,3.34,0.47,5
2025-04-15,Gregory Barker,Gary Fox,n1 gary fox,1813,N1,0,1764,3.72,0.38,5
2025-05-09,Gregory Barker,Andrew Raeburn,NA,1900,ENG,0,1756,3.99,0.27,5
2025-05-10,Gregory Barker,Gary Fox,n1 gary fox,1813,N1,0.5,1760,4.37,0.38,5.5
2025-05-10,Gregory Barker,David Price,NA,1762,ENG,0,1746,4.82,0.45,5.5
2025-05-11,Gregory Barker,Sandra G Blackburn,n1 sandra g blackburn,1731,N1,0,1732,5.31,0.49,5.5
2025-05-11,Gregory Barker,Bart Mchugh,NA,1777,ENG,0.5,1734,5.74,0.43,6
2025-06-19,Gregory Barker,David Fernandez-Arias,n1 david fernandez-arias,1747,N1,0,1720,6.21,0.47,6
2025-01-22,Paul Headon,James Evans,w1 james evans,1655,W1,0.5,1723,0.6,0.6,0.5
2025-01-29,Paul Headon,Roger Jenkins,w1 roger jenkins,1728,W1,0,1708,1.1,0.5,0.5
2025-02-05,Paul Headon,Jeff Boyce,w1 jeff boyce,1524,W1,0.5,1700,1.86,0.76,1
2025-02-26,Paul Headon,Matthew Billington,w1 matthew billington,1766,W1,0.5,1702,2.3,0.44,1.5
2025-03-10,Paul Headon,Les Philpin,w1 les philpin,1757,W1,0.5,1703,2.76,0.46,2
2025-03-19,Paul Headon,Blake Stone,w1 blake stone,1746,W1,0,1689,3.23,0.47,2
2025-04-02,Paul Headon,Elliott Chapman,w1 elliott chapman,1604,W1,0.5,1684,3.9,0.67,2.5
2025-04-09,Paul Headon,Les Philpin,w1 les philpin,1757,W1,0.5,1685,4.36,0.46,3
2025-04-16,Paul Headon,Jonathan Baker,w1 jonathan baker,1586,W1,0,1665,5.05,0.69,3
2025-05-07,Paul Headon,James Evans,w1 james evans,1655,W1,0.5,1662,5.65,0.6,3.5
2025-05-27,Paul Headon,Dale Westcott,w1 dale westcott,1864,W1,0,1652,5.96,0.31,3.5
2025-01-08,Zack Wilkins,Peter Quinn,e1 peter quinn,1826,E1,0,1713,0.36,0.36,0
2025-01-13,Zack Wilkins,Roy Thomas,e1 roy thomas,1901,E1,0,1705,0.63,0.27,0
2025-01-15,Zack Wilkins,Ivan De La Cruz,e1 ivan de la cruz,2110,E1,0,1702,0.73,0.1,0
2025-01-17,Zack Wilkins,Sam Jukes,e1 sam jukes,2013,E1,0,1698,0.89,0.16,0
2025-01-18,Zack Wilkins,David Robinson,e1 david robinson,1898,E1,0,1689,1.16,0.27,0
2025-01-19,Zack Wilkins,Julie van Kemenade,n1 julie van kemenade,1789,N1,0.5,1692,1.57,0.41,0.5
2025-01-19,Zack Wilkins,Roy Thomas,e1 roy thomas,1901,E1,0,1684,1.84,0.27,0.5
2025-02-05,Zack Wilkins,Chris Fox,e1 chris fox,1642,E1,1,1696,2.46,0.62,1.5
2025-03-10,Zack Wilkins,Roy Thomas,e1 roy thomas,1901,E1,0.5,1703,2.73,0.27,2
2025-03-26,Zack Wilkins,Georgi Korovski,e1 georgi korovski,1950,E1,0,1696,2.94,0.21,2
2025-04-18,Zack Wilkins,David L Roberts,NA,2032,ENG,0,1692,3.09,0.15,2
2025-04-18,Zack Wilkins,Stuart Enoch,e1 stuart enoch,1560,E1,0.5,1685,3.81,0.72,2.5
2025-04-20,Zack Wilkins,Chris Thompson,g1 chris thompson,1393,G1,1,1689,4.68,0.87,3.5
2025-04-21,Zack Wilkins,Will Elworthy,e1 will elworthy,1750,E1,1,1706,5.14,0.46,4.5
2025-04-21,Zack Wilkins,Dominic V Gibbs,NA,2035,ENG,0,1701,5.28,0.14,4.5
2025-05-11,Zack Wilkins,Yusuf Sulemani,e1 yusuf sulemani,1789,E1,0,1689,5.69,0.41,4.5
2025-05-14,Zack Wilkins,Joe Fathallah,e1 joe fathallah,2043,E1,0,1685,5.83,0.14,4.5
2025-05-20,Zack Wilkins,Andrew Di-Vetta,e1 andrew di-vetta,1787,E1,0.5,1688,6.24,0.41,5
2025-01-20,Gareth Harding,Tom Bennett,e1 tom bennett,1789,E1,0,1711,0.41,0.41,0
2025-02-02,Gareth Harding,Joshua McKenna,e1 joshua mckenna,1801,E1,0,1699,0.8,0.39,0
2025-02-08,Gareth Harding,Dale Westcott,w1 dale westcott,1864,W1,0,1690,1.11,0.31,0
2025-02-08,Gareth Harding,Julie van Kemenade,n1 julie van kemenade,1789,N1,1,1708,1.52,0.41,1
2025-02-09,Gareth Harding,Mike Hollyman,e1 mike hollyman,1711,E1,0.5,1707,2.04,0.52,1.5
2025-02-09,Gareth Harding,Calum Salmons,d1 calum salmons,2218,D1,0,1704,2.14,0.1,1.5
2025-03-23,Gareth Harding,Alan Young,w1 alan young,2016,W1,0,1700,2.3,0.16,1.5
2025-05-11,Gareth Harding,Matteo Favoni,w1 matteo favoni,2040,W1,0,1695,2.44,0.14,1.5
2025-01-20,Suraj Prabhu,Stefan Le Roy,e1 stefan le roy,1734,E1,1,1734,0.48,0.48,1
2025-02-10,Suraj Prabhu,Matthew Lunnon,e1 matthew lunnon,1714,E1,0,1719,0.99,0.51,1
2025-02-15,Suraj Prabhu,Joe Fathallah,e1 joe fathallah,2043,E1,0,1715,1.12,0.13,1
2025-02-15,Suraj Prabhu,Ethan McGrath,e1 ethan mcgrath,1901,E1,0.5,1722,1.38,0.26,1.5
2025-02-15,Suraj Prabhu,Joshua Phillips,e1 joshua phillips,1310,E1,1,1725,2.28,0.9,2.5
2025-02-16,Suraj Prabhu,Stefan Le Roy,e1 stefan le roy,1734,E1,1,1740,2.76,0.48,3.5
2025-02-16,Suraj Prabhu,Mark Reckless,e1 mark reckless,1536,E1,1,1748,3.5,0.74,4.5
2025-02-17,Suraj Prabhu,Roy Thomas,e1 roy thomas,1901,E1,0,1740,3.76,0.26,4.5
2025-02-24,Suraj Prabhu,Syer Khizer Rizvi,e1 syer khizer rizvi,1819,E1,0,1730,4.12,0.36,4.5
2025-03-10,Suraj Prabhu,Ken Hannah,e1 ken hannah,1793,E1,1,1748,4.51,0.39,5.5
2025-03-17,Suraj Prabhu,Gwyn Havard,e1 gwyn havard,1793,E1,0.5,1751,4.9,0.39,6
2025-04-01,Suraj Prabhu,Russell Dodington,e1 russell dodington,1782,E1,0.5,1754,5.31,0.41,6.5
2025-04-14,Suraj Prabhu,Lachlan Tyrell,e1 lachlan tyrell,1798,E1,0,1742,5.7,0.39,6.5
2025-05-06,Suraj Prabhu,Russell Dodington,e1 russell dodington,1782,E1,0,1730,6.11,0.41,6.5
2025-05-19,Suraj Prabhu,Tomasz Zaporowski,e1 tomasz zaporowski,1800,E1,0,1718,6.49,0.38,6.5
2025-01-06,Gareth Harper,Andrew Golley,w1 andrew golley,1757,W1,1,1734,0.44,0.44,1
2025-01-14,Gareth Harper,Ian Phillips,w1 ian phillips,1473,W1,0.5,1725,1.24,0.8,1.5
2025-02-04,Gareth Harper,Dale Westcott,w1 dale westcott,1864,W1,0,1716,1.54,0.3,1.5
2025-02-12,Gareth Harper,William Hewitt,w1 william hewitt,2041,W1,0,1712,1.67,0.13,1.5
2025-02-18,Gareth Harper,Sam Brown,w1 sam brown,1700,W1,0.5,1711,2.19,0.52,2
2025-02-25,Gareth Harper,Ian Phillips,w1 ian phillips,1473,W1,0,1687,2.99,0.8,2
2025-03-03,Gareth Harper,Bob Moore,w1 bob moore,1926,W1,0,1680,3.22,0.23,2
2025-03-10,Gareth Harper,Ian Eustis,w1 ian eustis,1789,W1,0.5,1683,3.62,0.4,2.5
2025-03-19,Gareth Harper,Martin C Jones,d1 martin c jones,1832,D1,0,1673,3.96,0.34,2.5
2025-03-23,Gareth Harper,Otto Bartlett-Davis,e1 otto bartlett-davis,1406,E1,0,1647,4.82,0.86,2.5
2025-04-01,Gareth Harper,Tony Goodchild,w1 tony goodchild,1526,W1,0.5,1639,5.57,0.75,3
2025-04-02,Gareth Harper,Adam May,w1 adam may,1921,W1,0,1632,5.81,0.24,3
2025-04-14,Gareth Harper,Peter Bevan,w1 peter bevan,1883,W1,0,1624,6.09,0.28,3
2025-04-22,Gareth Harper,Neil Stuart,w1 neil stuart,1692,W1,0.5,1623,6.63,0.54,3.5
2025-04-28,Gareth Harper,Bob Moore,w1 bob moore,1926,W1,0,1616,6.86,0.23,3.5
2025-04-29,Gareth Harper,Hywel Griffiths,w1 hywel griffiths,1902,W1,0,1608,7.12,0.26,3.5
2025-05-06,Gareth Harper,Ian Phillips,w1 ian phillips,1473,W1,1,1614,7.92,0.8,4.5
2025-05-14,Gareth Harper,Ian Jones,w1 ian jones,1939,W1,0,1608,8.14,0.22,4.5
2025-01-07,Paul Mills,Steve Williams (Cwm),g1 steve williams (cwm),1850,G1,0,1707,0.32,0.32,0
2025-02-02,Paul Mills,Amir Jamil,e1 amir jamil,1310,E1,1,1710,1.22,0.9,1
2025-02-05,Paul Mills,Andrew Balfe,g1 andrew balfe,1601,G1,0,1691,1.88,0.66,1
2025-01-11,Kevin Heady,Ian P Blencoe,NA,1731,ENG,1,1731,0.48,0.48,1
2025-01-11,Kevin Heady,Adrian M Lawrence,NA,1822,ENG,0,1720,0.83,0.35,1
2025-01-11,Kevin Heady,Roy A Ludlow,NA,1743,ENG,1,1736,1.29,0.46,2
2025-01-12,Kevin Heady,Ian R Rescorla,NA,1782,ENG,1,1754,1.69,0.4,3
2025-01-12,Kevin Heady,Dave Williams,g1 dave williams,1801,G1,1,1773,2.07,0.38,4
2025-01-20,Kevin Heady,Ewan Ferguson,d1 ewan ferguson,1829,D1,0,1763,2.41,0.34,4
2025-02-18,Kevin Heady,Peter Evans,d1 peter evans,1561,D1,1,1771,3.12,0.71,5
2025-03-04,Kevin Heady,Ieuan Din,d1 ieuan din,1318,D1,1,1774,4.02,0.9,6
2025-03-28,Kevin Heady,Andrew Di-Vetta,e1 andrew di-vetta,1787,E1,0,1762,4.42,0.4,6
2025-03-29,Kevin Heady,Tiiu Loog,NA,1829,ENG,0.5,1767,4.76,0.34,6.5
2025-03-29,Kevin Heady,Ellis Manning,NA,1830,ENG,0,1757,5.1,0.34,6.5
2025-03-30,Kevin Heady,Jack Tye,NA,1865,ENG,0,1748,5.4,0.3,6.5
2025-04-22,Kevin Heady,Mark Reynolds,d1 mark reynolds,1523,D1,1,1756,6.15,0.75,7.5
2025-01-06,Steve Richards,Thomas Moran,NA,1682,ENG,0.5,1714,0.55,0.55,0.5
2025-01-21,Steve Richards,G Brian Davies,n1 g brian davies,1789,N1,1,1732,0.95,0.4,1.5
2025-02-04,Steve Richards,Steve McCall,n1 steve mccall,1737,N1,0,1718,1.42,0.47,1.5
2025-02-11,Steve Richards,Daniel Westhead,NA,1706,ENG,0,1702,1.93,0.51,1.5
2025-03-04,Steve Richards,Gary Slegg,n1 gary slegg,1762,N1,0,1689,2.36,0.43,1.5
2025-03-11,Steve Richards,Seth Livesey,n1 seth livesey,1384,N1,1,1693,3.23,0.87,2.5
2025-03-17,Steve Richards,Matthew Dodsley,NA,1772,ENG,1,1711,3.65,0.42,3.5
2025-03-18,Steve Richards,Jeff Povall,NA,1785,ENG,0.5,1714,4.05,0.4,4
2025-04-01,Steve Richards,Mark Cromwell,NA,1830,ENG,1,1733,4.39,0.34,5
2025-04-10,Steve Richards,Ken Jones,NA,1768,ENG,0.5,1736,4.81,0.42,5.5
2025-04-17,Steve Richards,Les Simcock,n1 les simcock,1856,N1,0,1726,5.12,0.31,5.5
2025-04-22,Steve Richards,Matthew Battersby,NA,1662,ENG,0.5,1724,5.7,0.58,6
2025-04-24,Steve Richards,Phil Brine,NA,1869,ENG,0,1715,5.99,0.29,6
2025-01-14,Mike Blake,Chris Grier,n1 chris grier,1832,N1,0,1704,0.34,0.34,0
2025-03-20,Mike Blake,Chris Wescomb,n1 chris wescomb,1828,N1,1,1724,0.68,0.34,1
2025-04-09,Mike Blake,Catriona Coutts,n1 catriona coutts,1741,N1,0,1710,1.14,0.46,1
2025-01-13,Matthew Lunnon,Ken Hannah,e1 ken hannah,1793,E1,0.5,1717,0.39,0.39,0.5
2025-01-28,Matthew Lunnon,Paul Bridges,e1 paul bridges,1815,E1,0,1707,0.75,0.36,0.5
2025-02-10,Matthew Lunnon,Suraj Prabhu,e1 suraj prabhu,1718,E1,1,1722,1.24,0.49,1.5
2025-02-24,Matthew Lunnon,Andrei Zhuravlev,e1 andrei zhuravlev,1606,E1,0.5,1717,1.89,0.65,2
2025-03-10,Matthew Lunnon,Chris Slack,e1 chris slack,1744,E1,1,1734,2.35,0.46,3
2025-03-24,Matthew Lunnon,Stefan Le Roy,e1 stefan le roy,1734,E1,1,1749,2.82,0.47,4
2025-04-07,Matthew Lunnon,Yusuf Sulemani,e1 yusuf sulemani,1789,E1,1,1768,3.21,0.39,5
2025-04-17,Matthew Lunnon,Liam Penny,e1 liam penny,1846,E1,0,1758,3.53,0.32,5
2025-05-12,Matthew Lunnon,Gwyn Havard,e1 gwyn havard,1793,E1,0.5,1761,3.92,0.39,5.5
2025-05-19,Matthew Lunnon,Dave Parsons,e1 dave parsons,1809,E1,0,1750,4.29,0.37,5.5
2025-01-11,Mike Hollyman,Mauro Farina,NA,1794,ENG,1,1730,0.38,0.38,1
2025-01-11,Mike Hollyman,Timothy M Jones,NA,1816,ENG,0,1719,0.73,0.35,1
2025-01-11,Mike Hollyman,Dave Williams,g1 dave williams,1801,G1,0,1708,1.1,0.37,1
2025-01-12,Mike Hollyman,Paul W O'Brien,NA,1822,ENG,0,1697,1.45,0.35,1
2025-01-12,Mike Hollyman,Pete J Eales,NA,1764,ENG,1,1715,1.87,0.42,2
2025-01-18,Mike Hollyman,Allan Pleasants,e1 allan pleasants,2060,E1,0,1711,1.99,0.12,2
2025-01-18,Mike Hollyman,Dave Turner,g1 dave turner,1915,G1,0,1704,2.23,0.24,2
2025-01-19,Mike Hollyman,Justin Morgans,e1 justin morgans,1746,E1,0,1690,2.68,0.45,2
2025-01-19,Mike Hollyman,Chris Dixon,g1 chris dixon,1849,G1,0.5,1696,2.99,0.31,2.5
2025-02-07,Mike Hollyman,Ben Brewer,d1 ben brewer,1909,D1,0,1689,3.23,0.24,2.5
2025-02-08,Mike Hollyman,Rudy van Kemenade,n1 rudy van kemenade,1946,N1,0,1683,3.44,0.21,2.5
2025-02-09,Mike Hollyman,Gareth Harding,e1 gareth harding,1723,E1,0.5,1683,3.92,0.48,3
2025-02-09,Mike Hollyman,Julie van Kemenade,n1 julie van kemenade,1789,N1,0,1672,4.31,0.39,3
2025-02-15,Mike Hollyman,James Tapp,e1 james tapp,2080,E1,0,1668,4.42,0.11,3
2025-02-15,Mike Hollyman,Yuxuan Wu,e1 yuxuan wu,1969,E1,0,1663,4.6,0.18,3
2025-02-15,Mike Hollyman,Charlie Cooper,g1 charlie cooper,1371,G1,1,1667,5.48,0.88,4
2025-02-16,Mike Hollyman,Joshua Phillips,e1 joshua phillips,1310,E1,1,1670,6.38,0.9,5
2025-02-16,Mike Hollyman,Dave Turner,g1 dave turner,1915,G1,0.5,1677,6.62,0.24,5.5
2025-02-21,Mike Hollyman,Nathaniel Holroyd-Doveton,NA,1831,ENG,0.5,1682,6.95,0.33,6
2025-02-22,Mike Hollyman,Jon EW Blackburn,NA,1812,ENG,0.5,1687,7.31,0.36,6.5
2025-02-22,Mike Hollyman,David W Stephenson,NA,1875,ENG,0,1678,7.59,0.28,6.5
2025-02-23,Mike Hollyman,Rico-Bradley Ellis,NA,1845,ENG,0.5,1684,7.91,0.32,7
2025-02-23,Mike Hollyman,Phillip J Battye,NA,1790,ENG,0,1672,8.3,0.39,7
2025-03-14,Mike Hollyman,Jean-Jack Chalmers,NA,1858,ENG,1,1693,8.6,0.3,8
2025-03-15,Mike Hollyman,Arsen Maratov,NA,1863,ENG,0,1684,8.89,0.29,8
2025-03-15,Mike Hollyman,Joshua Paul,NA,1873,ENG,0,1676,9.17,0.28,8
2025-03-16,Mike Hollyman,Mason Detrani,NA,1700,Est,0,1660,9.69,0.52,8
2025-03-16,Mike Hollyman,Jamie Roberts,NA,1762,ENG,0,1648,10.12,0.43,8
2025-03-21,Mike Hollyman,William Partridge,NA,1831,ENG,0,1638,10.45,0.33,8
2025-03-22,Mike Hollyman,Arthur Hibbitt,NA,1816,ENG,0.5,1642,10.8,0.35,8.5
2025-03-22,Mike Hollyman,Dinah M Norman,NA,1794,ENG,0,1630,11.18,0.38,8.5
2025-03-23,Mike Hollyman,Freddie Sugden,NA,1847,ENG,0,1621,11.49,0.31,8.5
2025-03-23,Mike Hollyman,Ruslan Moossa,NA,1761,ENG,0.5,1623,11.92,0.43,9
2025-04-18,Mike Hollyman,Nick Van Noorden,e1 nick van noorden,1888,E1,0,1615,12.19,0.27,9
2025-04-18,Mike Hollyman,Peter Watkins,e1 peter watkins,1515,E1,1,1623,12.95,0.76,10
2025-04-19,Mike Hollyman,Peter Quinn,e1 peter quinn,1826,E1,0.5,1627,13.29,0.34,10.5
2025-04-19,Mike Hollyman,Mark Thomas,w1 mark thomas,1981,W1,0,1622,13.46,0.17,10.5
2025-04-20,Mike Hollyman,Simon Blackmore,e1 simon blackmore,1769,E1,0,1610,13.88,0.42,10.5
2025-04-21,Mike Hollyman,Glyn Hill,w1 glyn hill,1431,W1,1,1615,14.71,0.83,11.5
2025-04-21,Mike Hollyman,Deio Parri,n1 deio parri,1754,N1,1,1631,15.15,0.44,12.5
2025-04-25,Mike Hollyman,Andrew Boughen,NA,1895,ENG,0,1624,15.41,0.26,12.5
2025-04-26,Mike Hollyman,Blaise Welsh,NA,1657,ENG,0.5,1621,15.99,0.58,13
2025-04-26,Mike Hollyman,Glyn Hill,w1 glyn hill,1431,W1,1,1626,16.82,0.83,14
2025-04-27,Mike Hollyman,Sharvari Saharkar,NA,1768,ENG,0,1614,17.24,0.42,14
2025-04-27,Mike Hollyman,Mark J Fulleylove,NA,1793,ENG,0,1602,17.62,0.38,14
2025-05-16,Mike Hollyman,John Morrish,NA,1789,ENG,0,1591,18.01,0.39,14
2025-05-17,Mike Hollyman,Frank Usher,NA,1754,ENG,0.5,1592,18.45,0.44,14.5
2025-05-17,Mike Hollyman,Michael D Plumb,NA,1771,ENG,0.5,1595,18.86,0.41,15
2025-05-18,Mike Hollyman,David L Weston,NA,1776,ENG,1,1613,19.27,0.41,16
2025-05-18,Mike Hollyman,Howard Graff,NA,1789,ENG,0.5,1616,19.66,0.39,16.5
2025-05-24,Mike Hollyman,Dave Colledge,NA,1824,ENG,0.5,1621,20,0.34,17
2025-05-24,Mike Hollyman,Steve Jones,e1 steve jones,1838,E1,1,1641,20.32,0.32,18
2025-05-25,Mike Hollyman,David I Tipper,NA,1884,ENG,1,1663,20.59,0.27,19
2025-05-25,Mike Hollyman,Laurence JM Tarbuck,NA,1831,ENG,0.5,1668,20.92,0.33,19.5
2025-05-26,Mike Hollyman,Tommy Wilkins,NA,1895,ENG,0,1660,21.18,0.26,19.5
2025-05-26,Mike Hollyman,Zak Tomlinson,NA,1875,ENG,0,1652,21.46,0.28,19.5
2025-06-27,Mike Hollyman,Peter S Fisher,NA,1806,ENG,1,1671,21.83,0.37,20.5
2025-06-28,Mike Hollyman,Neville Layhe,NA,1781,ENG,0.5,1674,22.23,0.4,21
2025-06-28,Mike Hollyman,Paul Leonard,NA,1770,ENG,0,1661,22.65,0.42,21
2025-06-29,Mike Hollyman,Tommy Cooke,NA,1698,ENG,0,1646,23.17,0.52,21
2025-06-29,Mike Hollyman,Adam Smith,NA,1711,ENG,0,1631,23.67,0.5,21
2025-03-20,Leo Fernandez-Arias,Shion Rowlands,n1 shion rowlands,1841,N1,0,1700,0.32,0.32,0
2025-05-09,Leo Fernandez-Arias,Stephen Williams (RP),n1 stephen williams (rp),1655,N1,0,1683,0.9,0.58,0
2025-05-10,Leo Fernandez-Arias,Malcolm Green,NA,1570,ENG,0,1662,1.59,0.69,0
2025-05-10,Leo Fernandez-Arias,Stephen Garnett,n1 stephen garnett,1475,N1,1,1668,2.38,0.79,1
2025-05-11,Leo Fernandez-Arias,Steve Spencer,NA,1709,ENG,0,1653,2.88,0.5,1
2025-01-17,Tomas Forsey,Wayne Holland,e1 wayne holland,1450,E1,1,1715,0.82,0.82,1
2025-01-18,Tomas Forsey,Jack Bull,g1 jack bull,1564,G1,0,1694,1.52,0.7,1
2025-01-18,Tomas Forsey,Arush Ajai Murthy,e1 arush ajai murthy,1700,E1,1,1708,2.03,0.51,2
2025-01-19,Tomas Forsey,Csombor Hanczar,e1 csombor hanczar,1590,E1,0,1688,2.69,0.66,2
2025-01-19,Tomas Forsey,Lucas Zheng,e1 lucas zheng,1650,E1,0,1671,3.27,0.58,2
2025-02-18,Tomas Forsey,Bob Hurn,e1 bob hurn,1612,E1,0.5,1667,3.91,0.64,2.5
2025-03-04,Tomas Forsey,Steve Williams (Cwm),g1 steve williams (cwm),1850,G1,0.5,1672,4.22,0.31,3
2025-01-07,Matthew Matthias,Tanmay Madhusudhan,n1 tanmay madhusudhan,1772,N1,0,1696,0.41,0.41,0
2025-01-14,Matthew Matthias,Dave Hulme,NA,1653,ENG,0,1678,0.99,0.58,0
2025-02-04,Matthew Matthias,Andrew Sutton,n1 andrew sutton,1672,N1,1,1692,1.54,0.55,1
2025-02-18,Matthew Matthias,Daniel Altmann,n1 daniel altmann,1699,N1,0,1676,2.05,0.51,1
2025-03-04,Matthew Matthias,Danny Den Drijver,n1 danny den drijver,1757,N1,0,1664,2.48,0.43,1
2025-04-01,Matthew Matthias,Edgar Reynolds,NA,1557,ENG,1,1672,3.18,0.7,2
2025-04-15,Matthew Matthias,Peter Bullough,NA,1686,ENG,0,1656,3.71,0.53,2
2025-04-17,Matthew Matthias,Shion Rowlands,n1 shion rowlands,1841,N1,0,1647,4.03,0.32,2
2025-04-22,Matthew Matthias,John Zlosnik,n1 john zlosnik,1740,N1,0.5,1648,4.48,0.45,2.5
2025-02-04,Aled Roberts,Mark Chinnick,e1 mark chinnick,1574,E1,0.5,1702,0.68,0.68,0.5
2025-03-04,Aled Roberts,Martin Ilett,e1 martin ilett,1641,E1,0.5,1700,1.28,0.6,1
2025-04-01,Aled Roberts,Adam Christopher,e1 adam christopher,1589,E1,0,1680,1.94,0.66,1
2025-01-05,Kevin Stephens,Jordan Heatman,w1 jordan heatman,1812,W1,1,1724,0.35,0.35,1
2025-01-07,Kevin Stephens,Csege Hanczar,e1 csege hanczar,1644,E1,1,1737,0.94,0.59,2
2025-01-20,Kevin Stephens,Tim Whitchurch,e1 tim whitchurch,1584,E1,1,1747,1.61,0.67,3
2025-03-03,Kevin Stephens,Clive Silver,e1 clive silver,1639,E1,1,1759,2.2,0.59,4
2025-03-23,Kevin Stephens,Lee Davis,e1 lee davis,2100,E1,0,1756,2.3,0.1,4
2025-04-07,Kevin Stephens,Edd Chwieseni,e1 edd chwieseni,1697,E1,0,1741,2.81,0.51,4
2025-04-14,Kevin Stephens,Mike Gale,e1 mike gale,1821,E1,0.5,1746,3.15,0.34,4.5
2025-04-15,Kevin Stephens,Jacob Limeslade,e1 jacob limeslade,1467,E1,1,1752,3.95,0.8,5.5
2025-05-11,Kevin Stephens,Andrei Zhuravlev,e1 andrei zhuravlev,1606,E1,1,1762,4.59,0.64,6.5
2025-05-12,Kevin Stephens,David Rovaretti,e1 david rovaretti,1793,E1,1,1781,4.97,0.38,7.5
2025-01-20,Sam Brown,Ken Huntley,w1 ken huntley,1633,W1,1,1712,0.6,0.6,1
2025-01-29,Sam Brown,Ralph Cook,w1 ralph cook,1673,W1,0.5,1711,1.14,0.54,1.5
2025-02-02,Sam Brown,Gary Slegg,n1 gary slegg,1762,N1,0,1699,1.55,0.41,1.5
2025-02-03,Sam Brown,Andrew Thomas,w1 andrew thomas,1902,W1,0,1691,1.79,0.24,1.5
2025-02-10,Sam Brown,Tony Goodchild,w1 tony goodchild,1526,W1,1,1700,2.52,0.73,2.5
2025-02-17,Sam Brown,Greg Goold,w1 greg goold,1459,W1,1,1706,3.32,0.8,3.5
2025-02-18,Sam Brown,Gareth Harper,w1 gareth harper,1717,W1,0.5,1706,3.8,0.48,4
2025-02-23,Sam Brown,Glyn Hill,w1 glyn hill,1431,W1,1,1712,4.62,0.82,5
2025-02-25,Sam Brown,Ken Huntley,w1 ken huntley,1633,W1,1,1724,5.22,0.6,6
2025-03-03,Sam Brown,Spencer Ripley,w1 spencer ripley,1469,W1,1,1730,6.01,0.79,7
2025-03-10,Sam Brown,Greg Goold,w1 greg goold,1459,W1,1,1736,6.81,0.8,8
2025-03-11,Sam Brown,Michael Beck,w1 michael beck,1838,W1,1,1757,7.12,0.31,9
2025-03-17,Sam Brown,Carl Halpin,w1 carl halpin,1576,W1,0,1736,7.79,0.67,9
2025-04-07,Sam Brown,Ian Eustis,w1 ian eustis,1789,W1,0.5,1740,8.16,0.37,9.5
2025-04-22,Sam Brown,Ian Phillips,w1 ian phillips,1473,W1,1,1747,8.95,0.79,10.5
2025-04-28,Sam Brown,Tony Goodchild,w1 tony goodchild,1526,W1,1,1755,9.68,0.73,11.5
2025-04-30,Sam Brown,Steve Edwards,w1 steve edwards,1616,W1,1,1766,10.3,0.62,12.5
2025-05-05,Sam Brown,Jordan Heatman,w1 jordan heatman,1812,W1,1,1786,10.64,0.34,13.5
2025-05-11,Sam Brown,Steve Horrell,g1 steve horrell,1795,G1,0.5,1790,11.01,0.37,14
2025-05-12,Sam Brown,Daniel Attrill,w1 daniel attrill,1467,W1,1,1796,11.8,0.79,15
2025-01-17,Arush Ajai Murthy,Antony Phillips,e1 antony phillips,1310,E1,1,1703,0.9,0.9,1
2025-01-18,Arush Ajai Murthy,Andrew Di-Vetta,e1 andrew di-vetta,1787,E1,0,1692,1.28,0.38,1
2025-01-18,Arush Ajai Murthy,Tomas Forsey,g1 tomas forsey,1709,G1,0,1677,1.77,0.49,1
2025-01-19,Arush Ajai Murthy,Bob Hurn,e1 bob hurn,1612,E1,0.5,1673,2.39,0.62,1.5
2025-01-19,Arush Ajai Murthy,Daniel Chaure-Larsen,e1 daniel chaure-larsen,1430,E1,1,1679,3.22,0.83,2.5
2025-03-08,Arush Ajai Murthy,Daniel Katchi,e1 daniel katchi,1310,E1,1,1682,4.12,0.9,3.5
2025-03-08,Arush Ajai Murthy,Farouq Nasir,w1 farouq nasir,1670,W1,0,1665,4.66,0.54,3.5
2025-03-09,Arush Ajai Murthy,Advik Samiaiya,w1 advik samiaiya,1371,W1,0.5,1654,5.53,0.87,4
2025-03-09,Arush Ajai Murthy,Ellis Jones,e1 ellis jones,1316,E1,1,1657,6.43,0.9,5
2025-04-18,Arush Ajai Murthy,Nick Van Noorden,e1 nick van noorden,1888,E1,0.5,1665,6.68,0.25,5.5
2025-04-18,Arush Ajai Murthy,Sam Rhydderch,e1 sam rhydderch,1451,E1,1,1670,7.49,0.81,6.5
2025-04-19,Arush Ajai Murthy,Donovan Sipho,w1 donovan sipho,1803,W1,0,1660,7.85,0.36,6.5
2025-04-19,Arush Ajai Murthy,Steve Williams (Cwm),g1 steve williams (cwm),1850,G1,0,1651,8.15,0.3,6.5
2025-04-20,Arush Ajai Murthy,Scott Hammett,d1 scott hammett,1802,D1,1,1670,8.51,0.36,7.5
2025-04-21,Arush Ajai Murthy,Joseph Browse,e1 joseph browse,1825,E1,0,1660,8.84,0.33,7.5
2025-04-21,Arush Ajai Murthy,Peter Quinn,e1 peter quinn,1826,E1,1,1680,9.17,0.33,8.5
2025-03-09,Arush Ajai Murthy,Amir Jamil,e1 amir jamil,1310,E1,0,1653,10.07,0.9,8.5
2025-01-14,Daniel Altmann,Dave Littlemore,NA,1657,ENG,0.5,1697,0.56,0.56,0.5
2025-02-18,Daniel Altmann,Matthew Matthias,n1 matthew matthias,1708,N1,1,1713,1.05,0.49,1.5
2025-03-04,Daniel Altmann,Robert G Hill,n1 robert g hill,1604,N1,0.5,1709,1.68,0.63,2
2025-03-25,Daniel Altmann,Joe Muxlow,n1 joe muxlow,1792,N1,1,1728,2.05,0.37,3
2025-04-01,Daniel Altmann,Nick Darlington,NA,1738,ENG,0,1714,2.49,0.44,3
2025-04-08,Daniel Altmann,Stuart Hamilton,n1 stuart hamilton,1582,N1,1,1724,3.15,0.66,4
2025-04-15,Daniel Altmann,Steve Williams,NA,1716,ENG,0.5,1725,3.63,0.48,4.5
2025-01-08,Robert Muza,Liam Powell-Jones,g1 liam powell-jones,1680,G1,0,1682,0.53,0.53,0
2025-04-07,Edd Chwieseni,Kevin Stephens,e1 kevin stephens,1705,E1,1,1712,0.49,0.49,1
2025-01-07,Clive Crowley,Andrew Jeanes,e1 andrew jeanes,1684,E1,0,1681,0.52,0.52,0
2025-03-11,Clive Crowley,Martin Ilett,e1 martin ilett,1641,E1,1,1694,1.1,0.58,1
2025-01-05,Neil Stuart,Govind Anandkumar,e1 govind anandkumar,1742,E1,0.5,1694,0.43,0.43,0.5
2025-01-07,Neil Stuart,John Davies,w1 john davies,1482,W1,0.5,1686,1.2,0.77,1
2025-01-27,Neil Stuart,Mark Wilson,w1 mark wilson,1670,W1,0,1670,1.73,0.53,1
2025-02-02,Neil Stuart,Sergio Esteves,e1 sergio esteves,1775,E1,0.5,1674,2.11,0.38,1.5
2025-02-03,Neil Stuart,Ian Eustis,w1 ian eustis,1789,W1,0,1663,2.47,0.36,1.5
2025-02-10,Neil Stuart,Daniel Attrill,w1 daniel attrill,1467,W1,0,1639,3.26,0.79,1.5
2025-02-23,Neil Stuart,Jordan Heatman,w1 jordan heatman,1812,W1,1,1659,3.59,0.33,2.5
2025-02-24,Neil Stuart,Blake Stone,w1 blake stone,1746,W1,0,1646,4.01,0.42,2.5
2025-04-09,Neil Stuart,Ralph Cook,w1 ralph cook,1673,W1,0.5,1646,4.54,0.53,3
2025-04-22,Neil Stuart,Gareth Harper,w1 gareth harper,1717,W1,0.5,1647,5,0.46,3.5
2025-05-05,Neil Stuart,David Foster,w1 david foster,1567,W1,1,1657,5.67,0.67,4.5
2025-05-12,Neil Stuart,Andrew Smith,w1 andrew smith,1779,W1,0,1645,6.05,0.38,4.5
2025-01-28,Cosmin Stancu,Rhys Davies,e1 rhys davies,1438,E1,1,1695,0.81,0.81,1
2025-02-18,Cosmin Stancu,Martin Blackman-Siegler,e1 martin blackman-siegler,1658,E1,0,1678,1.35,0.54,1
2025-03-25,Cosmin Stancu,Emyr Roberts,e1 emyr roberts,1769,E1,1,1697,1.74,0.39,2
2025-04-15,Cosmin Stancu,Ken Hannah,e1 ken hannah,1793,E1,0,1686,2.09,0.35,2
2025-05-07,Xavier Austin,Tomasz Zaporowski,e1 tomasz zaporowski,1800,E1,0,1678,0.34,0.34,0
2025-01-21,S Wyn Howells,Jim Sadler,g1 jim sadler,1507,G1,1,1695,0.74,0.74,1
2025-01-28,Eva Gregot,Janet Evans,w1 janet evans,1310,W1,1,1689,0.9,0.9,1
2025-02-12,Eva Gregot,Phil Moss,w1 phil moss,1310,W1,1,1692,1.8,0.9,2
2025-02-26,Eva Gregot,Stuart Thomas,w1 stuart thomas,1310,W1,1,1695,2.7,0.9,3
2025-03-11,Eva Gregot,Adam May,w1 adam may,1921,W1,0,1689,2.91,0.21,3
2025-03-19,Eva Gregot,Ralph Cook,w1 ralph cook,1673,W1,0,1674,3.43,0.52,3
2025-01-07,Andrew Jeanes,Clive Crowley,e1 clive crowley,1697,E1,1,1700,0.48,0.48,1
2025-01-22,Andrew Jeanes,Chris Fox,e1 chris fox,1642,E1,0.5,1698,1.04,0.56,1.5
2025-02-02,Andrew Jeanes,Kam Choo Yin,e1 kam choo yin,1759,E1,0.5,1701,1.43,0.39,2
2025-02-07,Andrew Jeanes,Harri Davies,e1 harri davies,1486,E1,0,1678,2.19,0.76,2
2025-02-10,Andrew Jeanes,Steve Jones,e1 steve jones,1838,E1,0,1669,2.48,0.29,2
2025-02-11,Andrew Jeanes,Wayne Holland,e1 wayne holland,1450,E1,0.5,1661,3.27,0.79,2.5
2025-02-17,Andrew Jeanes,Bob Hurn,e1 bob hurn,1612,E1,1,1673,3.87,0.6,3.5
2025-02-23,Andrew Jeanes,Bill Harle,e1 bill harle,1787,E1,0.5,1677,4.23,0.36,4
2025-02-24,Andrew Jeanes,Garmon Iago,e1 garmon iago,1600,E1,1,1688,4.85,0.62,5
2025-03-03,Andrew Jeanes,Martin K Jones,e1 martin k jones,1625,E1,0.5,1686,5.43,0.58,5.5
2025-03-10,Andrew Jeanes,John Ryles,e1 john ryles,1589,E1,0.5,1682,6.06,0.63,6
2025-03-20,Andrew Jeanes,Peter Slater,e1 peter slater,1754,E1,1,1700,6.46,0.4,7
2025-03-23,Andrew Jeanes,Gareth Yeo,e1 gareth yeo,2078,E1,0,1697,6.56,0.1,7
2025-03-24,Andrew Jeanes,Ian Abraham,e1 ian abraham,1803,E1,0.5,1702,6.9,0.34,7.5
2025-03-31,Andrew Jeanes,Erion Pici,e1 erion pici,1597,E1,0.5,1698,7.52,0.62,8
2025-04-07,Andrew Jeanes,Adam Christopher,e1 adam christopher,1589,E1,1,1709,8.15,0.63,9
2025-04-14,Andrew Jeanes,Steve Jones,e1 steve jones,1838,E1,0,1700,8.44,0.29,9
2025-05-11,Andrew Jeanes,Kristan Enoch,e1 kristan enoch,1747,E1,0,1688,8.85,0.41,9
2025-05-12,Andrew Jeanes,Jeremy Jones,e1 jeremy jones,1632,E1,0.5,1686,9.42,0.57,9.5
2025-06-02,Andrew Jeanes,Mark Chinnick,e1 mark chinnick,1574,E1,0.5,1681,10.07,0.65,10
2025-06-23,Andrew Jeanes,Richard Swales,e1 richard swales,1310,E1,1,1684,10.97,0.9,11
2025-02-24,Steffan Mon,Mike Stannard,g1 mike stannard,1564,G1,1,1694,0.67,0.67,1
2025-05-10,Peter Coutts,Stuart Hamilton,n1 stuart hamilton,1582,N1,1,1693,0.64,0.64,1
2025-05-10,Peter Coutts,Lawrence Harold,NA,1645,ENG,0.5,1691,1.19,0.55,1.5
2025-05-11,Peter Coutts,Daniel Westhead,NA,1698,ENG,0.5,1692,1.67,0.48,2
2025-05-11,Peter Coutts,Aidan Jones,n1 aidan jones,1511,N1,1,1700,2.4,0.73,3
2025-05-21,Peter Coutts,David Fernandez-Arias,n1 david fernandez-arias,1747,N1,0.5,1703,2.81,0.41,3.5
2025-06-28,Peter Coutts,David Buckell,NA,1761,ENG,0,1691,3.2,0.39,3.5
2025-06-28,Peter Coutts,William Egan,NA,1789,ENG,0.5,1696,3.55,0.35,4
2025-06-29,Peter Coutts,Aviraj Bhaduri,NA,1740,ENG,0,1683,3.97,0.42,4
2025-06-29,Peter Coutts,Ved Boganadham,NA,1776,ENG,0,1672,4.34,0.37,4
2025-01-08,Liam Powell-Jones,Robert Muza,g1 robert muza,1698,G1,1,1696,0.47,0.47,1
2025-01-15,Liam Powell-Jones,Alan Keene,g1 alan keene,1890,G1,0.5,1704,0.7,0.23,1.5
2025-01-17,Liam Powell-Jones,Steve Keable,e1 steve keable,1461,E1,0.5,1696,1.48,0.78,2
2025-01-18,Liam Powell-Jones,Thomas Phillips,e1 thomas phillips,1400,E1,1,1700,2.31,0.83,3
2025-01-19,Liam Powell-Jones,Andrew Smith,w1 andrew smith,1779,W1,1,1720,2.67,0.36,4
2025-01-19,Liam Powell-Jones,Steve Jones,e1 steve jones,1838,E1,0,1711,2.96,0.29,4
2025-01-22,Liam Powell-Jones,Lucas James,g1 lucas james,1748,G1,0,1699,3.36,0.4,4
2025-02-05,Liam Powell-Jones,Chris Morgan,g1 chris morgan,1743,G1,0,1687,3.77,0.41,4
2025-02-12,Liam Powell-Jones,Paul Scott,g1 paul scott,1756,G1,0,1675,4.16,0.39,4
2025-04-18,Liam Powell-Jones,Mark Thomas,w1 mark thomas,1981,W1,0.5,1685,4.31,0.15,4.5
2025-04-19,Liam Powell-Jones,Steve Jones,e1 steve jones,1838,E1,1,1707,4.6,0.29,5.5
2025-04-19,Liam Powell-Jones,Joseph Browse,e1 joseph browse,1825,E1,0,1698,4.9,0.3,5.5
2025-04-20,Liam Powell-Jones,Madged Bani Hani,g1 madged bani hani,1750,G1,0,1686,5.3,0.4,5.5
2025-04-21,Liam Powell-Jones,Toby Blankley,e1 toby blankley,1456,E1,1,1692,6.08,0.78,6.5
2025-04-21,Liam Powell-Jones,Andrew Smith,w1 andrew smith,1779,W1,0,1681,6.44,0.36,6.5
2025-04-26,Liam Powell-Jones,Jonathan Gilbert,g1 jonathan gilbert,2038,G1,0,1678,6.55,0.11,6.5
2025-04-27,Liam Powell-Jones,Steve Williams (Cwm),g1 steve williams (cwm),1850,G1,0,1670,6.82,0.27,6.5
2025-04-25,Liam Powell-Jones,Chris Perry,g1 chris perry,1350,G1,1,1674,7.69,0.87,7.5
2025-04-26,Liam Powell-Jones,Mike Stannard,g1 mike stannard,1564,G1,1,1684,8.35,0.66,8.5
2025-04-27,Liam Powell-Jones,Bob Wiltshire,g1 bob wiltshire,1551,G1,1,1693,9.03,0.68,9.5
2025-06-07,Liam Powell-Jones,Craig Robinson,NA,1740,ENG,0.5,1696,9.44,0.41,10
2025-06-07,Liam Powell-Jones,Siyao Ou,NA,1727,ENG,0.5,1698,9.87,0.43,10.5
2025-06-07,Liam Powell-Jones,Cecil Sloan,NA,1744,ENG,0.5,1701,10.28,0.41,11
2025-06-08,Liam Powell-Jones,Richard Keane,NA,1764,ENG,1,1719,10.66,0.38,12
2025-06-08,Liam Powell-Jones,Steve Williams (Cwm),g1 steve williams (cwm),1850,G1,0,1711,10.93,0.27,12
2025-01-07,John A Williams,Paul Scott,g1 paul scott,1756,G1,0,1668,0.39,0.39,0
2025-01-11,John A Williams,Tomothy M Jones,NA,1816,ENG,0.5,1674,0.7,0.31,0.5
2025-01-11,John A Williams,Elliot Spinney,NA,1815,ENG,0,1664,1.01,0.31,0.5
2025-01-11,John A Williams,Peter J Eales,NA,1764,ENG,1,1683,1.39,0.38,1.5
2025-01-12,John A Williams,Mauro Farina,NA,1794,ENG,1,1703,1.73,0.34,2.5
2025-01-12,John A Williams,Martin C Jones,d1 martin c jones,1832,D1,0,1694,2.02,0.29,2.5
2025-01-15,John A Williams,Zane Allford,g1 zane allford,1850,G1,1,1716,2.29,0.27,3.5
2025-01-17,John A Williams,Mabon Hanczar,e1 mabon hanczar,1310,E1,1,1719,3.18,0.89,4.5
2025-01-18,John A Williams,Steve Jones,e1 steve jones,1838,E1,0,1710,3.47,0.29,4.5
2025-01-18,John A Williams,Huw Jones,w1 huw jones,1776,W1,0.5,1714,3.84,0.37,5
2025-01-19,John A Williams,Thomas Phillips,e1 thomas phillips,1400,E1,1,1719,4.67,0.83,6
2025-01-19,John A Williams,Andrei Zhuravlev,e1 andrei zhuravlev,1606,E1,0.5,1716,5.27,0.6,6.5
2025-01-21,John A Williams,Joshua Colcombe,g1 joshua colcombe,1600,G1,1,1728,5.88,0.61,7.5
2025-02-04,John A Williams,Steve Williams (Cwm),g1 steve williams (cwm),1850,G1,1,1750,6.15,0.27,8.5
2025-02-12,John A Williams,Richard Batey,g1 richard batey,1907,G1,0,1743,6.36,0.21,8.5
2025-02-15,John A Williams,Bence Szakmany,e1 bence szakmany,1969,E1,0.5,1753,6.52,0.16,9
2025-02-15,John A Williams,John McGregor,e1 john mcgregor,1921,E1,0.5,1762,6.72,0.2,9.5
2025-02-15,John A Williams,Steve Jones,e1 steve jones,1838,E1,1,1784,7.01,0.29,10.5
2025-02-16,John A Williams,Danylo Shevchenko,e1 danylo shevchenko,1667,E1,1,1798,7.53,0.52,11.5
2025-02-16,John A Williams,James Tapp,e1 james tapp,2080,E1,0,1795,7.63,0.1,11.5
2025-02-18,John A Williams,Andrew Balfe,g1 andrew balfe,1601,G1,1,1807,8.24,0.61,12.5
2025-02-28,John A Williams,Robert G Wilby,NA,1793,ENG,0,1797,8.58,0.34,12.5
2025-03-01,John A Williams,Charles Diodge,NA,1752,ENG,0,1785,8.98,0.4,12.5
2025-03-01,John A Williams,Adrian M Lawrence,NA,1848,ENG,1,1806,9.26,0.28,13.5
2025-03-02,John A Williams,Ellis Manning,NA,1804,ENG,1,1826,9.59,0.33,14.5
2025-03-02,John A Williams,David R Rogers,NA,1822,ENG,0,1817,9.9,0.31,14.5
2025-03-04,John A Williams,Michael Binding,g1 michael binding,1397,G1,0,1792,10.74,0.84,14.5
2025-03-21,John A Williams,Barry Liappard,NA,1621,ENG,0,1775,11.32,0.58,14.5
2025-03-22,John A Williams,Martin D Brookes,NA,1606,ENG,1,1787,11.92,0.6,15.5
2025-03-22,John A Williams,Martyn J Maber,NA,1656,ENG,1,1801,12.45,0.53,16.5
2025-03-23,John A Williams,Toby Ralph,NA,1668,ENG,1,1815,12.97,0.52,17.5
2025-03-23,John A Williams,Joe Dornan,NA,1771,ENG,0,1804,13.34,0.37,17.5
2025-03-28,John A Williams,Jack Bull,g1 jack bull,1564,G1,1,1814,14,0.66,18.5
2025-03-29,John A Williams,Jack Buckley,NA,1667,ENG,0.5,1813,14.52,0.52,19
2025-03-29,John A Williams,Judd Chidwick,NA,1833,ENG,0,1805,14.81,0.29,19
2025-03-30,John A Williams,Alastair JD Marston,NA,1843,ENG,1,1826,15.09,0.28,20
2025-03-30,John A Williams,Paul Mottram,NA,1792,ENG,1,1846,15.43,0.34,21
2025-04-18,John A Williams,Dominic V Gibbs,NA,2035,ENG,0,1842,15.54,0.11,21
2025-04-18,John A Williams,Alexis Kristoff Malibiran,NA,1833,ENG,0,1834,15.83,0.29,21
2025-04-19,John A Williams,Sam Rhydderch,e1 sam rhydderch,1451,E1,0.5,1825,16.62,0.79,21.5
2025-04-19,John A Williams,Toby Blankley,e1 toby blankley,1456,E1,1,1831,17.4,0.78,22.5
2025-04-20,John A Williams,Peter Quinn,e1 peter quinn,1826,E1,0,1822,17.7,0.3,22.5
2025-04-21,John A Williams,Scott Hammett,d1 scott hammett,1802,D1,0,1812,18.03,0.33,22.5
2025-04-21,John A Williams,Peter Watkins,e1 peter watkins,1515,E1,0.5,1806,18.75,0.72,23
2025-04-25,John A Williams,Peter Varley,g1 peter varley,2159,G1,0,1803,18.85,0.1,23
2025-04-27,John A Williams,Lucas James,g1 lucas james,1748,G1,0,1791,19.25,0.4,23
2025-04-26,John A Williams,Gareth Holyfield,g1 gareth holyfield,1502,G1,0.5,1784,19.99,0.74,23.5
2025-04-26,John A Williams,Jack Bull,g1 jack bull,1564,G1,1,1794,20.65,0.66,24.5
2025-04-27,John A Williams,Adam Cooper,g1 adam cooper,1344,G1,1,1798,21.52,0.87,25.5
2025-05-17,John A Williams,James Hennefeld,NA,1838,ENG,1,1819,21.81,0.29,26.5
2025-05-17,John A Williams,David C Neagle,NA,1824,ENG,1,1840,22.11,0.3,27.5
2025-05-18,John A Williams,Helen Archer-Lock,NA,1824,ENG,0,1831,22.41,0.3,27.5
2025-05-18,John A Williams,Mac Holland,NA,1805,ENG,0,1821,22.74,0.33,27.5
2025-05-24,John A Williams,Sam Jackson,NA,1842,ENG,0,1812,23.02,0.28,27.5
2025-05-24,John A Williams,Lynne Fursman,NA,1834,ENG,0,1804,23.31,0.29,27.5
2025-05-25,John A Williams,Debaditya Dasgupta,NA,1858,ENG,1,1826,23.57,0.26,28.5
2025-05-25,John A Williams,Grant Daly,NA,1710,ENG,0,1812,24.03,0.46,28.5
2025-05-26,John A Williams,Maurice J Hill,NA,1831,ENG,0.5,1818,24.33,0.3,29
2025-05-26,John A Williams,Yechu Chen,NA,1751,ENG,0.5,1821,24.73,0.4,29.5
2025-01-06,Guto Llywelyn,Darson Beeston,w1 darson beeston,1741,W1,0,1664,0.41,0.41,0
2025-01-14,Guto Llywelyn,Blake Stone,w1 blake stone,1746,W1,1,1682,0.81,0.4,1
2025-01-28,Guto Llywelyn,Wiliam Francis,w1 wiliam francis,1477,W1,0.5,1674,1.57,0.76,1.5
2025-02-04,Guto Llywelyn,Jordan Heatman,w1 jordan heatman,1812,W1,0,1665,1.88,0.31,1.5
2025-02-12,Guto Llywelyn,John Arnold,w1 john arnold,1792,W1,0,1654,2.22,0.34,1.5
2025-02-19,Guto Llywelyn,Spencer Ripley,w1 spencer ripley,1469,W1,1,1661,2.99,0.77,2.5
2025-02-26,Guto Llywelyn,Ralph Cook,w1 ralph cook,1673,W1,1,1676,3.49,0.5,3.5
2025-03-04,Guto Llywelyn,Martyn Griffiths,w1 martyn griffiths,1820,W1,1,1697,3.79,0.3,4.5
2025-03-10,Guto Llywelyn,Andrew Thomas,w1 andrew thomas,1902,W1,0,1691,4,0.21,4.5
2025-03-18,Guto Llywelyn,Ken Huntley,w1 ken huntley,1633,W1,1,1704,4.56,0.56,5.5
2025-03-26,Guto Llywelyn,Mike Richards,w1 mike richards,1510,W1,1,1712,5.28,0.72,6.5
2025-04-02,Guto Llywelyn,Martin C Jones,d1 martin c jones,1832,D1,0,1704,5.57,0.29,6.5
2025-04-14,Guto Llywelyn,Ian Eustis,w1 ian eustis,1789,W1,0,1693,5.91,0.34,6.5
2025-04-22,Guto Llywelyn,Sulaiman Nasir,w1 sulaiman nasir,1532,W1,1,1702,6.61,0.7,7.5
2025-04-29,Guto Llywelyn,Evan Whitehouse,w1 evan whitehouse,1766,W1,0.5,1706,6.98,0.37,8
2025-05-21,Guto Llywelyn,Jack Mason,w1 jack mason,1393,W1,1,1711,7.82,0.84,9
2025-06-03,Guto Llywelyn,Peter Bevan,w1 peter bevan,1883,W1,0,1704,8.05,0.23,9
2025-06-11,Guto Llywelyn,Tony Goodchild,w1 tony goodchild,1526,W1,1,1713,8.75,0.7,10
2025-06-16,Guto Llywelyn,Paul Bevan,w1 paul bevan,1456,W1,1,1720,9.53,0.78,11
2025-01-22,Ralph Cook,Jonathan Baker,w1 jonathan baker,1586,W1,0.5,1669,0.62,0.62,0.5
2025-01-29,Ralph Cook,Sam Brown,w1 sam brown,1700,W1,0.5,1670,1.08,0.46,1
2025-02-17,Ralph Cook,James Harford,w1 james harford,1854,W1,0.5,1678,1.34,0.26,1.5
2025-02-26,Ralph Cook,Guto Llywelyn,w1 guto llywelyn,1676,W1,0,1663,1.84,0.5,1.5
2025-03-10,Ralph Cook,Tony Goodchild,w1 tony goodchild,1526,W1,0,1642,2.54,0.7,1.5
2025-03-19,Ralph Cook,Eva Gregot,w1 eva gregot,1686,W1,1,1657,3.02,0.48,2.5
2025-04-02,Ralph Cook,Julien Potier,w1 julien potier,1499,W1,1,1665,3.75,0.73,3.5
2025-04-09,Ralph Cook,Neil Stuart,w1 neil stuart,1692,W1,0.5,1666,4.22,0.47,4
2025-04-16,Ralph Cook,Mike Richards,w1 mike richards,1510,W1,0.5,1660,4.94,0.72,4.5
2025-05-14,Ralph Cook,Andrew Di-Vetta,e1 andrew di-vetta,1787,E1,0,1649,5.28,0.34,4.5
2025-05-27,Ralph Cook,Andrew Di-Vetta,e1 andrew di-vetta,1787,E1,0,1639,5.62,0.34,4.5
2025-01-07,Andy Basford,Adam Christopher,e1 adam christopher,1589,E1,0.5,1668,0.62,0.62,0.5
2025-01-21,Andy Basford,Martin Blackman-Siegler,e1 martin blackman-siegler,1658,E1,0,1653,1.14,0.52,0.5
2025-02-04,Andy Basford,Csege Hanczar,e1 csege hanczar,1644,E1,0,1637,1.68,0.54,0.5
2025-02-18,Andy Basford,Anshul Swamy,e1 anshul swamy,1618,E1,1,1649,2.26,0.58,1.5
2025-03-04,Andy Basford,Mark Chinnick,e1 mark chinnick,1574,E1,0.5,1645,2.9,0.64,2
2025-03-17,Andy Basford,Mike Gale,e1 mike gale,1821,E1,0,1636,3.2,0.3,2
2025-04-01,Andy Basford,Chris Peters,e1 chris peters,1595,E1,1,1648,3.81,0.61,3
2025-04-14,Andy Basford,Gwawr Evans,e1 gwawr evans,1321,E1,1,1652,4.69,0.88,4
2025-01-08,Dwain Jones,Emma Kong,e1 emma kong,1946,E1,0,1667,0.17,0.17,0
2025-01-20,Dwain Jones,Justin Morgans,e1 justin morgans,1746,E1,0.5,1670,0.57,0.4,0.5
2025-02-06,Dwain Jones,David Llewellyn,e1 david llewellyn,1954,E1,1,1695,0.73,0.16,1.5
2025-02-17,Dwain Jones,Syer Khizer Rizvi,e1 syer khizer rizvi,1819,E1,0,1686,1.03,0.3,1.5
2025-03-03,Dwain Jones,Yusuf Sulemani,e1 yusuf sulemani,1789,E1,0,1676,1.37,0.34,1.5
2025-03-10,Dwain Jones,Guy Wagner,e1 guy wagner,1832,E1,0,1667,1.65,0.28,1.5
2025-03-24,Dwain Jones,Will Harwood,e1 will harwood,1794,E1,0.5,1672,1.98,0.33,2
2025-04-07,Dwain Jones,Mike Gale,e1 mike gale,1821,E1,0.5,1679,2.28,0.3,2.5
2025-04-28,Dwain Jones,Dave Parsons,e1 dave parsons,1809,E1,0,1669,2.59,0.31,2.5
2025-05-07,Dwain Jones,Anezka Vlkova,e1 anezka vlkova,1948,E1,0,1664,2.76,0.17,2.5
2025-02-04,Andrew Sutton,Matthew Matthias,n1 matthew matthias,1708,N1,0,1659,0.45,0.45,0
2025-03-03,Andrew Sutton,Dan Hill,NA,1690,ENG,1,1674,0.92,0.47,1
2025-03-20,Andrew Sutton,Jaiden Flannery,n1 jaiden flannery,1539,N1,1,1684,1.6,0.68,2
2025-04-08,Andrew Sutton,Dave Hulme,NA,1638,ENG,1,1697,2.15,0.55,3
2025-04-15,Andrew Sutton,Stephen Garnett,n1 stephen garnett,1475,N1,1,1705,2.91,0.76,4
2025-04-24,Andrew Sutton,Dafydd Roberts,n1 dafydd roberts,1450,N1,1,1711,3.69,0.78,5
2025-01-20,Farouq Nasir,Derek Bellamy,w1 derek bellamy,1517,W1,1,1679,0.71,0.71,1
2025-01-25,Farouq Nasir,Benji Humphreys,NA,1939,ENG,0,1674,0.89,0.18,1
2025-01-25,Farouq Nasir,Senith Gunarathne,NA,1953,ENG,0,1669,1.05,0.16,1
2025-03-08,Farouq Nasir,Chun Hin Tang,e1 chun hin tang,1310,E1,1,1672,1.94,0.89,2
2025-03-08,Farouq Nasir,Arush Ajai Murthy,e1 arush ajai murthy,1700,E1,1,1688,2.4,0.46,3
2025-03-09,Farouq Nasir,Csege Hanczar,e1 csege hanczar,1644,E1,1,1702,2.94,0.54,4
2025-03-09,Farouq Nasir,Kenul Herath,e1 kenul herath,1413,E1,1,1708,3.75,0.81,5
2025-03-09,Farouq Nasir,Angel Srivastava,e1 angel srivastava,1310,E1,1,1711,4.64,0.89,6
2025-04-22,Farouq Nasir,Chris Daniel,w1 chris daniel,1745,W1,0.5,1714,5.03,0.39,6.5
2025-05-21,Farouq Nasir,Advik Ram,w1 advik ram,1390,W1,1,1719,5.86,0.83,7.5
2025-05-31,Farouq Nasir,Hubert Bates,NA,1906,ENG,0,1713,6.06,0.2,7.5
2025-05-31,Farouq Nasir,Peter Hazell,NA,1884,ENG,0,1706,6.29,0.23,7.5
2025-06-01,Farouq Nasir,Viacheslas Ovcharenko,NA,1851,ENG,1,1729,6.55,0.26,8.5
2025-06-01,Farouq Nasir,Adri Van Hensbergen,NA,1893,ENG,0,1722,6.77,0.22,8.5
2025-06-03,Farouq Nasir,Andrew Smith,w1 andrew smith,1779,W1,0,1712,7.12,0.35,8.5
2025-06-11,Farouq Nasir,Alan Young,w1 alan young,2016,W1,0,1708,7.24,0.12,8.5
2025-06-25,Farouq Nasir,Tony Goodchild,w1 tony goodchild,1526,W1,0.5,1702,7.94,0.7,9
2025-04-10,Matthew Thomas,Karl Davies,n1 karl davies,1474,N1,1,1677,0.76,0.76,1
2025-04-15,Matthew Thomas,Stuart Hamilton,n1 stuart hamilton,1582,N1,0,1659,1.38,0.62,1
2025-04-24,Matthew Thomas,Gareth Williams,n1 gareth williams,1350,N1,1,1663,2.24,0.86,2
2025-01-20,Mark Wilson,James Harford,w1 james harford,1854,W1,1,1692,0.26,0.26,1
2025-01-27,Mark Wilson,Neil Stuart,w1 neil stuart,1692,W1,1,1708,0.73,0.47,2
2025-02-11,Mark Wilson,Martyn Griffiths,w1 martyn griffiths,1820,W1,0,1699,1.03,0.3,2
2025-02-25,Mark Wilson,Roger Jenkins,w1 roger jenkins,1728,W1,0.5,1702,1.45,0.42,2.5
2025-03-05,Mark Wilson,Jeff Boyce,w1 jeff boyce,1524,W1,1,1711,2.15,0.7,3.5
2025-03-18,Mark Wilson,Matthew Billington,w1 matthew billington,1766,W1,0,1700,2.52,0.37,3.5
2025-03-26,Mark Wilson,Steve Edwards,w1 steve edwards,1616,W1,0.5,1698,3.1,0.58,4
2025-01-08,Miltos Zoumekas,Ieuan Bevan Jones,e1 ieuan bevan jones,1589,E1,0,1652,0.61,0.61,0
2025-01-15,Miltos Zoumekas,Richard Cousins,e1 richard cousins,1598,E1,1,1664,1.21,0.6,1
2025-01-22,Miltos Zoumekas,Oleksandr Zhuravel,e1 oleksandr zhuravel,1310,E1,1,1667,2.1,0.89,2
2025-01-29,Miltos Zoumekas,Abir Deshpande,e1 abir deshpande,1310,E1,1,1670,2.99,0.89,3
2025-01-07,Alex Kennedy,Yusuf Sulemani,e1 yusuf sulemani,1789,E1,0,1659,0.33,0.33,0
2025-02-04,Alex Kennedy,David Belochkin,e1 david belochkin,1803,E1,0,1649,0.65,0.32,0
2025-02-17,Alex Kennedy,Steve Jones,e1 steve jones,1838,E1,1,1671,0.92,0.27,1
2025-02-23,Alex Kennedy,Ian Jones,w1 ian jones,1939,W1,0,1666,1.09,0.17,1
2025-03-04,Alex Kennedy,Jacob Limeslade,e1 jacob limeslade,1467,E1,0,1643,1.85,0.76,1
2025-03-17,Alex Kennedy,Adam Christopher,e1 adam christopher,1589,E1,0,1625,2.46,0.61,1
2025-03-23,Alex Kennedy,Derek Jones,e1 derek jones,1944,E1,1,1650,2.63,0.17,2
2025-03-25,Alex Kennedy,Micah O'Toole,e1 micah o'toole,1858,E1,1,1672,2.88,0.25,3
2025-04-14,Alex Kennedy,Gavin Jones,e1 gavin jones,1825,E1,0.5,1678,3.17,0.29,3.5
2025-02-05,Sam Jones,Merle Field,n1 merle field,1455,N1,1,1675,0.77,0.77,1
2025-01-27,Ben Rowlands,Andrew Golley,w1 andrew golley,1757,W1,1,1687,0.37,0.37,1
2025-02-25,Ben Rowlands,James Harford,w1 james harford,1854,W1,1,1709,0.63,0.26,2
2025-03-11,Ben Rowlands,Carl Halpin,w1 carl halpin,1576,W1,0.5,1705,1.26,0.63,2.5
2025-04-02,Ben Rowlands,Matthew Billington,w1 matthew billington,1766,W1,0.5,1709,1.62,0.36,3
2025-02-11,Joshua Richards,Derek Bellamy,w1 derek bellamy,1517,W1,1,1676,0.7,0.7,1
2025-02-25,Joshua Richards,Adrian May,w1 adrian may,1556,W1,1,1686,1.35,0.65,2
2025-05-27,Joshua Richards,Steve Edwards,w1 steve edwards,1616,W1,1,1699,1.92,0.57,3
2025-01-17,Danylo Shevchenko,George Turner,e1 george turner,1984,E1,0,1663,0.14,0.14,0
2025-01-18,Danylo Shevchenko,Julie van Kemenade,n1 julie van kemenade,1789,N1,1,1683,0.47,0.33,1
2025-01-18,Danylo Shevchenko,Michael Binks,e1 michael binks,1960,E1,0.5,1693,0.63,0.16,1.5
2025-01-19,Danylo Shevchenko,Darson Beeston,w1 darson beeston,1741,W1,1,1711,1.03,0.4,2.5
2025-01-19,Danylo Shevchenko,Tim Kett,e1 tim kett,2209,E1,0,1708,1.13,0.1,2.5
2025-02-15,Danylo Shevchenko,James Tapp,e1 james tapp,2080,E1,0,1705,1.23,0.1,2.5
2025-02-15,Danylo Shevchenko,Morgan Foulkes,e1 morgan foulkes,1551,E1,1,1716,1.89,0.66,3.5
2025-02-15,Danylo Shevchenko,Henry Burton,d1 henry burton,1500,D1,1,1724,2.61,0.72,4.5
2025-02-16,Danylo Shevchenko,John A Williams,g1 john a williams,1680,G1,0,1709,3.09,0.48,4.5
2025-02-16,Danylo Shevchenko,Stuart Enoch,e1 stuart enoch,1560,E1,1,1720,3.74,0.65,5.5
2025-04-18,Danylo Shevchenko,Alan Spice,e1 alan spice,2050,E1,0,1717,3.84,0.1,5.5
2025-04-18,Danylo Shevchenko,Madged Bani Hani,g1 madged bani hani,1750,G1,0.5,1720,4.22,0.38,6
2025-04-19,Danylo Shevchenko,Sam Jukes,e1 sam jukes,2013,E1,0,1717,4.34,0.12,6
2025-04-19,Danylo Shevchenko,John McGregor,e1 john mcgregor,1921,E1,0,1711,4.53,0.19,6
2025-04-20,Danylo Shevchenko,Alan Young,w1 alan young,2016,W1,0,1708,4.65,0.12,6
2025-04-21,Danylo Shevchenko,Roy Thomas,e1 roy thomas,1901,E1,1,1731,4.86,0.21,7
2025-04-21,Danylo Shevchenko,Joshua McKenna,e1 joshua mckenna,1801,E1,0,1722,5.18,0.32,7
2025-05-31,Danylo Shevchenko,Henri Blin,NA,1834,ENG,0.5,1729,5.46,0.28,7.5
2025-05-31,Danylo Shevchenko,Shrishti Shiva,NA,1817,ENG,0,1720,5.76,0.3,7.5
2025-06-01,Danylo Shevchenko,Anay Misra,NA,1827,ENG,1,1741,6.04,0.28,8.5
2025-06-01,Danylo Shevchenko,Rayyan Mussa,NA,1829,ENG,0.5,1748,6.32,0.28,9
2025-01-05,Hamid Farani Sani,Adam Sarwar,e1 adam sarwar,1600,E1,1,1675,0.59,0.59,1
2025-01-08,Hamid Farani Sani,Oleksandr Zhuravel,e1 oleksandr zhuravel,1310,E1,1,1679,1.47,0.88,2
2025-01-15,Hamid Farani Sani,Henry Jones,e1 henry jones,1310,E1,1,1682,2.35,0.88,3
2025-01-21,Hamid Farani Sani,Chris Peters,e1 chris peters,1595,E1,1,1694,2.95,0.6,4
2025-01-22,Hamid Farani Sani,Joshua McKenna,e1 joshua mckenna,1801,E1,0,1685,3.26,0.31,4
2025-01-29,Hamid Farani Sani,George Turner,e1 george turner,1984,E1,1,1711,3.4,0.14,5
2025-02-02,Hamid Farani Sani,Dale Westcott,w1 dale westcott,1864,W1,1,1734,3.64,0.24,6
2025-02-10,Hamid Farani Sani,Chris Slack,e1 chris slack,1744,E1,1,1752,4.03,0.39,7
2025-02-15,Hamid Farani Sani,George Turner,e1 george turner,1984,E1,0.5,1763,4.17,0.14,7.5
2025-02-15,Hamid Farani Sani,Kenul Herath,e1 kenul herath,1413,E1,1,1769,4.98,0.81,8.5
2025-02-16,Hamid Farani Sani,Gareth Richards,e1 gareth richards,1632,E1,1,1783,5.52,0.54,9.5
2025-02-19,Hamid Farani Sani,Dai James,e1 dai james,1872,E1,0,1776,5.75,0.23,9.5
2025-02-26,Hamid Farani Sani,Georgi Korovski,e1 georgi korovski,1950,E1,0,1771,5.91,0.16,9.5
2025-03-05,Hamid Farani Sani,Stuart Enoch,e1 stuart enoch,1560,E1,1,1781,6.55,0.64,10.5
2025-03-10,Hamid Farani Sani,Stefan Le Roy,e1 stefan le roy,1734,E1,0,1769,6.95,0.4,10.5
2025-03-23,Hamid Farani Sani,Roger Jenkins,w1 roger jenkins,1728,W1,1,1787,7.36,0.41,11.5
2025-04-30,Hamid Farani Sani,Ivan De La Cruz,e1 ivan de la cruz,2110,E1,0,1784,7.46,0.1,11.5
2025-05-08,Hamid Farani Sani,Joshua McKenna,e1 joshua mckenna,1801,E1,0.5,1790,7.77,0.31,12
2025-05-19,Hamid Farani Sani,Leon Jansen van Rensburg,e1 leon jansen van rensburg,1770,E1,1,1809,8.12,0.35,13
2025-05-28,Hamid Farani Sani,James Tapp,e1 james tapp,2080,E1,0,1806,8.22,0.1,13
2025-01-13,Oyvind Ringen,Sergio Esteves,e1 sergio esteves,1775,E1,0,1653,0.34,0.34,0
2025-02-23,Oyvind Ringen,Nick Van Noorden,e1 nick van noorden,1888,E1,0,1646,0.55,0.21,0
2025-02-24,Oyvind Ringen,Sergio Esteves,e1 sergio esteves,1775,E1,0.5,1651,0.89,0.34,0.5
2025-03-10,Oyvind Ringen,Constantine Popov,e1 constantine popov,1368,E1,1,1656,1.74,0.85,1.5
2025-03-17,Oyvind Ringen,Wayne Holland,e1 wayne holland,1450,E1,1,1662,2.51,0.77,2.5
2025-03-23,Oyvind Ringen,Vismith Prabhu,w1 vismith prabhu,1904,W1,1,1686,2.71,0.2,3.5
2025-03-31,Oyvind Ringen,Martin Ilett,e1 martin ilett,1641,E1,0.5,1685,3.24,0.53,4
2025-04-07,Oyvind Ringen,Lucas Zheng,e1 lucas zheng,1650,E1,0.5,1685,3.76,0.52,4.5
2025-04-14,Oyvind Ringen,James Evans (Cf),e1 james evans (cf),1600,E1,1,1697,4.35,0.59,5.5
2025-04-15,Oyvind Ringen,Anthony Williams,e1 anthony williams,1410,E1,0.5,1688,5.16,0.81,6
2025-06-02,Oyvind Ringen,Robert Wallace,e1 robert wallace,1541,E1,0.5,1683,5.83,0.67,6.5
2025-01-20,Michael Edwards,Ieuan Din,d1 ieuan din,1318,D1,1,1666,0.88,0.88,1
2025-02-07,Michael Edwards,Ewan Goodjohn,NA,1310,Est,0.5,1654,1.76,0.88,1.5
2025-02-08,Michael Edwards,Joshua Phillips,e1 joshua phillips,1310,E1,1,1658,2.64,0.88,2.5
2025-02-08,Michael Edwards,Ieuan Bevan Jones,e1 ieuan bevan jones,1589,E1,1,1670,3.24,0.6,3.5
2025-02-09,Michael Edwards,Philip M Norden,NA,1789,ENG,0,1660,3.56,0.32,3.5
2025-02-09,Michael Edwards,Konstantinos Bourke,NA,1728,ENG,1,1678,3.97,0.41,4.5
2025-02-18,Michael Edwards,Jack Poole,d1 jack poole,1334,D1,1,1682,4.84,0.87,5.5
2025-02-12,David Norris,Kevin Thomas,g1 kevin thomas,1840,G1,0,1653,0.26,0.26,0
2025-02-15,David Norris,Adam Cooper,g1 adam cooper,1344,G1,0.5,1642,1.12,0.86,0.5
2025-02-15,David Norris,Grzegorz Toczek,e1 grzegorz toczek,2300,E1,0,1639,1.22,0.1,0.5
2025-02-16,David Norris,Joshua Colcombe,g1 joshua colcombe,1600,G1,1,1652,1.81,0.59,1.5
2025-02-16,David Norris,Andrew Powell,w1 andrew powell,1461,W1,1,1659,2.57,0.76,2.5
2025-03-29,David Norris,Dave Williams,g1 dave williams,1801,G1,0.5,1665,2.88,0.31,3
2025-03-29,David Norris,Rayyan Mussa,NA,1782,ENG,0,1655,3.21,0.33,3
2025-03-30,David Norris,Advay Misra,NA,1806,ENG,0,1646,3.51,0.3,3
2025-03-30,David Norris,Stephen M Chadaway,NA,1813,ENG,1,1667,3.8,0.29,4
2025-04-27,David Norris,Dave Turner,g1 dave turner,1915,G1,0,1661,3.99,0.19,4
2025-04-25,David Norris,Lee Davis,e1 lee davis,2100,E1,0,1658,4.09,0.1,4
2025-04-26,David Norris,Charlie Cooper,g1 charlie cooper,1371,G1,1,1663,4.93,0.84,5
2025-04-26,David Norris,Joshua Colcombe,g1 joshua colcombe,1600,G1,1,1675,5.52,0.59,6
2025-04-27,David Norris,Mike Stannard,g1 mike stannard,1564,G1,1,1686,6.16,0.64,7
2025-02-03,Anthony Baker,Adam Christopher,e1 adam christopher,1589,E1,0,1641,0.6,0.6,0
2025-03-04,Anthony Baker,Kam Choo Yin,e1 kam choo yin,1759,E1,0.5,1645,0.96,0.36,0.5
2025-04-01,Anthony Baker,Lucas Zheng,e1 lucas zheng,1650,E1,0,1630,1.47,0.51,0.5
2025-01-07,Martin Blackman-Siegler,Kam Choo Yin,e1 kam choo yin,1759,E1,1,1677,0.36,0.36,1
2025-01-08,Martin Blackman-Siegler,Martin K Jones,e1 martin k jones,1625,E1,1,1691,0.91,0.55,2
2025-01-21,Martin Blackman-Siegler,Andy Basford,e1 andy basford,1672,E1,1,1706,1.39,0.48,3
2025-02-05,Martin Blackman-Siegler,Ken Hannah,e1 ken hannah,1793,E1,1,1727,1.7,0.31,4
2025-02-10,Martin Blackman-Siegler,Kirill Akbulatov,e1 kirill akbulatov,1750,E1,0,1716,2.07,0.37,4
2025-02-18,Martin Blackman-Siegler,Cosmin Stancu,e1 cosmin stancu,1689,E1,1,1732,2.53,0.46,5
2025-03-05,Martin Blackman-Siegler,Patrick Civil,e1 patrick civil,1474,E1,1,1740,3.27,0.74,6
2025-03-12,Martin Blackman-Siegler,Louise Davies,e1 louise davies,1478,E1,1,1748,4.01,0.74,7
2025-03-25,Martin Blackman-Siegler,Adam Sarwar,e1 adam sarwar,1600,E1,1,1760,4.59,0.58,8
2025-04-09,Martin Blackman-Siegler,David Perrett,e1 david perrett,1953,E1,0,1756,4.74,0.15,8
2025-01-05,Greg Lloyd,Seb Hoccom,e1 seb hoccom,1474,E1,0,1634,0.74,0.74,0
2025-01-05,James Evans,Bill Harle,e1 bill harle,1787,E1,0,1645,0.32,0.32,0
2025-01-08,James Evans,Roger Jenkins,w1 roger jenkins,1728,W1,1,1664,0.72,0.4,1
2025-01-22,James Evans,Paul Headon,w1 paul headon,1726,W1,0.5,1667,1.12,0.4,1.5
2025-02-05,James Evans,Ovidiu Pintea,w1 ovidiu pintea,1768,W1,0,1656,1.46,0.34,1.5
2025-02-12,James Evans,Adam May,w1 adam may,1921,W1,0,1651,1.64,0.18,1.5
2025-02-26,James Evans,Steve Edwards,w1 steve edwards,1616,W1,1,1664,2.2,0.56,2.5
2025-03-19,James Evans,Jeff Boyce,w1 jeff boyce,1524,W1,1,1674,2.88,0.68,3.5
2025-03-26,James Evans,Matthew Billington,w1 matthew billington,1766,W1,0.5,1679,3.23,0.35,4
2025-04-02,James Evans,Ken Huntley,w1 ken huntley,1633,W1,0.5,1678,3.76,0.53,4.5
2025-04-30,James Evans,Jeff Boyce,w1 jeff boyce,1524,W1,0.5,1672,4.44,0.68,5
2025-05-07,James Evans,Paul Headon,w1 paul headon,1726,W1,0.5,1675,4.84,0.4,5.5
2025-04-15,Stephen Williams (RP),Steve McCall,n1 steve mccall,1737,N1,0,1643,0.38,0.38,0
2025-05-09,Stephen Williams (RP),Leo Fernandez-Arias,n1 leo fernandez-arias,1710,N1,1,1661,0.8,0.42,1
2025-05-10,Stephen Williams (RP),Gary Slegg,n1 gary slegg,1762,N1,0,1650,1.15,0.35,1
2025-05-10,Stephen Williams (RP),Aidan Jones,n1 aidan jones,1511,N1,0.5,1644,1.85,0.7,1.5
2025-05-11,Stephen Williams (RP),Lee Walls,NA,1785,ENG,0,1635,2.17,0.32,1.5
2025-05-11,Stephen Williams (RP),Stuart Hamilton,n1 stuart hamilton,1582,N1,1,1647,2.77,0.6,2.5
2025-03-29,Patrick Bourne,Vasyl Lopatko,NA,1310,Est,0,1625,0.88,0.88,0
2025-03-28,Patrick Bourne,Thomas Gerrard,NA,1802,ENG,0,1616,1.18,0.3,0
2025-03-29,Patrick Bourne,Milan Milicevic,NA,1783,ENG,0.5,1621,1.5,0.32,0.5
2025-03-30,Patrick Bourne,Grant Daly,NA,1767,ENG,0,1611,1.84,0.34,0.5
2025-03-30,Patrick Bourne,Cash Thom,NA,1752,ENG,1,1630,2.2,0.36,1.5
2025-04-18,Patrick Bourne,Aldrin Malibiran,NA,1993,ENG,0.5,1642,2.32,0.12,2
2025-04-18,Patrick Bourne,Deio Parri,n1 deio parri,1754,N1,1,1661,2.68,0.36,3
2025-04-19,Patrick Bourne,Nick Van Noorden,e1 nick van noorden,1888,E1,0,1655,2.88,0.2,3
2025-04-19,Patrick Bourne,Kevin Thomas,g1 kevin thomas,1840,G1,0,1647,3.13,0.25,3
2025-04-21,Patrick Bourne,Sam White,e1 sam white,1587,E1,1,1660,3.72,0.59,4
2025-04-21,Patrick Bourne,Steve Williams (Cwm),g1 steve williams (cwm),1850,G1,1,1682,3.96,0.24,5
2025-05-24,Patrick Bourne,Neil S Homer,NA,1787,ENG,0.5,1688,4.27,0.31,5.5
2025-05-24,Patrick Bourne,Dave Colledge,NA,1824,ENG,0.5,1695,4.54,0.27,6
2025-05-25,Patrick Bourne,Steve Williams (Cwm),g1 steve williams (cwm),1850,G1,1,1718,4.78,0.24,7
2025-05-25,Patrick Bourne,Sam Wood,NA,1819,ENG,1,1739,5.06,0.28,8
2025-05-25,Patrick Bourne,Rob Fursman,NA,1742,D1,0,1728,5.43,0.37,8
2025-05-25,Patrick Bourne,Ian Pickup,NA,1840,ENG,0,1721,5.68,0.25,8
2025-01-14,Patrick Bourne,Lester M Moon,NA,1525,ENG,1,1730,6.35,0.67,9
2025-01-16,Patrick Bourne,Richard Watkins,NA,1829,ENG,1,1752,6.61,0.26,10
2025-01-28,Patrick Bourne,Dave Williams,g1 dave williams,1801,G1,1,1774,6.91,0.3,11
2025-02-11,Patrick Bourne,Peter Marks,NA,1863,ENG,0.5,1782,7.14,0.23,11.5
2025-02-19,Patrick Bourne,James Meadows,NA,1669,ENG,1,1798,7.61,0.47,12.5
2025-02-25,Patrick Bourne,Kandara Acharya,NA,1921,ENG,0,1792,7.78,0.17,12.5
2025-03-04,Patrick Bourne,Ryan Lailvaux,NA,1717,ENG,0.5,1795,8.19,0.41,13
2025-03-11,Patrick Bourne,Timothy M Jones,NA,1813,ENG,0,1787,8.47,0.28,13
2025-03-12,Patrick Bourne,Simon M Hall,NA,1690,ENG,1,1803,8.91,0.44,14
2025-03-25,Patrick Bourne,Mauro Farina,NA,1801,ENG,0.5,1809,9.21,0.3,14.5
2025-04-02,Patrick Bourne,Merlin Saunders,NA,1717,ENG,1,1827,9.62,0.41,15.5
2025-04-23,Patrick Bourne,Gareth Cullen,NA,1815,ENG,0.5,1834,9.9,0.28,16
2025-01-06,Peter S Fisher,Titas Vdovycia,NA,1896,ENG,0,1645,0.2,0.2,0
2025-01-14,Peter S Fisher,John Zlosnik,n1 john zlosnik,1740,N1,1,1664,0.57,0.37,1
2025-01-16,Peter S Fisher,James Kenyon,NA,1945,ENG,0.5,1674,0.73,0.16,1.5
2025-01-21,Peter S Fisher,Paul Sadler,n1 paul sadler,1741,N1,0.5,1678,1.1,0.37,2
2025-01-23,Peter S Fisher,Roger Brown,NA,1746,ENG,0.5,1682,1.47,0.37,2.5
2025-01-28,Peter S Fisher,Krishnaswaroop Thimmegowda,NA,1870,ENG,1,1705,1.69,0.22,3.5
2025-02-04,Peter S Fisher,Seth Livesey,n1 seth livesey,1384,N1,0,1681,2.51,0.82,3.5
2025-02-05,Peter S Fisher,Fred Bench,NA,1903,ENG,0,1675,2.7,0.19,3.5
2025-03-06,Peter S Fisher,Dennis Bonner,NA,1695,ENG,1,1692,3.14,0.44,4.5
2025-03-11,Peter S Fisher,Nathan Jeukens,NA,1774,ENG,1,1712,3.47,0.33,5.5
2025-03-13,Peter S Fisher,Julie van Kemenade,n1 julie van kemenade,1789,N1,0.5,1718,3.78,0.31,6
2025-03-18,Peter S Fisher,Edward Taylor,NA,1848,ENG,0.5,1725,4.02,0.24,6.5
2025-03-25,Peter S Fisher,G Brian Davies,n1 g brian davies,1789,N1,1,1746,4.33,0.31,7.5
2025-03-27,Peter S Fisher,Chris Lear,NA,1966,ENG,0,1742,4.47,0.14,7.5
2025-04-01,Peter S Fisher,Piotr Siwy,NA,1810,ENG,0.5,1748,4.76,0.29,8
2025-04-02,Peter S Fisher,Stephen Priestley,NA,1861,ENG,1,1771,4.99,0.23,9
2025-04-10,Peter S Fisher,Simon Maydew,NA,1863,ENG,0.5,1779,5.22,0.23,9.5
2025-04-17,Peter S Fisher,Steve Tarr,NA,1881,ENG,1,1803,5.43,0.21,10.5
2025-04-19,Peter S Fisher,Jeff Wilson,NA,1682,ENG,1,1820,5.89,0.46,11.5
2025-04-19,Peter S Fisher,Darren Stanway,NA,1692,ENG,0,1806,6.33,0.44,11.5
2025-04-20,Peter S Fisher,Andrew de Santos,NA,1683,ENG,0,1793,6.78,0.45,11.5
2025-04-20,Peter S Fisher,Ibrahim Riaz,NA,1423,ENG,1,1799,7.57,0.79,12.5
2025-04-21,Peter S Fisher,Claire Kerton,NA,1680,ENG,1,1815,8.03,0.46,13.5
2025-04-21,Peter S Fisher,Con Carey,NA,1683,ENG,1,1832,8.48,0.45,14.5
2025-04-24,Peter S Fisher,Al Grocott-James,NA,1656,ENG,1,1847,8.97,0.49,15.5
2025-04-29,Peter S Fisher,Waylon Chen,NA,1803,ENG,0,1838,9.26,0.29,15.5
2025-05-09,Peter S Fisher,Chris Wescomb,n1 chris wescomb,1828,N1,0.5,1845,9.53,0.27,16
2025-05-10,Peter S Fisher,Chris Grier,n1 chris grier,1832,N1,0.5,1852,9.79,0.26,16.5
2025-05-10,Peter S Fisher,Gary Fox,n1 gary fox,1813,N1,1,1874,10.07,0.28,17.5
2025-05-11,Peter S Fisher,Richard Bowman,NA,1852,ENG,0.5,1882,10.31,0.24,18
2025-05-11,Peter S Fisher,Andrew Raeburn,NA,1900,ENG,0.5,1891,10.5,0.19,18.5
2025-06-27,Peter S Fisher,Mike Hollyman,e1 mike hollyman,1711,E1,0,1878,10.91,0.41,18.5
2025-06-28,Peter S Fisher,James Wolstenholme,NA,1738,ENG,1,1897,11.29,0.38,19.5
2025-06-28,Peter S Fisher,James Peel,NA,1717,ENG,1,1915,11.7,0.41,20.5
2025-06-29,Peter S Fisher,Stephen Emmerton,NA,1753,ENG,0.5,1919,12.06,0.36,21
2025-06-29,Peter S Fisher,George Bulbeck,NA,1752,ENG,0,1908,12.42,0.36,21
2025-03-18,Sander Den Drijver,Paul Bluck,NA,1740,ENG,0,1639,0.37,0.37,0
2025-01-05,Ken Wardle,Otto Bartlett-Davis,e1 otto bartlett-davis,1406,E1,0.5,1641,0.8,0.8,0.5
2025-03-23,Ken Wardle,Kristan Enoch,e1 kristan enoch,1747,E1,0.5,1645,1.16,0.36,1
2025-01-05,Lucas Zheng,Kristan Enoch,e1 kristan enoch,1747,E1,0.5,1654,0.36,0.36,0.5
2025-01-07,Lucas Zheng,Patrick Civil,e1 patrick civil,1474,E1,0,1632,1.09,0.73,0.5
2025-01-17,Lucas Zheng,Brendan O'Gorman,NA,1723,FIDE,0,1620,1.49,0.4,0.5
2025-01-18,Lucas Zheng,Chris Thompson,g1 chris thompson,1393,G1,0.5,1611,2.3,0.81,1
2025-01-19,Lucas Zheng,James Williams,e1 james williams,1522,E1,1,1620,2.98,0.68,2
2025-01-19,Lucas Zheng,Tomas Forsey,g1 tomas forsey,1709,G1,1,1638,3.4,0.42,3
2025-01-21,Lucas Zheng,Andrei Zhuravlev,e1 andrei zhuravlev,1606,E1,0.5,1636,3.96,0.56,3.5
2025-01-25,Lucas Zheng,Rudi Bedford,NA,1819,ENG,0,1628,4.23,0.27,3.5
2025-02-02,Lucas Zheng,Chris Dixon,g1 chris dixon,1849,G1,0.5,1636,4.47,0.24,4
2025-02-04,Lucas Zheng,Seb Hoccom,e1 seb hoccom,1474,E1,0,1614,5.2,0.73,4
2025-02-08,Lucas Zheng,Ted Ronald,NA,1829,ENG,0.5,1621,5.46,0.26,4.5
2025-02-08,Lucas Zheng,Leo Cheung,NA,1843,ENG,0,1613,5.71,0.25,4.5
2025-02-08,Lucas Zheng,Rohith Bangalore Kumar,NA,1750,ENG,0,1602,6.07,0.36,4.5
2025-02-09,Lucas Zheng,Declan Johnston,NA,1782,ENG,0,1593,6.39,0.32,4.5
2025-02-09,Lucas Zheng,Siyao Ou,NA,1755,ENG,1,1612,6.74,0.35,5.5
2025-02-15,Lucas Zheng,Steve Jones,e1 steve jones,1838,E1,1,1635,6.99,0.25,6.5
2025-02-15,Lucas Zheng,Ethan McGrath,e1 ethan mcgrath,1901,E1,0.5,1644,7.18,0.19,7
2025-02-16,Lucas Zheng,Yuxuan Wu,e1 yuxuan wu,1969,E1,0,1640,7.32,0.14,7
2025-02-16,Lucas Zheng,Joseph Browse,e1 joseph browse,1825,E1,0,1632,7.59,0.27,7
2025-02-18,Lucas Zheng,Toby Blankley,e1 toby blankley,1456,E1,1,1639,8.34,0.75,8
2025-02-23,Lucas Zheng,Seb Hoccom,e1 seb hoccom,1474,E1,1,1647,9.07,0.73,9
2025-03-04,Lucas Zheng,Robert Wallace,e1 robert wallace,1541,E1,1,1658,9.72,0.65,10
2025-03-08,Lucas Zheng,Anievv Pirashanth,e1 anievv pirashanth,1310,E1,1,1661,10.6,0.88,11
2025-03-08,Lucas Zheng,Ahmed Jamil,e1 ahmed jamil,1310,E1,1,1665,11.48,0.88,12
2025-03-09,Lucas Zheng,Thomas MacDonald-Wright,w1 thomas macdonald-wright,1385,W1,1,1670,12.3,0.82,13
2025-03-09,Lucas Zheng,Clara Deng,e1 clara deng,1310,E1,1,1674,13.18,0.88,14
2025-03-17,Lucas Zheng,Martin Ilett,e1 martin ilett,1641,E1,1,1689,13.69,0.51,15
2025-03-23,Lucas Zheng,Tom Jenney,e1 tom jenney,1427,E1,0.5,1680,14.47,0.78,15.5
2025-03-25,Lucas Zheng,Tim Kett,e1 tim kett,2209,E1,0,1677,14.57,0.1,15.5
2025-03-28,Lucas Zheng,Simon Dunphy,NA,1771,ENG,1,1697,14.9,0.33,16.5
2025-03-29,Lucas Zheng,Duncan M Macarthur,NA,1795,ENG,0.5,1703,15.2,0.3,17
2025-03-30,Lucas Zheng,Christopher D Peacock,NA,1755,ENG,0,1693,15.55,0.35,17
2025-03-30,Lucas Zheng,Mauro Farina,NA,1801,ENG,0.5,1699,15.85,0.3,17.5
2025-04-01,Lucas Zheng,Anthony Baker,e1 anthony baker,1659,E1,1,1714,16.34,0.49,18.5
2025-04-07,Lucas Zheng,Oyvind Ringen,e1 oyvind ringen,1663,E1,0.5,1715,16.82,0.48,19
2025-05-27,Lucas Zheng,Rob Paige,e1 rob paige,1500,E1,1,1724,17.52,0.7,20
2025-03-09,Lucas Zheng,Henry Burton,d1 henry burton,1500,D1,1,1733,18.22,0.7,21
2025-06-03,Lucas Zheng,Teilo Gruffydd,e1 teilo gruffydd,1310,E1,1,1736,19.1,0.88,22
2025-06-10,Lucas Zheng,James Powell,e1 james powell,1400,E1,1,1742,19.91,0.81,23
2025-06-17,Lucas Zheng,Seb Hoccom,e1 seb hoccom,1474,E1,1,1750,20.64,0.73,24
2025-06-24,Lucas Zheng,Kam Choo Yin,e1 kam choo yin,1759,E1,0,1740,20.99,0.35,24
2025-05-31,Lucas Zheng,Reyansh Saxena,NA,1873,ENG,0,1733,21.21,0.22,24
2025-05-31,Lucas Zheng,Ashwin Gopikrishna,NA,1905,ENG,0,1727,21.4,0.19,24
2025-06-01,Lucas Zheng,Yechu Chen,NA,1753,ENG,0.5,1732,21.76,0.36,24.5
2025-06-01,Lucas Zheng,Lisirul Shieh,NA,1737,ENG,1,1750,22.14,0.38,25.5
2025-01-15,Angus Weir,Finn Pritchard,n1 finn pritchard,1644,N1,1,1663,0.51,0.51,1
2025-01-07,Csege Hanczar,Kevin Stephens,e1 kevin stephens,1705,E1,0,1632,0.41,0.41,0
2025-01-15,Csege Hanczar,Bill Harle,e1 bill harle,1787,E1,0,1622,0.72,0.31,0
2025-01-17,Csege Hanczar,Adam May,w1 adam may,1921,W1,0,1617,0.89,0.17,0
2025-01-18,Csege Hanczar,Darson Beeston,w1 darson beeston,1741,W1,0,1606,1.25,0.36,0
2025-01-18,Csege Hanczar,Julie van Kemenade,n1 julie van kemenade,1789,N1,0,1597,1.55,0.3,0
2025-01-21,Csege Hanczar,Emyr Roberts,e1 emyr roberts,1769,E1,0.5,1603,1.88,0.33,0.5
2025-02-04,Csege Hanczar,Andy Basford,e1 andy basford,1672,E1,1,1619,2.34,0.46,1.5
2025-02-17,Csege Hanczar,Gwyn Havard,e1 gwyn havard,1793,E1,0.5,1625,2.64,0.3,2
2025-03-08,Csege Hanczar,Amir Jamil,e1 amir jamil,1310,E1,1,1629,3.51,0.87,3
2025-03-08,Csege Hanczar,Elijah Daniel,g1 elijah daniel,1427,G1,1,1635,4.29,0.78,4
2025-03-09,Csege Hanczar,Farouq Nasir,w1 farouq nasir,1670,W1,0,1621,4.75,0.46,4
2025-03-09,Csege Hanczar,Advik Samiaiya,w1 advik samiaiya,1371,W1,0.5,1612,5.58,0.83,4.5
2025-03-17,Csege Hanczar,Patrick Civil,e1 patrick civil,1474,E1,1,1620,6.31,0.73,5.5
2025-04-14,Csege Hanczar,Garmon Iago,e1 garmon iago,1600,E1,1,1633,6.87,0.56,6.5
2025-03-09,Csege Hanczar,Otto Bartlett-Davis,e1 otto bartlett-davis,1406,E1,1,1639,7.67,0.8,7.5
2025-06-03,Csege Hanczar,Hirad Eshghabidi,e1 hirad eshghabidi,1310,E1,1,1643,8.54,0.87,8.5
2025-06-10,Csege Hanczar,Andrei Zhuravlev,e1 andrei zhuravlev,1606,E1,0,1626,9.09,0.55,8.5
2025-06-17,Csege Hanczar,James Northwood,e1 james northwood,1310,E1,1,1630,9.96,0.87,9.5
2025-06-24,Csege Hanczar,Mark Reckless,e1 mark reckless,1536,E1,1,1641,10.61,0.65,10.5
2025-01-15,Finn Pritchard,Angus Weir,n1 angus weir,1648,N1,0,1629,0.49,0.49,0
2025-01-08,Chris Fox,Angus Lloyd,e1 angus lloyd,1522,E1,0.5,1637,0.67,0.67,0.5
2025-01-21,Chris Fox,Gareth Richards,e1 gareth richards,1632,E1,0,1622,1.18,0.51,0.5
2025-01-22,Chris Fox,Andrew Jeanes,e1 andrew jeanes,1684,E1,0.5,1623,1.62,0.44,1
2025-02-02,Chris Fox,Constantine Popov,e1 constantine popov,1368,E1,1,1629,2.45,0.83,2
2025-02-05,Chris Fox,Zack Wilkins,e1 zack wilkins,1724,E1,0,1617,2.83,0.38,2
2025-02-12,Chris Fox,Andrei Zhuravlev,e1 andrei zhuravlev,1606,E1,0,1600,3.38,0.55,2
2025-02-13,Chris Fox,Govind Anandkumar,e1 govind anandkumar,1742,E1,0,1590,3.74,0.36,2
2025-02-19,Chris Fox,Joshua McKenna,e1 joshua mckenna,1801,E1,0,1581,4.03,0.29,2
2025-03-05,Chris Fox,Michael Arribas-Ayllon,e1 michael arribas-ayllon,1739,E1,0.5,1585,4.39,0.36,2.5
2025-03-23,Chris Fox,Steve Horrell,g1 steve horrell,1795,G1,0,1576,4.68,0.29,2.5
2025-03-26,Chris Fox,Dai James,e1 dai james,1872,E1,0.5,1585,4.89,0.21,3
2025-04-23,Chris Fox,Bill Harle,e1 bill harle,1787,E1,0.5,1591,5.19,0.3,3.5
2025-05-11,Chris Fox,Dale Westcott,w1 dale westcott,1864,W1,0,1584,5.41,0.22,3.5
2025-05-21,Richard Hibbs,Aidan Jones,n1 aidan jones,1511,N1,1,1651,0.68,0.68,1
2025-01-27,Martin Ilett,Gwyn Havard,e1 gwyn havard,1793,E1,0,1632,0.29,0.29,0
2025-02-05,Martin Ilett,Richard Cousins,e1 richard cousins,1598,E1,0.5,1630,0.85,0.56,0.5
2025-03-03,Martin Ilett,Andrei Zhuravlev,e1 andrei zhuravlev,1606,E1,0,1614,1.4,0.55,0.5
2025-03-04,Martin Ilett,Aled Roberts,e1 aled roberts,1708,E1,0.5,1617,1.8,0.4,1
2025-03-11,Martin Ilett,Clive Crowley,e1 clive crowley,1697,E1,0,1604,2.22,0.42,1
2025-03-17,Martin Ilett,Lucas Zheng,e1 lucas zheng,1650,E1,0,1589,2.71,0.49,1
2025-03-31,Martin Ilett,Oyvind Ringen,e1 oyvind ringen,1663,E1,0.5,1590,3.18,0.47,1.5
2025-04-15,Martin Ilett,Chris Peters,e1 chris peters,1595,E1,0.5,1588,3.75,0.57,2
2025-05-12,Martin Ilett,Adam Christopher,e1 adam christopher,1589,E1,0,1571,4.32,0.57,2
2025-05-19,Martin Ilett,David Corney,e1 david corney,1433,E1,0,1548,5.09,0.77,2
2025-03-19,Angus Winter,Steve Edwards,w1 steve edwards,1616,W1,0.5,1640,0.54,0.54,0.5
2025-01-21,Eugene Tee,Andrew Gibbons,w1 andrew gibbons,1975,W1,1,1666,0.13,0.13,1
2025-01-28,Eugene Tee,Julien Potier,w1 julien potier,1499,W1,0,1645,0.82,0.69,1
2025-01-29,Eugene Tee,Malcolm Probert,w1 malcolm probert,1760,W1,0,1635,1.15,0.33,1
2025-01-08,Clive Silver,Guy Wagner,e1 guy wagner,1832,E1,0,1632,0.25,0.25,0
2025-01-20,Clive Silver,Leon Jansen van Rensburg,e1 leon jansen van rensburg,1770,E1,0,1622,0.57,0.32,0
2025-02-06,Clive Silver,Lef Zografos,e1 lef zografos,1830,E1,0,1614,0.82,0.25,0
2025-02-17,Clive Silver,Anton Rogan,e1 anton rogan,1550,E1,0,1596,1.45,0.63,0
2025-03-03,Clive Silver,Kevin Stephens,e1 kevin stephens,1705,E1,0,1584,1.86,0.41,0
2025-03-10,Clive Silver,Kristan Enoch,e1 kristan enoch,1747,E1,0,1573,2.21,0.35,0
2025-03-24,Clive Silver,Adam Christopher,e1 adam christopher,1589,E1,0,1556,2.78,0.57,0
2025-02-10,Ron Williams,Dakota Samson,g1 dakota samson,1487,G1,0,1615,0.7,0.7,0
2025-02-24,Ron Williams,Ben Tucker,g1 ben tucker,1591,G1,1,1628,1.26,0.56,1
2025-04-25,Ron Williams,Jonathan Gilbert,g1 jonathan gilbert,2038,G1,0,1625,1.36,0.1,1
2025-04-26,Ron Williams,Dave Turner,g1 dave turner,1915,G1,0,1620,1.53,0.17,1
2025-04-26,Ron Williams,Chris Perry,g1 chris perry,1350,G1,1,1625,2.37,0.84,2
2025-04-27,Ron Williams,Mike Stannard,g1 mike stannard,1564,G1,0,1607,2.97,0.6,2
2025-04-27,Ron Williams,Gareth Holyfield,g1 gareth holyfield,1502,G1,1,1616,3.65,0.68,3
2025-01-15,Harry Wood,Gregory Barker,n1 gregory barker,1726,N1,0,1625,0.37,0.37,0
2025-01-20,Harry Wood,Nick Darlington,NA,1733,ENG,0,1614,0.73,0.36,0
2025-01-20,Ken Huntley,Sam Brown,w1 sam brown,1700,W1,0,1621,0.4,0.4,0
2025-01-27,Ken Huntley,Tony Goodchild,w1 tony goodchild,1526,W1,0.5,1616,1.05,0.65,0.5
2025-02-11,Ken Huntley,Anthony Beck,w1 anthony beck,1732,W1,0,1606,1.41,0.36,0.5
2025-02-18,Ken Huntley,Jordan Heatman,w1 jordan heatman,1812,W1,0,1598,1.67,0.26,0.5
2025-02-25,Ken Huntley,Sam Brown,w1 sam brown,1700,W1,0,1586,2.07,0.4,0.5
2025-03-05,Ken Huntley,Greg Goold,w1 greg goold,1459,W1,1,1594,2.8,0.73,1.5
2025-03-11,Ken Huntley,Claire Gorman,w1 claire gorman,1427,W1,0.5,1586,3.57,0.77,2
2025-03-18,Ken Huntley,Guto Llywelyn,w1 guto llywelyn,1676,W1,0,1572,4.01,0.44,2
2025-03-26,Ken Huntley,Elliott Chapman,w1 elliott chapman,1604,W1,0.5,1571,4.55,0.54,2.5
2025-04-02,Ken Huntley,James Evans,w1 james evans,1655,W1,0.5,1572,5.02,0.47,3
2025-04-22,Ken Huntley,Glyn Hill,w1 glyn hill,1431,W1,0.5,1564,5.78,0.76,3.5
2025-05-13,Ken Huntley,Jonathan Baker,w1 jonathan baker,1586,W1,0.5,1562,6.35,0.57,4
2025-01-07,Jeremy Jones,Roy Thomas,e1 roy thomas,1901,E1,0,1627,0.18,0.18,0
2025-02-24,Jeremy Jones,Gwyn Havard,e1 gwyn havard,1793,E1,0.5,1633,0.46,0.28,0.5
2025-03-04,Jeremy Jones,Peter Slater,e1 peter slater,1754,E1,0.5,1638,0.79,0.33,1
2025-03-19,Jeremy Jones,Stuart Enoch,e1 stuart enoch,1560,E1,0.5,1635,1.39,0.6,1.5
2025-04-01,Jeremy Jones,Leon Jansen van Rensburg,e1 leon jansen van rensburg,1770,E1,0,1626,1.7,0.31,1.5
2025-04-07,Jeremy Jones,Morgan McGuigan,e1 morgan mcguigan,1510,E1,1,1636,2.37,0.67,2.5
2025-05-12,Jeremy Jones,Andrew Jeanes,e1 andrew jeanes,1684,E1,0.5,1638,2.8,0.43,3
2025-01-21,Gareth Richards,Chris Fox,e1 chris fox,1642,E1,1,1647,0.49,0.49,1
2025-02-04,Gareth Richards,Anthony Phillips,NA,1,E1,1,1647,1.49,1,2
2025-02-11,Gareth Richards,Ben Hannigan,e1 ben hannigan,1568,E1,0,1630,2.08,0.59,2
2025-02-15,Gareth Richards,Ethan McGrath,e1 ethan mcgrath,1901,E1,0,1624,2.26,0.18,2
2025-02-15,Gareth Richards,Thomas Phillips,e1 thomas phillips,1400,E1,1,1631,3.05,0.79,3
2025-02-15,Gareth Richards,Joshua Phillips,e1 joshua phillips,1310,E1,1,1635,3.91,0.86,4
2025-02-16,Gareth Richards,David Lewis,e1 david lewis,1785,E1,0,1626,4.2,0.29,4
2025-02-16,Gareth Richards,Hamid Farani Sani,e1 hamid farani sani,1663,E1,0,1612,4.66,0.46,4
2025-02-18,Gareth Richards,Piotr Graczyk,e1 piotr graczyk,1761,E1,1,1633,4.98,0.32,5
2025-04-08,Gareth Richards,Peter Watkins,e1 peter watkins,1515,E1,0.5,1628,5.64,0.66,5.5
2025-04-15,Gareth Richards,Sergio Esteves,e1 sergio esteves,1775,E1,0.5,1634,5.95,0.31,6
2025-02-04,Gareth Richards,Antony Phillips,e1 antony phillips,1310,E1,1,1638,6.81,0.86,7
2025-04-29,Gareth Richards,David Robinson,e1 david robinson,1898,E1,0,1632,6.99,0.18,7
2025-05-06,Gareth Richards,Evan Daniels,e1 evan daniels,1310,E1,1,1636,7.85,0.86,8
2025-05-13,Gareth Richards,Anthony Williams,e1 anthony williams,1410,E1,1,1643,8.63,0.78,9
2025-02-24,Karl Wendrich,Evan Whitehouse,w1 evan whitehouse,1766,W1,0,1618,0.31,0.31,0
2025-03-03,Karl Wendrich,Nick Hale,w1 nick hale,1460,W1,1,1626,1.03,0.72,1
2025-03-10,Karl Wendrich,Janet Evans,w1 janet evans,1310,W1,1,1630,1.89,0.86,2
2025-03-18,Karl Wendrich,Jordan Heatman,w1 jordan heatman,1812,W1,1,1652,2.15,0.26,3
2025-03-25,Karl Wendrich,Anthony Beck,w1 anthony beck,1732,W1,0,1642,2.5,0.35,3
2025-04-22,Karl Wendrich,David Foster,w1 david foster,1567,W1,0,1624,3.09,0.59,3
2025-01-08,Martin K Jones,Martin Blackman-Siegler,e1 martin blackman-siegler,1658,E1,0,1611,0.45,0.45,0
2025-01-20,Martin K Jones,Bob Hurn,e1 bob hurn,1612,E1,0,1596,0.97,0.52,0
2025-02-06,Martin K Jones,Peter Slater,e1 peter slater,1754,E1,0,1586,1.29,0.32,0
2025-02-17,Martin K Jones,Harri Davies,e1 harri davies,1486,E1,0,1565,1.98,0.69,0
2025-03-03,Martin K Jones,Andrew Jeanes,e1 andrew jeanes,1684,E1,0.5,1568,2.4,0.42,0.5
2025-03-10,Martin K Jones,Stuart Enoch,e1 stuart enoch,1560,E1,1,1580,2.99,0.59,1.5
2025-03-24,Martin K Jones,Patrick Civil,e1 patrick civil,1474,E1,0.5,1574,3.69,0.7,2
2025-04-07,Martin K Jones,Dave Parsons,e1 dave parsons,1809,E1,0,1566,3.95,0.26,2
2025-03-05,Joseph Sartin,Sam Rhydderch,e1 sam rhydderch,1451,E1,0,1600,0.73,0.73,0
2025-03-20,Matthew Russell,Dafydd Roberts,n1 dafydd roberts,1450,N1,0,1599,0.73,0.73,0
2025-01-18,Paul Moulson,Jacob Limeslade,e1 jacob limeslade,1467,E1,0,1599,0.71,0.71,0
2025-01-19,Paul Moulson,Daniel Chaure-Larsen,e1 daniel chaure-larsen,1430,E1,0,1576,1.46,0.75,0
2025-01-07,Anshul Swamy,Mike Stannard,g1 mike stannard,1564,G1,0,1601,0.58,0.58,0
2025-01-21,Anshul Swamy,Raman Rajoram,e1 raman rajoram,1419,E1,1,1608,1.34,0.76,1
2025-02-02,Anshul Swamy,Kevin Thomas,g1 kevin thomas,1840,G1,1,1631,1.56,0.22,2
2025-02-04,Anshul Swamy,Robert Wallace,e1 robert wallace,1541,E1,1,1643,2.17,0.61,3
2025-02-18,Anshul Swamy,Andy Basford,e1 andy basford,1672,E1,0,1630,2.59,0.42,3
2025-02-23,Anshul Swamy,James Choung,e1 james choung,1456,E1,1,1639,3.31,0.72,4
2025-03-12,Anshul Swamy,Micah O'Toole,e1 micah o'toole,1858,E1,0.5,1648,3.51,0.2,4.5
2025-03-23,Anshul Swamy,Daniel Wilmot,e1 daniel wilmot,1974,E1,0,1644,3.62,0.11,4.5
2025-03-25,Anshul Swamy,Chris Peters,e1 chris peters,1595,E1,0,1628,4.15,0.53,4.5
2025-04-01,Anshul Swamy,Patrick Civil,e1 patrick civil,1474,E1,0,1608,4.85,0.7,4.5
2025-01-08,Steve Edwards,Martyn Griffiths,w1 martyn griffiths,1820,W1,0,1609,0.24,0.24,0
2025-01-15,Steve Edwards,Matthew Billington,w1 matthew billington,1766,W1,0,1600,0.54,0.3,0
2025-01-22,Steve Edwards,Mike Richards,w1 mike richards,1510,W1,0.5,1596,1.19,0.65,0.5
2025-02-05,Steve Edwards,Greg Goold,w1 greg goold,1459,W1,1,1604,1.9,0.71,1.5
2025-02-17,Steve Edwards,Darson Beeston,w1 darson beeston,1741,W1,0.5,1609,2.23,0.33,2
2025-02-26,Steve Edwards,James Evans,w1 james evans,1655,W1,0,1596,2.67,0.44,2
2025-03-03,Steve Edwards,James Harford,w1 james harford,1854,W1,0,1590,2.87,0.2,2
2025-03-10,Steve Edwards,Paul Thomas,w1 paul thomas,1589,W1,1,1604,3.41,0.54,3
2025-03-19,Steve Edwards,Angus Winter,w1 angus winter,1641,W1,0.5,1605,3.87,0.46,3.5
2025-03-26,Steve Edwards,Mark Wilson,w1 mark wilson,1670,W1,0.5,1607,4.29,0.42,4
2025-04-02,Steve Edwards,Spencer Ripley,w1 spencer ripley,1469,W1,1,1616,4.99,0.7,5
2025-04-09,Steve Edwards,Tony Goodchild,w1 tony goodchild,1526,W1,0,1597,5.62,0.63,5
2025-04-30,Steve Edwards,Sam Brown,w1 sam brown,1700,W1,0,1586,6,0.38,5
2025-05-07,Steve Edwards,Adrian May,w1 adrian may,1556,W1,1,1598,6.59,0.59,6
2025-05-27,Steve Edwards,Joshua Richards,w1 joshua richards,1667,W1,0,1586,7.02,0.43,6
2025-01-15,Bob Hurn,Paul Scott,g1 paul scott,1756,G1,1,1633,0.3,0.3,1
2025-01-17,Bob Hurn,Jonathan Edwards,e1 jonathan edwards,1466,E1,1,1642,1,0.7,2
2025-01-18,Bob Hurn,Naveen Daniel George,NA,1681,ENG,0,1630,1.4,0.4,2
2025-01-18,Bob Hurn,David Belochkin,e1 david belochkin,1803,E1,0,1622,1.65,0.25,2
2025-01-19,Bob Hurn,Arush Ajai Murthy,e1 arush ajai murthy,1700,E1,0.5,1626,2.03,0.38,2.5
2025-01-19,Bob Hurn,Glyn Hill,w1 glyn hill,1431,W1,0.5,1619,2.77,0.74,3
2025-01-20,Bob Hurn,Martin K Jones,e1 martin k jones,1625,E1,1,1634,3.25,0.48,4
2025-02-10,Bob Hurn,Patrick Civil,e1 patrick civil,1474,E1,1,1644,3.94,0.69,5
2025-02-12,Bob Hurn,Chris Dixon,g1 chris dixon,1849,G1,0.5,1653,4.14,0.2,5.5
2025-02-15,Bob Hurn,George Turner,e1 george turner,1984,E1,0,1650,4.25,0.11,5.5
2025-02-15,Bob Hurn,Kenul Herath,e1 kenul herath,1413,E1,1,1657,5.01,0.76,6.5
2025-02-15,Bob Hurn,Andrew Powell,w1 andrew powell,1461,W1,0.5,1651,5.71,0.7,7
2025-02-16,Bob Hurn,Tom Bennett,e1 tom bennett,1789,E1,0,1643,5.98,0.27,7
2025-02-16,Bob Hurn,Jack Bull,g1 jack bull,1564,G1,1,1656,6.55,0.57,8
2025-02-17,Bob Hurn,Andrew Jeanes,e1 andrew jeanes,1684,E1,0,1644,6.95,0.4,8
2025-02-18,Bob Hurn,Tomas Forsey,g1 tomas forsey,1709,G1,0.5,1648,7.31,0.36,8.5
2025-02-24,Bob Hurn,Chris Slack,e1 chris slack,1744,E1,1,1668,7.63,0.32,9.5
2025-03-04,Bob Hurn,Andrew Balfe,g1 andrew balfe,1601,G1,0.5,1668,8.15,0.52,10
2025-03-08,Bob Hurn,Roy Thomas,e1 roy thomas,1901,E1,0,1663,8.31,0.16,10
2025-03-08,Bob Hurn,Joseph Browse,e1 joseph browse,1825,E1,0,1656,8.54,0.23,10
2025-03-09,Bob Hurn,Tim Kett,e1 tim kett,2209,E1,0,1653,8.64,0.1,10
2025-03-09,Bob Hurn,Dai James,e1 dai james,1872,E1,0.5,1663,8.82,0.18,10.5
2025-03-10,Bob Hurn,Mike Gale,e1 mike gale,1821,E1,0,1656,9.05,0.23,10.5
2025-03-15,Bob Hurn,Sam Jukes,e1 sam jukes,2013,E1,0,1653,9.15,0.1,10.5
2025-03-15,Bob Hurn,Guy Wagner,e1 guy wagner,1832,E1,0,1646,9.37,0.22,10.5
2025-03-15,Bob Hurn,Joshua McKenna,e1 joshua mckenna,1801,E1,1,1669,9.62,0.25,11.5
2025-03-16,Bob Hurn,Bence Szakmany,e1 bence szakmany,1969,E1,0,1665,9.73,0.11,11.5
2025-03-17,Bob Hurn,Ken Hannah,e1 ken hannah,1793,E1,0.5,1672,9.99,0.26,12
2025-04-01,Bob Hurn,John Cox,e1 john cox,1606,E1,0.5,1672,10.5,0.51,12.5
2025-04-07,Bob Hurn,Gwyn Havard,e1 gwyn havard,1793,E1,0.5,1679,10.76,0.26,13
2025-04-14,Bob Hurn,Chris Slack,e1 chris slack,1744,E1,0.5,1685,11.08,0.32,13.5
2025-04-18,Bob Hurn,Anezka Vlkova,e1 anezka vlkova,1948,E1,0,1681,11.21,0.13,13.5
2025-04-18,Bob Hurn,Glyn Hill,w1 glyn hill,1431,W1,1,1689,11.95,0.74,14.5
2025-04-19,Bob Hurn,Mark Adams,g1 mark adams,1975,G1,0,1685,12.06,0.11,14.5
2025-04-19,Bob Hurn,Kristan Enoch,e1 kristan enoch,1747,E1,0.5,1691,12.37,0.31,15
2025-04-20,Bob Hurn,Jamie Roberts,NA,1754,Est,0,1682,12.68,0.31,15
2025-04-21,Bob Hurn,Sam Rhydderch,e1 sam rhydderch,1451,E1,0.5,1675,13.4,0.72,15.5
2025-04-21,Bob Hurn,Ann Tagg,NA,1484,ENG,1,1685,14.08,0.68,16.5
2025-04-28,Bob Hurn,Simon Blackmore,e1 simon blackmore,1769,E1,1,1706,14.37,0.29,17.5
2025-05-06,Bob Hurn,Dean Evans,e1 dean evans,1310,E1,1,1711,15.22,0.85,18.5
2025-05-07,Bob Hurn,Peter Quinn,e1 peter quinn,1826,E1,0.5,1719,15.45,0.23,19
2025-05-19,Bob Hurn,Stuart Enoch,e1 stuart enoch,1560,E1,1,1732,16.02,0.57,20
2025-02-05,Wojtek Liponski,Riley Fitzpatrick,w1 riley fitzpatrick,1373,W1,0,1588,0.8,0.8,0
2025-02-12,Wojtek Liponski,Kai Palmer,w1 kai palmer,1310,W1,1,1593,1.65,0.85,1
2025-02-24,Wojtek Liponski,John Ward,w1 john ward,1398,W1,0,1569,2.42,0.77,1
2025-03-12,Wojtek Liponski,Julien Potier,w1 julien potier,1499,W1,0,1550,3.08,0.66,1
2025-01-20,Robert Narayan-Taylor,Mark Reynolds,d1 mark reynolds,1523,D1,1,1622,0.62,0.62,1
2025-02-18,Robert Narayan-Taylor,Ewan Ferguson,d1 ewan ferguson,1829,D1,0,1616,0.84,0.22,1
2025-03-04,Robert Narayan-Taylor,Henry Burton,d1 henry burton,1500,D1,0,1596,1.49,0.65,1
2025-03-24,Robert Narayan-Taylor,Ieuan Din,d1 ieuan din,1318,D1,0.5,1586,2.33,0.84,1.5
2025-04-22,Robert Narayan-Taylor,Ben Brewer,d1 ben brewer,1909,D1,0,1581,2.48,0.15,1.5
2025-02-07,Bronwen Tuson,Konstantinos Bourke,NA,1728,ENG,1,1629,0.34,0.34,1
2025-02-08,Bronwen Tuson,Robert J Stebbings,NA,1812,ENG,1,1652,0.58,0.24,2
2025-02-08,Bronwen Tuson,Philip M Norden,NA,1789,ENG,0,1644,0.84,0.26,2
2025-02-09,Bronwen Tuson,Michael Etchells,NA,1758,ENG,0,1635,1.14,0.3,2
2025-02-04,Rohit Saseendran,Tom Jenney,e1 tom jenney,1427,E1,1,1615,0.74,0.74,1
2025-03-12,Rohit Saseendran,Piotr Graczyk,e1 piotr graczyk,1761,E1,0,1606,1.03,0.29,1
2025-03-25,Rohit Saseendran,Tim Whitchurch,e1 tim whitchurch,1584,E1,1,1620,1.56,0.53,2
2025-04-01,Rohit Saseendran,Nadi Grewal,e1 nadi grewal,1461,E1,0,1599,2.26,0.7,2
2025-02-24,John Cox,Ian Abraham,e1 ian abraham,1803,E1,0,1599,0.24,0.24,0
2025-04-01,John Cox,Bob Hurn,e1 bob hurn,1612,E1,0.5,1599,0.73,0.49,0.5
2025-01-08,Andrei Zhuravlev,Sam Jukes,e1 sam jukes,2013,E1,0,1603,0.1,0.1,0
2025-01-18,Andrei Zhuravlev,Matthew Thornton,e1 matthew thornton,1400,E1,0,1580,0.87,0.77,0
2025-01-18,Andrei Zhuravlev,Toby Blankley,e1 toby blankley,1456,E1,1,1589,1.57,0.7,1
2025-01-19,Andrei Zhuravlev,Henry Burton,d1 henry burton,1500,D1,1,1599,2.22,0.65,2
2025-01-19,Andrei Zhuravlev,John A Williams,g1 john a williams,1680,G1,0.5,1603,2.62,0.4,2.5
2025-01-21,Andrei Zhuravlev,Lucas Zheng,e1 lucas zheng,1650,E1,0.5,1605,3.06,0.44,3
2025-01-25,Andrei Zhuravlev,Mohanaditya Poluru,NA,1562,ENG,1,1618,3.62,0.56,4
2025-01-25,Andrei Zhuravlev,Rudi Bedford,NA,1819,ENG,1,1641,3.85,0.23,5
2025-02-02,Andrei Zhuravlev,Jordan Heatman,w1 jordan heatman,1812,W1,0,1634,4.08,0.23,5
2025-02-05,Andrei Zhuravlev,John Ryles,e1 john ryles,1589,E1,1,1648,4.6,0.52,6
2025-02-08,Andrei Zhuravlev,Mohanaditya Poluru,NA,1624,ENG,0,1634,5.07,0.47,6
2025-02-08,Andrei Zhuravlev,Thomas Humphreys,NA,1560,ENG,0,1617,5.64,0.57,6
2025-02-08,Andrei Zhuravlev,Zayn Patel,NA,1403,ENG,0,1594,6.4,0.76,6
2025-02-09,Andrei Zhuravlev,Luca Feng,NA,1426,ENG,1,1602,7.14,0.74,7
2025-02-09,Andrei Zhuravlev,Julian Morin,NA,1524,ENG,0,1583,7.76,0.62,7
2025-02-12,Andrei Zhuravlev,Chris Fox,e1 chris fox,1642,E1,1,1600,8.21,0.45,8
2025-02-15,Andrei Zhuravlev,Yimo Liu,e1 yimo liu,1321,E1,1,1605,9.05,0.84,9
2025-02-15,Andrei Zhuravlev,Otto Bartlett-Davis,e1 otto bartlett-davis,1406,E1,0.5,1597,9.81,0.76,9.5
2025-02-15,Andrei Zhuravlev,Toby Blankley,e1 toby blankley,1456,E1,1,1606,10.51,0.7,10.5
2025-02-16,Andrei Zhuravlev,Adam Sarwar,e1 adam sarwar,1600,E1,1,1621,11.02,0.51,11.5
2025-02-16,Andrei Zhuravlev,Toby Reckless,e1 toby reckless,1490,E1,0,1601,11.68,0.66,11.5
2025-02-24,Andrei Zhuravlev,Matthew Lunnon,e1 matthew lunnon,1714,E1,0.5,1605,12.03,0.35,12
2025-03-03,Andrei Zhuravlev,Martin Ilett,e1 martin ilett,1641,E1,1,1622,12.48,0.45,13
2025-03-05,Andrei Zhuravlev,Richard Cousins,e1 richard cousins,1598,E1,0,1606,12.99,0.51,13
2025-03-08,Andrei Zhuravlev,Vihaan Kharpas,e1 vihaan kharpas,1310,E1,1,1611,13.84,0.85,14
2025-03-08,Andrei Zhuravlev,Abir Deshpande,e1 abir deshpande,1310,E1,0,1586,14.69,0.85,14
2025-03-09,Andrei Zhuravlev,Toby Blankley,e1 toby blankley,1456,E1,0.5,1580,15.39,0.7,14.5
2025-03-09,Andrei Zhuravlev,Iolo Coles,e1 iolo coles,1310,E1,1,1584,16.24,0.85,15.5
2025-03-13,Andrei Zhuravlev,Ivan De La Cruz,e1 ivan de la cruz,2110,E1,0,1581,16.34,0.1,15.5
2025-03-20,Andrei Zhuravlev,Sreeni Warrier Samarth,NA,1913,FIDE,0,1577,16.49,0.15,15.5
2025-03-21,Andrei Zhuravlev,Vanja Rajcic,NA,1400,Est,1,1584,17.26,0.77,16.5
2025-03-22,Andrei Zhuravlev,Ruvin Sandharu Jayasooriya,NA,1830,FIDE,0,1577,17.48,0.22,16.5
2025-03-22,Andrei Zhuravlev,Dimitrije Vukobrat,NA,1400,Est,1,1584,18.25,0.77,17.5
2025-03-24,Andrei Zhuravlev,Sevastian Kusmin,NA,1756,FIDE,0,1576,18.55,0.3,17.5
2025-03-25,Andrei Zhuravlev,Dave Quansah Chief Acheampong,NA,1724,FIDE,0,1565,18.89,0.34,17.5
2025-03-26,Andrei Zhuravlev,Nyamlkhagva Nasanjargal,NA,1589,Est,1,1580,19.41,0.52,18.5
2025-03-27,Andrei Zhuravlev,Rafael Nicolas Gadea Marti,NA,1736,FIDE,0,1570,19.73,0.32,18.5
2025-03-28,Andrei Zhuravlev,Aleksandr Ser Rogachev,NA,1445,FIDE,0,1549,20.45,0.72,18.5
2025-04-02,Andrei Zhuravlev,Hefin Jones,e1 hefin jones,1550,E1,1,1561,21.03,0.58,19.5
2025-04-09,Andrei Zhuravlev,Bertie Carvey,e1 bertie carvey,1425,E1,0,1539,21.77,0.74,19.5
2025-04-16,Andrei Zhuravlev,Georgi Korovski,e1 georgi korovski,1950,E1,0,1535,21.89,0.12,19.5
2025-04-23,Andrei Zhuravlev,Sam Rhydderch,e1 sam rhydderch,1451,E1,1,1544,22.6,0.71,20.5
2025-05-11,Andrei Zhuravlev,Kevin Stephens,e1 kevin stephens,1705,E1,0,1533,22.96,0.36,20.5
2025-05-19,Andrei Zhuravlev,David Perrett,e1 david perrett,1953,E1,0,1530,23.08,0.12,20.5
2025-06-03,Andrei Zhuravlev,Samy Magulari,e1 samy magulari,1310,E1,1,1534,23.93,0.85,21.5
2025-06-10,Andrei Zhuravlev,Csege Hanczar,e1 csege hanczar,1644,E1,1,1551,24.38,0.45,22.5
2025-06-17,Andrei Zhuravlev,Kam Choo Yin,e1 kam choo yin,1759,E1,0,1542,24.67,0.29,22.5
2025-06-24,Andrei Zhuravlev,Rob Paige,e1 rob paige,1500,E1,0,1523,25.32,0.65,22.5
2025-05-31,Andrei Zhuravlev,Jason Ren,NA,1665,ENG,1,1540,25.74,0.42,23.5
2025-05-31,Andrei Zhuravlev,Thomas Ewart,NA,1741,ENG,0,1531,26.05,0.31,23.5
2025-06-01,Andrei Zhuravlev,Amy Ba,NA,1653,ENG,0.5,1533,26.48,0.43,24
2025-06-01,Andrei Zhuravlev,Carolus Tang,NA,1729,ENG,0,1523,26.81,0.33,24
2025-02-05,Elliott Chapman,John Williams (W),w1 john williams (w),1316,W1,1,1609,0.84,0.84,1
2025-02-26,Elliott Chapman,Jonathan Baker,w1 jonathan baker,1586,W1,1,1623,1.37,0.53,2
2025-03-03,Elliott Chapman,Roger Jenkins,w1 roger jenkins,1728,W1,0,1613,1.7,0.33,2
2025-03-10,Elliott Chapman,John Ward,w1 john ward,1398,W1,1,1620,2.47,0.77,3
2025-03-12,Elliott Chapman,Joseph Durk,w1 joseph durk,1780,W1,1,1642,2.74,0.27,4
2025-03-19,Elliott Chapman,Vianney Foglizzo,w1 vianney foglizzo,1457,W1,0,1621,3.44,0.7,4
2025-03-26,Elliott Chapman,Ken Huntley,w1 ken huntley,1633,W1,0.5,1622,3.9,0.46,4.5
2025-04-02,Elliott Chapman,Paul Headon,w1 paul headon,1726,W1,0.5,1628,4.23,0.33,5
2025-04-09,Elliott Chapman,Paul Thomas,w1 paul thomas,1589,W1,1,1642,4.75,0.52,6
2025-04-30,Elliott Chapman,Paul Thomas,w1 paul thomas,1589,W1,1,1656,5.27,0.52,7
2025-05-07,Elliott Chapman,Aaron Davies,w1 aaron davies,1535,W1,1,1668,5.87,0.6,8
2025-05-14,Elliott Chapman,Martyn Griffiths,w1 martyn griffiths,1820,W1,0,1662,6.09,0.22,8
2025-05-21,Elliott Chapman,William Hewitt,w1 william hewitt,2041,W1,0.5,1674,6.19,0.1,8.5
2025-05-27,Elliott Chapman,Michael Beck,w1 michael beck,1838,W1,0,1667,6.4,0.21,8.5
2025-06-11,Elliott Chapman,Jonathan Thomas,w1 jonathan thomas,1868,W1,0,1662,6.58,0.18,8.5
2025-06-16,Elliott Chapman,Chris Daniel,w1 chris daniel,1745,W1,0,1653,6.89,0.31,8.5
2025-06-25,Elliott Chapman,Thomas Macdonald-Wright,w1 thomas macdonald-wright,1385,W1,1,1659,7.67,0.78,9.5
2025-01-15,Robert G Hill,David Fernandez-Arias,n1 david fernandez-arias,1747,N1,0.5,1610,0.31,0.31,0.5
2025-01-20,Robert G Hill,Matthew Dodsley,NA,1707,ENG,0,1599,0.67,0.36,0.5
2025-02-05,Robert G Hill,Shion Rowlands,n1 shion rowlands,1841,N1,0,1593,0.87,0.2,0.5
2025-02-26,Robert G Hill,Philip McKeown,NA,1788,ENG,1,1615,1.13,0.26,1.5
2025-03-04,Robert G Hill,Daniel Altmann,n1 daniel altmann,1699,N1,0.5,1619,1.5,0.37,2
2025-03-18,Robert G Hill,Steve Williams,NA,1698,ENG,1,1638,1.87,0.37,3
2025-04-09,Robert G Hill,Peter Tarlan,NA,1717,ENG,1,1658,2.21,0.34,4
2025-04-16,Robert G Hill,Ian Clayton,NA,1633,ENG,0.5,1659,2.67,0.46,4.5
2025-01-25,Kevin Lambert,Ben Richards,g1 ben richards,1589,G1,0,1588,0.52,0.52,0
2025-02-26,Kevin Lambert,Jack Bull,g1 jack bull,1564,G1,0,1572,1.08,0.56,0
2025-02-28,Kevin Lambert,Kevin D Markey,NA,1664,ENG,0,1559,1.49,0.41,0
2025-03-01,Kevin Lambert,Andre Labouchardiere,NA,1619,ENG,1,1575,1.97,0.48,1
2025-03-01,Kevin Lambert,Martyn J Maber,NA,1656,ENG,0.5,1577,2.4,0.43,1.5
2025-03-02,Kevin Lambert,Barry Lippard,NA,1621,ENG,0.5,1578,2.88,0.48,2
2025-03-02,Kevin Lambert,Steven E Cawser,NA,1683,ENG,0.5,1581,3.27,0.39,2.5
2025-01-08,Andrew Balfe,Ben Tucker,g1 ben tucker,1591,G1,0,1586,0.51,0.51,0
2025-02-05,Andrew Balfe,Paul Mills,g1 paul mills,1717,G1,1,1605,0.85,0.34,1
2025-02-18,Andrew Balfe,John A Williams,g1 john a williams,1680,G1,0,1594,1.24,0.39,1
2025-03-04,Andrew Balfe,Bob Hurn,e1 bob hurn,1612,E1,0.5,1594,1.72,0.48,1.5
2025-04-26,Andrew Balfe,Peter Kirby,g1 peter kirby,2059,G1,0,1591,1.82,0.1,1.5
2025-04-25,Andrew Balfe,Dave Turner,g1 dave turner,1915,G1,1,1617,1.96,0.14,2.5
2025-04-27,Andrew Balfe,Chris Dixon,g1 chris dixon,1849,G1,0.5,1626,2.15,0.19,3
2025-04-26,Andrew Balfe,Madged Bani Hani,g1 madged bani hani,1750,G1,0,1617,2.45,0.3,3
2025-04-27,Andrew Balfe,Adam Cooper,g1 adam cooper,1344,G1,1,1623,3.26,0.81,4
2025-01-07,Joshua Colcombe,Bob Stanworth,g1 bob stanworth,1577,G1,1,1614,0.53,0.53,1
2025-01-15,Joshua Colcombe,Matthew Davies (Aber),g1 matthew davies (aber),1556,G1,0,1597,1.09,0.56,1
2025-01-17,Joshua Colcombe,Joshua Phillips,e1 joshua phillips,1310,E1,1,1602,1.93,0.84,2
2025-01-18,Joshua Colcombe,Gwyn Havard,e1 gwyn havard,1793,E1,0,1594,2.18,0.25,2
2025-01-18,Joshua Colcombe,Yaroslav Sharhorodsky,d1 yaroslav sharhorodsky,1765,D1,0,1586,2.46,0.28,2
2025-01-19,Joshua Colcombe,Steve Williams (Cwm),g1 steve williams (cwm),1850,G1,0,1580,2.65,0.19,2
2025-01-19,Joshua Colcombe,Thomas Phillips,e1 thomas phillips,1400,E1,0,1558,3.41,0.76,2
2025-01-21,Joshua Colcombe,John A Williams,g1 john a williams,1680,G1,0,1546,3.8,0.39,2
2025-02-15,Joshua Colcombe,Jack Bull,g1 jack bull,1564,G1,0,1529,4.35,0.55,2
2025-02-16,Joshua Colcombe,David Norris,g1 david norris,1661,G1,0,1517,4.76,0.41,2
2025-02-15,Joshua Colcombe,Steve Jones,e1 steve jones,1838,E1,0,1511,4.96,0.2,2
2025-02-15,Joshua Colcombe,Adam Cooper,g1 adam cooper,1344,G1,1,1516,5.77,0.81,3
2025-02-16,Joshua Colcombe,Tomos Francis,w1 tomos francis,1310,W1,1,1521,6.61,0.84,4
2025-04-25,Joshua Colcombe,Steve Williams (Cwm),g1 steve williams (cwm),1850,G1,0,1516,6.8,0.19,4
2025-04-27,Joshua Colcombe,Chris Dixon,g1 chris dixon,1849,G1,0,1510,6.99,0.19,4
2025-04-26,Joshua Colcombe,David Norris,g1 david norris,1661,G1,0,1497,7.4,0.41,4
2025-04-26,Joshua Colcombe,Adam Cooper,g1 adam cooper,1344,G1,1,1503,8.21,0.81,5
2025-04-27,Joshua Colcombe,Charlie Cooper,g1 charlie cooper,1371,G1,1,1509,9,0.79,6
2025-03-04,James Evans (Cf),James Williams,e1 james williams,1522,E1,0.5,1597,0.61,0.61,0.5
2025-03-25,James Evans (Cf),Piotr Graczyk,e1 piotr graczyk,1761,E1,0.5,1603,0.89,0.28,1
2025-04-14,James Evans (Cf),Oyvind Ringen,e1 oyvind ringen,1663,E1,0,1591,1.3,0.41,1
2025-03-24,Ian Hayes,Mark Paffard,d1 mark paffard,1732,D1,0.5,1605,0.32,0.32,0.5
2025-01-27,Garmon Iago,Ben Hannigan,e1 ben hannigan,1568,E1,1,1614,0.55,0.55,1
2025-02-04,Garmon Iago,Emyr Roberts,e1 emyr roberts,1769,E1,0,1605,0.82,0.27,1
2025-02-17,Garmon Iago,Adam Christopher,e1 adam christopher,1589,E1,0,1590,1.34,0.52,1
2025-02-24,Garmon Iago,Andrew Jeanes,e1 andrew jeanes,1684,E1,0,1578,1.72,0.38,1
2025-03-04,Garmon Iago,David Belochkin,e1 david belochkin,1803,E1,0,1571,1.96,0.24,1
2025-03-17,Garmon Iago,Mateusz Graczyk,e1 mateusz graczyk,1389,E1,1,1578,2.73,0.77,2
2025-03-31,Garmon Iago,Richard Larg,e1 richard larg,1542,E1,1,1591,3.31,0.58,3
2025-04-14,Garmon Iago,Csege Hanczar,e1 csege hanczar,1644,E1,0,1578,3.75,0.44,3
2025-06-02,Garmon Iago,Sergio Esteves,e1 sergio esteves,1775,E1,0.5,1585,4.02,0.27,3.5
2025-01-05,Adam Sarwar,Hamid Farani Sani,e1 hamid farani sani,1663,E1,0,1588,0.41,0.41,0
2025-01-07,Adam Sarwar,Mark Chinnick,e1 mark chinnick,1574,E1,1,1602,0.95,0.54,1
2025-01-21,Adam Sarwar,Jack Hannigan,e1 jack hannigan,1740,E1,0,1592,1.26,0.31,1
2025-01-25,Adam Sarwar,Oskar Jarzynski,NA,1821,ENG,1,1616,1.48,0.22,2
2025-01-25,Adam Sarwar,Isaac Stanley,NA,1756,ENG,1,1637,1.77,0.29,3
2025-01-27,Adam Sarwar,Sam White,e1 sam white,1587,E1,0.5,1636,2.29,0.52,3.5
2025-02-04,Adam Sarwar,Raman Rajoram,e1 raman rajoram,1419,E1,1,1644,3.03,0.74,4.5
2025-02-08,Adam Sarwar,Muhammad Qadri,NA,1717,ENG,0,1634,3.37,0.34,4.5
2025-02-08,Adam Sarwar,Dheer Shah,NA,1651,ENG,1,1651,3.8,0.43,5.5
2025-02-08,Adam Sarwar,Madhav Eradi,NA,1783,ENG,0,1644,4.06,0.26,5.5
2025-02-09,Adam Sarwar,Alexander Horwood,NA,1726,ENG,0,1634,4.39,0.33,5.5
2025-02-09,Adam Sarwar,Max Michener,NA,1746,ENG,0,1625,4.69,0.3,5.5
2025-02-15,Adam Sarwar,Abir Deshpande,e1 abir deshpande,1310,E1,1,1630,5.53,0.84,6.5
2025-02-15,Adam Sarwar,Daniel Katchi,e1 daniel katchi,1310,E1,1,1634,6.37,0.84,7.5
2025-02-15,Adam Sarwar,Iolo Coles,e1 iolo coles,1310,E1,1,1639,7.21,0.84,8.5
2025-02-16,Adam Sarwar,James Choung,e1 james choung,1456,E1,0,1618,7.91,0.7,8.5
2025-02-16,Adam Sarwar,Andrei Zhuravlev,e1 andrei zhuravlev,1606,E1,0,1603,8.4,0.49,8.5
2025-02-18,Adam Sarwar,James Williams,e1 james williams,1522,E1,1,1615,9.01,0.61,9.5
2025-03-04,Adam Sarwar,Tom Jenney,e1 tom jenney,1427,E1,0,1593,9.74,0.73,9.5
2025-03-08,Adam Sarwar,Raga Sreya Mandadapu,e1 raga sreya mandadapu,1310,E1,1,1598,10.58,0.84,10.5
2025-03-08,Adam Sarwar,Iolo Coles,e1 iolo coles,1310,E1,0,1573,11.42,0.84,10.5
2025-03-09,Adam Sarwar,Ruzgar Unsal,e1 ruzgar unsal,1310,E1,1,1577,12.26,0.84,11.5
2025-03-09,Adam Sarwar,Christopher Chao,e1 christopher chao,1310,E1,0.5,1567,13.1,0.84,12
2025-03-09,Adam Sarwar,Constantine Popov,e1 constantine popov,1368,E1,0.5,1558,13.89,0.79,12.5
2025-03-10,Adam Sarwar,Sergio Esteves,e1 sergio esteves,1775,E1,0,1550,14.16,0.27,12.5
2025-03-17,Adam Sarwar,Gwawr Evans,e1 gwawr evans,1321,E1,1,1555,14.99,0.83,13.5
2025-03-25,Adam Sarwar,Martin Blackman-Siegler,e1 martin blackman-siegler,1658,E1,0,1543,15.41,0.42,13.5
2025-04-01,Adam Sarwar,Wayne Holland,e1 wayne holland,1450,E1,1,1552,16.11,0.7,14.5
2025-04-07,Adam Sarwar,Robert Wallace,e1 robert wallace,1541,E1,0,1534,16.69,0.58,14.5
2025-06-10,Adam Sarwar,Maharshi Ray,e1 maharshi ray,1310,E1,1,1539,17.53,0.84,15.5
2025-06-17,Adam Sarwar,Amir Jamil,e1 amir jamil,1310,E1,1,1544,18.37,0.84,16.5
2025-06-24,Adam Sarwar,Otto Bartlett-Davis,e1 otto bartlett-davis,1406,E1,0,1521,19.12,0.75,16.5
2025-06-01,Adam Sarwar,Jia-Arn Yeung,NA,1796,ENG,0,1514,19.36,0.24,16.5
2025-06-01,Adam Sarwar,William Zhang,NA,1660,ENG,0,1501,19.77,0.41,16.5
2025-01-08,Richard Cousins,Abir Deshpande,e1 abir deshpande,1310,E1,1,1603,0.84,0.84,1
2025-01-15,Richard Cousins,Miltos Zoumekas,e1 miltos zoumekas,1670,E1,0,1591,1.24,0.4,1
2025-01-29,Richard Cousins,Henry Jones,e1 henry jones,1310,E1,1,1596,2.08,0.84,2
2025-02-05,Richard Cousins,Martin Ilett,e1 martin ilett,1641,E1,0.5,1598,2.52,0.44,2.5
2025-02-18,Richard Cousins,Chris Peters,e1 chris peters,1595,E1,0,1582,3.02,0.5,2.5
2025-03-05,Richard Cousins,Andrei Zhuravlev,e1 andrei zhuravlev,1606,E1,1,1598,3.51,0.49,3.5
2025-03-26,Richard Cousins,Sam Rhydderch,e1 sam rhydderch,1451,E1,0,1577,4.21,0.7,3.5
2025-01-08,Reuben Tarjanyi,Matthew Fox,n1 matthew fox,1768,N1,0,1590,0.27,0.27,0
2025-02-19,Reuben Tarjanyi,Catriona Coutts,n1 catriona coutts,1741,N1,0,1581,0.58,0.31,0
2025-02-05,Andrew Johnson,Paul Scott,g1 paul scott,1756,G1,0,1588,0.29,0.29,0
2025-02-24,Andrew Johnson,Lucas James,g1 lucas james,1748,G1,0,1580,0.59,0.3,0
2025-01-06,Erion Pici,Chris Peters,e1 chris peters,1595,E1,1,1612,0.5,0.5,1
2025-01-20,Erion Pici,Patrick Civil,e1 patrick civil,1474,E1,1,1622,1.17,0.67,2
2025-01-27,Erion Pici,Steve Cunliffe,e1 steve cunliffe,1915,E1,0.5,1633,1.31,0.14,2.5
2025-02-17,Erion Pici,Csombor Hanczar,e1 csombor hanczar,1590,E1,0,1617,1.82,0.51,2.5
2025-02-24,Erion Pici,Chris Peters,e1 chris peters,1595,E1,0,1602,2.32,0.5,2.5
2025-03-17,Erion Pici,James Choung,e1 james choung,1456,E1,1,1612,3.01,0.69,3.5
2025-03-31,Erion Pici,Andrew Jeanes,e1 andrew jeanes,1684,E1,0.5,1615,3.39,0.38,4
2025-04-28,Erion Pici,Steve Keable,e1 steve keable,1461,E1,0.5,1610,4.08,0.69,4.5
2025-06-16,Erion Pici,Steve Maguire,e1 steve maguire,1338,E1,1,1615,4.9,0.82,5.5
2025-06-23,Erion Pici,Martin Ricketts,e1 martin ricketts,1529,E1,1,1627,5.5,0.6,6.5
2025-01-06,Chris Peters,Erion Pici,e1 erion pici,1597,E1,0,1580,0.5,0.5,0
2025-01-17,Chris Peters,Henry Burton,d1 henry burton,1500,D1,0,1561,1.13,0.63,0
2025-01-18,Chris Peters,Glyn Hill,w1 glyn hill,1431,W1,1,1569,1.85,0.72,1
2025-01-18,Chris Peters,Adam Morris,e1 adam morris,1346,E1,1,1575,2.66,0.81,2
2025-01-19,Chris Peters,Joshua Phillips,e1 joshua phillips,1310,E1,1,1580,3.5,0.84,3
2025-01-19,Chris Peters,Jacob Limeslade,e1 jacob limeslade,1467,E1,1,1590,4.18,0.68,4
2025-01-21,Chris Peters,Hamid Farani Sani,e1 hamid farani sani,1663,E1,0,1578,4.58,0.4,4
2025-01-27,Chris Peters,Jeremy Ryan,e1 jeremy ryan,1740,E1,1,1599,4.88,0.3,5
2025-01-28,Chris Peters,Daniel Chaure-Larsen,e1 daniel chaure-larsen,1430,E1,0,1577,5.6,0.72,5
2025-02-18,Chris Peters,Richard Cousins,e1 richard cousins,1598,E1,1,1592,6.1,0.5,6
2025-02-24,Chris Peters,Erion Pici,e1 erion pici,1597,E1,1,1607,6.6,0.5,7
2025-03-25,Chris Peters,Anshul Swamy,e1 anshul swamy,1618,E1,1,1623,7.07,0.47,8
2025-04-01,Chris Peters,Andy Basford,e1 andy basford,1672,E1,0,1612,7.46,0.39,8
2025-04-15,Chris Peters,Martin Ilett,e1 martin ilett,1641,E1,0.5,1613,7.89,0.43,8.5
2025-03-13,Dominic Murray,Georgi Korovski,e1 georgi korovski,1950,E1,0,1591,0.11,0.11,0
2025-01-08,Ben Tucker,Andrew Balfe,g1 andrew balfe,1601,G1,1,1606,0.49,0.49,1
2025-02-24,Ben Tucker,Ron Williams,g1 ron williams,1636,G1,0,1593,0.93,0.44,1
2025-01-29,Andrew Evans,Lyn Holland,g1 lyn holland,1531,G1,1,1602,0.58,0.58,1
2025-01-07,Csombor Hanczar,Robert Wallace,e1 robert wallace,1541,E1,0.5,1588,0.57,0.57,0.5
2025-01-15,Csombor Hanczar,Reginald Mba,e1 reginald mba,1962,E1,0,1585,0.68,0.11,0.5
2025-01-17,Csombor Hanczar,Gwyn Havard,e1 gwyn havard,1793,E1,0,1578,0.92,0.24,0.5
2025-01-18,Csombor Hanczar,James Williams,e1 james williams,1522,E1,1,1590,1.52,0.6,1.5
2025-01-18,Csombor Hanczar,Steve Williams (Cwm),g1 steve williams (cwm),1850,G1,1,1614,1.7,0.18,2.5
2025-01-19,Csombor Hanczar,Tomas Forsey,g1 tomas forsey,1709,G1,1,1634,2.04,0.34,3.5
2025-01-19,Csombor Hanczar,Andrew Di-Vetta,e1 andrew di-vetta,1787,E1,0.5,1642,2.28,0.24,4
2025-01-21,Csombor Hanczar,Kam Choo Yin,e1 kam choo yin,1759,E1,0.5,1649,2.55,0.27,4.5
2025-02-17,Csombor Hanczar,Erion Pici,e1 erion pici,1597,E1,1,1664,3.04,0.49,5.5
2025-03-17,Csombor Hanczar,Nadi Grewal,e1 nadi grewal,1461,E1,0.5,1659,3.72,0.68,6
2025-06-17,Csombor Hanczar,James Powell,e1 james powell,1400,E1,0,1636,4.47,0.75,6
2025-06-24,Csombor Hanczar,Finn Jones,e1 finn jones,1310,E1,1,1641,5.3,0.83,7
2025-01-08,Ieuan Bevan Jones,Miltos Zoumekas,e1 miltos zoumekas,1670,E1,1,1607,0.39,0.39,1
2025-01-22,Ieuan Bevan Jones,George Turner,e1 george turner,1984,E1,0,1604,0.49,0.1,1
2025-01-29,Ieuan Bevan Jones,James Tapp,e1 james tapp,2080,E1,0,1601,0.59,0.1,1
2025-02-08,Ieuan Bevan Jones,Riley Fitzpatrick,w1 riley fitzpatrick,1373,W1,0,1578,1.37,0.78,1
2025-02-08,Ieuan Bevan Jones,Michael Edwards,d1 michael edwards,1662,D1,0,1566,1.77,0.4,1
2025-02-09,Ieuan Bevan Jones,Joshua Phillips,e1 joshua phillips,1310,E1,1,1571,2.6,0.83,2
2025-01-07,Adam Christopher,Andy Basford,e1 andy basford,1672,E1,0.5,1593,0.38,0.38,0.5
2025-01-13,Adam Christopher,Gwyn Havard,e1 gwyn havard,1793,E1,0.5,1600,0.62,0.24,1
2025-01-20,Adam Christopher,John Ryles,e1 john ryles,1589,E1,1,1615,1.12,0.5,2
2025-01-28,Adam Christopher,Russell Dodington,e1 russell dodington,1782,E1,0.5,1623,1.37,0.25,2.5
2025-02-03,Adam Christopher,Anthony Baker,e1 anthony baker,1659,E1,1,1641,1.77,0.4,3.5
2025-02-10,Adam Christopher,Leon Jansen van Rensburg,e1 leon jansen van rensburg,1770,E1,1,1663,2.03,0.26,4.5
2025-02-17,Adam Christopher,Garmon Iago,e1 garmon iago,1600,E1,1,1679,2.51,0.48,5.5
2025-02-24,Adam Christopher,Stuart Enoch,e1 stuart enoch,1560,E1,0,1662,3.05,0.54,5.5
2025-03-05,Adam Christopher,Micah O'Toole,e1 micah o'toole,1858,E1,0,1657,3.23,0.18,5.5
2025-03-10,Adam Christopher,Oliver Van Helden,e1 oliver van helden,1753,E1,0,1649,3.51,0.28,5.5
2025-03-17,Adam Christopher,Alex Kennedy,e1 alex kennedy,1669,E1,1,1667,3.9,0.39,6.5
2025-03-24,Adam Christopher,Clive Silver,e1 clive silver,1639,E1,1,1684,4.33,0.43,7.5
2025-04-01,Adam Christopher,Aled Roberts,e1 aled roberts,1708,E1,1,1704,4.67,0.34,8.5
2025-04-07,Adam Christopher,Andrew Jeanes,e1 andrew jeanes,1684,E1,0,1693,5.04,0.37,8.5
2025-05-12,Adam Christopher,Martin Ilett,e1 martin ilett,1641,E1,1,1710,5.47,0.43,9.5
2025-01-13,Ben Richards,Peter Slater,e1 peter slater,1754,E1,0,1581,0.28,0.28,0
2025-01-18,Ben Richards,Daniel Chaure-Larsen,e1 daniel chaure-larsen,1430,E1,1,1589,0.99,0.71,1
2025-01-18,Ben Richards,Steve Keable,e1 steve keable,1461,E1,1,1599,1.67,0.68,2
2025-01-19,Ben Richards,Andrew Di-Vetta,e1 andrew di-vetta,1787,E1,0,1592,1.91,0.24,2
2025-01-19,Ben Richards,Andrew Smith,w1 andrew smith,1779,W1,0.5,1599,2.16,0.25,2.5
2025-01-21,Ben Richards,Gideon Way,g1 gideon way,1360,G1,1,1605,2.95,0.79,3.5
2025-01-25,Ben Richards,Kevin Lambert,g1 kevin lambert,1604,G1,1,1621,3.43,0.48,4.5
2025-02-18,Ben Richards,Charlie Cooper,g1 charlie cooper,1371,G1,1,1628,4.21,0.78,5.5
2025-01-06,John Ryles,Tom Bennett,e1 tom bennett,1789,E1,0,1582,0.24,0.24,0
2025-01-20,John Ryles,Adam Christopher,e1 adam christopher,1589,E1,0,1567,0.74,0.5,0
2025-02-05,John Ryles,Andrei Zhuravlev,e1 andrei zhuravlev,1606,E1,0,1553,1.22,0.48,0
2025-02-10,John Ryles,Mike Smith,e1 mike smith,1456,E1,1,1562,1.9,0.68,1
2025-02-17,John Ryles,Raman Rajoram,e1 raman rajoram,1419,E1,1,1570,2.63,0.73,2
2025-03-04,John Ryles,Toby Blankley,e1 toby blankley,1456,E1,0,1550,3.31,0.68,2
2025-03-10,John Ryles,Andrew Jeanes,e1 andrew jeanes,1684,E1,0.5,1554,3.68,0.37,2.5
2025-03-31,John Ryles,Mark Chinnick,e1 mark chinnick,1574,E1,1,1568,4.2,0.52,3.5
2025-04-15,John Ryles,Tim Whitchurch,e1 tim whitchurch,1584,E1,0.5,1568,4.71,0.51,4
2025-06-16,John Ryles,Dave Mahoney,e1 dave mahoney,1331,E1,1,1573,5.53,0.82,5
2025-06-23,John Ryles,Dave Parsons,e1 dave parsons,1809,E1,0,1567,5.75,0.22,5
2025-01-07,Paul Thomas,Claire Gorman,w1 claire gorman,1427,W1,0,1567,0.72,0.72,0
2025-01-08,Paul Thomas,Aaron Davies,w1 aaron davies,1535,W1,0,1550,1.3,0.58,0
2025-02-17,Paul Thomas,Nick Hale,w1 nick hale,1460,W1,0,1530,1.98,0.68,0
2025-02-25,Paul Thomas,David Foster,w1 david foster,1567,W1,0,1514,2.51,0.53,0
2025-03-10,Paul Thomas,Steve Edwards,w1 steve edwards,1616,W1,0,1500,2.97,0.46,0
2025-03-25,Paul Thomas,Leon Vincent,w1 leon vincent,1531,W1,0.5,1498,3.55,0.58,0.5
2025-03-31,Paul Thomas,Riley Fitzpatrick,w1 riley fitzpatrick,1373,W1,0.5,1489,4.33,0.78,1
2025-04-01,Paul Thomas,Leon Vincent,w1 leon vincent,1531,W1,0.5,1487,4.91,0.58,1.5
2025-04-09,Paul Thomas,Elliott Chapman,w1 elliott chapman,1604,W1,0,1472,5.39,0.48,1.5
2025-04-30,Paul Thomas,Elliott Chapman,w1 elliott chapman,1604,W1,0,1458,5.87,0.48,1.5
2025-01-27,Sam White,Adam Sarwar,e1 adam sarwar,1600,E1,0.5,1588,0.48,0.48,0.5
2025-02-10,Sam White,Sergio Esteves,e1 sergio esteves,1775,E1,0,1580,0.73,0.25,0.5
2025-03-10,Sam White,Mark Chinnick,e1 mark chinnick,1574,E1,1,1594,1.25,0.52,1.5
2025-04-08,Sam White,Wayne Holland,e1 wayne holland,1450,E1,0,1574,1.94,0.69,1.5
2025-04-18,Sam White,George Turner,e1 george turner,1984,E1,0,1571,2.04,0.1,1.5
2025-04-19,Sam White,Glyn Hill,w1 glyn hill,1431,W1,1,1579,2.75,0.71,2.5
2025-04-20,Sam White,Naveen Daniel George,NA,1737,ENG,0,1571,3.05,0.3,2.5
2025-04-21,Sam White,Patrick Bourne,d1 patrick bourne,1651,D1,0,1558,3.46,0.41,2.5
2025-04-21,Sam White,Richard Larg,e1 richard larg,1542,E1,0.5,1556,4.02,0.56,3
2025-06-16,Sam White,Daniel Katchi,e1 daniel katchi,1310,E1,1,1561,4.85,0.83,4
2025-06-23,Sam White,Mike Gale,e1 mike gale,1821,E1,0,1555,5.06,0.21,4
2025-01-15,Jonathan Baker,Julien Potier,w1 julien potier,1499,W1,0,1567,0.62,0.62,0
2025-01-22,Jonathan Baker,Ralph Cook,w1 ralph cook,1673,W1,0.5,1571,1,0.38,0.5
2025-01-28,Jonathan Baker,Andrew Powell,w1 andrew powell,1461,W1,1,1581,1.67,0.67,1.5
2025-02-25,Jonathan Baker,Jordan Heatman,w1 jordan heatman,1812,W1,1,1604,1.88,0.21,2.5
2025-02-26,Jonathan Baker,Elliott Chapman,w1 elliott chapman,1604,W1,0,1590,2.35,0.47,2.5
2025-03-04,Jonathan Baker,David Foster,w1 david foster,1567,W1,1,1604,2.88,0.53,3.5
2025-03-10,Jonathan Baker,Darson Beeston,w1 darson beeston,1741,W1,0,1596,3.17,0.29,3.5
2025-03-18,Jonathan Baker,Derek Bellamy,w1 derek bellamy,1517,W1,1,1608,3.77,0.6,4.5
2025-03-26,Jonathan Baker,Riley Fitzpatrick,w1 riley fitzpatrick,1373,W1,1,1615,4.54,0.77,5.5
2025-04-02,Jonathan Baker,Derek Bellamy,w1 derek bellamy,1517,W1,0.5,1612,5.14,0.6,6
2025-04-16,Jonathan Baker,Paul Headon,w1 paul headon,1726,W1,1,1632,5.45,0.31,7
2025-04-22,Jonathan Baker,Jeff Boyce,w1 jeff boyce,1524,W1,1,1645,6.04,0.59,8
2025-04-29,Jonathan Baker,Blake Stone,w1 blake stone,1746,W1,0,1636,6.32,0.28,8
2025-04-30,Jonathan Baker,Spencer Ripley,w1 spencer ripley,1469,W1,1,1646,6.98,0.66,9
2025-05-13,Jonathan Baker,Ken Huntley,w1 ken huntley,1633,W1,0.5,1648,7.41,0.43,9.5
2025-05-27,Jonathan Baker,David Foster,w1 david foster,1567,W1,1,1662,7.94,0.53,10.5
2025-06-10,Jonathan Baker,Glyn Hill,w1 glyn hill,1431,W1,1,1671,8.65,0.71,11.5
2025-01-06,Tim Whitchurch,Martin Ricketts,e1 martin ricketts,1529,E1,0.5,1582,0.58,0.58,0.5
2025-01-20,Tim Whitchurch,Kevin Stephens,e1 kevin stephens,1705,E1,0,1572,0.91,0.33,0.5
2025-01-28,Tim Whitchurch,William Roberts,e1 william roberts,1373,E1,1,1579,1.68,0.77,1.5
2025-02-03,Tim Whitchurch,Ethan McGrath,e1 ethan mcgrath,1901,E1,0,1574,1.82,0.14,1.5
2025-02-18,Tim Whitchurch,Mateusz Graczyk,e1 mateusz graczyk,1389,E1,1,1582,2.57,0.75,2.5
2025-03-25,Tim Whitchurch,Rohit Saseendran,e1 rohit saseendran,1607,E1,0,1568,3.04,0.47,2.5
2025-04-01,Tim Whitchurch,Otto Bartlett-Davis,e1 otto bartlett-davis,1406,E1,1,1576,3.78,0.74,3.5
2025-04-15,Tim Whitchurch,John Ryles,e1 john ryles,1589,E1,0.5,1576,4.27,0.49,4
2025-04-29,Tim Whitchurch,Ella Daniels,e1 ella daniels,1310,E1,1,1581,5.1,0.83,5
2025-01-14,Stuart Hamilton,Ian Hopper,n1 ian hopper,1400,N1,0.5,1575,0.74,0.74,0.5
2025-01-22,Stuart Hamilton,Catriona Coutts,n1 catriona coutts,1741,N1,0,1566,1.03,0.29,0.5
2025-01-30,Stuart Hamilton,Nick Darlington,NA,1733,ENG,0,1557,1.33,0.3,0.5
2025-02-05,Stuart Hamilton,Susan F Parry,n1 susan f parry,1453,N1,0.5,1552,2.01,0.68,1
2025-02-12,Stuart Hamilton,Dafydd Roberts,n1 dafydd roberts,1450,N1,1,1562,2.69,0.68,2
2025-03-06,Stuart Hamilton,Steve Williams,NA,1698,ENG,0,1551,3.03,0.34,2
2025-03-20,Stuart Hamilton,David Fernandez-Arias,n1 david fernandez-arias,1747,N1,1,1573,3.31,0.28,3
2025-04-08,Stuart Hamilton,Daniel Altmann,n1 daniel altmann,1699,N1,0,1563,3.65,0.34,3
2025-04-10,Stuart Hamilton,Steve McCall,n1 steve mccall,1737,N1,0,1554,3.94,0.29,3
2025-04-15,Stuart Hamilton,Matthew Thomas,n1 matthew thomas,1670,N1,1,1573,4.32,0.38,4
2025-05-09,Stuart Hamilton,Steve Spencer,NA,1709,ENG,1,1593,4.64,0.32,5
2025-05-10,Stuart Hamilton,Peter Coutts,n1 peter coutts,1682,N1,0,1582,5,0.36,5
2025-05-10,Stuart Hamilton,Paul Sadler,n1 paul sadler,1741,N1,0,1574,5.29,0.29,5
2025-05-11,Stuart Hamilton,Ian Regan,n1 ian regan,1450,N1,1,1583,5.97,0.68,6
2025-05-11,Stuart Hamilton,Stephen Williams (RP),n1 stephen williams (rp),1655,N1,0,1571,6.37,0.4,6
2025-06-28,Stuart Hamilton,Yugav Rangaraju,NA,1378,ENG,1,1579,7.13,0.76,7
2025-06-28,Stuart Hamilton,Glyn Hill,w1 glyn hill,1431,W1,0,1557,7.83,0.7,7
2025-06-29,Stuart Hamilton,Dhamindra Gunarathne,NA,1643,ENG,0,1545,8.24,0.41,7
2025-06-29,Stuart Hamilton,Chaitanya Vadlamani,NA,1399,ENG,0.5,1538,8.98,0.74,7.5
2025-01-07,Bob Stanworth,Joshua Colcombe,g1 joshua colcombe,1600,G1,0,1563,0.47,0.47,0
2025-01-15,Bob Stanworth,Lyn Holland,g1 lyn holland,1531,G1,0.5,1561,1.04,0.57,0.5
2025-01-07,Carl Halpin,Les Philpin,w1 les philpin,1757,W1,0,1568,0.26,0.26,0
2025-01-21,Carl Halpin,Greg Goold,w1 greg goold,1459,W1,1,1578,0.92,0.66,1
2025-01-28,Carl Halpin,Matthew Billington,w1 matthew billington,1766,W1,0.5,1586,1.17,0.25,1.5
2025-02-04,Carl Halpin,Evan Whitehouse,w1 evan whitehouse,1766,W1,0.5,1593,1.42,0.25,2
2025-02-12,Carl Halpin,Julien Potier,w1 julien potier,1499,W1,0.5,1590,2.03,0.61,2.5
2025-02-18,Carl Halpin,Gary Harber,w1 gary harber,1436,W1,1,1599,2.72,0.69,3.5
2025-03-11,Carl Halpin,Ben Rowlands,w1 ben rowlands,1668,W1,0.5,1603,3.09,0.37,4
2025-03-17,Carl Halpin,Sam Brown,w1 sam brown,1700,W1,1,1623,3.42,0.33,5
2025-03-25,Carl Halpin,James Harford,w1 james harford,1854,W1,0.5,1633,3.59,0.17,5.5
2025-04-08,Carl Halpin,Greg Goold,w1 greg goold,1459,W1,1,1643,4.25,0.66,6.5
2025-04-15,Carl Halpin,Andrew Di-Vetta,e1 andrew di-vetta,1787,E1,0,1636,4.48,0.23,6.5
2025-05-05,Carl Halpin,Les Philpin,w1 les philpin,1757,W1,0,1629,4.74,0.26,6.5
2025-05-21,Carl Halpin,Alan Young,w1 alan young,2016,W1,0.5,1641,4.84,0.1,7
2025-05-27,Carl Halpin,Nick Hale,w1 nick hale,1460,W1,0.5,1636,5.5,0.66,7.5
2025-06-03,Carl Halpin,Emyr-Wyn Francis,w1 emyr-wyn francis,1320,W1,0.5,1626,6.31,0.81,8
2025-01-07,Mark Chinnick,Adam Sarwar,e1 adam sarwar,1600,E1,0,1560,0.46,0.46,0
2025-01-20,Mark Chinnick,James Williams,e1 james williams,1522,E1,1,1573,1.03,0.57,1
2025-02-04,Mark Chinnick,Aled Roberts,e1 aled roberts,1708,E1,0.5,1578,1.35,0.32,1.5
2025-02-10,Mark Chinnick,Richard Swales,e1 richard swales,1310,E1,1,1584,2.17,0.82,2.5
2025-02-11,Mark Chinnick,Anthony Williams,e1 anthony williams,1410,E1,0,1562,2.89,0.72,2.5
2025-02-17,Mark Chinnick,Patrick Civil,e1 patrick civil,1474,E1,0.5,1558,3.53,0.64,3
2025-02-23,Mark Chinnick,Emma Kong,e1 emma kong,1946,E1,0,1555,3.64,0.11,3
2025-02-24,Mark Chinnick,Artur Esteves,e1 artur esteves,1329,E1,0,1531,4.44,0.8,3
2025-03-04,Mark Chinnick,Andy Basford,e1 andy basford,1672,E1,0.5,1535,4.8,0.36,3.5
2025-03-10,Mark Chinnick,Sam White,e1 sam white,1587,E1,0,1520,5.28,0.48,3.5
2025-03-31,Mark Chinnick,John Ryles,e1 john ryles,1589,E1,0,1506,5.76,0.48,3.5
2025-04-14,Mark Chinnick,Mark Reckless,e1 mark reckless,1536,E1,1,1519,6.31,0.55,4.5
2025-05-11,Mark Chinnick,Ian Jones,w1 ian jones,1939,W1,0,1516,6.42,0.11,4.5
2025-06-02,Mark Chinnick,Andrew Jeanes,e1 andrew jeanes,1684,E1,0.5,1521,6.77,0.35,5
2025-02-18,Awne Osinga,Julie Ward,d1 julie ward,1566,D1,0,1556,0.51,0.51,0
2025-01-21,Ben Hannigan,Constantine Popov,e1 constantine popov,1368,E1,1,1575,0.76,0.76,1
2025-01-27,Ben Hannigan,Garmon Iago,e1 garmon iago,1600,E1,0,1562,1.21,0.45,1
2025-02-11,Ben Hannigan,Gareth Richards,e1 gareth richards,1632,E1,1,1579,1.62,0.41,2
2025-02-25,Ben Hannigan,Joshua Phillips,e1 joshua phillips,1310,E1,1,1585,2.44,0.82,3
2025-03-24,Ben Hannigan,Daniel Katchi,e1 daniel katchi,1310,E1,1,1590,3.26,0.82,4
2025-01-08,David Foster,Spencer Ripley,w1 spencer ripley,1469,W1,1,1578,0.64,0.64,1
2025-02-04,David Foster,Cameron Ferguson,w1 cameron ferguson,1395,W1,1,1586,1.37,0.73,2
2025-02-25,David Foster,Paul Thomas,w1 paul thomas,1589,W1,1,1602,1.84,0.47,3
2025-03-04,David Foster,Jonathan Baker,w1 jonathan baker,1586,W1,0,1588,2.31,0.47,3
2025-03-11,David Foster,Rhydian Fox,w1 rhydian fox,1310,W1,1,1593,3.12,0.81,4
2025-03-25,David Foster,Roger Jenkins,w1 roger jenkins,1728,W1,0.5,1600,3.4,0.28,4.5
2025-03-28,David Foster,Advik Samiaiya,w1 advik samiaiya,1371,W1,0,1577,4.16,0.76,4.5
2025-04-22,David Foster,Karl Wendrich,w1 karl wendrich,1627,W1,1,1595,4.57,0.41,5.5
2025-04-29,David Foster,Advik Samiaiya,w1 advik samiaiya,1371,W1,0,1572,5.33,0.76,5.5
2025-05-05,David Foster,Neil Stuart,w1 neil stuart,1692,W1,0,1562,5.66,0.33,5.5
2025-05-21,David Foster,Peter Bevan,w1 peter bevan,1883,W1,0,1558,5.8,0.14,5.5
2025-05-27,David Foster,Jonathan Baker,w1 jonathan baker,1586,W1,0,1544,6.27,0.47,5.5
2025-06-03,David Foster,Tomos Francis,w1 tomos francis,1310,W1,1,1549,7.08,0.81,6.5
2025-06-16,David Foster,Alan Young,w1 alan young,2016,W1,0,1546,7.18,0.1,6.5
2025-01-20,Julie Ward,Henry Burton,d1 henry burton,1500,D1,1,1578,0.59,0.59,1
2025-02-18,Julie Ward,Awne Osinga,d1 awne osinga,1571,D1,1,1593,1.08,0.49,2
2025-04-22,Julie Ward,Mark Paffard,d1 mark paffard,1732,D1,0.5,1600,1.36,0.28,2.5
2025-01-17,Jack Bull,Jordan Heatman,w1 jordan heatman,1812,W1,1,1588,0.19,0.19,1
2025-01-18,Jack Bull,Tomas Forsey,g1 tomas forsey,1709,G1,1,1609,0.49,0.3,2
2025-01-18,Jack Bull,Andrew Di-Vetta,e1 andrew di-vetta,1787,E1,1,1633,0.71,0.22,3
2025-01-19,Jack Bull,Gwyn Havard,e1 gwyn havard,1793,E1,0,1626,0.92,0.21,3
2025-01-19,Jack Bull,Govind Anandkumar,e1 govind anandkumar,1742,E1,0,1618,1.18,0.26,3
2025-02-10,Jack Bull,Mark Emblem,g1 mark emblem,1553,G1,1,1633,1.7,0.52,4
2025-02-15,Jack Bull,Joshua Colcombe,g1 joshua colcombe,1600,G1,1,1649,2.15,0.45,5
2025-02-15,Jack Bull,Mark Reckless,e1 mark reckless,1536,E1,0,1633,2.69,0.54,5
2025-02-15,Jack Bull,Henry Burton,d1 henry burton,1500,D1,0.5,1630,3.28,0.59,5.5
2025-02-16,Jack Bull,Bob Hurn,e1 bob hurn,1612,E1,0,1618,3.71,0.43,5.5
2025-02-26,Jack Bull,Kevin Lambert,g1 kevin lambert,1604,G1,1,1634,4.15,0.44,6.5
2025-03-28,Jack Bull,John A Williams,g1 john a williams,1680,G1,0,1624,4.49,0.34,6.5
2025-03-29,Jack Bull,William Cook,NA,1732,ENG,0.5,1631,4.77,0.28,7
2025-03-29,Jack Bull,Felipe Oggioni,NA,1764,ENG,1,1654,5.01,0.24,8
2025-03-30,Jack Bull,Evan Punshon,NA,1779,ENG,0.5,1662,5.23,0.22,8.5
2025-03-30,Jack Bull,Matthew E Howells,NA,1732,ENG,1,1684,5.51,0.28,9.5
2025-04-26,Jack Bull,Dave Turner,g1 dave turner,1915,G1,0,1680,5.63,0.12,9.5
2025-04-25,Jack Bull,Chris Dixon,g1 chris dixon,1849,G1,0.5,1690,5.79,0.16,10
2025-04-26,Jack Bull,John A Williams,g1 john a williams,1680,G1,0,1680,6.13,0.34,10
2025-04-27,Jack Bull,Charlie Cooper,g1 charlie cooper,1371,G1,1,1687,6.88,0.75,11
2025-04-27,Jack Bull,Chris Perry,g1 chris perry,1350,G1,0,1664,7.65,0.77,11
2025-01-07,Mike Stannard,Anshul Swamy,e1 anshul swamy,1618,E1,1,1581,0.42,0.42,1
2025-01-17,Mike Stannard,Joseph Browse,e1 joseph browse,1825,E1,0,1576,0.6,0.18,1
2025-01-18,Mike Stannard,Timur Ramzan,e1 timur ramzan,1557,E1,0,1561,1.11,0.51,1
2025-01-18,Mike Stannard,Glyn Hill,w1 glyn hill,1431,W1,0.5,1555,1.79,0.68,1.5
2025-01-19,Mike Stannard,Wayne Holland,e1 wayne holland,1450,E1,1,1565,2.45,0.66,2.5
2025-01-21,Mike Stannard,Lucas James,g1 lucas james,1748,G1,0,1558,2.71,0.26,2.5
2025-01-29,Mike Stannard,Trey Austen,g1 trey austen,1447,G1,1,1568,3.37,0.66,3.5
2025-02-24,Mike Stannard,Steffan Mon,e1 steffan mon,1684,E1,0,1558,3.7,0.33,3.5
2025-03-05,Mike Stannard,Nadi Grewal,e1 nadi grewal,1461,E1,1,1568,4.34,0.64,4.5
2025-04-21,Mike Stannard,Glyn Hill,w1 glyn hill,1431,W1,1,1578,5.02,0.68,5.5
2025-04-26,Mike Stannard,Chris Dixon,g1 chris dixon,1849,G1,0.5,1588,5.18,0.16,6
2025-04-26,Mike Stannard,Liam Powell-Jones,g1 liam powell-jones,1680,G1,0,1578,5.52,0.34,6
2025-04-27,Mike Stannard,David Norris,g1 david norris,1661,G1,0,1567,5.88,0.36,6
2025-04-27,Mike Stannard,Ron Williams,g1 ron williams,1636,G1,1,1585,6.28,0.4,7
2025-01-20,Peter Evans,Martin C Jones,d1 martin c jones,1832,D1,1,1586,0.17,0.17,1
2025-02-18,Peter Evans,Kevin Heady,d1 kevin heady,1715,D1,0,1577,0.46,0.29,1
2025-03-24,Peter Evans,Henry Burton,d1 henry burton,1500,D1,0,1559,1.05,0.59,1
2025-01-29,Stuart Enoch,Peter Quinn,e1 peter quinn,1826,E1,0,1555,0.18,0.18,0
2025-02-02,Stuart Enoch,Andrew Di-Vetta,e1 andrew di-vetta,1787,E1,0,1548,0.39,0.21,0
2025-02-05,Stuart Enoch,Gwyn Havard,e1 gwyn havard,1793,E1,0,1542,0.6,0.21,0
2025-02-10,Stuart Enoch,Leo Ashworth,e1 leo ashworth,1522,E1,0,1525,1.15,0.55,0
2025-02-15,Stuart Enoch,John McGregor,e1 john mcgregor,1921,E1,0,1522,1.26,0.11,0
2025-02-16,Stuart Enoch,Danylo Shevchenko,e1 danylo shevchenko,1667,E1,0,1512,1.61,0.35,0
2025-02-16,Stuart Enoch,Tomos Francis,w1 tomos francis,1310,W1,1,1517,2.42,0.81,1
2025-02-24,Stuart Enoch,Adam Christopher,e1 adam christopher,1589,E1,1,1534,2.88,0.46,2
2025-03-03,Stuart Enoch,Mike Gale,e1 mike gale,1821,E1,0,1528,3.06,0.18,2
2025-03-05,Stuart Enoch,Hamid Farani Sani,e1 hamid farani sani,1663,E1,0,1517,3.42,0.36,2
2025-03-10,Stuart Enoch,Martin K Jones,e1 martin k jones,1625,E1,0,1505,3.83,0.41,2
2025-03-19,Stuart Enoch,Jeremy Jones,e1 jeremy jones,1632,E1,0.5,1508,4.23,0.4,2.5
2025-03-25,Stuart Enoch,Mark Jones,e1 mark jones,1809,E1,1,1532,4.42,0.19,3.5
2025-04-16,Stuart Enoch,Hefin Jones,e1 hefin jones,1550,E1,0,1517,4.93,0.51,3.5
2025-04-18,Stuart Enoch,Zack Wilkins,e1 zack wilkins,1724,E1,0.5,1524,5.21,0.28,4
2025-04-18,Stuart Enoch,Andrew Smith,w1 andrew smith,1779,W1,0,1517,5.43,0.22,4
2025-04-19,Stuart Enoch,Deio Parri,n1 deio parri,1754,N1,0,1510,5.68,0.25,4
2025-04-19,Stuart Enoch,Darcy Beck,e1 darcy beck,1350,E1,1,1517,6.45,0.77,5
2025-04-21,Stuart Enoch,Malcolm Probert,w1 malcolm probert,1760,W1,0.5,1524,6.69,0.24,5.5
2025-04-21,Stuart Enoch,Scott Hammett,d1 scott hammett,1802,D1,0,1518,6.89,0.2,5.5
2025-04-23,Stuart Enoch,Peter Quinn,e1 peter quinn,1826,E1,0,1513,7.07,0.18,5.5
2025-05-19,Stuart Enoch,Bob Hurn,e1 bob hurn,1612,E1,0,1500,7.5,0.43,5.5
2025-01-17,Timur Ramzan,Adam Morris,e1 adam morris,1346,E1,0,1534,0.77,0.77,0
2025-01-18,Timur Ramzan,Mike Stannard,g1 mike stannard,1564,G1,1,1549,1.26,0.49,1
2025-01-18,Timur Ramzan,Joshua Phillips,e1 joshua phillips,1310,E1,0,1525,2.07,0.81,1
2025-01-19,Timur Ramzan,Mabon Hanczar,e1 mabon hanczar,1310,E1,1,1531,2.88,0.81,2
2025-01-19,Timur Ramzan,Steve Keable,e1 steve keable,1461,E1,1,1542,3.51,0.63,3
2025-01-15,Matthew Davies (Aber),Joshua Colcombe,g1 joshua colcombe,1600,G1,1,1573,0.44,0.44,1
2025-02-12,Matthew Davies (Aber),Jim Sadler,g1 jim sadler,1507,G1,1,1586,1.01,0.57,2
2025-01-15,Adrian May,Rajith Babu,w1 rajith babu,1310,W1,1,1562,0.8,0.8,1
2025-02-05,Adrian May,Blake Stone,w1 blake stone,1746,W1,1,1584,1.05,0.25,2
2025-02-25,Adrian May,Joshua Richards,w1 joshua richards,1667,W1,0,1574,1.4,0.35,2
2025-03-26,Adrian May,Kai Palmer,w1 kai palmer,1310,W1,1,1580,2.2,0.8,3
2025-04-22,Adrian May,Janet Evans,w1 janet evans,1310,W1,1,1586,3,0.8,4
2025-04-29,Adrian May,Ian Phillips,w1 ian phillips,1473,W1,0,1567,3.62,0.62,4
2025-05-07,Adrian May,Steve Edwards,w1 steve edwards,1616,W1,0,1555,4.03,0.41,4
2025-05-27,Adrian May,Wiliam Francis,w1 wiliam francis,1477,W1,1,1566,4.64,0.61,5
2025-06-10,Adrian May,Tomos Francis,w1 tomos francis,1310,W1,1,1572,5.44,0.8,6
2025-02-10,Mark Emblem,Jack Bull,g1 jack bull,1564,G1,0,1538,0.48,0.48,0
2025-02-24,Mark Emblem,Gee Garel,g1 gee garel,1438,G1,0,1519,1.14,0.66,0
2025-02-15,Morgan Foulkes,Danylo Shevchenko,e1 danylo shevchenko,1667,E1,0,1541,0.34,0.34,0
2025-02-15,Morgan Foulkes,Tom Bennett,e1 tom bennett,1789,E1,0,1535,0.54,0.2,0
2025-02-15,Morgan Foulkes,Divyajyoti,NA,1310,Est,1,1541,1.34,0.8,1
2025-02-16,Morgan Foulkes,Steve Jones,e1 steve jones,1838,E1,0,1536,1.5,0.16,1
2025-02-16,Morgan Foulkes,Kenul Herath,e1 kenul herath,1413,E1,1,1545,2.19,0.69,2
2025-02-10,Bob Wiltshire,Lucas James,g1 lucas james,1748,G1,0,1544,0.24,0.24,0
2025-02-26,Bob Wiltshire,Chris Morgan,g1 chris morgan,1743,G1,0.5,1551,0.49,0.25,0.5
2025-04-26,Bob Wiltshire,Steve Williams (Cwm),g1 steve williams (cwm),1850,G1,0,1547,0.64,0.15,0.5
2025-04-27,Bob Wiltshire,Madged Bani Hani,g1 madged bani hani,1750,G1,0,1539,0.88,0.24,0.5
2025-04-27,Bob Wiltshire,Liam Powell-Jones,g1 liam powell-jones,1680,G1,0,1530,1.2,0.32,0.5
2025-04-25,Bob Wiltshire,Adam Cooper,g1 adam cooper,1344,G1,1,1537,1.97,0.77,1.5
2025-04-26,Bob Wiltshire,Gareth Holyfield,g1 gareth holyfield,1502,G1,1,1550,2.54,0.57,2.5
2025-01-22,Hefin Jones,James Tapp,e1 james tapp,2080,E1,0,1547,0.1,0.1,0
2025-01-29,Hefin Jones,Joshua McKenna,e1 joshua mckenna,1801,E1,0,1541,0.29,0.19,0
2025-03-19,Hefin Jones,Sam Rhydderch,e1 sam rhydderch,1451,E1,0.5,1537,0.93,0.64,0.5
2025-03-26,Hefin Jones,Sam Jukes,e1 sam jukes,2013,E1,0,1534,1.03,0.1,0.5
2025-04-02,Hefin Jones,Andrei Zhuravlev,e1 andrei zhuravlev,1606,E1,0,1522,1.45,0.42,0.5
2025-04-16,Hefin Jones,Stuart Enoch,e1 stuart enoch,1560,E1,1,1537,1.94,0.49,1.5
2025-05-14,Hefin Jones,Sam Rhydderch,e1 sam rhydderch,1451,E1,1,1548,2.58,0.64,2.5
2025-05-21,Hefin Jones,Ivan De La Cruz,e1 ivan de la cruz,2110,E1,0,1545,2.68,0.1,2.5
2025-05-28,Hefin Jones,Joe Fathallah,e1 joe fathallah,2043,E1,0,1542,2.78,0.1,2.5
2025-02-17,Anton Rogan,Clive Silver,e1 clive silver,1639,E1,1,1569,0.37,0.37,1
2025-04-18,Ann Tagg,Aldrin Malibiran,NA,1993,ENG,0,1547,0.1,0.1,0
2025-04-19,Ann Tagg,Glyn Hill,w1 glyn hill,1431,W1,0,1527,0.76,0.66,0
2025-04-19,Ann Tagg,Sam Rhydderch,e1 sam rhydderch,1451,E1,0,1508,1.4,0.64,0
2025-04-20,Ann Tagg,Darcy Beck,e1 darcy beck,1350,E1,1,1515,2.16,0.76,1
2025-04-21,Ann Tagg,Bob Hurn,e1 bob hurn,1612,E1,0,1503,2.57,0.41,1
2025-04-21,Ann Tagg,Toby Blankley,e1 toby blankley,1456,E1,1,1514,3.2,0.63,2
2025-02-24,Phil Jones,James Williams,e1 james williams,1522,E1,1,1562,0.54,0.54,1
2025-03-24,Phil Jones,Justin Morgans,e1 justin morgans,1746,E1,0,1555,0.78,0.24,1
2025-02-25,Steffani Dimitrova,Bradley Parfitt,w1 bradley parfitt,1391,W1,1,1555,0.71,0.71,1
2025-03-11,Steffani Dimitrova,Cameron Ferguson,w1 cameron ferguson,1395,W1,0,1534,1.41,0.7,1
2025-04-29,Steffani Dimitrova,Jack Mason,w1 jack mason,1393,W1,1,1542,2.12,0.71,2
2025-05-27,Steffani Dimitrova,Greg Goold,w1 greg goold,1459,W1,0,1524,2.74,0.62,2
2025-01-17,Richard Larg,Jacob Limeslade,e1 jacob limeslade,1467,E1,0,1524,0.61,0.61,0
2025-01-18,Richard Larg,Steve Keable,e1 steve keable,1461,E1,0,1505,1.22,0.61,0
2025-01-18,Richard Larg,Wayne Holland,e1 wayne holland,1450,E1,0.5,1501,1.85,0.63,0.5
2025-01-19,Richard Larg,Toby Blankley,e1 toby blankley,1456,E1,0.5,1498,2.47,0.62,1
2025-01-21,Richard Larg,Amir Jamil,e1 amir jamil,1310,E1,1,1504,3.26,0.79,2
2025-01-27,Richard Larg,Mike Smith,e1 mike smith,1456,E1,0,1485,3.88,0.62,2
2025-02-11,Richard Larg,James Williams,e1 james williams,1522,E1,1,1500,4.41,0.53,3
2025-02-18,Richard Larg,Aviraj Bhaduri,NA,1544,ENG,0,1485,4.91,0.5,3
2025-02-18,Richard Larg,Callum Hill,NA,1759,ENG,0,1478,5.13,0.22,3
2025-02-19,Richard Larg,Yechu Chen,NA,1695,ENG,0,1469,5.42,0.29,3
2025-02-20,Richard Larg,Theo Horne,NA,1764,ENG,0.5,1478,5.64,0.22,3.5
2025-02-20,Richard Larg,Tuure Maki-Uuro,NA,1536,FIDE,1,1492,6.15,0.51,4.5
2025-02-21,Richard Larg,Edward Farms,NA,1705,ENG,1,1514,6.43,0.28,5.5
2025-02-22,Richard Larg,Sohana Sengupta,NA,1754,ENG,0,1507,6.66,0.23,5.5
2025-02-22,Richard Larg,Yueci Li,NA,1726,ENG,0,1499,6.92,0.26,5.5
2025-02-23,Richard Larg,Rob Coles,NA,1712,ENG,0.5,1506,7.19,0.27,6
2025-02-23,Richard Larg,Martin L Loat,NA,1592,EST,1,1523,7.62,0.43,7
2025-02-25,Richard Larg,Antony Phillips,e1 antony phillips,1310,E1,0.5,1515,8.41,0.79,7.5
2025-03-24,Richard Larg,Mike White,e1 mike white,1394,E1,1,1524,9.11,0.7,8.5
2025-03-31,Richard Larg,Garmon Iago,e1 garmon iago,1600,E1,0,1511,9.53,0.42,8.5
2025-04-18,Richard Larg,Mark Adams,g1 mark adams,1975,G1,0,1508,9.63,0.1,8.5
2025-04-18,Richard Larg,Malcolm Probert,w1 malcolm probert,1760,W1,0.5,1516,9.85,0.22,9
2025-04-19,Richard Larg,Darcy Beck,e1 darcy beck,1350,E1,1,1524,10.6,0.75,10
2025-04-19,Richard Larg,Aldrin Malibiran,NA,1993,ENG,0,1521,10.7,0.1,10
2025-04-20,Richard Larg,Deio Parri,n1 deio parri,1754,N1,0.5,1529,10.93,0.23,10.5
2025-04-21,Richard Larg,Sam White,e1 sam white,1587,E1,0.5,1531,11.37,0.44,11
2025-04-21,Richard Larg,Vijayaratnam Vijitharan,NA,1724,Est,0.5,1538,11.63,0.26,11.5
2025-04-28,Richard Larg,Ken Hannah,e1 ken hannah,1793,E1,0,1532,11.82,0.19,11.5
2025-01-07,Robert Wallace,Csombor Hanczar,e1 csombor hanczar,1590,E1,0.5,1543,0.43,0.43,0.5
2025-01-13,Robert Wallace,Mike Smith,e1 mike smith,1456,E1,1,1555,1.05,0.62,1.5
2025-01-20,Robert Wallace,Bob Owen,e1 bob owen,1497,E1,1,1568,1.61,0.56,2.5
2025-01-27,Robert Wallace,Randall Wright,e1 randall wright,1535,E1,0,1552,2.12,0.51,2.5
2025-02-04,Robert Wallace,Anshul Swamy,e1 anshul swamy,1618,E1,0,1541,2.51,0.39,2.5
2025-02-10,Robert Wallace,Peter Watkins,e1 peter watkins,1515,E1,1,1555,3.05,0.54,3.5
2025-02-11,Robert Wallace,Adam Morris,e1 adam morris,1346,E1,0,1532,3.8,0.75,3.5
2025-02-17,Robert Wallace,Nadi Grewal,e1 nadi grewal,1461,E1,1,1543,4.41,0.61,4.5
2025-02-23,Robert Wallace,Kristan Enoch,e1 kristan enoch,1747,E1,0,1536,4.64,0.23,4.5
2025-02-24,Robert Wallace,Gavin Jones,e1 gavin jones,1825,E1,0.5,1547,4.8,0.16,5
2025-03-04,Robert Wallace,Lucas Zheng,e1 lucas zheng,1650,E1,0,1536,5.15,0.35,5
2025-03-10,Robert Wallace,Martin Ricketts,e1 martin ricketts,1529,E1,1,1551,5.67,0.52,6
2025-03-31,Robert Wallace,Steve Keable,e1 steve keable,1461,E1,1,1562,6.28,0.61,7
2025-04-07,Robert Wallace,Adam Sarwar,e1 adam sarwar,1600,E1,1,1580,6.7,0.42,8
2025-04-14,Robert Wallace,Toby Reckless,e1 toby reckless,1490,E1,1,1593,7.27,0.57,9
2025-05-11,Robert Wallace,Andrew Gibbons,w1 andrew gibbons,1975,W1,0,1590,7.37,0.1,9
2025-06-02,Robert Wallace,Oyvind Ringen,e1 oyvind ringen,1663,E1,0.5,1595,7.7,0.33,9.5
2025-01-14,Jaiden Flannery,Zeb Waines,n1 zeb waines,1400,N1,1,1548,0.69,0.69,1
2025-01-30,Jaiden Flannery,Peter Tarlan,NA,1723,ENG,0,1541,0.95,0.26,1
2025-02-12,Jaiden Flannery,Heilyn Griffiths,n1 heilyn griffiths,1450,N1,0,1522,1.58,0.63,1
2025-03-20,Jaiden Flannery,Andrew Sutton,n1 andrew sutton,1672,N1,0,1512,1.9,0.32,1
2025-04-03,Jaiden Flannery,Huw Davies,n1 huw davies,1780,N1,0,1506,2.1,0.2,1
2025-04-22,Ray Greenwood,Ben Drury,d1 ben drury,1350,D1,1,1547,0.75,0.75,1
2025-01-22,James Will,Karl Davies,n1 karl davies,1474,N1,0,1521,0.59,0.59,0
2025-03-20,James Will,Shaun Waines,n1 shaun waines,1400,N1,0.5,1516,1.28,0.69,0.5
2025-01-15,Charlie Gibson,Charlie Cooper,g1 charlie cooper,1371,G1,1,1545,0.72,0.72,1
2025-02-04,Charlie Gibson,Lucio Nocivelli,g1 lucio nocivelli,1436,G1,1,1556,1.36,0.64,2
2025-02-02,Mark Reckless,Peter Quinn,e1 peter quinn,1826,E1,0,1531,0.16,0.16,0
2025-02-15,Mark Reckless,Divyajyoti,NA,1310,Est,1,1538,0.95,0.79,1
2025-02-15,Mark Reckless,Jack Bull,g1 jack bull,1564,G1,1,1554,1.41,0.46,2
2025-02-16,Mark Reckless,Grzegorz Toczek,e1 grzegorz toczek,2300,E1,0,1551,1.51,0.1,2
2025-02-16,Mark Reckless,Suraj Prabhu,e1 suraj prabhu,1718,E1,0,1543,1.77,0.26,2
2025-04-14,Mark Reckless,Mark Chinnick,e1 mark chinnick,1574,E1,0,1530,2.22,0.45,2
2025-06-17,Mark Reckless,Craig Northwood,e1 craig northwood,1310,E1,1,1536,3.01,0.79,3
2025-06-24,Mark Reckless,Csege Hanczar,e1 csege hanczar,1644,E1,0,1526,3.36,0.35,3
2025-01-08,Aaron Davies,Paul Thomas,w1 paul thomas,1589,W1,1,1552,0.42,0.42,1
2025-01-15,Aaron Davies,John Williams (W),w1 john williams (w),1316,W1,1,1559,1.2,0.78,2
2025-01-28,Aaron Davies,Claire Gorman,w1 claire gorman,1427,W1,1,1569,1.85,0.65,3
2025-02-05,Aaron Davies,Evan Whitehouse,w1 evan whitehouse,1766,W1,0.5,1578,2.06,0.21,3.5
2025-02-12,Aaron Davies,Evan Whitehouse,w1 evan whitehouse,1766,W1,0,1572,2.27,0.21,3.5
2025-02-19,Aaron Davies,June Evans,w1 june evans,1357,W1,1,1580,3.01,0.74,4.5
2025-03-18,Aaron Davies,Gary Harber,w1 gary harber,1436,W1,1,1591,3.65,0.64,5.5
2025-03-26,Aaron Davies,Tony Williams,w1 tony williams,1405,W1,1,1600,4.33,0.68,6.5
2025-04-02,Aaron Davies,Gary Harber,w1 gary harber,1436,W1,1,1611,4.97,0.64,7.5
2025-04-22,Aaron Davies,June Evans,w1 june evans,1357,W1,1,1619,5.71,0.74,8.5
2025-04-29,Aaron Davies,Andrew Di-Vetta,e1 andrew di-vetta,1787,E1,0,1613,5.9,0.19,8.5
2025-05-07,Aaron Davies,Elliott Chapman,w1 elliott chapman,1604,W1,0,1601,6.3,0.4,8.5
2025-06-10,Aaron Davies,Dylan Greenway,w1 dylan greenway,1442,W1,1,1612,6.93,0.63,9.5
2025-01-14,Randall Wright,Adam Morris,e1 adam morris,1346,E1,0,1513,0.75,0.75,0
2025-01-17,Randall Wright,Andrew Smith,w1 andrew smith,1779,W1,0.5,1522,0.95,0.2,0.5
2025-01-19,Randall Wright,Matthew Thornton,e1 matthew thornton,1400,E1,0,1501,1.64,0.69,0.5
2025-01-19,Randall Wright,Adam Morris,e1 adam morris,1346,E1,0,1479,2.39,0.75,0.5
2025-01-27,Randall Wright,Robert Wallace,e1 robert wallace,1541,E1,1,1494,2.88,0.49,1.5
2025-02-18,Randall Wright,James Choung,e1 james choung,1456,E1,0,1476,3.49,0.61,1.5
2025-01-20,Sulaiman Nasir,Gary Harber,w1 gary harber,1436,W1,1,1543,0.63,0.63,1
2025-04-22,Sulaiman Nasir,Guto Llywelyn,w1 guto llywelyn,1676,W1,0,1534,0.93,0.3,1
2025-01-15,Lyn Holland,Bob Stanworth,g1 bob stanworth,1577,G1,0.5,1533,0.43,0.43,0.5
2025-01-29,Lyn Holland,Andrew Evans,g1 andrew evans,1590,G1,0,1520,0.85,0.42,0.5
2025-01-21,Leon Vincent,Rhydian Fox,w1 rhydian fox,1310,W1,1,1538,0.78,0.78,1
2025-01-31,Leon Vincent,Tony Goodchild,w1 tony goodchild,1526,W1,0.5,1537,1.29,0.51,1.5
2025-02-18,Leon Vincent,Derek Bellamy,w1 derek bellamy,1517,W1,0,1522,1.81,0.52,1.5
2025-02-25,Leon Vincent,Mike Richards,w1 mike richards,1510,W1,1,1536,2.34,0.53,2.5
2025-03-25,Leon Vincent,Paul Thomas,w1 paul thomas,1589,W1,0.5,1538,2.76,0.42,3
2025-03-28,Leon Vincent,Jack Mason,w1 jack mason,1393,W1,1,1548,3.45,0.69,4
2025-04-01,Leon Vincent,Paul Thomas,w1 paul thomas,1589,W1,0.5,1550,3.87,0.42,4.5
2025-04-08,Leon Vincent,Cain Francis,w1 cain francis,1426,W1,0,1531,4.52,0.65,4.5
2025-04-22,Leon Vincent,Tony Goodchild,w1 tony goodchild,1526,W1,1,1546,5.03,0.51,5.5
2025-05-05,Leon Vincent,Paul Bevan,w1 paul bevan,1456,W1,1,1557,5.64,0.61,6.5
2025-05-21,Leon Vincent,Jonathan Thomas,w1 jonathan thomas,1868,W1,0,1554,5.77,0.13,6.5
2025-05-27,Leon Vincent,Mike Richards,w1 mike richards,1510,W1,1,1568,6.3,0.53,7.5
2025-06-03,Leon Vincent,Advik Ram,w1 advik ram,1390,W1,1,1577,6.99,0.69,8.5
2025-06-11,Leon Vincent,Jack Mason,w1 jack mason,1393,W1,1,1586,7.68,0.69,9.5
2025-06-16,Leon Vincent,Emyr-Wyn Francis,w1 emyr-wyn francis,1320,W1,1,1593,8.45,0.77,10.5
2025-01-06,Martin Ricketts,Tim Whitchurch,e1 tim whitchurch,1584,E1,0.5,1531,0.42,0.42,0.5
2025-01-20,Martin Ricketts,Nadi Grewal,e1 nadi grewal,1461,E1,0,1513,1.02,0.6,0.5
2025-01-27,Martin Ricketts,Ian Abraham,e1 ian abraham,1803,E1,1,1538,1.19,0.17,1.5
2025-02-05,Martin Ricketts,Piotr Graczyk,e1 piotr graczyk,1761,E1,0,1532,1.4,0.21,1.5
2025-03-10,Martin Ricketts,Robert Wallace,e1 robert wallace,1541,E1,0,1518,1.88,0.48,1.5
2025-06-16,Martin Ricketts,Cameron Taylor,e1 cameron taylor,1310,E1,1,1524,2.66,0.78,2.5
2025-06-23,Martin Ricketts,Erion Pici,e1 erion pici,1597,E1,0,1512,3.06,0.4,2.5
2025-01-08,Louis Bathein,Greg Goold,w1 greg goold,1459,W1,1,1540,0.6,0.6,1
2025-01-21,Louis Bathein,Stuart Thomas,w1 stuart thomas,1310,W1,1,1547,1.38,0.78,2
2025-02-11,Louis Bathein,Vaughan Thomas,w1 vaughan thomas,1507,W1,1,1561,1.91,0.53,3
2025-02-25,Louis Bathein,Kai Palmer,w1 kai palmer,1310,W1,1,1567,2.69,0.78,4
2025-03-18,Louis Bathein,Paul Bevan,w1 paul bevan,1456,W1,1,1579,3.29,0.6,5
2025-04-08,Louis Bathein,Janet Evans,w1 janet evans,1310,W1,1,1586,4.07,0.78,6
2025-04-22,Louis Bathein,Daniel Attrill,w1 daniel attrill,1467,W1,0.5,1583,4.66,0.59,6.5
2025-05-14,Louis Bathein,Spencer Ripley,w1 spencer ripley,1469,W1,1,1596,5.24,0.58,7.5
2025-01-07,Tony Goodchild,Andrew Powell,w1 andrew powell,1461,W1,1,1538,0.59,0.59,1
2025-01-08,Tony Goodchild,Mike Richards,w1 mike richards,1510,W1,0.5,1538,1.11,0.52,1.5
2025-01-17,Tony Goodchild,Advik Samiaiya,w1 advik samiaiya,1371,W1,0.5,1531,1.82,0.71,2
2025-01-24,Tony Goodchild,Emyr-Wyn Francis,w1 emyr-wyn francis,1320,W1,1,1538,2.59,0.77,3
2025-01-27,Tony Goodchild,Ken Huntley,w1 ken huntley,1633,W1,0.5,1543,2.94,0.35,3.5
2025-01-29,Tony Goodchild,Nick Hale,w1 nick hale,1460,W1,1,1555,3.53,0.59,4.5
2025-01-31,Tony Goodchild,Leon Vincent,w1 leon vincent,1531,W1,0.5,1555,4.02,0.49,5
2025-02-03,Tony Goodchild,Nick Hale,w1 nick hale,1460,W1,1,1567,4.61,0.59,6
2025-02-07,Tony Goodchild,Jack Mason,w1 jack mason,1393,W1,1,1577,5.29,0.68,7
2025-02-10,Tony Goodchild,Sam Brown,w1 sam brown,1700,W1,0,1569,5.56,0.27,7
2025-02-24,Tony Goodchild,Joseph Durk,w1 joseph durk,1780,W1,0,1563,5.75,0.19,7
2025-02-25,Tony Goodchild,Derek Bellamy,w1 derek bellamy,1517,W1,0.5,1563,6.26,0.51,7.5
2025-03-10,Tony Goodchild,Ralph Cook,w1 ralph cook,1673,W1,1,1584,6.56,0.3,8.5
2025-03-18,Tony Goodchild,Anthony Beck,w1 anthony beck,1732,W1,0,1577,6.79,0.23,8.5
2025-03-25,Tony Goodchild,Andrew Powell,w1 andrew powell,1461,W1,0,1559,7.38,0.59,8.5
2025-03-31,Tony Goodchild,Mike Richards,w1 mike richards,1510,W1,0.5,1558,7.9,0.52,9
2025-04-01,Tony Goodchild,Gareth Harper,w1 gareth harper,1717,W1,0.5,1566,8.15,0.25,9.5
2025-04-09,Tony Goodchild,Steve Edwards,w1 steve edwards,1616,W1,1,1585,8.52,0.37,10.5
2025-04-22,Tony Goodchild,Leon Vincent,w1 leon vincent,1531,W1,0,1570,9.01,0.49,10.5
2025-04-28,Tony Goodchild,Sam Brown,w1 sam brown,1700,W1,0,1562,9.28,0.27,10.5
2025-04-30,Tony Goodchild,Nick Hale,w1 nick hale,1460,W1,1,1574,9.87,0.59,11.5
2025-05-05,Tony Goodchild,John Davies,w1 john davies,1482,W1,0.5,1572,10.43,0.56,12
2025-05-12,Tony Goodchild,Darson Beeston,w1 darson beeston,1741,W1,0,1565,10.65,0.22,12
2025-05-21,Tony Goodchild,Paul Bevan,w1 paul bevan,1456,W1,1,1577,11.25,0.6,13
2025-06-03,Tony Goodchild,Alan Young,w1 alan young,2016,W1,0,1574,11.35,0.1,13
2025-06-11,Tony Goodchild,Guto Llywelyn,w1 guto llywelyn,1676,W1,0,1565,11.65,0.3,13
2025-06-16,Tony Goodchild,Jack Mason,w1 jack mason,1393,W1,1,1575,12.33,0.68,14
2025-06-25,Tony Goodchild,Farouq Nasir,w1 farouq nasir,1670,W1,0.5,1581,12.63,0.3,14.5
2025-01-08,Jeff Boyce,Jordan Heatman,w1 jordan heatman,1812,W1,0,1519,0.16,0.16,0
2025-01-22,Jeff Boyce,Riley Fitzpatrick,w1 riley fitzpatrick,1373,W1,1,1528,0.86,0.7,1
2025-02-03,Jeff Boyce,Les Philpin,w1 les philpin,1757,W1,0,1522,1.07,0.21,1
2025-02-05,Jeff Boyce,Paul Headon,w1 paul headon,1726,W1,0.5,1530,1.31,0.24,1.5
2025-02-12,Jeff Boyce,Wiliam Francis,w1 wiliam francis,1477,W1,1,1543,1.88,0.57,2.5
2025-02-26,Jeff Boyce,Ovidiu Pintea,w1 ovidiu pintea,1768,W1,0,1537,2.08,0.2,2.5
2025-03-05,Jeff Boyce,Mark Wilson,w1 mark wilson,1670,W1,0,1528,2.38,0.3,2.5
2025-03-10,Jeff Boyce,James Harford,w1 james harford,1854,W1,0,1524,2.51,0.13,2.5
2025-03-19,Jeff Boyce,James Evans,w1 james evans,1655,W1,0,1514,2.83,0.32,2.5
2025-03-25,Jeff Boyce,Ovidiu Pintea,w1 ovidiu pintea,1768,W1,0,1508,3.03,0.2,2.5
2025-04-09,Jeff Boyce,John Ward,w1 john ward,1398,W1,0,1488,3.7,0.67,2.5
2025-04-22,Jeff Boyce,Jonathan Baker,w1 jonathan baker,1586,W1,0,1476,4.11,0.41,2.5
2025-04-30,Jeff Boyce,James Evans,w1 james evans,1655,W1,0.5,1481,4.43,0.32,3
2025-05-07,Jeff Boyce,Mike Richards,w1 mike richards,1510,W1,1,1496,4.95,0.52,4
2025-05-14,Jeff Boyce,Anthony Beck,w1 anthony beck,1732,W1,0,1489,5.18,0.23,4
2025-01-20,Mark Reynolds,Robert Narayan-Taylor,d1 robert narayan-taylor,1611,D1,0,1512,0.38,0.38,0
2025-02-18,Mark Reynolds,Henry Burton,d1 henry burton,1500,D1,0,1496,0.91,0.53,0
2025-03-04,Mark Reynolds,Martin C Jones,d1 martin c jones,1832,D1,0,1491,1.05,0.14,0
2025-03-24,Mark Reynolds,Jack Poole,d1 jack poole,1334,D1,1,1499,1.8,0.75,1
2025-04-07,Mark Reynolds,Ben Drury,d1 ben drury,1350,D1,1,1507,2.53,0.73,2
2025-04-22,Mark Reynolds,Kevin Heady,d1 kevin heady,1715,D1,0,1500,2.78,0.25,2
2025-01-27,Leo Ashworth,Lef Zografos,e1 lef zografos,1830,E1,0.5,1533,0.15,0.15,0.5
2025-02-10,Leo Ashworth,Stuart Enoch,e1 stuart enoch,1560,E1,1,1549,0.6,0.45,1.5
2025-04-22,Gwyn Evans,Jack Poole,d1 jack poole,1334,D1,1,1530,0.75,0.75,1
2025-01-07,Angus Lloyd,Rhys Davies,e1 rhys davies,1438,E1,1,1533,0.62,0.62,1
2025-01-08,Angus Lloyd,Chris Fox,e1 chris fox,1642,E1,0.5,1538,0.95,0.33,1.5
2025-01-21,Angus Lloyd,James Choung,e1 james choung,1456,E1,0,1521,1.54,0.59,1.5
2025-03-05,Angus Lloyd,Gwawr Evans,e1 gwawr evans,1321,E1,1,1528,2.3,0.76,2.5
2025-03-12,Angus Lloyd,Rhys Davies,e1 rhys davies,1438,E1,0.5,1524,2.92,0.62,3
2025-03-25,Angus Lloyd,Seb Hoccom,e1 seb hoccom,1474,E1,0,1507,3.49,0.57,3
2025-01-17,James Williams,Thomas Phillips,e1 thomas phillips,1400,E1,0,1502,0.67,0.67,0
2025-01-18,James Williams,Csombor Hanczar,e1 csombor hanczar,1590,E1,0,1490,1.07,0.4,0
2025-01-18,James Williams,Jonathan Edwards,e1 jonathan edwards,1466,E1,1,1502,1.65,0.58,1
2025-01-19,James Williams,Lucas Zheng,e1 lucas zheng,1650,E1,0,1493,1.97,0.32,1
2025-01-19,James Williams,Mabon Hanczar,e1 mabon hanczar,1310,E1,1,1500,2.74,0.77,2
2025-01-20,James Williams,Mark Chinnick,e1 mark chinnick,1574,E1,0,1487,3.17,0.43,2
2025-02-11,James Williams,Richard Larg,e1 richard larg,1542,E1,0,1473,3.64,0.47,2
2025-02-18,James Williams,Adam Sarwar,e1 adam sarwar,1600,E1,0,1461,4.03,0.39,2
2025-02-24,James Williams,Phil Jones,e1 phil jones,1548,E1,0,1447,4.49,0.46,2
2025-03-04,James Williams,James Evans (Cf),e1 james evans (cf),1600,E1,0.5,1450,4.88,0.39,2.5
2025-03-17,James Williams,Sergio Esteves,e1 sergio esteves,1775,E1,0,1445,5.07,0.19,2.5
2025-04-01,James Williams,James Choung,e1 james choung,1456,E1,0,1427,5.66,0.59,2.5
2025-03-11,James Williams,Tomos Bryant,e1 tomos bryant,1381,E1,0.5,1421,6.35,0.69,3
2025-04-29,James Williams,Dawid Kubica,e1 dawid kubica,1310,E1,1,1428,7.12,0.77,4
2025-01-20,Derek Bellamy,Farouq Nasir,w1 farouq nasir,1670,W1,0,1508,0.29,0.29,0
2025-01-27,Derek Bellamy,Daniel Attrill,w1 daniel attrill,1467,W1,0,1491,0.86,0.57,0
2025-02-11,Derek Bellamy,Joshua Richards,w1 joshua richards,1667,W1,0,1482,1.16,0.3,0
2025-02-18,Derek Bellamy,Leon Vincent,w1 leon vincent,1531,W1,1,1498,1.64,0.48,1
2025-02-25,Derek Bellamy,Tony Goodchild,w1 tony goodchild,1526,W1,0.5,1498,2.13,0.49,1.5
2025-03-05,Derek Bellamy,Janet Evans,w1 janet evans,1310,W1,1,1505,2.9,0.77,2.5
2025-03-11,Derek Bellamy,Andrew Powell,w1 andrew powell,1461,W1,0.5,1503,3.48,0.58,3
2025-03-18,Derek Bellamy,Jonathan Baker,w1 jonathan baker,1586,W1,0,1491,3.88,0.4,3
2025-03-26,Derek Bellamy,Spencer Ripley,w1 spencer ripley,1469,W1,0,1474,4.45,0.57,3
2025-04-02,Derek Bellamy,Jonathan Baker,w1 jonathan baker,1586,W1,0.5,1477,4.85,0.4,3.5
2025-04-15,Derek Bellamy,Julien Potier,w1 julien potier,1499,W1,1,1491,5.38,0.53,4.5
2025-04-22,Derek Bellamy,Dylan Greenway,w1 dylan greenway,1442,W1,0,1473,5.99,0.61,4.5
2025-05-13,Derek Bellamy,Tony Williams,w1 tony williams,1405,W1,0,1453,6.65,0.66,4.5
2025-01-18,James Richards,Andrew Smith,w1 andrew smith,1779,W1,0,1512,0.18,0.18,0
2025-01-18,James Richards,Antony Phillips,e1 antony phillips,1310,E1,1,1519,0.95,0.77,1
2025-01-19,James Richards,Huw Jones,w1 huw jones,1776,W1,0.5,1528,1.13,0.18,1.5
2025-01-19,James Richards,Jordan Heatman,w1 jordan heatman,1812,W1,0,1523,1.28,0.15,1.5
2025-01-21,James Richards,Chris Thompson,g1 chris thompson,1393,G1,0.5,1518,1.95,0.67,2
2025-01-25,James Richards,Mike Diamond,g1 mike diamond,1494,G1,0,1502,2.48,0.53,2
2025-02-18,James Richards,Gideon Way,g1 gideon way,1360,G1,0.5,1496,3.19,0.71,2.5
2025-01-27,Peter Watkins,Dave Parsons,e1 dave parsons,1809,E1,0.5,1525,0.16,0.16,0.5
2025-02-10,Peter Watkins,Robert Wallace,e1 robert wallace,1541,E1,0,1511,0.62,0.46,0.5
2025-03-10,Peter Watkins,Artur Esteves,e1 artur esteves,1329,E1,1,1519,1.36,0.74,1.5
2025-04-08,Peter Watkins,Gareth Richards,e1 gareth richards,1632,E1,0.5,1524,1.7,0.34,2
2025-04-18,Peter Watkins,Ivan De La Cruz,e1 ivan de la cruz,2110,E1,0,1521,1.8,0.1,2
2025-04-18,Peter Watkins,Mike Hollyman,e1 mike hollyman,1711,E1,0,1514,2.04,0.24,2
2025-04-19,Peter Watkins,Toby Blankley,e1 toby blankley,1456,E1,0,1496,2.62,0.58,2
2025-04-19,Peter Watkins,Chris Thompson,g1 chris thompson,1393,G1,0,1476,3.29,0.67,2
2025-04-21,Peter Watkins,Darcy Beck,e1 darcy beck,1350,E1,1,1484,4.01,0.72,3
2025-04-21,Peter Watkins,John A Williams,g1 john a williams,1680,G1,0.5,1491,4.29,0.28,3.5
2025-05-12,Peter Watkins,Patrick Civil,e1 patrick civil,1474,E1,0.5,1489,4.85,0.56,4
2025-06-16,Peter Watkins,Mark Bernhardt,e1 mark bernhardt,1310,E1,0.5,1481,5.61,0.76,4.5
2025-06-23,Peter Watkins,Steve Jones,e1 steve jones,1838,E1,0,1477,5.74,0.13,4.5
2025-01-29,Aidan Jones,Barrie Wells,n1 barrie wells,1801,N1,1,1536,0.16,0.16,1
2025-02-26,Aidan Jones,David Fernandez-Arias,n1 david fernandez-arias,1747,N1,1,1560,0.36,0.2,2
2025-03-26,Aidan Jones,John Shakespeare,n1 john shakespeare,2003,N1,0,1557,0.46,0.1,2
2025-04-03,Aidan Jones,Stephen Garnett,n1 stephen garnett,1475,N1,1,1571,1.01,0.55,3
2025-04-09,Aidan Jones,Heilyn Griffiths,n1 heilyn griffiths,1450,N1,0,1553,1.6,0.59,3
2025-05-09,Aidan Jones,Lawrence Harold,NA,1645,ENG,0,1543,1.92,0.32,3
2025-05-10,Aidan Jones,Thomas Hynes,NA,1581,ENG,1,1561,2.32,0.4,4
2025-05-10,Aidan Jones,Stephen Williams (RP),n1 stephen williams (rp),1655,N1,0.5,1567,2.62,0.3,4.5
2025-05-11,Aidan Jones,Steve Szwajkun,NA,1619,ENG,1,1587,2.97,0.35,5.5
2025-05-11,Aidan Jones,Peter Coutts,n1 peter coutts,1682,N1,0,1579,3.24,0.27,5.5
2025-05-14,Aidan Jones,Chris Wescomb,n1 chris wescomb,1828,N1,0,1575,3.38,0.14,5.5
2025-05-21,Aidan Jones,Richard Hibbs,n1 richard hibbs,1641,N1,0,1565,3.7,0.32,5.5
2025-04-07,Morgan McGuigan,Jeremy Jones,e1 jeremy jones,1632,E1,0,1500,0.33,0.33,0
2025-05-07,Morgan McGuigan,Kristan Enoch,e1 kristan enoch,1747,E1,0,1494,0.53,0.2,0
2025-01-08,Mike Richards,Tony Goodchild,w1 tony goodchild,1526,W1,0.5,1511,0.48,0.48,0.5
2025-01-22,Mike Richards,Steve Edwards,w1 steve edwards,1616,W1,0.5,1515,0.83,0.35,1
2025-02-05,Mike Richards,Vlad Pintea,w1 vlad pintea,1740,W1,0.5,1524,1.04,0.21,1.5
2025-02-12,Mike Richards,Ovidiu Pintea,w1 ovidiu pintea,1768,W1,0,1518,1.22,0.18,1.5
2025-02-19,Mike Richards,Rajith Babu,w1 rajith babu,1310,W1,1,1525,1.98,0.76,2.5
2025-02-25,Mike Richards,Leon Vincent,w1 leon vincent,1531,W1,0,1511,2.45,0.47,2.5
2025-03-19,Mike Richards,Spencer Ripley,w1 spencer ripley,1469,W1,1,1525,3.01,0.56,3.5
2025-03-26,Mike Richards,Guto Llywelyn,w1 guto llywelyn,1676,W1,0,1516,3.29,0.28,3.5
2025-03-31,Mike Richards,Tony Goodchild,w1 tony goodchild,1526,W1,0.5,1517,3.77,0.48,4
2025-04-02,Mike Richards,John Arnold,w1 john arnold,1792,W1,0,1512,3.93,0.16,4
2025-04-16,Mike Richards,Ralph Cook,w1 ralph cook,1673,W1,0.5,1519,4.21,0.28,4.5
2025-04-22,Mike Richards,Stuart Thomas,w1 stuart thomas,1310,W1,1,1526,4.97,0.76,5.5
2025-04-28,Mike Richards,Peter Bevan,w1 peter bevan,1883,W1,0,1523,5.07,0.1,5.5
2025-04-30,Mike Richards,Stuart Thomas,w1 stuart thomas,1310,W1,1,1530,5.83,0.76,6.5
2025-05-07,Mike Richards,Jeff Boyce,w1 jeff boyce,1524,W1,0,1515,6.31,0.48,6.5
2025-05-27,Mike Richards,Leon Vincent,w1 leon vincent,1531,W1,0,1501,6.78,0.47,6.5
2025-06-10,Mike Richards,Jacob Josh-Wright,w1 jacob josh-wright,1316,W1,1,1509,7.53,0.75,7.5
2025-01-21,Jim Sadler,S Wyn Howells,e1 s wyn howells,1687,E1,0,1499,0.26,0.26,0
2025-02-12,Jim Sadler,Matthew Davies (Aber),g1 matthew davies (aber),1556,G1,0,1486,0.69,0.43,0
2025-02-11,Vaughan Thomas,Louis Bathein,w1 louis bathein,1528,W1,0,1493,0.47,0.47,0
2025-03-26,Vaughan Thomas,John Williams (W),w1 john williams (w),1316,W1,0.5,1485,1.22,0.75,0.5
2025-04-15,Vaughan Thomas,Greg Goold,w1 greg goold,1459,W1,0,1468,1.79,0.57,0.5
2025-05-13,Vaughan Thomas,Kai Palmer,w1 kai palmer,1310,W1,0,1446,2.55,0.76,0.5
2025-01-15,Gareth Holyfield,Oliver Rush,g1 oliver rush,1422,G1,0,1484,0.61,0.61,0
2025-01-25,Gareth Holyfield,Micah Matheson,g1 micah matheson,1300,G1,1,1491,1.37,0.76,1
2025-04-25,Gareth Holyfield,Madged Bani Hani,g1 madged bani hani,1750,G1,0,1485,1.56,0.19,1
2025-04-26,Gareth Holyfield,John A Williams,g1 john a williams,1680,G1,0.5,1492,1.82,0.26,1.5
2025-04-27,Gareth Holyfield,Ron Williams,g1 ron williams,1636,G1,0,1483,2.14,0.32,1.5
2025-04-26,Gareth Holyfield,Bob Wiltshire,g1 bob wiltshire,1551,G1,0,1470,2.57,0.43,1.5
2025-03-12,Alistair Bates,John Williams (W),w1 john williams (w),1316,W1,1,1508,0.74,0.74,1
2025-03-19,Alistair Bates,June Evans,w1 june evans,1357,W1,1,1517,1.43,0.69,2
2025-03-25,Alistair Bates,Janet Evans,w1 janet evans,1310,W1,1,1524,2.18,0.75,3
2025-01-03,Henry Burton,Gerald Gregory,NA,1684,ENG,0.5,1507,0.26,0.26,0.5
2025-01-04,Henry Burton,Aiden Griffiths,NA,1671,ENG,1,1529,0.53,0.27,1.5
2025-01-04,Henry Burton,Cornelius Carey,NA,1680,ENG,0.5,1536,0.79,0.26,2
2025-01-05,Henry Burton,Rene Butler,NA,1671,ENG,0,1528,1.06,0.27,2
2025-01-05,Henry Burton,Glyn Hill,w1 glyn hill,1431,W1,1,1540,1.66,0.6,3
2025-01-11,Henry Burton,Tony Lopez,NA,1650,ENG,1,1561,1.96,0.3,4
2025-01-11,Henry Burton,Steve Martin,NA,1654,ENG,1,1583,2.25,0.29,5
2025-01-11,Henry Burton,David A Archer,NA,1632,ENG,1,1603,2.57,0.32,6
2025-01-12,Henry Burton,Ben Hughes,NA,1603,ENG,1,1622,2.93,0.36,7
2025-01-12,Henry Burton,Keven A Lamb,NA,1626,ENG,0.5,1627,3.26,0.33,7.5
2025-01-17,Henry Burton,Chris Peters,e1 chris peters,1595,E1,1,1646,3.63,0.37,8.5
2025-01-18,Henry Burton,Steve Williams (Cwm),g1 steve williams (cwm),1850,G1,1,1673,3.75,0.12,9.5
2025-01-18,Henry Burton,Joseph Browse,e1 joseph browse,1825,E1,0,1669,3.88,0.13,9.5
2025-01-19,Henry Burton,Andrei Zhuravlev,e1 andrei zhuravlev,1606,E1,0,1658,4.23,0.35,9.5
2025-01-19,Henry Burton,David Belochkin,e1 david belochkin,1803,E1,0,1654,4.38,0.15,9.5
2025-01-25,Henry Burton,Bobby Murray,NA,1531,ENG,1,1670,4.84,0.46,10.5
2025-01-25,Henry Burton,Ellis Sharp,NA,1591,ENG,1,1689,5.21,0.37,11.5
2025-01-20,Henry Burton,Julie Ward,d1 julie ward,1566,D1,0,1677,5.62,0.41,11.5
2025-02-08,Henry Burton,Michael Etchells,NA,1758,ENG,0,1671,5.8,0.18,11.5
2025-02-08,Henry Burton,Konstantinos Bourke,NA,1728,ENG,0,1665,6.01,0.21,11.5
2025-02-09,Henry Burton,Thomas Phillips,e1 thomas phillips,1400,E1,0,1646,6.65,0.64,11.5
2025-02-09,Henry Burton,Sunny Scordino,d1 sunny scordino,1350,D1,0,1625,7.35,0.7,11.5
2025-02-15,Henry Burton,Dave Turner,g1 dave turner,1915,G1,1,1652,7.45,0.1,12.5
2025-02-15,Henry Burton,Danylo Shevchenko,e1 danylo shevchenko,1667,E1,0,1643,7.73,0.28,12.5
2025-02-15,Henry Burton,Jack Bull,g1 jack bull,1564,G1,0.5,1646,8.14,0.41,13
2025-02-16,Henry Burton,Thomas Phillips,e1 thomas phillips,1400,E1,0,1627,8.78,0.64,13
2025-02-16,Henry Burton,Govind Anandkumar,e1 govind anandkumar,1742,E1,0,1621,8.98,0.2,13
2025-02-18,Henry Burton,Mark Reynolds,d1 mark reynolds,1523,D1,1,1637,9.45,0.47,14
2025-03-04,Henry Burton,Robert Narayan-Taylor,d1 robert narayan-taylor,1611,D1,1,1657,9.8,0.35,15
2025-03-08,Henry Burton,Clara Deng,e1 clara deng,1310,E1,1,1664,10.55,0.75,16
2025-03-08,Henry Burton,Ishaan Marugonda,e1 ishaan marugonda,1310,E1,1,1672,11.3,0.75,17
2025-03-09,Henry Burton,Anievv Pirashanth,e1 anievv pirashanth,1310,E1,1,1679,12.05,0.75,18
2025-03-09,Henry Burton,Lucas Zheng,e1 lucas zheng,1650,E1,0,1670,12.35,0.3,18
2025-03-09,Henry Burton,Thomas MacDonald-Wright,w1 thomas macdonald-wright,1385,W1,0.5,1665,13.01,0.66,18.5
2025-03-24,Henry Burton,Peter Evans,d1 peter evans,1561,D1,1,1683,13.42,0.41,19.5
2025-04-04,Henry Burton,Alan Tunnacliffe,NA,1738,ENG,0,1677,13.62,0.2,19.5
2025-04-05,Henry Burton,Terry Robinson,NA,1458,ENG,1,1690,14.18,0.56,20.5
2025-04-05,Henry Burton,Noel J Boustred,NA,1729,ENG,0.5,1699,14.39,0.21,21
2025-04-06,Henry Burton,Steve Crow,NA,1752,ENG,0.5,1708,14.58,0.19,21.5
2025-04-06,Henry Burton,Jacob A Westmoreland,NA,1699,ENG,0.5,1716,14.82,0.24,22
2025-04-07,Henry Burton,Ben Brewer,d1 ben brewer,1909,D1,0,1713,14.92,0.1,22
2025-04-19,Henry Burton,Paul Ritchie,NA,1776,ENG,0.5,1723,15.09,0.17,22.5
2025-04-20,Henry Burton,Maks Gajowniczek,NA,1948,ENG,0,1720,15.19,0.1,22.5
2025-04-20,Henry Burton,Leo Kowalski Rubiales,NA,1722,ENG,0,1713,15.41,0.22,22.5
2025-04-20,Henry Burton,Orlando Lisboa De A Baptista,NA,1476,ENG,0,1697,15.94,0.53,22.5
2025-04-25,Henry Burton,Martin J Wallman,NA,1865,ENG,0,1694,16.05,0.11,22.5
2025-04-26,Henry Burton,Hardhav Hari,NA,1209,ENG,1,1699,16.89,0.84,23.5
2025-04-26,Henry Burton,Aarav Katukuri,NA,1827,ENG,0,1695,17.02,0.13,23.5
2025-04-27,Henry Burton,Constantinos Lazopoulos,NA,1310,Est,1,1702,17.77,0.75,24.5
2025-04-27,Henry Burton,Emma Kong,e1 emma kong,1946,E1,0,1699,17.87,0.1,24.5
2025-05-16,Henry Burton,Siyao Ou,NA,1734,ENG,0.5,1708,18.08,0.21,25
2025-08-17,Henry Burton,Preesh Gandhi,NA,1760,ENG,0,1703,18.26,0.18,25
2025-05-17,Henry Burton,Sam Hughes,NA,1747,ENG,0,1697,18.45,0.19,25
2025-05-18,Henry Burton,Sam Bartlett,NA,1707,ENG,1,1720,18.68,0.23,26
2025-05-18,Henry Burton,Brendan O'Gorman,NA,1827,ENG,1,1746,18.81,0.13,27
2025-05-24,Henry Burton,T Giles Stanton,NA,1736,ENG,0,1740,19.01,0.2,27
2025-05-24,Henry Burton,Chris Thompson,g1 chris thompson,1393,G1,1,1750,19.66,0.65,28
2025-05-25,Henry Burton,James Peel,NA,1734,ENG,0.5,1759,19.87,0.21,28.5
2025-05-25,Henry Burton,Jason D Madden,NA,1720,ENG,0,1752,20.09,0.22,28.5
2025-05-26,Henry Burton,Jennifer Goldsmith,NA,1629,ENG,0,1743,20.41,0.32,28.5
2025-05-26,Henry Burton,Tommy Burns,NA,1422,ENG,1,1754,21.02,0.61,29.5
2025-05-31,Henry Burton,Thomas Ewart,NA,1741,ENG,0.5,1763,21.22,0.2,30
2025-05-31,Henry Burton,Jason Ren,NA,1665,ENG,1,1785,21.5,0.28,31
2025-06-01,Henry Burton,Carolus Tang,NA,1729,ENG,0,1779,21.71,0.21,31
2025-06-01,Henry Burton,Amy Ba,NA,1653,ENG,0,1770,22,0.29,31
2025-05-27,Rob Paige,Lucas Zheng,e1 lucas zheng,1650,E1,0,1491,0.3,0.3,0
2025-06-03,Rob Paige,Matthew Yan,e1 matthew yan,1310,E1,1,1499,1.05,0.75,1
2025-06-10,Rob Paige,Toby Blankley,e1 toby blankley,1456,E1,0,1482,1.61,0.56,1
2025-06-17,Rob Paige,Danni Ramayead,e1 danni ramayead,1310,E1,1,1489,2.36,0.75,2
2025-06-24,Rob Paige,Andrei Zhuravlev,e1 andrei zhuravlev,1606,E1,1,1509,2.71,0.35,3
2025-01-08,Julien Potier,Anthony Beck,w1 anthony beck,1732,W1,0,1493,0.21,0.21,0
2025-01-15,Julien Potier,Jonathan Baker,w1 jonathan baker,1586,W1,1,1511,0.59,0.38,1
2025-01-21,Julien Potier,Martyn Griffiths,w1 martyn griffiths,1820,W1,0,1507,0.73,0.14,1
2025-01-28,Julien Potier,Eugene Tee,w1 eugene tee,1640,W1,1,1528,1.04,0.31,2
2025-02-12,Julien Potier,Carl Halpin,w1 carl halpin,1576,W1,0.5,1531,1.43,0.39,2.5
2025-02-19,Julien Potier,Matthew Billington,w1 matthew billington,1766,W1,0,1526,1.61,0.18,2.5
2025-03-12,Julien Potier,Wojtek Liponski,w1 wojtek liponski,1612,W1,1,1546,1.95,0.34,3.5
2025-03-25,Julien Potier,Evan Whitehouse,w1 evan whitehouse,1766,W1,1,1571,2.13,0.18,4.5
2025-04-02,Julien Potier,Ralph Cook,w1 ralph cook,1673,W1,0,1562,2.4,0.27,4.5
2025-04-08,Julien Potier,Martyn Griffiths,w1 martyn griffiths,1820,W1,0,1558,2.54,0.14,4.5
2025-04-15,Julien Potier,Derek Bellamy,w1 derek bellamy,1517,W1,0,1544,3.01,0.47,4.5
2025-05-09,Julien Potier,Beatrice Bossaert,NA,1400,Est,1,1555,3.65,0.64,5.5
2025-05-09,Julien Potier,Thierry Beaufreton,NA,1455,FIDE,1,1568,4.21,0.56,6.5
2025-05-10,Julien Potier,Mael Zhang,NA,1403,FIDE,0,1549,4.84,0.63,6.5
2025-05-10,Julien Potier,Samuel Petard,NA,1582,FIDE,0,1538,5.22,0.38,6.5
2025-05-11,Julien Potier,Francois Terrat,NA,1427,FIDE,1,1550,5.82,0.6,7.5
2025-05-11,Julien Potier,Alexandre Marchal-Perrin,NA,1564,FIDE,0,1537,6.23,0.41,7.5
2025-01-20,Bob Owen,Robert Wallace,e1 robert wallace,1541,E1,0,1484,0.44,0.44,0
2025-01-27,Bob Owen,Tom Jenney,e1 tom jenney,1427,E1,0,1466,1.04,0.6,0
2025-01-15,Mike Diamond,Trey Austen,g1 trey austen,1447,G1,0.5,1492,0.57,0.57,0.5
2025-01-25,Mike Diamond,James Richards,g1 james richards,1517,G1,1,1508,1.04,0.47,1.5
2025-01-25,Toby Reckless,Samyaktha Vijayendra,NA,1414,ENG,0,1472,0.61,0.61,0
2025-01-25,Toby Reckless,Bobby Murray,NA,1531,ENG,1,1489,1.05,0.44,1
2025-02-02,Toby Reckless,Piotr Graczyk,e1 piotr graczyk,1761,E1,0,1483,1.22,0.17,1
2025-02-15,Toby Reckless,Vihaan Kharpas,e1 vihaan kharpas,1310,E1,0.5,1476,1.96,0.74,1.5
2025-02-15,Toby Reckless,Amir Jamil,e1 amir jamil,1310,E1,1,1484,2.7,0.74,2.5
2025-02-15,Toby Reckless,Otto Bartlett-Davis,e1 otto bartlett-davis,1406,E1,0.5,1480,3.32,0.62,3
2025-02-16,Toby Reckless,Andrei Zhuravlev,e1 andrei zhuravlev,1606,E1,1,1500,3.66,0.34,4
2025-02-16,Toby Reckless,Abir Deshpande,e1 abir deshpande,1310,E1,1,1508,4.4,0.74,5
2025-03-08,Toby Reckless,Rohan Powell,e1 rohan powell,1310,E1,1,1516,5.14,0.74,6
2025-03-08,Toby Reckless,Felix Deng,e1 felix deng,1315,E1,1,1524,5.87,0.73,7
2025-03-09,Toby Reckless,Toby Blankley,e1 toby blankley,1456,E1,0,1508,6.42,0.55,7
2025-03-09,Toby Reckless,Constantine Popov,e1 constantine popov,1368,E1,1,1518,7.09,0.67,8
2025-03-09,Toby Reckless,Abir Deshpande,e1 abir deshpande,1310,E1,1,1525,7.83,0.74,9
2025-04-14,Toby Reckless,Robert Wallace,e1 robert wallace,1541,E1,0,1513,8.26,0.43,9
2025-06-03,Toby Reckless,Clara Deng,e1 clara deng,1310,E1,1,1520,9,0.74,10
2025-06-17,Toby Reckless,Joshua McKenna,e1 joshua mckenna,1801,E1,0,1516,9.14,0.14,10
2025-06-24,Toby Reckless,Matthew Yan,e1 matthew yan,1310,E1,1,1524,9.88,0.74,11
2025-05-31,Toby Reckless,Benjamin Carter,NA,1876,ENG,1,1551,9.98,0.1,12
2025-05-31,Toby Reckless,Yeuci Li,NA,1822,ENG,1,1577,10.11,0.13,13
2025-06-01,Toby Reckless,William Zhang,NA,1660,ENG,0,1569,10.38,0.27,13
2025-06-01,Toby Reckless,Jia-Arn Yeung,NA,1796,ENG,0,1565,10.53,0.15,13
2025-02-10,Dakota Samson,Ron Williams,g1 ron williams,1636,G1,1,1508,0.3,0.3,1
2025-02-26,Dakota Samson,Paul Scott,g1 paul scott,1756,G1,1,1533,0.48,0.18,2
2025-02-07,Harri Davies,Andrew Jeanes,e1 andrew jeanes,1684,E1,1,1509,0.24,0.24,1
2025-02-17,Harri Davies,Martin K Jones,e1 martin k jones,1625,E1,1,1529,0.55,0.31,2
2025-01-07,John Davies,Neil Stuart,w1 neil stuart,1692,W1,0.5,1490,0.23,0.23,0.5
2025-04-15,John Davies,Martyn Griffiths,w1 martyn griffiths,1820,W1,0,1486,0.36,0.13,0.5
2025-05-05,John Davies,Tony Goodchild,w1 tony goodchild,1526,W1,0.5,1488,0.8,0.44,1
2025-05-27,John Davies,Tony Williams,w1 tony williams,1405,W1,0.5,1485,1.41,0.61,1.5
2025-02-04,Chris Morton,Charlie Cooper,g1 charlie cooper,1371,G1,1,1489,0.65,0.65,1
2025-03-12,Louise Davies,Martin Blackman-Siegler,e1 martin blackman-siegler,1658,E1,0,1470,0.26,0.26,0
2025-01-25,Wiliam Francis,Rhys Macmillan,NA,1738,ENG,0,1472,0.18,0.18,0
2025-01-25,Wiliam Francis,Leo Orehhov,NA,1556,ENG,1,1490,0.57,0.39,1
2025-01-28,Wiliam Francis,Guto Llywelyn,w1 guto llywelyn,1676,W1,0.5,1498,0.81,0.24,1.5
2025-02-04,Wiliam Francis,Ovidiu Pintea,w1 ovidiu pintea,1768,W1,0,1493,0.97,0.16,1.5
2025-02-12,Wiliam Francis,Jeff Boyce,w1 jeff boyce,1524,W1,0,1480,1.4,0.43,1.5
2025-02-15,Wiliam Francis,Lucas James,g1 lucas james,1748,G1,0,1475,1.57,0.17,1.5
2025-02-15,Wiliam Francis,Steve Williams (Cwm),g1 steve williams (cwm),1850,G1,0,1472,1.67,0.1,1.5
2025-02-15,Wiliam Francis,Divyajyoti,NA,1386,Est,0,1453,2.3,0.63,1.5
2025-02-18,Wiliam Francis,Roger Llewellyn,w1 roger llewellyn,1459,W1,1,1467,2.83,0.53,2.5
2025-03-11,Wiliam Francis,Gary Harber,w1 gary harber,1436,W1,1,1480,3.39,0.56,3.5
2025-04-22,Wiliam Francis,Paul Bevan,w1 paul bevan,1456,W1,1,1494,3.92,0.53,4.5
2025-05-27,Wiliam Francis,Adrian May,w1 adrian may,1556,W1,0,1483,4.31,0.39,4.5
2025-06-03,Wiliam Francis,Jack Mason,w1 jack mason,1393,W1,0,1464,4.93,0.62,4.5
2025-01-30,Stephen Garnett,Edgar Reynolds,NA,1634,ENG,0,1466,0.29,0.29,0
2025-03-06,Stephen Garnett,Dave Hulme,NA,1653,ENG,0,1458,0.55,0.26,0
2025-04-03,Stephen Garnett,Aidan Jones,n1 aidan jones,1511,N1,0,1445,1,0.45,0
2025-04-08,Stephen Garnett,John Zlosnik,n1 john zlosnik,1740,N1,1,1470,1.18,0.18,1
2025-04-10,Stephen Garnett,Ian Regan,n1 ian regan,1450,N1,1,1484,1.72,0.54,2
2025-04-15,Stephen Garnett,Andrew Sutton,n1 andrew sutton,1672,N1,0,1476,1.96,0.24,2
2025-05-09,Stephen Garnett,Daniel Westhead,NA,1698,ENG,0,1470,2.18,0.22,2
2025-05-10,Stephen Garnett,Steve Spencer,NA,1709,ENG,0,1464,2.39,0.21,2
2025-05-10,Stephen Garnett,Leo Fernandez-Arias,n1 leo fernandez-arias,1710,N1,0,1457,2.6,0.21,2
2025-05-11,Stephen Garnett,Ian Regan,n1 ian regan,1450,N1,0.5,1456,3.14,0.54,2.5
2025-01-07,Patrick Civil,Lucas Zheng,e1 lucas zheng,1650,E1,1,1496,0.27,0.27,1
2025-01-13,Patrick Civil,Dave Parsons,e1 dave parsons,1809,E1,0.5,1507,0.4,0.13,1.5
2025-01-20,Patrick Civil,Erion Pici,e1 erion pici,1597,E1,0,1497,0.73,0.33,1.5
2025-01-28,Patrick Civil,Dean Evans,e1 dean evans,1310,E1,1,1506,1.45,0.72,2.5
2025-02-03,Patrick Civil,Jacob Limeslade,e1 jacob limeslade,1467,E1,1,1520,1.96,0.51,3.5
2025-02-10,Patrick Civil,Bob Hurn,e1 bob hurn,1612,E1,0,1511,2.27,0.31,3.5
2025-02-17,Patrick Civil,Mark Chinnick,e1 mark chinnick,1574,E1,0.5,1515,2.63,0.36,4
2025-03-05,Patrick Civil,Martin Blackman-Siegler,e1 martin blackman-siegler,1658,E1,0,1508,2.89,0.26,4
2025-03-17,Patrick Civil,Csege Hanczar,e1 csege hanczar,1644,E1,0,1499,3.16,0.27,4
2025-03-24,Patrick Civil,Martin K Jones,e1 martin k jones,1625,E1,0.5,1505,3.46,0.3,4.5
2025-04-01,Patrick Civil,Anshul Swamy,e1 anshul swamy,1618,E1,1,1526,3.76,0.3,5.5
2025-04-14,Patrick Civil,Kam Choo Yin,e1 kam choo yin,1759,E1,0,1521,3.92,0.16,5.5
2025-04-17,Patrick Civil,Simon Blackmore,e1 simon blackmore,1769,E1,0,1517,4.07,0.15,5.5
2025-05-12,Patrick Civil,Peter Watkins,e1 peter watkins,1515,E1,0.5,1519,4.51,0.44,6
2025-05-19,Patrick Civil,Gwyn Havard,e1 gwyn havard,1793,E1,0,1514,4.65,0.14,6
2025-01-22,Karl Davies,James Will,n1 james will,1539,N1,1,1492,0.41,0.41,1
2025-02-12,Karl Davies,Zeb Waines,n1 zeb waines,1400,N1,1,1504,1.01,0.6,2
2025-03-06,Karl Davies,Dave Littlemore,NA,1666,ENG,0,1496,1.26,0.25,2
2025-03-20,Karl Davies,Gregory Barker,n1 gregory barker,1726,N1,0,1490,1.45,0.19,2
2025-04-03,Karl Davies,Catriona Coutts,n1 catriona coutts,1741,N1,0,1485,1.63,0.18,2
2025-04-08,Karl Davies,Gary Slegg,n1 gary slegg,1762,N1,0,1480,1.79,0.16,2
2025-04-10,Karl Davies,Matthew Thomas,n1 matthew thomas,1670,N1,0,1473,2.03,0.24,2
2025-01-05,Seb Hoccom,Greg Lloyd,e1 greg lloyd,1656,E1,1,1496,0.26,0.26,1
2025-01-21,Seb Hoccom,Rhys Davies,e1 rhys davies,1438,E1,1,1510,0.81,0.55,2
2025-02-02,Seb Hoccom,Steve Horrell,g1 steve horrell,1795,G1,0,1506,0.95,0.14,2
2025-02-04,Seb Hoccom,Lucas Zheng,e1 lucas zheng,1650,E1,1,1528,1.22,0.27,3
2025-02-23,Seb Hoccom,Lucas Zheng,e1 lucas zheng,1650,E1,0,1520,1.49,0.27,3
2025-03-04,Seb Hoccom,Anthony Williams,e1 anthony williams,1410,E1,0,1502,2.08,0.59,3
2025-03-25,Seb Hoccom,Angus Lloyd,e1 angus lloyd,1522,E1,1,1519,2.51,0.43,4
2025-06-03,Seb Hoccom,Sonia Eshraghi,e1 sonia eshraghi,1310,E1,1,1527,3.23,0.72,5
2025-06-10,Seb Hoccom,Brendan Lee,e1 brendan lee,1310,E1,1,1536,3.95,0.72,6
2025-06-17,Seb Hoccom,Lucas Zheng,e1 lucas zheng,1650,E1,0,1528,4.22,0.27,6
2025-01-14,Ian Phillips,Gareth Harper,w1 gareth harper,1717,W1,0.5,1482,0.2,0.2,0.5
2025-01-21,Ian Phillips,Adam Woodruff,w1 adam woodruff,1991,W1,0,1479,0.3,0.1,0.5
2025-01-28,Ian Phillips,Stuart Thomas,w1 stuart thomas,1310,W1,1,1488,1.02,0.72,1.5
2025-02-24,Ian Phillips,Jack Mason,w1 jack mason,1393,W1,1,1499,1.63,0.61,2.5
2025-02-25,Ian Phillips,Gareth Harper,w1 gareth harper,1717,W1,1,1523,1.83,0.2,3.5
2025-03-11,Ian Phillips,John Arnold,w1 john arnold,1792,W1,1,1549,1.97,0.14,4.5
2025-03-24,Ian Phillips,Peter Bevan,w1 peter bevan,1883,W1,0,1546,2.07,0.1,4.5
2025-03-25,Ian Phillips,Nick Hale,w1 nick hale,1460,W1,0,1531,2.59,0.52,4.5
2025-04-22,Ian Phillips,Sam Brown,w1 sam brown,1700,W1,0,1524,2.8,0.21,4.5
2025-04-29,Ian Phillips,Adrian May,w1 adrian may,1556,W1,1,1543,3.18,0.38,5.5
2025-05-06,Ian Phillips,Gareth Harper,w1 gareth harper,1717,W1,0,1537,3.38,0.2,5.5
2025-01-08,Spencer Ripley,David Foster,w1 david foster,1567,W1,0,1458,0.36,0.36,0
2025-01-21,Spencer Ripley,Jordan Heatman,w1 jordan heatman,1812,W1,0,1454,0.48,0.12,0
2025-01-28,Spencer Ripley,Ovidiu Pintea,w1 ovidiu pintea,1768,W1,0,1450,0.63,0.15,0
2025-02-03,Spencer Ripley,Roger Jenkins,w1 roger jenkins,1728,W1,0,1444,0.81,0.18,0
2025-02-19,Spencer Ripley,Guto Llywelyn,w1 guto llywelyn,1676,W1,0,1437,1.04,0.23,0
2025-02-26,Spencer Ripley,Blake Stone,w1 blake stone,1746,W1,0,1432,1.21,0.17,0
2025-03-03,Spencer Ripley,Sam Brown,w1 sam brown,1700,W1,0,1426,1.42,0.21,0
2025-03-10,Spencer Ripley,Jack Mason,w1 jack mason,1393,W1,1,1438,2.03,0.61,1
2025-03-19,Spencer Ripley,Mike Richards,w1 mike richards,1510,W1,0,1425,2.47,0.44,1
2025-03-26,Spencer Ripley,Derek Bellamy,w1 derek bellamy,1517,W1,1,1442,2.9,0.43,2
2025-04-02,Spencer Ripley,Steve Edwards,w1 steve edwards,1616,W1,0,1433,3.2,0.3,2
2025-04-08,Spencer Ripley,Jordan Heatman,w1 jordan heatman,1812,W1,0,1429,3.32,0.12,2
2025-04-16,Spencer Ripley,Riley Fitzpatrick,w1 riley fitzpatrick,1373,W1,1,1440,3.95,0.63,3
2025-04-22,Spencer Ripley,Rhydian Fox,w1 rhydian fox,1310,W1,0,1419,4.66,0.71,3
2025-04-30,Spencer Ripley,Jonathan Baker,w1 jonathan baker,1586,W1,0,1408,5,0.34,3
2025-05-14,Spencer Ripley,Louis Bathein,w1 louis bathein,1528,W1,0,1396,5.42,0.42,3
2025-05-27,Spencer Ripley,Glyn Hill,w1 glyn hill,1431,W1,0,1379,5.97,0.55,3
2025-01-27,Ieuan Thomas,Amir Jamil,e1 amir jamil,1310,E1,1,1477,0.71,0.71,1
2025-03-24,Ieuan Thomas,Jack Hannigan,e1 jack hannigan,1740,E1,0,1471,0.88,0.17,1
2025-04-08,Ieuan Thomas,Antony Phillips,e1 antony phillips,1310,E1,1,1480,1.59,0.71,2
2025-06-16,Ieuan Thomas,Tom Ferries,e1 tom ferries,1310,E1,1,1489,2.3,0.71,3
2025-06-23,Ieuan Thomas,Gwyn Havard,e1 gwyn havard,1793,E1,0.5,1500,2.43,0.13,3.5
2025-01-07,Daniel Attrill,Glyn Hill,w1 glyn hill,1431,W1,1,1480,0.55,0.55,1
2025-01-17,Daniel Attrill,John Ward,w1 john ward,1398,W1,1,1493,1.15,0.6,2
2025-01-24,Daniel Attrill,Viktoria Halstian,w1 viktoria halstian,1310,W1,0,1471,1.86,0.71,2
2025-01-27,Daniel Attrill,Derek Bellamy,w1 derek bellamy,1517,W1,1,1488,2.29,0.43,3
2025-02-10,Daniel Attrill,Neil Stuart,w1 neil stuart,1692,W1,1,1512,2.5,0.21,4
2025-02-25,Daniel Attrill,Jacob Josh-Wright,w1 jacob josh-wright,1316,W1,1,1521,3.2,0.7,5
2025-03-31,Daniel Attrill,Tony Williams,w1 tony williams,1405,W1,1,1533,3.79,0.59,6
2025-04-22,Daniel Attrill,Louis Bathein,w1 louis bathein,1528,W1,0.5,1536,4.2,0.41,6.5
2025-05-12,Daniel Attrill,Sam Brown,w1 sam brown,1700,W1,0,1529,4.41,0.21,6.5
2025-01-17,Jacob Limeslade,Richard Larg,e1 richard larg,1542,E1,1,1485,0.39,0.39,1
2025-01-18,Jacob Limeslade,Joseph Browse,e1 joseph browse,1825,E1,0,1482,0.5,0.11,1
2025-01-18,Jacob Limeslade,Paul Moulson,g1 paul moulson,1620,G1,1,1503,0.79,0.29,2
2025-01-19,Jacob Limeslade,Yaroslav Sharhorodsky,d1 yaroslav sharhorodsky,1765,D1,1,1528,0.94,0.15,3
2025-01-19,Jacob Limeslade,Chris Peters,e1 chris peters,1595,E1,0,1519,1.26,0.32,3
2025-02-03,Jacob Limeslade,Patrick Civil,e1 patrick civil,1474,E1,0,1504,1.75,0.49,3
2025-02-11,Jacob Limeslade,Steve Keable,e1 steve keable,1461,E1,1,1519,2.26,0.51,4
2025-02-24,Jacob Limeslade,Ewan Goodjohn,e1 ewan goodjohn,1464,E1,0.5,1519,2.76,0.5,4.5
2025-03-04,Jacob Limeslade,Alex Kennedy,e1 alex kennedy,1669,E1,1,1541,3,0.24,5.5
2025-03-25,Jacob Limeslade,Rhys Davies,e1 rhys davies,1438,E1,0,1525,3.54,0.54,5.5
2025-04-15,Jacob Limeslade,Kevin Stephens,e1 kevin stephens,1705,E1,0,1519,3.74,0.2,5.5
2025-01-17,Jonathan Edwards,Bob Hurn,e1 bob hurn,1612,E1,0,1457,0.3,0.3,0
2025-01-18,Jonathan Edwards,Yaroslav Sharhorodsky,d1 yaroslav sharhorodsky,1765,D1,0,1452,0.45,0.15,0
2025-01-18,Jonathan Edwards,James Williams,e1 james williams,1522,E1,0,1440,0.87,0.42,0
2025-01-19,Jonathan Edwards,Toby Blankley,e1 toby blankley,1456,E1,0,1424,1.38,0.51,0
2025-02-07,Ewan Goodjohn,Michael Edwards,d1 michael edwards,1662,D1,0.5,1472,0.24,0.24,0.5
2025-02-08,Ewan Goodjohn,Thomas Phillips,e1 thomas phillips,1400,E1,1,1484,0.83,0.59,1.5
2025-02-08,Ewan Goodjohn,Glyn Hill,w1 glyn hill,1431,W1,0,1468,1.38,0.55,1.5
2025-02-09,Ewan Goodjohn,Robert J Stebbings,NA,1812,ENG,0,1464,1.5,0.12,1.5
2025-02-24,Ewan Goodjohn,Jacob Limeslade,e1 jacob limeslade,1467,E1,0.5,1464,2,0.5,2
2025-03-04,Ewan Goodjohn,Rhys Davies,e1 rhys davies,1438,E1,0,1448,2.54,0.54,2
2025-04-08,Ewan Goodjohn,Miles Beech,e1 miles beech,1400,E1,1,1460,3.13,0.59,3
2025-06-16,Ewan Goodjohn,Mike Gale,e1 mike gale,1821,E1,0,1457,3.24,0.11,3
2025-06-23,Ewan Goodjohn,Steve Maguire,e1 steve maguire,1338,E1,1,1467,3.91,0.67,4
2025-01-07,Nadi Grewal,Constantine Popov,e1 constantine popov,1368,E1,0,1442,0.63,0.63,0
2025-01-20,Nadi Grewal,Martin Ricketts,e1 martin ricketts,1529,E1,1,1460,1.03,0.4,1
2025-02-03,Nadi Grewal,Wayne Holland,e1 wayne holland,1450,E1,0,1445,1.55,0.52,1
2025-02-17,Nadi Grewal,Robert Wallace,e1 robert wallace,1541,E1,0,1433,1.94,0.39,1
2025-03-05,Nadi Grewal,Mike Stannard,g1 mike stannard,1564,G1,0,1422,2.3,0.36,1
2025-03-17,Nadi Grewal,Csombor Hanczar,e1 csombor hanczar,1590,E1,0.5,1428,2.62,0.32,1.5
2025-04-01,Nadi Grewal,Rohit Saseendran,e1 rohit saseendran,1607,E1,1,1449,2.92,0.3,2.5
2025-04-14,Nadi Grewal,David Belochkin,e1 david belochkin,1803,E1,0,1445,3.04,0.12,2.5
2025-01-17,Steve Keable,Liam Powell-Jones,g1 liam powell-jones,1680,G1,0.5,1469,0.22,0.22,0.5
2025-01-18,Steve Keable,Richard Larg,e1 richard larg,1542,E1,1,1488,0.61,0.39,1.5
2025-01-18,Steve Keable,Ben Richards,g1 ben richards,1589,G1,0,1478,0.93,0.32,1.5
2025-01-19,Steve Keable,Timur Ramzan,e1 timur ramzan,1557,E1,0,1467,1.3,0.37,1.5
2025-01-21,Steve Keable,Chun Hin Tang,e1 chun hin tang,1310,E1,1,1476,2,0.7,2.5
2025-02-11,Steve Keable,Jacob Limeslade,e1 jacob limeslade,1467,E1,0,1461,2.49,0.49,2.5
2025-02-25,Steve Keable,Miles Beech,e1 miles beech,1400,E1,0,1444,3.08,0.59,2.5
2025-03-31,Steve Keable,Robert Wallace,e1 robert wallace,1541,E1,0,1432,3.47,0.39,2.5
2025-04-28,Steve Keable,Erion Pici,e1 erion pici,1597,E1,0.5,1438,3.78,0.31,3
2025-01-07,Andrew Powell,Tony Goodchild,w1 tony goodchild,1526,W1,0,1449,0.41,0.41,0
2025-01-28,Andrew Powell,Jonathan Baker,w1 jonathan baker,1586,W1,0,1439,0.74,0.33,0
2025-02-04,Andrew Powell,Vlad Pintea,w1 vlad pintea,1740,W1,0,1434,0.91,0.17,0
2025-02-12,Andrew Powell,John Williams (W),w1 john williams (w),1316,W1,1,1443,1.61,0.7,1
2025-02-15,Andrew Powell,Thomas Phillips,e1 thomas phillips,1400,E1,1,1455,2.2,0.59,2
2025-02-15,Andrew Powell,Joseph Browse,e1 joseph browse,1825,E1,0,1452,2.31,0.11,2
2025-02-15,Andrew Powell,Bob Hurn,e1 bob hurn,1612,E1,0.5,1458,2.61,0.3,2.5
2025-02-16,Andrew Powell,Dave Turner,g1 dave turner,1915,G1,0.5,1470,2.71,0.1,3
2025-02-16,Andrew Powell,David Norris,g1 david norris,1661,G1,0,1463,2.95,0.24,3
2025-03-11,Andrew Powell,Derek Bellamy,w1 derek bellamy,1517,W1,0.5,1465,3.37,0.42,3.5
2025-03-25,Andrew Powell,Tony Goodchild,w1 tony goodchild,1526,W1,1,1483,3.78,0.41,4.5
2025-04-22,Andrew Powell,Greg Goold,w1 greg goold,1459,W1,0,1468,4.28,0.5,4.5
2025-05-05,Andrew Powell,John Ward,w1 john ward,1398,W1,1,1480,4.87,0.59,5.5
2025-06-03,Andrew Powell,William Hewitt,w1 william hewitt,2041,W1,0,1477,4.97,0.1,5.5
2025-06-11,Andrew Powell,Paul Bevan,w1 paul bevan,1456,W1,0,1462,5.48,0.51,5.5
2025-06-16,Andrew Powell,Tomos Francis,w1 tomos francis,1310,W1,1,1471,6.18,0.7,6.5
2025-06-25,Andrew Powell,Jack Mason,w1 jack mason,1393,W1,1,1483,6.78,0.6,7.5
2025-01-21,Nick Hale,Anthony Beck,w1 anthony beck,1732,W1,0,1455,0.17,0.17,0
2025-01-29,Nick Hale,Tony Goodchild,w1 tony goodchild,1526,W1,0,1443,0.58,0.41,0
2025-02-03,Nick Hale,Tony Goodchild,w1 tony goodchild,1526,W1,0,1430,0.99,0.41,0
2025-02-17,Nick Hale,Paul Thomas,w1 paul thomas,1589,W1,1,1451,1.31,0.32,1
2025-03-03,Nick Hale,Karl Wendrich,w1 karl wendrich,1627,W1,0,1442,1.59,0.28,1
2025-03-19,Nick Hale,Riley Fitzpatrick,w1 riley fitzpatrick,1373,W1,0,1424,2.21,0.62,1
2025-03-25,Nick Hale,Ian Phillips,w1 ian phillips,1473,W1,1,1439,2.69,0.48,2
2025-04-08,Nick Hale,Anthony Beck,w1 anthony beck,1732,W1,0,1434,2.86,0.17,2
2025-04-22,Nick Hale,Casey Allen,w1 casey allen,1310,W1,1,1443,3.56,0.7,3
2025-04-30,Nick Hale,Tony Goodchild,w1 tony goodchild,1526,W1,0,1431,3.97,0.41,3
2025-05-07,Nick Hale,Tony Williams,w1 tony williams,1405,W1,0.5,1429,4.55,0.58,3.5
2025-05-27,Nick Hale,Carl Halpin,w1 carl halpin,1576,W1,0.5,1433,4.89,0.34,4
2025-01-08,Greg Goold,Louis Bathein,w1 louis bathein,1528,W1,0,1447,0.4,0.4,0
2025-01-21,Greg Goold,Carl Halpin,w1 carl halpin,1576,W1,0,1437,0.74,0.34,0
2025-01-22,Greg Goold,Kai Palmer,w1 kai palmer,1310,W1,1,1446,1.44,0.7,1
2025-02-03,Greg Goold,John Ward,w1 john ward,1398,W1,0,1428,2.03,0.59,1
2025-02-05,Greg Goold,Steve Edwards,w1 steve edwards,1616,W1,0,1419,2.32,0.29,1
2025-02-17,Greg Goold,Sam Brown,w1 sam brown,1700,W1,0,1413,2.52,0.2,1
2025-02-26,Greg Goold,Phil Moss,w1 phil moss,1310,W1,0.5,1407,3.22,0.7,1.5
2025-03-03,Greg Goold,Paul Bevan,w1 paul bevan,1456,W1,0,1392,3.72,0.5,1.5
2025-03-05,Greg Goold,Ken Huntley,w1 ken huntley,1633,W1,0,1384,3.99,0.27,1.5
2025-03-10,Greg Goold,Sam Brown,w1 sam brown,1700,W1,0,1378,4.19,0.2,1.5
2025-03-12,Greg Goold,Vianney Foglizzo,w1 vianney foglizzo,1457,W1,0,1363,4.69,0.5,1.5
2025-03-19,Greg Goold,Phil Moss,w1 phil moss,1310,W1,1,1372,5.39,0.7,2.5
2025-04-02,Greg Goold,John Williams (W),w1 john williams (w),1316,W1,1,1381,6.08,0.69,3.5
2025-04-08,Greg Goold,Carl Halpin,w1 carl halpin,1576,W1,0,1371,6.42,0.34,3.5
2025-04-15,Greg Goold,Vaughan Thomas,w1 vaughan thomas,1507,W1,1,1388,6.85,0.43,4.5
2025-04-22,Greg Goold,Andrew Powell,w1 andrew powell,1461,W1,1,1403,7.35,0.5,5.5
2025-04-30,Greg Goold,Paul Bevan,w1 paul bevan,1456,W1,1,1418,7.85,0.5,6.5
2025-05-27,Greg Goold,Steffani Dimitrova,w1 steffani dimitrova,1546,W1,1,1437,8.23,0.38,7.5
2025-02-18,Roger Llewellyn,Wiliam Francis,w1 wiliam francis,1477,W1,0,1445,0.47,0.47,0
2025-02-25,Roger Llewellyn,Paul Bevan,w1 paul bevan,1456,W1,0.5,1445,0.97,0.5,0.5
2025-03-05,Roger Llewellyn,Rajith Babu,w1 rajith babu,1310,W1,1,1454,1.67,0.7,1.5
2025-03-11,Roger Llewellyn,Glyn Hill,w1 glyn hill,1431,W1,0,1437,2.21,0.54,1.5
2025-03-18,Roger Llewellyn,Tony Williams,w1 tony williams,1405,W1,0.5,1435,2.79,0.58,2
2025-03-26,Roger Llewellyn,Rajith Babu,w1 rajith babu,1310,W1,1,1444,3.49,0.7,3
2025-04-15,Roger Llewellyn,June Evans,w1 june evans,1357,W1,1,1455,4.13,0.64,4
2025-04-22,Roger Llewellyn,Advik Ram,w1 advik ram,1390,W1,0.5,1452,4.73,0.6,4.5
2025-02-04,Vianney Foglizzo,Glyn Hill,w1 glyn hill,1431,W1,1,1471,0.54,0.54,1
2025-03-12,Vianney Foglizzo,Greg Goold,w1 greg goold,1459,W1,1,1486,1.04,0.5,2
2025-03-19,Vianney Foglizzo,Elliott Chapman,w1 elliott chapman,1604,W1,1,1507,1.34,0.3,3
2025-03-25,Vianney Foglizzo,June Evans,w1 june evans,1357,W1,1,1518,1.98,0.64,4
2025-01-08,Paul Bevan,Tony Williams,w1 tony williams,1405,W1,0,1439,0.57,0.57,0
2025-01-29,Paul Bevan,John Williams (W),w1 john williams (w),1316,W1,1,1448,1.26,0.69,1
2025-02-10,Paul Bevan,John Ward,w1 john ward,1398,W1,1,1461,1.84,0.58,2
2025-02-25,Paul Bevan,Roger Llewellyn,w1 roger llewellyn,1459,W1,0.5,1461,2.34,0.5,2.5
2025-03-03,Paul Bevan,Greg Goold,w1 greg goold,1459,W1,1,1476,2.84,0.5,3.5
2025-03-10,Paul Bevan,Stuart Thomas,w1 stuart thomas,1310,W1,1,1485,3.54,0.7,4.5
2025-03-18,Paul Bevan,Louis Bathein,w1 louis bathein,1528,W1,0,1473,3.94,0.4,4.5
2025-03-25,Paul Bevan,Glyn Hill,w1 glyn hill,1431,W1,1,1487,4.48,0.54,5.5
2025-04-22,Paul Bevan,Wiliam Francis,w1 wiliam francis,1477,W1,0,1473,4.95,0.47,5.5
2025-04-30,Paul Bevan,Greg Goold,w1 greg goold,1459,W1,0,1458,5.45,0.5,5.5
2025-05-05,Paul Bevan,Leon Vincent,w1 leon vincent,1531,W1,0,1446,5.84,0.39,5.5
2025-05-12,Paul Bevan,John Ward,w1 john ward,1398,W1,1,1459,6.42,0.58,6.5
2025-05-21,Paul Bevan,Tony Goodchild,w1 tony goodchild,1526,W1,0,1447,6.82,0.4,6.5
2025-06-03,Paul Bevan,Glyn Hill,w1 glyn hill,1431,W1,1,1461,7.36,0.54,7.5
2025-06-11,Paul Bevan,Andrew Powell,w1 andrew powell,1461,W1,1,1476,7.85,0.49,8.5
2025-06-16,Paul Bevan,Guto Llywelyn,w1 guto llywelyn,1676,W1,0,1469,8.07,0.22,8.5
2025-01-18,Toby Blankley,Govind Anandkumar,e1 govind anandkumar,1742,E1,0,1451,0.16,0.16,0
2025-01-18,Toby Blankley,Andrei Zhuravlev,e1 andrei zhuravlev,1606,E1,0,1442,0.46,0.3,0
2025-01-19,Toby Blankley,Jonathan Edwards,e1 jonathan edwards,1466,E1,1,1458,0.95,0.49,1
2025-01-19,Toby Blankley,Richard Larg,e1 richard larg,1542,E1,0.5,1461,1.33,0.38,1.5
2025-02-15,Toby Blankley,James Choung,e1 james choung,1456,E1,1,1476,1.83,0.5,2.5
2025-02-15,Toby Blankley,Andrei Zhuravlev,e1 andrei zhuravlev,1606,E1,0,1467,2.13,0.3,2.5
2025-02-15,Toby Blankley,Rohan Powell,e1 rohan powell,1310,E1,1,1476,2.83,0.7,3.5
2025-02-16,Toby Blankley,Otto Bartlett-Davis,e1 otto bartlett-davis,1406,E1,0,1459,3.4,0.57,3.5
2025-02-16,Toby Blankley,Abir Deshpande,e1 abir deshpande,1310,E1,1,1468,4.1,0.7,4.5
2025-02-18,Toby Blankley,Lucas Zheng,e1 lucas zheng,1650,E1,0,1461,4.35,0.25,4.5
2025-03-04,Toby Blankley,John Ryles,e1 john ryles,1589,E1,1,1481,4.67,0.32,5.5
2025-03-08,Toby Blankley,Mabon Hanczar,e1 mabon hanczar,1310,E1,1,1490,5.37,0.7,6.5
2025-03-08,Toby Blankley,William O'Connor-Gunston,e1 william o'connor-gunston,1324,E1,1,1500,6.05,0.68,7.5
2025-03-09,Toby Blankley,Advik Ram,w1 advik ram,1390,W1,0.5,1497,6.64,0.59,8
2025-03-09,Toby Blankley,Andrei Zhuravlev,e1 andrei zhuravlev,1606,E1,0.5,1503,6.94,0.3,8.5
2025-03-09,Toby Blankley,Toby Reckless,e1 toby reckless,1490,E1,1,1520,7.39,0.45,9.5
2025-04-18,Toby Blankley,Steve Jones,e1 steve jones,1838,E1,0,1517,7.49,0.1,9.5
2025-04-18,Toby Blankley,Scott Hammett,d1 scott hammett,1802,D1,0,1513,7.61,0.12,9.5
2025-04-19,Toby Blankley,Peter Watkins,e1 peter watkins,1515,E1,1,1531,8.03,0.42,10.5
2025-04-19,Toby Blankley,John A Williams,g1 john a williams,1680,G1,0,1524,8.25,0.22,10.5
2025-04-20,Toby Blankley,Glyn Hill,w1 glyn hill,1431,W1,1,1538,8.79,0.54,11.5
2025-04-21,Toby Blankley,Liam Powell-Jones,g1 liam powell-jones,1680,G1,0,1532,9.01,0.22,11.5
2025-04-21,Toby Blankley,Ann Tagg,g1 ann tagg,1550,G1,0,1521,9.38,0.37,11.5
2025-06-03,Toby Blankley,Chun Hin Tang,e1 chun hin tang,1310,E1,1,1530,10.08,0.7,12.5
2025-06-10,Toby Blankley,Rob Paige,e1 rob paige,1500,E1,1,1547,10.52,0.44,13.5
2025-06-17,Toby Blankley,Tim Kett,e1 tim kett,2209,E1,0,1544,10.62,0.1,13.5
2025-06-24,Toby Blankley,John McGregor,e1 john mcgregor,1921,E1,0,1541,10.72,0.1,13.5
2025-01-05,James Choung,Emma Kong,e1 emma kong,1946,E1,1,1483,0.1,0.1,1
2025-01-21,James Choung,Angus Lloyd,e1 angus lloyd,1522,E1,1,1501,0.51,0.41,2
2025-01-25,James Choung,Ellis Sharp,NA,1591,ENG,0,1491,0.82,0.31,2
2025-01-25,James Choung,Mohanaditya Poluru,NA,1562,ENG,0,1481,1.17,0.35,2
2025-02-04,James Choung,Mabon Hanczar,e1 mabon hanczar,1310,E1,1,1490,1.87,0.7,3
2025-02-08,James Choung,Karthikeya Chinthalapati,NA,1593,ENG,0.5,1495,2.18,0.31,3.5
2025-02-08,James Choung,Arjun Suresh,NA,1567,ENG,1,1515,2.53,0.35,4.5
2025-02-08,James Choung,Aadharshini Amudhavel,NA,1485,ENG,0.5,1516,2.99,0.46,5
2025-02-09,James Choung,Kunyu Vincent Liu,NA,1349,ENG,1,1527,3.64,0.65,6
2025-02-09,James Choung,Tsz Yiu Chan,NA,1489,ENG,1,1543,4.09,0.45,7
2025-02-15,James Choung,Noah Pynn,g1 noah pynn,1325,G1,1,1553,4.77,0.68,8
2025-02-15,James Choung,Toby Blankley,e1 toby blankley,1456,E1,0,1538,5.27,0.5,8
2025-02-15,James Choung,Daniel Katchi,e1 daniel katchi,1310,E1,1,1547,5.97,0.7,9
2025-02-16,James Choung,Iolo Coles,e1 iolo coles,1310,E1,1,1556,6.67,0.7,10
2025-02-16,James Choung,Adam Sarwar,e1 adam sarwar,1600,E1,1,1577,6.97,0.3,11
2025-02-18,James Choung,Randall Wright,e1 randall wright,1535,E1,1,1595,7.36,0.39,12
2025-02-23,James Choung,Anshul Swamy,e1 anshul swamy,1618,E1,0,1587,7.64,0.28,12
2025-03-17,James Choung,Erion Pici,e1 erion pici,1597,E1,0,1578,7.95,0.31,12
2025-03-23,James Choung,Yusuf Sulemani,e1 yusuf sulemani,1789,E1,1,1604,8.08,0.13,13
2025-04-01,James Choung,James Williams,e1 james williams,1522,E1,1,1621,8.49,0.41,14
2025-04-07,James Choung,Mike Smith,e1 mike smith,1456,E1,1,1636,8.99,0.5,15
2025-05-11,James Choung,John P Weatherlake,NA,1973,ENG,0,1633,9.09,0.1,15
2025-06-03,James Choung,Felix Deng,e1 felix deng,1315,E1,0.5,1628,9.78,0.69,15.5
2025-06-10,James Choung,Ishaan Marugonda,e1 ishaan marugonda,1310,E1,1,1637,10.48,0.7,16.5
2025-06-17,James Choung,Aya Jamil,e1 aya jamil,1310,E1,1,1646,11.18,0.7,17.5
2025-06-24,James Choung,Joshua McKenna,e1 joshua mckenna,1801,E1,0,1642,11.3,0.12,17.5
2025-05-31,James Choung,Ashwin Gopikrishna,NA,1905,ENG,0,1639,11.4,0.1,17.5
2025-05-31,James Choung,Reyansh Saxena,NA,1873,ENG,0,1636,11.5,0.1,17.5
2025-06-01,James Choung,Lisirul Shieh,NA,1737,ENG,0.5,1646,11.67,0.17,18
2025-06-01,James Choung,Yeuci Li,NA,1822,ENG,0.5,1658,11.78,0.11,18.5
2025-01-13,Mike Smith,Robert Wallace,e1 robert wallace,1541,E1,0,1445,0.38,0.38,0
2025-01-27,Mike Smith,Richard Larg,e1 richard larg,1542,E1,1,1463,0.76,0.38,1
2025-02-10,Mike Smith,John Ryles,e1 john ryles,1589,E1,0,1454,1.08,0.32,1
2025-03-17,Mike Smith,Anthony Williams,e1 anthony williams,1410,E1,1,1467,1.65,0.57,2
2025-03-31,Mike Smith,Chris Kavanagh,e1 chris kavanagh,1426,E1,0,1450,2.19,0.54,2
2025-04-07,Mike Smith,James Choung,e1 james choung,1456,E1,0,1435,2.69,0.5,2
2025-04-15,Mike Smith,Adam Morris,e1 adam morris,1346,E1,0,1416,3.34,0.65,2
2025-02-05,Merle Field,Sam Jones,n1 sam jones,1668,N1,0,1448,0.23,0.23,0
2025-02-26,Merle Field,Steve Williams,NA,1698,ENG,0,1442,0.43,0.2,0
2025-03-04,Merle Field,John Zlosnik,n1 john zlosnik,1740,N1,0.5,1452,0.59,0.16,0.5
2025-03-18,Merle Field,Dave Littlemore,NA,1666,ENG,0.5,1461,0.82,0.23,1
2025-04-02,Merle Field,Sebastian Palucha,NA,1583,ENG,1,1481,1.14,0.32,2
2025-04-09,Merle Field,Edgar Reynolds,NA,1611,ENG,1,1502,1.43,0.29,3
2025-04-16,Merle Field,Warren Bates,NA,1358,ENG,1,1513,2.07,0.64,4
2025-01-06,Tomos Ilett,Wayne Holland,e1 wayne holland,1450,E1,1,1470,0.51,0.51,1
2025-01-20,Tomos Ilett,Gwawr Evans,e1 gwawr evans,1321,E1,1,1479,1.19,0.68,2
2025-02-05,Tomos Ilett,Sam Rhydderch,e1 sam rhydderch,1451,E1,0,1464,1.7,0.51,2
2025-06-16,Tomos Ilett,Dave Parsons,e1 dave parsons,1809,E1,0,1461,1.82,0.12,2
2025-06-23,Tomos Ilett,Cameron Taylor,e1 cameron taylor,1310,E1,1,1470,2.52,0.7,3
2025-02-05,Susan F Parry,Stuart Hamilton,n1 stuart hamilton,1582,N1,0.5,1458,0.32,0.32,0.5
2025-02-26,Susan F Parry,Dave Hulme,NA,1653,ENG,0,1451,0.56,0.24,0.5
2025-05-09,Susan F Parry,David Fernandez-Arias,n1 david fernandez-arias,1747,N1,0,1446,0.72,0.16,0.5
2025-05-11,Susan F Parry,Trevor Blower,NA,1731,ENG,0.5,1456,0.89,0.17,1
2025-05-11,Susan F Parry,James Weldon,NA,1749,ENG,0,1452,1.04,0.15,1
2025-02-05,Sam Rhydderch,Tomos Ilett,e1 tomos ilett,1455,E1,1,1466,0.49,0.49,1
2025-02-12,Sam Rhydderch,Joe Fathallah,e1 joe fathallah,2043,E1,0,1463,0.59,0.1,1
2025-03-05,Sam Rhydderch,Joseph Sartin,e1 joseph sartin,1622,E1,1,1485,0.86,0.27,2
2025-03-13,Sam Rhydderch,James Tapp,e1 james tapp,2080,E1,0,1482,0.96,0.1,2
2025-03-19,Sam Rhydderch,Hefin Jones,e1 hefin jones,1550,E1,0.5,1486,1.32,0.36,2.5
2025-03-26,Sam Rhydderch,Richard Cousins,e1 richard cousins,1598,E1,1,1507,1.62,0.3,3.5
2025-04-02,Sam Rhydderch,Joshua McKenna,e1 joshua mckenna,1801,E1,0,1504,1.74,0.12,3.5
2025-04-18,Sam Rhydderch,Arush Ajai Murthy,e1 arush ajai murthy,1700,E1,0,1498,1.93,0.19,3.5
2025-04-18,Sam Rhydderch,Vijayaratnam Vijitharan,NA,1310,Est,0,1477,2.62,0.69,3.5
2025-04-19,Sam Rhydderch,John A Williams,g1 john a williams,1680,G1,0.5,1486,2.83,0.21,4
2025-04-19,Sam Rhydderch,Ann Tagg,g1 ann tagg,1550,G1,1,1505,3.19,0.36,5
2025-04-20,Sam Rhydderch,Steve Jones,e1 steve jones,1838,E1,0,1502,3.29,0.1,5
2025-04-21,Sam Rhydderch,Chris Thompson,g1 chris thompson,1393,G1,1,1514,3.87,0.58,6
2025-04-21,Sam Rhydderch,Bob Hurn,e1 bob hurn,1612,E1,0.5,1521,4.15,0.28,6.5
2025-04-23,Sam Rhydderch,Andrei Zhuravlev,e1 andrei zhuravlev,1606,E1,0,1512,4.44,0.29,6.5
2025-04-30,Sam Rhydderch,Peter Quinn,e1 peter quinn,1826,E1,1,1539,4.54,0.1,7.5
2025-05-14,Sam Rhydderch,Hefin Jones,e1 hefin jones,1550,E1,0,1528,4.9,0.36,7.5
2025-05-28,Sam Rhydderch,Georgi Korovski,e1 georgi korovski,1950,E1,0,1525,5,0.1,7.5
2025-02-12,Heilyn Griffiths,Jaiden Flannery,n1 jaiden flannery,1539,N1,1,1469,0.37,0.37,1
2025-03-20,Heilyn Griffiths,Catriona Coutts,n1 catriona coutts,1741,N1,0,1464,0.53,0.16,1
2025-04-09,Heilyn Griffiths,Aidan Jones,n1 aidan jones,1511,N1,1,1482,0.94,0.41,2
2025-04-24,Heilyn Griffiths,Barrie Wells,n1 barrie wells,1801,N1,0,1478,1.06,0.12,2
2025-01-06,Wayne Holland,Tomos Ilett,e1 tomos ilett,1455,E1,0,1435,0.49,0.49,0
2025-01-14,Wayne Holland,Tom Bennett,e1 tom bennett,1789,E1,0,1431,0.61,0.12,0
2025-01-17,Wayne Holland,Tomas Forsey,g1 tomas forsey,1709,G1,0,1426,0.79,0.18,0
2025-01-18,Wayne Holland,Jordan Heatman,w1 jordan heatman,1812,W1,0,1423,0.9,0.11,0
2025-01-18,Wayne Holland,Richard Larg,e1 richard larg,1542,E1,0.5,1427,1.27,0.37,0.5
2025-01-19,Wayne Holland,Glyn Hill,w1 glyn hill,1431,W1,0,1411,1.8,0.53,0.5
2025-01-19,Wayne Holland,Mike Stannard,g1 mike stannard,1564,G1,0,1400,2.14,0.34,0.5
2025-02-03,Wayne Holland,Nadi Grewal,e1 nadi grewal,1461,E1,1,1416,2.62,0.48,1.5
2025-02-11,Wayne Holland,Andrew Jeanes,e1 andrew jeanes,1684,E1,0.5,1425,2.83,0.21,2
2025-02-18,Wayne Holland,Constantine Popov,e1 constantine popov,1368,E1,1,1436,3.45,0.62,3
2025-02-25,Wayne Holland,Jack Hannigan,e1 jack hannigan,1740,E1,0.5,1447,3.61,0.16,3.5
2025-03-17,Wayne Holland,Oyvind Ringen,e1 oyvind ringen,1663,E1,0,1440,3.84,0.23,3.5
2025-04-01,Wayne Holland,Adam Sarwar,e1 adam sarwar,1600,E1,0,1431,4.14,0.3,3.5
2025-04-08,Wayne Holland,Sam White,e1 sam white,1587,E1,1,1451,4.45,0.31,4.5
2025-03-11,Wayne Holland,David Robinson,e1 david robinson,1898,E1,0,1448,4.55,0.1,4.5
2025-04-29,Wayne Holland,Mali Roberts,e1 mali roberts,1310,E1,1,1458,5.24,0.69,5.5
2025-05-13,Wayne Holland,Richard Gardner,e1 richard gardner,1310,E1,1,1467,5.93,0.69,6.5
2025-01-30,Andrii Petriv,Zeb Waines,n1 zeb waines,1400,N1,1,1463,0.57,0.57,1
2025-01-30,Ian Regan,Dafydd Roberts,n1 dafydd roberts,1450,N1,0,1435,0.5,0.5,0
2025-04-10,Ian Regan,Stephen Garnett,n1 stephen garnett,1475,N1,0,1421,0.96,0.46,0
2025-04-24,Ian Regan,Jules Treadway,n1 jules treadway,1400,N1,0,1404,1.53,0.57,0
2025-05-10,Ian Regan,David Fernandez-Arias,n1 david fernandez-arias,1747,N1,0,1399,1.68,0.15,0
2025-05-10,Ian Regan,Steve Spencer,NA,1709,ENG,0,1394,1.86,0.18,0
2025-05-11,Ian Regan,Stuart Hamilton,n1 stuart hamilton,1582,N1,0,1384,2.18,0.32,0
2025-05-11,Ian Regan,Stephen Garnett,n1 stephen garnett,1475,N1,0.5,1385,2.64,0.46,0.5
2025-01-30,Dafydd Roberts,Ian Regan,n1 ian regan,1450,N1,1,1465,0.5,0.5,1
2025-02-12,Dafydd Roberts,Stuart Hamilton,n1 stuart hamilton,1582,N1,0,1455,0.82,0.32,1
2025-03-20,Dafydd Roberts,Matthew Russell,n1 matthew russell,1621,N1,1,1477,1.09,0.27,2
2025-04-09,Dafydd Roberts,Oscar Owen,n1 oscar owen,1300,N1,1,1486,1.79,0.7,3
2025-04-24,Dafydd Roberts,Andrew Sutton,n1 andrew sutton,1672,N1,0,1480,2.01,0.22,3
2025-05-11,Thomas Nalej,Michael Binks,e1 michael binks,1960,E1,0,1445,0.1,0.1,0
2025-01-15,Trey Austen,Mike Diamond,g1 mike diamond,1494,G1,0.5,1449,0.43,0.43,0.5
2025-01-29,Trey Austen,Mike Stannard,g1 mike stannard,1564,G1,0,1439,0.77,0.34,0.5
2025-01-14,Peter Merrifield,Paul Lickman,NA,1652,ENG,0.5,1453,0.23,0.23,0.5
2025-01-17,Peter Merrifield,Geoff J Ainsley,NA,1745,ENG,0.5,1463,0.38,0.15,1
2025-01-18,Peter Merrifield,David Walshaw,NA,1806,ENG,0,1460,0.49,0.11,1
2025-01-18,Peter Merrifield,Matthew Blackwell,NA,1635,ENG,0,1453,0.74,0.25,1
2025-01-19,Peter Merrifield,George A Wright,NA,1597,ENG,0,1444,1.03,0.29,1
2025-01-19,Peter Merrifield,Michael W Simmons,NA,1524,ENG,0,1432,1.42,0.39,1
2025-01-21,Peter Merrifield,Roger Clarkson,NA,1647,ENG,0,1425,1.66,0.24,1
2025-01-28,Peter Merrifield,Joe Perry,NA,1726,ENG,0,1420,1.83,0.17,1
2025-03-11,Peter Merrifield,John Holden,NA,1659,ENG,0,1413,2.06,0.23,1
2025-03-21,Peter Merrifield,Gary Shelley,NA,1635,ENG,0,1406,2.31,0.25,1
2025-03-25,Peter Merrifield,Michael Santos,NA,1677,ENG,0,1399,2.52,0.21,1
2025-04-05,Peter Merrifield,Keshav Singla,NA,1663,ENG,0,1393,2.74,0.22,1
2025-04-05,Peter Merrifield,Colin V White,NA,1705,ENG,0,1387,2.92,0.18,1
2025-05-06,Peter Merrifield,Robert A Gordon,NA,1591,ENG,0.5,1393,3.22,0.3,1.5
2025-03-17,Tristan Griffith,Adam Woodruff,w1 adam woodruff,1991,W1,0,1441,0.1,0.1,0
2025-01-21,Dylan Greenway,Casey Allen,w1 casey allen,1310,W1,1,1452,0.68,0.68,1
2025-01-31,Dylan Greenway,Thomas Macdonald-Wright,w1 thomas macdonald-wright,1385,W1,1,1464,1.26,0.58,2
2025-03-11,Dylan Greenway,Jacob Josh-Wright,w1 jacob josh-wright,1316,W1,1,1474,1.93,0.67,3
2025-03-25,Dylan Greenway,Advik Samiaiya,w1 advik samiaiya,1371,W1,1,1486,2.53,0.6,4
2025-03-28,Dylan Greenway,William Erasmus,w1 william erasmus,1310,W1,1,1495,3.21,0.68,5
2025-04-01,Dylan Greenway,John Ward,w1 john ward,1398,W1,1,1509,3.77,0.56,6
2025-04-08,Dylan Greenway,William O'Connor Gunston,w1 william o'connor gunston,1310,W1,1,1518,4.45,0.68,7
2025-04-22,Dylan Greenway,Derek Bellamy,w1 derek bellamy,1517,W1,1,1536,4.84,0.39,8
2025-06-10,Dylan Greenway,Aaron Davies,w1 aaron davies,1535,W1,0,1525,5.21,0.37,8
2025-01-07,Rhys Davies,Angus Lloyd,e1 angus lloyd,1522,E1,0,1427,0.38,0.38,0
2025-01-21,Rhys Davies,Seb Hoccom,e1 seb hoccom,1474,E1,0,1413,0.83,0.45,0
2025-01-28,Rhys Davies,Cosmin Stancu,e1 cosmin stancu,1689,E1,0,1407,1.02,0.19,0
2025-02-04,Rhys Davies,Thomas Naljon,e1 thomas naljon,1410,E1,1,1421,1.56,0.54,1
2025-03-04,Rhys Davies,Ewan Goodjohn,e1 ewan goodjohn,1464,E1,1,1437,2.02,0.46,2
2025-03-12,Rhys Davies,Angus Lloyd,e1 angus lloyd,1522,E1,0.5,1441,2.4,0.38,2.5
2025-03-25,Rhys Davies,Jacob Limeslade,e1 jacob limeslade,1467,E1,1,1457,2.86,0.46,3.5
2025-04-01,Rhys Davies,David Corney,e1 david corney,1433,E1,0,1442,3.37,0.51,3.5
2025-02-24,Gee Garel,Mark Emblem,g1 mark emblem,1553,G1,1,1458,0.34,0.34,1
2025-01-20,Gary Harber,Sulaiman Nasir,w1 sulaiman nasir,1532,W1,0,1425,0.37,0.37,0
2025-01-27,Gary Harber,John Ward,w1 john ward,1398,W1,1,1438,0.92,0.55,1
2025-02-18,Gary Harber,Carl Halpin,w1 carl halpin,1576,W1,0,1429,1.23,0.31,1
2025-03-05,Gary Harber,John Williams (W),w1 john williams (w),1316,W1,1,1439,1.9,0.67,2
2025-03-11,Gary Harber,Wiliam Francis,w1 wiliam francis,1477,W1,0,1426,2.34,0.44,2
2025-03-18,Gary Harber,Aaron Davies,w1 aaron davies,1535,W1,0,1415,2.7,0.36,2
2025-04-02,Gary Harber,Aaron Davies,w1 aaron davies,1535,W1,0,1404,3.06,0.36,2
2025-04-15,Gary Harber,Janet Evans,w1 janet evans,1310,W1,0,1384,3.73,0.67,2
2025-02-04,Lucio Nocivelli,Charlie Gibson,g1 charlie gibson,1537,G1,0,1425,0.36,0.36,0
2025-04-01,David Corney,Rhys Davies,e1 rhys davies,1438,E1,1,1448,0.49,0.49,1
2025-04-17,David Corney,Peter Slater,e1 peter slater,1754,E1,0,1444,0.63,0.14,1
2025-05-19,David Corney,Martin Ilett,e1 martin ilett,1641,E1,1,1467,0.86,0.23,2
2025-01-03,Glyn Hill,Jeffrey Foy,NA,1641,ENG,0,1424,0.23,0.23,0
2025-01-04,Glyn Hill,Martin Chadwick,NA,1570,ENG,0,1415,0.54,0.31,0
2025-01-04,Glyn Hill,Peter Kanalos,NA,1534,ENG,1,1434,0.9,0.36,1
2025-01-05,Glyn Hill,Stephen Szwajkun,NA,1600,ENG,1,1456,1.17,0.27,2
2025-01-05,Glyn Hill,Henry Burton,d1 henry burton,1500,D1,0,1444,1.57,0.4,2
2025-01-07,Glyn Hill,Daniel Attrill,w1 daniel attrill,1467,W1,0,1430,2.02,0.45,2
2025-01-11,Glyn Hill,George A Wright,NA,1597,ENG,1,1452,2.3,0.28,3
2025-01-12,Glyn Hill,Cristina Page,NA,1407,Est,1,1466,2.83,0.53,4
2025-01-17,Glyn Hill,Steve Williams (Cwm),g1 steve williams (cwm),1850,G1,0,1463,2.93,0.1,4
2025-01-18,Glyn Hill,Chris Peters,e1 chris peters,1595,E1,0,1455,3.21,0.28,4
2025-01-18,Glyn Hill,Mike Stannard,g1 mike stannard,1564,G1,0.5,1460,3.53,0.32,4.5
2025-01-19,Glyn Hill,Wayne Holland,e1 wayne holland,1450,E1,1,1476,4,0.47,5.5
2025-01-19,Glyn Hill,Bob Hurn,e1 bob hurn,1612,E1,0.5,1483,4.26,0.26,6
2025-01-21,Glyn Hill,Cameron Ferguson,w1 cameron ferguson,1395,W1,1,1497,4.81,0.55,7
2025-01-28,Glyn Hill,Tony Williams,w1 tony williams,1405,W1,1,1510,5.35,0.54,8
2025-01-31,Glyn Hill,Jack Mason,w1 jack mason,1393,W1,1,1524,5.9,0.55,9
2025-02-04,Glyn Hill,Vianney Foglizzo,w1 vianney foglizzo,1457,W1,0,1510,6.36,0.46,9
2025-02-07,Glyn Hill,Philip M Norden,NA,1789,ENG,0,1507,6.47,0.11,9
2025-02-08,Glyn Hill,Ewan Goodjohn,e1 ewan goodjohn,1464,E1,1,1523,6.92,0.45,10
2025-02-08,Glyn Hill,Robert J Stebbings,NA,1812,ENG,0,1520,7.02,0.1,10
2025-02-09,Glyn Hill,Joshua Phillips,e1 joshua phillips,1310,E1,0.5,1515,7.69,0.67,10.5
2025-02-09,Glyn Hill,Thomas Phillips,e1 thomas phillips,1400,E1,0,1499,8.23,0.54,10.5
2025-02-12,Glyn Hill,Rajith Babu,w1 rajith babu,1310,W1,1,1509,8.9,0.67,11.5
2025-02-15,Glyn Hill,Neil Graham,NA,1858,ENG,0,1506,9,0.1,11.5
2025-02-16,Glyn Hill,Charles Rigby,NA,1714,ENG,0.5,1516,9.16,0.16,12
2025-02-23,Glyn Hill,Sam Brown,w1 sam brown,1700,W1,0,1510,9.34,0.18,12
2025-03-07,Glyn Hill,Ian Threlkeld,NA,1770,ENG,0.5,1522,9.46,0.12,12.5
2025-03-08,Glyn Hill,Ian R Rescorla,NA,1789,ENG,0.5,1533,9.57,0.11,13
2025-03-08,Glyn Hill,Alexis Kristoff Malibiran,NA,1795,ENG,0,1530,9.68,0.11,13
2025-03-09,Glyn Hill,Jordan Walsh,NA,1788,ENG,1,1557,9.79,0.11,14
2025-03-09,Glyn Hill,James H Galloway,NA,1777,ENG,0,1553,9.91,0.12,14
2025-03-11,Glyn Hill,Roger Llewellyn,w1 roger llewellyn,1459,W1,1,1569,10.37,0.46,15
2025-03-14,Glyn Hill,Tony D Wells,NA,2000,ENG,0,1566,10.47,0.1,15
2025-03-15,Glyn Hill,Nick Spearing,NA,1649,ENG,0,1560,10.69,0.22,15
2025-03-15,Glyn Hill,David J Archer,NA,1626,ENG,0,1552,10.94,0.25,15
2025-03-15,Glyn Hill,Alan Weaver,NA,1559,ENG,1,1572,11.26,0.32,16
2025-03-16,Glyn Hill,Aiden Graham,NA,1540,ENG,0,1562,11.61,0.35,16
2025-03-16,Glyn Hill,Paul Eyles,NA,1666,ENG,0,1556,11.82,0.21,16
2025-03-21,Glyn Hill,Geoff J Ainsley,NA,1730,ENG,0,1551,11.97,0.15,16
2025-03-22,Glyn Hill,Robin J Cubbon,NA,1471,ENG,1,1568,12.41,0.44,17
2025-03-22,Glyn Hill,Keith Middleton,NA,1692,ENG,0.5,1578,12.59,0.18,17.5
2025-03-23,Glyn Hill,Paul S Collis,NA,1698,ENG,0,1572,12.77,0.18,17.5
2025-03-23,Glyn Hill,Shaun Walsh,NA,1610,ENG,1,1594,13.03,0.26,18.5
2025-03-25,Glyn Hill,Paul Bevan,w1 paul bevan,1456,W1,0,1580,13.49,0.46,18.5
2025-03-28,Glyn Hill,Thomas Macdonald-Wright,w1 thomas macdonald-wright,1385,W1,1,1593,14.06,0.57,19.5
2025-04-01,Glyn Hill,Jack Mason,w1 jack mason,1393,W1,1,1607,14.61,0.55,20.5
2025-04-05,Glyn Hill,Eddie Hogart,NA,1499,Est,1,1625,15.01,0.4,21.5
2025-04-05,Glyn Hill,Paul Laskier,NA,1738,ENG,0,1620,15.16,0.15,21.5
2025-04-05,Glyn Hill,William Calvert,NA,1338,ENG,1,1631,15.79,0.63,22.5
2025-04-06,Glyn Hill,Nicholas Tzanetos Alevras,NA,1310,Est,1,1641,16.46,0.67,23.5
2025-04-06,Glyn Hill,Alan Borgars,NA,1708,ENG,0,1636,16.63,0.17,23.5
2025-04-08,Glyn Hill,Dennis Thomas,w1 dennis thomas,1429,W1,0.5,1636,17.13,0.5,24
2025-04-18,Glyn Hill,Simon Blackmore,e1 simon blackmore,1769,E1,0,1632,17.26,0.13,24
2025-04-18,Glyn Hill,Bob Hurn,e1 bob hurn,1612,E1,0,1625,17.52,0.26,24
2025-04-19,Glyn Hill,Ann Tagg,NA,1484,ENG,1,1642,17.94,0.42,25
2025-04-19,Glyn Hill,Sam White,e1 sam white,1587,E1,0,1633,18.23,0.29,25
2025-04-20,Glyn Hill,Toby Blankley,e1 toby blankley,1456,E1,0,1619,18.69,0.46,25
2025-04-21,Glyn Hill,Mike Hollyman,e1 mike hollyman,1711,E1,0,1614,18.86,0.17,25
2025-04-21,Glyn Hill,Mike Stannard,g1 mike stannard,1564,G1,0,1605,19.18,0.32,25
2025-04-22,Glyn Hill,Ken Huntley,w1 ken huntley,1633,W1,0.5,1613,19.42,0.24,25.5
2025-04-25,Glyn Hill,David Bean,NA,1839,ENG,0.5,1625,19.52,0.1,26
2025-04-26,Glyn Hill,Liam Ireland,NA,1810,ENG,0,1622,19.62,0.1,26
2025-04-26,Glyn Hill,Mike Hollyman,e1 mike hollyman,1711,E1,0,1617,19.79,0.17,26
2025-04-27,Glyn Hill,Sean Sussex,NA,1667,ENG,0,1610,19.99,0.2,26
2025-04-27,Glyn Hill,Liubava Maksak,NA,1427,ENG,0.5,1610,20.5,0.51,26.5
2025-05-03,Glyn Hill,Gareth Gardner,NA,1817,ENG,0,1607,20.6,0.1,26.5
2025-05-04,Glyn Hill,David Smith,NA,1915,ENG,0,1604,20.7,0.1,26.5
2025-05-05,Glyn Hill,Christopher Cumbers,NA,1667,ENG,0,1598,20.9,0.2,26.5
2025-05-16,Glyn Hill,Jacob Thomas,NA,1721,ENG,0,1593,21.06,0.16,26.5
2025-05-17,Glyn Hill,Julian Townshend,NA,1702,ENG,1,1618,21.23,0.17,27.5
2025-05-17,Glyn Hill,Derek W Hadley,NA,1771,ENG,1,1645,21.35,0.12,28.5
2025-05-18,Glyn Hill,Oliver Williamson,NA,1750,ENG,0,1640,21.49,0.14,28.5
2025-05-18,Glyn Hill,Barry Diaper,NA,1722,ENG,0,1636,21.65,0.16,28.5
2025-05-21,Glyn Hill,Andrew Smith,w1 andrew smith,1779,W1,0,1632,21.77,0.12,28.5
2025-05-23,Glyn Hill,Advik Saxena,NA,1878,ENG,0,1629,21.87,0.1,28.5
2025-05-23,Glyn Hill,David Bernatowicz,NA,1791,ENG,0,1626,21.98,0.11,28.5
2025-05-24,Glyn Hill,Charlie Pearson,NA,1820,ENG,0,1623,22.08,0.1,28.5
2025-05-24,Glyn Hill,Michael Depner,NA,1687,FIDE,0,1617,22.27,0.19,28.5
2025-05-24,Glyn Hill,Parisa Patel,NA,1534,ENG,0.5,1621,22.63,0.36,29
2025-05-25,Glyn Hill,Gary Wimble,NA,1359,ENG,1,1633,23.23,0.6,30
2025-05-25,Glyn Hill,Andrew M Shoulders,NA,1310,Est,1,1643,23.9,0.67,31
2025-05-25,Glyn Hill,Suzhang Alex Wei,NA,1540,ENGR,1,1663,24.25,0.35,32
2025-05-27,Glyn Hill,Spencer Ripley,w1 spencer ripley,1469,W1,1,1680,24.7,0.45,33
2025-06-03,Glyn Hill,Paul Bevan,w1 paul bevan,1456,W1,0,1666,25.16,0.46,33
2025-06-10,Glyn Hill,Jonathan Baker,w1 jonathan baker,1586,W1,0,1657,25.45,0.29,33
2025-06-11,Glyn Hill,Advik Ram,w1 advik ram,1390,W1,1,1670,26.01,0.56,34
2025-06-16,Glyn Hill,Thomas Macdonald-Wright,w1 thomas macdonald-wright,1385,W1,1,1683,26.58,0.57,35
2025-06-25,Glyn Hill,Emyr-Wyn Francis,w1 emyr-wyn francis,1320,W1,1,1694,27.23,0.65,36
2025-06-27,Glyn Hill,David Roberts,NA,1522,ENG,0.5,1697,27.6,0.37,36.5
2025-06-28,Glyn Hill,David Littler,NA,1679,ENG,1,1722,27.79,0.19,37.5
2025-06-28,Glyn Hill,Stuart Hamilton,n1 stuart hamilton,1582,N1,1,1743,28.09,0.3,38.5
2025-06-29,Glyn Hill,George A Wright,NA,1561,ENG,1,1763,28.41,0.32,39.5
2025-06-29,Glyn Hill,David Otaryan,NA,1635,ENG,1,1786,28.65,0.24,40.5
2025-01-18,Daniel Chaure-Larsen,Ben Richards,g1 ben richards,1589,G1,0,1421,0.29,0.29,0
2025-01-18,Daniel Chaure-Larsen,Chris Thompson,g1 chris thompson,1393,G1,0.5,1420,0.84,0.55,0.5
2025-01-19,Daniel Chaure-Larsen,Paul Moulson,g1 paul moulson,1620,G1,1,1442,1.09,0.25,1.5
2025-01-19,Daniel Chaure-Larsen,Arush Ajai Murthy,e1 arush ajai murthy,1700,E1,0,1437,1.26,0.17,1.5
2025-01-28,Daniel Chaure-Larsen,Chris Peters,e1 chris peters,1595,E1,1,1459,1.54,0.28,2.5
2025-02-15,Daniel Chaure-Larsen,Iolo Coles,e1 iolo coles,1310,E1,0,1439,2.21,0.67,2.5
2025-02-15,Daniel Chaure-Larsen,Vihaan Kharpas,e1 vihaan kharpas,1310,E1,0,1419,2.88,0.67,2.5
2025-02-16,Daniel Chaure-Larsen,Rohan Powell,e1 rohan powell,1310,E1,1,1429,3.55,0.67,3.5
2025-02-16,Daniel Chaure-Larsen,Amir Jamil,e1 amir jamil,1310,E1,1,1439,4.22,0.67,4.5
2025-02-18,Daniel Chaure-Larsen,Otto Bartlett-Davis,e1 otto bartlett-davis,1406,E1,0,1423,4.75,0.53,4.5
2025-06-01,Daniel Chaure-Larsen,Zhixing Bai,NA,1515,ENG,1,1441,5.13,0.38,5.5
2025-06-01,Daniel Chaure-Larsen,Rudra Shembekar,NA,1491,ENG,0,1429,5.54,0.41,5.5
2025-04-08,Dennis Thomas,Glyn Hill,w1 glyn hill,1431,W1,0.5,1429,0.5,0.5,0.5
2025-02-12,Elijah Daniel,George Thompson,g1 george thompson,1320,G1,0.5,1423,0.65,0.65,0.5
2025-02-15,Elijah Daniel,Joseph Browse,e1 joseph browse,1825,E1,0,1420,0.75,0.1,0.5
2025-02-15,Elijah Daniel,Thomas Phillips,e1 thomas phillips,1400,E1,0,1403,1.29,0.54,0.5
2025-02-15,Elijah Daniel,Charlie Cooper,g1 charlie cooper,1371,G1,0.5,1401,1.87,0.58,1
2025-02-16,Elijah Daniel,Divyajyoti,NA,1310,Est,0.5,1396,2.53,0.66,1.5
2025-02-16,Elijah Daniel,Joshua Phillips,e1 joshua phillips,1310,E1,0.5,1391,3.19,0.66,2
2025-03-08,Elijah Daniel,Csege Hanczar,e1 csege hanczar,1644,E1,0,1385,3.41,0.22,2
2025-03-09,Elijah Daniel,Haoyang Jiang,e1 haoyang jiang,1310,E1,1,1395,4.07,0.66,3
2025-03-09,Elijah Daniel,Angel Srivastava,e1 angel srivastava,1310,E1,0,1375,4.73,0.66,3
2025-03-09,Elijah Daniel,Amir Jamil,e1 amir jamil,1310,E1,1,1385,5.39,0.66,4
2025-05-31,Elijah Daniel,Frederick Fenton,NA,1582,ENG,0.5,1391,5.68,0.29,4.5
2025-05-31,Elijah Daniel,George Tagg,NA,1589,ENG,1,1413,5.96,0.28,5.5
2025-01-07,Claire Gorman,Paul Thomas,w1 paul thomas,1589,W1,1,1449,0.28,0.28,1
2025-01-28,Claire Gorman,Aaron Davies,w1 aaron davies,1535,W1,0,1438,0.63,0.35,1
2025-02-04,Claire Gorman,Blake Stone,w1 blake stone,1746,W1,0,1434,0.77,0.14,1
2025-03-11,Claire Gorman,Ken Huntley,w1 ken huntley,1633,W1,0.5,1442,1,0.23,1.5
2025-01-07,Tom Jenney,Raman Rajoram,e1 raman rajoram,1419,E1,1,1442,0.51,0.51,1
2025-01-27,Tom Jenney,Bob Owen,e1 bob owen,1497,E1,1,1460,0.91,0.4,2
2025-02-04,Tom Jenney,Rohit Saseendran,e1 rohit saseendran,1607,E1,0,1452,1.17,0.26,2
2025-02-17,Tom Jenney,Gwawr Evans,e1 gwawr evans,1321,E1,1,1462,1.82,0.65,3
2025-03-04,Tom Jenney,Adam Sarwar,e1 adam sarwar,1600,E1,1,1484,2.09,0.27,4
2025-03-17,Tom Jenney,Daniel Graczyk,e1 daniel graczyk,1310,E1,1,1494,2.75,0.66,5
2025-03-23,Tom Jenney,Lucas Zheng,e1 lucas zheng,1650,E1,0.5,1503,2.97,0.22,5.5
2025-04-07,Tom Jenney,Matthew Yan,e1 matthew yan,1310,E1,1,1513,3.63,0.66,6.5
2025-03-25,Cain Francis,John Ward,w1 john ward,1398,W1,1,1440,0.54,0.54,1
2025-04-08,Cain Francis,Leon Vincent,w1 leon vincent,1531,W1,1,1459,0.89,0.35,2
2025-01-27,Chris Kavanagh,Artur Esteves,e1 artur esteves,1329,E1,1,1437,0.64,0.64,1
2025-03-31,Chris Kavanagh,Mike Smith,e1 mike smith,1456,E1,1,1453,1.1,0.46,2
2025-04-09,Bertie Carvey,Andrei Zhuravlev,e1 andrei zhuravlev,1606,E1,1,1447,0.26,0.26,1
2025-05-14,Bertie Carvey,Georgi Korovski,e1 georgi korovski,1950,E1,0,1444,0.36,0.1,1
2025-01-15,Oliver Rush,Gareth Holyfield,g1 gareth holyfield,1502,G1,1,1440,0.39,0.39,1
2025-01-29,Oliver Rush,Gideon Way,g1 gideon way,1360,G1,0,1423,0.98,0.59,1
2025-01-07,Raman Rajoram,Tom Jenney,e1 tom jenney,1427,E1,0,1404,0.49,0.49,0
2025-01-21,Raman Rajoram,Anshul Swamy,e1 anshul swamy,1618,E1,0,1397,0.73,0.24,0
2025-02-04,Raman Rajoram,Adam Sarwar,e1 adam sarwar,1600,E1,0,1389,0.99,0.26,0
2025-02-17,Raman Rajoram,John Ryles,e1 john ryles,1589,E1,0,1381,1.26,0.27,0
2025-01-13,Kenul Herath,Artur Esteves,e1 artur esteves,1329,E1,1,1424,0.62,0.62,1
2025-01-25,Kenul Herath,Issac Stanley,NA,1756,ENG,0,1421,0.74,0.12,1
2025-01-25,Kenul Herath,Oskar Jarzynski,NA,1821,ENG,0,1418,0.84,0.1,1
2025-02-10,Kenul Herath,Mike White,e1 mike white,1394,E1,0.5,1417,1.37,0.53,1.5
2025-02-15,Kenul Herath,Hamid Farani Sani,e1 hamid farani sani,1663,E1,0,1411,1.56,0.19,1.5
2025-02-15,Kenul Herath,Bob Hurn,e1 bob hurn,1612,E1,0,1404,1.8,0.24,1.5
2025-02-15,Kenul Herath,Joshua Phillips,e1 joshua phillips,1310,E1,0,1385,2.44,0.64,1.5
2025-02-16,Kenul Herath,Morgan Foulkes,e1 morgan foulkes,1551,E1,0,1375,2.75,0.31,1.5
2025-02-16,Kenul Herath,Charlie Cooper,g1 charlie cooper,1371,G1,1,1389,3.31,0.56,2.5
2025-03-08,Kenul Herath,Haoyang Jiang,e1 haoyang jiang,1310,E1,1,1399,3.95,0.64,3.5
2025-03-09,Kenul Herath,Otto Bartlett-Davis,e1 otto bartlett-davis,1406,E1,1,1414,4.46,0.51,4.5
2025-03-09,Kenul Herath,Xuan Di Lim,e1 xuan di lim,1310,E1,1,1425,5.1,0.64,5.5
2025-03-10,Kenul Herath,Brendan Lee,e1 brendan lee,1310,E1,1,1435,5.74,0.64,6.5
2025-03-09,Kenul Herath,Farouq Nasir,w1 farouq nasir,1670,W1,0,1430,5.93,0.19,6.5
2025-05-31,Kenul Herath,Shrishti Shiva,NA,1817,ENG,0,1427,6.03,0.1,6.5
2025-05-31,Kenul Herath,Henri Blin,NA,1834,ENG,0.5,1439,6.13,0.1,7
2025-06-01,Kenul Herath,Mac Holland,NA,1850,ENG,0,1436,6.23,0.1,7
2025-06-01,Kenul Herath,Vincent Dong,NA,1797,ENG,1,1463,6.33,0.1,8
2025-01-27,Thomas Naljon,Anthony Williams,e1 anthony williams,1410,E1,0,1395,0.5,0.5,0
2025-02-04,Thomas Naljon,Rhys Davies,e1 rhys davies,1438,E1,0,1381,0.96,0.46,0
2025-03-04,Thomas Naljon,Otto Bartlett-Davis,e1 otto bartlett-davis,1406,E1,0.5,1381,1.47,0.51,0.5
2025-01-27,Anthony Williams,Thomas Naljon,e1 thomas naljon,1410,E1,1,1425,0.5,0.5,1
2025-02-11,Anthony Williams,Mark Chinnick,e1 mark chinnick,1574,E1,1,1447,0.78,0.28,2
2025-02-24,Anthony Williams,Daniel Katchi,e1 daniel katchi,1310,E1,1,1457,1.42,0.64,3
2025-03-04,Anthony Williams,Seb Hoccom,e1 seb hoccom,1474,E1,1,1475,1.83,0.41,4
2025-03-17,Anthony Williams,Mike Smith,e1 mike smith,1456,E1,0,1462,2.26,0.43,4
2025-04-01,Anthony Williams,Constantine Popov,e1 constantine popov,1368,E1,1,1475,2.82,0.56,5
2025-04-15,Anthony Williams,Oyvind Ringen,e1 oyvind ringen,1663,E1,0.5,1485,3.01,0.19,5.5
2025-02-04,Anthony Williams,David Robinson,e1 david robinson,1898,E1,0,1482,3.11,0.1,5.5
2025-03-11,Anthony Williams,Georgie Morris,NA,1,E1,1,1482,4.11,1,6.5
2025-04-29,Anthony Williams,Antony Phillips,e1 antony phillips,1310,E1,1,1492,4.75,0.64,7.5
2025-05-13,Anthony Williams,Gareth Richards,e1 gareth richards,1632,E1,0,1486,4.97,0.22,7.5
2025-01-05,Otto Bartlett-Davis,Ken Wardle,e1 ken wardle,1650,E1,0.5,1415,0.2,0.2,0.5
2025-01-25,Otto Bartlett-Davis,Waylon Chan,NA,1780,ENG,0.5,1427,0.3,0.1,1
2025-01-25,Otto Bartlett-Davis,Ives Lau,NA,1736,ENG,0,1423,0.43,0.13,1
2025-02-08,Otto Bartlett-Davis,Prasanna Attada,NA,1499,ENG,0,1412,0.8,0.37,1
2025-02-08,Otto Bartlett-Davis,Safia Daysh,NA,1477,ENG,1,1430,1.2,0.4,2
2025-02-08,Otto Bartlett-Davis,Yvon Van Neerven,NA,1433,ENG,0,1416,1.66,0.46,2
2025-02-09,Otto Bartlett-Davis,Kai Ramessur,NA,1350,ENG,1,1429,2.24,0.58,3
2025-02-09,Otto Bartlett-Davis,Mark Gritsenko,NA,1356,ENG,1,1442,2.81,0.57,4
2025-02-15,Otto Bartlett-Davis,Andrei Zhuravlev,e1 andrei zhuravlev,1606,E1,0.5,1449,3.05,0.24,4.5
2025-02-15,Otto Bartlett-Davis,Toby Reckless,e1 toby reckless,1490,E1,0.5,1453,3.43,0.38,5
2025-02-15,Otto Bartlett-Davis,Angel Srivastava,e1 angel srivastava,1310,E1,1,1464,4.06,0.63,6
2025-02-16,Otto Bartlett-Davis,Toby Blankley,e1 toby blankley,1456,E1,1,1481,4.49,0.43,7
2025-02-16,Otto Bartlett-Davis,Vihaan Kharpas,e1 vihaan kharpas,1310,E1,1,1492,5.12,0.63,8
2025-02-18,Otto Bartlett-Davis,Daniel Chaure-Larsen,e1 daniel chaure-larsen,1430,E1,1,1508,5.59,0.47,9
2025-02-23,Otto Bartlett-Davis,Constantine Popov,e1 constantine popov,1368,E1,1,1521,6.14,0.55,10
2025-03-04,Otto Bartlett-Davis,Thomas Naljon,e1 thomas naljon,1410,E1,0.5,1522,6.63,0.49,10.5
2025-03-08,Otto Bartlett-Davis,Advik Samiaiya,w1 advik samiaiya,1371,W1,0.5,1520,7.18,0.55,11
2025-03-08,Otto Bartlett-Davis,Ellis Jones,e1 ellis jones,1316,E1,1,1531,7.81,0.63,12
2025-03-09,Otto Bartlett-Davis,Kenul Herath,e1 kenul herath,1413,E1,0,1517,8.3,0.49,12
2025-03-09,Otto Bartlett-Davis,Daniel Katchi,e1 daniel katchi,1310,E1,1,1528,8.93,0.63,13
2025-03-23,Otto Bartlett-Davis,Gareth Harper,w1 gareth harper,1717,W1,1,1553,9.07,0.14,14
2025-04-01,Otto Bartlett-Davis,Tim Whitchurch,e1 tim whitchurch,1584,E1,0,1545,9.33,0.26,14
2025-04-14,Otto Bartlett-Davis,Emrys Evans,e1 emrys evans,1310,E1,1,1556,9.96,0.63,15
2025-03-09,Otto Bartlett-Davis,Csege Hanczar,e1 csege hanczar,1644,E1,0,1550,10.16,0.2,15
2025-06-03,Otto Bartlett-Davis,Llewelyn Gruffydd,e1 llewelyn gruffydd,1310,E1,1,1561,10.79,0.63,16
2025-06-10,Otto Bartlett-Davis,Tim Kett,e1 tim kett,2209,E1,0.5,1573,10.89,0.1,16.5
2025-06-17,Otto Bartlett-Davis,Felix Deng,e1 felix deng,1315,E1,1,1584,11.52,0.63,17.5
2025-06-24,Otto Bartlett-Davis,Adam Sarwar,e1 adam sarwar,1600,E1,1,1607,11.77,0.25,18.5
2025-01-08,Tony Williams,Paul Bevan,w1 paul bevan,1456,W1,1,1422,0.43,0.43,1
2025-01-15,Tony Williams,Stuart Thomas,w1 stuart thomas,1310,W1,1,1433,1.06,0.63,2
2025-01-28,Tony Williams,Glyn Hill,w1 glyn hill,1431,W1,0,1419,1.52,0.46,2
2025-03-18,Tony Williams,Roger Llewellyn,w1 roger llewellyn,1459,W1,0.5,1422,1.94,0.42,2.5
2025-03-26,Tony Williams,Aaron Davies,w1 aaron davies,1535,W1,0,1412,2.26,0.32,2.5
2025-03-31,Tony Williams,Daniel Attrill,w1 daniel attrill,1467,W1,0,1400,2.67,0.41,2.5
2025-04-16,Tony Williams,John Williams (W),w1 john williams (w),1316,W1,0.5,1396,3.3,0.63,3
2025-04-29,Tony Williams,Roland Brooks,NA,1310,Est,1,1407,3.93,0.63,4
2025-04-30,Tony Williams,June Evans,w1 june evans,1357,W1,1,1420,4.5,0.57,5
2025-05-06,Tony Williams,Andrew Smith,w1 andrew smith,1779,W1,0,1417,4.6,0.1,5
2025-05-07,Tony Williams,Nick Hale,w1 nick hale,1460,W1,0.5,1419,5.02,0.42,5.5
2025-05-13,Tony Williams,Derek Bellamy,w1 derek bellamy,1517,W1,1,1439,5.36,0.34,6.5
2025-05-27,Tony Williams,John Davies,w1 john davies,1482,W1,0.5,1442,5.75,0.39,7
2025-02-25,Miles Beech,Steve Keable,e1 steve keable,1461,E1,1,1418,0.41,0.41,1
2025-04-08,Miles Beech,Ewan Goodjohn,e1 ewan goodjohn,1464,E1,0,1405,0.82,0.41,1
2025-01-14,Ian Hopper,Stuart Hamilton,n1 stuart hamilton,1582,N1,0.5,1407,0.26,0.26,0.5
2025-01-30,Gwyn Jones,Steve McCall,n1 steve mccall,1737,N1,0,1396,0.13,0.13,0
2025-01-17,Thomas Phillips,James Williams,e1 james williams,1522,E1,1,1420,0.33,0.33,1
2025-01-18,Thomas Phillips,Huw Jones,w1 huw jones,1776,W1,0.5,1432,0.43,0.1,1.5
2025-01-18,Thomas Phillips,Liam Powell-Jones,g1 liam powell-jones,1680,G1,0,1427,0.6,0.17,1.5
2025-01-19,Thomas Phillips,John A WIlliams,g1 john a williams,1680,G1,0,1422,0.77,0.17,1.5
2025-01-19,Thomas Phillips,Joshua Colcombe,g1 joshua colcombe,1600,G1,1,1445,1.01,0.24,2.5
2025-02-07,Thomas Phillips,Joshua Phillips,e1 joshua phillips,1310,E1,0.5,1441,1.64,0.63,3
2025-02-08,Thomas Phillips,Philip M Norden,NA,1789,ENG,0,1438,1.74,0.1,3
2025-02-08,Thomas Phillips,Ewan Goodjohn,e1 ewan goodjohn,1464,E1,0,1426,2.15,0.41,3
2025-02-09,Thomas Phillips,Henry Burton,d1 henry burton,1500,D1,1,1445,2.51,0.36,4
2025-02-09,Thomas Phillips,Glyn Hill,w1 glyn hill,1431,W1,1,1461,2.97,0.46,5
2025-02-15,Thomas Phillips,Andrew Powell,w1 andrew powell,1461,W1,0,1449,3.38,0.41,5
2025-02-15,Thomas Phillips,Elijah Daniel,g1 elijah daniel,1427,G1,1,1465,3.84,0.46,6
2025-02-15,Thomas Phillips,Gareth Richards,e1 gareth richards,1632,E1,0,1459,4.05,0.21,6
2025-02-16,Thomas Phillips,Steve Jones,e1 steve jones,1838,E1,0,1456,4.15,0.1,6
2025-02-16,Thomas Phillips,Henry Burton,d1 henry burton,1500,D1,1,1475,4.51,0.36,7
2025-06-03,James Powell,Mabon Hanczar,e1 mabon hanczar,1310,E1,1,1411,0.63,0.63,1
2025-06-10,James Powell,Lucas Zheng,e1 lucas zheng,1650,E1,0,1405,0.82,0.19,1
2025-06-17,James Powell,Csombor Hanczar,e1 csombor hanczar,1590,E1,1,1428,1.07,0.25,2
2025-06-24,James Powell,Brendan Lee,e1 brendan lee,1310,E1,0,1409,1.7,0.63,2
2025-01-18,Matthew Thornton,Andrei Zhuravlev,e1 andrei zhuravlev,1606,E1,1,1423,0.23,0.23,1
2025-01-18,Matthew Thornton,Govind Anandkumar,e1 govind anandkumar,1742,E1,0,1419,0.35,0.12,1
2025-01-19,Matthew Thornton,Randall Wright,e1 randall wright,1535,E1,1,1440,0.66,0.31,2
2025-01-19,Matthew Thornton,Huw Jones,w1 huw jones,1776,W1,0.5,1452,0.76,0.1,2.5
2025-04-24,Jules Treadway,Ian Regan,n1 ian regan,1450,N1,1,1417,0.43,0.43,1
2025-01-14,Shaun Waines,Shion Rowlands,n1 shion rowlands,1841,N1,0,1397,0.1,0.1,0
2025-01-30,Shaun Waines,Barrie Wells,n1 barrie wells,1801,N1,0.5,1409,0.2,0.1,0.5
2025-02-12,Shaun Waines,Shion Rowlands,n1 shion rowlands,1841,N1,0,1406,0.3,0.1,0.5
2025-03-20,Shaun Waines,James Will,n1 james will,1539,N1,0.5,1412,0.61,0.31,1
2025-01-14,Zeb Waines,Jaiden Flannery,n1 jaiden flannery,1539,N1,0,1391,0.31,0.31,0
2025-01-30,Zeb Waines,Andrii Petriv,n1 andrii petriv,1450,N1,0,1378,0.74,0.43,0
2025-02-12,Zeb Waines,Karl Davies,n1 karl davies,1474,N1,0,1366,1.14,0.4,0
2025-01-17,John Ward,Daniel Attrill,w1 daniel attrill,1467,W1,0,1386,0.4,0.4,0
2025-01-27,John Ward,Gary Harber,w1 gary harber,1436,W1,0,1373,0.85,0.45,0
2025-02-03,John Ward,Greg Goold,w1 greg goold,1459,W1,1,1390,1.26,0.41,1
2025-02-07,John Ward,William Erasmus,w1 william erasmus,1310,W1,1,1401,1.88,0.62,2
2025-02-10,John Ward,Paul Bevan,w1 paul bevan,1456,W1,0,1389,2.3,0.42,2
2025-02-24,John Ward,Wojtek Liponski,w1 wojtek liponski,1612,W1,1,1412,2.53,0.23,3
2025-03-10,John Ward,Elliott Chapman,w1 elliott chapman,1604,W1,0,1405,2.76,0.23,3
2025-03-25,John Ward,Cain Francis,w1 cain francis,1426,W1,0,1391,3.22,0.46,3
2025-03-31,John Ward,Kai Palmer,w1 kai palmer,1310,W1,1,1403,3.84,0.62,4
2025-04-01,John Ward,Dylan Greenway,w1 dylan greenway,1442,W1,0,1390,4.28,0.44,4
2025-04-09,John Ward,Jeff Boyce,w1 jeff boyce,1524,W1,1,1410,4.61,0.33,5
2025-05-05,John Ward,Andrew Powell,w1 andrew powell,1461,W1,0,1397,5.02,0.41,5
2025-05-12,John Ward,Paul Bevan,w1 paul bevan,1456,W1,0,1385,5.44,0.42,5
2025-01-08,Michael Binding,Samson Muputa,g1 samson muputa,1358,G1,1,1410,0.56,0.56,1
2025-03-04,Michael Binding,John A WIlliams,g1 john a williams,1680,G1,1,1435,0.72,0.16,2
2025-01-21,Cameron Ferguson,Glyn Hill,w1 glyn hill,1431,W1,0,1382,0.45,0.45,0
2025-02-04,Cameron Ferguson,David Foster,w1 david foster,1567,W1,0,1373,0.72,0.27,0
2025-02-25,Cameron Ferguson,Advik Samiaiya,w1 advik samiaiya,1371,W1,0,1357,1.25,0.53,0
2025-03-11,Cameron Ferguson,Steffani Dimitrova,w1 steffani dimitrova,1546,W1,1,1379,1.55,0.3,1
2025-01-27,Mike White,Matthew Yan,e1 matthew yan,1310,E1,0,1375,0.62,0.62,0
2025-02-10,Mike White,Kenul Herath,e1 kenul herath,1413,E1,0.5,1376,1.09,0.47,0.5
2025-03-24,Mike White,Richard Larg,e1 richard larg,1542,E1,0,1367,1.39,0.3,0.5
2025-06-16,Mike White,Gwyn Havard,e1 gwyn havard,1793,E1,0,1364,1.49,0.1,0.5
2025-06-23,Mike White,Daniel Katchi,e1 daniel katchi,1310,E1,0.5,1361,2.11,0.62,1
2025-01-31,Jack Mason,Glyn Hill,w1 glyn hill,1431,W1,0,1380,0.45,0.45,0
2025-02-03,Jack Mason,Stuart Thomas,w1 stuart thomas,1310,W1,1,1391,1.07,0.62,1
2025-02-07,Jack Mason,Tony Goodchild,w1 tony goodchild,1526,W1,0,1382,1.39,0.32,1
2025-02-10,Jack Mason,John Giannini,w1 john giannini,1310,W1,1,1393,2.01,0.62,2
2025-02-21,Jack Mason,Maisy Miles,w1 maisy miles,1310,W1,1,1405,2.63,0.62,3
2025-02-24,Jack Mason,Ian Phillips,w1 ian phillips,1473,W1,0,1393,3.02,0.39,3
2025-03-10,Jack Mason,Spencer Ripley,w1 spencer ripley,1469,W1,0,1381,3.41,0.39,3
2025-03-28,Jack Mason,Leon Vincent,w1 leon vincent,1531,W1,0,1372,3.72,0.31,3
2025-04-01,Jack Mason,Glyn Hill,w1 glyn hill,1431,W1,0,1358,4.17,0.45,3
2025-04-07,Jack Mason,Bradley Parfitt,w1 bradley parfitt,1391,W1,0.5,1358,4.67,0.5,3.5
2025-04-28,Jack Mason,Roger Jenkins,w1 roger jenkins,1728,W1,0.5,1370,4.8,0.13,4
2025-04-29,Jack Mason,Steffani Dimitrova,w1 steffani dimitrova,1546,W1,0,1361,5.09,0.29,4
2025-04-30,Jack Mason,John Williams (W),w1 john williams (w),1316,W1,1,1373,5.7,0.61,5
2025-05-05,Jack Mason,Rhydian Fox,w1 rhydian fox,1310,W1,1,1384,6.32,0.62,6
2025-05-12,Jack Mason,Roger Jenkins,w1 roger jenkins,1728,W1,1,1410,6.45,0.13,7
2025-05-21,Jack Mason,Guto Llywelyn,w1 guto llywelyn,1676,W1,0,1405,6.61,0.16,7
2025-06-03,Jack Mason,Wiliam Francis,w1 wiliam francis,1477,W1,1,1424,6.99,0.38,8
2025-06-11,Jack Mason,Leon Vincent,w1 leon vincent,1531,W1,0,1415,7.3,0.31,8
2025-06-16,Jack Mason,Tony Goodchild,w1 tony goodchild,1526,W1,0,1405,7.62,0.32,8
2025-06-25,Jack Mason,Andrew Powell,w1 andrew powell,1461,W1,0,1393,8.02,0.4,8
2025-01-11,Chris Thompson,Clive Liggatt,NA,1628,ENG,0,1387,0.21,0.21,0
2025-01-11,Chris Thompson,John HT Eddershaw,NA,1585,ENG,1,1409,0.46,0.25,1
2025-01-11,Chris Thompson,Edward Farms,NA,1713,ENG,0.5,1420,0.6,0.14,1.5
2025-01-12,Chris Thompson,Michael Jennings,NA,1654,ENG,0.5,1430,0.78,0.18,2
2025-01-12,Chris Thompson,Keith Middleton,NA,1701,ENG,0,1425,0.93,0.15,2
2025-01-17,Chris Thompson,Andrew Di-Vetta,e1 andrew di-vetta,1787,E1,0,1422,1.03,0.1,2
2025-01-18,Chris Thompson,Lucas Zheng,e1 lucas zheng,1650,E1,0.5,1432,1.22,0.19,2.5
2025-01-18,Chris Thompson,Daniel Chaure-Larsen,e1 daniel chaure-larsen,1430,E1,0.5,1433,1.67,0.45,3
2025-01-19,Chris Thompson,Jordan Heatman,w1 jordan heatman,1812,W1,0,1430,1.77,0.1,3
2025-01-19,Chris Thompson,Antony Phillips,e1 antony phillips,1310,E1,0.5,1427,2.39,0.62,3.5
2025-01-21,Chris Thompson,James Richards,g1 james richards,1517,G1,0.5,1432,2.72,0.33,4
2025-02-12,Chris Thompson,Noah Pynn,g1 noah pynn,1325,G1,0.5,1429,3.32,0.6,4.5
2025-03-08,Chris Thompson,Graham Strickland,NA,1702,ENG,0,1425,3.46,0.14,4.5
2025-03-08,Chris Thompson,Lev Molokanov,NA,1450,Est,1,1442,3.88,0.42,5.5
2025-03-09,Chris Thompson,Peter J Hughes,NA,1607,ENG,1,1466,4.11,0.23,6.5
2025-03-09,Chris Thompson,Tarun Pamunuwa,NA,1714,ENG,0,1461,4.25,0.14,6.5
2025-03-28,Chris Thompson,Advik Goyal,NA,1681,ENG,1,1487,4.41,0.16,7.5
2025-03-29,Chris Thompson,Graham Strickland,NA,1702,ENG,0.5,1497,4.55,0.14,8
2025-03-29,Chris Thompson,William Taplin,NA,1696,ENG,0.5,1508,4.7,0.15,8.5
2025-03-30,Chris Thompson,Richard Collis,NA,1705,ENG,1,1534,4.84,0.14,9.5
2025-03-30,Chris Thompson,Michael Sillence Davis,NA,1719,ENG,0.5,1545,4.97,0.13,10
2025-04-18,Chris Thompson,Peter Quinn,e1 peter quinn,1826,E1,0.5,1557,5.07,0.1,10.5
2025-04-18,Chris Thompson,Donovan Sipho,w1 donovan sipho,1803,W1,0,1554,5.17,0.1,10.5
2025-04-19,Chris Thompson,Malcolm Probert,w1 malcolm probert,1760,W1,0,1550,5.28,0.11,10.5
2025-04-19,Chris Thompson,Peter Watkins,e1 peter watkins,1515,E1,1,1570,5.61,0.33,11.5
2025-04-20,Chris Thompson,Zack Wilkins,e1 zack wilkins,1724,E1,0,1567,5.74,0.13,11.5
2025-04-21,Chris Thompson,Sam Rhydderch,e1 sam rhydderch,1451,E1,0,1554,6.16,0.42,11.5
2025-04-21,Chris Thompson,Darcy Beck,NA,1350,Est,1,1567,6.72,0.56,12.5
2025-05-17,Chris Thompson,Louis A Burton,NA,1613,ENG,0.5,1576,6.94,0.22,13
2025-05-17,Chris Thompson,Ian Leslie,NA,1632,ENG,0,1570,7.14,0.2,13
2025-05-18,Chris Thompson,Joseph Tucker,NA,1498,ENG,1,1589,7.49,0.35,14
2025-05-18,Chris Thompson,Ollie Diaper,NA,1629,ENG,1,1613,7.69,0.2,15
2025-05-24,Chris Thompson,Lisirui Shieh,NA,1690,ENG,0,1608,7.84,0.15,15
2025-05-24,Chris Thompson,Henry Burton,d1 henry burton,1500,D1,0,1598,8.19,0.35,15
2025-05-25,Chris Thompson,Zazaia Sparreboom,NA,1646,ENG,1,1622,8.38,0.19,16
2025-05-25,Chris Thompson,Kenneth Jardine,NA,1708,ENG,0,1618,8.52,0.14,16
2025-05-26,Chris Thompson,Pengxiang Li,NA,1574,ENG,1,1640,8.78,0.26,17
2025-01-27,Sami Hoosein,Simon Blackmore,e1 simon blackmore,1769,E1,0,1388,0.1,0.1,0
2025-01-17,Bradley Parfitt,Thomas Macdonald-Wright,w1 thomas macdonald-wright,1385,W1,0,1376,0.51,0.51,0
2025-01-31,Bradley Parfitt,Advik Ram,w1 advik ram,1390,W1,1,1391,1.01,0.5,1
2025-02-25,Bradley Parfitt,Steffani Dimitrova,w1 steffani dimitrova,1546,W1,0,1382,1.3,0.29,1
2025-04-07,Bradley Parfitt,Jack Mason,w1 jack mason,1393,W1,0.5,1382,1.8,0.5,1.5
2025-01-21,Advik Ram,Maisy Miles,w1 maisy miles,1310,W1,0,1372,0.61,0.61,0
2025-01-25,Advik Ram,Robin Sykes,NA,1455,ENG,0,1359,1.02,0.41,0
2025-01-25,Advik Ram,Samyuktha Vijayendra,NA,1414,ENG,1,1375,1.49,0.47,1
2025-01-31,Advik Ram,Bradley Parfitt,w1 bradley parfitt,1391,W1,0,1360,1.99,0.5,1
2025-02-04,Advik Ram,Emyr-Wyn Francis,w1 emyr-wyn francis,1320,W1,0,1342,2.59,0.6,1
2025-02-15,Advik Ram,Teilo Gruffydd,e1 teilo gruffydd,1310,E1,1,1354,3.2,0.61,2
2025-02-15,Advik Ram,Finn Mathews,w1 finn mathews,1310,W1,1,1366,3.81,0.61,3
2025-02-15,Advik Ram,Raga Sreya Mandadapu,e1 raga sreya mandadapu,1310,E1,0,1347,4.42,0.61,3
2025-02-16,Advik Ram,Anievv Pirashanth,NA,1310,Est,1,1359,5.03,0.61,4
2025-02-16,Advik Ram,Constantine Popov,e1 constantine popov,1368,E1,0.5,1358,5.56,0.53,4.5
2025-03-08,Advik Ram,Sion Davies,NA,1310,Est,1,1370,6.17,0.61,5.5
2025-03-08,Advik Ram,Ruzgar Unsal,e1 ruzgar unsal,1310,E1,1,1381,6.78,0.61,6.5
2025-03-09,Advik Ram,Toby Blankley,e1 toby blankley,1456,E1,0.5,1384,7.19,0.41,7
2025-03-09,Advik Ram,Rohan Powell,e1 rohan powell,1310,E1,0,1366,7.8,0.61,7
2025-03-09,Advik Ram,Jacob Josh-Wright,w1 jacob josh-wright,1316,W1,0,1347,8.4,0.6,7
2025-03-11,Advik Ram,Emyr-Wyn Francis,w1 emyr-wyn francis,1320,W1,0.5,1344,9,0.6,7.5
2025-04-01,Advik Ram,Thomas Macdonald-Wright,w1 thomas macdonald-wright,1385,W1,1,1359,9.51,0.51,8.5
2025-04-08,Advik Ram,Maisy Miles,w1 maisy miles,1310,W1,1,1371,10.12,0.61,9.5
2025-04-22,Advik Ram,Roger Llewellyn,w1 roger llewellyn,1459,W1,0.5,1374,10.52,0.4,10
2025-05-21,Advik Ram,Farouq Nasir,w1 farouq nasir,1670,W1,0,1369,10.69,0.17,10
2025-05-31,Advik Ram,Dushyanth Gan Nalabothula,NA,1537,ENGR,1,1390,10.99,0.3,11
2025-05-31,Advik Ram,Eliza Blin,NA,1443,ENG,0,1377,11.41,0.42,11
2025-06-01,Advik Ram,Douglas Quayle,NA,1440,ENGR,1,1394,11.84,0.43,12
2025-06-01,Advik Ram,Timothy Hsiu-Yao Hu,NA,1344,ENGR,0,1377,12.41,0.57,12
2025-06-03,Advik Ram,Leon Vincent,w1 leon vincent,1531,W1,0,1368,12.72,0.31,12
2025-06-11,Advik Ram,Glyn Hill,w1 glyn hill,1431,W1,0,1355,13.16,0.44,12
2025-06-25,Advik Ram,Tomos Francis,w1 tomos francis,1310,W1,1,1366,13.77,0.61,13
2025-02-18,Mateusz Graczyk,Tim Whitchurch,e1 tim whitchurch,1584,E1,0,1382,0.25,0.25,0
2025-03-17,Mateusz Graczyk,Garmon Iago,e1 garmon iago,1600,E1,0,1375,0.48,0.23,0
2025-01-17,Thomas Macdonald-Wright,Bradley Parfitt,w1 bradley parfitt,1391,W1,1,1400,0.49,0.49,1
2025-01-24,Thomas Macdonald-Wright,Tomos Francis,w1 tomos francis,1310,W1,1,1412,1.1,0.61,2
2025-01-25,Thomas Macdonald-Wright,Aarav Sohi,NA,1710,ENG,0,1408,1.23,0.13,2
2025-01-31,Thomas Macdonald-Wright,Dylan Greenway,w1 dylan greenway,1442,W1,0,1396,1.65,0.42,2
2025-02-07,Thomas Macdonald-Wright,John Giannini,w1 john giannini,1310,W1,1,1407,2.26,0.61,3
2025-02-15,Thomas Macdonald-Wright,Elliott Harverson,d1 elliott harverson,1310,D1,1,1419,2.87,0.61,4
2025-02-16,Thomas Macdonald-Wright,Ahmed Jamil,e1 ahmed jamil,1310,E1,0,1401,3.48,0.61,4
2025-02-16,Thomas Macdonald-Wright,Teilo Gruffydd,e1 teilo gruffydd,1310,E1,1,1413,4.09,0.61,5
2025-03-08,Thomas Macdonald-Wright,Charlie Duffin,NA,1310,Est,1,1425,4.7,0.61,6
2025-03-09,Thomas Macdonald-Wright,Lucas Zheng,e1 lucas zheng,1650,E1,0,1419,4.88,0.18,6
2025-03-09,Thomas Macdonald-Wright,Virat Nagari,w1 virat nagari,1310,W1,1,1431,5.49,0.61,7
2025-03-09,Thomas Macdonald-Wright,Henry Burton,d1 henry burton,1500,D1,0.5,1436,5.83,0.34,7.5
2025-03-25,Thomas Macdonald-Wright,Rhydian Fox,w1 rhydian fox,1310,W1,1,1448,6.44,0.61,8.5
2025-03-28,Thomas Macdonald-Wright,Glyn Hill,w1 glyn hill,1431,W1,0,1435,6.87,0.43,8.5
2025-04-01,Thomas Macdonald-Wright,Advik Ram,w1 advik ram,1390,W1,0,1420,7.36,0.49,8.5
2025-04-28,Thomas Macdonald-Wright,Luke Williams,w1 luke williams,1776,W1,1,1447,7.46,0.1,9.5
2025-04-29,Thomas Macdonald-Wright,Jacob Josh-Wright,w1 jacob josh-wright,1316,W1,1,1459,8.06,0.6,10.5
2025-05-21,Thomas Macdonald-Wright,Chris Daniel,w1 chris daniel,1745,W1,0,1456,8.17,0.11,10.5
2025-05-31,Thomas Macdonald-Wright,Ansh Sharma,NA,1558,ENG,0,1447,8.44,0.27,10.5
2025-06-11,Thomas Macdonald-Wright,Emyr-Wyn Francis,w1 emyr-wyn francis,1320,W1,0,1430,9.03,0.59,10.5
2025-06-16,Thomas Macdonald-Wright,Glyn Hill,w1 glyn hill,1431,W1,0,1417,9.46,0.43,10.5
2025-06-25,Thomas Macdonald-Wright,Elliott Chapman,w1 elliott chapman,1604,W1,0,1410,9.68,0.22,10.5
2025-01-07,Seth Livesey,Paul Sadler,n1 paul sadler,1741,N1,0,1381,0.11,0.11,0
2025-02-04,Seth Livesey,Peter S Fisher,n1 peter s fisher,1651,N1,1,1405,0.29,0.18,1
2025-03-11,Seth Livesey,Steve Richards,n1 steve richards,1715,N1,0,1401,0.42,0.13,1
2025-01-15,Rowan Ridge,Adam Cooper,g1 adam cooper,1344,G1,1,1395,0.55,0.55,1
2025-03-11,Tomos Bryant,James Williams,e1 james williams,1522,E1,0.5,1387,0.31,0.31,0.5
2025-01-22,Riley Fitzpatrick,Jeff Boyce,w1 jeff boyce,1524,W1,0,1364,0.3,0.3,0
2025-02-05,Riley Fitzpatrick,Wojtek Liponski,w1 wojtek liponski,1612,W1,1,1388,0.5,0.2,1
2025-02-07,Riley Fitzpatrick,Sunny Scordino,d1 sunny scordino,1350,D1,1,1402,1.03,0.53,2
2025-02-08,Riley Fitzpatrick,Ieuan Bevan Jones,e1 ieuan bevan jones,1589,E1,1,1425,1.25,0.22,3
2025-02-08,Riley Fitzpatrick,Michael Etchells,NA,1758,ENG,0,1422,1.35,0.1,3
2025-02-09,Riley Fitzpatrick,Konstantinos Bourke,NA,1728,ENG,0.5,1434,1.46,0.11,3.5
2025-02-09,Riley Fitzpatrick,Robert J Stebbings,NA,1812,ENG,0,1431,1.56,0.1,3.5
2025-02-12,Riley Fitzpatrick,Vlad Pintea,w1 vlad pintea,1740,W1,0,1428,1.67,0.11,3.5
2025-03-19,Riley Fitzpatrick,Nick Hale,w1 nick hale,1460,W1,1,1446,2.05,0.38,4.5
2025-03-26,Riley Fitzpatrick,Jonathan Baker,w1 jonathan baker,1586,W1,0,1440,2.28,0.23,4.5
2025-03-31,Riley Fitzpatrick,Paul Thomas,w1 paul thomas,1589,W1,0.5,1448,2.5,0.22,5
2025-04-16,Riley Fitzpatrick,Spencer Ripley,w1 spencer ripley,1469,W1,0,1437,2.87,0.37,5
2025-01-28,William Roberts,Tim Whitchurch,e1 tim whitchurch,1584,E1,0,1366,0.23,0.23,0
2025-01-15,Charlie Cooper,Charlie Gibson,g1 charlie gibson,1537,G1,0,1363,0.28,0.28,0
2025-02-04,Charlie Cooper,Chris Morton,g1 chris morton,1479,G1,0,1352,0.63,0.35,0
2025-02-15,Charlie Cooper,Elijah Daniel,g1 elijah daniel,1427,G1,0.5,1355,1.05,0.42,0.5
2025-02-15,Charlie Cooper,Tom Bennett,e1 tom bennett,1789,E1,0,1352,1.15,0.1,0.5
2025-02-15,Charlie Cooper,Mike Hollyman,e1 mike hollyman,1711,E1,0,1348,1.27,0.12,0.5
2025-02-16,Charlie Cooper,Kenul Herath,e1 kenul herath,1413,E1,0,1335,1.71,0.44,0.5
2025-02-16,Charlie Cooper,Adam Cooper,g1 adam cooper,1344,G1,1,1349,2.25,0.54,1.5
2025-02-18,Charlie Cooper,Ben Richards,g1 ben richards,1589,G1,0,1342,2.47,0.22,1.5
2025-04-25,Charlie Cooper,Lucas James,g1 lucas james,1748,G1,0,1339,2.57,0.1,1.5
2025-04-26,Charlie Cooper,David Norris,g1 david norris,1661,G1,0,1334,2.73,0.16,1.5
2025-04-27,Charlie Cooper,Joshua Colcombe,g1 joshua colcombe,1600,G1,0,1328,2.94,0.21,1.5
2025-04-27,Charlie Cooper,Jack Bull,g1 jack bull,1564,G1,0,1320,3.19,0.25,1.5
2025-04-26,Charlie Cooper,Chris Perry,g1 chris perry,1350,G1,0.5,1319,3.72,0.53,2
2025-01-17,Advik Samiaiya,Tony Goodchild,w1 tony goodchild,1526,W1,0.5,1377,0.29,0.29,0.5
2025-01-25,Advik Samiaiya,Ives Lav,NA,1736,ENG,0,1374,0.4,0.11,0.5
2025-01-25,Advik Samiaiya,Waylon Chan,NA,1780,ENG,0,1371,0.5,0.1,0.5
2025-02-21,Advik Samiaiya,Rhydian Fox,w1 rhydian fox,1310,W1,0.5,1368,1.09,0.59,1
2025-02-25,Advik Samiaiya,Cameron Ferguson,w1 cameron ferguson,1395,W1,1,1384,1.56,0.47,2
2025-03-08,Advik Samiaiya,Otto Bartlett-Davis,e1 otto bartlett-davis,1406,E1,0.5,1386,2.01,0.45,2.5
2025-03-08,Advik Samiaiya,Angel Srivastava,e1 angel srivastava,1310,E1,1,1398,2.6,0.59,3.5
2025-03-09,Advik Samiaiya,Arush Ajai Murthy,e1 arush ajai murthy,1700,E1,0.5,1409,2.73,0.13,4
2025-03-09,Advik Samiaiya,Xuan Di Lim,NA,1310,Est,0.5,1407,3.32,0.59,4.5
2025-03-09,Advik Samiaiya,Csege Hanczar,e1 csege hanczar,1644,E1,0.5,1417,3.49,0.17,5
2025-03-25,Advik Samiaiya,Dylan Greenway,w1 dylan greenway,1442,W1,0,1405,3.89,0.4,5
2025-03-28,Advik Samiaiya,David Foster,w1 david foster,1567,W1,1,1427,4.13,0.24,6
2025-04-29,Advik Samiaiya,David Foster,w1 david foster,1567,W1,1,1450,4.37,0.24,7
2025-01-25,Bethan Mattingley,Harri Singh Aujla,NA,1429,ENG,1,1388,0.42,0.42,1
2025-01-25,Bethan Mattingley,Samyaktha Vijayendra,NA,1414,ENG,0,1374,0.86,0.44,1
2025-06-10,Bethan Mattingley,Alun Smith,e1 alun smith,1819,E1,0,1371,0.96,0.1,1
2025-06-17,Bethan Mattingley,Rhys Bounds,e1 rhys bounds,1350,E1,1,1386,1.49,0.53,2
2025-06-24,Bethan Mattingley,Ishaan Marugonda,e1 ishaan marugonda,1310,E1,1,1398,2.08,0.59,3
2025-05-31,Bethan Mattingley,Ansh Sharma,NA,1558,ENG,0.5,1405,2.33,0.25,3.5
2025-05-31,Bethan Mattingley,Nathanael Waller,NA,1471,ENG,0,1395,2.69,0.36,3.5
2025-06-01,Bethan Mattingley,Rudra Shembekar,NA,1491,ENG,0,1385,3.02,0.33,3.5
2025-06-01,Bethan Mattingley,Zhixing Bai,NA,1515,ENG,0,1376,3.32,0.3,3.5
2025-01-05,Constantine Popov,Andrew Smith,w1 andrew smith,1779,W1,0,1365,0.1,0.1,0
2025-01-07,Constantine Popov,Nadi Grewal,e1 nadi grewal,1461,E1,1,1384,0.47,0.37,1
2025-01-21,Constantine Popov,Ben Hannigan,e1 ben hannigan,1568,E1,0,1377,0.71,0.24,1
2025-02-02,Constantine Popov,Chris Fox,e1 chris fox,1642,E1,0,1372,0.88,0.17,1
2025-02-04,Constantine Popov,Isaac Kennedy,e1 isaac kennedy,1310,E1,1,1384,1.46,0.58,2
2025-02-15,Constantine Popov,Ahmed Jamil,e1 ahmed jamil,1310,E1,1,1397,2.04,0.58,3
2025-02-15,Constantine Popov,Anievv Pirashanth,e1 anievv pirashanth,1310,E1,1,1409,2.62,0.58,4
2025-02-15,Constantine Popov,Elliott Harverson,d1 elliott harverson,1310,D1,1,1422,3.2,0.58,5
2025-02-16,Constantine Popov,Raga Sreya Mandadapu,e1 raga sreya mandadapu,1310,E1,1,1434,3.78,0.58,6
2025-02-16,Constantine Popov,Advik Ram,w1 advik ram,1390,W1,0.5,1435,4.25,0.47,6.5
2025-02-18,Constantine Popov,Wayne Holland,e1 wayne holland,1450,E1,0,1424,4.63,0.38,6.5
2025-02-23,Constantine Popov,Otto Bartlett-Davis,e1 otto bartlett-davis,1406,E1,0,1410,5.08,0.45,6.5
2025-03-04,Constantine Popov,Jai Are,e1 jai are,1310,E1,1,1423,5.66,0.58,7.5
2025-03-08,Constantine Popov,Jacob Josh-Wright,w1 jacob josh-wright,1316,W1,1,1436,6.23,0.57,8.5
2025-03-08,Constantine Popov,Iolo Coles,e1 iolo coles,1310,E1,1,1448,6.81,0.58,9.5
2025-03-09,Constantine Popov,Toby Reckless,e1 toby reckless,1490,E1,0,1438,7.14,0.33,9.5
2025-03-09,Constantine Popov,Adam Sarwar,e1 adam sarwar,1600,E1,0.5,1447,7.35,0.21,10
2025-03-09,Constantine Popov,Zoya Patan,e1 zoya patan,1310,E1,1,1459,7.93,0.58,11
2025-03-10,Constantine Popov,Oyvind Ringen,e1 oyvind ringen,1663,E1,0,1455,8.08,0.15,11
2025-04-01,Constantine Popov,Anthony Williams,e1 anthony williams,1410,E1,0,1442,8.52,0.44,11
2025-06-03,Constantine Popov,Anievv Pirashanth,e1 anievv pirashanth,1310,E1,1,1454,9.1,0.58,12
2025-06-10,Constantine Popov,Emyr Roberts,e1 emyr roberts,1769,E1,0,1451,9.2,0.1,12
2025-06-17,Constantine Popov,Jai Are,e1 jai are,1310,E1,0,1434,9.78,0.58,12
2025-01-21,Gideon Way,Ben Richards,g1 ben richards,1589,G1,0,1354,0.21,0.21,0
2025-01-29,Gideon Way,Oliver Rush,g1 oliver rush,1422,G1,1,1371,0.62,0.41,1
2025-02-18,Gideon Way,James Richards,g1 james richards,1517,G1,0.5,1378,0.91,0.29,1.5
2025-01-08,Samson Muputa,Michael Binding,g1 michael binding,1397,G1,0,1345,0.44,0.44,0
2025-01-28,June Evans,Vlad Pintea,w1 vlad pintea,1740,W1,0,1354,0.1,0.1,0
2025-02-19,June Evans,Aaron Davies,w1 aaron davies,1535,W1,0,1346,0.36,0.26,0
2025-03-10,June Evans,Roger Jenkins,w1 roger jenkins,1728,W1,0,1343,0.47,0.11,0
2025-03-19,June Evans,Alistair Bates,w1 alistair bates,1500,W1,0,1334,0.78,0.31,0
2025-03-25,June Evans,Vianney Foglizzo,w1 vianney foglizzo,1457,W1,0,1323,1.14,0.36,0
2025-04-15,June Evans,Roger Llewellyn,w1 roger llewellyn,1459,W1,0,1312,1.5,0.36,0
2025-04-16,June Evans,Kai Palmer,w1 kai palmer,1310,W1,0.5,1310,2.07,0.57,0.5
2025-04-22,June Evans,Aaron Davies,w1 aaron davies,1535,W1,0,1302,2.33,0.26,0.5
2025-04-30,June Evans,Tony Williams,w1 tony williams,1405,W1,0,1289,2.76,0.43,0.5
2025-04-18,Darcy Beck,Steve Williams (Cwm),g1 steve williams (cwm),1850,G1,0,1347,0.1,0.1,0
2025-04-19,Darcy Beck,Richard Larg,e1 richard larg,1542,E1,0,1340,0.35,0.25,0
2025-04-19,Darcy Beck,Stuart Enoch,e1 stuart enoch,1560,E1,0,1333,0.58,0.23,0
2025-04-20,Darcy Beck,Ann Tagg,g1 ann tagg,1550,G1,0,1325,0.82,0.24,0
2025-04-21,Darcy Beck,Peter Watkins,e1 peter watkins,1515,E1,0,1317,1.1,0.28,0
2025-04-21,Darcy Beck,Chris Thompson,g1 chris thompson,1393,G1,0,1304,1.54,0.44,0
2025-06-03,Rhys Bounds,Rohan Powell,e1 rohan powell,1310,E1,0,1333,0.56,0.56,0
2025-06-17,Rhys Bounds,Bethan Mattingley,e1 bethan mattingley,1370,E1,0,1319,1.03,0.47,0
2025-04-07,Ben Drury,Mark Reynolds,d1 mark reynolds,1523,D1,0,1342,0.27,0.27,0
2025-04-22,Ben Drury,Ray Greenwood,d1 ray greenwood,1539,D1,0,1334,0.52,0.25,0
2025-04-25,Chris Perry,Liam Powell-Jones,g1 liam powell-jones,1680,G1,0,1346,0.13,0.13,0
2025-04-26,Chris Perry,Ron Williams,g1 ron williams,1636,G1,0,1341,0.29,0.16,0
2025-04-27,Chris Perry,Jack Bull,g1 jack bull,1564,G1,1,1364,0.52,0.23,1
2025-04-26,Chris Perry,Charlie Cooper,g1 charlie cooper,1371,G1,0.5,1365,0.99,0.47,1.5
2025-02-09,Sunny Scordino,Henry Burton,d1 henry burton,1500,D1,1,1371,0.3,0.3,1
2025-02-07,Sunny Scordino,Riley Fitzpatrick,w1 riley fitzpatrick,1373,W1,0,1357,0.77,0.47,1
2025-02-08,Sunny Scordino,Konstantinos Bourke,NA,1728,ENG,0,1354,0.87,0.1,1
2025-02-08,Sunny Scordino,Joshua Phillips,e1 joshua phillips,1310,E1,0,1337,1.43,0.56,1
2025-04-24,Gareth Williams,Matthew Thomas,n1 matthew thomas,1670,N1,0,1346,0.14,0.14,0
2025-01-14,Adam Morris,Randall Wright,e1 randall wright,1535,E1,1,1368,0.25,0.25,1
2025-01-17,Adam Morris,Timur Ramzan,e1 timur ramzan,1557,E1,1,1392,0.48,0.23,2
2025-01-18,Adam Morris,Brendan O'Gorman,NA,1723,FIDE,0,1388,0.58,0.1,2
2025-01-18,Adam Morris,Chris Peters,e1 chris peters,1595,E1,0,1383,0.77,0.19,2
2025-01-19,Adam Morris,Randall Wright,e1 randall wright,1535,E1,1,1405,1.02,0.25,3
2025-02-04,Adam Morris,Dewi Llewellyn,e1 dewi llewellyn,1310,E1,1,1419,1.57,0.55,4
2025-02-11,Adam Morris,Robert Wallace,e1 robert wallace,1541,E1,1,1441,1.82,0.25,5
2025-04-15,Adam Morris,Mike Smith,e1 mike smith,1456,E1,1,1461,2.17,0.35,6
2025-02-04,Adam Morris,Dewi Llewellyn,e1 dewi llewellyn,1310,E1,0,1444,2.72,0.55,6
2025-03-11,Adam Morris,Evan Daniels,e1 evan daniels,1310,E1,1,1458,3.27,0.55,7
2025-01-15,Adam Cooper,Rowan Ridge,g1 rowan ridge,1382,G1,0,1331,0.45,0.45,0
2025-02-15,Adam Cooper,David Norris,g1 david norris,1661,G1,0.5,1341,0.59,0.14,0.5
2025-02-15,Adam Cooper,Joshua Colcombe,g1 joshua colcombe,1600,G1,0,1336,0.78,0.19,0.5
2025-02-16,Adam Cooper,Charlie Cooper,g1 charlie cooper,1371,G1,0,1322,1.24,0.46,0.5
2025-02-15,Adam Cooper,David Lewis,e1 david lewis,1785,E1,0,1319,1.34,0.1,0.5
2025-02-16,Adam Cooper,Govind Anandkumar,e1 govind anandkumar,1742,E1,0,1316,1.44,0.1,0.5
2025-02-18,Adam Cooper,Micah Matheson,g1 micah matheson,1300,G1,1,1329,2,0.56,1.5
2025-04-27,Adam Cooper,John A Williams,g1 john a williams,1680,G1,0,1325,2.13,0.13,1.5
2025-04-27,Adam Cooper,Andrew Balfe,g1 andrew balfe,1601,G1,0,1320,2.32,0.19,1.5
2025-04-26,Adam Cooper,Joshua Colcombe,g1 joshua colcombe,1600,G1,0,1314,2.51,0.19,1.5
2025-04-25,Adam Cooper,Bob Wiltshire,g1 bob wiltshire,1551,G1,0,1307,2.74,0.23,1.5
2025-06-16,Steve Maguire,Erion Pici,e1 erion pici,1597,E1,0,1332,0.18,0.18,0
2025-06-23,Steve Maguire,Ewan Goodjohn,e1 ewan goodjohn,1464,E1,0,1323,0.51,0.33,0
2025-01-20,Jack Poole,Mark Paffard,d1 mark paffard,1732,D1,0.5,1346,0.1,0.1,0.5
2025-02-18,Jack Poole,Michael Edwards,d1 michael edwards,1662,D1,0,1342,0.23,0.13,0.5
2025-03-24,Jack Poole,Mark Reynolds,d1 mark reynolds,1523,D1,0,1334,0.48,0.25,0.5
2025-04-07,Jack Poole,Robert Kay,d1 robert kay,1765,D1,0,1331,0.58,0.1,0.5
2025-04-22,Jack Poole,Gwyn Evans,d1 gwyn evans,1522,D1,0,1324,0.83,0.25,0.5
2025-06-16,Dave Mahoney,John Ryles,e1 john ryles,1589,E1,0,1325,0.18,0.18,0
2025-06-23,Dave Mahoney,Mark Bernhardt,e1 mark bernhardt,1310,E1,1,1340,0.71,0.53,1
2025-01-13,Artur Esteves,Kenul Herath,e1 kenul herath,1413,E1,0,1318,0.38,0.38,0
2025-01-27,Artur Esteves,Chris Kavanagh,e1 chris kavanagh,1426,E1,0,1307,0.74,0.36,0
2025-02-24,Artur Esteves,Mark Chinnick,e1 mark chinnick,1574,E1,1,1331,0.94,0.2,1
2025-03-10,Artur Esteves,Peter Watkins,e1 peter watkins,1515,E1,0,1323,1.2,0.26,1
2025-03-17,Artur Esteves,Antony Phillips,e1 antony phillips,1310,E1,0,1307,1.73,0.53,1
2025-02-12,Noah Pynn,Chris Thompson,g1 chris thompson,1393,G1,0.5,1328,0.4,0.4,0.5
2025-02-15,Noah Pynn,James Choung,e1 james choung,1456,E1,0,1318,0.72,0.32,0.5
2025-02-15,Noah Pynn,Rohan Powell,e1 rohan powell,1310,E1,1,1333,1.24,0.52,1.5
2025-02-15,Noah Pynn,Abir Deshpande,e1 abir deshpande,1310,E1,0,1317,1.76,0.52,1.5
2025-02-16,Noah Pynn,Angel Srivastava,e1 angel srivastava,1310,E1,0,1301,2.28,0.52,1.5
2025-01-21,Joseff Roberts,Mabon Hanczar,e1 mabon hanczar,1310,E1,0,1309,0.52,0.52,0
2025-03-08,William O'Connor-Gunston,Toby Blankley,e1 toby blankley,1456,E1,0,1314,0.32,0.32,0
2025-03-08,William O'Connor-Gunston,Deven Meshram,e1 deven meshram,1310,E1,1,1329,0.84,0.52,1
2025-03-09,William O'Connor-Gunston,Raga Sreya Mandadapu,e1 raga sreya mandadapu,1310,E1,0,1313,1.36,0.52,1
2025-03-09,William O'Connor-Gunston,Abir Deshpande,e1 abir deshpande,1310,E1,0,1298,1.88,0.52,1
2025-01-20,Gwawr Evans,Tomos Ilett,e1 tomos ilett,1455,E1,0,1312,0.32,0.32,0
2025-02-17,Gwawr Evans,Tom Jenney,e1 tom jenney,1427,E1,0,1301,0.67,0.35,0
2025-03-05,Gwawr Evans,Angus Lloyd,e1 angus lloyd,1522,E1,0,1294,0.91,0.24,0
2025-03-17,Gwawr Evans,Adam Sarwar,e1 adam sarwar,1600,E1,0,1289,1.08,0.17,0
2025-04-14,Gwawr Evans,Andy Basford,e1 andy basford,1672,E1,0,1285,1.2,0.12,0
2025-01-25,Yimo Liu,Muhammad Qadri,NA,1696,ENG,0,1318,0.1,0.1,0
2025-01-25,Yimo Liu,Malcolm Fletcher,NA,1666,ENG,1,1344,0.22,0.12,1
2025-02-15,Yimo Liu,Andrei Zhuravlev,e1 andrei zhuravlev,1606,E1,0,1339,0.38,0.16,1
2025-02-15,Yimo Liu,Angel Srivastava,e1 angel srivastava,1310,E1,0,1324,0.9,0.52,1
2025-02-15,Yimo Liu,Rohan Powell,e1 rohan powell,1310,E1,1,1338,1.42,0.52,2
2025-05-31,Yimo Liu,Rohan Theo Barbier- Ramaiah,NA,1730,ENG,0,1335,1.52,0.1,2
2025-05-31,Yimo Liu,Callum Hill,NA,1812,ENG,0,1332,1.62,0.1,2
2025-06-01,Yimo Liu,Avina Soleimani,NA,1713,ENG,0,1329,1.72,0.1,2
2025-01-24,Emyr-Wyn Francis,Tony Goodchild,w1 tony goodchild,1526,W1,0,1313,0.23,0.23,0
2025-02-04,Emyr-Wyn Francis,Advik Ram,w1 advik ram,1390,W1,1,1331,0.63,0.4,1
2025-02-12,Emyr-Wyn Francis,Stuart Thomas,w1 stuart thomas,1310,W1,0,1316,1.14,0.51,1
2025-03-11,Emyr-Wyn Francis,Advik Ram,w1 advik ram,1390,W1,0.5,1319,1.54,0.4,1.5
2025-06-03,Emyr-Wyn Francis,Carl Halpin,w1 carl halpin,1576,W1,0.5,1328,1.73,0.19,2
2025-06-11,Emyr-Wyn Francis,Thomas Macdonald-Wright,w1 thomas macdonald-wright,1385,W1,1,1346,2.14,0.41,3
2025-06-16,Emyr-Wyn Francis,Leon Vincent,w1 leon vincent,1531,W1,0,1339,2.37,0.23,3
2025-06-25,Emyr-Wyn Francis,Glyn Hill,w1 glyn hill,1431,W1,0,1328,2.72,0.35,3
2025-02-12,George Thompson,Elijah Daniel,g1 elijah daniel,1427,G1,0.5,1324,0.35,0.35,0.5
2025-01-20,Ieuan Din,Michael Edwards,d1 michael edwards,1662,D1,0,1314,0.12,0.12,0
2025-02-18,Ieuan Din,Mark Paffard,d1 mark paffard,1732,D1,1,1341,0.22,0.1,1
2025-03-04,Ieuan Din,Kevin Heady,d1 kevin heady,1715,D1,0,1338,0.32,0.1,1
2025-03-24,Ieuan Din,Robert Narayan-Taylor,d1 robert narayan-taylor,1611,D1,0.5,1349,0.48,0.16,1.5
2025-04-07,Ieuan Din,Mark Paffard,d1 mark paffard,1732,D1,0,1346,0.58,0.1,1.5
2025-04-23,Ieuan Din,Martin C Jones,d1 martin c jones,1832,D1,0,1343,0.68,0.1,1.5
2025-03-08,Ellis Jones,Otto Bartlett-Davis,e1 otto bartlett-davis,1406,E1,0,1305,0.37,0.37,0
2025-03-08,Ellis Jones,Angel Srivastava,e1 angel srivastava,1310,E1,0,1290,0.88,0.51,0
2025-03-09,Ellis Jones,Arush Ajai Murthy,e1 arush ajai murthy,1700,E1,0,1287,0.98,0.1,0
2025-03-09,Ellis Jones,Amir Jamil,e1 amir jamil,1310,E1,0,1271,1.49,0.51,0
2025-06-01,Ellis Jones,Anna Gray,NA,1584,ENG,0,1266,1.67,0.18,0
2025-06-01,Ellis Jones,Avina Soleimani,NA,1713,ENG,0,1263,1.77,0.1,0
2025-02-04,Jacob Josh-Wright,Casey Allen,w1 casey allen,1310,W1,1,1331,0.51,0.51,1
2025-02-25,Jacob Josh-Wright,Daniel Attrill,w1 daniel attrill,1467,W1,0,1322,0.81,0.3,1
2025-03-08,Jacob Josh-Wright,Constantine Popov,e1 constantine popov,1368,E1,0,1309,1.24,0.43,1
2025-03-08,Jacob Josh-Wright,Mabon Hanczar,e1 mabon hanczar,1310,E1,0.5,1309,1.75,0.51,1.5
2025-03-09,Jacob Josh-Wright,Sion Davies,NA,1310,Est,1,1324,2.26,0.51,2.5
2025-03-09,Jacob Josh-Wright,Felix Deng,e1 felix deng,1315,E1,1,1339,2.76,0.5,3.5
2025-03-09,Jacob Josh-Wright,Advik Ram,w1 advik ram,1390,W1,1,1357,3.16,0.4,4.5
2025-03-11,Jacob Josh-Wright,Dylan Greenway,w1 dylan greenway,1442,W1,0,1347,3.49,0.33,4.5
2025-04-29,Jacob Josh-Wright,Thomas Macdonald-Wright,w1 thomas macdonald-wright,1385,W1,0,1335,3.89,0.4,4.5
2025-05-31,Jacob Josh-Wright,George Tagg,NA,1570,ENG,0,1329,4.08,0.19,4.5
2025-05-31,Jacob Josh-Wright,Frederick Fenton,NA,1532,ENG,0,1322,4.3,0.22,4.5
2025-06-01,Jacob Josh-Wright,Anna Gray,NA,1584,ENG,0,1317,4.48,0.18,4.5
2025-06-10,Jacob Josh-Wright,Mike Richards,w1 mike richards,1510,W1,0,1310,4.73,0.25,4.5
2025-01-15,John Williams (W),Aaron Davies,w1 aaron davies,1535,W1,0,1309,0.22,0.22,0
2025-01-29,John Williams (W),Paul Bevan,w1 paul bevan,1456,W1,0,1300,0.53,0.31,0
2025-02-05,John Williams (W),Elliott Chapman,w1 elliott chapman,1604,W1,0,1295,0.69,0.16,0
2025-02-12,John Williams (W),Andrew Powell,w1 andrew powell,1461,W1,0,1286,0.99,0.3,0
2025-02-26,John Williams (W),Evan Whitehouse,w1 evan whitehouse,1766,W1,0,1283,1.09,0.1,0
2025-03-05,John Williams (W),Gary Harber,w1 gary harber,1436,W1,0,1273,1.42,0.33,0
2025-03-12,John Williams (W),Alistair Bates,w1 alistair bates,1500,W1,0,1265,1.68,0.26,0
2025-03-26,John Williams (W),Vaughan Thomas,w1 vaughan thomas,1507,W1,0.5,1273,1.93,0.25,0.5
2025-04-02,John Williams (W),Greg Goold,w1 greg goold,1459,W1,0,1264,2.24,0.31,0.5
2025-04-16,John Williams (W),Tony Williams,w1 tony williams,1405,W1,0.5,1268,2.61,0.37,1
2025-04-30,John Williams (W),Jack Mason,w1 jack mason,1393,W1,0,1256,3,0.39,1
2025-03-08,Felix Deng,Toby Reckless,e1 toby reckless,1490,E1,0,1307,0.27,0.27,0
2025-03-08,Felix Deng,Aarush Panchal,e1 aarush panchal,1310,E1,1,1322,0.78,0.51,1
2025-03-09,Felix Deng,Iolo Coles,e1 iolo coles,1310,E1,0,1307,1.29,0.51,1
2025-03-09,Felix Deng,Jacob Josh-Wright,w1 jacob josh-wright,1316,W1,0,1292,1.79,0.5,1
2025-03-09,Felix Deng,Vihaan Kharpas,e1 vihaan kharpas,1310,E1,0,1276,2.3,0.51,1
2025-06-03,Felix Deng,James Choung,e1 james choung,1456,E1,0.5,1282,2.61,0.31,1.5
2025-06-10,Felix Deng,Charlie Duffin,e1 charlie duffin,1310,E1,1,1297,3.12,0.51,2.5
2025-06-17,Felix Deng,Otto Bartlett-Davis,e1 otto bartlett-davis,1406,E1,0,1286,3.49,0.37,2.5
2025-06-24,Felix Deng,Aya Jamil,e1 aya jamil,1310,E1,0,1271,4,0.51,2.5
2025-01-21,Casey Allen,Dylan Greenway,w1 dylan greenway,1442,W1,0,1300,0.32,0.32,0
2025-02-04,Casey Allen,Jacob Josh-Wright,w1 jacob josh-wright,1316,W1,0,1286,0.81,0.49,0
2025-02-21,Casey Allen,John Giannini,w1 john giannini,1310,W1,1,1301,1.31,0.5,1
2025-04-22,Casey Allen,Nick Hale,w1 nick hale,1460,W1,0,1292,1.61,0.3,1
2025-03-04,Jai Are,Constantine Popov,e1 constantine popov,1368,E1,0,1297,0.42,0.42,0
2025-06-03,Jai Are,Simon Blackmore,e1 simon blackmore,1769,E1,0,1294,0.52,0.1,0
2025-06-10,Jai Are,Hirad Eshghabidi,e1 hirad eshghabidi,1310,E1,1,1309,1.02,0.5,1
2025-06-17,Jai Are,Constantine Popov,e1 constantine popov,1368,E1,1,1327,1.44,0.42,2
2025-06-24,Jai Are,Rohan Powell,e1 rohan powell,1310,E1,1,1342,1.94,0.5,3
2025-06-03,Harry Arnold,John McGregor,e1 john mcgregor,1921,E1,0,1307,0.1,0.1,0
2025-06-10,Harry Arnold,Anievv Pirashanth,e1 anievv pirashanth,1310,E1,0,1292,0.6,0.5,0
2025-06-17,Harry Arnold,Teilo Gruffydd,e1 teilo gruffydd,1310,E1,0,1277,1.1,0.5,0
2025-06-24,Harry Arnold,Sonia Eshraghi,e1 sonia eshraghi,1310,E1,1,1292,1.6,0.5,1
2025-01-15,Rajith Babu,Adrian May,w1 adrian may,1556,W1,0,1304,0.2,0.2,0
2025-02-05,Rajith Babu,Stuart Thomas,w1 stuart thomas,1310,W1,1,1319,0.7,0.5,1
2025-02-12,Rajith Babu,Glyn Hill,w1 glyn hill,1431,W1,0,1309,1.03,0.33,1
2025-02-19,Rajith Babu,Mike Richards,w1 mike richards,1510,W1,0,1302,1.27,0.24,1
2025-03-05,Rajith Babu,Roger Llewellyn,w1 roger llewellyn,1459,W1,0,1293,1.57,0.3,1
2025-03-26,Rajith Babu,Roger Llewellyn,w1 roger llewellyn,1459,W1,0,1284,1.87,0.3,1
2025-04-02,Rajith Babu,Stuart Thomas,w1 stuart thomas,1310,W1,1,1299,2.37,0.5,2
2025-06-16,Mark Bernhardt,Peter Watkins,e1 peter watkins,1515,E1,0.5,1318,0.24,0.24,0.5
2025-06-23,Mark Bernhardt,Dave Mahoney,e1 dave mahoney,1331,E1,0,1304,0.71,0.47,0.5
2025-03-09,Christopher Chao,Adam Sarwar,e1 adam sarwar,1600,E1,0.5,1320,0.16,0.16,0.5
2025-03-09,Christopher Chao,Sion Davies,e1 sion davies,1310,E1,1,1335,0.66,0.5,1.5
2025-03-09,Christopher Chao,Aarush Panchal,e1 aarush panchal,1310,E1,1,1350,1.16,0.5,2.5
2025-02-15,Iolo Coles,Adam Sarwar,e1 adam sarwar,1600,E1,0,1305,0.16,0.16,0
2025-02-15,Iolo Coles,Daniel Chaure-Larsen,e1 daniel chaure-larsen,1430,E1,1,1325,0.49,0.33,1
2025-02-15,Iolo Coles,Vihaan Kharpas,e1 vihaan kharpas,1310,E1,1,1340,0.99,0.5,2
2025-02-16,Iolo Coles,James Choung,e1 james choung,1456,E1,0,1331,1.29,0.3,2
2025-02-16,Iolo Coles,Daniel Katchi,e1 daniel katchi,1310,E1,0,1316,1.79,0.5,2
2025-03-08,Iolo Coles,Adam Sarwar,e1 adam sarwar,1600,E1,1,1341,1.95,0.16,3
2025-03-08,Iolo Coles,Constantine Popov,e1 constantine popov,1368,E1,0,1329,2.37,0.42,3
2025-03-09,Iolo Coles,Andrei Zhuravlev,e1 andrei zhuravlev,1606,E1,0,1324,2.52,0.15,3
2025-03-09,Iolo Coles,Felix Deng,e1 felix deng,1315,E1,1,1340,3.01,0.49,4
2025-03-09,Iolo Coles,Mabon Hanczar,e1 mabon hanczar,1310,E1,0.5,1340,3.51,0.5,4.5
2025-02-04,Ella Daniels,Mali Roberts,e1 mali roberts,1310,E1,0,1295,0.5,0.5,0
2025-02-04,Ella Daniels,Mali Roberts,e1 mali roberts,1310,E1,0,1280,1,0.5,0
2025-04-29,Ella Daniels,Tim Whitchurch,e1 tim whitchurch,1584,E1,0,1275,1.17,0.17,0
2025-05-06,Ella Daniels,Richard Gardner,e1 richard gardner,1310,E1,0,1260,1.67,0.5,0
2025-05-13,Ella Daniels,Antony Phillips,e1 antony phillips,1310,E1,0,1245,2.17,0.5,0
2025-01-14,Evan Daniels,Callum Martinson,e1 callum martinson,1310,E1,1,1325,0.5,0.5,1
2025-02-04,Evan Daniels,Richard Gardner,e1 richard gardner,1310,E1,1,1340,1,0.5,2
2025-02-04,Evan Daniels,Richard Gardner,e1 richard gardner,1310,E1,1,1355,1.5,0.5,3
2025-03-11,Evan Daniels,Adam Morris,e1 adam morris,1346,E1,0,1342,1.95,0.45,3
2025-05-06,Evan Daniels,Gareth Richards,e1 gareth richards,1632,E1,0,1337,2.09,0.14,3
2025-05-13,Evan Daniels,David Robinson,e1 david robinson,1898,E1,0,1334,2.19,0.1,3
2025-02-15,Aya Davies,Anievv Pirashanth,e1 anievv pirashanth,1310,E1,0,1295,0.5,0.5,0
2025-03-08,Sion Davies,Vihaan Kharpas,e1 vihaan kharpas,1310,E1,1,1325,0.5,0.5,1
2025-03-08,Sion Davies,Advik Ram,w1 advik ram,1390,W1,0,1313,0.89,0.39,1
2025-03-09,Sion Davies,Jacob Josh-Wright,w1 jacob josh-wright,1316,W1,0,1299,1.38,0.49,1
2025-03-09,Sion Davies,Ruzgar Unsal,e1 ruzgar unsal,1310,E1,1,1314,1.88,0.5,2
2025-03-09,Sion Davies,Christopher Chao,e1 christopher chao,1310,E1,0,1299,2.38,0.5,2
2025-03-08,Clara Deng,Elliott Harverson,d1 elliott harverson,1310,D1,1,1325,0.5,0.5,1
2025-03-08,Clara Deng,Henry Burton,d1 henry burton,1500,D1,0,1317,0.75,0.25,1
2025-03-09,Clara Deng,Lucas Zheng,e1 lucas zheng,1650,E1,0,1314,0.87,0.12,1
2025-03-09,Clara Deng,Ahmed Jamil,e1 ahmed jamil,1310,E1,1,1329,1.37,0.5,2
2025-03-09,Clara Deng,Zara Patan,e1 zara patan,1310,E1,1,1344,1.87,0.5,3
2025-06-03,Clara Deng,Toby Reckless,e1 toby reckless,1490,E1,0,1336,2.13,0.26,3
2025-06-10,Clara Deng,Llewelyn Gruffydd,e1 llewelyn gruffydd,1310,E1,1,1351,2.63,0.5,4
2025-06-17,Clara Deng,Chun Hin Tang,e1 chun hin tang,1310,E1,1,1366,3.13,0.5,5
2025-01-08,Abir Deshpande,Richard Cousins,e1 richard cousins,1598,E1,0,1305,0.16,0.16,0
2025-01-22,Abir Deshpande,Sam Jukes,e1 sam jukes,2013,E1,0,1302,0.26,0.1,0
2025-01-29,Abir Deshpande,Miltos Zoumekas,e1 miltos zoumekas,1670,E1,0,1299,0.37,0.11,0
2025-02-05,Abir Deshpande,Ivan De La Cruz,e1 ivan de la cruz,2110,E1,0,1296,0.47,0.1,0
2025-02-15,Abir Deshpande,Adam Sarwar,e1 adam sarwar,1600,E1,0,1291,0.63,0.16,0
2025-02-15,Abir Deshpande,Noah Pynn,g1 noah pynn,1325,G1,1,1307,1.11,0.48,1
2025-02-16,Abir Deshpande,Toby Blankley,e1 toby blankley,1456,E1,0,1298,1.41,0.3,1
2025-02-16,Abir Deshpande,Toby Reckless,e1 toby reckless,1490,E1,0,1290,1.67,0.26,1
2025-03-05,Abir Deshpande,Joshua McKenna,e1 joshua mckenna,1801,E1,0,1287,1.77,0.1,1
2025-03-08,Abir Deshpande,Andrei Zhuravlev,e1 andrei zhuravlev,1606,E1,1,1312,1.92,0.15,2
2025-03-08,Abir Deshpande,Zoya Patan,e1 zoya patan,1310,E1,1,1327,2.42,0.5,3
2025-03-09,Abir Deshpande,Toby Reckless,e1 toby reckless,1490,E1,0,1319,2.68,0.26,3
2025-03-09,Abir Deshpande,William O'Connor-Gunston,e1 william o'connor-gunston,1324,E1,1,1335,3.16,0.48,4
2025-03-09,Abir Deshpande,Rohan Powell,e1 rohan powell,1310,E1,0,1320,3.66,0.5,4
2025-03-08,Charlie Duffin,Anievv Pirashanth,e1 anievv pirashanth,1310,E1,0,1295,0.5,0.5,0
2025-03-08,Charlie Duffin,Thomas MacDonald-Wright,w1 thomas macdonald-wright,1385,W1,0,1283,0.89,0.39,0
2025-03-09,Charlie Duffin,Ishaan Marugonda,e1 ishaan marugonda,1310,E1,1,1298,1.39,0.5,1
2025-03-09,Charlie Duffin,Zara Patan,e1 zara patan,1310,E1,1,1313,1.89,0.5,2
2025-03-09,Charlie Duffin,Elliott Harverson,d1 elliott harverson,1310,D1,0.5,1313,2.39,0.5,2.5
2025-06-10,Charlie Duffin,Felix Deng,e1 felix deng,1315,E1,0,1298,2.88,0.49,2.5
2025-06-17,Charlie Duffin,Maharshi Ray,e1 maharshi ray,1310,E1,0.5,1298,3.38,0.5,3
2025-06-24,Charlie Duffin,Akshara Mandadapu,e1 akshara mandadapu,1310,E1,0.5,1298,3.88,0.5,3.5
2025-01-24,Erik Elgersma,John Giannini,w1 john giannini,1310,W1,1,1325,0.5,0.5,1
2025-02-07,William Erasmus,John Ward,w1 john ward,1398,W1,0,1299,0.38,0.38,0
2025-03-28,William Erasmus,Dylan Greenway,w1 dylan greenway,1442,W1,0,1289,0.7,0.32,0
2025-06-03,Hirad Eshghabidi,Csege Hanczar,e1 csege hanczar,1644,E1,0,1306,0.13,0.13,0
2025-06-10,Hirad Eshghabidi,Jai Are,e1 jai are,1310,E1,0,1291,0.63,0.5,0
2025-06-24,Hirad Eshghabidi,Zara Patan,e1 zara patan,1310,E1,0,1276,1.13,0.5,0
2025-06-03,Sonia Eshraghi,Seb Hoccom,e1 seb hoccom,1474,E1,0,1302,0.28,0.28,0
2025-06-10,Sonia Eshraghi,Mabon Hanczar,e1 mabon hanczar,1310,E1,0,1287,0.78,0.5,0
2025-06-17,Sonia Eshraghi,Akshara Mandadapu,e1 akshara mandadapu,1310,E1,0,1272,1.28,0.5,0
2025-06-24,Sonia Eshraghi,Harry Arnold,e1 harry arnold,1310,E1,0,1257,1.78,0.5,0
2025-01-28,Dean Evans,Patrick Civil,e1 patrick civil,1474,E1,0,1302,0.28,0.28,0
2025-05-06,Dean Evans,Bob Hurn,e1 bob hurn,1612,E1,0,1297,0.43,0.15,0
2025-04-14,Emrys Evans,Otto Bartlett-Davis,e1 otto bartlett-davis,1406,E1,0,1299,0.37,0.37,0
2025-01-28,Janet Evans,Eva Gregot,w1 eva gregot,1686,W1,0,1307,0.1,0.1,0
2025-02-19,Janet Evans,Kai Palmer,w1 kai palmer,1310,W1,1,1322,0.6,0.5,1
2025-03-05,Janet Evans,Derek Bellamy,w1 derek bellamy,1517,W1,0,1315,0.83,0.23,1
2025-03-10,Janet Evans,Karl Wendrich,w1 karl wendrich,1627,W1,0,1311,0.97,0.14,1
2025-03-25,Janet Evans,Alistair Bates,w1 alistair bates,1500,W1,0,1303,1.22,0.25,1
2025-04-08,Janet Evans,Louis Bathein,w1 louis bathein,1528,W1,0,1297,1.44,0.22,1
2025-04-15,Janet Evans,Gary Harber,w1 gary harber,1436,W1,1,1317,1.77,0.33,2
2025-04-22,Janet Evans,Adrian May,w1 adrian may,1556,W1,0,1311,1.97,0.2,2
2025-04-30,Janet Evans,Kai Palmer,w1 kai palmer,1310,W1,1,1326,2.47,0.5,3
2025-06-16,Tom Ferries,Ieuan Thomas,e1 ieuan thomas,1468,E1,0,1301,0.29,0.29,0
2025-06-23,Tom Ferries,Joshua Phillips,e1 joshua phillips,1310,E1,0,1286,0.79,0.5,0
2025-01-21,Rhydian Fox,Leon Vincent,w1 leon vincent,1531,W1,0,1303,0.22,0.22,0
2025-02-21,Rhydian Fox,Advik Samiaiya,w1 advik samiaiya,1371,W1,0.5,1306,0.63,0.41,0.5
2025-03-11,Rhydian Fox,David Foster,w1 david foster,1567,W1,0,1300,0.82,0.19,0.5
2025-03-25,Rhydian Fox,Thomas Macdonald-Wright,w1 thomas macdonald-wright,1385,W1,0,1289,1.21,0.39,0.5
2025-04-22,Rhydian Fox,Spencer Ripley,w1 spencer ripley,1469,W1,1,1310,1.5,0.29,1.5
2025-05-05,Rhydian Fox,Jack Mason,w1 jack mason,1393,W1,0,1299,1.88,0.38,1.5
2025-01-24,Tomos Francis,Thomas Macdonald-Wright,w1 thomas macdonald-wright,1385,W1,0,1298,0.39,0.39,0
2025-02-04,Tomos Francis,Maisy Miles,w1 maisy miles,1310,W1,1,1313,0.89,0.5,1
2025-02-15,Tomos Francis,Steve Williams (Cwm),g1 steve williams (cwm),1850,G1,0,1310,0.99,0.1,1
2025-02-16,Tomos Francis,Stuart Enoch,e1 stuart enoch,1560,E1,0,1304,1.18,0.19,1
2025-02-16,Tomos Francis,Joshua Colcombe,g1 joshua colcombe,1600,G1,0,1300,1.34,0.16,1
2025-06-03,Tomos Francis,David Foster,w1 david foster,1567,W1,0,1294,1.53,0.19,1
2025-06-10,Tomos Francis,Adrian May,w1 adrian may,1556,W1,0,1288,1.73,0.2,1
2025-06-16,Tomos Francis,Andrew Powell,w1 andrew powell,1461,W1,0,1279,2.03,0.3,1
2025-06-25,Tomos Francis,Advik Ram,w1 advik ram,1390,W1,0,1268,2.42,0.39,1
2025-01-14,Richard Gardner,Dewi Llewellyn,e1 dewi llewellyn,1310,E1,1,1325,0.5,0.5,1
2025-02-04,Richard Gardner,Evan Daniels,e1 evan daniels,1310,E1,0,1310,1,0.5,1
2025-02-04,Richard Gardner,Evan Daniels,e1 evan daniels,1310,E1,0,1295,1.5,0.5,1
2025-03-11,Richard Gardner,Dawid Kubica,e1 dawid kubica,1310,E1,0,1280,2,0.5,1
2025-05-06,Richard Gardner,Ella Daniels,e1 ella daniels,1310,E1,1,1295,2.5,0.5,2
2025-05-13,Richard Gardner,Wayne Holland,e1 wayne holland,1450,E1,0,1286,2.81,0.31,2
2025-01-24,John Giannini,Erik Elgersma,w1 erik elgersma,1310,W1,0,1295,0.5,0.5,0
2025-01-29,John Giannini,Stuart Thomas,w1 stuart thomas,1310,W1,0.5,1295,1,0.5,0.5
2025-02-07,John Giannini,Thomas Macdonald-Wright,w1 thomas macdonald-wright,1385,W1,0,1283,1.39,0.39,0.5
2025-02-10,John Giannini,Jack Mason,w1 jack mason,1393,W1,0,1272,1.77,0.38,0.5
2025-02-21,John Giannini,Casey Allen,w1 casey allen,1310,W1,0,1257,2.27,0.5,0.5
2025-03-25,John Giannini,Maisy Miles,w1 maisy miles,1310,W1,1,1272,2.77,0.5,1.5
2025-04-29,John Giannini,Maisy Miles,w1 maisy miles,1310,W1,1,1287,3.27,0.5,2.5
2025-03-17,Daniel Graczyk,Tom Jenney,e1 tom jenney,1427,E1,0,1300,0.34,0.34,0
2025-02-15,Llewelyn Gruffydd,Raga Sreya Mandadapu,e1 raga sreya mandadapu,1310,E1,0,1295,0.5,0.5,0
2025-02-15,Llewelyn Gruffydd,Ahmed Jamil,e1 ahmed jamil,1310,E1,0.5,1295,1,0.5,0.5
2025-02-15,Llewelyn Gruffydd,Theo Otterburn,d1 theo otterburn,1310,D1,1,1310,1.5,0.5,1.5
2025-02-16,Llewelyn Gruffydd,Teilo Gruffydd,e1 teilo gruffydd,1310,E1,0,1295,2,0.5,1.5
2025-02-16,Llewelyn Gruffydd,Elliott Harverson,d1 elliott harverson,1310,D1,1,1310,2.5,0.5,2.5
2025-06-03,Llewelyn Gruffydd,Otto Bartlett-Davis,e1 otto bartlett-davis,1406,E1,0,1299,2.87,0.37,2.5
2025-06-10,Llewelyn Gruffydd,Clara Deng,e1 clara deng,1310,E1,0,1284,3.37,0.5,2.5
2025-06-17,Llewelyn Gruffydd,Zoya Patan,e1 zoya patan,1310,E1,1,1299,3.87,0.5,3.5
2025-06-24,Llewelyn Gruffydd,Maharshi Ray,e1 maharshi ray,1310,E1,0,1284,4.37,0.5,3.5
2025-02-15,Teilo Gruffydd,Advik Ram,w1 advik ram,1390,W1,0,1298,0.39,0.39,0
2025-02-15,Teilo Gruffydd,Theo Otterburn,d1 theo otterburn,1310,D1,1,1313,0.89,0.5,1
2025-02-15,Teilo Gruffydd,Ahmed Jamil,e1 ahmed jamil,1310,E1,0,1298,1.39,0.5,1
2025-02-16,Teilo Gruffydd,Llewelyn Gruffydd,e1 llewelyn gruffydd,1310,E1,1,1313,1.89,0.5,2
2025-02-18,Teilo Gruffydd,Rayyan Ridzuan,e1 rayyan ridzuan,1310,E1,0,1298,2.39,0.5,2
2025-06-03,Teilo Gruffydd,Lucas Zheng,e1 lucas zheng,1650,E1,0,1295,2.51,0.12,2
2025-06-10,Teilo Gruffydd,Chun Hin Tang,e1 chun hin tang,1310,E1,0,1280,3.01,0.5,2
2025-06-17,Teilo Gruffydd,Harry Arnold,e1 harry arnold,1310,E1,1,1295,3.51,0.5,3
2025-06-24,Teilo Gruffydd,Anievv Pirashanth,e1 anievv pirashanth,1310,E1,0,1280,4.01,0.5,3
2025-01-24,Viktoria Halstian,Daniel Attrill,w1 daniel attrill,1467,W1,1,1331,0.29,0.29,1
2025-01-17,Mabon Hanczar,John A Williams,g1 john a williams,1680,G1,0,1307,0.11,0.11,0
2025-01-18,Mabon Hanczar,David Belochkin,e1 david belochkin,1803,E1,0,1304,0.21,0.1,0
2025-01-19,Mabon Hanczar,Timur Ramzan,e1 timur ramzan,1557,E1,0,1298,0.4,0.19,0
2025-01-19,Mabon Hanczar,James Williams,e1 james williams,1522,E1,0,1291,0.63,0.23,0
2025-01-21,Mabon Hanczar,Joseff Roberts,e1 joseff roberts,1325,E1,1,1307,1.11,0.48,1
2025-02-04,Mabon Hanczar,James Choung,e1 james choung,1456,E1,0,1298,1.41,0.3,1
2025-03-08,Mabon Hanczar,Toby Blankley,e1 toby blankley,1456,E1,0,1289,1.71,0.3,1
2025-03-08,Mabon Hanczar,Jacob Josh-Wright,w1 jacob josh-wright,1316,W1,0.5,1289,2.2,0.49,1.5
2025-03-09,Mabon Hanczar,Raga Sreya Mandadapu,e1 raga sreya mandadapu,1310,E1,1,1304,2.7,0.5,2.5
2025-03-09,Mabon Hanczar,Iolo Coles,e1 iolo coles,1310,E1,0.5,1304,3.2,0.5,3
2025-03-09,Mabon Hanczar,Zoya Patan,e1 zoya patan,1310,E1,1,1319,3.7,0.5,4
2025-06-03,Mabon Hanczar,James Powell,e1 james powell,1400,E1,0,1308,4.07,0.37,4
2025-06-10,Mabon Hanczar,Sonia Eshraghi,e1 sonia eshraghi,1310,E1,1,1323,4.57,0.5,5
2025-06-17,Mabon Hanczar,Bence Szakmany,e1 bence szakmany,1969,E1,0,1320,4.67,0.1,5
2025-02-16,Elliott Harverson,Theo Otterburn,d1 theo otterburn,1310,D1,0.5,1310,0.5,0.5,0.5
2025-02-15,Elliott Harverson,Thomas MacDonald-Wright,w1 thomas macdonald-wright,1385,W1,0,1298,0.89,0.39,0.5
2025-02-15,Elliott Harverson,Constantine Popov,e1 constantine popov,1368,E1,0,1286,1.31,0.42,0.5
2025-02-16,Elliott Harverson,Llewelyn Gruffydd,e1 llewelyn gruffydd,1310,E1,0,1271,1.81,0.5,0.5
2025-03-08,Elliott Harverson,Ishaan Marugonda,e1 ishaan marugonda,1310,E1,0,1256,2.31,0.5,0.5
2025-03-08,Elliott Harverson,Clara Deng,e1 clara deng,1310,E1,0,1241,2.81,0.5,0.5
2025-03-09,Elliott Harverson,Virat Nagari,e1 virat nagari,1310,E1,0.5,1241,3.31,0.5,1
2025-02-09,Elliott Harverson,Charlie Duffin,e1 charlie duffin,1310,E1,0.5,1241,3.81,0.5,1.5
2025-05-06,Ismail Ismail,Stefan Le Roy,e1 stefan le roy,1734,E1,0,1307,0.1,0.1,0
2025-02-15,Ahmed Jamil,Constantine Popov,e1 constantine popov,1368,E1,0,1297,0.42,0.42,0
2025-02-15,Ahmed Jamil,Llewelyn Gruffydd,e1 llewelyn gruffydd,1310,E1,0.5,1297,0.92,0.5,0.5
2025-02-15,Ahmed Jamil,Teilo Gruffydd,e1 teilo gruffydd,1310,E1,1,1312,1.42,0.5,1.5
2025-02-16,Ahmed Jamil,Raga Sreya Mandadapu,e1 raga sreya mandadapu,1310,E1,0,1297,1.92,0.5,1.5
2025-02-16,Ahmed Jamil,Thomas MacDonald-Wright,w1 thomas macdonald-wright,1385,W1,1,1316,2.31,0.39,2.5
2025-03-08,Ahmed Jamil,Lucas Zheng,e1 lucas zheng,1650,E1,0,1312,2.43,0.12,2.5
2025-03-09,Ahmed Jamil,Zara Patan,e1 zara patan,1310,E1,1,1327,2.93,0.5,3.5
2025-03-09,Ahmed Jamil,Clara Deng,e1 clara deng,1310,E1,0,1312,3.43,0.5,3.5
2025-03-09,Ahmed Jamil,Ishaan Marugonda,e1 ishaan marugonda,1310,E1,1,1327,3.93,0.5,4.5
2025-03-09,Ahmed Jamil,Anievv Pirashanth,e1 anievv pirashanth,1310,E1,0,1312,4.43,0.5,4.5
2025-06-03,Ahmed Jamil,Kam Choo Yin,e1 kam choo yin,1759,E1,0,1309,4.53,0.1,4.5
2025-06-10,Ahmed Jamil,Jye Landon,e1 jye landon,1310,E1,1,1324,5.03,0.5,5.5
2025-06-17,Ahmed Jamil,Brendan Lee,e1 brendan lee,1310,E1,0,1309,5.53,0.5,5.5
2025-06-24,Ahmed Jamil,Craig Northwood,e1 craig northwood,1310,E1,0,1294,6.03,0.5,5.5
2025-01-21,Amir Jamil,Richard Larg,e1 richard larg,1542,E1,0,1304,0.21,0.21,0
2025-01-27,Amir Jamil,Ieuan Thomas,e1 ieuan thomas,1468,E1,0,1295,0.5,0.29,0
2025-02-02,Amir Jamil,Paul Mills,g1 paul mills,1717,G1,0,1292,0.6,0.1,0
2025-02-15,Amir Jamil,Toby Reckless,e1 toby reckless,1490,E1,0,1284,0.86,0.26,0
2025-02-15,Amir Jamil,Angel Srivastava,e1 angel srivastava,1310,E1,0,1269,1.36,0.5,0
2025-02-16,Amir Jamil,Daniel Chaure-Larsen,e1 daniel chaure-larsen,1430,E1,0,1259,1.69,0.33,0
2025-02-18,Amir Jamil,Antony Phillips,e1 antony phillips,1310,E1,0,1244,2.19,0.5,0
2025-03-08,Amir Jamil,Csege Hanczar,e1 csege hanczar,1644,E1,0,1240,2.32,0.13,0
2025-03-08,Amir Jamil,Haoyang Jiang,e1 haoyang jiang,1310,E1,0,1225,2.82,0.5,0
2025-03-09,Amir Jamil,Ellis Jones,e1 ellis jones,1316,E1,1,1241,3.31,0.49,1
2025-03-09,Amir Jamil,Elijah Daniel,g1 elijah daniel,1427,G1,0,1231,3.65,0.34,1
2025-04-01,Amir Jamil,Antony Phillips,e1 antony phillips,1310,E1,1,1246,4.15,0.5,2
2025-03-09,Amir Jamil,Arush Ajai Murthy,e1 arush ajai murthy,1700,E1,1,1273,4.25,0.1,3
2025-06-10,Amir Jamil,Shazil Umer,e1 shazil umer,1310,E1,1,1288,4.75,0.5,4
2025-06-17,Amir Jamil,Adam Sarwar,e1 adam sarwar,1600,E1,0,1283,4.91,0.16,4
2025-06-10,Aya Jamil,Akshara Mandadapu,e1 akshara mandadapu,1310,E1,1,1325,0.5,0.5,1
2025-06-17,Aya Jamil,James Choung,e1 james choung,1456,E1,0,1316,0.8,0.3,1
2025-06-24,Aya Jamil,Felix Deng,e1 felix deng,1315,E1,1,1331,1.29,0.49,2
2025-03-08,Haoyang Jiang,Kenul Herath,e1 kenul herath,1413,E1,0,1299,0.36,0.36,0
2025-03-08,Haoyang Jiang,Amir Jamil,e1 amir jamil,1310,E1,1,1314,0.86,0.5,1
2025-03-09,Haoyang Jiang,Daniel Katchi,e1 daniel katchi,1310,E1,0,1299,1.36,0.5,1
2025-03-09,Haoyang Jiang,Elijah Daniel,g1 elijah daniel,1427,G1,0,1289,1.7,0.34,1
2025-06-24,Finn Jones,Csombor Hanczar,e1 csombor hanczar,1590,E1,0,1305,0.17,0.17,0
2025-01-15,Henry Jones,Hamid Farani Sani,e1 hamid farani sani,1663,E1,0,1307,0.12,0.12,0
2025-01-22,Henry Jones,Dave McGhee,e1 dave mcghee,1995,E1,0,1304,0.22,0.1,0
2025-01-29,Henry Jones,Richard Cousins,e1 richard cousins,1598,E1,0,1299,0.38,0.16,0
2025-01-27,Daniel Katchi,Zirui Xu,e1 zirui xu,1310,E1,1,1325,0.5,0.5,1
2025-02-15,Daniel Katchi,James Choung,e1 james choung,1456,E1,0,1316,0.8,0.3,1
2025-02-15,Daniel Katchi,Adam Sarwar,e1 adam sarwar,1600,E1,0,1311,0.96,0.16,1
2025-02-16,Daniel Katchi,Iolo Coles,e1 iolo coles,1310,E1,1,1326,1.46,0.5,2
2025-02-24,Daniel Katchi,Anthony Williams,e1 anthony williams,1410,E1,0,1315,1.82,0.36,2
2025-03-08,Daniel Katchi,Arush Ajai Murthy,e1 arush ajai murthy,1700,E1,0,1312,1.92,0.1,2
2025-03-08,Daniel Katchi,Chun Hin Tang,e1 chun hin tang,1310,E1,0,1297,2.42,0.5,2
2025-03-09,Daniel Katchi,Otto Bartlett-Davis,e1 otto bartlett-davis,1406,E1,0,1286,2.79,0.37,2
2025-03-09,Daniel Katchi,Haoyang Jiang,e1 haoyang jiang,1310,E1,1,1301,3.29,0.5,3
2025-03-24,Daniel Katchi,Ben Hannigan,e1 ben hannigan,1568,E1,0,1296,3.47,0.18,3
2025-06-16,Daniel Katchi,Sam White,e1 sam white,1587,E1,0,1291,3.64,0.17,3
2025-06-23,Daniel Katchi,Mike White,e1 mike white,1394,E1,0.5,1294,4.02,0.38,3.5
2025-01-25,Isaac Kennedy,Joshua Phuah,NA,1369,ENG,0,1298,0.42,0.42,0
2025-01-25,Isaac Kennedy,Robin Sykes,NA,1455,ENG,0,1288,0.72,0.3,0
2025-02-04,Isaac Kennedy,Constantine Popov,e1 constantine popov,1368,E1,0,1276,1.14,0.42,0
2025-02-15,Vihaan Kharpas,Daniel Chaure-Larsen,e1 daniel chaure-larsen,1430,E1,1,1330,0.33,0.33,1
2025-02-15,Vihaan Kharpas,Toby Reckless,e1 toby reckless,1490,E1,0.5,1337,0.59,0.26,1.5
2025-02-15,Vihaan Kharpas,Iolo Coles,e1 iolo coles,1310,E1,0,1322,1.09,0.5,1.5
2025-02-16,Vihaan Kharpas,Otto Bartlett-Davis,e1 otto bartlett-davis,1406,E1,0,1311,1.46,0.37,1.5
2025-02-16,Vihaan Kharpas,Angel Srivastava,e1 angel srivastava,1310,E1,1,1326,1.96,0.5,2.5
2025-03-08,Vihaan Kharpas,Andrei Zhuravlev,e1 andrei zhuravlev,1606,E1,0,1322,2.11,0.15,2.5
2025-03-08,Vihaan Kharpas,Sion Davies,e1 sion davies,1310,E1,0,1307,2.61,0.5,2.5
2025-03-09,Vihaan Kharpas,Felix Deng,e1 felix deng,1315,E1,1,1322,3.1,0.49,3.5
2025-03-09,Vihaan Kharpas,Rohan Powell,e1 rohan powell,1310,E1,0,1307,3.6,0.5,3.5
2025-03-09,Vihaan Kharpas,Aarush Panchal,e1 aarush panchal,1310,E1,0.5,1307,4.1,0.5,4
2025-02-04,Dawid Kubica,Randell Wright,NA,1,E1,0,1280,1,1,0
2025-02-04,Dawid Kubica,Randell Wright,NA,1,E1,0,1250,2,1,0
2025-03-11,Dawid Kubica,Richard Gardner,e1 richard gardner,1310,E1,1,1265,2.5,0.5,1
2025-04-29,Dawid Kubica,James Williams,e1 james williams,1522,E1,0,1258,2.73,0.23,1
2025-05-13,Dawid Kubica,Mali Roberts,e1 mali roberts,1310,E1,1,1273,3.23,0.5,2
2025-06-10,Jye Landon,Ahmed Jamil,e1 ahmed jamil,1310,E1,0,1295,0.5,0.5,0
2025-03-10,Brendan Lee,Kenul Herath,e1 kenul herath,1413,E1,0,1299,0.36,0.36,0
2025-06-03,Brendan Lee,Zoya Patan,e1 zoya patan,1310,E1,1,1314,0.86,0.5,1
2025-06-10,Brendan Lee,Seb Hoccom,e1 seb hoccom,1474,E1,0,1306,1.14,0.28,1
2025-06-17,Brendan Lee,Ahmed Jamil,e1 ahmed jamil,1310,E1,1,1321,1.64,0.5,2
2025-06-24,Brendan Lee,James Powell,e1 james powell,1400,E1,1,1340,2.01,0.37,3
2025-03-09,Xuan Di Lim,Kenul Herath,e1 kenul herath,1413,E1,0,1299,0.36,0.36,0
2025-03-09,Xuan Di Lim,Advik Samiaiya,w1 advik samiaiya,1371,W1,0.5,1302,0.77,0.41,0.5
2025-01-14,Dewi Llewellyn,Richard Gardner,e1 richard gardner,1310,E1,0,1295,0.5,0.5,0
2025-02-04,Dewi Llewellyn,Adam Morris,e1 adam morris,1346,E1,0,1282,0.95,0.45,0
2025-02-04,Dewi Llewellyn,Adam Morris,e1 adam morris,1346,E1,1,1298,1.4,0.45,1
2025-06-03,Samy Magulari,Andrei Zhuravlev,e1 andrei zhuravlev,1606,E1,0,1305,0.15,0.15,0
2025-06-03,Akshara Mandadapu,Tim Kett,e1 tim kett,2209,E1,0,1307,0.1,0.1,0
2025-06-10,Akshara Mandadapu,Aya Jamil,e1 aya jamil,1310,E1,0,1292,0.6,0.5,0
2025-06-17,Akshara Mandadapu,Sonia Eshraghi,e1 sonia eshraghi,1310,E1,1,1307,1.1,0.5,1
2025-06-24,Akshara Mandadapu,Charlie Duffin,e1 charlie duffin,1310,E1,0.5,1307,1.6,0.5,1.5
2025-02-15,Raga Sreya Mandadapu,Llewelyn Gruffydd,e1 llewelyn gruffydd,1310,E1,1,1325,0.5,0.5,1
2025-02-15,Raga Sreya Mandadapu,Ruzgar Unsal,e1 ruzgar unsal,1310,E1,1,1340,1,0.5,2
2025-02-15,Raga Sreya Mandadapu,Advik Ram,w1 advik ram,1390,W1,1,1358,1.39,0.39,3
2025-02-16,Raga Sreya Mandadapu,Constantine Popov,e1 constantine popov,1368,E1,0,1346,1.81,0.42,3
2025-02-16,Raga Sreya Mandadapu,Ahmed Jamil,e1 ahmed jamil,1310,E1,1,1361,2.31,0.5,4
2025-03-08,Raga Sreya Mandadapu,Adam Sarwar,e1 adam sarwar,1600,E1,0,1356,2.47,0.16,4
2025-03-09,Raga Sreya Mandadapu,Mabon Hanczar,e1 mabon hanczar,1310,E1,0,1341,2.97,0.5,4
2025-03-09,Raga Sreya Mandadapu,William O'Connor-Gunston,e1 william o'connor-gunston,1324,E1,1,1357,3.45,0.48,5
2025-01-14,Callum Martinson,Evan Daniels,e1 evan daniels,1310,E1,0,1295,0.5,0.5,0
2025-03-08,Ishaan Marugonda,Elliott Harverson,d1 elliott harverson,1310,D1,1,1325,0.5,0.5,1
2025-03-08,Ishaan Marugonda,Henry Burton,d1 henry burton,1500,D1,0,1317,0.75,0.25,1
2025-03-09,Ishaan Marugonda,Ahmed Jamil,e1 ahmed jamil,1310,E1,0,1302,1.25,0.5,1
2025-03-09,Ishaan Marugonda,Charlie Duffin,e1 charlie duffin,1310,E1,0,1287,1.75,0.5,1
2025-03-09,Ishaan Marugonda,Virat Nagari,e1 virat nagari,1310,E1,0,1272,2.25,0.5,1
2025-06-10,Ishaan Marugonda,James Choung,e1 james choung,1456,E1,0,1263,2.55,0.3,1
2025-06-17,Ishaan Marugonda,Zirui Xu,e1 zirui xu,1310,E1,1,1278,3.05,0.5,2
2025-06-24,Ishaan Marugonda,Bethan Mattingley,e1 bethan mattingley,1370,E1,0,1266,3.46,0.41,2
2025-02-15,Finn Mathews,Theo Otterburn,d1 theo otterburn,1310,D1,1,1325,0.5,0.5,1
2025-02-15,Finn Mathews,Advik Ram,w1 advik ram,1390,W1,0,1313,0.89,0.39,1
2025-03-08,Deven Meshram,William O'Connor-Gunston,e1 william o'connor-gunston,1324,E1,0,1296,0.48,0.48,0
2025-03-08,Deven Meshram,Zoya Patan,e1 zoya patan,1310,E1,0,1281,0.98,0.5,0
2025-01-21,Maisy Miles,Advik Ram,w1 advik ram,1390,W1,1,1328,0.39,0.39,1
2025-02-04,Maisy Miles,Tomos Francis,w1 tomos francis,1310,W1,0,1313,0.89,0.5,1
2025-02-21,Maisy Miles,Jack Mason,w1 jack mason,1393,W1,0,1302,1.27,0.38,1
2025-03-25,Maisy Miles,John Giannini,w1 john giannini,1310,W1,0,1287,1.77,0.5,1
2025-04-08,Maisy Miles,Advik Ram,w1 advik ram,1390,W1,0,1275,2.16,0.39,1
2025-04-29,Maisy Miles,John Giannini,w1 john giannini,1310,W1,0,1260,2.66,0.5,1
2025-02-12,Phil Moss,Eva Gregot,w1 eva gregot,1686,W1,0,1307,0.1,0.1,0
2025-02-26,Phil Moss,Greg Goold,w1 greg goold,1459,W1,0.5,1313,0.4,0.3,0.5
2025-03-19,Phil Moss,Greg Goold,w1 greg goold,1459,W1,0,1304,0.7,0.3,0.5
2025-03-09,Virat Nagari,Elliott Harverson,d1 elliott harverson,1310,D1,0.5,1310,0.5,0.5,0.5
2025-03-09,Virat Nagari,Ishaan Marugonda,e1 ishaan marugonda,1310,E1,1,1325,1,0.5,1.5
2025-03-09,Virat Nagari,Thomas MacDonald-Wright,w1 thomas macdonald-wright,1385,W1,0,1313,1.39,0.39,1.5
2025-03-09,Virat Nagari,Elliott Harverson,d1 elliott harverson,1310,D1,0.5,1310,0.5,0.5,0.5
2025-03-09,Virat Nagari,Thomas Macdonald-Wright,w1 thomas macdonald-wright,1385,W1,0,1298,0.89,0.39,0.5
2025-03-09,Virat Nagari,Ishaan Marugonda,e1 ishaan marugonda,1310,E1,1,1313,1.39,0.5,1.5
2025-06-17,Craig Northwood,Mark Reckless,e1 mark reckless,1536,E1,0,1304,0.21,0.21,0
2025-06-24,Craig Northwood,Ahmed Jamil,e1 ahmed jamil,1310,E1,1,1319,0.71,0.5,1
2025-06-17,James Northwood,Csege Hanczar,e1 csege hanczar,1644,E1,0,1306,0.13,0.13,0
2025-06-24,James Northwood,Chun Hin Tang,e1 chun hin tang,1310,E1,1,1321,0.63,0.5,1
2025-03-08,William O'Connor Gunston,Deven Meshram,NA,1310,Est,1,1325,0.5,0.5,1
2025-03-08,William O'Connor Gunston,Toby Blankley,e1 toby blankley,1456,E1,0,1316,0.8,0.3,1
2025-03-09,William O'Connor Gunston,Abir Deshpande,e1 abir deshpande,1310,E1,0,1301,1.3,0.5,1
2025-03-09,William O'Connor Gunston,Raga Sreya Mandadapu,e1 raga sreya mandadapu,1310,E1,0,1286,1.8,0.5,1
2025-04-08,William O'Connor Gunston,Dylan Greenway,w1 dylan greenway,1442,W1,0,1276,2.12,0.32,1
2025-01-21,David Orford,Micah Matheson,g1 micah matheson,1300,G1,0,1295,0.51,0.51,0
2025-02-04,David Orford,David Hurst,NA,1,G1,0,1265,1.51,1,0
2025-02-15,Theo Otterburn,Finn Mathews,w1 finn mathews,1310,W1,0,1295,0.5,0.5,0
2025-02-15,Theo Otterburn,Teilo Gruffydd,e1 teilo gruffydd,1310,E1,0,1280,1,0.5,0
2025-02-15,Theo Otterburn,Llewelyn Gruffydd,e1 llewelyn gruffydd,1310,E1,0,1265,1.5,0.5,0
2025-02-16,Theo Otterburn,Elliott Harverson,d1 elliott harverson,1310,D1,0.5,1265,2,0.5,0.5
2025-02-16,Theo Otterburn,Anievv Pirashanth,e1 anievv pirashanth,1310,E1,0,1250,2.5,0.5,0.5
2025-01-22,Kai Palmer,Greg Goold,w1 greg goold,1459,W1,0,1301,0.3,0.3,0
2025-02-12,Kai Palmer,Wojtek Liponski,w1 wojtek liponski,1612,W1,0,1297,0.45,0.15,0
2025-02-19,Kai Palmer,Janet Evans,w1 janet evans,1310,W1,0,1282,0.95,0.5,0
2025-02-25,Kai Palmer,Louis Bathein,w1 louis bathein,1528,W1,0,1275,1.17,0.22,0
2025-03-19,Kai Palmer,Stuart Thomas,w1 stuart thomas,1310,W1,1,1290,1.67,0.5,1
2025-03-26,Kai Palmer,Adrian May,w1 adrian may,1556,W1,0,1284,1.87,0.2,1
2025-03-31,Kai Palmer,John Ward,w1 john ward,1398,W1,0,1273,2.25,0.38,1
2025-04-16,Kai Palmer,June Evans,w1 june evans,1357,W1,0.5,1275,2.68,0.43,1.5
2025-04-30,Kai Palmer,Janet Evans,w1 janet evans,1310,W1,0,1260,3.18,0.5,1.5
2025-05-13,Kai Palmer,Vaughan Thomas,w1 vaughan thomas,1507,W1,1,1283,3.42,0.24,2.5
2025-03-08,Aarush Panchal,Felix Deng,e1 felix deng,1315,E1,0,1295,0.49,0.49,0
2025-03-08,Aarush Panchal,Rohan Powell,e1 rohan powell,1310,E1,0,1280,0.99,0.5,0
2025-03-09,Aarush Panchal,Vihaan Kharpas,e1 vihaan kharpas,1310,E1,0.5,1280,1.49,0.5,0.5
2025-03-09,Aarush Panchal,Christopher Chao,e1 christopher chao,1310,E1,0,1265,1.99,0.5,0.5
2025-03-09,Aarush Panchal,Ruzgar Unsal,e1 ruzgar unsal,1310,E1,0,1250,2.49,0.5,0.5
2025-03-09,Zara Patan,Ahmed Jamil,e1 ahmed jamil,1310,E1,0,1295,0.5,0.5,0
2025-03-09,Zara Patan,Clara Deng,e1 clara deng,1310,E1,0,1280,1,0.5,0
2025-03-09,Zara Patan,Charlie Duffin,e1 charlie duffin,1310,E1,0,1265,1.5,0.5,0
2025-06-03,Zara Patan,Emyr Roberts,e1 emyr roberts,1769,E1,0,1262,1.6,0.1,0
2025-06-17,Zara Patan,Matthew Yan,e1 matthew yan,1310,E1,0,1247,2.1,0.5,0
2025-06-24,Zara Patan,Hirad Eshghabidi,e1 hirad eshghabidi,1310,E1,1,1262,2.6,0.5,1
2025-03-08,Zoya Patan,Abir Deshpande,e1 abir deshpande,1310,E1,0,1295,0.5,0.5,0
2025-03-08,Zoya Patan,Deven Meshram,e1 deven meshram,1310,E1,1,1310,1,0.5,1
2025-03-09,Zoya Patan,Constantine Popov,e1 constantine popov,1368,E1,0,1297,1.42,0.42,1
2025-03-09,Zoya Patan,Mabon Hanczar,e1 mabon hanczar,1310,E1,0,1282,1.92,0.5,1
2025-06-03,Zoya Patan,Brendan Lee,e1 brendan lee,1310,E1,0,1267,2.42,0.5,1
2025-06-17,Zoya Patan,Llewelyn Gruffydd,e1 llewelyn gruffydd,1310,E1,0,1252,2.92,0.5,1
2025-06-24,Zoya Patan,Zirui Xu,e1 zirui xu,1310,E1,1,1267,3.42,0.5,2
2025-01-17,Antony Phillips,Arush Ajai Murthy,e1 arush ajai murthy,1700,E1,0,1307,0.1,0.1,0
2025-01-18,Antony Phillips,James Richards,g1 james richards,1517,G1,0,1300,0.33,0.23,0
2025-01-19,Antony Phillips,Chris Thompson,g1 chris thompson,1393,G1,0.5,1304,0.71,0.38,0.5
2025-02-11,Antony Phillips,John Smart,e1 john smart,1310,E1,1,1319,1.21,0.5,1.5
2025-02-18,Antony Phillips,Amir Jamil,e1 amir jamil,1310,E1,1,1334,1.71,0.5,2.5
2025-02-25,Antony Phillips,Richard Larg,e1 richard larg,1542,E1,0.5,1342,1.92,0.21,3
2025-03-17,Antony Phillips,Artur Esteves,e1 artur esteves,1329,E1,1,1358,2.39,0.47,4
2025-04-01,Antony Phillips,Amir Jamil,e1 amir jamil,1310,E1,0,1343,2.89,0.5,4
2025-04-08,Antony Phillips,Ieuan Thomas,e1 ieuan thomas,1468,E1,0,1334,3.18,0.29,4
2025-02-04,Antony Phillips,Gareth Richards,e1 gareth richards,1632,E1,0,1330,3.32,0.14,4
2025-04-29,Antony Phillips,Anthony Williams,e1 anthony williams,1410,E1,0,1320,3.68,0.36,4
2025-05-06,Antony Phillips,Mali Roberts,e1 mali roberts,1310,E1,1,1335,4.18,0.5,5
2025-05-13,Antony Phillips,Ella Daniels,e1 ella daniels,1310,E1,1,1350,4.68,0.5,6
2025-02-15,Charlie Phillips,Ruzgar Unsal,e1 ruzgar unsal,1310,E1,0,1295,0.5,0.5,0
2025-01-17,Joshua Phillips,Joshua Colcombe,g1 joshua colcombe,1600,G1,0,1305,0.16,0.16,0
2025-01-18,Joshua Phillips,Timur Ramzan,e1 timur ramzan,1557,E1,1,1329,0.35,0.19,1
2025-01-19,Joshua Phillips,Chris Peters,e1 chris peters,1595,E1,0,1325,0.51,0.16,1
2025-01-19,Joshua Phillips,Steve Williams (Cwm),g1 steve williams (cwm),1850,G1,0,1322,0.61,0.1,1
2025-02-07,Joshua Phillips,Thomas Phillips,e1 thomas phillips,1400,E1,0.5,1325,0.98,0.37,1.5
2025-02-08,Joshua Phillips,Michael Edwards,d1 michael edwards,1662,D1,0,1322,1.1,0.12,1.5
2025-02-08,Joshua Phillips,Sunny Scordino,d1 sunny scordino,1350,D1,1,1339,1.54,0.44,2.5
2025-02-09,Joshua Phillips,Ieuan Bevan Jones,e1 ieuan bevan jones,1589,E1,0,1334,1.71,0.17,2.5
2025-02-09,Joshua Phillips,Glyn Hill,w1 glyn hill,1431,W1,0.5,1339,2.04,0.33,3
2025-02-15,Joshua Phillips,Suraj Prabhu,e1 suraj prabhu,1718,E1,0,1336,2.14,0.1,3
2025-02-15,Joshua Phillips,Gareth Richards,e1 gareth richards,1632,E1,0,1332,2.28,0.14,3
2025-02-15,Joshua Phillips,Kenul Herath,e1 kenul herath,1413,E1,1,1351,2.64,0.36,4
2025-02-16,Joshua Phillips,Mike Hollyman,e1 mike hollyman,1711,E1,0,1348,2.74,0.1,4
2025-02-16,Joshua Phillips,Elijah Daniel,g1 elijah daniel,1427,G1,0.5,1353,3.08,0.34,4.5
2025-02-25,Joshua Phillips,Ben Hannigan,e1 ben hannigan,1568,E1,0,1347,3.26,0.18,4.5
2025-06-23,Joshua Phillips,Tom Ferries,e1 tom ferries,1310,E1,1,1362,3.76,0.5,5.5
2025-02-15,Anievv Pirashanth,Constantine Popov,e1 constantine popov,1368,E1,0,1297,0.42,0.42,0
2025-02-15,Anievv Pirashanth,Ruzgar Unsal,e1 ruzgar unsal,1310,E1,1,1312,0.92,0.5,1
2025-02-15,Anievv Pirashanth,Aya Davies,e1 aya davies,1310,E1,1,1327,1.42,0.5,2
2025-02-16,Anievv Pirashanth,Advik Ram,w1 advik ram,1390,W1,0,1316,1.81,0.39,2
2025-02-16,Anievv Pirashanth,Theo Otterburn,d1 theo otterburn,1310,D1,1,1331,2.31,0.5,3
2025-02-18,Anievv Pirashanth,Matthew Yan,e1 matthew yan,1310,E1,1,1346,2.81,0.5,4
2025-03-08,Anievv Pirashanth,Lucas Zheng,e1 lucas zheng,1650,E1,0,1342,2.93,0.12,4
2025-03-08,Anievv Pirashanth,Charlie Duffin,e1 charlie duffin,1310,E1,1,1357,3.43,0.5,5
2025-03-09,Anievv Pirashanth,Ahmed Jamil,e1 ahmed jamil,1310,E1,1,1372,3.93,0.5,6
2025-03-09,Anievv Pirashanth,Henry Burton,d1 henry burton,1500,D1,0,1365,4.18,0.25,6
2025-04-01,Anievv Pirashanth,Rayyan Ridzuan,e1 rayyan ridzuan,1310,E1,1,1380,4.68,0.5,7
2025-06-03,Anievv Pirashanth,Constantine Popov,e1 constantine popov,1368,E1,0,1367,5.1,0.42,7
2025-06-10,Anievv Pirashanth,Harry Arnold,e1 harry arnold,1310,E1,1,1382,5.6,0.5,8
2025-06-17,Anievv Pirashanth,Rohan Powell,e1 rohan powell,1310,E1,0,1367,6.1,0.5,8
2025-06-24,Anievv Pirashanth,Teilo Gruffydd,e1 teilo gruffydd,1310,E1,1,1382,6.6,0.5,9
2025-02-15,Rohan Powell,Toby Blankley,e1 toby blankley,1456,E1,0,1301,0.3,0.3,0
2025-02-15,Rohan Powell,Yimo Liu,e1 yimo liu,1321,E1,0,1286,0.78,0.48,0
2025-02-15,Rohan Powell,Noah Pynn,g1 noah pynn,1325,G1,0,1272,1.26,0.48,0
2025-02-16,Rohan Powell,Daniel Chaure-Larsen,e1 daniel chaure-larsen,1430,E1,0,1262,1.59,0.33,0
2025-03-08,Rohan Powell,Toby Reckless,e1 toby reckless,1490,E1,0,1254,1.85,0.26,0
2025-03-08,Rohan Powell,Aarush Panchal,e1 aarush panchal,1310,E1,1,1269,2.35,0.5,1
2025-03-09,Rohan Powell,Abir Deshpande,e1 abir deshpande,1310,E1,1,1284,2.85,0.5,2
2025-03-09,Rohan Powell,Vihaan Kharpas,e1 vihaan kharpas,1310,E1,1,1299,3.35,0.5,3
2025-06-03,Rohan Powell,Rhys Bounds,e1 rhys bounds,1350,E1,1,1316,3.79,0.44,4
2025-06-10,Rohan Powell,Kam Choo Yin,e1 kam choo yin,1759,E1,0,1313,3.89,0.1,4
2025-06-17,Rohan Powell,Anievv Pirashanth,e1 anievv pirashanth,1310,E1,1,1328,4.39,0.5,5
2025-06-24,Rohan Powell,Jai Are,e1 jai are,1310,E1,0,1313,4.89,0.5,5
2025-05-31,Rohan Powell,Dushyanth Gan Nalabothula,NA,1580,ENG,0,1308,5.06,0.17,5
2025-06-01,Rohan Powell,Timothy Hsiu-Yau Hu,NA,1365,ENG,0,1295,5.48,0.42,5
2025-06-01,Rohan Powell,Douglas Quayle,NA,1347,ENG,0.5,1297,5.93,0.45,5.5
2025-01-25,Aarush Ram,Joshua Phuah,NA,1524,ENGR,0,1303,0.23,0.23,0
2025-01-25,Aarush Ram,Alexander Ursu,NA,1617,ENG,0,1299,0.38,0.15,0
2025-06-17,Danni Ramayead,Rob Paige,e1 rob paige,1500,E1,0,1302,0.25,0.25,0
2025-06-10,Maharshi Ray,Adam Sarwar,e1 adam sarwar,1600,E1,0,1305,0.16,0.16,0
2025-06-17,Maharshi Ray,Charlie Duffin,e1 charlie duffin,1310,E1,0.5,1305,0.66,0.5,0.5
2025-06-24,Maharshi Ray,Llewelyn Gruffydd,e1 llewelyn gruffydd,1310,E1,1,1320,1.16,0.5,1.5
2025-02-18,Rayyan Ridzuan,Teilo Gruffydd,e1 teilo gruffydd,1310,E1,1,1325,0.5,0.5,1
2025-04-01,Rayyan Ridzuan,Anievv Pirashanth,e1 anievv pirashanth,1310,E1,0,1310,1,0.5,1
2025-02-04,Mali Roberts,Ella Daniels,e1 ella daniels,1310,E1,1,1325,0.5,0.5,1
2025-02-04,Mali Roberts,Ella Daniels,e1 ella daniels,1310,E1,1,1340,1,0.5,2
2025-03-11,Mali Roberts,George Turner,e1 george turner,1984,E1,0,1337,1.1,0.1,2
2025-04-29,Mali Roberts,Wayne Holland,e1 wayne holland,1450,E1,0,1328,1.41,0.31,2
2025-05-06,Mali Roberts,Antony Phillips,e1 antony phillips,1310,E1,0,1313,1.91,0.5,2
2025-05-13,Mali Roberts,Dawid Kubica,e1 dawid kubica,1310,E1,0,1298,2.41,0.5,2
2025-02-11,John Smart,Antony Phillips,e1 antony phillips,1310,E1,0,1295,0.5,0.5,0
2025-02-24,John Smart,Richard Swales,e1 richard swales,1310,E1,1,1310,1,0.5,1
2025-02-15,Angel Srivastava,Otto Bartlett-Davis,e1 otto bartlett-davis,1406,E1,0,1299,0.37,0.37,0
2025-02-15,Angel Srivastava,Yimo Liu,e1 yimo liu,1321,E1,1,1315,0.85,0.48,1
2025-02-15,Angel Srivastava,Amir Jamil,e1 amir jamil,1310,E1,1,1330,1.35,0.5,2
2025-02-16,Angel Srivastava,Vihaan Kharpas,e1 vihaan kharpas,1310,E1,0,1315,1.85,0.5,2
2025-02-16,Angel Srivastava,Noah Pynn,g1 noah pynn,1325,G1,1,1330,2.33,0.48,3
2025-03-08,Angel Srivastava,Ellis Jones,e1 ellis jones,1316,E1,1,1345,2.82,0.49,4
2025-03-08,Angel Srivastava,Advik Samiaiya,w1 advik samiaiya,1371,W1,0,1333,3.23,0.41,4
2025-03-09,Angel Srivastava,Chun Hin Tang,e1 chun hin tang,1310,E1,1,1348,3.73,0.5,5
2025-03-09,Angel Srivastava,Elijah Daniel,g1 elijah daniel,1427,G1,1,1368,4.07,0.34,6
2025-03-09,Angel Srivastava,Farouq Nasir,w1 farouq nasir,1670,W1,0,1365,4.18,0.11,6
2025-02-10,Richard Swales,Mark Chinnick,e1 mark chinnick,1574,E1,0,1305,0.18,0.18,0
2025-02-24,Richard Swales,John Smart,e1 john smart,1310,E1,0,1290,0.68,0.5,0
2025-03-10,Richard Swales,Gavin Jones,e1 gavin jones,1825,E1,0,1287,0.78,0.1,0
2025-06-23,Richard Swales,Andrew Jeanes,e1 andrew jeanes,1684,E1,0,1283,0.88,0.1,0
2025-06-30,Richard Swales,Derek Jones,e1 derek jones,1944,E1,0,1280,0.98,0.1,0
2025-01-21,Chun Hin Tang,Steve Keable,e1 steve keable,1461,E1,0,1301,0.3,0.3,0
2025-03-08,Chun Hin Tang,Daniel Katchi,e1 daniel katchi,1310,E1,1,1316,0.8,0.5,1
2025-03-08,Chun Hin Tang,Farouq Nasir,w1 farouq nasir,1670,W1,0,1313,0.91,0.11,1
2025-03-09,Chun Hin Tang,Angel Srivastava,e1 angel srivastava,1310,E1,0,1298,1.41,0.5,1
2025-06-03,Chun Hin Tang,Toby Blankley,e1 toby blankley,1456,E1,0,1289,1.71,0.3,1
2025-06-10,Chun Hin Tang,Teilo Gruffydd,e1 teilo gruffydd,1310,E1,1,1304,2.21,0.5,2
2025-06-17,Chun Hin Tang,Clara Deng,e1 clara deng,1310,E1,0,1289,2.71,0.5,2
2025-06-24,Chun Hin Tang,James Northwood,e1 james northwood,1310,E1,0,1274,3.21,0.5,2
2025-06-16,Cameron Taylor,Martin Ricketts,e1 martin ricketts,1529,E1,0,1303,0.22,0.22,0
2025-06-23,Cameron Taylor,Tomos Ilett,e1 tomos ilett,1455,E1,0,1294,0.52,0.3,0
2025-01-15,Stuart Thomas,Tony Williams,w1 tony williams,1405,W1,0,1299,0.37,0.37,0
2025-01-21,Stuart Thomas,Louis Bathein,w1 louis bathein,1528,W1,0,1292,0.59,0.22,0
2025-01-28,Stuart Thomas,Ian Phillips,w1 ian phillips,1473,W1,0,1284,0.87,0.28,0
2025-01-29,Stuart Thomas,John Giannini,w1 john giannini,1310,W1,0.5,1284,1.37,0.5,0.5
2025-02-03,Stuart Thomas,Jack Mason,w1 jack mason,1393,W1,0,1272,1.75,0.38,0.5
2025-02-05,Stuart Thomas,Rajith Babu,w1 rajith babu,1310,W1,0,1257,2.25,0.5,0.5
2025-02-12,Stuart Thomas,Emyr-Wyn Francis,w1 emyr-wyn francis,1320,W1,1,1273,2.74,0.49,1.5
2025-02-26,Stuart Thomas,Eva Gregot,w1 eva gregot,1686,W1,0,1270,2.84,0.1,1.5
2025-03-10,Stuart Thomas,Paul Bevan,w1 paul bevan,1456,W1,0,1261,3.14,0.3,1.5
2025-03-19,Stuart Thomas,Kai Palmer,w1 kai palmer,1310,W1,0,1246,3.64,0.5,1.5
2025-04-02,Stuart Thomas,Rajith Babu,w1 rajith babu,1310,W1,0,1231,4.14,0.5,1.5
2025-04-22,Stuart Thomas,Mike Richards,w1 mike richards,1510,W1,0,1224,4.38,0.24,1.5
2025-04-30,Stuart Thomas,Mike Richards,w1 mike richards,1510,W1,0,1216,4.62,0.24,1.5
2025-06-10,Shazil Umer,Amir Jamil,e1 amir jamil,1310,E1,0,1295,0.5,0.5,0
2025-02-15,Ruzgar Unsal,Raga Sreya Mandadapu,e1 raga sreya mandadapu,1310,E1,0,1295,0.5,0.5,0
2025-02-15,Ruzgar Unsal,Charlie Phillips,e1 charlie phillips,1310,E1,1,1310,1,0.5,1
2025-02-15,Ruzgar Unsal,Anievv Pirashanth,e1 anievv pirashanth,1310,E1,0,1295,1.5,0.5,1
2025-03-09,Ruzgar Unsal,Adam Sarwar,e1 adam sarwar,1600,E1,0,1290,1.66,0.16,1
2025-03-09,Ruzgar Unsal,Sion Davies,e1 sion davies,1310,E1,0,1275,2.16,0.5,1
2025-03-09,Ruzgar Unsal,Aarush Panchal,e1 aarush panchal,1310,E1,1,1290,2.66,0.5,2
2025-01-27,Zirui Xu,Daniel Katchi,e1 daniel katchi,1310,E1,0,1295,0.5,0.5,0
2025-06-10,Zirui Xu,Joshua McKenna,e1 joshua mckenna,1801,E1,0,1292,0.6,0.1,0
2025-06-17,Zirui Xu,Ishaan Marugonda,e1 ishaan marugonda,1310,E1,0,1277,1.1,0.5,0
2025-06-24,Zirui Xu,Zoya Patan,e1 zoya patan,1310,E1,0,1262,1.6,0.5,0
2025-01-27,Matthew Yan,Mike White,e1 mike white,1394,E1,1,1329,0.38,0.38,1
2025-02-18,Matthew Yan,Anievv Pirashanth,e1 anievv pirashanth,1310,E1,0,1314,0.88,0.5,1
2025-04-07,Matthew Yan,Tom Jenney,e1 tom jenney,1427,E1,0,1303,1.22,0.34,1
2025-06-03,Matthew Yan,Rob Paige,e1 rob paige,1500,E1,0,1296,1.47,0.25,1
2025-06-17,Matthew Yan,Zara Patan,e1 zara patan,1310,E1,1,1311,1.97,0.5,2
2025-06-24,Matthew Yan,Toby Reckless,e1 toby reckless,1490,E1,0,1303,2.23,0.26,2
2025-01-08,Oleksandr Zhuravel,Hamid Farani Sani,e1 hamid farani sani,1663,E1,0,1307,0.12,0.12,0
2025-01-22,Oleksandr Zhuravel,Miltos Zoumekas,e1 miltos zoumekas,1670,E1,0,1303,0.23,0.11,0
2025-01-21,Micah Matheson,David Orford,g1 david orford,1310,G1,1,1315,0.49,0.49,1
2025-01-25,Micah Matheson,Gareth Holyfield,g1 gareth holyfield,1502,G1,0,1308,0.73,0.24,1
2025-02-18,Micah Matheson,Adam Cooper,g1 adam cooper,1344,G1,0,1295,1.17,0.44,1
2025-04-09,Oscar Owen,Dafydd Roberts,n1 dafydd roberts,1450,N1,0,1291,0.3,0.3,0
