name,zone,club,grade,title,last_played,player_key,profile_url
Jose Camacho Collados,E1,NA,2468,IM,2023-05-01,e1 jose camacho collados,https://www.welshchessunion.uk/Grading/xarchive/JanJune2023/playerDetailView.php?key=e1%20jose%20camacho%20collados
Daniel Kozusek,E1,NA,2411,FM,2023-04-10,e1 daniel kozusek,https://www.welshchessunion.uk/Grading/xarchive/JanJune2023/playerDetailView.php?key=e1%20daniel%20kozusek
Howard Williams,D1,NA,2340,FM,2023-06-02,d1 howard williams,https://www.welshchessunion.uk/Grading/xarchive/JanJune2023/playerDetailView.php?key=d1%20howard%20williams
Ioan Rees,E1,NA,2338,FM,2023-05-01,e1 ioan rees,https://www.welshchessunion.uk/Grading/xarchive/JanJune2023/playerDetailView.php?key=e1%20ioan%20rees
Richard Dineley,N1,NA,2316,NA,2023-05-08,n1 richard dineley,https://www.welshchessunion.uk/Grading/xarchive/JanJune2023/playerDetailView.php?key=n1%20richard%20dineley
Alexis Harakis,D1,NA,2313,FM,2023-06-01,d1 alexis harakis,https://www.welshchessunion.uk/Grading/xarchive/JanJune2023/playerDetailView.php?key=d1%20alexis%20harakis
Grzegorz Toczek,E1,NA,2310,FM,2023-04-10,e1 grzegorz toczek,https://www.welshchessunion.uk/Grading/xarchive/JanJune2023/playerDetailView.php?key=e1%20grzegorz%20toczek
Elijah Everett,N1,NA,2298,NA,2023-04-09,n1 elijah everett,https://www.welshchessunion.uk/Grading/xarchive/JanJune2023/playerDetailView.php?key=n1%20elijah%20everett
Vianney Domenech,W1,NA,2259,NA,2023-04-25,w1 vianney domenech,https://www.welshchessunion.uk/Grading/xarchive/JanJune2023/playerDetailView.php?key=w1%20vianney%20domenech
Jonathan LB Blackburn,G1,NA,2240,FM,2023-07-02,g1 jonathan lb blackburn,https://www.welshchessunion.uk/Grading/xarchive/JanJune2023/playerDetailView.php?key=g1%20jonathan%20lb%20blackburn
Peter Varley,G1,NA,2232,FM,2023-05-14,g1 peter varley,https://www.welshchessunion.uk/Grading/xarchive/JanJune2023/playerDetailView.php?key=g1%20peter%20varley
Tim Kett,E1,NA,2220,FM,2023-06-27,e1 tim kett,https://www.welshchessunion.uk/Grading/xarchive/JanJune2023/playerDetailView.php?key=e1%20tim%20kett
David Jameson,N1,NA,2204,NA,NA,n1 david jameson,https://www.welshchessunion.uk/Grading/xarchive/JanJune2023/playerDetailView.php?key=n1%20david%20jameson
Alex Bullen,E1,NA,2201,CM,2023-05-29,e1 alex bullen,https://www.welshchessunion.uk/Grading/xarchive/JanJune2023/playerDetailView.php?key=e1%20alex%20bullen
Murray Smith,D1,NA,2200,NA,2023-06-01,d1 murray smith,https://www.welshchessunion.uk/Grading/xarchive/JanJune2023/playerDetailView.php?key=d1%20murray%20smith
Carl Strugnell,E1,NA,2199,FM,NA,e1 carl strugnell,https://www.welshchessunion.uk/Grading/xarchive/JanJune2023/playerDetailView.php?key=e1%20carl%20strugnell
Sven Zeidler,N1,NA,2195,FM,2023-05-01,n1 sven zeidler,https://www.welshchessunion.uk/Grading/xarchive/JanJune2023/playerDetailView.php?key=n1%20sven%20zeidler
Ernest Gibiec,E1,NA,2186,NA,2023-04-02,e1 ernest gibiec,https://www.welshchessunion.uk/Grading/xarchive/JanJune2023/playerDetailView.php?key=e1%20ernest%20gibiec
Olivia Smith,E1,NA,2180,WFM,2023-05-01,e1 olivia smith,https://www.welshchessunion.uk/Grading/xarchive/JanJune2023/playerDetailView.php?key=e1%20olivia%20smith
Gerry Heap,D1,NA,2174,NA,NA,d1 gerry heap,https://www.welshchessunion.uk/Grading/xarchive/JanJune2023/playerDetailView.php?key=d1%20gerry%20heap
Francis Rayner,G1,NA,2163,NA,NA,g1 francis rayner,https://www.welshchessunion.uk/Grading/xarchive/JanJune2023/playerDetailView.php?key=g1%20francis%20rayner
Charles F Morris,N1,NA,2153,NA,2023-04-25,n1 charles f morris,https://www.welshchessunion.uk/Grading/xarchive/JanJune2023/playerDetailView.php?key=n1%20charles%20f%20morris
Jane Richmond,G1,NA,2152,WFM,2023-03-10,g1 jane richmond,https://www.welshchessunion.uk/Grading/xarchive/JanJune2023/playerDetailView.php?key=g1%20jane%20richmond
Adam Musson,W1,NA,2140,NA,2023-05-31,w1 adam musson,https://www.welshchessunion.uk/Grading/xarchive/JanJune2023/playerDetailView.php?key=w1%20adam%20musson
James Golding,W1,NA,2127,NA,2023-05-09,w1 james golding,https://www.welshchessunion.uk/Grading/xarchive/JanJune2023/playerDetailView.php?key=w1%20james%20golding
Tom Brown,E1,NA,2116,NA,2023-05-29,e1 tom brown,https://www.welshchessunion.uk/Grading/xarchive/JanJune2023/playerDetailView.php?key=e1%20tom%20brown
David J James,N1,NA,2116,FM,2023-04-17,n1 david j james,https://www.welshchessunion.uk/Grading/xarchive/JanJune2023/playerDetailView.php?key=n1%20david%20j%20james
Lloyd Powell,G1,NA,2108,NA,2023-05-21,g1 lloyd powell,https://www.welshchessunion.uk/Grading/xarchive/JanJune2023/playerDetailView.php?key=g1%20lloyd%20powell
John Fletcher,E1,NA,2101,NA,2023-05-01,e1 john fletcher,https://www.welshchessunion.uk/Grading/xarchive/JanJune2023/playerDetailView.php?key=e1%20john%20fletcher
Alex Freeland,E1,NA,2094,NA,2023-05-01,e1 alex freeland,https://www.welshchessunion.uk/Grading/xarchive/JanJune2023/playerDetailView.php?key=e1%20alex%20freeland
James Lavender,G1,NA,2092,NA,2023-05-24,g1 james lavender,https://www.welshchessunion.uk/Grading/xarchive/JanJune2023/playerDetailView.php?key=g1%20james%20lavender
Alan Young,W1,NA,2092,NA,2023-05-01,w1 alan young,https://www.welshchessunion.uk/Grading/xarchive/JanJune2023/playerDetailView.php?key=w1%20alan%20young
Pete Heaven,E1,NA,2084,NA,2023-05-17,e1 pete heaven,https://www.welshchessunion.uk/Grading/xarchive/JanJune2023/playerDetailView.php?key=e1%20pete%20heaven
Joe Fathallah,E1,NA,2081,NA,2023-05-09,e1 joe fathallah,https://www.welshchessunion.uk/Grading/xarchive/JanJune2023/playerDetailView.php?key=e1%20joe%20fathallah
Thomas Thorpe,G1,NA,2081,NA,2023-04-25,g1 thomas thorpe,https://www.welshchessunion.uk/Grading/xarchive/JanJune2023/playerDetailView.php?key=g1%20thomas%20thorpe
Peter A Richmond,G1,NA,2079,NA,NA,g1 peter a richmond,https://www.welshchessunion.uk/Grading/xarchive/JanJune2023/playerDetailView.php?key=g1%20peter%20a%20richmond
William Hewitt,W1,NA,2071,NA,2023-05-21,w1 william hewitt,https://www.welshchessunion.uk/Grading/xarchive/JanJune2023/playerDetailView.php?key=w1%20william%20hewitt
Gareth Yeo,E1,NA,2065,NA,NA,e1 gareth yeo,https://www.welshchessunion.uk/Grading/xarchive/JanJune2023/playerDetailView.php?key=e1%20gareth%20yeo
Thomas van Veelan,W1,NA,2065,NA,NA,w1 thomas van veelan,https://www.welshchessunion.uk/Grading/xarchive/JanJune2023/playerDetailView.php?key=w1%20thomas%20van%20veelan
Sam Jukes,E1,NA,2061,NA,2023-05-28,e1 sam jukes,https://www.welshchessunion.uk/Grading/xarchive/JanJune2023/playerDetailView.php?key=e1%20sam%20jukes
Michael Vidler,N1,NA,2058,NA,2023-01-31,n1 michael vidler,https://www.welshchessunion.uk/Grading/xarchive/JanJune2023/playerDetailView.php?key=n1%20michael%20vidler
Ifan Rathbone-Jones,N1,NA,2051,NA,2023-05-21,n1 ifan rathbone-jones,https://www.welshchessunion.uk/Grading/xarchive/JanJune2023/playerDetailView.php?key=n1%20ifan%20rathbone-jones
Jason Garcia,W1,NA,2048,NA,2023-06-05,w1 jason garcia,https://www.welshchessunion.uk/Grading/xarchive/JanJune2023/playerDetailView.php?key=w1%20jason%20garcia
Allan Pleasants,E1,NA,2048,NA,2023-05-22,e1 allan pleasants,https://www.welshchessunion.uk/Grading/xarchive/JanJune2023/playerDetailView.php?key=e1%20allan%20pleasants
Steve Curtis,E1,NA,2042,NA,NA,e1 steve curtis,https://www.welshchessunion.uk/Grading/xarchive/JanJune2023/playerDetailView.php?key=e1%20steve%20curtis
Nigel Ralphs,E1,NA,2041,NA,2023-04-24,e1 nigel ralphs,https://www.welshchessunion.uk/Grading/xarchive/JanJune2023/playerDetailView.php?key=e1%20nigel%20ralphs
Derek Jones,E1,NA,2039,NA,NA,e1 derek jones,https://www.welshchessunion.uk/Grading/xarchive/JanJune2023/playerDetailView.php?key=e1%20derek%20jones
Matt Staniforth,E1,NA,2037,NA,NA,e1 matt staniforth,https://www.welshchessunion.uk/Grading/xarchive/JanJune2023/playerDetailView.php?key=e1%20matt%20staniforth
Nicholas Evans,W1,NA,2036,NA,2023-03-15,w1 nicholas evans,https://www.welshchessunion.uk/Grading/xarchive/JanJune2023/playerDetailView.php?key=w1%20nicholas%20evans
Piotr Swiech,N1,NA,2036,NA,NA,n1 piotr swiech,https://www.welshchessunion.uk/Grading/xarchive/JanJune2023/playerDetailView.php?key=n1%20piotr%20swiech
Paul Hatchett,E1,NA,2035,NA,2023-06-17,e1 paul hatchett,https://www.welshchessunion.uk/Grading/xarchive/JanJune2023/playerDetailView.php?key=e1%20paul%20hatchett
David L Roberts,E1,NA,2035,NA,2023-05-29,e1 david l roberts,https://www.welshchessunion.uk/Grading/xarchive/JanJune2023/playerDetailView.php?key=e1%20david%20l%20roberts
Jonathan Gilbert,G1,NA,2034,NA,2023-05-14,g1 jonathan gilbert,https://www.welshchessunion.uk/Grading/xarchive/JanJune2023/playerDetailView.php?key=g1%20jonathan%20gilbert
Rudy van Kemenade,N1,NA,2034,NA,2023-06-15,n1 rudy van kemenade,https://www.welshchessunion.uk/Grading/xarchive/JanJune2023/playerDetailView.php?key=n1%20rudy%20van%20kemenade
Robert G Clark,N1,NA,2033,NA,2023-05-08,n1 robert g clark,https://www.welshchessunion.uk/Grading/xarchive/JanJune2023/playerDetailView.php?key=n1%20robert%20g%20clark
Pat Bennett,N1,NA,2026,NA,2023-02-23,n1 pat bennett,https://www.welshchessunion.uk/Grading/xarchive/JanJune2023/playerDetailView.php?key=n1%20pat%20bennett
David Perrett,E1,NA,2026,NA,2023-05-21,e1 david perrett,https://www.welshchessunion.uk/Grading/xarchive/JanJune2023/playerDetailView.php?key=e1%20david%20perrett
Frank May,G1,NA,2023,NA,2023-03-12,g1 frank may,https://www.welshchessunion.uk/Grading/xarchive/JanJune2023/playerDetailView.php?key=g1%20frank%20may
John Shakespeare,N1,NA,2023,NA,2023-05-02,n1 john shakespeare,https://www.welshchessunion.uk/Grading/xarchive/JanJune2023/playerDetailView.php?key=n1%20john%20shakespeare
Jonathan James,E1,NA,2019,NA,2023-05-22,e1 jonathan james,https://www.welshchessunion.uk/Grading/xarchive/JanJune2023/playerDetailView.php?key=e1%20jonathan%20james
John Waterfield,G1,NA,2016,NA,NA,g1 john waterfield,https://www.welshchessunion.uk/Grading/xarchive/JanJune2023/playerDetailView.php?key=g1%20john%20waterfield
Moss McCarthy,W1,NA,2015,NA,2023-05-31,w1 moss mccarthy,https://www.welshchessunion.uk/Grading/xarchive/JanJune2023/playerDetailView.php?key=w1%20moss%20mccarthy
Hugo Fowler,G1,NA,2014,NA,2023-02-18,g1 hugo fowler,https://www.welshchessunion.uk/Grading/xarchive/JanJune2023/playerDetailView.php?key=g1%20hugo%20fowler
John D Thornton,E1,NA,2014,NA,NA,e1 john d thornton,https://www.welshchessunion.uk/Grading/xarchive/JanJune2023/playerDetailView.php?key=e1%20john%20d%20thornton
Ben Thomas,E1,NA,2011,NA,NA,e1 ben thomas,https://www.welshchessunion.uk/Grading/xarchive/JanJune2023/playerDetailView.php?key=e1%20ben%20thomas
Kevin Evans,E1,NA,2010,NA,NA,e1 kevin evans,https://www.welshchessunion.uk/Grading/xarchive/JanJune2023/playerDetailView.php?key=e1%20kevin%20evans
John E Syner,N1,NA,2009,NA,2023-03-27,n1 john e syner,https://www.welshchessunion.uk/Grading/xarchive/JanJune2023/playerDetailView.php?key=n1%20john%20e%20syner
James Tapp,E1,NA,2007,NA,2023-04-23,e1 james tapp,https://www.welshchessunion.uk/Grading/xarchive/JanJune2023/playerDetailView.php?key=e1%20james%20tapp
Ayodele Sadiq,E1,NA,2006,NA,2023-04-10,e1 ayodele sadiq,https://www.welshchessunion.uk/Grading/xarchive/JanJune2023/playerDetailView.php?key=e1%20ayodele%20sadiq
Rob Saunders,W1,NA,2006,NA,2023-03-29,w1 rob saunders,https://www.welshchessunion.uk/Grading/xarchive/JanJune2023/playerDetailView.php?key=w1%20rob%20saunders
Douglas Spencer,G1,NA,1993,NA,NA,g1 douglas spencer,https://www.welshchessunion.uk/Grading/xarchive/JanJune2023/playerDetailView.php?key=g1%20douglas%20spencer
Andrew Gibbons,W1,NA,1992,NA,2023-05-31,w1 andrew gibbons,https://www.welshchessunion.uk/Grading/xarchive/JanJune2023/playerDetailView.php?key=w1%20andrew%20gibbons
James Thomas,E1,NA,1991,NA,NA,e1 james thomas,https://www.welshchessunion.uk/Grading/xarchive/JanJune2023/playerDetailView.php?key=e1%20james%20thomas
John Trevelyan,E1,NA,1991,NA,2023-05-01,e1 john trevelyan,https://www.welshchessunion.uk/Grading/xarchive/JanJune2023/playerDetailView.php?key=e1%20john%20trevelyan
Ian Jones,W1,NA,1990,NA,2023-03-29,w1 ian jones,https://www.welshchessunion.uk/Grading/xarchive/JanJune2023/playerDetailView.php?key=w1%20ian%20jones
David Tomboline,E1,NA,1990,NA,2023-05-01,e1 david tomboline,https://www.welshchessunion.uk/Grading/xarchive/JanJune2023/playerDetailView.php?key=e1%20david%20tomboline
Raymond Pearson,N1,NA,1982,NA,NA,n1 raymond pearson,https://www.welshchessunion.uk/Grading/xarchive/JanJune2023/playerDetailView.php?key=n1%20raymond%20pearson
Owen S Phillips,G1,NA,1982,NA,2023-06-10,g1 owen s phillips,https://www.welshchessunion.uk/Grading/xarchive/JanJune2023/playerDetailView.php?key=g1%20owen%20s%20phillips
Anezka Vlkova,E1,NA,1982,NA,2023-05-21,e1 anezka vlkova,https://www.welshchessunion.uk/Grading/xarchive/JanJune2023/playerDetailView.php?key=e1%20anezka%20vlkova
Peter Davies,E1,NA,1975,NA,2023-05-01,e1 peter davies,https://www.welshchessunion.uk/Grading/xarchive/JanJune2023/playerDetailView.php?key=e1%20peter%20davies
Leslie Blohm,G1,NA,1971,NA,2023-05-07,g1 leslie blohm,https://www.welshchessunion.uk/Grading/xarchive/JanJune2023/playerDetailView.php?key=g1%20leslie%20blohm
Mark Adams,G1,NA,1968,NA,2023-04-24,g1 mark adams,https://www.welshchessunion.uk/Grading/xarchive/JanJune2023/playerDetailView.php?key=g1%20mark%20adams
Richard Miles,G1,NA,1965,NA,2023-06-21,g1 richard miles,https://www.welshchessunion.uk/Grading/xarchive/JanJune2023/playerDetailView.php?key=g1%20richard%20miles
Venetia Sivarajasingam,E1,NA,1963,WCM,NA,e1 venetia sivarajasingam,https://www.welshchessunion.uk/Grading/xarchive/JanJune2023/playerDetailView.php?key=e1%20venetia%20sivarajasingam
Nigel Saunders,G1,NA,1960,NA,2023-06-28,g1 nigel saunders,https://www.welshchessunion.uk/Grading/xarchive/JanJune2023/playerDetailView.php?key=g1%20nigel%20saunders
Roger Bennett,D1,NA,1957,NA,NA,d1 roger bennett,https://www.welshchessunion.uk/Grading/xarchive/JanJune2023/playerDetailView.php?key=d1%20roger%20bennett
David Llewellyn,E1,NA,1956,NA,2023-06-27,e1 david llewellyn,https://www.welshchessunion.uk/Grading/xarchive/JanJune2023/playerDetailView.php?key=e1%20david%20llewellyn
Cliff Rice,N1,NA,1956,NA,2023-06-21,n1 cliff rice,https://www.welshchessunion.uk/Grading/xarchive/JanJune2023/playerDetailView.php?key=n1%20cliff%20rice
Charles Higgie,N1,NA,1954,NA,2023-05-18,n1 charles higgie,https://www.welshchessunion.uk/Grading/xarchive/JanJune2023/playerDetailView.php?key=n1%20charles%20higgie
Dave Turner,G1,NA,1954,NA,2023-05-14,g1 dave turner,https://www.welshchessunion.uk/Grading/xarchive/JanJune2023/playerDetailView.php?key=g1%20dave%20turner
Benjamin Choo Yin,E1,NA,1953,NA,2023-04-18,e1 benjamin choo yin,https://www.welshchessunion.uk/Grading/xarchive/JanJune2023/playerDetailView.php?key=e1%20benjamin%20choo%20yin
Matthew Davies,E1,NA,1952,NA,2023-05-10,e1 matthew davies,https://www.welshchessunion.uk/Grading/xarchive/JanJune2023/playerDetailView.php?key=e1%20matthew%20davies
Mark Bastow,N1,NA,1951,NA,NA,n1 mark bastow,https://www.welshchessunion.uk/Grading/xarchive/JanJune2023/playerDetailView.php?key=n1%20mark%20bastow
Luis Navarro,D1,NA,1950,NA,NA,d1 luis navarro,https://www.welshchessunion.uk/Grading/xarchive/JanJune2023/playerDetailView.php?key=d1%20luis%20navarro
Luis Sanchez,D1,NA,1950,NA,2023-06-01,d1 luis sanchez,https://www.welshchessunion.uk/Grading/xarchive/JanJune2023/playerDetailView.php?key=d1%20luis%20sanchez
Lee Davis,E1,NA,1944,NA,2023-05-24,e1 lee davis,https://www.welshchessunion.uk/Grading/xarchive/JanJune2023/playerDetailView.php?key=e1%20lee%20davis
Barbara Graczyk-Gibiec,E1,NA,1929,NA,2023-05-07,e1 barbara graczyk-gibiec,https://www.welshchessunion.uk/Grading/xarchive/JanJune2023/playerDetailView.php?key=e1%20barbara%20graczyk-gibiec
Chirag Guha,E1,NA,1929,NA,2023-04-10,e1 chirag guha,https://www.welshchessunion.uk/Grading/xarchive/JanJune2023/playerDetailView.php?key=e1%20chirag%20guha
Adam Watkin-Jones,D1,NA,1918,NA,2023-06-01,d1 adam watkin-jones,https://www.welshchessunion.uk/Grading/xarchive/JanJune2023/playerDetailView.php?key=d1%20adam%20watkin-jones
Mark Thomas,W1,NA,1916,NA,2023-05-31,w1 mark thomas,https://www.welshchessunion.uk/Grading/xarchive/JanJune2023/playerDetailView.php?key=w1%20mark%20thomas
Kabir Singh,E1,NA,1913,NA,2023-04-23,e1 kabir singh,https://www.welshchessunion.uk/Grading/xarchive/JanJune2023/playerDetailView.php?key=e1%20kabir%20singh
Benedict Kirdinen,E1,NA,1912,NA,NA,e1 benedict kirdinen,https://www.welshchessunion.uk/Grading/xarchive/JanJune2023/playerDetailView.php?key=e1%20benedict%20kirdinen
Daniel Wilmot,E1,NA,1912,NA,2023-05-17,e1 daniel wilmot,https://www.welshchessunion.uk/Grading/xarchive/JanJune2023/playerDetailView.php?key=e1%20daniel%20wilmot
Yogesh Shelgaonkar,E1,NA,1910,NA,NA,e1 yogesh shelgaonkar,https://www.welshchessunion.uk/Grading/xarchive/JanJune2023/playerDetailView.php?key=e1%20yogesh%20shelgaonkar
Adam May,W1,NA,1908,NA,2023-05-31,w1 adam may,https://www.welshchessunion.uk/Grading/xarchive/JanJune2023/playerDetailView.php?key=w1%20adam%20may
Steve Cunliffe,E1,NA,1907,NA,2023-06-19,e1 steve cunliffe,https://www.welshchessunion.uk/Grading/xarchive/JanJune2023/playerDetailView.php?key=e1%20steve%20cunliffe
Benjamin Oh,E1,NA,1905,NA,NA,e1 benjamin oh,https://www.welshchessunion.uk/Grading/xarchive/JanJune2023/playerDetailView.php?key=e1%20benjamin%20oh
Elliott MacNeil,E1,NA,1902,NA,2023-05-04,e1 elliott macneil,https://www.welshchessunion.uk/Grading/xarchive/JanJune2023/playerDetailView.php?key=e1%20elliott%20macneil
Celso Bettencourt Pinto,E1,NA,1901,NA,NA,e1 celso bettencourt pinto,https://www.welshchessunion.uk/Grading/xarchive/JanJune2023/playerDetailView.php?key=e1%20celso%20bettencourt%20pinto
Anthony Hughes,G1,NA,1897,CM,2023-06-29,g1 anthony hughes,https://www.welshchessunion.uk/Grading/xarchive/JanJune2023/playerDetailView.php?key=g1%20anthony%20hughes
Huw Morcom,D1,NA,1896,NA,NA,d1 huw morcom,https://www.welshchessunion.uk/Grading/xarchive/JanJune2023/playerDetailView.php?key=d1%20huw%20morcom
Calum Harris,E1,NA,1891,NA,2023-04-10,e1 calum harris,https://www.welshchessunion.uk/Grading/xarchive/JanJune2023/playerDetailView.php?key=e1%20calum%20harris
Chris Boyd,N1,NA,1890,NA,NA,n1 chris boyd,https://www.welshchessunion.uk/Grading/xarchive/JanJune2023/playerDetailView.php?key=n1%20chris%20boyd
Shayanna Sivarajasingam,E1,NA,1890,WCM,NA,e1 shayanna sivarajasingam,https://www.welshchessunion.uk/Grading/xarchive/JanJune2023/playerDetailView.php?key=e1%20shayanna%20sivarajasingam
Edward Donovan,E1,NA,1884,NA,2023-05-09,e1 edward donovan,https://www.welshchessunion.uk/Grading/xarchive/JanJune2023/playerDetailView.php?key=e1%20edward%20donovan
Louis Jamieson,E1,NA,1884,NA,NA,e1 louis jamieson,https://www.welshchessunion.uk/Grading/xarchive/JanJune2023/playerDetailView.php?key=e1%20louis%20jamieson
Duncan MacDonald,E1,NA,1880,NA,2023-06-20,e1 duncan macdonald,https://www.welshchessunion.uk/Grading/xarchive/JanJune2023/playerDetailView.php?key=e1%20duncan%20macdonald
Robert Taylor,G1,NA,1880,NA,2023-02-01,g1 robert taylor,https://www.welshchessunion.uk/Grading/xarchive/JanJune2023/playerDetailView.php?key=g1%20robert%20taylor
Tom Winfield,E1,NA,1880,NA,NA,e1 tom winfield,https://www.welshchessunion.uk/Grading/xarchive/JanJune2023/playerDetailView.php?key=e1%20tom%20winfield
David Vaughan,G1,NA,1879,NA,2023-05-04,g1 david vaughan,https://www.welshchessunion.uk/Grading/xarchive/JanJune2023/playerDetailView.php?key=g1%20david%20vaughan
Richard Batey,G1,NA,1876,NA,2023-04-25,g1 richard batey,https://www.welshchessunion.uk/Grading/xarchive/JanJune2023/playerDetailView.php?key=g1%20richard%20batey
James Coates,N1,NA,1875,NA,NA,n1 james coates,https://www.welshchessunion.uk/Grading/xarchive/JanJune2023/playerDetailView.php?key=n1%20james%20coates
Jonathan Kell,E1,NA,1875,NA,NA,e1 jonathan kell,https://www.welshchessunion.uk/Grading/xarchive/JanJune2023/playerDetailView.php?key=e1%20jonathan%20kell
Charles Summers,E1,NA,1872,NA,NA,e1 charles summers,https://www.welshchessunion.uk/Grading/xarchive/JanJune2023/playerDetailView.php?key=e1%20charles%20summers
Peter Bevan,W1,NA,1870,NA,2023-05-31,w1 peter bevan,https://www.welshchessunion.uk/Grading/xarchive/JanJune2023/playerDetailView.php?key=w1%20peter%20bevan
Richard Burton,N1,NA,1869,NA,NA,n1 richard burton,https://www.welshchessunion.uk/Grading/xarchive/JanJune2023/playerDetailView.php?key=n1%20richard%20burton
Zane Allford,G1,NA,1868,NA,2023-06-21,g1 zane allford,https://www.welshchessunion.uk/Grading/xarchive/JanJune2023/playerDetailView.php?key=g1%20zane%20allford
Steve Smith,W1,NA,1868,NA,2023-05-09,w1 steve smith,https://www.welshchessunion.uk/Grading/xarchive/JanJune2023/playerDetailView.php?key=w1%20steve%20smith
Dillan Duke,G1,NA,1866,NA,2023-03-12,g1 dillan duke,https://www.welshchessunion.uk/Grading/xarchive/JanJune2023/playerDetailView.php?key=g1%20dillan%20duke
David Guy,W1,NA,1866,NA,2023-04-19,w1 david guy,https://www.welshchessunion.uk/Grading/xarchive/JanJune2023/playerDetailView.php?key=w1%20david%20guy
David Robinson,E1,NA,1859,NA,2023-05-22,e1 david robinson,https://www.welshchessunion.uk/Grading/xarchive/JanJune2023/playerDetailView.php?key=e1%20david%20robinson
Derek Smith,E1,NA,1858,NA,NA,e1 derek smith,https://www.welshchessunion.uk/Grading/xarchive/JanJune2023/playerDetailView.php?key=e1%20derek%20smith
Lynda Smith,G1,NA,1855,WCM,2023-05-04,g1 lynda smith,https://www.welshchessunion.uk/Grading/xarchive/JanJune2023/playerDetailView.php?key=g1%20lynda%20smith
Ray J Holland,N1,NA,1853,NA,2023-05-02,n1 ray j holland,https://www.welshchessunion.uk/Grading/xarchive/JanJune2023/playerDetailView.php?key=n1%20ray%20j%20holland
Hywel Griffiths,W1,NA,1852,NA,2023-05-09,w1 hywel griffiths,https://www.welshchessunion.uk/Grading/xarchive/JanJune2023/playerDetailView.php?key=w1%20hywel%20griffiths
Gareth Ellis,N1,NA,1848,NA,2023-04-25,n1 gareth ellis,https://www.welshchessunion.uk/Grading/xarchive/JanJune2023/playerDetailView.php?key=n1%20gareth%20ellis
Dai James,E1,NA,1848,NA,2023-05-21,e1 dai james,https://www.welshchessunion.uk/Grading/xarchive/JanJune2023/playerDetailView.php?key=e1%20dai%20james
John McGregor,E1,NA,1847,NA,2023-06-27,e1 john mcgregor,https://www.welshchessunion.uk/Grading/xarchive/JanJune2023/playerDetailView.php?key=e1%20john%20mcgregor
Alan Keene,G1,NA,1845,NA,2023-05-21,g1 alan keene,https://www.welshchessunion.uk/Grading/xarchive/JanJune2023/playerDetailView.php?key=g1%20alan%20keene
Jake Hurley,E1,NA,1841,NA,2023-05-09,e1 jake hurley,https://www.welshchessunion.uk/Grading/xarchive/JanJune2023/playerDetailView.php?key=e1%20jake%20hurley
Georgi Korovski,E1,NA,1841,NA,2023-05-07,e1 georgi korovski,https://www.welshchessunion.uk/Grading/xarchive/JanJune2023/playerDetailView.php?key=e1%20georgi%20korovski
Callum Davies,E1,NA,1838,NA,2023-05-05,e1 callum davies,https://www.welshchessunion.uk/Grading/xarchive/JanJune2023/playerDetailView.php?key=e1%20callum%20davies
Ian Eustis,W1,NA,1838,NA,2023-05-21,w1 ian eustis,https://www.welshchessunion.uk/Grading/xarchive/JanJune2023/playerDetailView.php?key=w1%20ian%20eustis
Gary Thomas,N1,NA,1831,NA,NA,n1 gary thomas,https://www.welshchessunion.uk/Grading/xarchive/JanJune2023/playerDetailView.php?key=n1%20gary%20thomas
Susanna Fraser,E1,NA,1828,NA,NA,e1 susanna fraser,https://www.welshchessunion.uk/Grading/xarchive/JanJune2023/playerDetailView.php?key=e1%20susanna%20fraser
Andrew Di-Vetta,E1,NA,1827,NA,2023-02-05,e1 andrew di-vetta,https://www.welshchessunion.uk/Grading/xarchive/JanJune2023/playerDetailView.php?key=e1%20andrew%20di-vetta
Liam Penny,E1,NA,1823,NA,2023-06-27,e1 liam penny,https://www.welshchessunion.uk/Grading/xarchive/JanJune2023/playerDetailView.php?key=e1%20liam%20penny
Peter Quinn,E1,NA,1823,NA,2023-05-21,e1 peter quinn,https://www.welshchessunion.uk/Grading/xarchive/JanJune2023/playerDetailView.php?key=e1%20peter%20quinn
Ryan Cheung,E1,NA,1818,NA,NA,e1 ryan cheung,https://www.welshchessunion.uk/Grading/xarchive/JanJune2023/playerDetailView.php?key=e1%20ryan%20cheung
William Phillips,G1,NA,1817,NA,2023-06-28,g1 william phillips,https://www.welshchessunion.uk/Grading/xarchive/JanJune2023/playerDetailView.php?key=g1%20william%20phillips
Chris Howells,E1,NA,1814,NA,NA,e1 chris howells,https://www.welshchessunion.uk/Grading/xarchive/JanJune2023/playerDetailView.php?key=e1%20chris%20howells
Reginald Mba,E1,NA,1811,NA,2023-05-24,e1 reginald mba,https://www.welshchessunion.uk/Grading/xarchive/JanJune2023/playerDetailView.php?key=e1%20reginald%20mba
Roy Thomas,E1,NA,1810,NA,2023-03-12,e1 roy thomas,https://www.welshchessunion.uk/Grading/xarchive/JanJune2023/playerDetailView.php?key=e1%20roy%20thomas
Duncan Williams,W1,NA,1810,NA,2023-05-23,w1 duncan williams,https://www.welshchessunion.uk/Grading/xarchive/JanJune2023/playerDetailView.php?key=w1%20duncan%20williams
Vaness Reid,N1,NA,1809,NA,NA,n1 vaness reid,https://www.welshchessunion.uk/Grading/xarchive/JanJune2023/playerDetailView.php?key=n1%20vaness%20reid
Gwyn Havard,E1,NA,1804,NA,2023-06-19,e1 gwyn havard,https://www.welshchessunion.uk/Grading/xarchive/JanJune2023/playerDetailView.php?key=e1%20gwyn%20havard
Joshua McKenna,E1,NA,1802,NA,2023-06-27,e1 joshua mckenna,https://www.welshchessunion.uk/Grading/xarchive/JanJune2023/playerDetailView.php?key=e1%20joshua%20mckenna
Bob Moore,W1,NA,1802,NA,2023-05-21,w1 bob moore,https://www.welshchessunion.uk/Grading/xarchive/JanJune2023/playerDetailView.php?key=w1%20bob%20moore
Ewan Ferguson,D1,NA,1800,NA,2023-06-02,d1 ewan ferguson,https://www.welshchessunion.uk/Grading/xarchive/JanJune2023/playerDetailView.php?key=d1%20ewan%20ferguson
Roger Greatorex,N1,NA,1800,NA,2023-05-14,n1 roger greatorex,https://www.welshchessunion.uk/Grading/xarchive/JanJune2023/playerDetailView.php?key=n1%20roger%20greatorex
Steve Lindsay,E1,NA,1800,NA,NA,e1 steve lindsay,https://www.welshchessunion.uk/Grading/xarchive/JanJune2023/playerDetailView.php?key=e1%20steve%20lindsay
Rufus Long,E1,NA,1800,NA,2023-05-05,e1 rufus long,https://www.welshchessunion.uk/Grading/xarchive/JanJune2023/playerDetailView.php?key=e1%20rufus%20long
Thomas Mahoney,E1,NA,1800,NA,2023-04-16,e1 thomas mahoney,https://www.welshchessunion.uk/Grading/xarchive/JanJune2023/playerDetailView.php?key=e1%20thomas%20mahoney
Ernest M White,G1,NA,1794,NA,NA,g1 ernest m white,https://www.welshchessunion.uk/Grading/xarchive/JanJune2023/playerDetailView.php?key=g1%20ernest%20m%20white
Keith Downey,W1,NA,1791,NA,2023-05-29,w1 keith downey,https://www.welshchessunion.uk/Grading/xarchive/JanJune2023/playerDetailView.php?key=w1%20keith%20downey
Jiaheng Ding,D1,NA,1789,NA,NA,d1 jiaheng ding,https://www.welshchessunion.uk/Grading/xarchive/JanJune2023/playerDetailView.php?key=d1%20jiaheng%20ding
Ferdinand Kramse,E1,NA,1789,NA,NA,e1 ferdinand kramse,https://www.welshchessunion.uk/Grading/xarchive/JanJune2023/playerDetailView.php?key=e1%20ferdinand%20kramse
Neil Owen,E1,NA,1784,NA,NA,e1 neil owen,https://www.welshchessunion.uk/Grading/xarchive/JanJune2023/playerDetailView.php?key=e1%20neil%20owen
David McIntosh,G1,NA,1777,NA,NA,g1 david mcintosh,https://www.welshchessunion.uk/Grading/xarchive/JanJune2023/playerDetailView.php?key=g1%20david%20mcintosh
Ellison Smith,E1,NA,1775,NA,2023-06-27,e1 ellison smith,https://www.welshchessunion.uk/Grading/xarchive/JanJune2023/playerDetailView.php?key=e1%20ellison%20smith
Clive Thomas,G1,NA,1771,NA,NA,g1 clive thomas,https://www.welshchessunion.uk/Grading/xarchive/JanJune2023/playerDetailView.php?key=g1%20clive%20thomas
Alex Wills,E1,NA,1771,NA,NA,e1 alex wills,https://www.welshchessunion.uk/Grading/xarchive/JanJune2023/playerDetailView.php?key=e1%20alex%20wills
Paul Bridges,E1,NA,1770,NA,2023-05-15,e1 paul bridges,https://www.welshchessunion.uk/Grading/xarchive/JanJune2023/playerDetailView.php?key=e1%20paul%20bridges
Dennis O. Jones,G1,NA,1770,NA,NA,g1 dennis o. jones,https://www.welshchessunion.uk/Grading/xarchive/JanJune2023/playerDetailView.php?key=g1%20dennis%20o.%20jones
Will Harwood,E1,NA,1768,NA,2023-05-15,e1 will harwood,https://www.welshchessunion.uk/Grading/xarchive/JanJune2023/playerDetailView.php?key=e1%20will%20harwood
Callum Smith,E1,NA,1764,NA,2023-04-04,e1 callum smith,https://www.welshchessunion.uk/Grading/xarchive/JanJune2023/playerDetailView.php?key=e1%20callum%20smith
Mike Hughes,N1,NA,1763,NA,NA,n1 mike hughes,https://www.welshchessunion.uk/Grading/xarchive/JanJune2023/playerDetailView.php?key=n1%20mike%20hughes
John Bowers,N1,NA,1762,NA,2023-06-21,n1 john bowers,https://www.welshchessunion.uk/Grading/xarchive/JanJune2023/playerDetailView.php?key=n1%20john%20bowers
Owain Davies,D1,NA,1762,NA,NA,d1 owain davies,https://www.welshchessunion.uk/Grading/xarchive/JanJune2023/playerDetailView.php?key=d1%20owain%20davies
Martin C Jones,D1,NA,1760,NA,2023-06-01,d1 martin c jones,https://www.welshchessunion.uk/Grading/xarchive/JanJune2023/playerDetailView.php?key=d1%20martin%20c%20jones
Rob Dineen,E1,NA,1759,NA,NA,e1 rob dineen,https://www.welshchessunion.uk/Grading/xarchive/JanJune2023/playerDetailView.php?key=e1%20rob%20dineen
Bill Hunt,E1,NA,1756,NA,2023-03-13,e1 bill hunt,https://www.welshchessunion.uk/Grading/xarchive/JanJune2023/playerDetailView.php?key=e1%20bill%20hunt
Dennis Stokes-Carter,E1,NA,1754,NA,NA,e1 dennis stokes-carter,https://www.welshchessunion.uk/Grading/xarchive/JanJune2023/playerDetailView.php?key=e1%20dennis%20stokes-carter
David Cleverly,E1,NA,1753,NA,NA,e1 david cleverly,https://www.welshchessunion.uk/Grading/xarchive/JanJune2023/playerDetailView.php?key=e1%20david%20cleverly
Chris Grier,N1,NA,1753,NA,2023-04-25,n1 chris grier,https://www.welshchessunion.uk/Grading/xarchive/JanJune2023/playerDetailView.php?key=n1%20chris%20grier
Andrew Owen,G1,NA,1751,NA,2023-05-21,g1 andrew owen,https://www.welshchessunion.uk/Grading/xarchive/JanJune2023/playerDetailView.php?key=g1%20andrew%20owen
Merlin Davies,E1,NA,1750,NA,NA,e1 merlin davies,https://www.welshchessunion.uk/Grading/xarchive/JanJune2023/playerDetailView.php?key=e1%20merlin%20davies
Lef Zografos,E1,NA,1750,NA,2023-05-07,e1 lef zografos,https://www.welshchessunion.uk/Grading/xarchive/JanJune2023/playerDetailView.php?key=e1%20lef%20zografos
Joseph Addis,G1,NA,1747,NA,2023-04-26,g1 joseph addis,https://www.welshchessunion.uk/Grading/xarchive/JanJune2023/playerDetailView.php?key=g1%20joseph%20addis
Michael Beck,W1,NA,1746,NA,2023-05-09,w1 michael beck,https://www.welshchessunion.uk/Grading/xarchive/JanJune2023/playerDetailView.php?key=w1%20michael%20beck
Mohammed Ayad,N1,NA,1742,NA,2023-04-25,n1 mohammed ayad,https://www.welshchessunion.uk/Grading/xarchive/JanJune2023/playerDetailView.php?key=n1%20mohammed%20ayad
Michael Whale,N1,NA,1741,NA,2023-03-25,n1 michael whale,https://www.welshchessunion.uk/Grading/xarchive/JanJune2023/playerDetailView.php?key=n1%20michael%20whale
Neil Carter,G1,NA,1734,NA,NA,g1 neil carter,https://www.welshchessunion.uk/Grading/xarchive/JanJune2023/playerDetailView.php?key=g1%20neil%20carter
Paul Headon,W1,NA,1734,NA,2023-04-18,w1 paul headon,https://www.welshchessunion.uk/Grading/xarchive/JanJune2023/playerDetailView.php?key=w1%20paul%20headon
Vince Williams,E1,NA,1734,NA,NA,e1 vince williams,https://www.welshchessunion.uk/Grading/xarchive/JanJune2023/playerDetailView.php?key=e1%20vince%20williams
Dewi Jones,N1,NA,1729,NA,2023-04-19,n1 dewi jones,https://www.welshchessunion.uk/Grading/xarchive/JanJune2023/playerDetailView.php?key=n1%20dewi%20jones
Martyn Griffiths,W1,NA,1726,NA,2023-05-09,w1 martyn griffiths,https://www.welshchessunion.uk/Grading/xarchive/JanJune2023/playerDetailView.php?key=w1%20martyn%20griffiths
Owain Meurig,N1,NA,1726,NA,NA,n1 owain meurig,https://www.welshchessunion.uk/Grading/xarchive/JanJune2023/playerDetailView.php?key=n1%20owain%20meurig
Mark Janas,E1,NA,1724,NA,2023-04-11,e1 mark janas,https://www.welshchessunion.uk/Grading/xarchive/JanJune2023/playerDetailView.php?key=e1%20mark%20janas
Haydn Parry,N1,NA,1724,NA,2023-03-15,n1 haydn parry,https://www.welshchessunion.uk/Grading/xarchive/JanJune2023/playerDetailView.php?key=n1%20haydn%20parry
Denys Podcherniaeva,N1,NA,1724,NA,2023-06-21,n1 denys podcherniaeva,https://www.welshchessunion.uk/Grading/xarchive/JanJune2023/playerDetailView.php?key=n1%20denys%20podcherniaeva
Gordon Cadden,G1,NA,1723,NA,NA,g1 gordon cadden,https://www.welshchessunion.uk/Grading/xarchive/JanJune2023/playerDetailView.php?key=g1%20gordon%20cadden
Yaroslav Sharhorodsky,E1,NA,1723,NA,2023-06-04,e1 yaroslav sharhorodsky,https://www.welshchessunion.uk/Grading/xarchive/JanJune2023/playerDetailView.php?key=e1%20yaroslav%20sharhorodsky
Simon Blackmore,E1,NA,1722,NA,2023-06-27,e1 simon blackmore,https://www.welshchessunion.uk/Grading/xarchive/JanJune2023/playerDetailView.php?key=e1%20simon%20blackmore
Mateusz Gibiec,G1,NA,1722,NA,2023-05-07,g1 mateusz gibiec,https://www.welshchessunion.uk/Grading/xarchive/JanJune2023/playerDetailView.php?key=g1%20mateusz%20gibiec
Ross Kelly,E1,NA,1720,NA,NA,e1 ross kelly,https://www.welshchessunion.uk/Grading/xarchive/JanJune2023/playerDetailView.php?key=e1%20ross%20kelly
Mark Thomas (N),N1,NA,1718,NA,2023-02-15,n1 mark thomas (n),https://www.welshchessunion.uk/Grading/xarchive/JanJune2023/playerDetailView.php?key=n1%20mark%20thomas%20%28n%29
Nick Davies,G1,NA,1717,NA,NA,g1 nick davies,https://www.welshchessunion.uk/Grading/xarchive/JanJune2023/playerDetailView.php?key=g1%20nick%20davies
Alun Smith,E1,NA,1714,NA,2023-06-27,e1 alun smith,https://www.welshchessunion.uk/Grading/xarchive/JanJune2023/playerDetailView.php?key=e1%20alun%20smith
Steve Horrell,G1,NA,1712,NA,2023-06-28,g1 steve horrell,https://www.welshchessunion.uk/Grading/xarchive/JanJune2023/playerDetailView.php?key=g1%20steve%20horrell
Chris Morgan,G1,NA,1712,NA,2023-06-28,g1 chris morgan,https://www.welshchessunion.uk/Grading/xarchive/JanJune2023/playerDetailView.php?key=g1%20chris%20morgan
G Brian Davies,N1,NA,1711,NA,2023-05-02,n1 g brian davies,https://www.welshchessunion.uk/Grading/xarchive/JanJune2023/playerDetailView.php?key=n1%20g%20brian%20davies
Russell Dodington,E1,NA,1711,NA,2023-05-09,e1 russell dodington,https://www.welshchessunion.uk/Grading/xarchive/JanJune2023/playerDetailView.php?key=e1%20russell%20dodington
Donovan Sipho,W1,NA,1711,NA,2023-05-09,w1 donovan sipho,https://www.welshchessunion.uk/Grading/xarchive/JanJune2023/playerDetailView.php?key=w1%20donovan%20sipho
Caleb Thorrington,W1,NA,1710,NA,NA,w1 caleb thorrington,https://www.welshchessunion.uk/Grading/xarchive/JanJune2023/playerDetailView.php?key=w1%20caleb%20thorrington
Kimberly Chong,E1,NA,1709,NA,2023-04-16,e1 kimberly chong,https://www.welshchessunion.uk/Grading/xarchive/JanJune2023/playerDetailView.php?key=e1%20kimberly%20chong
David Buttell,W1,NA,1708,NA,2023-04-11,w1 david buttell,https://www.welshchessunion.uk/Grading/xarchive/JanJune2023/playerDetailView.php?key=w1%20david%20buttell
Hiya Ray,E1,NA,1708,NA,NA,e1 hiya ray,https://www.welshchessunion.uk/Grading/xarchive/JanJune2023/playerDetailView.php?key=e1%20hiya%20ray
Justin Morgans,E1,NA,1707,NA,2023-05-10,e1 justin morgans,https://www.welshchessunion.uk/Grading/xarchive/JanJune2023/playerDetailView.php?key=e1%20justin%20morgans
David Rovaretti,E1,NA,1706,NA,2023-05-22,e1 david rovaretti,https://www.welshchessunion.uk/Grading/xarchive/JanJune2023/playerDetailView.php?key=e1%20david%20rovaretti
Mark Jones,E1,NA,1704,NA,2023-05-22,e1 mark jones,https://www.welshchessunion.uk/Grading/xarchive/JanJune2023/playerDetailView.php?key=e1%20mark%20jones
Caspian Fowler,G1,NA,1701,NA,2023-04-10,g1 caspian fowler,https://www.welshchessunion.uk/Grading/xarchive/JanJune2023/playerDetailView.php?key=g1%20caspian%20fowler
Toby Carter,D1,NA,1700,NA,2023-05-02,d1 toby carter,https://www.welshchessunion.uk/Grading/xarchive/JanJune2023/playerDetailView.php?key=d1%20toby%20carter
Jay Drawbridge,N1,NA,1700,NA,2023-05-15,n1 jay drawbridge,https://www.welshchessunion.uk/Grading/xarchive/JanJune2023/playerDetailView.php?key=n1%20jay%20drawbridge
Bence Szakmany,E1,NA,1700,NA,2023-06-20,e1 bence szakmany,https://www.welshchessunion.uk/Grading/xarchive/JanJune2023/playerDetailView.php?key=e1%20bence%20szakmany
Peter Windows,D1,NA,1700,NA,2023-06-01,d1 peter windows,https://www.welshchessunion.uk/Grading/xarchive/JanJune2023/playerDetailView.php?key=d1%20peter%20windows
Barrie Wells,N1,NA,1699,NA,2023-06-21,n1 barrie wells,https://www.welshchessunion.uk/Grading/xarchive/JanJune2023/playerDetailView.php?key=n1%20barrie%20wells
David Lewis,E1,NA,1696,NA,2023-03-13,e1 david lewis,https://www.welshchessunion.uk/Grading/xarchive/JanJune2023/playerDetailView.php?key=e1%20david%20lewis
Steve Williams (Cwm),G1,NA,1694,NA,2023-07-02,g1 steve williams (cwm),https://www.welshchessunion.uk/Grading/xarchive/JanJune2023/playerDetailView.php?key=g1%20steve%20williams%20%28cwm%29
Andrew Hughes,N1,NA,1692,NA,NA,n1 andrew hughes,https://www.welshchessunion.uk/Grading/xarchive/JanJune2023/playerDetailView.php?key=n1%20andrew%20hughes
Timothy J Soar,N1,NA,1692,NA,2023-01-31,n1 timothy j soar,https://www.welshchessunion.uk/Grading/xarchive/JanJune2023/playerDetailView.php?key=n1%20timothy%20j%20soar
Dave Parsons,E1,NA,1689,NA,2023-06-19,e1 dave parsons,https://www.welshchessunion.uk/Grading/xarchive/JanJune2023/playerDetailView.php?key=e1%20dave%20parsons
Peter S Fisher,N1,NA,1688,NA,2023-04-25,n1 peter s fisher,https://www.welshchessunion.uk/Grading/xarchive/JanJune2023/playerDetailView.php?key=n1%20peter%20s%20fisher
Andrew Smith,W1,NA,1688,NA,2023-06-05,w1 andrew smith,https://www.welshchessunion.uk/Grading/xarchive/JanJune2023/playerDetailView.php?key=w1%20andrew%20smith
Chris Dixon,G1,NA,1687,NA,2023-05-13,g1 chris dixon,https://www.welshchessunion.uk/Grading/xarchive/JanJune2023/playerDetailView.php?key=g1%20chris%20dixon
Ben Mora,W1,NA,1686,NA,2023-04-24,w1 ben mora,https://www.welshchessunion.uk/Grading/xarchive/JanJune2023/playerDetailView.php?key=w1%20ben%20mora
Madeleine Smith,G1,NA,1686,NA,NA,g1 madeleine smith,https://www.welshchessunion.uk/Grading/xarchive/JanJune2023/playerDetailView.php?key=g1%20madeleine%20smith
Yuxuan Wu,E1,NA,1683,NA,2023-04-12,e1 yuxuan wu,https://www.welshchessunion.uk/Grading/xarchive/JanJune2023/playerDetailView.php?key=e1%20yuxuan%20wu
Terry Hill,G1,NA,1681,NA,NA,g1 terry hill,https://www.welshchessunion.uk/Grading/xarchive/JanJune2023/playerDetailView.php?key=g1%20terry%20hill
Huw Davies,N1,NA,1680,NA,2023-05-15,n1 huw davies,https://www.welshchessunion.uk/Grading/xarchive/JanJune2023/playerDetailView.php?key=n1%20huw%20davies
Ben Brewer,D1,NA,1679,NA,2023-06-06,d1 ben brewer,https://www.welshchessunion.uk/Grading/xarchive/JanJune2023/playerDetailView.php?key=d1%20ben%20brewer
Bill Harle,E1,NA,1679,NA,2023-05-24,e1 bill harle,https://www.welshchessunion.uk/Grading/xarchive/JanJune2023/playerDetailView.php?key=e1%20bill%20harle
Stephen Williams (Tre),N1,NA,1679,NA,2023-02-06,n1 stephen williams (tre),https://www.welshchessunion.uk/Grading/xarchive/JanJune2023/playerDetailView.php?key=n1%20stephen%20williams%20%28tre%29
Ethan Chung,E1,NA,1677,NA,NA,e1 ethan chung,https://www.welshchessunion.uk/Grading/xarchive/JanJune2023/playerDetailView.php?key=e1%20ethan%20chung
Adrian Davies,W1,NA,1676,NA,NA,w1 adrian davies,https://www.welshchessunion.uk/Grading/xarchive/JanJune2023/playerDetailView.php?key=w1%20adrian%20davies
Gary Slegg,N1,NA,1676,NA,2023-06-13,n1 gary slegg,https://www.welshchessunion.uk/Grading/xarchive/JanJune2023/playerDetailView.php?key=n1%20gary%20slegg
Cameron Westwood,D1,NA,1675,NA,NA,d1 cameron westwood,https://www.welshchessunion.uk/Grading/xarchive/JanJune2023/playerDetailView.php?key=d1%20cameron%20westwood
George Smith,G1,NA,1674,NA,NA,g1 george smith,https://www.welshchessunion.uk/Grading/xarchive/JanJune2023/playerDetailView.php?key=g1%20george%20smith
Alun Howell,E1,NA,1672,NA,NA,e1 alun howell,https://www.welshchessunion.uk/Grading/xarchive/JanJune2023/playerDetailView.php?key=e1%20alun%20howell
Chris Daniel,W1,NA,1671,NA,2023-05-31,w1 chris daniel,https://www.welshchessunion.uk/Grading/xarchive/JanJune2023/playerDetailView.php?key=w1%20chris%20daniel
Dale Westcott,W1,NA,1667,NA,2023-06-05,w1 dale westcott,https://www.welshchessunion.uk/Grading/xarchive/JanJune2023/playerDetailView.php?key=w1%20dale%20westcott
Ryan Emmett,E1,NA,1666,NA,NA,e1 ryan emmett,https://www.welshchessunion.uk/Grading/xarchive/JanJune2023/playerDetailView.php?key=e1%20ryan%20emmett
Leon Zedlmayer,E1,NA,1665,NA,2023-05-21,e1 leon zedlmayer,https://www.welshchessunion.uk/Grading/xarchive/JanJune2023/playerDetailView.php?key=e1%20leon%20zedlmayer
Michael Arribas-Ayllon,E1,NA,1664,NA,2023-05-23,e1 michael arribas-ayllon,https://www.welshchessunion.uk/Grading/xarchive/JanJune2023/playerDetailView.php?key=e1%20michael%20arribas-ayllon
Kam Choo Yin,E1,NA,1661,NA,2023-06-20,e1 kam choo yin,https://www.welshchessunion.uk/Grading/xarchive/JanJune2023/playerDetailView.php?key=e1%20kam%20choo%20yin
Gareth Harding,E1,NA,1658,NA,NA,e1 gareth harding,https://www.welshchessunion.uk/Grading/xarchive/JanJune2023/playerDetailView.php?key=e1%20gareth%20harding
Paul Scott,G1,NA,1658,NA,2023-06-28,g1 paul scott,https://www.welshchessunion.uk/Grading/xarchive/JanJune2023/playerDetailView.php?key=g1%20paul%20scott
Mohamed Binesmael,E1,NA,1657,NA,2023-04-10,e1 mohamed binesmael,https://www.welshchessunion.uk/Grading/xarchive/JanJune2023/playerDetailView.php?key=e1%20mohamed%20binesmael
Mark Cooke,E1,NA,1656,NA,NA,e1 mark cooke,https://www.welshchessunion.uk/Grading/xarchive/JanJune2023/playerDetailView.php?key=e1%20mark%20cooke
Sebastian Hopkins,G1,NA,1656,NA,NA,g1 sebastian hopkins,https://www.welshchessunion.uk/Grading/xarchive/JanJune2023/playerDetailView.php?key=g1%20sebastian%20hopkins
Peter Slater,E1,NA,1656,NA,2023-05-09,e1 peter slater,https://www.welshchessunion.uk/Grading/xarchive/JanJune2023/playerDetailView.php?key=e1%20peter%20slater
Emyr Roberts,E1,NA,1651,NA,2023-06-27,e1 emyr roberts,https://www.welshchessunion.uk/Grading/xarchive/JanJune2023/playerDetailView.php?key=e1%20emyr%20roberts
Tom Cooke,E1,NA,1650,NA,NA,e1 tom cooke,https://www.welshchessunion.uk/Grading/xarchive/JanJune2023/playerDetailView.php?key=e1%20tom%20cooke
Andrew Golley,W1,NA,1650,NA,2023-06-05,w1 andrew golley,https://www.welshchessunion.uk/Grading/xarchive/JanJune2023/playerDetailView.php?key=w1%20andrew%20golley
Guy Wagner,E1,NA,1650,NA,2023-05-23,e1 guy wagner,https://www.welshchessunion.uk/Grading/xarchive/JanJune2023/playerDetailView.php?key=e1%20guy%20wagner
Jonathan Lewis,E1,NA,1649,NA,2023-02-08,e1 jonathan lewis,https://www.welshchessunion.uk/Grading/xarchive/JanJune2023/playerDetailView.php?key=e1%20jonathan%20lewis
Tom Bennett,E1,NA,1648,NA,2023-04-02,e1 tom bennett,https://www.welshchessunion.uk/Grading/xarchive/JanJune2023/playerDetailView.php?key=e1%20tom%20bennett
Matthew Francis,D1,NA,1648,NA,2023-05-15,d1 matthew francis,https://www.welshchessunion.uk/Grading/xarchive/JanJune2023/playerDetailView.php?key=d1%20matthew%20francis
Gavin Williams,E1,NA,1643,NA,2023-06-27,e1 gavin williams,https://www.welshchessunion.uk/Grading/xarchive/JanJune2023/playerDetailView.php?key=e1%20gavin%20williams
R Gareth Williams,D1,NA,1643,NA,2023-06-06,d1 r gareth williams,https://www.welshchessunion.uk/Grading/xarchive/JanJune2023/playerDetailView.php?key=d1%20r%20gareth%20williams
Gavin Jones,E1,NA,1639,NA,2023-05-23,e1 gavin jones,https://www.welshchessunion.uk/Grading/xarchive/JanJune2023/playerDetailView.php?key=e1%20gavin%20jones
Tom Davies,E1,NA,1638,NA,2023-06-13,e1 tom davies,https://www.welshchessunion.uk/Grading/xarchive/JanJune2023/playerDetailView.php?key=e1%20tom%20davies
Dave Williams,G1,NA,1636,NA,2023-05-14,g1 dave williams,https://www.welshchessunion.uk/Grading/xarchive/JanJune2023/playerDetailView.php?key=g1%20dave%20williams
Scott Hammett,D1,NA,1634,NA,2023-06-01,d1 scott hammett,https://www.welshchessunion.uk/Grading/xarchive/JanJune2023/playerDetailView.php?key=d1%20scott%20hammett
Viv Martin,E1,NA,1634,NA,NA,e1 viv martin,https://www.welshchessunion.uk/Grading/xarchive/JanJune2023/playerDetailView.php?key=e1%20viv%20martin
Julie van Kemenade,N1,NA,1633,NA,2023-05-18,n1 julie van kemenade,https://www.welshchessunion.uk/Grading/xarchive/JanJune2023/playerDetailView.php?key=n1%20julie%20van%20kemenade
Deio Parri,N1,NA,1631,NA,2023-05-28,n1 deio parri,https://www.welshchessunion.uk/Grading/xarchive/JanJune2023/playerDetailView.php?key=n1%20deio%20parri
Jusef Behit,G1,NA,1627,NA,NA,g1 jusef behit,https://www.welshchessunion.uk/Grading/xarchive/JanJune2023/playerDetailView.php?key=g1%20jusef%20behit
Rachel McIntosh,G1,NA,1627,NA,NA,g1 rachel mcintosh,https://www.welshchessunion.uk/Grading/xarchive/JanJune2023/playerDetailView.php?key=g1%20rachel%20mcintosh
Luke Williams,W1,NA,1627,NA,2023-04-26,w1 luke williams,https://www.welshchessunion.uk/Grading/xarchive/JanJune2023/playerDetailView.php?key=w1%20luke%20williams
Tony Crossman,W1,NA,1626,NA,2023-04-26,w1 tony crossman,https://www.welshchessunion.uk/Grading/xarchive/JanJune2023/playerDetailView.php?key=w1%20tony%20crossman
Bob Hurn,E1,NA,1626,NA,2023-05-22,e1 bob hurn,https://www.welshchessunion.uk/Grading/xarchive/JanJune2023/playerDetailView.php?key=e1%20bob%20hurn
Stephen Dunning,N1,NA,1625,NA,2023-03-01,n1 stephen dunning,https://www.welshchessunion.uk/Grading/xarchive/JanJune2023/playerDetailView.php?key=n1%20stephen%20dunning
Anlan Qiu,E1,NA,1625,NA,NA,e1 anlan qiu,https://www.welshchessunion.uk/Grading/xarchive/JanJune2023/playerDetailView.php?key=e1%20anlan%20qiu
Ishtiaq Ali,E1,NA,1623,NA,NA,e1 ishtiaq ali,https://www.welshchessunion.uk/Grading/xarchive/JanJune2023/playerDetailView.php?key=e1%20ishtiaq%20ali
Ganesh Kadalarasan,G1,NA,1623,NA,2023-02-19,g1 ganesh kadalarasan,https://www.welshchessunion.uk/Grading/xarchive/JanJune2023/playerDetailView.php?key=g1%20ganesh%20kadalarasan
Karanvir Lutchman Singh,E1,NA,1623,NA,NA,e1 karanvir lutchman singh,https://www.welshchessunion.uk/Grading/xarchive/JanJune2023/playerDetailView.php?key=e1%20karanvir%20lutchman%20singh
Enes Yoldas,G1,NA,1623,NA,NA,g1 enes yoldas,https://www.welshchessunion.uk/Grading/xarchive/JanJune2023/playerDetailView.php?key=g1%20enes%20yoldas
Ethan Challoner,N1,NA,1620,NA,2023-05-02,n1 ethan challoner,https://www.welshchessunion.uk/Grading/xarchive/JanJune2023/playerDetailView.php?key=n1%20ethan%20challoner
Dave A Lewis,E1,NA,1619,NA,NA,e1 dave a lewis,https://www.welshchessunion.uk/Grading/xarchive/JanJune2023/playerDetailView.php?key=e1%20dave%20a%20lewis
Dave McGhee,E1,NA,1618,NA,2023-05-10,e1 dave mcghee,https://www.welshchessunion.uk/Grading/xarchive/JanJune2023/playerDetailView.php?key=e1%20dave%20mcghee
Huw Jones,W1,NA,1617,NA,2023-05-14,w1 huw jones,https://www.welshchessunion.uk/Grading/xarchive/JanJune2023/playerDetailView.php?key=w1%20huw%20jones
Rigby Stedman,G1,NA,1614,NA,NA,g1 rigby stedman,https://www.welshchessunion.uk/Grading/xarchive/JanJune2023/playerDetailView.php?key=g1%20rigby%20stedman
Alex Chan,E1,NA,1610,NA,NA,e1 alex chan,https://www.welshchessunion.uk/Grading/xarchive/JanJune2023/playerDetailView.php?key=e1%20alex%20chan
Colin Denham-Kennedy,D1,NA,1608,NA,NA,d1 colin denham-kennedy,https://www.welshchessunion.uk/Grading/xarchive/JanJune2023/playerDetailView.php?key=d1%20colin%20denham-kennedy
Ken Hannah,E1,NA,1608,NA,2023-06-19,e1 ken hannah,https://www.welshchessunion.uk/Grading/xarchive/JanJune2023/playerDetailView.php?key=e1%20ken%20hannah
Mark Paffard,D1,NA,1608,NA,2023-05-08,d1 mark paffard,https://www.welshchessunion.uk/Grading/xarchive/JanJune2023/playerDetailView.php?key=d1%20mark%20paffard
Leon Jansen van Rensburg,E1,NA,1605,NA,2023-04-10,e1 leon jansen van rensburg,https://www.welshchessunion.uk/Grading/xarchive/JanJune2023/playerDetailView.php?key=e1%20leon%20jansen%20van%20rensburg
Gruff Jones,E1,NA,1605,NA,NA,e1 gruff jones,https://www.welshchessunion.uk/Grading/xarchive/JanJune2023/playerDetailView.php?key=e1%20gruff%20jones
Matthew Lunnon,E1,NA,1605,NA,2023-03-13,e1 matthew lunnon,https://www.welshchessunion.uk/Grading/xarchive/JanJune2023/playerDetailView.php?key=e1%20matthew%20lunnon
Steve Richards,N1,NA,1605,NA,2023-03-20,n1 steve richards,https://www.welshchessunion.uk/Grading/xarchive/JanJune2023/playerDetailView.php?key=n1%20steve%20richards
Hiram Rogers,G1,NA,1605,NA,NA,g1 hiram rogers,https://www.welshchessunion.uk/Grading/xarchive/JanJune2023/playerDetailView.php?key=g1%20hiram%20rogers
Easton Chan,E1,NA,1604,NA,2023-05-05,e1 easton chan,https://www.welshchessunion.uk/Grading/xarchive/JanJune2023/playerDetailView.php?key=e1%20easton%20chan
Edd Chwieseni,E1,NA,1603,NA,2023-02-06,e1 edd chwieseni,https://www.welshchessunion.uk/Grading/xarchive/JanJune2023/playerDetailView.php?key=e1%20edd%20chwieseni
Chris Fox,E1,NA,1601,NA,2023-05-24,e1 chris fox,https://www.welshchessunion.uk/Grading/xarchive/JanJune2023/playerDetailView.php?key=e1%20chris%20fox
Alan M Llewellyn,N1,NA,1601,NA,2023-06-04,n1 alan m llewellyn,https://www.welshchessunion.uk/Grading/xarchive/JanJune2023/playerDetailView.php?key=n1%20alan%20m%20llewellyn
Lysa Brooks,W1,NA,1600,NA,2023-05-12,w1 lysa brooks,https://www.welshchessunion.uk/Grading/xarchive/JanJune2023/playerDetailView.php?key=w1%20lysa%20brooks
David Hambrook,E1,NA,1600,NA,NA,e1 david hambrook,https://www.welshchessunion.uk/Grading/xarchive/JanJune2023/playerDetailView.php?key=e1%20david%20hambrook
Michael Hurley,E1,NA,1600,NA,2023-05-05,e1 michael hurley,https://www.welshchessunion.uk/Grading/xarchive/JanJune2023/playerDetailView.php?key=e1%20michael%20hurley
Richard Livermore,E1,NA,1600,NA,NA,e1 richard livermore,https://www.welshchessunion.uk/Grading/xarchive/JanJune2023/playerDetailView.php?key=e1%20richard%20livermore
Joe Morton,D1,NA,1600,NA,2023-03-02,d1 joe morton,https://www.welshchessunion.uk/Grading/xarchive/JanJune2023/playerDetailView.php?key=d1%20joe%20morton
Admire Sikipa,D1,NA,1600,NA,2023-06-01,d1 admire sikipa,https://www.welshchessunion.uk/Grading/xarchive/JanJune2023/playerDetailView.php?key=d1%20admire%20sikipa
Adam Syed,E1,NA,1600,NA,2023-04-16,e1 adam syed,https://www.welshchessunion.uk/Grading/xarchive/JanJune2023/playerDetailView.php?key=e1%20adam%20syed
Jonathan Dyment,G1,NA,1599,NA,NA,g1 jonathan dyment,https://www.welshchessunion.uk/Grading/xarchive/JanJune2023/playerDetailView.php?key=g1%20jonathan%20dyment
James Babington,N1,NA,1598,NA,2023-04-04,n1 james babington,https://www.welshchessunion.uk/Grading/xarchive/JanJune2023/playerDetailView.php?key=n1%20james%20babington
Chris Reading,G1,NA,1597,NA,NA,g1 chris reading,https://www.welshchessunion.uk/Grading/xarchive/JanJune2023/playerDetailView.php?key=g1%20chris%20reading
Daniel Chung,W1,NA,1596,NA,2023-04-03,w1 daniel chung,https://www.welshchessunion.uk/Grading/xarchive/JanJune2023/playerDetailView.php?key=w1%20daniel%20chung
Sam Pritchard,W1,NA,1594,NA,2023-04-24,w1 sam pritchard,https://www.welshchessunion.uk/Grading/xarchive/JanJune2023/playerDetailView.php?key=w1%20sam%20pritchard
Daniel Hardman,D1,NA,1593,NA,NA,d1 daniel hardman,https://www.welshchessunion.uk/Grading/xarchive/JanJune2023/playerDetailView.php?key=d1%20daniel%20hardman
Mike Gale,E1,NA,1592,NA,2023-06-19,e1 mike gale,https://www.welshchessunion.uk/Grading/xarchive/JanJune2023/playerDetailView.php?key=e1%20mike%20gale
Matthew Matthias,N1,NA,1591,NA,2023-04-18,n1 matthew matthias,https://www.welshchessunion.uk/Grading/xarchive/JanJune2023/playerDetailView.php?key=n1%20matthew%20matthias
Daniel Jaberansari,E1,NA,1590,NA,NA,e1 daniel jaberansari,https://www.welshchessunion.uk/Grading/xarchive/JanJune2023/playerDetailView.php?key=e1%20daniel%20jaberansari
Jon Coles,D1,NA,1589,NA,NA,d1 jon coles,https://www.welshchessunion.uk/Grading/xarchive/JanJune2023/playerDetailView.php?key=d1%20jon%20coles
S Wyn Howells,E1,NA,1588,NA,NA,e1 s wyn howells,https://www.welshchessunion.uk/Grading/xarchive/JanJune2023/playerDetailView.php?key=e1%20s%20wyn%20howells
Neil Stuart,W1,NA,1588,NA,2023-05-23,w1 neil stuart,https://www.welshchessunion.uk/Grading/xarchive/JanJune2023/playerDetailView.php?key=w1%20neil%20stuart
Jonathan Jones,D1,NA,1587,NA,2023-05-28,d1 jonathan jones,https://www.welshchessunion.uk/Grading/xarchive/JanJune2023/playerDetailView.php?key=d1%20jonathan%20jones
Krzysztof Jakubiak,E1,NA,1585,NA,2023-04-10,e1 krzysztof jakubiak,https://www.welshchessunion.uk/Grading/xarchive/JanJune2023/playerDetailView.php?key=e1%20krzysztof%20jakubiak
Joe Muxlow,N1,NA,1585,NA,2023-04-18,n1 joe muxlow,https://www.welshchessunion.uk/Grading/xarchive/JanJune2023/playerDetailView.php?key=n1%20joe%20muxlow
Les Philpin,W1,NA,1584,NA,2023-04-26,w1 les philpin,https://www.welshchessunion.uk/Grading/xarchive/JanJune2023/playerDetailView.php?key=w1%20les%20philpin
Merlin Duval,W1,NA,1583,NA,2023-05-12,w1 merlin duval,https://www.welshchessunion.uk/Grading/xarchive/JanJune2023/playerDetailView.php?key=w1%20merlin%20duval
Andrew Jeanes,E1,NA,1583,NA,2023-05-23,e1 andrew jeanes,https://www.welshchessunion.uk/Grading/xarchive/JanJune2023/playerDetailView.php?key=e1%20andrew%20jeanes
Jeremy Ryan,E1,NA,1583,NA,NA,e1 jeremy ryan,https://www.welshchessunion.uk/Grading/xarchive/JanJune2023/playerDetailView.php?key=e1%20jeremy%20ryan
Anthony Beck,W1,NA,1580,NA,2023-04-26,w1 anthony beck,https://www.welshchessunion.uk/Grading/xarchive/JanJune2023/playerDetailView.php?key=w1%20anthony%20beck
Mike Servini,E1,NA,1580,NA,NA,e1 mike servini,https://www.welshchessunion.uk/Grading/xarchive/JanJune2023/playerDetailView.php?key=e1%20mike%20servini
Joseph Browse,E1,NA,1578,NA,2023-04-16,e1 joseph browse,https://www.welshchessunion.uk/Grading/xarchive/JanJune2023/playerDetailView.php?key=e1%20joseph%20browse
Kzrystof Gacek,G1,NA,1577,NA,NA,g1 kzrystof gacek,https://www.welshchessunion.uk/Grading/xarchive/JanJune2023/playerDetailView.php?key=g1%20kzrystof%20gacek
Samuele Scarpignato,E1,NA,1577,NA,2023-03-22,e1 samuele scarpignato,https://www.welshchessunion.uk/Grading/xarchive/JanJune2023/playerDetailView.php?key=e1%20samuele%20scarpignato
Sam Warburton,E1,NA,1576,NA,NA,e1 sam warburton,https://www.welshchessunion.uk/Grading/xarchive/JanJune2023/playerDetailView.php?key=e1%20sam%20warburton
Quentin RH Dodd,N1,NA,1575,NA,NA,n1 quentin rh dodd,https://www.welshchessunion.uk/Grading/xarchive/JanJune2023/playerDetailView.php?key=n1%20quentin%20rh%20dodd
Mike Maguire,E1,NA,1574,NA,NA,e1 mike maguire,https://www.welshchessunion.uk/Grading/xarchive/JanJune2023/playerDetailView.php?key=e1%20mike%20maguire
Jeff Rowland,E1,NA,1574,NA,2023-05-24,e1 jeff rowland,https://www.welshchessunion.uk/Grading/xarchive/JanJune2023/playerDetailView.php?key=e1%20jeff%20rowland
Vaseekaran Sivarajasingam,E1,NA,1568,NA,NA,e1 vaseekaran sivarajasingam,https://www.welshchessunion.uk/Grading/xarchive/JanJune2023/playerDetailView.php?key=e1%20vaseekaran%20sivarajasingam
Ian Abraham,E1,NA,1567,NA,2023-05-15,e1 ian abraham,https://www.welshchessunion.uk/Grading/xarchive/JanJune2023/playerDetailView.php?key=e1%20ian%20abraham
Gerry Carolan,G1,NA,1567,NA,NA,g1 gerry carolan,https://www.welshchessunion.uk/Grading/xarchive/JanJune2023/playerDetailView.php?key=g1%20gerry%20carolan
John Hannay,E1,NA,1567,NA,2023-04-26,e1 john hannay,https://www.welshchessunion.uk/Grading/xarchive/JanJune2023/playerDetailView.php?key=e1%20john%20hannay
Dave Roberts,G1,NA,1566,NA,NA,g1 dave roberts,https://www.welshchessunion.uk/Grading/xarchive/JanJune2023/playerDetailView.php?key=g1%20dave%20roberts
Con Ariti,E1,NA,1564,NA,NA,e1 con ariti,https://www.welshchessunion.uk/Grading/xarchive/JanJune2023/playerDetailView.php?key=e1%20con%20ariti
John Ryles,E1,NA,1558,NA,2023-06-19,e1 john ryles,https://www.welshchessunion.uk/Grading/xarchive/JanJune2023/playerDetailView.php?key=e1%20john%20ryles
Jon Maybery,N1,NA,1557,NA,NA,n1 jon maybery,https://www.welshchessunion.uk/Grading/xarchive/JanJune2023/playerDetailView.php?key=n1%20jon%20maybery
Cyril Ley,E1,NA,1552,NA,NA,e1 cyril ley,https://www.welshchessunion.uk/Grading/xarchive/JanJune2023/playerDetailView.php?key=e1%20cyril%20ley
Aled Roberts,E1,NA,1550,NA,2023-05-15,e1 aled roberts,https://www.welshchessunion.uk/Grading/xarchive/JanJune2023/playerDetailView.php?key=e1%20aled%20roberts
Dave Connolly,G1,NA,1549,NA,2023-02-19,g1 dave connolly,https://www.welshchessunion.uk/Grading/xarchive/JanJune2023/playerDetailView.php?key=g1%20dave%20connolly
Lucas James,G1,NA,1549,NA,NA,g1 lucas james,https://www.welshchessunion.uk/Grading/xarchive/JanJune2023/playerDetailView.php?key=g1%20lucas%20james
John Miller,D1,NA,1549,NA,NA,d1 john miller,https://www.welshchessunion.uk/Grading/xarchive/JanJune2023/playerDetailView.php?key=d1%20john%20miller
Jack Nicol,E1,NA,1549,NA,2023-01-24,e1 jack nicol,https://www.welshchessunion.uk/Grading/xarchive/JanJune2023/playerDetailView.php?key=e1%20jack%20nicol
Howard Leah,D1,NA,1547,NA,NA,d1 howard leah,https://www.welshchessunion.uk/Grading/xarchive/JanJune2023/playerDetailView.php?key=d1%20howard%20leah
Andy Basford,E1,NA,1544,NA,2023-05-16,e1 andy basford,https://www.welshchessunion.uk/Grading/xarchive/JanJune2023/playerDetailView.php?key=e1%20andy%20basford
Mike Blake,N1,NA,1544,NA,2023-03-15,n1 mike blake,https://www.welshchessunion.uk/Grading/xarchive/JanJune2023/playerDetailView.php?key=n1%20mike%20blake
Chris P Smith,G1,NA,1543,NA,2023-04-10,g1 chris p smith,https://www.welshchessunion.uk/Grading/xarchive/JanJune2023/playerDetailView.php?key=g1%20chris%20p%20smith
Marcell Vesz,E1,NA,1541,NA,NA,e1 marcell vesz,https://www.welshchessunion.uk/Grading/xarchive/JanJune2023/playerDetailView.php?key=e1%20marcell%20vesz
Ron Williams,G1,NA,1541,NA,2023-06-21,g1 ron williams,https://www.welshchessunion.uk/Grading/xarchive/JanJune2023/playerDetailView.php?key=g1%20ron%20williams
Domantas Kirklys,N1,NA,1533,NA,2023-03-28,n1 domantas kirklys,https://www.welshchessunion.uk/Grading/xarchive/JanJune2023/playerDetailView.php?key=n1%20domantas%20kirklys
Frank Salt,N1,NA,1530,NA,2023-05-03,n1 frank salt,https://www.welshchessunion.uk/Grading/xarchive/JanJune2023/playerDetailView.php?key=n1%20frank%20salt
Joshua Mullineux,N1,NA,1527,NA,2023-05-02,n1 joshua mullineux,https://www.welshchessunion.uk/Grading/xarchive/JanJune2023/playerDetailView.php?key=n1%20joshua%20mullineux
Alex Lawrence,E1,NA,1525,NA,NA,e1 alex lawrence,https://www.welshchessunion.uk/Grading/xarchive/JanJune2023/playerDetailView.php?key=e1%20alex%20lawrence
Suraj Prabhu,E1,NA,1525,NA,2023-06-27,e1 suraj prabhu,https://www.welshchessunion.uk/Grading/xarchive/JanJune2023/playerDetailView.php?key=e1%20suraj%20prabhu
Piotr Graczyk,E1,NA,1524,NA,2023-04-26,e1 piotr graczyk,https://www.welshchessunion.uk/Grading/xarchive/JanJune2023/playerDetailView.php?key=e1%20piotr%20graczyk
Darson Beeston,W1,NA,1523,NA,2023-05-12,w1 darson beeston,https://www.welshchessunion.uk/Grading/xarchive/JanJune2023/playerDetailView.php?key=w1%20darson%20beeston
Ralph Cook,W1,NA,1523,NA,2023-04-18,w1 ralph cook,https://www.welshchessunion.uk/Grading/xarchive/JanJune2023/playerDetailView.php?key=w1%20ralph%20cook
Adam Jenkins,G1,NA,1523,NA,NA,g1 adam jenkins,https://www.welshchessunion.uk/Grading/xarchive/JanJune2023/playerDetailView.php?key=g1%20adam%20jenkins
Chris Golding,E1,NA,1522,NA,NA,e1 chris golding,https://www.welshchessunion.uk/Grading/xarchive/JanJune2023/playerDetailView.php?key=e1%20chris%20golding
Seb Van Leest,E1,NA,1522,NA,NA,e1 seb van leest,https://www.welshchessunion.uk/Grading/xarchive/JanJune2023/playerDetailView.php?key=e1%20seb%20van%20leest
Malcolm Probert,W1,NA,1518,NA,2023-05-31,w1 malcolm probert,https://www.welshchessunion.uk/Grading/xarchive/JanJune2023/playerDetailView.php?key=w1%20malcolm%20probert
Chris Peters,E1,NA,1513,NA,2023-05-22,e1 chris peters,https://www.welshchessunion.uk/Grading/xarchive/JanJune2023/playerDetailView.php?key=e1%20chris%20peters
Anthony Baker,E1,NA,1511,NA,2023-05-22,e1 anthony baker,https://www.welshchessunion.uk/Grading/xarchive/JanJune2023/playerDetailView.php?key=e1%20anthony%20baker
Sandra G Blackburn,N1,NA,1511,NA,2023-06-04,n1 sandra g blackburn,https://www.welshchessunion.uk/Grading/xarchive/JanJune2023/playerDetailView.php?key=n1%20sandra%20g%20blackburn
Robin Kirkwood,N1,NA,1507,NA,NA,n1 robin kirkwood,https://www.welshchessunion.uk/Grading/xarchive/JanJune2023/playerDetailView.php?key=n1%20robin%20kirkwood
Paul Mills,G1,NA,1507,NA,2023-06-28,g1 paul mills,https://www.welshchessunion.uk/Grading/xarchive/JanJune2023/playerDetailView.php?key=g1%20paul%20mills
Robert Goodwin,N1,NA,1506,NA,NA,n1 robert goodwin,https://www.welshchessunion.uk/Grading/xarchive/JanJune2023/playerDetailView.php?key=n1%20robert%20goodwin
Xavier Austin,E1,NA,1500,NA,2023-02-26,e1 xavier austin,https://www.welshchessunion.uk/Grading/xarchive/JanJune2023/playerDetailView.php?key=e1%20xavier%20austin
Steve Jones,E1,NA,1500,NA,2023-06-19,e1 steve jones,https://www.welshchessunion.uk/Grading/xarchive/JanJune2023/playerDetailView.php?key=e1%20steve%20jones
Michael Sawtell,E1,NA,1500,NA,2023-04-16,e1 michael sawtell,https://www.welshchessunion.uk/Grading/xarchive/JanJune2023/playerDetailView.php?key=e1%20michael%20sawtell
Thomas Turton,E1,NA,1500,NA,NA,e1 thomas turton,https://www.welshchessunion.uk/Grading/xarchive/JanJune2023/playerDetailView.php?key=e1%20thomas%20turton
Edward RG Swartz,N1,NA,1499,NA,NA,n1 edward rg swartz,https://www.welshchessunion.uk/Grading/xarchive/JanJune2023/playerDetailView.php?key=n1%20edward%20rg%20swartz
Edward Mason,E1,NA,1492,NA,2023-04-10,e1 edward mason,https://www.welshchessunion.uk/Grading/xarchive/JanJune2023/playerDetailView.php?key=e1%20edward%20mason
Juan Rajagopal,N1,NA,1491,NA,NA,n1 juan rajagopal,https://www.welshchessunion.uk/Grading/xarchive/JanJune2023/playerDetailView.php?key=n1%20juan%20rajagopal
Clive Crowley,E1,NA,1490,NA,2023-04-18,e1 clive crowley,https://www.welshchessunion.uk/Grading/xarchive/JanJune2023/playerDetailView.php?key=e1%20clive%20crowley
Joe Cunningham,W1,NA,1490,NA,2023-04-05,w1 joe cunningham,https://www.welshchessunion.uk/Grading/xarchive/JanJune2023/playerDetailView.php?key=w1%20joe%20cunningham
Gary Fox,N1,NA,1490,NA,2023-05-02,n1 gary fox,https://www.welshchessunion.uk/Grading/xarchive/JanJune2023/playerDetailView.php?key=n1%20gary%20fox
Harrison Postans,G1,NA,1488,NA,NA,g1 harrison postans,https://www.welshchessunion.uk/Grading/xarchive/JanJune2023/playerDetailView.php?key=g1%20harrison%20postans
Matthew Billington,W1,NA,1487,NA,2023-05-31,w1 matthew billington,https://www.welshchessunion.uk/Grading/xarchive/JanJune2023/playerDetailView.php?key=w1%20matthew%20billington
Catriona Coutts,N1,NA,1487,NA,2023-04-17,n1 catriona coutts,https://www.welshchessunion.uk/Grading/xarchive/JanJune2023/playerDetailView.php?key=n1%20catriona%20coutts
Tony Davies,G1,NA,1487,NA,NA,g1 tony davies,https://www.welshchessunion.uk/Grading/xarchive/JanJune2023/playerDetailView.php?key=g1%20tony%20davies
Clive Silver,E1,NA,1486,NA,2023-05-15,e1 clive silver,https://www.welshchessunion.uk/Grading/xarchive/JanJune2023/playerDetailView.php?key=e1%20clive%20silver
Chris Green,E1,NA,1485,NA,2023-04-17,e1 chris green,https://www.welshchessunion.uk/Grading/xarchive/JanJune2023/playerDetailView.php?key=e1%20chris%20green
David Norris,G1,NA,1484,NA,2023-06-07,g1 david norris,https://www.welshchessunion.uk/Grading/xarchive/JanJune2023/playerDetailView.php?key=g1%20david%20norris
Noah Pugh,E1,NA,1482,NA,NA,e1 noah pugh,https://www.welshchessunion.uk/Grading/xarchive/JanJune2023/playerDetailView.php?key=e1%20noah%20pugh
Joshua Brewer,D1,NA,1481,NA,NA,d1 joshua brewer,https://www.welshchessunion.uk/Grading/xarchive/JanJune2023/playerDetailView.php?key=d1%20joshua%20brewer
Phil Buttle,E1,NA,1476,NA,NA,e1 phil buttle,https://www.welshchessunion.uk/Grading/xarchive/JanJune2023/playerDetailView.php?key=e1%20phil%20buttle
James Cook,D1,NA,1476,NA,NA,d1 james cook,https://www.welshchessunion.uk/Grading/xarchive/JanJune2023/playerDetailView.php?key=d1%20james%20cook
Martin K Jones,E1,NA,1476,NA,NA,e1 martin k jones,https://www.welshchessunion.uk/Grading/xarchive/JanJune2023/playerDetailView.php?key=e1%20martin%20k%20jones
Sam Goodfellow,G1,NA,1474,NA,NA,g1 sam goodfellow,https://www.welshchessunion.uk/Grading/xarchive/JanJune2023/playerDetailView.php?key=g1%20sam%20goodfellow
Phil Smith,E1,NA,1473,NA,NA,e1 phil smith,https://www.welshchessunion.uk/Grading/xarchive/JanJune2023/playerDetailView.php?key=e1%20phil%20smith
Phil Smith,G1,NA,1473,NA,2023-05-14,g1 phil smith,https://www.welshchessunion.uk/Grading/xarchive/JanJune2023/playerDetailView.php?key=g1%20phil%20smith
Neirin Leggett,G1,NA,1472,NA,NA,g1 neirin leggett,https://www.welshchessunion.uk/Grading/xarchive/JanJune2023/playerDetailView.php?key=g1%20neirin%20leggett
Jeremy Jones,E1,NA,1471,NA,2023-05-22,e1 jeremy jones,https://www.welshchessunion.uk/Grading/xarchive/JanJune2023/playerDetailView.php?key=e1%20jeremy%20jones
Aled George,E1,NA,1470,NA,NA,e1 aled george,https://www.welshchessunion.uk/Grading/xarchive/JanJune2023/playerDetailView.php?key=e1%20aled%20george
Steve Edwards,W1,NA,1467,NA,NA,w1 steve edwards,https://www.welshchessunion.uk/Grading/xarchive/JanJune2023/playerDetailView.php?key=w1%20steve%20edwards
Alex Kennedy,E1,NA,1467,NA,2023-06-06,e1 alex kennedy,https://www.welshchessunion.uk/Grading/xarchive/JanJune2023/playerDetailView.php?key=e1%20alex%20kennedy
Paul Taylor,N1,NA,1467,NA,2023-02-07,n1 paul taylor,https://www.welshchessunion.uk/Grading/xarchive/JanJune2023/playerDetailView.php?key=n1%20paul%20taylor
Samuel Morris,E1,NA,1460,NA,NA,e1 samuel morris,https://www.welshchessunion.uk/Grading/xarchive/JanJune2023/playerDetailView.php?key=e1%20samuel%20morris
Angus Weir,N1,NA,1459,NA,2023-05-03,n1 angus weir,https://www.welshchessunion.uk/Grading/xarchive/JanJune2023/playerDetailView.php?key=n1%20angus%20weir
Chris Hooper,E1,NA,1457,NA,NA,e1 chris hooper,https://www.welshchessunion.uk/Grading/xarchive/JanJune2023/playerDetailView.php?key=e1%20chris%20hooper
Muhieddin Hamadah,E1,NA,1454,NA,NA,e1 muhieddin hamadah,https://www.welshchessunion.uk/Grading/xarchive/JanJune2023/playerDetailView.php?key=e1%20muhieddin%20hamadah
Richard Larg,E1,NA,1454,NA,2023-05-22,e1 richard larg,https://www.welshchessunion.uk/Grading/xarchive/JanJune2023/playerDetailView.php?key=e1%20richard%20larg
Roger Jenkins,W1,NA,1452,NA,2023-05-12,w1 roger jenkins,https://www.welshchessunion.uk/Grading/xarchive/JanJune2023/playerDetailView.php?key=w1%20roger%20jenkins
John Stephenson,E1,NA,1452,NA,NA,e1 john stephenson,https://www.welshchessunion.uk/Grading/xarchive/JanJune2023/playerDetailView.php?key=e1%20john%20stephenson
Neil Stevenson,G1,NA,1451,NA,NA,g1 neil stevenson,https://www.welshchessunion.uk/Grading/xarchive/JanJune2023/playerDetailView.php?key=g1%20neil%20stevenson
Jack Hannigan,E1,NA,1450,NA,2023-05-15,e1 jack hannigan,https://www.welshchessunion.uk/Grading/xarchive/JanJune2023/playerDetailView.php?key=e1%20jack%20hannigan
Evie Harries-Jackson,N1,NA,1450,NA,2023-06-21,n1 evie harries-jackson,https://www.welshchessunion.uk/Grading/xarchive/JanJune2023/playerDetailView.php?key=n1%20evie%20harries-jackson
Sudeep Kunhikannan,G1,NA,1450,NA,2023-06-11,g1 sudeep kunhikannan,https://www.welshchessunion.uk/Grading/xarchive/JanJune2023/playerDetailView.php?key=g1%20sudeep%20kunhikannan
Karl Wendrich,W1,NA,1450,NA,2023-04-05,w1 karl wendrich,https://www.welshchessunion.uk/Grading/xarchive/JanJune2023/playerDetailView.php?key=w1%20karl%20wendrich
Robert Davies,G1,NA,1447,NA,NA,g1 robert davies,https://www.welshchessunion.uk/Grading/xarchive/JanJune2023/playerDetailView.php?key=g1%20robert%20davies
Ben Bickford,E1,NA,1445,NA,2023-05-22,e1 ben bickford,https://www.welshchessunion.uk/Grading/xarchive/JanJune2023/playerDetailView.php?key=e1%20ben%20bickford
Peter Coutts,N1,NA,1443,NA,2023-05-09,n1 peter coutts,https://www.welshchessunion.uk/Grading/xarchive/JanJune2023/playerDetailView.php?key=n1%20peter%20coutts
Blake Fisher,E1,NA,1443,NA,2023-04-10,e1 blake fisher,https://www.welshchessunion.uk/Grading/xarchive/JanJune2023/playerDetailView.php?key=e1%20blake%20fisher
Josh Robinson,E1,NA,1442,NA,NA,e1 josh robinson,https://www.welshchessunion.uk/Grading/xarchive/JanJune2023/playerDetailView.php?key=e1%20josh%20robinson
Aishwarya Lutchman Singh,E1,NA,1439,NA,NA,e1 aishwarya lutchman singh,https://www.welshchessunion.uk/Grading/xarchive/JanJune2023/playerDetailView.php?key=e1%20aishwarya%20lutchman%20singh
Brian Ross,G1,NA,1439,NA,2023-02-22,g1 brian ross,https://www.welshchessunion.uk/Grading/xarchive/JanJune2023/playerDetailView.php?key=g1%20brian%20ross
Sithi Medagedara,N1,NA,1436,NA,NA,n1 sithi medagedara,https://www.welshchessunion.uk/Grading/xarchive/JanJune2023/playerDetailView.php?key=n1%20sithi%20medagedara
Peter Warden,E1,NA,1436,NA,NA,e1 peter warden,https://www.welshchessunion.uk/Grading/xarchive/JanJune2023/playerDetailView.php?key=e1%20peter%20warden
Anish Choudhury,E1,NA,1432,NA,NA,e1 anish choudhury,https://www.welshchessunion.uk/Grading/xarchive/JanJune2023/playerDetailView.php?key=e1%20anish%20choudhury
Mike Joslin,E1,NA,1431,NA,2023-05-15,e1 mike joslin,https://www.welshchessunion.uk/Grading/xarchive/JanJune2023/playerDetailView.php?key=e1%20mike%20joslin
Tycho Twohig,E1,NA,1430,NA,2023-06-27,e1 tycho twohig,https://www.welshchessunion.uk/Grading/xarchive/JanJune2023/playerDetailView.php?key=e1%20tycho%20twohig
Richard Hibbs,N1,NA,1428,NA,NA,n1 richard hibbs,https://www.welshchessunion.uk/Grading/xarchive/JanJune2023/playerDetailView.php?key=n1%20richard%20hibbs
Marcus Perry,D1,NA,1428,NA,NA,d1 marcus perry,https://www.welshchessunion.uk/Grading/xarchive/JanJune2023/playerDetailView.php?key=d1%20marcus%20perry
Dwain Jones,E1,NA,1426,NA,2023-05-22,e1 dwain jones,https://www.welshchessunion.uk/Grading/xarchive/JanJune2023/playerDetailView.php?key=e1%20dwain%20jones
Richard Drew,N1,NA,1425,NA,NA,n1 richard drew,https://www.welshchessunion.uk/Grading/xarchive/JanJune2023/playerDetailView.php?key=n1%20richard%20drew
Stephen Lambourne,E1,NA,1425,NA,NA,e1 stephen lambourne,https://www.welshchessunion.uk/Grading/xarchive/JanJune2023/playerDetailView.php?key=e1%20stephen%20lambourne
Oliver Sapsford,G1,NA,1423,NA,NA,g1 oliver sapsford,https://www.welshchessunion.uk/Grading/xarchive/JanJune2023/playerDetailView.php?key=g1%20oliver%20sapsford
Patrick Sullivan,G1,NA,1423,NA,NA,g1 patrick sullivan,https://www.welshchessunion.uk/Grading/xarchive/JanJune2023/playerDetailView.php?key=g1%20patrick%20sullivan
Robert Narayan-Taylor,D1,NA,1422,NA,2023-06-06,d1 robert narayan-taylor,https://www.welshchessunion.uk/Grading/xarchive/JanJune2023/playerDetailView.php?key=d1%20robert%20narayan-taylor
Guto Llywelyn,W1,NA,1420,NA,2023-04-11,w1 guto llywelyn,https://www.welshchessunion.uk/Grading/xarchive/JanJune2023/playerDetailView.php?key=w1%20guto%20llywelyn
Matthew Burge,E1,NA,1417,NA,2023-05-15,e1 matthew burge,https://www.welshchessunion.uk/Grading/xarchive/JanJune2023/playerDetailView.php?key=e1%20matthew%20burge
Ben Tucker,G1,NA,1409,NA,NA,g1 ben tucker,https://www.welshchessunion.uk/Grading/xarchive/JanJune2023/playerDetailView.php?key=g1%20ben%20tucker
Owain Dutfield,E1,NA,1408,NA,NA,e1 owain dutfield,https://www.welshchessunion.uk/Grading/xarchive/JanJune2023/playerDetailView.php?key=e1%20owain%20dutfield
Tim Green,N1,NA,1408,NA,2023-04-19,n1 tim green,https://www.welshchessunion.uk/Grading/xarchive/JanJune2023/playerDetailView.php?key=n1%20tim%20green
Neya Govindaraj,E1,NA,1407,NA,NA,e1 neya govindaraj,https://www.welshchessunion.uk/Grading/xarchive/JanJune2023/playerDetailView.php?key=e1%20neya%20govindaraj
Joel Greenwood,D1,NA,1407,NA,NA,d1 joel greenwood,https://www.welshchessunion.uk/Grading/xarchive/JanJune2023/playerDetailView.php?key=d1%20joel%20greenwood
Jan Piotrowski,D1,NA,1407,NA,NA,d1 jan piotrowski,https://www.welshchessunion.uk/Grading/xarchive/JanJune2023/playerDetailView.php?key=d1%20jan%20piotrowski
Paul Wallace,E1,NA,1406,NA,NA,e1 paul wallace,https://www.welshchessunion.uk/Grading/xarchive/JanJune2023/playerDetailView.php?key=e1%20paul%20wallace
Austin Glebe,N1,NA,1400,NA,2023-05-02,n1 austin glebe,https://www.welshchessunion.uk/Grading/xarchive/JanJune2023/playerDetailView.php?key=n1%20austin%20glebe
Matthew Hopkins,D1,NA,1400,NA,2023-02-13,d1 matthew hopkins,https://www.welshchessunion.uk/Grading/xarchive/JanJune2023/playerDetailView.php?key=d1%20matthew%20hopkins
Vladyslav Kulikov,N1,NA,1400,NA,2023-05-09,n1 vladyslav kulikov,https://www.welshchessunion.uk/Grading/xarchive/JanJune2023/playerDetailView.php?key=n1%20vladyslav%20kulikov
Mike Leaver,N1,NA,1400,NA,2023-06-21,n1 mike leaver,https://www.welshchessunion.uk/Grading/xarchive/JanJune2023/playerDetailView.php?key=n1%20mike%20leaver
Thomas Mulder,E1,NA,1400,NA,2023-06-27,e1 thomas mulder,https://www.welshchessunion.uk/Grading/xarchive/JanJune2023/playerDetailView.php?key=e1%20thomas%20mulder
Mark Reckless,E1,NA,1400,NA,2023-06-27,e1 mark reckless,https://www.welshchessunion.uk/Grading/xarchive/JanJune2023/playerDetailView.php?key=e1%20mark%20reckless
Diyerbek Sanagubor,E1,NA,1400,NA,2023-03-13,e1 diyerbek sanagubor,https://www.welshchessunion.uk/Grading/xarchive/JanJune2023/playerDetailView.php?key=e1%20diyerbek%20sanagubor
Roger Phillips,E1,NA,1399,NA,2023-01-16,e1 roger phillips,https://www.welshchessunion.uk/Grading/xarchive/JanJune2023/playerDetailView.php?key=e1%20roger%20phillips
Tom Gunn,D1,NA,1398,NA,2023-01-10,d1 tom gunn,https://www.welshchessunion.uk/Grading/xarchive/JanJune2023/playerDetailView.php?key=d1%20tom%20gunn
Harry Farley,E1,NA,1396,NA,NA,e1 harry farley,https://www.welshchessunion.uk/Grading/xarchive/JanJune2023/playerDetailView.php?key=e1%20harry%20farley
Ben Rowlands,W1,NA,1395,NA,2023-03-28,w1 ben rowlands,https://www.welshchessunion.uk/Grading/xarchive/JanJune2023/playerDetailView.php?key=w1%20ben%20rowlands
Stuart Enoch,E1,NA,1390,NA,2023-05-15,e1 stuart enoch,https://www.welshchessunion.uk/Grading/xarchive/JanJune2023/playerDetailView.php?key=e1%20stuart%20enoch
Lloyd Hayward,E1,NA,1390,NA,NA,e1 lloyd hayward,https://www.welshchessunion.uk/Grading/xarchive/JanJune2023/playerDetailView.php?key=e1%20lloyd%20hayward
Hanni Youssef,E1,NA,1388,NA,NA,e1 hanni youssef,https://www.welshchessunion.uk/Grading/xarchive/JanJune2023/playerDetailView.php?key=e1%20hanni%20youssef
Sam Holman,D1,NA,1386,NA,2023-04-19,d1 sam holman,https://www.welshchessunion.uk/Grading/xarchive/JanJune2023/playerDetailView.php?key=d1%20sam%20holman
Andrew Davies,W1,NA,1385,NA,2023-04-25,w1 andrew davies,https://www.welshchessunion.uk/Grading/xarchive/JanJune2023/playerDetailView.php?key=w1%20andrew%20davies
Ken Huntley,W1,NA,1383,NA,2023-05-09,w1 ken huntley,https://www.welshchessunion.uk/Grading/xarchive/JanJune2023/playerDetailView.php?key=w1%20ken%20huntley
Edwin Allen,E1,NA,1381,NA,NA,e1 edwin allen,https://www.welshchessunion.uk/Grading/xarchive/JanJune2023/playerDetailView.php?key=e1%20edwin%20allen
Milo Davies,E1,NA,1381,NA,2023-04-25,e1 milo davies,https://www.welshchessunion.uk/Grading/xarchive/JanJune2023/playerDetailView.php?key=e1%20milo%20davies
Emma Kong,E1,NA,1380,NA,2023-06-04,e1 emma kong,https://www.welshchessunion.uk/Grading/xarchive/JanJune2023/playerDetailView.php?key=e1%20emma%20kong
Gareth Davies,E1,NA,1379,NA,NA,e1 gareth davies,https://www.welshchessunion.uk/Grading/xarchive/JanJune2023/playerDetailView.php?key=e1%20gareth%20davies
Peter Watkins,E1,NA,1375,NA,2023-06-19,e1 peter watkins,https://www.welshchessunion.uk/Grading/xarchive/JanJune2023/playerDetailView.php?key=e1%20peter%20watkins
Greg Lloyd,E1,NA,1372,NA,2023-05-21,e1 greg lloyd,https://www.welshchessunion.uk/Grading/xarchive/JanJune2023/playerDetailView.php?key=e1%20greg%20lloyd
Mark Emblem,G1,NA,1371,NA,2023-06-21,g1 mark emblem,https://www.welshchessunion.uk/Grading/xarchive/JanJune2023/playerDetailView.php?key=g1%20mark%20emblem
Bob Stanworth,G1,NA,1371,NA,2023-04-04,g1 bob stanworth,https://www.welshchessunion.uk/Grading/xarchive/JanJune2023/playerDetailView.php?key=g1%20bob%20stanworth
Nathan Trickey,E1,NA,1370,NA,2023-03-13,e1 nathan trickey,https://www.welshchessunion.uk/Grading/xarchive/JanJune2023/playerDetailView.php?key=e1%20nathan%20trickey
Albert Easton,W1,NA,1369,NA,NA,w1 albert easton,https://www.welshchessunion.uk/Grading/xarchive/JanJune2023/playerDetailView.php?key=w1%20albert%20easton
Morgan Rees,E1,NA,1369,NA,NA,e1 morgan rees,https://www.welshchessunion.uk/Grading/xarchive/JanJune2023/playerDetailView.php?key=e1%20morgan%20rees
Sam White,E1,NA,1367,NA,2023-06-19,e1 sam white,https://www.welshchessunion.uk/Grading/xarchive/JanJune2023/playerDetailView.php?key=e1%20sam%20white
Toby Bates,D1,NA,1366,NA,2023-05-22,d1 toby bates,https://www.welshchessunion.uk/Grading/xarchive/JanJune2023/playerDetailView.php?key=d1%20toby%20bates
John Cox,E1,NA,1366,NA,2023-05-22,e1 john cox,https://www.welshchessunion.uk/Grading/xarchive/JanJune2023/playerDetailView.php?key=e1%20john%20cox
David F Roberts,E1,NA,1365,NA,2023-03-06,e1 david f roberts,https://www.welshchessunion.uk/Grading/xarchive/JanJune2023/playerDetailView.php?key=e1%20david%20f%20roberts
Mike Hollyman,E1,NA,1364,NA,2023-05-29,e1 mike hollyman,https://www.welshchessunion.uk/Grading/xarchive/JanJune2023/playerDetailView.php?key=e1%20mike%20hollyman
Sarah Rowles,D1,NA,1362,NA,NA,d1 sarah rowles,https://www.welshchessunion.uk/Grading/xarchive/JanJune2023/playerDetailView.php?key=d1%20sarah%20rowles
Ian Finlay,D1,NA,1361,NA,NA,d1 ian finlay,https://www.welshchessunion.uk/Grading/xarchive/JanJune2023/playerDetailView.php?key=d1%20ian%20finlay
Matthew Rolls,E1,NA,1360,NA,NA,e1 matthew rolls,https://www.welshchessunion.uk/Grading/xarchive/JanJune2023/playerDetailView.php?key=e1%20matthew%20rolls
Zack Wilkins,E1,NA,1360,NA,2023-05-24,e1 zack wilkins,https://www.welshchessunion.uk/Grading/xarchive/JanJune2023/playerDetailView.php?key=e1%20zack%20wilkins
Marque Fernando,E1,NA,1354,NA,NA,e1 marque fernando,https://www.welshchessunion.uk/Grading/xarchive/JanJune2023/playerDetailView.php?key=e1%20marque%20fernando
Aron Calist,E1,NA,1353,NA,NA,e1 aron calist,https://www.welshchessunion.uk/Grading/xarchive/JanJune2023/playerDetailView.php?key=e1%20aron%20calist
Andre Bann,D1,NA,1350,NA,2023-05-02,d1 andre bann,https://www.welshchessunion.uk/Grading/xarchive/JanJune2023/playerDetailView.php?key=d1%20andre%20bann
Keith Briggs,D1,NA,1350,NA,NA,d1 keith briggs,https://www.welshchessunion.uk/Grading/xarchive/JanJune2023/playerDetailView.php?key=d1%20keith%20briggs
Jesse Davies,G1,NA,1350,NA,2023-06-07,g1 jesse davies,https://www.welshchessunion.uk/Grading/xarchive/JanJune2023/playerDetailView.php?key=g1%20jesse%20davies
Bjorn Oliver,G1,NA,1350,NA,2023-06-21,g1 bjorn oliver,https://www.welshchessunion.uk/Grading/xarchive/JanJune2023/playerDetailView.php?key=g1%20bjorn%20oliver
Albert Helbing,E1,NA,1347,NA,2023-03-05,e1 albert helbing,https://www.welshchessunion.uk/Grading/xarchive/JanJune2023/playerDetailView.php?key=e1%20albert%20helbing
Awne Osinga,D1,NA,1343,NA,2023-06-06,d1 awne osinga,https://www.welshchessunion.uk/Grading/xarchive/JanJune2023/playerDetailView.php?key=d1%20awne%20osinga
Ben Jaberansari,E1,NA,1334,NA,NA,e1 ben jaberansari,https://www.welshchessunion.uk/Grading/xarchive/JanJune2023/playerDetailView.php?key=e1%20ben%20jaberansari
Sergio Esteves,E1,NA,1332,NA,2023-05-21,e1 sergio esteves,https://www.welshchessunion.uk/Grading/xarchive/JanJune2023/playerDetailView.php?key=e1%20sergio%20esteves
Howard Lloyd,E1,NA,1331,NA,NA,e1 howard lloyd,https://www.welshchessunion.uk/Grading/xarchive/JanJune2023/playerDetailView.php?key=e1%20howard%20lloyd
Sam Brown,W1,NA,1329,NA,2023-04-03,w1 sam brown,https://www.welshchessunion.uk/Grading/xarchive/JanJune2023/playerDetailView.php?key=w1%20sam%20brown
Gavin P Jones,N1,NA,1329,NA,2022-12-13,n1 gavin p jones,https://www.welshchessunion.uk/Grading/xarchive/JanJune2023/playerDetailView.php?key=n1%20gavin%20p%20jones
Mike Richards,W1,NA,1326,NA,2023-04-05,w1 mike richards,https://www.welshchessunion.uk/Grading/xarchive/JanJune2023/playerDetailView.php?key=w1%20mike%20richards
Anshul Swamy,E1,NA,1325,NA,2023-03-05,e1 anshul swamy,https://www.welshchessunion.uk/Grading/xarchive/JanJune2023/playerDetailView.php?key=e1%20anshul%20swamy
Khushi Bagga,E1,NA,1322,NA,NA,e1 khushi bagga,https://www.welshchessunion.uk/Grading/xarchive/JanJune2023/playerDetailView.php?key=e1%20khushi%20bagga
Bob Owen,E1,NA,1315,NA,2023-04-24,e1 bob owen,https://www.welshchessunion.uk/Grading/xarchive/JanJune2023/playerDetailView.php?key=e1%20bob%20owen
Jack Thomas,D1,NA,1315,NA,NA,d1 jack thomas,https://www.welshchessunion.uk/Grading/xarchive/JanJune2023/playerDetailView.php?key=d1%20jack%20thomas
Christopher Robertson,G1,NA,1314,NA,NA,g1 christopher robertson,https://www.welshchessunion.uk/Grading/xarchive/JanJune2023/playerDetailView.php?key=g1%20christopher%20robertson
Martin Ricketts,E1,NA,1313,NA,2023-04-17,e1 martin ricketts,https://www.welshchessunion.uk/Grading/xarchive/JanJune2023/playerDetailView.php?key=e1%20martin%20ricketts
David Belochkin,E1,NA,1311,NA,2023-06-27,e1 david belochkin,https://www.welshchessunion.uk/Grading/xarchive/JanJune2023/playerDetailView.php?key=e1%20david%20belochkin
Louis Ba Thein,W1,NA,1308,NA,2023-05-31,w1 louis ba thein,https://www.welshchessunion.uk/Grading/xarchive/JanJune2023/playerDetailView.php?key=w1%20louis%20ba%20thein
Wilf Davis,D1,NA,1304,NA,NA,d1 wilf davis,https://www.welshchessunion.uk/Grading/xarchive/JanJune2023/playerDetailView.php?key=d1%20wilf%20davis
Jarred Gore,E1,NA,1304,NA,NA,e1 jarred gore,https://www.welshchessunion.uk/Grading/xarchive/JanJune2023/playerDetailView.php?key=e1%20jarred%20gore
Isaac Rose,W1,NA,1304,NA,2023-05-12,w1 isaac rose,https://www.welshchessunion.uk/Grading/xarchive/JanJune2023/playerDetailView.php?key=w1%20isaac%20rose
Adhvik Kadalarasan,G1,NA,1301,NA,2023-02-19,g1 adhvik kadalarasan,https://www.welshchessunion.uk/Grading/xarchive/JanJune2023/playerDetailView.php?key=g1%20adhvik%20kadalarasan
Andrew Balfe,G1,NA,1300,NA,2023-06-21,g1 andrew balfe,https://www.welshchessunion.uk/Grading/xarchive/JanJune2023/playerDetailView.php?key=g1%20andrew%20balfe
Joshua Colcombe,G1,NA,1300,NA,2023-05-14,g1 joshua colcombe,https://www.welshchessunion.uk/Grading/xarchive/JanJune2023/playerDetailView.php?key=g1%20joshua%20colcombe
Martin Ilett,E1,NA,1300,NA,2023-06-19,e1 martin ilett,https://www.welshchessunion.uk/Grading/xarchive/JanJune2023/playerDetailView.php?key=e1%20martin%20ilett
Paul Sadler,N1,NA,1300,NA,2023-04-18,n1 paul sadler,https://www.welshchessunion.uk/Grading/xarchive/JanJune2023/playerDetailView.php?key=n1%20paul%20sadler
Julie Ward,D1,NA,1300,NA,2023-06-06,d1 julie ward,https://www.welshchessunion.uk/Grading/xarchive/JanJune2023/playerDetailView.php?key=d1%20julie%20ward
Filip Zurek,D1,NA,1300,NA,2023-05-22,d1 filip zurek,https://www.welshchessunion.uk/Grading/xarchive/JanJune2023/playerDetailView.php?key=d1%20filip%20zurek
Brian Turton,E1,NA,1298,NA,NA,e1 brian turton,https://www.welshchessunion.uk/Grading/xarchive/JanJune2023/playerDetailView.php?key=e1%20brian%20turton
Richard H Morgan,E1,NA,1297,NA,NA,e1 richard h morgan,https://www.welshchessunion.uk/Grading/xarchive/JanJune2023/playerDetailView.php?key=e1%20richard%20h%20morgan
Georgina Gray,D1,NA,1296,NA,NA,d1 georgina gray,https://www.welshchessunion.uk/Grading/xarchive/JanJune2023/playerDetailView.php?key=d1%20georgina%20gray
Geoff Clarke,E1,NA,1295,NA,2023-04-11,e1 geoff clarke,https://www.welshchessunion.uk/Grading/xarchive/JanJune2023/playerDetailView.php?key=e1%20geoff%20clarke
Christopher Mueser,E1,NA,1295,NA,2023-04-17,e1 christopher mueser,https://www.welshchessunion.uk/Grading/xarchive/JanJune2023/playerDetailView.php?key=e1%20christopher%20mueser
Stuart Hamilton,N1,NA,1294,NA,2023-02-27,n1 stuart hamilton,https://www.welshchessunion.uk/Grading/xarchive/JanJune2023/playerDetailView.php?key=n1%20stuart%20hamilton
Steffan Mon,E1,NA,1294,NA,2023-05-15,e1 steffan mon,https://www.welshchessunion.uk/Grading/xarchive/JanJune2023/playerDetailView.php?key=e1%20steffan%20mon
Ron Calvert,N1,NA,1293,NA,2023-02-27,n1 ron calvert,https://www.welshchessunion.uk/Grading/xarchive/JanJune2023/playerDetailView.php?key=n1%20ron%20calvert
Tony Goodchild,W1,NA,1293,NA,2023-04-26,w1 tony goodchild,https://www.welshchessunion.uk/Grading/xarchive/JanJune2023/playerDetailView.php?key=w1%20tony%20goodchild
John Davies,W1,NA,1287,NA,2023-05-09,w1 john davies,https://www.welshchessunion.uk/Grading/xarchive/JanJune2023/playerDetailView.php?key=w1%20john%20davies
Wayne McFadden,N1,NA,1287,NA,NA,n1 wayne mcfadden,https://www.welshchessunion.uk/Grading/xarchive/JanJune2023/playerDetailView.php?key=n1%20wayne%20mcfadden
David Thorne,E1,NA,1287,NA,NA,e1 david thorne,https://www.welshchessunion.uk/Grading/xarchive/JanJune2023/playerDetailView.php?key=e1%20david%20thorne
Tim Whitchurch,E1,NA,1287,NA,2023-03-29,e1 tim whitchurch,https://www.welshchessunion.uk/Grading/xarchive/JanJune2023/playerDetailView.php?key=e1%20tim%20whitchurch
Ray Greenwood,D1,NA,1286,NA,2023-02-14,d1 ray greenwood,https://www.welshchessunion.uk/Grading/xarchive/JanJune2023/playerDetailView.php?key=d1%20ray%20greenwood
Roy Purnell,E1,NA,1281,NA,NA,e1 roy purnell,https://www.welshchessunion.uk/Grading/xarchive/JanJune2023/playerDetailView.php?key=e1%20roy%20purnell
Nayana Kalavala,E1,NA,1279,NA,NA,e1 nayana kalavala,https://www.welshchessunion.uk/Grading/xarchive/JanJune2023/playerDetailView.php?key=e1%20nayana%20kalavala
Steve Street,E1,NA,1278,NA,NA,e1 steve street,https://www.welshchessunion.uk/Grading/xarchive/JanJune2023/playerDetailView.php?key=e1%20steve%20street
Owain Groves,E1,NA,1272,NA,2023-05-16,e1 owain groves,https://www.welshchessunion.uk/Grading/xarchive/JanJune2023/playerDetailView.php?key=e1%20owain%20groves
Paul Meara,E1,NA,1272,NA,NA,e1 paul meara,https://www.welshchessunion.uk/Grading/xarchive/JanJune2023/playerDetailView.php?key=e1%20paul%20meara
James Colquhoun,D1,NA,1271,NA,NA,d1 james colquhoun,https://www.welshchessunion.uk/Grading/xarchive/JanJune2023/playerDetailView.php?key=d1%20james%20colquhoun
Bob Fordham,G1,NA,1261,NA,NA,g1 bob fordham,https://www.welshchessunion.uk/Grading/xarchive/JanJune2023/playerDetailView.php?key=g1%20bob%20fordham
Lyn Holland,G1,NA,1260,NA,2023-05-13,g1 lyn holland,https://www.welshchessunion.uk/Grading/xarchive/JanJune2023/playerDetailView.php?key=g1%20lyn%20holland
Vismith Prabhu,W1,NA,1258,NA,2023-06-04,w1 vismith prabhu,https://www.welshchessunion.uk/Grading/xarchive/JanJune2023/playerDetailView.php?key=w1%20vismith%20prabhu
Francis Headley,D1,NA,1255,NA,NA,d1 francis headley,https://www.welshchessunion.uk/Grading/xarchive/JanJune2023/playerDetailView.php?key=d1%20francis%20headley
Phil Jones,E1,NA,1251,NA,2023-01-30,e1 phil jones,https://www.welshchessunion.uk/Grading/xarchive/JanJune2023/playerDetailView.php?key=e1%20phil%20jones
Ben Hannigan,E1,NA,1250,NA,2023-05-15,e1 ben hannigan,https://www.welshchessunion.uk/Grading/xarchive/JanJune2023/playerDetailView.php?key=e1%20ben%20hannigan
Robert Muza,G1,NA,1250,NA,2023-03-05,g1 robert muza,https://www.welshchessunion.uk/Grading/xarchive/JanJune2023/playerDetailView.php?key=g1%20robert%20muza
Liam Powell-Jones,G1,NA,1250,NA,2023-04-16,g1 liam powell-jones,https://www.welshchessunion.uk/Grading/xarchive/JanJune2023/playerDetailView.php?key=g1%20liam%20powell-jones
Girish Vyas,D1,NA,1250,NA,2023-05-02,d1 girish vyas,https://www.welshchessunion.uk/Grading/xarchive/JanJune2023/playerDetailView.php?key=d1%20girish%20vyas
Clair Gorman,W1,NA,1247,NA,2023-04-18,w1 clair gorman,https://www.welshchessunion.uk/Grading/xarchive/JanJune2023/playerDetailView.php?key=w1%20clair%20gorman
Roland Humphries,E1,NA,1246,NA,NA,e1 roland humphries,https://www.welshchessunion.uk/Grading/xarchive/JanJune2023/playerDetailView.php?key=e1%20roland%20humphries
Brenda Miles,E1,NA,1244,NA,NA,e1 brenda miles,https://www.welshchessunion.uk/Grading/xarchive/JanJune2023/playerDetailView.php?key=e1%20brenda%20miles
John Velda,E1,NA,1244,NA,2023-06-19,e1 john velda,https://www.welshchessunion.uk/Grading/xarchive/JanJune2023/playerDetailView.php?key=e1%20john%20velda
Sarthak Nukalapati,E1,NA,1243,NA,NA,e1 sarthak nukalapati,https://www.welshchessunion.uk/Grading/xarchive/JanJune2023/playerDetailView.php?key=e1%20sarthak%20nukalapati
Abbas Radaideh,E1,NA,1243,NA,NA,e1 abbas radaideh,https://www.welshchessunion.uk/Grading/xarchive/JanJune2023/playerDetailView.php?key=e1%20abbas%20radaideh
David Reid,E1,NA,1242,NA,2023-04-10,e1 david reid,https://www.welshchessunion.uk/Grading/xarchive/JanJune2023/playerDetailView.php?key=e1%20david%20reid
Michael Lee,E1,NA,1241,NA,NA,e1 michael lee,https://www.welshchessunion.uk/Grading/xarchive/JanJune2023/playerDetailView.php?key=e1%20michael%20lee
Ashika Shahameeran,E1,NA,1239,NA,NA,e1 ashika shahameeran,https://www.welshchessunion.uk/Grading/xarchive/JanJune2023/playerDetailView.php?key=e1%20ashika%20shahameeran
Sandi Medagedara,N1,NA,1237,NA,NA,n1 sandi medagedara,https://www.welshchessunion.uk/Grading/xarchive/JanJune2023/playerDetailView.php?key=n1%20sandi%20medagedara
Bernard Smith,D1,NA,1237,NA,NA,d1 bernard smith,https://www.welshchessunion.uk/Grading/xarchive/JanJune2023/playerDetailView.php?key=d1%20bernard%20smith
Owen Wallace,W1,NA,1237,NA,NA,w1 owen wallace,https://www.welshchessunion.uk/Grading/xarchive/JanJune2023/playerDetailView.php?key=w1%20owen%20wallace
Francis Hunt,E1,NA,1236,NA,NA,e1 francis hunt,https://www.welshchessunion.uk/Grading/xarchive/JanJune2023/playerDetailView.php?key=e1%20francis%20hunt
John Callan,E1,NA,1233,NA,2023-04-24,e1 john callan,https://www.welshchessunion.uk/Grading/xarchive/JanJune2023/playerDetailView.php?key=e1%20john%20callan
Heather Saunders,G1,NA,1232,NA,NA,g1 heather saunders,https://www.welshchessunion.uk/Grading/xarchive/JanJune2023/playerDetailView.php?key=g1%20heather%20saunders
Luke Turner,W1,NA,1231,NA,2023-04-25,w1 luke turner,https://www.welshchessunion.uk/Grading/xarchive/JanJune2023/playerDetailView.php?key=w1%20luke%20turner
Brian Jones,N1,NA,1229,NA,NA,n1 brian jones,https://www.welshchessunion.uk/Grading/xarchive/JanJune2023/playerDetailView.php?key=n1%20brian%20jones
David Jones,E1,NA,1223,NA,2023-04-03,e1 david jones,https://www.welshchessunion.uk/Grading/xarchive/JanJune2023/playerDetailView.php?key=e1%20david%20jones
Sridatta Dantu,E1,NA,1218,NA,NA,e1 sridatta dantu,https://www.welshchessunion.uk/Grading/xarchive/JanJune2023/playerDetailView.php?key=e1%20sridatta%20dantu
Nick Hale,W1,NA,1217,NA,2023-01-17,w1 nick hale,https://www.welshchessunion.uk/Grading/xarchive/JanJune2023/playerDetailView.php?key=w1%20nick%20hale
Kieran Judge,D1,NA,1217,NA,NA,d1 kieran judge,https://www.welshchessunion.uk/Grading/xarchive/JanJune2023/playerDetailView.php?key=d1%20kieran%20judge
Tomas Forsey,G1,NA,1216,NA,2023-04-10,g1 tomas forsey,https://www.welshchessunion.uk/Grading/xarchive/JanJune2023/playerDetailView.php?key=g1%20tomas%20forsey
Jake Sadler,G1,NA,1212,NA,2023-05-14,g1 jake sadler,https://www.welshchessunion.uk/Grading/xarchive/JanJune2023/playerDetailView.php?key=g1%20jake%20sadler
Greg Goold,W1,NA,1211,NA,2023-04-24,w1 greg goold,https://www.welshchessunion.uk/Grading/xarchive/JanJune2023/playerDetailView.php?key=w1%20greg%20goold
Tom McIlveen,E1,NA,1211,NA,NA,e1 tom mcilveen,https://www.welshchessunion.uk/Grading/xarchive/JanJune2023/playerDetailView.php?key=e1%20tom%20mcilveen
Jim Sadler,G1,NA,1211,NA,2023-04-18,g1 jim sadler,https://www.welshchessunion.uk/Grading/xarchive/JanJune2023/playerDetailView.php?key=g1%20jim%20sadler
Nadi Grewal,E1,NA,1210,NA,2023-05-15,e1 nadi grewal,https://www.welshchessunion.uk/Grading/xarchive/JanJune2023/playerDetailView.php?key=e1%20nadi%20grewal
Mike Stannard,G1,NA,1209,NA,2023-05-24,g1 mike stannard,https://www.welshchessunion.uk/Grading/xarchive/JanJune2023/playerDetailView.php?key=g1%20mike%20stannard
McKenzie Archibald,W1,NA,1208,NA,2023-05-31,w1 mckenzie archibald,https://www.welshchessunion.uk/Grading/xarchive/JanJune2023/playerDetailView.php?key=w1%20mckenzie%20archibald
Joe Sedgwick,D1,NA,1208,NA,NA,d1 joe sedgwick,https://www.welshchessunion.uk/Grading/xarchive/JanJune2023/playerDetailView.php?key=d1%20joe%20sedgwick
Gwilym Kabhir-Davies,G1,NA,1207,NA,2023-06-14,g1 gwilym kabhir-davies,https://www.welshchessunion.uk/Grading/xarchive/JanJune2023/playerDetailView.php?key=g1%20gwilym%20kabhir-davies
Gary Harber,W1,NA,1203,NA,2023-05-09,w1 gary harber,https://www.welshchessunion.uk/Grading/xarchive/JanJune2023/playerDetailView.php?key=w1%20gary%20harber
David Lucas,W1,NA,1202,NA,2023-04-18,w1 david lucas,https://www.welshchessunion.uk/Grading/xarchive/JanJune2023/playerDetailView.php?key=w1%20david%20lucas
Paul Bevan,W1,NA,1201,NA,2023-05-23,w1 paul bevan,https://www.welshchessunion.uk/Grading/xarchive/JanJune2023/playerDetailView.php?key=w1%20paul%20bevan
Jonathan W Davies,E1,NA,1201,NA,NA,e1 jonathan w davies,https://www.welshchessunion.uk/Grading/xarchive/JanJune2023/playerDetailView.php?key=e1%20jonathan%20w%20davies
Jonathan Dark,G1,NA,1200,NA,2023-06-28,g1 jonathan dark,https://www.welshchessunion.uk/Grading/xarchive/JanJune2023/playerDetailView.php?key=g1%20jonathan%20dark
Gethin Davies,D1,NA,1200,NA,2023-06-02,d1 gethin davies,https://www.welshchessunion.uk/Grading/xarchive/JanJune2023/playerDetailView.php?key=d1%20gethin%20davies
Steve Dawson,N1,NA,1200,NA,2023-04-24,n1 steve dawson,https://www.welshchessunion.uk/Grading/xarchive/JanJune2023/playerDetailView.php?key=n1%20steve%20dawson
Morgan Foulkes,E1,NA,1200,NA,2023-06-20,e1 morgan foulkes,https://www.welshchessunion.uk/Grading/xarchive/JanJune2023/playerDetailView.php?key=e1%20morgan%20foulkes
Troy Hanniford,G1,NA,1200,NA,2023-06-28,g1 troy hanniford,https://www.welshchessunion.uk/Grading/xarchive/JanJune2023/playerDetailView.php?key=g1%20troy%20hanniford
Iestyn Harrigan,G1,NA,1200,NA,NA,g1 iestyn harrigan,https://www.welshchessunion.uk/Grading/xarchive/JanJune2023/playerDetailView.php?key=g1%20iestyn%20harrigan
Sam Leaney,N1,NA,1200,NA,2023-04-03,n1 sam leaney,https://www.welshchessunion.uk/Grading/xarchive/JanJune2023/playerDetailView.php?key=n1%20sam%20leaney
Rio Northey,E1,NA,1200,NA,NA,e1 rio northey,https://www.welshchessunion.uk/Grading/xarchive/JanJune2023/playerDetailView.php?key=e1%20rio%20northey
Timur Ramzan,E1,NA,1200,NA,2023-04-10,e1 timur ramzan,https://www.welshchessunion.uk/Grading/xarchive/JanJune2023/playerDetailView.php?key=e1%20timur%20ramzan
Paul Minton Rowlands,N1,NA,1200,NA,2023-04-03,n1 paul minton rowlands,https://www.welshchessunion.uk/Grading/xarchive/JanJune2023/playerDetailView.php?key=n1%20paul%20minton%20rowlands
Kevin Stephens,E1,NA,1200,NA,2023-05-23,e1 kevin stephens,https://www.welshchessunion.uk/Grading/xarchive/JanJune2023/playerDetailView.php?key=e1%20kevin%20stephens
Reuben Tarjanyi,N1,NA,1200,NA,2023-04-24,n1 reuben tarjanyi,https://www.welshchessunion.uk/Grading/xarchive/JanJune2023/playerDetailView.php?key=n1%20reuben%20tarjanyi
Emil Walther,N1,NA,1200,NA,2023-05-09,n1 emil walther,https://www.welshchessunion.uk/Grading/xarchive/JanJune2023/playerDetailView.php?key=n1%20emil%20walther
Mark Summers,G1,NA,1199,NA,NA,g1 mark summers,https://www.welshchessunion.uk/Grading/xarchive/JanJune2023/playerDetailView.php?key=g1%20mark%20summers
Alex Chavez,E1,NA,1198,NA,NA,e1 alex chavez,https://www.welshchessunion.uk/Grading/xarchive/JanJune2023/playerDetailView.php?key=e1%20alex%20chavez
Rhys Matthews,E1,NA,1198,NA,2023-02-27,e1 rhys matthews,https://www.welshchessunion.uk/Grading/xarchive/JanJune2023/playerDetailView.php?key=e1%20rhys%20matthews
Farouq Nasir,W1,NA,1198,NA,2023-06-04,w1 farouq nasir,https://www.welshchessunion.uk/Grading/xarchive/JanJune2023/playerDetailView.php?key=w1%20farouq%20nasir
Dave Conway,W1,NA,1197,NA,2023-04-26,w1 dave conway,https://www.welshchessunion.uk/Grading/xarchive/JanJune2023/playerDetailView.php?key=w1%20dave%20conway
Amelia Skora,E1,NA,1197,NA,NA,e1 amelia skora,https://www.welshchessunion.uk/Grading/xarchive/JanJune2023/playerDetailView.php?key=e1%20amelia%20skora
Stephen Paterson,N1,NA,1196,NA,NA,n1 stephen paterson,https://www.welshchessunion.uk/Grading/xarchive/JanJune2023/playerDetailView.php?key=n1%20stephen%20paterson
Ben Richards,G1,NA,1193,NA,2023-04-18,g1 ben richards,https://www.welshchessunion.uk/Grading/xarchive/JanJune2023/playerDetailView.php?key=g1%20ben%20richards
Gwyn Evans,D1,NA,1192,NA,NA,d1 gwyn evans,https://www.welshchessunion.uk/Grading/xarchive/JanJune2023/playerDetailView.php?key=d1%20gwyn%20evans
Damien Clarke,D1,NA,1191,NA,NA,d1 damien clarke,https://www.welshchessunion.uk/Grading/xarchive/JanJune2023/playerDetailView.php?key=d1%20damien%20clarke
Steffan Griffiths,G1,NA,1186,NA,NA,g1 steffan griffiths,https://www.welshchessunion.uk/Grading/xarchive/JanJune2023/playerDetailView.php?key=g1%20steffan%20griffiths
Vaughan Thomas,W1,NA,1186,NA,2023-03-03,w1 vaughan thomas,https://www.welshchessunion.uk/Grading/xarchive/JanJune2023/playerDetailView.php?key=w1%20vaughan%20thomas
Harish Chockalingam,E1,NA,1184,NA,NA,e1 harish chockalingam,https://www.welshchessunion.uk/Grading/xarchive/JanJune2023/playerDetailView.php?key=e1%20harish%20chockalingam
Byron Jones,W1,NA,1181,NA,2023-05-09,w1 byron jones,https://www.welshchessunion.uk/Grading/xarchive/JanJune2023/playerDetailView.php?key=w1%20byron%20jones
Rhys Davies,E1,NA,1178,NA,2023-06-20,e1 rhys davies,https://www.welshchessunion.uk/Grading/xarchive/JanJune2023/playerDetailView.php?key=e1%20rhys%20davies
Susan F Parry,N1,NA,1178,NA,2023-01-25,n1 susan f parry,https://www.welshchessunion.uk/Grading/xarchive/JanJune2023/playerDetailView.php?key=n1%20susan%20f%20parry
Mark Reynolds,D1,NA,1178,NA,2023-06-06,d1 mark reynolds,https://www.welshchessunion.uk/Grading/xarchive/JanJune2023/playerDetailView.php?key=d1%20mark%20reynolds
Rosie Christmas,E1,NA,1176,NA,NA,e1 rosie christmas,https://www.welshchessunion.uk/Grading/xarchive/JanJune2023/playerDetailView.php?key=e1%20rosie%20christmas
Grenville Brazener,D1,NA,1175,NA,2023-06-02,d1 grenville brazener,https://www.welshchessunion.uk/Grading/xarchive/JanJune2023/playerDetailView.php?key=d1%20grenville%20brazener
Erion Pici,E1,NA,1175,NA,2023-06-19,e1 erion pici,https://www.welshchessunion.uk/Grading/xarchive/JanJune2023/playerDetailView.php?key=e1%20erion%20pici
Harri Gilbert,G1,NA,1174,NA,2023-04-03,g1 harri gilbert,https://www.welshchessunion.uk/Grading/xarchive/JanJune2023/playerDetailView.php?key=g1%20harri%20gilbert
Kieron Roberts,E1,NA,1173,NA,NA,e1 kieron roberts,https://www.welshchessunion.uk/Grading/xarchive/JanJune2023/playerDetailView.php?key=e1%20kieron%20roberts
James Williams,E1,NA,1171,NA,2023-03-29,e1 james williams,https://www.welshchessunion.uk/Grading/xarchive/JanJune2023/playerDetailView.php?key=e1%20james%20williams
Rob Tipping,E1,NA,1169,NA,NA,e1 rob tipping,https://www.welshchessunion.uk/Grading/xarchive/JanJune2023/playerDetailView.php?key=e1%20rob%20tipping
Elliott Head,G1,NA,1168,NA,2023-05-14,g1 elliott head,https://www.welshchessunion.uk/Grading/xarchive/JanJune2023/playerDetailView.php?key=g1%20elliott%20head
Sulaiman Nasir,W1,NA,1162,NA,2023-05-12,w1 sulaiman nasir,https://www.welshchessunion.uk/Grading/xarchive/JanJune2023/playerDetailView.php?key=w1%20sulaiman%20nasir
Sumanth Naidu,E1,NA,1161,NA,NA,e1 sumanth naidu,https://www.welshchessunion.uk/Grading/xarchive/JanJune2023/playerDetailView.php?key=e1%20sumanth%20naidu
Kristupas Kirklys,N1,NA,1160,NA,NA,n1 kristupas kirklys,https://www.welshchessunion.uk/Grading/xarchive/JanJune2023/playerDetailView.php?key=n1%20kristupas%20kirklys
Ray Angle,E1,NA,1154,NA,NA,e1 ray angle,https://www.welshchessunion.uk/Grading/xarchive/JanJune2023/playerDetailView.php?key=e1%20ray%20angle
Duncan Elliott,E1,NA,1153,NA,NA,e1 duncan elliott,https://www.welshchessunion.uk/Grading/xarchive/JanJune2023/playerDetailView.php?key=e1%20duncan%20elliott
Luke McArdle,D1,NA,1150,NA,NA,d1 luke mcardle,https://www.welshchessunion.uk/Grading/xarchive/JanJune2023/playerDetailView.php?key=d1%20luke%20mcardle
Paul Rogers,N1,NA,1145,NA,2023-02-14,n1 paul rogers,https://www.welshchessunion.uk/Grading/xarchive/JanJune2023/playerDetailView.php?key=n1%20paul%20rogers
Tansy Fowler,G1,NA,1144,NA,NA,g1 tansy fowler,https://www.welshchessunion.uk/Grading/xarchive/JanJune2023/playerDetailView.php?key=g1%20tansy%20fowler
Henry Spedding,W1,NA,1143,NA,NA,w1 henry spedding,https://www.welshchessunion.uk/Grading/xarchive/JanJune2023/playerDetailView.php?key=w1%20henry%20spedding
Jen Taylor,E1,NA,1142,NA,2023-03-01,e1 jen taylor,https://www.welshchessunion.uk/Grading/xarchive/JanJune2023/playerDetailView.php?key=e1%20jen%20taylor
John Ward,W1,NA,1140,NA,2023-04-26,w1 john ward,https://www.welshchessunion.uk/Grading/xarchive/JanJune2023/playerDetailView.php?key=w1%20john%20ward
Francesco Bourzroura,W1,NA,1138,NA,2023-05-12,w1 francesco bourzroura,https://www.welshchessunion.uk/Grading/xarchive/JanJune2023/playerDetailView.php?key=w1%20francesco%20bourzroura
Martin Pautz,W1,NA,1134,NA,NA,w1 martin pautz,https://www.welshchessunion.uk/Grading/xarchive/JanJune2023/playerDetailView.php?key=w1%20martin%20pautz
Curtis Reid,E1,NA,1131,NA,2023-04-26,e1 curtis reid,https://www.welshchessunion.uk/Grading/xarchive/JanJune2023/playerDetailView.php?key=e1%20curtis%20reid
Adam Christopher,E1,NA,1129,NA,2023-05-15,e1 adam christopher,https://www.welshchessunion.uk/Grading/xarchive/JanJune2023/playerDetailView.php?key=e1%20adam%20christopher
Andrew Powell,W1,NA,1129,NA,2023-04-18,w1 andrew powell,https://www.welshchessunion.uk/Grading/xarchive/JanJune2023/playerDetailView.php?key=w1%20andrew%20powell
Elliot Chapman,W1,NA,1128,NA,2023-04-24,w1 elliot chapman,https://www.welshchessunion.uk/Grading/xarchive/JanJune2023/playerDetailView.php?key=w1%20elliot%20chapman
Fredik Nagel,W1,NA,1126,NA,NA,w1 fredik nagel,https://www.welshchessunion.uk/Grading/xarchive/JanJune2023/playerDetailView.php?key=w1%20fredik%20nagel
Alan Valentine,N1,NA,1126,NA,NA,n1 alan valentine,https://www.welshchessunion.uk/Grading/xarchive/JanJune2023/playerDetailView.php?key=n1%20alan%20valentine
Jim Bailey,W1,NA,1119,NA,2023-04-18,w1 jim bailey,https://www.welshchessunion.uk/Grading/xarchive/JanJune2023/playerDetailView.php?key=w1%20jim%20bailey
Jacob Pratten,W1,NA,1118,NA,2023-04-24,w1 jacob pratten,https://www.welshchessunion.uk/Grading/xarchive/JanJune2023/playerDetailView.php?key=w1%20jacob%20pratten
Maurice Barnett,E1,NA,1117,NA,NA,e1 maurice barnett,https://www.welshchessunion.uk/Grading/xarchive/JanJune2023/playerDetailView.php?key=e1%20maurice%20barnett
Bill Davies,E1,NA,1115,NA,NA,e1 bill davies,https://www.welshchessunion.uk/Grading/xarchive/JanJune2023/playerDetailView.php?key=e1%20bill%20davies
Tom Coates,N1,NA,1113,NA,2023-03-14,n1 tom coates,https://www.welshchessunion.uk/Grading/xarchive/JanJune2023/playerDetailView.php?key=n1%20tom%20coates
Jonathan Edwards,E1,NA,1111,NA,NA,e1 jonathan edwards,https://www.welshchessunion.uk/Grading/xarchive/JanJune2023/playerDetailView.php?key=e1%20jonathan%20edwards
Govind Anandkumar,E1,NA,1110,NA,2023-06-04,e1 govind anandkumar,https://www.welshchessunion.uk/Grading/xarchive/JanJune2023/playerDetailView.php?key=e1%20govind%20anandkumar
Derek Bellamy,W1,NA,1108,NA,2023-05-09,w1 derek bellamy,https://www.welshchessunion.uk/Grading/xarchive/JanJune2023/playerDetailView.php?key=w1%20derek%20bellamy
Peter Williams,E1,NA,1105,NA,NA,e1 peter williams,https://www.welshchessunion.uk/Grading/xarchive/JanJune2023/playerDetailView.php?key=e1%20peter%20williams
Jacob Wynn,G1,NA,1105,NA,NA,g1 jacob wynn,https://www.welshchessunion.uk/Grading/xarchive/JanJune2023/playerDetailView.php?key=g1%20jacob%20wynn
Ken Curry,E1,NA,1102,NA,NA,e1 ken curry,https://www.welshchessunion.uk/Grading/xarchive/JanJune2023/playerDetailView.php?key=e1%20ken%20curry
Nma-Elietta Abdul-Obitayo,W1,NA,1100,NA,2023-04-10,w1 nma-elietta abdul-obitayo,https://www.welshchessunion.uk/Grading/xarchive/JanJune2023/playerDetailView.php?key=w1%20nma-elietta%20abdul-obitayo
David Batell,W1,NA,1100,NA,2023-05-31,w1 david batell,https://www.welshchessunion.uk/Grading/xarchive/JanJune2023/playerDetailView.php?key=w1%20david%20batell
Adam Bees,E1,NA,1100,NA,2023-05-17,e1 adam bees,https://www.welshchessunion.uk/Grading/xarchive/JanJune2023/playerDetailView.php?key=e1%20adam%20bees
Pierre Blondeau,W1,NA,1100,NA,2023-03-14,w1 pierre blondeau,https://www.welshchessunion.uk/Grading/xarchive/JanJune2023/playerDetailView.php?key=w1%20pierre%20blondeau
Erich Carpenter,W1,NA,1100,NA,NA,w1 erich carpenter,https://www.welshchessunion.uk/Grading/xarchive/JanJune2023/playerDetailView.php?key=w1%20erich%20carpenter
Adam Colcombe,E1,NA,1100,NA,2023-06-20,e1 adam colcombe,https://www.welshchessunion.uk/Grading/xarchive/JanJune2023/playerDetailView.php?key=e1%20adam%20colcombe
Oliver Cumiskey,E1,NA,1100,NA,2023-06-27,e1 oliver cumiskey,https://www.welshchessunion.uk/Grading/xarchive/JanJune2023/playerDetailView.php?key=e1%20oliver%20cumiskey
Aaron Davies,W1,NA,1100,NA,2023-05-31,w1 aaron davies,https://www.welshchessunion.uk/Grading/xarchive/JanJune2023/playerDetailView.php?key=w1%20aaron%20davies
Richard Demynn,D1,NA,1100,NA,2023-04-19,d1 richard demynn,https://www.welshchessunion.uk/Grading/xarchive/JanJune2023/playerDetailView.php?key=d1%20richard%20demynn
James Evans,W1,NA,1100,NA,2023-05-23,w1 james evans,https://www.welshchessunion.uk/Grading/xarchive/JanJune2023/playerDetailView.php?key=w1%20james%20evans
Peter Evans,D1,NA,1100,NA,2023-06-06,d1 peter evans,https://www.welshchessunion.uk/Grading/xarchive/JanJune2023/playerDetailView.php?key=d1%20peter%20evans
Jamie G,W1,NA,1100,NA,2023-04-11,w1 jamie g,https://www.welshchessunion.uk/Grading/xarchive/JanJune2023/playerDetailView.php?key=w1%20jamie%20g
Jamie Glancey,N1,NA,1100,NA,NA,n1 jamie glancey,https://www.welshchessunion.uk/Grading/xarchive/JanJune2023/playerDetailView.php?key=n1%20jamie%20glancey
Freddie Hancock,W1,NA,1100,NA,2023-04-04,w1 freddie hancock,https://www.welshchessunion.uk/Grading/xarchive/JanJune2023/playerDetailView.php?key=w1%20freddie%20hancock
Kenul Herath,E1,NA,1100,NA,2023-06-04,e1 kenul herath,https://www.welshchessunion.uk/Grading/xarchive/JanJune2023/playerDetailView.php?key=e1%20kenul%20herath
Stephen Hughes,W1,NA,1100,NA,2023-04-04,w1 stephen hughes,https://www.welshchessunion.uk/Grading/xarchive/JanJune2023/playerDetailView.php?key=w1%20stephen%20hughes
Jacob Mason,W1,NA,1100,NA,2023-01-27,w1 jacob mason,https://www.welshchessunion.uk/Grading/xarchive/JanJune2023/playerDetailView.php?key=w1%20jacob%20mason
Len Morris,D1,NA,1100,NA,2023-03-13,d1 len morris,https://www.welshchessunion.uk/Grading/xarchive/JanJune2023/playerDetailView.php?key=d1%20len%20morris
Ian Phillips,W1,NA,1100,NA,2023-05-12,w1 ian phillips,https://www.welshchessunion.uk/Grading/xarchive/JanJune2023/playerDetailView.php?key=w1%20ian%20phillips
Samuel Raybone,D1,NA,1100,NA,2023-03-01,d1 samuel raybone,https://www.welshchessunion.uk/Grading/xarchive/JanJune2023/playerDetailView.php?key=d1%20samuel%20raybone
Noah Redfern,W1,NA,1100,NA,2023-02-15,w1 noah redfern,https://www.welshchessunion.uk/Grading/xarchive/JanJune2023/playerDetailView.php?key=w1%20noah%20redfern
Bonzinyan Somarib,W1,NA,1100,NA,2023-03-07,w1 bonzinyan somarib,https://www.welshchessunion.uk/Grading/xarchive/JanJune2023/playerDetailView.php?key=w1%20bonzinyan%20somarib
Thomas Tolhurst,D1,NA,1100,NA,NA,d1 thomas tolhurst,https://www.welshchessunion.uk/Grading/xarchive/JanJune2023/playerDetailView.php?key=d1%20thomas%20tolhurst
Haoran Zhu,W1,NA,1100,NA,2023-04-24,w1 haoran zhu,https://www.welshchessunion.uk/Grading/xarchive/JanJune2023/playerDetailView.php?key=w1%20haoran%20zhu
Kyle Horton,W1,NA,1097,NA,NA,w1 kyle horton,https://www.welshchessunion.uk/Grading/xarchive/JanJune2023/playerDetailView.php?key=w1%20kyle%20horton
Robert Sequeira,G1,NA,1097,NA,NA,g1 robert sequeira,https://www.welshchessunion.uk/Grading/xarchive/JanJune2023/playerDetailView.php?key=g1%20robert%20sequeira
Iwan Bath,W1,NA,1095,NA,2023-03-14,w1 iwan bath,https://www.welshchessunion.uk/Grading/xarchive/JanJune2023/playerDetailView.php?key=w1%20iwan%20bath
Alex Collis,E1,NA,1095,NA,NA,e1 alex collis,https://www.welshchessunion.uk/Grading/xarchive/JanJune2023/playerDetailView.php?key=e1%20alex%20collis
Mari Ivahicova,W1,NA,1095,NA,2023-04-18,w1 mari ivahicova,https://www.welshchessunion.uk/Grading/xarchive/JanJune2023/playerDetailView.php?key=w1%20mari%20ivahicova
Thomas Nalej,E1,NA,1095,NA,2023-05-16,e1 thomas nalej,https://www.welshchessunion.uk/Grading/xarchive/JanJune2023/playerDetailView.php?key=e1%20thomas%20nalej
June Evans,W1,NA,1093,NA,NA,w1 june evans,https://www.welshchessunion.uk/Grading/xarchive/JanJune2023/playerDetailView.php?key=w1%20june%20evans
Craig Thomas,E1,NA,1091,NA,NA,e1 craig thomas,https://www.welshchessunion.uk/Grading/xarchive/JanJune2023/playerDetailView.php?key=e1%20craig%20thomas
Cameron Ferguson,W1,NA,1086,NA,2023-05-09,w1 cameron ferguson,https://www.welshchessunion.uk/Grading/xarchive/JanJune2023/playerDetailView.php?key=w1%20cameron%20ferguson
Leighton Anthony,W1,NA,1084,NA,2023-05-31,w1 leighton anthony,https://www.welshchessunion.uk/Grading/xarchive/JanJune2023/playerDetailView.php?key=w1%20leighton%20anthony
Alex Drysdale,E1,NA,1083,NA,NA,e1 alex drysdale,https://www.welshchessunion.uk/Grading/xarchive/JanJune2023/playerDetailView.php?key=e1%20alex%20drysdale
Stephen Garnett,N1,NA,1081,NA,2023-02-07,n1 stephen garnett,https://www.welshchessunion.uk/Grading/xarchive/JanJune2023/playerDetailView.php?key=n1%20stephen%20garnett
Anson Howard,D1,NA,1077,NA,NA,d1 anson howard,https://www.welshchessunion.uk/Grading/xarchive/JanJune2023/playerDetailView.php?key=d1%20anson%20howard
Spencer Ripley,W1,NA,1076,NA,2023-04-24,w1 spencer ripley,https://www.welshchessunion.uk/Grading/xarchive/JanJune2023/playerDetailView.php?key=w1%20spencer%20ripley
Mark Maddock,E1,NA,1075,NA,NA,e1 mark maddock,https://www.welshchessunion.uk/Grading/xarchive/JanJune2023/playerDetailView.php?key=e1%20mark%20maddock
Braden Lewis,E1,NA,1072,NA,NA,e1 braden lewis,https://www.welshchessunion.uk/Grading/xarchive/JanJune2023/playerDetailView.php?key=e1%20braden%20lewis
Joshua Abramsky,G1,NA,1071,NA,NA,g1 joshua abramsky,https://www.welshchessunion.uk/Grading/xarchive/JanJune2023/playerDetailView.php?key=g1%20joshua%20abramsky
Evan Alexandersson,W1,NA,1070,NA,NA,w1 evan alexandersson,https://www.welshchessunion.uk/Grading/xarchive/JanJune2023/playerDetailView.php?key=w1%20evan%20alexandersson
Jessica Shi,E1,NA,1069,NA,NA,e1 jessica shi,https://www.welshchessunion.uk/Grading/xarchive/JanJune2023/playerDetailView.php?key=e1%20jessica%20shi
Roger Llewellyn,W1,NA,1065,NA,2023-05-09,w1 roger llewellyn,https://www.welshchessunion.uk/Grading/xarchive/JanJune2023/playerDetailView.php?key=w1%20roger%20llewellyn
Tommy Tremain,W1,NA,1061,NA,2023-03-25,w1 tommy tremain,https://www.welshchessunion.uk/Grading/xarchive/JanJune2023/playerDetailView.php?key=w1%20tommy%20tremain
Kristan Enoch,E1,NA,1059,NA,2023-05-24,e1 kristan enoch,https://www.welshchessunion.uk/Grading/xarchive/JanJune2023/playerDetailView.php?key=e1%20kristan%20enoch
Bryn Atkinson,G1,NA,1054,NA,NA,g1 bryn atkinson,https://www.welshchessunion.uk/Grading/xarchive/JanJune2023/playerDetailView.php?key=g1%20bryn%20atkinson
Karl Beer,W1,NA,1051,NA,2023-01-30,w1 karl beer,https://www.welshchessunion.uk/Grading/xarchive/JanJune2023/playerDetailView.php?key=w1%20karl%20beer
Csege Hanczar,E1,NA,1051,NA,2023-06-27,e1 csege hanczar,https://www.welshchessunion.uk/Grading/xarchive/JanJune2023/playerDetailView.php?key=e1%20csege%20hanczar
Kristians Gerdens,D1,NA,1050,NA,2023-05-22,d1 kristians gerdens,https://www.welshchessunion.uk/Grading/xarchive/JanJune2023/playerDetailView.php?key=d1%20kristians%20gerdens
Steve Potter,E1,NA,1050,NA,NA,e1 steve potter,https://www.welshchessunion.uk/Grading/xarchive/JanJune2023/playerDetailView.php?key=e1%20steve%20potter
Dennis Thomas,W1,NA,1048,NA,NA,w1 dennis thomas,https://www.welshchessunion.uk/Grading/xarchive/JanJune2023/playerDetailView.php?key=w1%20dennis%20thomas
Janet Evans,W1,NA,1039,NA,2023-03-06,w1 janet evans,https://www.welshchessunion.uk/Grading/xarchive/JanJune2023/playerDetailView.php?key=w1%20janet%20evans
Anthony Williams,E1,NA,1034,NA,2023-04-24,e1 anthony williams,https://www.welshchessunion.uk/Grading/xarchive/JanJune2023/playerDetailView.php?key=e1%20anthony%20williams
Nia Rathkey,G1,NA,1032,NA,NA,g1 nia rathkey,https://www.welshchessunion.uk/Grading/xarchive/JanJune2023/playerDetailView.php?key=g1%20nia%20rathkey
Joshua Lee Morgan,E1,NA,1028,NA,NA,e1 joshua lee morgan,https://www.welshchessunion.uk/Grading/xarchive/JanJune2023/playerDetailView.php?key=e1%20joshua%20lee%20morgan
Kritthik Baranidharan,E1,NA,1026,NA,NA,e1 kritthik baranidharan,https://www.welshchessunion.uk/Grading/xarchive/JanJune2023/playerDetailView.php?key=e1%20kritthik%20baranidharan
Andrew Thomas,G1,NA,1025,NA,NA,g1 andrew thomas,https://www.welshchessunion.uk/Grading/xarchive/JanJune2023/playerDetailView.php?key=g1%20andrew%20thomas
Krishna Lee,E1,NA,1015,NA,NA,e1 krishna lee,https://www.welshchessunion.uk/Grading/xarchive/JanJune2023/playerDetailView.php?key=e1%20krishna%20lee
Haydn Wilde,D1,NA,1012,NA,NA,d1 haydn wilde,https://www.welshchessunion.uk/Grading/xarchive/JanJune2023/playerDetailView.php?key=d1%20haydn%20wilde
Tabitha Ryan,E1,NA,1005,NA,2023-01-16,e1 tabitha ryan,https://www.welshchessunion.uk/Grading/xarchive/JanJune2023/playerDetailView.php?key=e1%20tabitha%20ryan
Rob Frame,E1,NA,1003,NA,2023-04-24,e1 rob frame,https://www.welshchessunion.uk/Grading/xarchive/JanJune2023/playerDetailView.php?key=e1%20rob%20frame
Gareth Tremain,W1,NA,1002,NA,2023-05-09,w1 gareth tremain,https://www.welshchessunion.uk/Grading/xarchive/JanJune2023/playerDetailView.php?key=w1%20gareth%20tremain
Pahul Ahluwalia,E1,NA,1001,NA,NA,e1 pahul ahluwalia,https://www.welshchessunion.uk/Grading/xarchive/JanJune2023/playerDetailView.php?key=e1%20pahul%20ahluwalia
Patrick Bourne,D1,NA,1000,NA,2023-05-08,d1 patrick bourne,https://www.welshchessunion.uk/Grading/xarchive/JanJune2023/playerDetailView.php?key=d1%20patrick%20bourne
Adam Cooper,G1,NA,1000,NA,2023-03-01,g1 adam cooper,https://www.welshchessunion.uk/Grading/xarchive/JanJune2023/playerDetailView.php?key=g1%20adam%20cooper
Mark Ferrey,D1,NA,1000,NA,2023-03-01,d1 mark ferrey,https://www.welshchessunion.uk/Grading/xarchive/JanJune2023/playerDetailView.php?key=d1%20mark%20ferrey
G. Garel,G1,NA,1000,NA,2023-02-07,g1 g. garel,https://www.welshchessunion.uk/Grading/xarchive/JanJune2023/playerDetailView.php?key=g1%20g.%20garel
Mabon Hanczar,E1,NA,1000,NA,2023-06-27,e1 mabon hanczar,https://www.welshchessunion.uk/Grading/xarchive/JanJune2023/playerDetailView.php?key=e1%20mabon%20hanczar
Joshua Harris,W1,NA,1000,NA,NA,w1 joshua harris,https://www.welshchessunion.uk/Grading/xarchive/JanJune2023/playerDetailView.php?key=w1%20joshua%20harris
Astra Holder,D1,NA,1000,NA,2023-05-22,d1 astra holder,https://www.welshchessunion.uk/Grading/xarchive/JanJune2023/playerDetailView.php?key=d1%20astra%20holder
Daniel Imrie,E1,NA,1000,NA,2023-06-04,e1 daniel imrie,https://www.welshchessunion.uk/Grading/xarchive/JanJune2023/playerDetailView.php?key=e1%20daniel%20imrie
James Price,E1,NA,1000,NA,2023-03-13,e1 james price,https://www.welshchessunion.uk/Grading/xarchive/JanJune2023/playerDetailView.php?key=e1%20james%20price
Dan Richards,D1,NA,1000,NA,2023-06-06,d1 dan richards,https://www.welshchessunion.uk/Grading/xarchive/JanJune2023/playerDetailView.php?key=d1%20dan%20richards
Joshua Robson,D1,NA,1000,NA,2023-03-13,d1 joshua robson,https://www.welshchessunion.uk/Grading/xarchive/JanJune2023/playerDetailView.php?key=d1%20joshua%20robson
Norman Speak,W1,NA,997,NA,2023-03-15,w1 norman speak,https://www.welshchessunion.uk/Grading/xarchive/JanJune2023/playerDetailView.php?key=w1%20norman%20speak
Osian Jessop,G1,NA,994,NA,NA,g1 osian jessop,https://www.welshchessunion.uk/Grading/xarchive/JanJune2023/playerDetailView.php?key=g1%20osian%20jessop
Cian Grattidge,E1,NA,993,NA,NA,e1 cian grattidge,https://www.welshchessunion.uk/Grading/xarchive/JanJune2023/playerDetailView.php?key=e1%20cian%20grattidge
Peter Merrifield,W1,NA,993,NA,2023-05-20,w1 peter merrifield,https://www.welshchessunion.uk/Grading/xarchive/JanJune2023/playerDetailView.php?key=w1%20peter%20merrifield
Patrick Civil,E1,NA,991,NA,2023-05-15,e1 patrick civil,https://www.welshchessunion.uk/Grading/xarchive/JanJune2023/playerDetailView.php?key=e1%20patrick%20civil
John Pearce,E1,NA,991,NA,NA,e1 john pearce,https://www.welshchessunion.uk/Grading/xarchive/JanJune2023/playerDetailView.php?key=e1%20john%20pearce
Kit Barker,D1,NA,990,NA,NA,d1 kit barker,https://www.welshchessunion.uk/Grading/xarchive/JanJune2023/playerDetailView.php?key=d1%20kit%20barker
Steve Maguire,E1,NA,985,NA,2023-06-19,e1 steve maguire,https://www.welshchessunion.uk/Grading/xarchive/JanJune2023/playerDetailView.php?key=e1%20steve%20maguire
Dave Mahoney,E1,NA,985,NA,2023-06-19,e1 dave mahoney,https://www.welshchessunion.uk/Grading/xarchive/JanJune2023/playerDetailView.php?key=e1%20dave%20mahoney
Bradley Parfitt,W1,NA,983,NA,2023-04-25,w1 bradley parfitt,https://www.welshchessunion.uk/Grading/xarchive/JanJune2023/playerDetailView.php?key=w1%20bradley%20parfitt
Isaac Potter,E1,NA,983,NA,NA,e1 isaac potter,https://www.welshchessunion.uk/Grading/xarchive/JanJune2023/playerDetailView.php?key=e1%20isaac%20potter
Arnav Kulkarni,E1,NA,982,NA,NA,e1 arnav kulkarni,https://www.welshchessunion.uk/Grading/xarchive/JanJune2023/playerDetailView.php?key=e1%20arnav%20kulkarni
Kieran Willacot,E1,NA,979,NA,NA,e1 kieran willacot,https://www.welshchessunion.uk/Grading/xarchive/JanJune2023/playerDetailView.php?key=e1%20kieran%20willacot
Fraser Britton,E1,NA,974,NA,NA,e1 fraser britton,https://www.welshchessunion.uk/Grading/xarchive/JanJune2023/playerDetailView.php?key=e1%20fraser%20britton
Robert Clayton,E1,NA,972,NA,NA,e1 robert clayton,https://www.welshchessunion.uk/Grading/xarchive/JanJune2023/playerDetailView.php?key=e1%20robert%20clayton
Ashton Grey,E1,NA,969,NA,2023-03-28,e1 ashton grey,https://www.welshchessunion.uk/Grading/xarchive/JanJune2023/playerDetailView.php?key=e1%20ashton%20grey
Roger Lockyer,G1,NA,968,NA,NA,g1 roger lockyer,https://www.welshchessunion.uk/Grading/xarchive/JanJune2023/playerDetailView.php?key=g1%20roger%20lockyer
Alan MacDonald,E1,NA,968,NA,NA,e1 alan macdonald,https://www.welshchessunion.uk/Grading/xarchive/JanJune2023/playerDetailView.php?key=e1%20alan%20macdonald
Kevin Cullen,W1,NA,965,NA,NA,w1 kevin cullen,https://www.welshchessunion.uk/Grading/xarchive/JanJune2023/playerDetailView.php?key=w1%20kevin%20cullen
Csombor Hanczar,E1,NA,964,NA,2023-06-27,e1 csombor hanczar,https://www.welshchessunion.uk/Grading/xarchive/JanJune2023/playerDetailView.php?key=e1%20csombor%20hanczar
Sarah Kett,E1,NA,962,NA,NA,e1 sarah kett,https://www.welshchessunion.uk/Grading/xarchive/JanJune2023/playerDetailView.php?key=e1%20sarah%20kett
Andrew Moore,E1,NA,957,NA,NA,e1 andrew moore,https://www.welshchessunion.uk/Grading/xarchive/JanJune2023/playerDetailView.php?key=e1%20andrew%20moore
William Roberts,E1,NA,955,NA,2023-04-25,e1 william roberts,https://www.welshchessunion.uk/Grading/xarchive/JanJune2023/playerDetailView.php?key=e1%20william%20roberts
Mike White,E1,NA,955,NA,2023-06-19,e1 mike white,https://www.welshchessunion.uk/Grading/xarchive/JanJune2023/playerDetailView.php?key=e1%20mike%20white
Osian Bonnett,N1,NA,951,NA,NA,n1 osian bonnett,https://www.welshchessunion.uk/Grading/xarchive/JanJune2023/playerDetailView.php?key=n1%20osian%20bonnett
James Brindle,E1,NA,950,NA,NA,e1 james brindle,https://www.welshchessunion.uk/Grading/xarchive/JanJune2023/playerDetailView.php?key=e1%20james%20brindle
Sebastian Hoccom,E1,NA,950,NA,2023-03-05,e1 sebastian hoccom,https://www.welshchessunion.uk/Grading/xarchive/JanJune2023/playerDetailView.php?key=e1%20sebastian%20hoccom
Tomos Ilett,E1,NA,950,NA,2023-06-19,e1 tomos ilett,https://www.welshchessunion.uk/Grading/xarchive/JanJune2023/playerDetailView.php?key=e1%20tomos%20ilett
Evan Lewis,E1,NA,950,NA,NA,e1 evan lewis,https://www.welshchessunion.uk/Grading/xarchive/JanJune2023/playerDetailView.php?key=e1%20evan%20lewis
John Giannini,W1,NA,948,NA,2023-05-31,w1 john giannini,https://www.welshchessunion.uk/Grading/xarchive/JanJune2023/playerDetailView.php?key=w1%20john%20giannini
Elaine Evans,N1,NA,935,NA,NA,n1 elaine evans,https://www.welshchessunion.uk/Grading/xarchive/JanJune2023/playerDetailView.php?key=n1%20elaine%20evans
Gabriella Watkins,G1,NA,922,NA,NA,g1 gabriella watkins,https://www.welshchessunion.uk/Grading/xarchive/JanJune2023/playerDetailView.php?key=g1%20gabriella%20watkins
Anuraag Guha,E1,NA,921,NA,NA,e1 anuraag guha,https://www.welshchessunion.uk/Grading/xarchive/JanJune2023/playerDetailView.php?key=e1%20anuraag%20guha
Will Parkinson,E1,NA,921,NA,2023-05-24,e1 will parkinson,https://www.welshchessunion.uk/Grading/xarchive/JanJune2023/playerDetailView.php?key=e1%20will%20parkinson
Louise Davies,E1,NA,915,NA,2023-06-04,e1 louise davies,https://www.welshchessunion.uk/Grading/xarchive/JanJune2023/playerDetailView.php?key=e1%20louise%20davies
Dilusha Fernando,E1,NA,912,NA,NA,e1 dilusha fernando,https://www.welshchessunion.uk/Grading/xarchive/JanJune2023/playerDetailView.php?key=e1%20dilusha%20fernando
Dave Morris,E1,NA,911,NA,NA,e1 dave morris,https://www.welshchessunion.uk/Grading/xarchive/JanJune2023/playerDetailView.php?key=e1%20dave%20morris
Connor Evans,E1,NA,910,NA,NA,e1 connor evans,https://www.welshchessunion.uk/Grading/xarchive/JanJune2023/playerDetailView.php?key=e1%20connor%20evans
Jaime Davies,E1,NA,906,NA,NA,e1 jaime davies,https://www.welshchessunion.uk/Grading/xarchive/JanJune2023/playerDetailView.php?key=e1%20jaime%20davies
Callum Penny,E1,NA,905,NA,NA,e1 callum penny,https://www.welshchessunion.uk/Grading/xarchive/JanJune2023/playerDetailView.php?key=e1%20callum%20penny
Ray Denyer,E1,NA,903,NA,NA,e1 ray denyer,https://www.welshchessunion.uk/Grading/xarchive/JanJune2023/playerDetailView.php?key=e1%20ray%20denyer
Gareth Evans,E1,NA,900,NA,2023-03-13,e1 gareth evans,https://www.welshchessunion.uk/Grading/xarchive/JanJune2023/playerDetailView.php?key=e1%20gareth%20evans
Cai Hurford,E1,NA,900,NA,2023-02-19,e1 cai hurford,https://www.welshchessunion.uk/Grading/xarchive/JanJune2023/playerDetailView.php?key=e1%20cai%20hurford
Bethan Mattingley,E1,NA,900,NA,2023-03-26,e1 bethan mattingley,https://www.welshchessunion.uk/Grading/xarchive/JanJune2023/playerDetailView.php?key=e1%20bethan%20mattingley
Arush Ajai Murthy,E1,NA,900,NA,2023-06-04,e1 arush ajai murthy,https://www.welshchessunion.uk/Grading/xarchive/JanJune2023/playerDetailView.php?key=e1%20arush%20ajai%20murthy
Ioan Davies,E1,NA,896,NA,NA,e1 ioan davies,https://www.welshchessunion.uk/Grading/xarchive/JanJune2023/playerDetailView.php?key=e1%20ioan%20davies
Nathan Ford,E1,NA,894,NA,NA,e1 nathan ford,https://www.welshchessunion.uk/Grading/xarchive/JanJune2023/playerDetailView.php?key=e1%20nathan%20ford
Vince Teisar,E1,NA,894,NA,2023-03-29,e1 vince teisar,https://www.welshchessunion.uk/Grading/xarchive/JanJune2023/playerDetailView.php?key=e1%20vince%20teisar
Scott Beale,E1,NA,885,NA,NA,e1 scott beale,https://www.welshchessunion.uk/Grading/xarchive/JanJune2023/playerDetailView.php?key=e1%20scott%20beale
Harrison Nayar,E1,NA,885,NA,NA,e1 harrison nayar,https://www.welshchessunion.uk/Grading/xarchive/JanJune2023/playerDetailView.php?key=e1%20harrison%20nayar
Lucas Logan,E1,NA,881,NA,NA,e1 lucas logan,https://www.welshchessunion.uk/Grading/xarchive/JanJune2023/playerDetailView.php?key=e1%20lucas%20logan
Henry Townsend,E1,NA,880,NA,NA,e1 henry townsend,https://www.welshchessunion.uk/Grading/xarchive/JanJune2023/playerDetailView.php?key=e1%20henry%20townsend
Lewis Wynn,G1,NA,880,NA,NA,g1 lewis wynn,https://www.welshchessunion.uk/Grading/xarchive/JanJune2023/playerDetailView.php?key=g1%20lewis%20wynn
Gwawr Evans,E1,NA,879,NA,2023-05-15,e1 gwawr evans,https://www.welshchessunion.uk/Grading/xarchive/JanJune2023/playerDetailView.php?key=e1%20gwawr%20evans
Bertie Carvey,E1,NA,877,NA,2023-04-26,e1 bertie carvey,https://www.welshchessunion.uk/Grading/xarchive/JanJune2023/playerDetailView.php?key=e1%20bertie%20carvey
Alex Ball,G1,NA,876,NA,NA,g1 alex ball,https://www.welshchessunion.uk/Grading/xarchive/JanJune2023/playerDetailView.php?key=g1%20alex%20ball
Ivor Hitchings,E1,NA,876,NA,NA,e1 ivor hitchings,https://www.welshchessunion.uk/Grading/xarchive/JanJune2023/playerDetailView.php?key=e1%20ivor%20hitchings
John Smart,E1,NA,876,NA,2023-05-21,e1 john smart,https://www.welshchessunion.uk/Grading/xarchive/JanJune2023/playerDetailView.php?key=e1%20john%20smart
Emily Hornby,E1,NA,874,NA,NA,e1 emily hornby,https://www.welshchessunion.uk/Grading/xarchive/JanJune2023/playerDetailView.php?key=e1%20emily%20hornby
Mair Whitchurch,E1,NA,874,NA,NA,e1 mair whitchurch,https://www.welshchessunion.uk/Grading/xarchive/JanJune2023/playerDetailView.php?key=e1%20mair%20whitchurch
Marcus Bedwell,E1,NA,871,NA,NA,e1 marcus bedwell,https://www.welshchessunion.uk/Grading/xarchive/JanJune2023/playerDetailView.php?key=e1%20marcus%20bedwell
Paul Jenkins,E1,NA,871,NA,NA,e1 paul jenkins,https://www.welshchessunion.uk/Grading/xarchive/JanJune2023/playerDetailView.php?key=e1%20paul%20jenkins
Mehdi Jaberansari,E1,NA,866,NA,NA,e1 mehdi jaberansari,https://www.welshchessunion.uk/Grading/xarchive/JanJune2023/playerDetailView.php?key=e1%20mehdi%20jaberansari
Vedant Lutchman Singh,E1,NA,860,NA,NA,e1 vedant lutchman singh,https://www.welshchessunion.uk/Grading/xarchive/JanJune2023/playerDetailView.php?key=e1%20vedant%20lutchman%20singh
Lucy Taylor,E1,NA,859,NA,NA,e1 lucy taylor,https://www.welshchessunion.uk/Grading/xarchive/JanJune2023/playerDetailView.php?key=e1%20lucy%20taylor
Sujan Muvvala,W1,NA,856,NA,2023-03-03,w1 sujan muvvala,https://www.welshchessunion.uk/Grading/xarchive/JanJune2023/playerDetailView.php?key=w1%20sujan%20muvvala
Oscar Hitchings,E1,NA,855,NA,NA,e1 oscar hitchings,https://www.welshchessunion.uk/Grading/xarchive/JanJune2023/playerDetailView.php?key=e1%20oscar%20hitchings
Kurt Williams,E1,NA,854,NA,NA,e1 kurt williams,https://www.welshchessunion.uk/Grading/xarchive/JanJune2023/playerDetailView.php?key=e1%20kurt%20williams
Finlay Britton,E1,NA,852,NA,NA,e1 finlay britton,https://www.welshchessunion.uk/Grading/xarchive/JanJune2023/playerDetailView.php?key=e1%20finlay%20britton
Roy Adams,E1,NA,850,NA,NA,e1 roy adams,https://www.welshchessunion.uk/Grading/xarchive/JanJune2023/playerDetailView.php?key=e1%20roy%20adams
Ali Amar,E1,NA,850,NA,NA,e1 ali amar,https://www.welshchessunion.uk/Grading/xarchive/JanJune2023/playerDetailView.php?key=e1%20ali%20amar
Rajith Babu,W1,NA,850,NA,2023-04-05,w1 rajith babu,https://www.welshchessunion.uk/Grading/xarchive/JanJune2023/playerDetailView.php?key=w1%20rajith%20babu
Margaret Baron,D1,NA,850,NA,NA,d1 margaret baron,https://www.welshchessunion.uk/Grading/xarchive/JanJune2023/playerDetailView.php?key=d1%20margaret%20baron
Reuben Bartholomew,E1,NA,850,NA,NA,e1 reuben bartholomew,https://www.welshchessunion.uk/Grading/xarchive/JanJune2023/playerDetailView.php?key=e1%20reuben%20bartholomew
Tyler Bennett,E1,NA,850,NA,NA,e1 tyler bennett,https://www.welshchessunion.uk/Grading/xarchive/JanJune2023/playerDetailView.php?key=e1%20tyler%20bennett
Warren Boucher,E1,NA,850,NA,2023-05-15,e1 warren boucher,https://www.welshchessunion.uk/Grading/xarchive/JanJune2023/playerDetailView.php?key=e1%20warren%20boucher
Isabella Caesar,E1,NA,850,NA,NA,e1 isabella caesar,https://www.welshchessunion.uk/Grading/xarchive/JanJune2023/playerDetailView.php?key=e1%20isabella%20caesar
Andrew Chochola,E1,NA,850,NA,NA,e1 andrew chochola,https://www.welshchessunion.uk/Grading/xarchive/JanJune2023/playerDetailView.php?key=e1%20andrew%20chochola
Amir Chornomorchenko,E1,NA,850,NA,NA,e1 amir chornomorchenko,https://www.welshchessunion.uk/Grading/xarchive/JanJune2023/playerDetailView.php?key=e1%20amir%20chornomorchenko
Jack Clemo,E1,NA,850,NA,2023-06-06,e1 jack clemo,https://www.welshchessunion.uk/Grading/xarchive/JanJune2023/playerDetailView.php?key=e1%20jack%20clemo
David Corney,E1,NA,850,NA,2023-04-24,e1 david corney,https://www.welshchessunion.uk/Grading/xarchive/JanJune2023/playerDetailView.php?key=e1%20david%20corney
Clara Correa,E1,NA,850,NA,2023-06-27,e1 clara correa,https://www.welshchessunion.uk/Grading/xarchive/JanJune2023/playerDetailView.php?key=e1%20clara%20correa
Max Correa,E1,NA,850,NA,2023-06-27,e1 max correa,https://www.welshchessunion.uk/Grading/xarchive/JanJune2023/playerDetailView.php?key=e1%20max%20correa
Salvador Correa,E1,NA,850,NA,2023-06-27,e1 salvador correa,https://www.welshchessunion.uk/Grading/xarchive/JanJune2023/playerDetailView.php?key=e1%20salvador%20correa
Mamix Cramer,E1,NA,850,NA,2023-03-26,e1 mamix cramer,https://www.welshchessunion.uk/Grading/xarchive/JanJune2023/playerDetailView.php?key=e1%20mamix%20cramer
Theodore Culliford,E1,NA,850,NA,2023-06-06,e1 theodore culliford,https://www.welshchessunion.uk/Grading/xarchive/JanJune2023/playerDetailView.php?key=e1%20theodore%20culliford
Carys Davies,E1,NA,850,NA,NA,e1 carys davies,https://www.welshchessunion.uk/Grading/xarchive/JanJune2023/playerDetailView.php?key=e1%20carys%20davies
Henry Eagleton,N1,NA,850,NA,NA,n1 henry eagleton,https://www.welshchessunion.uk/Grading/xarchive/JanJune2023/playerDetailView.php?key=n1%20henry%20eagleton
Stefan Eckardt,W1,NA,850,NA,NA,w1 stefan eckardt,https://www.welshchessunion.uk/Grading/xarchive/JanJune2023/playerDetailView.php?key=w1%20stefan%20eckardt
Joe Elliott,E1,NA,850,NA,NA,e1 joe elliott,https://www.welshchessunion.uk/Grading/xarchive/JanJune2023/playerDetailView.php?key=e1%20joe%20elliott
Artur Esteves,E1,NA,850,NA,2023-01-16,e1 artur esteves,https://www.welshchessunion.uk/Grading/xarchive/JanJune2023/playerDetailView.php?key=e1%20artur%20esteves
Reuben Ford,E1,NA,850,NA,NA,e1 reuben ford,https://www.welshchessunion.uk/Grading/xarchive/JanJune2023/playerDetailView.php?key=e1%20reuben%20ford
Valerie Forgeard,E1,NA,850,NA,NA,e1 valerie forgeard,https://www.welshchessunion.uk/Grading/xarchive/JanJune2023/playerDetailView.php?key=e1%20valerie%20forgeard
Tomos Francis,E1,NA,850,NA,2023-03-26,e1 tomos francis,https://www.welshchessunion.uk/Grading/xarchive/JanJune2023/playerDetailView.php?key=e1%20tomos%20francis
William Francis,E1,NA,850,NA,2023-03-26,e1 william francis,https://www.welshchessunion.uk/Grading/xarchive/JanJune2023/playerDetailView.php?key=e1%20william%20francis
Harri Gillen,E1,NA,850,NA,NA,e1 harri gillen,https://www.welshchessunion.uk/Grading/xarchive/JanJune2023/playerDetailView.php?key=e1%20harri%20gillen
Lee Gillen,E1,NA,850,NA,NA,e1 lee gillen,https://www.welshchessunion.uk/Grading/xarchive/JanJune2023/playerDetailView.php?key=e1%20lee%20gillen
Harri Hampson,E1,NA,850,NA,2023-01-24,e1 harri hampson,https://www.welshchessunion.uk/Grading/xarchive/JanJune2023/playerDetailView.php?key=e1%20harri%20hampson
Darren Hanbury-Jones,E1,NA,850,NA,2023-05-15,e1 darren hanbury-jones,https://www.welshchessunion.uk/Grading/xarchive/JanJune2023/playerDetailView.php?key=e1%20darren%20hanbury-jones
Toby Hanbury-Jones,E1,NA,850,NA,2023-05-15,e1 toby hanbury-jones,https://www.welshchessunion.uk/Grading/xarchive/JanJune2023/playerDetailView.php?key=e1%20toby%20hanbury-jones
Reuben Hilliar,E1,NA,850,NA,2023-03-01,e1 reuben hilliar,https://www.welshchessunion.uk/Grading/xarchive/JanJune2023/playerDetailView.php?key=e1%20reuben%20hilliar
Milo Jackson,E1,NA,850,NA,2023-03-26,e1 milo jackson,https://www.welshchessunion.uk/Grading/xarchive/JanJune2023/playerDetailView.php?key=e1%20milo%20jackson
Thomas Jackson,E1,NA,850,NA,2023-06-27,e1 thomas jackson,https://www.welshchessunion.uk/Grading/xarchive/JanJune2023/playerDetailView.php?key=e1%20thomas%20jackson
Emma James,E1,NA,850,NA,NA,e1 emma james,https://www.welshchessunion.uk/Grading/xarchive/JanJune2023/playerDetailView.php?key=e1%20emma%20james
Ethan Jenkins,E1,NA,850,NA,NA,e1 ethan jenkins,https://www.welshchessunion.uk/Grading/xarchive/JanJune2023/playerDetailView.php?key=e1%20ethan%20jenkins
Ellis Jones,E1,NA,850,NA,2023-06-27,e1 ellis jones,https://www.welshchessunion.uk/Grading/xarchive/JanJune2023/playerDetailView.php?key=e1%20ellis%20jones
Steffan Jones,E1,NA,850,NA,2023-06-06,e1 steffan jones,https://www.welshchessunion.uk/Grading/xarchive/JanJune2023/playerDetailView.php?key=e1%20steffan%20jones
Krithik Kalingaraj,E1,NA,850,NA,2023-03-26,e1 krithik kalingaraj,https://www.welshchessunion.uk/Grading/xarchive/JanJune2023/playerDetailView.php?key=e1%20krithik%20kalingaraj
Isaac Kennedy,E1,NA,850,NA,2023-06-27,e1 isaac kennedy,https://www.welshchessunion.uk/Grading/xarchive/JanJune2023/playerDetailView.php?key=e1%20isaac%20kennedy
Matilda Kennedy,E1,NA,850,NA,2023-06-27,e1 matilda kennedy,https://www.welshchessunion.uk/Grading/xarchive/JanJune2023/playerDetailView.php?key=e1%20matilda%20kennedy
Eron Latif,E1,NA,850,NA,2023-03-05,e1 eron latif,https://www.welshchessunion.uk/Grading/xarchive/JanJune2023/playerDetailView.php?key=e1%20eron%20latif
Harri Llwyd Dafydd,E1,NA,850,NA,2023-03-26,e1 harri llwyd dafydd,https://www.welshchessunion.uk/Grading/xarchive/JanJune2023/playerDetailView.php?key=e1%20harri%20llwyd%20dafydd
Alex Logan,E1,NA,850,NA,NA,e1 alex logan,https://www.welshchessunion.uk/Grading/xarchive/JanJune2023/playerDetailView.php?key=e1%20alex%20logan
Jui Lutchman Singh,E1,NA,850,NA,NA,e1 jui lutchman singh,https://www.welshchessunion.uk/Grading/xarchive/JanJune2023/playerDetailView.php?key=e1%20jui%20lutchman%20singh
Raga Sreya Mandadapu,E1,NA,850,NA,2023-06-27,e1 raga sreya mandadapu,https://www.welshchessunion.uk/Grading/xarchive/JanJune2023/playerDetailView.php?key=e1%20raga%20sreya%20mandadapu
Tom Painter,E1,NA,850,NA,NA,e1 tom painter,https://www.welshchessunion.uk/Grading/xarchive/JanJune2023/playerDetailView.php?key=e1%20tom%20painter
Aaryan Pandit,E1,NA,850,NA,NA,e1 aaryan pandit,https://www.welshchessunion.uk/Grading/xarchive/JanJune2023/playerDetailView.php?key=e1%20aaryan%20pandit
Dev Pandit,E1,NA,850,NA,2023-06-27,e1 dev pandit,https://www.welshchessunion.uk/Grading/xarchive/JanJune2023/playerDetailView.php?key=e1%20dev%20pandit
Miles Peckham,G1,NA,850,NA,NA,g1 miles peckham,https://www.welshchessunion.uk/Grading/xarchive/JanJune2023/playerDetailView.php?key=g1%20miles%20peckham
Constantine Popov,E1,NA,850,NA,2023-06-27,e1 constantine popov,https://www.welshchessunion.uk/Grading/xarchive/JanJune2023/playerDetailView.php?key=e1%20constantine%20popov
Eluned Rathbone-Jones,N1,NA,850,NA,NA,n1 eluned rathbone-jones,https://www.welshchessunion.uk/Grading/xarchive/JanJune2023/playerDetailView.php?key=n1%20eluned%20rathbone-jones
Jamie Reckless,E1,NA,850,NA,2023-06-20,e1 jamie reckless,https://www.welshchessunion.uk/Grading/xarchive/JanJune2023/playerDetailView.php?key=e1%20jamie%20reckless
Toby Reckless,E1,NA,850,NA,2023-06-27,e1 toby reckless,https://www.welshchessunion.uk/Grading/xarchive/JanJune2023/playerDetailView.php?key=e1%20toby%20reckless
Safwan Alam Ricky,E1,NA,850,NA,2023-03-05,e1 safwan alam ricky,https://www.welshchessunion.uk/Grading/xarchive/JanJune2023/playerDetailView.php?key=e1%20safwan%20alam%20ricky
Jasper Rigg,E1,NA,850,NA,2023-05-15,e1 jasper rigg,https://www.welshchessunion.uk/Grading/xarchive/JanJune2023/playerDetailView.php?key=e1%20jasper%20rigg
Steve Rigg,E1,NA,850,NA,2023-05-15,e1 steve rigg,https://www.welshchessunion.uk/Grading/xarchive/JanJune2023/playerDetailView.php?key=e1%20steve%20rigg
Joseff Roberts,E1,NA,850,NA,2023-03-28,e1 joseff roberts,https://www.welshchessunion.uk/Grading/xarchive/JanJune2023/playerDetailView.php?key=e1%20joseff%20roberts
Les Roberts,N1,NA,850,NA,NA,n1 les roberts,https://www.welshchessunion.uk/Grading/xarchive/JanJune2023/playerDetailView.php?key=n1%20les%20roberts
Mariusz Rogesz,E1,NA,850,NA,2023-06-27,e1 mariusz rogesz,https://www.welshchessunion.uk/Grading/xarchive/JanJune2023/playerDetailView.php?key=e1%20mariusz%20rogesz
Yavor Rogesz,E1,NA,850,NA,2023-06-27,e1 yavor rogesz,https://www.welshchessunion.uk/Grading/xarchive/JanJune2023/playerDetailView.php?key=e1%20yavor%20rogesz
Advik Samiaiya,W1,NA,850,NA,2023-03-03,w1 advik samiaiya,https://www.welshchessunion.uk/Grading/xarchive/JanJune2023/playerDetailView.php?key=w1%20advik%20samiaiya
Adam Sarwar,E1,NA,850,NA,2023-06-20,e1 adam sarwar,https://www.welshchessunion.uk/Grading/xarchive/JanJune2023/playerDetailView.php?key=e1%20adam%20sarwar
Eleonora Scavone,E1,NA,850,NA,NA,e1 eleonora scavone,https://www.welshchessunion.uk/Grading/xarchive/JanJune2023/playerDetailView.php?key=e1%20eleonora%20scavone
Remy Segrott,E1,NA,850,NA,NA,e1 remy segrott,https://www.welshchessunion.uk/Grading/xarchive/JanJune2023/playerDetailView.php?key=e1%20remy%20segrott
Pranesh Silvam,E1,NA,850,NA,NA,e1 pranesh silvam,https://www.welshchessunion.uk/Grading/xarchive/JanJune2023/playerDetailView.php?key=e1%20pranesh%20silvam
Harshini Veda Somashekar,E1,NA,850,NA,2023-03-26,e1 harshini veda somashekar,https://www.welshchessunion.uk/Grading/xarchive/JanJune2023/playerDetailView.php?key=e1%20harshini%20veda%20somashekar
Luke Taylor,E1,NA,850,NA,NA,e1 luke taylor,https://www.welshchessunion.uk/Grading/xarchive/JanJune2023/playerDetailView.php?key=e1%20luke%20taylor
Pranay Vallabhaneni,E1,NA,850,NA,NA,e1 pranay vallabhaneni,https://www.welshchessunion.uk/Grading/xarchive/JanJune2023/playerDetailView.php?key=e1%20pranay%20vallabhaneni
Dylan Whittaker,E1,NA,850,NA,2023-03-26,e1 dylan whittaker,https://www.welshchessunion.uk/Grading/xarchive/JanJune2023/playerDetailView.php?key=e1%20dylan%20whittaker
Harry Wood,N1,NA,850,NA,NA,n1 harry wood,https://www.welshchessunion.uk/Grading/xarchive/JanJune2023/playerDetailView.php?key=n1%20harry%20wood
Sophie Wood,E1,NA,850,NA,2023-05-15,e1 sophie wood,https://www.welshchessunion.uk/Grading/xarchive/JanJune2023/playerDetailView.php?key=e1%20sophie%20wood
Lucas Zheng,E1,NA,850,NA,2023-06-27,e1 lucas zheng,https://www.welshchessunion.uk/Grading/xarchive/JanJune2023/playerDetailView.php?key=e1%20lucas%20zheng
Andrei Zhuravlev,E1,NA,850,NA,2023-06-27,e1 andrei zhuravlev,https://www.welshchessunion.uk/Grading/xarchive/JanJune2023/playerDetailView.php?key=e1%20andrei%20zhuravlev
