name,zone,club,grade,title,last_played,player_key,profile_url
Ian Abraham,E1,NA,1562,NA,2023-11-20,e1 ian abraham,https://www.welshchessunion.uk/Grading/xarchive/JulyDec2023/playerDetailView.php?key=e1%20ian%20abraham
Ishtiaq Ali,E1,NA,1623,NA,NA,e1 ishtiaq ali,https://www.welshchessunion.uk/Grading/xarchive/JulyDec2023/playerDetailView.php?key=e1%20ishtiaq%20ali
Edwin Allen,E1,NA,1381,NA,NA,e1 edwin allen,https://www.welshchessunion.uk/Grading/xarchive/JulyDec2023/playerDetailView.php?key=e1%20edwin%20allen
Govind Anandkumar,E1,NA,1372,NA,2023-12-09,e1 govind anandkumar,https://www.welshchessunion.uk/Grading/xarchive/JulyDec2023/playerDetailView.php?key=e1%20govind%20anandkumar
Con Ariti,E1,NA,1564,NA,NA,e1 con ariti,https://www.welshchessunion.uk/Grading/xarchive/JulyDec2023/playerDetailView.php?key=e1%20con%20ariti
Michael Arribas-Ayllon,E1,NA,1624,NA,2023-12-13,e1 michael arribas-ayllon,https://www.welshchessunion.uk/Grading/xarchive/JulyDec2023/playerDetailView.php?key=e1%20michael%20arribas-ayllon
Xavier Austin,E1,NA,1496,NA,2023-12-06,e1 xavier austin,https://www.welshchessunion.uk/Grading/xarchive/JulyDec2023/playerDetailView.php?key=e1%20xavier%20austin
Khushi Bagga,E1,NA,1322,NA,2023-08-20,e1 khushi bagga,https://www.welshchessunion.uk/Grading/xarchive/JulyDec2023/playerDetailView.php?key=e1%20khushi%20bagga
Oliver Baines,E1,NA,850,NA,2023-09-12,e1 oliver baines,https://www.welshchessunion.uk/Grading/xarchive/JulyDec2023/playerDetailView.php?key=e1%20oliver%20baines
Anthony Baker,E1,NA,1464,NA,2023-10-17,e1 anthony baker,https://www.welshchessunion.uk/Grading/xarchive/JulyDec2023/playerDetailView.php?key=e1%20anthony%20baker
Andy Basford,E1,NA,1533,NA,2023-12-14,e1 andy basford,https://www.welshchessunion.uk/Grading/xarchive/JulyDec2023/playerDetailView.php?key=e1%20andy%20basford
Marcus Bedwell,E1,NA,871,NA,2023-11-05,e1 marcus bedwell,https://www.welshchessunion.uk/Grading/xarchive/JulyDec2023/playerDetailView.php?key=e1%20marcus%20bedwell
Adam Bees,E1,NA,1147,NA,NA,e1 adam bees,https://www.welshchessunion.uk/Grading/xarchive/JulyDec2023/playerDetailView.php?key=e1%20adam%20bees
David Belochkin,E1,NA,1250,NA,2023-11-26,e1 david belochkin,https://www.welshchessunion.uk/Grading/xarchive/JulyDec2023/playerDetailView.php?key=e1%20david%20belochkin
Tom Bennett,E1,NA,1657,NA,NA,e1 tom bennett,https://www.welshchessunion.uk/Grading/xarchive/JulyDec2023/playerDetailView.php?key=e1%20tom%20bennett
Tyler Bennett,E1,NA,850,NA,NA,e1 tyler bennett,https://www.welshchessunion.uk/Grading/xarchive/JulyDec2023/playerDetailView.php?key=e1%20tyler%20bennett
Ben Bickford,E1,NA,1499,NA,2023-12-11,e1 ben bickford,https://www.welshchessunion.uk/Grading/xarchive/JulyDec2023/playerDetailView.php?key=e1%20ben%20bickford
Mohamed Binesmael,E1,NA,1661,NA,NA,e1 mohamed binesmael,https://www.welshchessunion.uk/Grading/xarchive/JulyDec2023/playerDetailView.php?key=e1%20mohamed%20binesmael
Michael Binks,E1,NA,2140,NA,2023-11-12,e1 michael binks,https://www.welshchessunion.uk/Grading/xarchive/JulyDec2023/playerDetailView.php?key=e1%20michael%20binks
Martin Blackman-Siegler,E1,NA,1050,NA,2023-12-18,e1 martin blackman-siegler,https://www.welshchessunion.uk/Grading/xarchive/JulyDec2023/playerDetailView.php?key=e1%20martin%20blackman-siegler
Simon Blackmore,E1,NA,1633,NA,2023-12-14,e1 simon blackmore,https://www.welshchessunion.uk/Grading/xarchive/JulyDec2023/playerDetailView.php?key=e1%20simon%20blackmore
Warren Boucher,E1,NA,856,NA,NA,e1 warren boucher,https://www.welshchessunion.uk/Grading/xarchive/JulyDec2023/playerDetailView.php?key=e1%20warren%20boucher
Tim Bowers,E1,NA,900,NA,2023-10-09,e1 tim bowers,https://www.welshchessunion.uk/Grading/xarchive/JulyDec2023/playerDetailView.php?key=e1%20tim%20bowers
Paul Bridges,E1,NA,1703,NA,2023-11-20,e1 paul bridges,https://www.welshchessunion.uk/Grading/xarchive/JulyDec2023/playerDetailView.php?key=e1%20paul%20bridges
Tom Brown,E1,NA,2149,NA,2023-12-14,e1 tom brown,https://www.welshchessunion.uk/Grading/xarchive/JulyDec2023/playerDetailView.php?key=e1%20tom%20brown
Joseph Browse,E1,NA,1738,NA,2023-12-10,e1 joseph browse,https://www.welshchessunion.uk/Grading/xarchive/JulyDec2023/playerDetailView.php?key=e1%20joseph%20browse
Tomos Bryant,E1,NA,850,NA,2023-10-24,e1 tomos bryant,https://www.welshchessunion.uk/Grading/xarchive/JulyDec2023/playerDetailView.php?key=e1%20tomos%20bryant
Alex Bullen,E1,NA,2245,CM,2023-12-13,e1 alex bullen,https://www.welshchessunion.uk/Grading/xarchive/JulyDec2023/playerDetailView.php?key=e1%20alex%20bullen
Matthew Burge,E1,NA,1420,NA,NA,e1 matthew burge,https://www.welshchessunion.uk/Grading/xarchive/JulyDec2023/playerDetailView.php?key=e1%20matthew%20burge
John Callan,E1,NA,1237,NA,2023-09-18,e1 john callan,https://www.welshchessunion.uk/Grading/xarchive/JulyDec2023/playerDetailView.php?key=e1%20john%20callan
Jose Camacho Collados,E1,NA,2465,IM,2023-11-12,e1 jose camacho collados,https://www.welshchessunion.uk/Grading/xarchive/JulyDec2023/playerDetailView.php?key=e1%20jose%20camacho%20collados
Bertie Carvey,E1,NA,937,NA,2023-12-14,e1 bertie carvey,https://www.welshchessunion.uk/Grading/xarchive/JulyDec2023/playerDetailView.php?key=e1%20bertie%20carvey
Easton Chan,E1,NA,1595,NA,NA,e1 easton chan,https://www.welshchessunion.uk/Grading/xarchive/JulyDec2023/playerDetailView.php?key=e1%20easton%20chan
Alex Chavez,E1,NA,1198,NA,NA,e1 alex chavez,https://www.welshchessunion.uk/Grading/xarchive/JulyDec2023/playerDetailView.php?key=e1%20alex%20chavez
Ryan Cheung,E1,NA,1818,NA,NA,e1 ryan cheung,https://www.welshchessunion.uk/Grading/xarchive/JulyDec2023/playerDetailView.php?key=e1%20ryan%20cheung
Andrew Chochola,E1,NA,850,NA,NA,e1 andrew chochola,https://www.welshchessunion.uk/Grading/xarchive/JulyDec2023/playerDetailView.php?key=e1%20andrew%20chochola
Kimberly Chong,E1,NA,1650,NA,NA,e1 kimberly chong,https://www.welshchessunion.uk/Grading/xarchive/JulyDec2023/playerDetailView.php?key=e1%20kimberly%20chong
Benjamin Choo Yin,E1,NA,1947,NA,NA,e1 benjamin choo yin,https://www.welshchessunion.uk/Grading/xarchive/JulyDec2023/playerDetailView.php?key=e1%20benjamin%20choo%20yin
Kam Choo Yin,E1,NA,1638,NA,2023-12-04,e1 kam choo yin,https://www.welshchessunion.uk/Grading/xarchive/JulyDec2023/playerDetailView.php?key=e1%20kam%20choo%20yin
Amir Chornomorchenko,E1,NA,850,NA,NA,e1 amir chornomorchenko,https://www.welshchessunion.uk/Grading/xarchive/JulyDec2023/playerDetailView.php?key=e1%20amir%20chornomorchenko
Adam Christopher,E1,NA,1290,NA,2023-11-27,e1 adam christopher,https://www.welshchessunion.uk/Grading/xarchive/JulyDec2023/playerDetailView.php?key=e1%20adam%20christopher
Ethan Chung,E1,NA,1677,NA,2023-12-09,e1 ethan chung,https://www.welshchessunion.uk/Grading/xarchive/JulyDec2023/playerDetailView.php?key=e1%20ethan%20chung
Edd Chwieseni,E1,NA,1593,NA,2023-10-23,e1 edd chwieseni,https://www.welshchessunion.uk/Grading/xarchive/JulyDec2023/playerDetailView.php?key=e1%20edd%20chwieseni
Patrick Civil,E1,NA,1033,NA,2023-12-11,e1 patrick civil,https://www.welshchessunion.uk/Grading/xarchive/JulyDec2023/playerDetailView.php?key=e1%20patrick%20civil
Geoff Clarke,E1,NA,1280,NA,2023-11-28,e1 geoff clarke,https://www.welshchessunion.uk/Grading/xarchive/JulyDec2023/playerDetailView.php?key=e1%20geoff%20clarke
Jack Clemo,E1,NA,850,NA,NA,e1 jack clemo,https://www.welshchessunion.uk/Grading/xarchive/JulyDec2023/playerDetailView.php?key=e1%20jack%20clemo
Adam Colcombe,E1,NA,1070,NA,2023-07-18,e1 adam colcombe,https://www.welshchessunion.uk/Grading/xarchive/JulyDec2023/playerDetailView.php?key=e1%20adam%20colcombe
Tom Cooke,E1,NA,1650,NA,NA,e1 tom cooke,https://www.welshchessunion.uk/Grading/xarchive/JulyDec2023/playerDetailView.php?key=e1%20tom%20cooke
Mark Cooke,E1,NA,1656,NA,NA,e1 mark cooke,https://www.welshchessunion.uk/Grading/xarchive/JulyDec2023/playerDetailView.php?key=e1%20mark%20cooke
David Corney,E1,NA,884,NA,2023-12-04,e1 david corney,https://www.welshchessunion.uk/Grading/xarchive/JulyDec2023/playerDetailView.php?key=e1%20david%20corney
Clara Correa,E1,NA,850,NA,2023-07-18,e1 clara correa,https://www.welshchessunion.uk/Grading/xarchive/JulyDec2023/playerDetailView.php?key=e1%20clara%20correa
Max Correa,E1,NA,850,NA,NA,e1 max correa,https://www.welshchessunion.uk/Grading/xarchive/JulyDec2023/playerDetailView.php?key=e1%20max%20correa
Salvador Correa,E1,NA,850,NA,2023-07-18,e1 salvador correa,https://www.welshchessunion.uk/Grading/xarchive/JulyDec2023/playerDetailView.php?key=e1%20salvador%20correa
John Cox,E1,NA,1365,NA,2023-10-16,e1 john cox,https://www.welshchessunion.uk/Grading/xarchive/JulyDec2023/playerDetailView.php?key=e1%20john%20cox
Mamix Cramer,E1,NA,850,NA,NA,e1 mamix cramer,https://www.welshchessunion.uk/Grading/xarchive/JulyDec2023/playerDetailView.php?key=e1%20mamix%20cramer
Clive Crowley,E1,NA,1493,NA,2023-10-30,e1 clive crowley,https://www.welshchessunion.uk/Grading/xarchive/JulyDec2023/playerDetailView.php?key=e1%20clive%20crowley
Theodore Culliford,E1,NA,850,NA,NA,e1 theodore culliford,https://www.welshchessunion.uk/Grading/xarchive/JulyDec2023/playerDetailView.php?key=e1%20theodore%20culliford
Oliver Cumiskey,E1,NA,1192,NA,2023-12-09,e1 oliver cumiskey,https://www.welshchessunion.uk/Grading/xarchive/JulyDec2023/playerDetailView.php?key=e1%20oliver%20cumiskey
Steve Cunliffe,E1,NA,1907,NA,2023-11-20,e1 steve cunliffe,https://www.welshchessunion.uk/Grading/xarchive/JulyDec2023/playerDetailView.php?key=e1%20steve%20cunliffe
Peter Davies,E1,NA,1971,NA,2023-11-26,e1 peter davies,https://www.welshchessunion.uk/Grading/xarchive/JulyDec2023/playerDetailView.php?key=e1%20peter%20davies
Matthew Davies,E1,NA,1935,NA,2023-12-06,e1 matthew davies,https://www.welshchessunion.uk/Grading/xarchive/JulyDec2023/playerDetailView.php?key=e1%20matthew%20davies
Tom Davies,E1,NA,1664,NA,2023-08-20,e1 tom davies,https://www.welshchessunion.uk/Grading/xarchive/JulyDec2023/playerDetailView.php?key=e1%20tom%20davies
Milo Davies,E1,NA,1410,NA,2023-09-05,e1 milo davies,https://www.welshchessunion.uk/Grading/xarchive/JulyDec2023/playerDetailView.php?key=e1%20milo%20davies
Jonathan W Davies,E1,NA,1201,NA,NA,e1 jonathan w davies,https://www.welshchessunion.uk/Grading/xarchive/JulyDec2023/playerDetailView.php?key=e1%20jonathan%20w%20davies
Bill Davies,E1,NA,1115,NA,2023-11-09,e1 bill davies,https://www.welshchessunion.uk/Grading/xarchive/JulyDec2023/playerDetailView.php?key=e1%20bill%20davies
Rhys Davies,E1,NA,1000,NA,2023-12-14,e1 rhys davies,https://www.welshchessunion.uk/Grading/xarchive/JulyDec2023/playerDetailView.php?key=e1%20rhys%20davies
Louise Davies,E1,NA,882,NA,2023-12-14,e1 louise davies,https://www.welshchessunion.uk/Grading/xarchive/JulyDec2023/playerDetailView.php?key=e1%20louise%20davies
Jaime Davies,E1,NA,906,NA,NA,e1 jaime davies,https://www.welshchessunion.uk/Grading/xarchive/JulyDec2023/playerDetailView.php?key=e1%20jaime%20davies
Ioan Davies,E1,NA,896,NA,2023-11-05,e1 ioan davies,https://www.welshchessunion.uk/Grading/xarchive/JulyDec2023/playerDetailView.php?key=e1%20ioan%20davies
Callum Davies,E1,NA,1885,NA,2023-12-10,e1 callum davies,https://www.welshchessunion.uk/Grading/xarchive/JulyDec2023/playerDetailView.php?key=e1%20callum%20davies
Lee Davis,E1,NA,1928,NA,2023-12-15,e1 lee davis,https://www.welshchessunion.uk/Grading/xarchive/JulyDec2023/playerDetailView.php?key=e1%20lee%20davis
Ashley Davis,E1,NA,2008,NA,2023-09-10,e1 ashley davis,https://www.welshchessunion.uk/Grading/xarchive/JulyDec2023/playerDetailView.php?key=e1%20ashley%20davis
Andrew Di-Vetta,E1,NA,1783,NA,2023-12-12,e1 andrew di-vetta,https://www.welshchessunion.uk/Grading/xarchive/JulyDec2023/playerDetailView.php?key=e1%20andrew%20di-vetta
Russell Dodington,E1,NA,1678,NA,2023-11-20,e1 russell dodington,https://www.welshchessunion.uk/Grading/xarchive/JulyDec2023/playerDetailView.php?key=e1%20russell%20dodington
Edward Donovan,E1,NA,1895,NA,2023-12-13,e1 edward donovan,https://www.welshchessunion.uk/Grading/xarchive/JulyDec2023/playerDetailView.php?key=e1%20edward%20donovan
Brendan Donovan,E1,NA,900,NA,2023-12-18,e1 brendan donovan,https://www.welshchessunion.uk/Grading/xarchive/JulyDec2023/playerDetailView.php?key=e1%20brendan%20donovan
Alex Drysdale,E1,NA,1083,NA,NA,e1 alex drysdale,https://www.welshchessunion.uk/Grading/xarchive/JulyDec2023/playerDetailView.php?key=e1%20alex%20drysdale
Owain Dutfield,E1,NA,1408,NA,NA,e1 owain dutfield,https://www.welshchessunion.uk/Grading/xarchive/JulyDec2023/playerDetailView.php?key=e1%20owain%20dutfield
Jonathan Edwards,E1,NA,1111,NA,NA,e1 jonathan edwards,https://www.welshchessunion.uk/Grading/xarchive/JulyDec2023/playerDetailView.php?key=e1%20jonathan%20edwards
Dan Edwards,E1,NA,1600,NA,2023-12-06,e1 dan edwards,https://www.welshchessunion.uk/Grading/xarchive/JulyDec2023/playerDetailView.php?key=e1%20dan%20edwards
Duncan Elliott,E1,NA,1153,NA,NA,e1 duncan elliott,https://www.welshchessunion.uk/Grading/xarchive/JulyDec2023/playerDetailView.php?key=e1%20duncan%20elliott
Stuart Enoch,E1,NA,1337,NA,2023-12-18,e1 stuart enoch,https://www.welshchessunion.uk/Grading/xarchive/JulyDec2023/playerDetailView.php?key=e1%20stuart%20enoch
Kristan Enoch,E1,NA,1454,NA,2023-12-18,e1 kristan enoch,https://www.welshchessunion.uk/Grading/xarchive/JulyDec2023/playerDetailView.php?key=e1%20kristan%20enoch
Sergio Esteves,E1,NA,1394,NA,2023-12-18,e1 sergio esteves,https://www.welshchessunion.uk/Grading/xarchive/JulyDec2023/playerDetailView.php?key=e1%20sergio%20esteves
Artur Esteves,E1,NA,850,NA,2023-11-16,e1 artur esteves,https://www.welshchessunion.uk/Grading/xarchive/JulyDec2023/playerDetailView.php?key=e1%20artur%20esteves
Gwawr Evans,E1,NA,874,NA,2023-12-11,e1 gwawr evans,https://www.welshchessunion.uk/Grading/xarchive/JulyDec2023/playerDetailView.php?key=e1%20gwawr%20evans
Gareth Evans,E1,NA,854,NA,NA,e1 gareth evans,https://www.welshchessunion.uk/Grading/xarchive/JulyDec2023/playerDetailView.php?key=e1%20gareth%20evans
Harry Farley,E1,NA,1396,NA,NA,e1 harry farley,https://www.welshchessunion.uk/Grading/xarchive/JulyDec2023/playerDetailView.php?key=e1%20harry%20farley
Joe Fathallah,E1,NA,2080,NA,2023-12-13,e1 joe fathallah,https://www.welshchessunion.uk/Grading/xarchive/JulyDec2023/playerDetailView.php?key=e1%20joe%20fathallah
Blake Fisher,E1,NA,1448,NA,NA,e1 blake fisher,https://www.welshchessunion.uk/Grading/xarchive/JulyDec2023/playerDetailView.php?key=e1%20blake%20fisher
John Fletcher,E1,NA,2057,NA,2023-11-19,e1 john fletcher,https://www.welshchessunion.uk/Grading/xarchive/JulyDec2023/playerDetailView.php?key=e1%20john%20fletcher
Morgan Foulkes,E1,NA,1196,NA,2023-11-03,e1 morgan foulkes,https://www.welshchessunion.uk/Grading/xarchive/JulyDec2023/playerDetailView.php?key=e1%20morgan%20foulkes
Chris Fox,E1,NA,1577,NA,2023-12-10,e1 chris fox,https://www.welshchessunion.uk/Grading/xarchive/JulyDec2023/playerDetailView.php?key=e1%20chris%20fox
Rob Frame,E1,NA,1138,NA,2023-11-14,e1 rob frame,https://www.welshchessunion.uk/Grading/xarchive/JulyDec2023/playerDetailView.php?key=e1%20rob%20frame
Tomos Francis,E1,NA,850,NA,NA,e1 tomos francis,https://www.welshchessunion.uk/Grading/xarchive/JulyDec2023/playerDetailView.php?key=e1%20tomos%20francis
Susanna Fraser,E1,NA,1828,NA,NA,e1 susanna fraser,https://www.welshchessunion.uk/Grading/xarchive/JulyDec2023/playerDetailView.php?key=e1%20susanna%20fraser
Alex Freeland,E1,NA,2074,NA,2023-12-21,e1 alex freeland,https://www.welshchessunion.uk/Grading/xarchive/JulyDec2023/playerDetailView.php?key=e1%20alex%20freeland
Mike Gale,E1,NA,1617,NA,2023-12-11,e1 mike gale,https://www.welshchessunion.uk/Grading/xarchive/JulyDec2023/playerDetailView.php?key=e1%20mike%20gale
Zhouyi Gao,E1,NA,850,NA,2023-11-09,e1 zhouyi gao,https://www.welshchessunion.uk/Grading/xarchive/JulyDec2023/playerDetailView.php?key=e1%20zhouyi%20gao
Richard Gardner,E1,NA,850,NA,2023-09-25,e1 richard gardner,https://www.welshchessunion.uk/Grading/xarchive/JulyDec2023/playerDetailView.php?key=e1%20richard%20gardner
Lee Gillen,E1,NA,850,NA,2023-07-18,e1 lee gillen,https://www.welshchessunion.uk/Grading/xarchive/JulyDec2023/playerDetailView.php?key=e1%20lee%20gillen
Harri Gillen,E1,NA,850,NA,2023-07-18,e1 harri gillen,https://www.welshchessunion.uk/Grading/xarchive/JulyDec2023/playerDetailView.php?key=e1%20harri%20gillen
Chris Golding,E1,NA,1522,NA,NA,e1 chris golding,https://www.welshchessunion.uk/Grading/xarchive/JulyDec2023/playerDetailView.php?key=e1%20chris%20golding
Jarred Gore,E1,NA,1304,NA,NA,e1 jarred gore,https://www.welshchessunion.uk/Grading/xarchive/JulyDec2023/playerDetailView.php?key=e1%20jarred%20gore
Piotr Graczyk,E1,NA,1565,NA,2023-12-18,e1 piotr graczyk,https://www.welshchessunion.uk/Grading/xarchive/JulyDec2023/playerDetailView.php?key=e1%20piotr%20graczyk
Barbara Graczyk-Gibiec,E1,NA,1932,NA,NA,e1 barbara graczyk-gibiec,https://www.welshchessunion.uk/Grading/xarchive/JulyDec2023/playerDetailView.php?key=e1%20barbara%20graczyk-gibiec
David Grant,E1,NA,1000,NA,2023-12-13,e1 david grant,https://www.welshchessunion.uk/Grading/xarchive/JulyDec2023/playerDetailView.php?key=e1%20david%20grant
Cian Grattidge,E1,NA,993,NA,NA,e1 cian grattidge,https://www.welshchessunion.uk/Grading/xarchive/JulyDec2023/playerDetailView.php?key=e1%20cian%20grattidge
Chris Green,E1,NA,1495,NA,2023-11-06,e1 chris green,https://www.welshchessunion.uk/Grading/xarchive/JulyDec2023/playerDetailView.php?key=e1%20chris%20green
Nadi Grewal,E1,NA,1178,NA,2023-12-11,e1 nadi grewal,https://www.welshchessunion.uk/Grading/xarchive/JulyDec2023/playerDetailView.php?key=e1%20nadi%20grewal
Ashton Grey,E1,NA,978,NA,2023-11-27,e1 ashton grey,https://www.welshchessunion.uk/Grading/xarchive/JulyDec2023/playerDetailView.php?key=e1%20ashton%20grey
Owain Groves,E1,NA,1250,NA,2023-10-17,e1 owain groves,https://www.welshchessunion.uk/Grading/xarchive/JulyDec2023/playerDetailView.php?key=e1%20owain%20groves
Harri Hampson,E1,NA,850,NA,NA,e1 harri hampson,https://www.welshchessunion.uk/Grading/xarchive/JulyDec2023/playerDetailView.php?key=e1%20harri%20hampson
Toby Hanbury-Jones,E1,NA,850,NA,NA,e1 toby hanbury-jones,https://www.welshchessunion.uk/Grading/xarchive/JulyDec2023/playerDetailView.php?key=e1%20toby%20hanbury-jones
Darren Hanbury-Jones,E1,NA,850,NA,NA,e1 darren hanbury-jones,https://www.welshchessunion.uk/Grading/xarchive/JulyDec2023/playerDetailView.php?key=e1%20darren%20hanbury-jones
Csege Hanczar,E1,NA,1188,NA,2023-11-27,e1 csege hanczar,https://www.welshchessunion.uk/Grading/xarchive/JulyDec2023/playerDetailView.php?key=e1%20csege%20hanczar
Csombor Hanczar,E1,NA,1210,NA,2023-12-18,e1 csombor hanczar,https://www.welshchessunion.uk/Grading/xarchive/JulyDec2023/playerDetailView.php?key=e1%20csombor%20hanczar
Mabon Hanczar,E1,NA,936,NA,2023-12-18,e1 mabon hanczar,https://www.welshchessunion.uk/Grading/xarchive/JulyDec2023/playerDetailView.php?key=e1%20mabon%20hanczar
Gergely Hanczar,E1,NA,1125,NA,2023-12-18,e1 gergely hanczar,https://www.welshchessunion.uk/Grading/xarchive/JulyDec2023/playerDetailView.php?key=e1%20gergely%20hanczar
Ken Hannah,E1,NA,1605,NA,2023-12-11,e1 ken hannah,https://www.welshchessunion.uk/Grading/xarchive/JulyDec2023/playerDetailView.php?key=e1%20ken%20hannah
John Hannay,E1,NA,1514,NA,NA,e1 john hannay,https://www.welshchessunion.uk/Grading/xarchive/JulyDec2023/playerDetailView.php?key=e1%20john%20hannay
Jack Hannigan,E1,NA,1393,NA,2023-12-04,e1 jack hannigan,https://www.welshchessunion.uk/Grading/xarchive/JulyDec2023/playerDetailView.php?key=e1%20jack%20hannigan
Ben Hannigan,E1,NA,1234,NA,2023-12-04,e1 ben hannigan,https://www.welshchessunion.uk/Grading/xarchive/JulyDec2023/playerDetailView.php?key=e1%20ben%20hannigan
Gareth Harding,E1,NA,1658,NA,2023-11-27,e1 gareth harding,https://www.welshchessunion.uk/Grading/xarchive/JulyDec2023/playerDetailView.php?key=e1%20gareth%20harding
Bill Harle,E1,NA,1659,NA,2023-12-14,e1 bill harle,https://www.welshchessunion.uk/Grading/xarchive/JulyDec2023/playerDetailView.php?key=e1%20bill%20harle
Calum Harris,E1,NA,1882,NA,2023-10-22,e1 calum harris,https://www.welshchessunion.uk/Grading/xarchive/JulyDec2023/playerDetailView.php?key=e1%20calum%20harris
Will Harwood,E1,NA,1747,NA,2023-12-18,e1 will harwood,https://www.welshchessunion.uk/Grading/xarchive/JulyDec2023/playerDetailView.php?key=e1%20will%20harwood
Paul Hatchett,E1,NA,2030,NA,2023-12-20,e1 paul hatchett,https://www.welshchessunion.uk/Grading/xarchive/JulyDec2023/playerDetailView.php?key=e1%20paul%20hatchett
Gwyn Havard,E1,NA,1855,NA,2023-12-18,e1 gwyn havard,https://www.welshchessunion.uk/Grading/xarchive/JulyDec2023/playerDetailView.php?key=e1%20gwyn%20havard
Liam Hayles,E1,NA,900,NA,2023-12-18,e1 liam hayles,https://www.welshchessunion.uk/Grading/xarchive/JulyDec2023/playerDetailView.php?key=e1%20liam%20hayles
Lloyd Hayward,E1,NA,1390,NA,NA,e1 lloyd hayward,https://www.welshchessunion.uk/Grading/xarchive/JulyDec2023/playerDetailView.php?key=e1%20lloyd%20hayward
Pete Heaven,E1,NA,2097,NA,2023-12-14,e1 pete heaven,https://www.welshchessunion.uk/Grading/xarchive/JulyDec2023/playerDetailView.php?key=e1%20pete%20heaven
Albert Helbing,E1,NA,1342,NA,NA,e1 albert helbing,https://www.welshchessunion.uk/Grading/xarchive/JulyDec2023/playerDetailView.php?key=e1%20albert%20helbing
Kenul Herath,E1,NA,1000,NA,2023-12-09,e1 kenul herath,https://www.welshchessunion.uk/Grading/xarchive/JulyDec2023/playerDetailView.php?key=e1%20kenul%20herath
Reuben Hilliar,E1,NA,861,NA,2023-12-14,e1 reuben hilliar,https://www.welshchessunion.uk/Grading/xarchive/JulyDec2023/playerDetailView.php?key=e1%20reuben%20hilliar
Seb Hoccom,E1,NA,961,NA,2023-11-21,e1 seb hoccom,https://www.welshchessunion.uk/Grading/xarchive/JulyDec2023/playerDetailView.php?key=e1%20seb%20hoccom
Wayne Holland,E1,NA,1000,NA,2023-12-14,e1 wayne holland,https://www.welshchessunion.uk/Grading/xarchive/JulyDec2023/playerDetailView.php?key=e1%20wayne%20holland
Mike Hollyman,E1,NA,1746,NA,2023-11-27,e1 mike hollyman,https://www.welshchessunion.uk/Grading/xarchive/JulyDec2023/playerDetailView.php?key=e1%20mike%20hollyman
Chris Howells,E1,NA,1814,NA,NA,e1 chris howells,https://www.welshchessunion.uk/Grading/xarchive/JulyDec2023/playerDetailView.php?key=e1%20chris%20howells
S Wyn Howells,E1,NA,1588,NA,2023-11-12,e1 s wyn howells,https://www.welshchessunion.uk/Grading/xarchive/JulyDec2023/playerDetailView.php?key=e1%20s%20wyn%20howells
Roland Humphries,E1,NA,1246,NA,2023-10-26,e1 roland humphries,https://www.welshchessunion.uk/Grading/xarchive/JulyDec2023/playerDetailView.php?key=e1%20roland%20humphries
Bill Hunt,E1,NA,1766,NA,2023-11-16,e1 bill hunt,https://www.welshchessunion.uk/Grading/xarchive/JulyDec2023/playerDetailView.php?key=e1%20bill%20hunt
Cai Hurford,E1,NA,881,NA,NA,e1 cai hurford,https://www.welshchessunion.uk/Grading/xarchive/JulyDec2023/playerDetailView.php?key=e1%20cai%20hurford
Jake Hurley,E1,NA,1800,NA,2023-12-13,e1 jake hurley,https://www.welshchessunion.uk/Grading/xarchive/JulyDec2023/playerDetailView.php?key=e1%20jake%20hurley
Michael Hurley,E1,NA,1607,NA,2023-12-10,e1 michael hurley,https://www.welshchessunion.uk/Grading/xarchive/JulyDec2023/playerDetailView.php?key=e1%20michael%20hurley
Bob Hurn,E1,NA,1459,NA,2023-12-19,e1 bob hurn,https://www.welshchessunion.uk/Grading/xarchive/JulyDec2023/playerDetailView.php?key=e1%20bob%20hurn
Martin Ilett,E1,NA,1323,NA,2023-12-18,e1 martin ilett,https://www.welshchessunion.uk/Grading/xarchive/JulyDec2023/playerDetailView.php?key=e1%20martin%20ilett
Tomos Ilett,E1,NA,973,NA,2023-12-18,e1 tomos ilett,https://www.welshchessunion.uk/Grading/xarchive/JulyDec2023/playerDetailView.php?key=e1%20tomos%20ilett
Daniel Imrie,E1,NA,1083,NA,NA,e1 daniel imrie,https://www.welshchessunion.uk/Grading/xarchive/JulyDec2023/playerDetailView.php?key=e1%20daniel%20imrie
Daniel Jaberansari,E1,NA,1590,NA,NA,e1 daniel jaberansari,https://www.welshchessunion.uk/Grading/xarchive/JulyDec2023/playerDetailView.php?key=e1%20daniel%20jaberansari
Ben Jaberansari,E1,NA,1334,NA,NA,e1 ben jaberansari,https://www.welshchessunion.uk/Grading/xarchive/JulyDec2023/playerDetailView.php?key=e1%20ben%20jaberansari
Mehdi Jaberansari,E1,NA,866,NA,NA,e1 mehdi jaberansari,https://www.welshchessunion.uk/Grading/xarchive/JulyDec2023/playerDetailView.php?key=e1%20mehdi%20jaberansari
Milo Jackson,E1,NA,860,NA,NA,e1 milo jackson,https://www.welshchessunion.uk/Grading/xarchive/JulyDec2023/playerDetailView.php?key=e1%20milo%20jackson
Thomas Jackson,E1,NA,874,NA,2023-10-04,e1 thomas jackson,https://www.welshchessunion.uk/Grading/xarchive/JulyDec2023/playerDetailView.php?key=e1%20thomas%20jackson
Krzysztof Jakubiak,E1,NA,1599,NA,2023-12-14,e1 krzysztof jakubiak,https://www.welshchessunion.uk/Grading/xarchive/JulyDec2023/playerDetailView.php?key=e1%20krzysztof%20jakubiak
Jonathan James,E1,NA,1992,NA,2023-11-20,e1 jonathan james,https://www.welshchessunion.uk/Grading/xarchive/JulyDec2023/playerDetailView.php?key=e1%20jonathan%20james
Dai James,E1,NA,1858,NA,2023-11-06,e1 dai james,https://www.welshchessunion.uk/Grading/xarchive/JulyDec2023/playerDetailView.php?key=e1%20dai%20james
Emma James,E1,NA,850,NA,NA,e1 emma james,https://www.welshchessunion.uk/Grading/xarchive/JulyDec2023/playerDetailView.php?key=e1%20emma%20james
Louis Jamieson,E1,NA,1884,NA,NA,e1 louis jamieson,https://www.welshchessunion.uk/Grading/xarchive/JulyDec2023/playerDetailView.php?key=e1%20louis%20jamieson
Mark Janas,E1,NA,1712,NA,NA,e1 mark janas,https://www.welshchessunion.uk/Grading/xarchive/JulyDec2023/playerDetailView.php?key=e1%20mark%20janas
Leon Jansen van Rensburg,E1,NA,1649,NA,2023-12-18,e1 leon jansen van rensburg,https://www.welshchessunion.uk/Grading/xarchive/JulyDec2023/playerDetailView.php?key=e1%20leon%20jansen%20van%20rensburg
Andrew Jeanes,E1,NA,1556,NA,2023-12-12,e1 andrew jeanes,https://www.welshchessunion.uk/Grading/xarchive/JulyDec2023/playerDetailView.php?key=e1%20andrew%20jeanes
Julian Jeczalik,E1,NA,850,NA,2023-10-02,e1 julian jeczalik,https://www.welshchessunion.uk/Grading/xarchive/JulyDec2023/playerDetailView.php?key=e1%20julian%20jeczalik
Aidan Jelf,E1,NA,1470,NA,2023-09-08,e1 aidan jelf,https://www.welshchessunion.uk/Grading/xarchive/JulyDec2023/playerDetailView.php?key=e1%20aidan%20jelf
Ethan Jenkins,E1,NA,850,NA,2023-11-27,e1 ethan jenkins,https://www.welshchessunion.uk/Grading/xarchive/JulyDec2023/playerDetailView.php?key=e1%20ethan%20jenkins
Tom Jenney,E1,NA,850,NA,2023-11-20,e1 tom jenney,https://www.welshchessunion.uk/Grading/xarchive/JulyDec2023/playerDetailView.php?key=e1%20tom%20jenney
Derek Jones,E1,NA,2039,NA,2023-12-13,e1 derek jones,https://www.welshchessunion.uk/Grading/xarchive/JulyDec2023/playerDetailView.php?key=e1%20derek%20jones
Mark Jones,E1,NA,1676,NA,2023-12-12,e1 mark jones,https://www.welshchessunion.uk/Grading/xarchive/JulyDec2023/playerDetailView.php?key=e1%20mark%20jones
Gavin Jones,E1,NA,1602,NA,2023-12-12,e1 gavin jones,https://www.welshchessunion.uk/Grading/xarchive/JulyDec2023/playerDetailView.php?key=e1%20gavin%20jones
Martin K Jones,E1,NA,1476,NA,2023-12-18,e1 martin k jones,https://www.welshchessunion.uk/Grading/xarchive/JulyDec2023/playerDetailView.php?key=e1%20martin%20k%20jones
Jeremy Jones,E1,NA,1405,NA,2023-10-30,e1 jeremy jones,https://www.welshchessunion.uk/Grading/xarchive/JulyDec2023/playerDetailView.php?key=e1%20jeremy%20jones
Dwain Jones,E1,NA,1426,NA,2023-12-11,e1 dwain jones,https://www.welshchessunion.uk/Grading/xarchive/JulyDec2023/playerDetailView.php?key=e1%20dwain%20jones
Phil Jones,E1,NA,1258,NA,2023-10-17,e1 phil jones,https://www.welshchessunion.uk/Grading/xarchive/JulyDec2023/playerDetailView.php?key=e1%20phil%20jones
David Jones,E1,NA,1200,NA,2023-11-28,e1 david jones,https://www.welshchessunion.uk/Grading/xarchive/JulyDec2023/playerDetailView.php?key=e1%20david%20jones
Steve Jones,E1,NA,1500,NA,2023-12-18,e1 steve jones,https://www.welshchessunion.uk/Grading/xarchive/JulyDec2023/playerDetailView.php?key=e1%20steve%20jones
Steffan Jones,E1,NA,850,NA,NA,e1 steffan jones,https://www.welshchessunion.uk/Grading/xarchive/JulyDec2023/playerDetailView.php?key=e1%20steffan%20jones
Ellis Jones,E1,NA,884,NA,2023-12-09,e1 ellis jones,https://www.welshchessunion.uk/Grading/xarchive/JulyDec2023/playerDetailView.php?key=e1%20ellis%20jones
Mike Joslin,E1,NA,1351,NA,2023-12-18,e1 mike joslin,https://www.welshchessunion.uk/Grading/xarchive/JulyDec2023/playerDetailView.php?key=e1%20mike%20joslin
Sam Jukes,E1,NA,2034,NA,2023-12-14,e1 sam jukes,https://www.welshchessunion.uk/Grading/xarchive/JulyDec2023/playerDetailView.php?key=e1%20sam%20jukes
Krithik Kalingaraj,E1,NA,850,NA,NA,e1 krithik kalingaraj,https://www.welshchessunion.uk/Grading/xarchive/JulyDec2023/playerDetailView.php?key=e1%20krithik%20kalingaraj
Chris Kavanagh,E1,NA,1208,NA,2023-12-04,e1 chris kavanagh,https://www.welshchessunion.uk/Grading/xarchive/JulyDec2023/playerDetailView.php?key=e1%20chris%20kavanagh
Steve Keable,E1,NA,1300,NA,2023-10-23,e1 steve keable,https://www.welshchessunion.uk/Grading/xarchive/JulyDec2023/playerDetailView.php?key=e1%20steve%20keable
Ross Kelly,E1,NA,1720,NA,NA,e1 ross kelly,https://www.welshchessunion.uk/Grading/xarchive/JulyDec2023/playerDetailView.php?key=e1%20ross%20kelly
Alex Kennedy,E1,NA,1516,NA,2023-11-21,e1 alex kennedy,https://www.welshchessunion.uk/Grading/xarchive/JulyDec2023/playerDetailView.php?key=e1%20alex%20kennedy
Isaac Kennedy,E1,NA,870,NA,2023-12-09,e1 isaac kennedy,https://www.welshchessunion.uk/Grading/xarchive/JulyDec2023/playerDetailView.php?key=e1%20isaac%20kennedy
Matilda Kennedy,E1,NA,850,NA,2023-07-11,e1 matilda kennedy,https://www.welshchessunion.uk/Grading/xarchive/JulyDec2023/playerDetailView.php?key=e1%20matilda%20kennedy
Tim Kett,E1,NA,2192,FM,2023-12-14,e1 tim kett,https://www.welshchessunion.uk/Grading/xarchive/JulyDec2023/playerDetailView.php?key=e1%20tim%20kett
Sarah Kett,E1,NA,962,NA,NA,e1 sarah kett,https://www.welshchessunion.uk/Grading/xarchive/JulyDec2023/playerDetailView.php?key=e1%20sarah%20kett
Benedict Kirdinen,E1,NA,1912,NA,NA,e1 benedict kirdinen,https://www.welshchessunion.uk/Grading/xarchive/JulyDec2023/playerDetailView.php?key=e1%20benedict%20kirdinen
Emma Kong,E1,NA,1478,NA,2023-12-18,e1 emma kong,https://www.welshchessunion.uk/Grading/xarchive/JulyDec2023/playerDetailView.php?key=e1%20emma%20kong
Georgi Korovski,E1,NA,1824,NA,2023-12-14,e1 georgi korovski,https://www.welshchessunion.uk/Grading/xarchive/JulyDec2023/playerDetailView.php?key=e1%20georgi%20korovski
Daniel Kozusek,E1,NA,2427,FM,2023-11-26,e1 daniel kozusek,https://www.welshchessunion.uk/Grading/xarchive/JulyDec2023/playerDetailView.php?key=e1%20daniel%20kozusek
Ferdinand Kramse,E1,NA,1789,NA,NA,e1 ferdinand kramse,https://www.welshchessunion.uk/Grading/xarchive/JulyDec2023/playerDetailView.php?key=e1%20ferdinand%20kramse
Arnav Kulkarni,E1,NA,982,NA,NA,e1 arnav kulkarni,https://www.welshchessunion.uk/Grading/xarchive/JulyDec2023/playerDetailView.php?key=e1%20arnav%20kulkarni
Richard Larg,E1,NA,1453,NA,2023-12-18,e1 richard larg,https://www.welshchessunion.uk/Grading/xarchive/JulyDec2023/playerDetailView.php?key=e1%20richard%20larg
Eron Latif,E1,NA,850,NA,NA,e1 eron latif,https://www.welshchessunion.uk/Grading/xarchive/JulyDec2023/playerDetailView.php?key=e1%20eron%20latif
David Lewis,E1,NA,1666,NA,2023-12-18,e1 david lewis,https://www.welshchessunion.uk/Grading/xarchive/JulyDec2023/playerDetailView.php?key=e1%20david%20lewis
Braden Lewis,E1,NA,1072,NA,NA,e1 braden lewis,https://www.welshchessunion.uk/Grading/xarchive/JulyDec2023/playerDetailView.php?key=e1%20braden%20lewis
Jonathan Lewis,E1,NA,1642,NA,NA,e1 jonathan lewis,https://www.welshchessunion.uk/Grading/xarchive/JulyDec2023/playerDetailView.php?key=e1%20jonathan%20lewis
Evan Lewis,E1,NA,950,NA,NA,e1 evan lewis,https://www.welshchessunion.uk/Grading/xarchive/JulyDec2023/playerDetailView.php?key=e1%20evan%20lewis
Dave A Lewis,E1,NA,1619,NA,2023-11-27,e1 dave a lewis,https://www.welshchessunion.uk/Grading/xarchive/JulyDec2023/playerDetailView.php?key=e1%20dave%20a%20lewis
Cyril Ley,E1,NA,1552,NA,2023-12-13,e1 cyril ley,https://www.welshchessunion.uk/Grading/xarchive/JulyDec2023/playerDetailView.php?key=e1%20cyril%20ley
David Llewellyn,E1,NA,1874,NA,2023-12-14,e1 david llewellyn,https://www.welshchessunion.uk/Grading/xarchive/JulyDec2023/playerDetailView.php?key=e1%20david%20llewellyn
Rune Llewellyn,E1,NA,1200,NA,2023-11-14,e1 rune llewellyn,https://www.welshchessunion.uk/Grading/xarchive/JulyDec2023/playerDetailView.php?key=e1%20rune%20llewellyn
Greg Lloyd,E1,NA,1406,NA,2023-09-24,e1 greg lloyd,https://www.welshchessunion.uk/Grading/xarchive/JulyDec2023/playerDetailView.php?key=e1%20greg%20lloyd
Angus Lloyd,E1,NA,1050,NA,2023-12-18,e1 angus lloyd,https://www.welshchessunion.uk/Grading/xarchive/JulyDec2023/playerDetailView.php?key=e1%20angus%20lloyd
Harri Llwyd Dafydd,E1,NA,920,NA,2023-10-30,e1 harri llwyd dafydd,https://www.welshchessunion.uk/Grading/xarchive/JulyDec2023/playerDetailView.php?key=e1%20harri%20llwyd%20dafydd
Alex Logan,E1,NA,850,NA,NA,e1 alex logan,https://www.welshchessunion.uk/Grading/xarchive/JulyDec2023/playerDetailView.php?key=e1%20alex%20logan
Lucas Logan,E1,NA,881,NA,NA,e1 lucas logan,https://www.welshchessunion.uk/Grading/xarchive/JulyDec2023/playerDetailView.php?key=e1%20lucas%20logan
Rufus Long,E1,NA,1820,NA,2023-10-26,e1 rufus long,https://www.welshchessunion.uk/Grading/xarchive/JulyDec2023/playerDetailView.php?key=e1%20rufus%20long
Matthew Lunnon,E1,NA,1618,NA,2023-12-18,e1 matthew lunnon,https://www.welshchessunion.uk/Grading/xarchive/JulyDec2023/playerDetailView.php?key=e1%20matthew%20lunnon
Vedant Lutchman Singh,E1,NA,860,NA,NA,e1 vedant lutchman singh,https://www.welshchessunion.uk/Grading/xarchive/JulyDec2023/playerDetailView.php?key=e1%20vedant%20lutchman%20singh
Duncan MacDonald,E1,NA,1953,NA,2023-10-22,e1 duncan macdonald,https://www.welshchessunion.uk/Grading/xarchive/JulyDec2023/playerDetailView.php?key=e1%20duncan%20macdonald
Elliott MacNeil,E1,NA,1898,NA,2023-11-27,e1 elliott macneil,https://www.welshchessunion.uk/Grading/xarchive/JulyDec2023/playerDetailView.php?key=e1%20elliott%20macneil
Steve Maguire,E1,NA,946,NA,2023-11-11,e1 steve maguire,https://www.welshchessunion.uk/Grading/xarchive/JulyDec2023/playerDetailView.php?key=e1%20steve%20maguire
Mike Maguire,E1,NA,1574,NA,2023-11-28,e1 mike maguire,https://www.welshchessunion.uk/Grading/xarchive/JulyDec2023/playerDetailView.php?key=e1%20mike%20maguire
Dave Mahoney,E1,NA,993,NA,2023-12-11,e1 dave mahoney,https://www.welshchessunion.uk/Grading/xarchive/JulyDec2023/playerDetailView.php?key=e1%20dave%20mahoney
Thomas Mahoney,E1,NA,1770,NA,NA,e1 thomas mahoney,https://www.welshchessunion.uk/Grading/xarchive/JulyDec2023/playerDetailView.php?key=e1%20thomas%20mahoney
Raga Sreya Mandadapu,E1,NA,850,NA,2023-11-28,e1 raga sreya mandadapu,https://www.welshchessunion.uk/Grading/xarchive/JulyDec2023/playerDetailView.php?key=e1%20raga%20sreya%20mandadapu
Darren Martin,E1,NA,850,NA,2023-09-05,e1 darren martin,https://www.welshchessunion.uk/Grading/xarchive/JulyDec2023/playerDetailView.php?key=e1%20darren%20martin
Ishaan Marugonda,E1,NA,850,NA,NA,e1 ishaan marugonda,https://www.welshchessunion.uk/Grading/xarchive/JulyDec2023/playerDetailView.php?key=e1%20ishaan%20marugonda
Edward Mason,E1,NA,1554,NA,NA,e1 edward mason,https://www.welshchessunion.uk/Grading/xarchive/JulyDec2023/playerDetailView.php?key=e1%20edward%20mason
Rhys Matthews,E1,NA,1159,NA,2023-12-14,e1 rhys matthews,https://www.welshchessunion.uk/Grading/xarchive/JulyDec2023/playerDetailView.php?key=e1%20rhys%20matthews
Bethan Mattingley,E1,NA,870,NA,2023-12-09,e1 bethan mattingley,https://www.welshchessunion.uk/Grading/xarchive/JulyDec2023/playerDetailView.php?key=e1%20bethan%20mattingley
Reginald Mba,E1,NA,1952,NA,2023-12-06,e1 reginald mba,https://www.welshchessunion.uk/Grading/xarchive/JulyDec2023/playerDetailView.php?key=e1%20reginald%20mba
Dave McGhee,E1,NA,1643,NA,2023-12-18,e1 dave mcghee,https://www.welshchessunion.uk/Grading/xarchive/JulyDec2023/playerDetailView.php?key=e1%20dave%20mcghee
Ethan McGrath,E1,NA,850,NA,2023-12-11,e1 ethan mcgrath,https://www.welshchessunion.uk/Grading/xarchive/JulyDec2023/playerDetailView.php?key=e1%20ethan%20mcgrath
John McGregor,E1,NA,1886,NA,2023-12-14,e1 john mcgregor,https://www.welshchessunion.uk/Grading/xarchive/JulyDec2023/playerDetailView.php?key=e1%20john%20mcgregor
Tom McIlveen,E1,NA,1211,NA,NA,e1 tom mcilveen,https://www.welshchessunion.uk/Grading/xarchive/JulyDec2023/playerDetailView.php?key=e1%20tom%20mcilveen
Joshua McKenna,E1,NA,1754,NA,2023-12-13,e1 joshua mckenna,https://www.welshchessunion.uk/Grading/xarchive/JulyDec2023/playerDetailView.php?key=e1%20joshua%20mckenna
Steffan Mon,E1,NA,1377,NA,2023-12-18,e1 steffan mon,https://www.welshchessunion.uk/Grading/xarchive/JulyDec2023/playerDetailView.php?key=e1%20steffan%20mon
Andrew Moore,E1,NA,957,NA,NA,e1 andrew moore,https://www.welshchessunion.uk/Grading/xarchive/JulyDec2023/playerDetailView.php?key=e1%20andrew%20moore
Joshua Lee Morgan,E1,NA,1028,NA,NA,e1 joshua lee morgan,https://www.welshchessunion.uk/Grading/xarchive/JulyDec2023/playerDetailView.php?key=e1%20joshua%20lee%20morgan
Justin Morgans,E1,NA,1732,NA,2023-12-18,e1 justin morgans,https://www.welshchessunion.uk/Grading/xarchive/JulyDec2023/playerDetailView.php?key=e1%20justin%20morgans
Dave Morris,E1,NA,911,NA,NA,e1 dave morris,https://www.welshchessunion.uk/Grading/xarchive/JulyDec2023/playerDetailView.php?key=e1%20dave%20morris
Samuel Morris,E1,NA,1460,NA,NA,e1 samuel morris,https://www.welshchessunion.uk/Grading/xarchive/JulyDec2023/playerDetailView.php?key=e1%20samuel%20morris
Adam Morris,E1,NA,850,NA,2023-11-14,e1 adam morris,https://www.welshchessunion.uk/Grading/xarchive/JulyDec2023/playerDetailView.php?key=e1%20adam%20morris
Christopher Mueser,E1,NA,1301,NA,NA,e1 christopher mueser,https://www.welshchessunion.uk/Grading/xarchive/JulyDec2023/playerDetailView.php?key=e1%20christopher%20mueser
Thomas Mulder,E1,NA,1367,NA,NA,e1 thomas mulder,https://www.welshchessunion.uk/Grading/xarchive/JulyDec2023/playerDetailView.php?key=e1%20thomas%20mulder
David Murphy,E1,NA,1000,NA,2023-12-04,e1 david murphy,https://www.welshchessunion.uk/Grading/xarchive/JulyDec2023/playerDetailView.php?key=e1%20david%20murphy
Arush Ajai Murthy,E1,NA,916,NA,2023-12-30,e1 arush ajai murthy,https://www.welshchessunion.uk/Grading/xarchive/JulyDec2023/playerDetailView.php?key=e1%20arush%20ajai%20murthy
Sumanth Naidu,E1,NA,1161,NA,NA,e1 sumanth naidu,https://www.welshchessunion.uk/Grading/xarchive/JulyDec2023/playerDetailView.php?key=e1%20sumanth%20naidu
Thomas Nalej,E1,NA,1086,NA,2023-11-28,e1 thomas nalej,https://www.welshchessunion.uk/Grading/xarchive/JulyDec2023/playerDetailView.php?key=e1%20thomas%20nalej
Joseph Nicholls,E1,NA,1000,NA,2023-11-01,e1 joseph nicholls,https://www.welshchessunion.uk/Grading/xarchive/JulyDec2023/playerDetailView.php?key=e1%20joseph%20nicholls
Jack Nicol,E1,NA,1552,NA,NA,e1 jack nicol,https://www.welshchessunion.uk/Grading/xarchive/JulyDec2023/playerDetailView.php?key=e1%20jack%20nicol
Sarthak Nukalapati,E1,NA,1243,NA,NA,e1 sarthak nukalapati,https://www.welshchessunion.uk/Grading/xarchive/JulyDec2023/playerDetailView.php?key=e1%20sarthak%20nukalapati
Micah O'Toole,E1,NA,1600,NA,2023-12-18,e1 micah o'toole,https://www.welshchessunion.uk/Grading/xarchive/JulyDec2023/playerDetailView.php?key=e1%20micah%20o%27toole
Bob Owen,E1,NA,1294,NA,2023-11-06,e1 bob owen,https://www.welshchessunion.uk/Grading/xarchive/JulyDec2023/playerDetailView.php?key=e1%20bob%20owen
Tom Painter,E1,NA,850,NA,NA,e1 tom painter,https://www.welshchessunion.uk/Grading/xarchive/JulyDec2023/playerDetailView.php?key=e1%20tom%20painter
Artem Panasik,E1,NA,1000,NA,2023-11-22,e1 artem panasik,https://www.welshchessunion.uk/Grading/xarchive/JulyDec2023/playerDetailView.php?key=e1%20artem%20panasik
Aaryan Pandit,E1,NA,850,NA,NA,e1 aaryan pandit,https://www.welshchessunion.uk/Grading/xarchive/JulyDec2023/playerDetailView.php?key=e1%20aaryan%20pandit
Dev Pandit,E1,NA,850,NA,2023-10-17,e1 dev pandit,https://www.welshchessunion.uk/Grading/xarchive/JulyDec2023/playerDetailView.php?key=e1%20dev%20pandit
Will Parkinson,E1,NA,1003,NA,2023-12-06,e1 will parkinson,https://www.welshchessunion.uk/Grading/xarchive/JulyDec2023/playerDetailView.php?key=e1%20will%20parkinson
Dave Parsons,E1,NA,1704,NA,2023-11-20,e1 dave parsons,https://www.welshchessunion.uk/Grading/xarchive/JulyDec2023/playerDetailView.php?key=e1%20dave%20parsons
Liam Penny,E1,NA,1748,NA,2023-12-14,e1 liam penny,https://www.welshchessunion.uk/Grading/xarchive/JulyDec2023/playerDetailView.php?key=e1%20liam%20penny
David Perrett,E1,NA,1992,NA,2023-11-19,e1 david perrett,https://www.welshchessunion.uk/Grading/xarchive/JulyDec2023/playerDetailView.php?key=e1%20david%20perrett
Chris Peters,E1,NA,1560,NA,2023-12-12,e1 chris peters,https://www.welshchessunion.uk/Grading/xarchive/JulyDec2023/playerDetailView.php?key=e1%20chris%20peters
Roger Phillips,E1,NA,1401,NA,NA,e1 roger phillips,https://www.welshchessunion.uk/Grading/xarchive/JulyDec2023/playerDetailView.php?key=e1%20roger%20phillips
Erion Pici,E1,NA,1206,NA,2023-11-27,e1 erion pici,https://www.welshchessunion.uk/Grading/xarchive/JulyDec2023/playerDetailView.php?key=e1%20erion%20pici
Celso Bettencourt Pinto,E1,NA,1901,NA,NA,e1 celso bettencourt pinto,https://www.welshchessunion.uk/Grading/xarchive/JulyDec2023/playerDetailView.php?key=e1%20celso%20bettencourt%20pinto
Allan Pleasants,E1,NA,2080,NA,2023-12-04,e1 allan pleasants,https://www.welshchessunion.uk/Grading/xarchive/JulyDec2023/playerDetailView.php?key=e1%20allan%20pleasants
Constantine Popov,E1,NA,850,NA,2023-12-18,e1 constantine popov,https://www.welshchessunion.uk/Grading/xarchive/JulyDec2023/playerDetailView.php?key=e1%20constantine%20popov
Isaac Potter,E1,NA,983,NA,NA,e1 isaac potter,https://www.welshchessunion.uk/Grading/xarchive/JulyDec2023/playerDetailView.php?key=e1%20isaac%20potter
Suraj Prabhu,E1,NA,1493,NA,2023-12-14,e1 suraj prabhu,https://www.welshchessunion.uk/Grading/xarchive/JulyDec2023/playerDetailView.php?key=e1%20suraj%20prabhu
James Pryce,E1,NA,987,NA,2023-10-17,e1 james pryce,https://www.welshchessunion.uk/Grading/xarchive/JulyDec2023/playerDetailView.php?key=e1%20james%20pryce
Noah Pugh,E1,NA,1482,NA,NA,e1 noah pugh,https://www.welshchessunion.uk/Grading/xarchive/JulyDec2023/playerDetailView.php?key=e1%20noah%20pugh
Ryan Pugh,E1,NA,850,NA,2023-09-18,e1 ryan pugh,https://www.welshchessunion.uk/Grading/xarchive/JulyDec2023/playerDetailView.php?key=e1%20ryan%20pugh
Peter Quinn,E1,NA,1733,NA,2023-12-13,e1 peter quinn,https://www.welshchessunion.uk/Grading/xarchive/JulyDec2023/playerDetailView.php?key=e1%20peter%20quinn
Gareth Quinn,E1,NA,1800,NA,2023-09-27,e1 gareth quinn,https://www.welshchessunion.uk/Grading/xarchive/JulyDec2023/playerDetailView.php?key=e1%20gareth%20quinn
Nigel Ralphs,E1,NA,2053,NA,2023-07-12,e1 nigel ralphs,https://www.welshchessunion.uk/Grading/xarchive/JulyDec2023/playerDetailView.php?key=e1%20nigel%20ralphs
Timur Ramzan,E1,NA,1170,NA,2023-10-08,e1 timur ramzan,https://www.welshchessunion.uk/Grading/xarchive/JulyDec2023/playerDetailView.php?key=e1%20timur%20ramzan
Hiya Ray,E1,NA,1708,NA,NA,e1 hiya ray,https://www.welshchessunion.uk/Grading/xarchive/JulyDec2023/playerDetailView.php?key=e1%20hiya%20ray
Jamie Reckless,E1,NA,850,NA,NA,e1 jamie reckless,https://www.welshchessunion.uk/Grading/xarchive/JulyDec2023/playerDetailView.php?key=e1%20jamie%20reckless
Toby Reckless,E1,NA,850,NA,2023-11-21,e1 toby reckless,https://www.welshchessunion.uk/Grading/xarchive/JulyDec2023/playerDetailView.php?key=e1%20toby%20reckless
Mark Reckless,E1,NA,1400,NA,2023-11-21,e1 mark reckless,https://www.welshchessunion.uk/Grading/xarchive/JulyDec2023/playerDetailView.php?key=e1%20mark%20reckless
Ioan Rees,E1,NA,2343,FM,2023-12-04,e1 ioan rees,https://www.welshchessunion.uk/Grading/xarchive/JulyDec2023/playerDetailView.php?key=e1%20ioan%20rees
Gwynfor Rees,E1,NA,2050,NA,2023-12-18,e1 gwynfor rees,https://www.welshchessunion.uk/Grading/xarchive/JulyDec2023/playerDetailView.php?key=e1%20gwynfor%20rees
David Reid,E1,NA,1210,NA,NA,e1 david reid,https://www.welshchessunion.uk/Grading/xarchive/JulyDec2023/playerDetailView.php?key=e1%20david%20reid
Curtis Reid,E1,NA,1121,NA,2023-12-11,e1 curtis reid,https://www.welshchessunion.uk/Grading/xarchive/JulyDec2023/playerDetailView.php?key=e1%20curtis%20reid
Elijah Rhoden,E1,NA,950,NA,2023-11-14,e1 elijah rhoden,https://www.welshchessunion.uk/Grading/xarchive/JulyDec2023/playerDetailView.php?key=e1%20elijah%20rhoden
Emir Rhouni,E1,NA,900,NA,2023-12-07,e1 emir rhouni,https://www.welshchessunion.uk/Grading/xarchive/JulyDec2023/playerDetailView.php?key=e1%20emir%20rhouni
Sam Rhydderch,E1,NA,1000,NA,2023-11-22,e1 sam rhydderch,https://www.welshchessunion.uk/Grading/xarchive/JulyDec2023/playerDetailView.php?key=e1%20sam%20rhydderch
Gareth Richards,E1,NA,1200,NA,2023-12-14,e1 gareth richards,https://www.welshchessunion.uk/Grading/xarchive/JulyDec2023/playerDetailView.php?key=e1%20gareth%20richards
Martin Ricketts,E1,NA,1288,NA,2023-12-11,e1 martin ricketts,https://www.welshchessunion.uk/Grading/xarchive/JulyDec2023/playerDetailView.php?key=e1%20martin%20ricketts
Safwan Alam Ricky,E1,NA,850,NA,NA,e1 safwan alam ricky,https://www.welshchessunion.uk/Grading/xarchive/JulyDec2023/playerDetailView.php?key=e1%20safwan%20alam%20ricky
Steve Rigg,E1,NA,862,NA,2023-11-28,e1 steve rigg,https://www.welshchessunion.uk/Grading/xarchive/JulyDec2023/playerDetailView.php?key=e1%20steve%20rigg
Jasper Rigg,E1,NA,850,NA,NA,e1 jasper rigg,https://www.welshchessunion.uk/Grading/xarchive/JulyDec2023/playerDetailView.php?key=e1%20jasper%20rigg
Emyr Roberts,E1,NA,1634,NA,2023-12-14,e1 emyr roberts,https://www.welshchessunion.uk/Grading/xarchive/JulyDec2023/playerDetailView.php?key=e1%20emyr%20roberts
William Roberts,E1,NA,958,NA,2023-10-23,e1 william roberts,https://www.welshchessunion.uk/Grading/xarchive/JulyDec2023/playerDetailView.php?key=e1%20william%20roberts
Joseff Roberts,E1,NA,860,NA,2023-11-20,e1 joseff roberts,https://www.welshchessunion.uk/Grading/xarchive/JulyDec2023/playerDetailView.php?key=e1%20joseff%20roberts
David F Roberts,E1,NA,1346,NA,NA,e1 david f roberts,https://www.welshchessunion.uk/Grading/xarchive/JulyDec2023/playerDetailView.php?key=e1%20david%20f%20roberts
Aled Roberts,E1,NA,1553,NA,2023-11-16,e1 aled roberts,https://www.welshchessunion.uk/Grading/xarchive/JulyDec2023/playerDetailView.php?key=e1%20aled%20roberts
Jude Roberts,E1,NA,1600,NA,2023-12-06,e1 jude roberts,https://www.welshchessunion.uk/Grading/xarchive/JulyDec2023/playerDetailView.php?key=e1%20jude%20roberts
David Robinson,E1,NA,1885,NA,2023-11-26,e1 david robinson,https://www.welshchessunion.uk/Grading/xarchive/JulyDec2023/playerDetailView.php?key=e1%20david%20robinson
Josh Robinson,E1,NA,1442,NA,NA,e1 josh robinson,https://www.welshchessunion.uk/Grading/xarchive/JulyDec2023/playerDetailView.php?key=e1%20josh%20robinson
Mariusz Rogesz,E1,NA,869,NA,NA,e1 mariusz rogesz,https://www.welshchessunion.uk/Grading/xarchive/JulyDec2023/playerDetailView.php?key=e1%20mariusz%20rogesz
Yavor Rogesz,E1,NA,850,NA,2023-07-04,e1 yavor rogesz,https://www.welshchessunion.uk/Grading/xarchive/JulyDec2023/playerDetailView.php?key=e1%20yavor%20rogesz
David Rovaretti,E1,NA,1664,NA,2023-11-20,e1 david rovaretti,https://www.welshchessunion.uk/Grading/xarchive/JulyDec2023/playerDetailView.php?key=e1%20david%20rovaretti
Jeff Rowland,E1,NA,1588,NA,2023-10-04,e1 jeff rowland,https://www.welshchessunion.uk/Grading/xarchive/JulyDec2023/playerDetailView.php?key=e1%20jeff%20rowland
Tabitha Ryan,E1,NA,1016,NA,2023-10-02,e1 tabitha ryan,https://www.welshchessunion.uk/Grading/xarchive/JulyDec2023/playerDetailView.php?key=e1%20tabitha%20ryan
Jeremy Ryan,E1,NA,1583,NA,2023-10-23,e1 jeremy ryan,https://www.welshchessunion.uk/Grading/xarchive/JulyDec2023/playerDetailView.php?key=e1%20jeremy%20ryan
John Ryles,E1,NA,1521,NA,2023-12-11,e1 john ryles,https://www.welshchessunion.uk/Grading/xarchive/JulyDec2023/playerDetailView.php?key=e1%20john%20ryles
Ayodele Sadiq,E1,NA,2017,NA,NA,e1 ayodele sadiq,https://www.welshchessunion.uk/Grading/xarchive/JulyDec2023/playerDetailView.php?key=e1%20ayodele%20sadiq
Diyerbek Sanagubor,E1,NA,1386,NA,NA,e1 diyerbek sanagubor,https://www.welshchessunion.uk/Grading/xarchive/JulyDec2023/playerDetailView.php?key=e1%20diyerbek%20sanagubor
Adam Sarwar,E1,NA,926,NA,2023-12-30,e1 adam sarwar,https://www.welshchessunion.uk/Grading/xarchive/JulyDec2023/playerDetailView.php?key=e1%20adam%20sarwar
Rohit Saseendian,E1,NA,1350,NA,2023-12-06,e1 rohit saseendian,https://www.welshchessunion.uk/Grading/xarchive/JulyDec2023/playerDetailView.php?key=e1%20rohit%20saseendian
Michael Sawtell,E1,NA,1532,NA,2023-11-29,e1 michael sawtell,https://www.welshchessunion.uk/Grading/xarchive/JulyDec2023/playerDetailView.php?key=e1%20michael%20sawtell
Samuele Scarpignato,E1,NA,1612,NA,2023-11-22,e1 samuele scarpignato,https://www.welshchessunion.uk/Grading/xarchive/JulyDec2023/playerDetailView.php?key=e1%20samuele%20scarpignato
Ashika Shahameeran,E1,NA,1239,NA,2023-08-20,e1 ashika shahameeran,https://www.welshchessunion.uk/Grading/xarchive/JulyDec2023/playerDetailView.php?key=e1%20ashika%20shahameeran
Yaroslav Sharhorodsky,E1,NA,1557,NA,2023-12-09,e1 yaroslav sharhorodsky,https://www.welshchessunion.uk/Grading/xarchive/JulyDec2023/playerDetailView.php?key=e1%20yaroslav%20sharhorodsky
Yogesh Shelgaonkar,E1,NA,1910,NA,NA,e1 yogesh shelgaonkar,https://www.welshchessunion.uk/Grading/xarchive/JulyDec2023/playerDetailView.php?key=e1%20yogesh%20shelgaonkar
Jessica Shi,E1,NA,1069,NA,NA,e1 jessica shi,https://www.welshchessunion.uk/Grading/xarchive/JulyDec2023/playerDetailView.php?key=e1%20jessica%20shi
Arjan Sian,E1,NA,1700,NA,2023-11-12,e1 arjan sian,https://www.welshchessunion.uk/Grading/xarchive/JulyDec2023/playerDetailView.php?key=e1%20arjan%20sian
Clive Silver,E1,NA,1459,NA,2023-12-04,e1 clive silver,https://www.welshchessunion.uk/Grading/xarchive/JulyDec2023/playerDetailView.php?key=e1%20clive%20silver
Kabir Singh,E1,NA,1906,NA,NA,e1 kabir singh,https://www.welshchessunion.uk/Grading/xarchive/JulyDec2023/playerDetailView.php?key=e1%20kabir%20singh
Amelia Skora,E1,NA,1197,NA,NA,e1 amelia skora,https://www.welshchessunion.uk/Grading/xarchive/JulyDec2023/playerDetailView.php?key=e1%20amelia%20skora
Chris Slack,E1,NA,1600,NA,2023-12-10,e1 chris slack,https://www.welshchessunion.uk/Grading/xarchive/JulyDec2023/playerDetailView.php?key=e1%20chris%20slack
Peter Slater,E1,NA,1679,NA,2023-12-20,e1 peter slater,https://www.welshchessunion.uk/Grading/xarchive/JulyDec2023/playerDetailView.php?key=e1%20peter%20slater
John Smart,E1,NA,869,NA,2023-10-30,e1 john smart,https://www.welshchessunion.uk/Grading/xarchive/JulyDec2023/playerDetailView.php?key=e1%20john%20smart
Olivia Smith,E1,NA,2196,WFM,2023-12-30,e1 olivia smith,https://www.welshchessunion.uk/Grading/xarchive/JulyDec2023/playerDetailView.php?key=e1%20olivia%20smith
Ellison Smith,E1,NA,1773,NA,2023-12-07,e1 ellison smith,https://www.welshchessunion.uk/Grading/xarchive/JulyDec2023/playerDetailView.php?key=e1%20ellison%20smith
Callum Smith,E1,NA,1789,NA,2023-12-07,e1 callum smith,https://www.welshchessunion.uk/Grading/xarchive/JulyDec2023/playerDetailView.php?key=e1%20callum%20smith
Alun Smith,E1,NA,1708,NA,2023-12-07,e1 alun smith,https://www.welshchessunion.uk/Grading/xarchive/JulyDec2023/playerDetailView.php?key=e1%20alun%20smith
Mike Smith,E1,NA,1200,NA,2023-12-18,e1 mike smith,https://www.welshchessunion.uk/Grading/xarchive/JulyDec2023/playerDetailView.php?key=e1%20mike%20smith
Harshini Veda Somashekar,E1,NA,850,NA,NA,e1 harshini veda somashekar,https://www.welshchessunion.uk/Grading/xarchive/JulyDec2023/playerDetailView.php?key=e1%20harshini%20veda%20somashekar
Cosmin Stancu,E1,NA,1400,NA,2023-12-12,e1 cosmin stancu,https://www.welshchessunion.uk/Grading/xarchive/JulyDec2023/playerDetailView.php?key=e1%20cosmin%20stancu
Matt Staniforth,E1,NA,2037,NA,2023-09-10,e1 matt staniforth,https://www.welshchessunion.uk/Grading/xarchive/JulyDec2023/playerDetailView.php?key=e1%20matt%20staniforth
Kevin Stephens,E1,NA,1282,NA,2023-12-12,e1 kevin stephens,https://www.welshchessunion.uk/Grading/xarchive/JulyDec2023/playerDetailView.php?key=e1%20kevin%20stephens
Charles Summers,E1,NA,1872,NA,2023-12-14,e1 charles summers,https://www.welshchessunion.uk/Grading/xarchive/JulyDec2023/playerDetailView.php?key=e1%20charles%20summers
Anshul Swamy,E1,NA,1358,NA,2023-09-10,e1 anshul swamy,https://www.welshchessunion.uk/Grading/xarchive/JulyDec2023/playerDetailView.php?key=e1%20anshul%20swamy
Adam Syed,E1,NA,1564,NA,NA,e1 adam syed,https://www.welshchessunion.uk/Grading/xarchive/JulyDec2023/playerDetailView.php?key=e1%20adam%20syed
Bence Szakmany,E1,NA,1799,NA,2023-12-07,e1 bence szakmany,https://www.welshchessunion.uk/Grading/xarchive/JulyDec2023/playerDetailView.php?key=e1%20bence%20szakmany
Wilfrid Tang,E1,NA,850,NA,2023-11-09,e1 wilfrid tang,https://www.welshchessunion.uk/Grading/xarchive/JulyDec2023/playerDetailView.php?key=e1%20wilfrid%20tang
James Tapp,E1,NA,1974,NA,2023-12-13,e1 james tapp,https://www.welshchessunion.uk/Grading/xarchive/JulyDec2023/playerDetailView.php?key=e1%20james%20tapp
Jen Taylor,E1,NA,1193,NA,NA,e1 jen taylor,https://www.welshchessunion.uk/Grading/xarchive/JulyDec2023/playerDetailView.php?key=e1%20jen%20taylor
Vince Teisar,E1,NA,978,NA,2023-11-06,e1 vince teisar,https://www.welshchessunion.uk/Grading/xarchive/JulyDec2023/playerDetailView.php?key=e1%20vince%20teisar
James Thomas,E1,NA,1991,NA,2023-11-11,e1 james thomas,https://www.welshchessunion.uk/Grading/xarchive/JulyDec2023/playerDetailView.php?key=e1%20james%20thomas
Roy Thomas,E1,NA,1743,NA,2023-12-12,e1 roy thomas,https://www.welshchessunion.uk/Grading/xarchive/JulyDec2023/playerDetailView.php?key=e1%20roy%20thomas
Craig Thomas,E1,NA,1091,NA,NA,e1 craig thomas,https://www.welshchessunion.uk/Grading/xarchive/JulyDec2023/playerDetailView.php?key=e1%20craig%20thomas
Ieuan Thomas,E1,NA,1107,NA,2023-11-06,e1 ieuan thomas,https://www.welshchessunion.uk/Grading/xarchive/JulyDec2023/playerDetailView.php?key=e1%20ieuan%20thomas
Ben Thomas,E1,NA,2011,NA,2023-11-11,e1 ben thomas,https://www.welshchessunion.uk/Grading/xarchive/JulyDec2023/playerDetailView.php?key=e1%20ben%20thomas
John D Thornton,E1,NA,2014,NA,NA,e1 john d thornton,https://www.welshchessunion.uk/Grading/xarchive/JulyDec2023/playerDetailView.php?key=e1%20john%20d%20thornton
David Tibbs,E1,NA,1436,NA,2023-11-22,e1 david tibbs,https://www.welshchessunion.uk/Grading/xarchive/JulyDec2023/playerDetailView.php?key=e1%20david%20tibbs
Grzegorz Toczek,E1,NA,2323,FM,2023-11-26,e1 grzegorz toczek,https://www.welshchessunion.uk/Grading/xarchive/JulyDec2023/playerDetailView.php?key=e1%20grzegorz%20toczek
David Tomboline,E1,NA,1977,NA,2023-11-20,e1 david tomboline,https://www.welshchessunion.uk/Grading/xarchive/JulyDec2023/playerDetailView.php?key=e1%20david%20tomboline
John Trevelyan,E1,NA,1958,NA,2023-11-12,e1 john trevelyan,https://www.welshchessunion.uk/Grading/xarchive/JulyDec2023/playerDetailView.php?key=e1%20john%20trevelyan
Nathan Trickey,E1,NA,1389,NA,2023-10-24,e1 nathan trickey,https://www.welshchessunion.uk/Grading/xarchive/JulyDec2023/playerDetailView.php?key=e1%20nathan%20trickey
Tycho Twohig,E1,NA,1412,NA,2023-07-11,e1 tycho twohig,https://www.welshchessunion.uk/Grading/xarchive/JulyDec2023/playerDetailView.php?key=e1%20tycho%20twohig
Pranay Vallabhaneni,E1,NA,850,NA,NA,e1 pranay vallabhaneni,https://www.welshchessunion.uk/Grading/xarchive/JulyDec2023/playerDetailView.php?key=e1%20pranay%20vallabhaneni
Oliver Van Halden,E1,NA,1100,NA,2023-11-15,e1 oliver van halden,https://www.welshchessunion.uk/Grading/xarchive/JulyDec2023/playerDetailView.php?key=e1%20oliver%20van%20halden
Seb Van Leest,E1,NA,1522,NA,NA,e1 seb van leest,https://www.welshchessunion.uk/Grading/xarchive/JulyDec2023/playerDetailView.php?key=e1%20seb%20van%20leest
John Velda,E1,NA,1166,NA,2023-11-27,e1 john velda,https://www.welshchessunion.uk/Grading/xarchive/JulyDec2023/playerDetailView.php?key=e1%20john%20velda
Anezka Vlkova,E1,NA,1936,NA,2023-12-10,e1 anezka vlkova,https://www.welshchessunion.uk/Grading/xarchive/JulyDec2023/playerDetailView.php?key=e1%20anezka%20vlkova
Guy Wagner,E1,NA,1676,NA,2023-12-14,e1 guy wagner,https://www.welshchessunion.uk/Grading/xarchive/JulyDec2023/playerDetailView.php?key=e1%20guy%20wagner
Peter Watkins,E1,NA,1352,NA,2023-10-30,e1 peter watkins,https://www.welshchessunion.uk/Grading/xarchive/JulyDec2023/playerDetailView.php?key=e1%20peter%20watkins
Tim Whitchurch,E1,NA,1317,NA,2023-11-06,e1 tim whitchurch,https://www.welshchessunion.uk/Grading/xarchive/JulyDec2023/playerDetailView.php?key=e1%20tim%20whitchurch
Mair Whitchurch,E1,NA,874,NA,NA,e1 mair whitchurch,https://www.welshchessunion.uk/Grading/xarchive/JulyDec2023/playerDetailView.php?key=e1%20mair%20whitchurch
Sam White,E1,NA,1376,NA,2023-12-11,e1 sam white,https://www.welshchessunion.uk/Grading/xarchive/JulyDec2023/playerDetailView.php?key=e1%20sam%20white
Mike White,E1,NA,909,NA,2023-11-20,e1 mike white,https://www.welshchessunion.uk/Grading/xarchive/JulyDec2023/playerDetailView.php?key=e1%20mike%20white
Dylan Whittaker,E1,NA,892,NA,NA,e1 dylan whittaker,https://www.welshchessunion.uk/Grading/xarchive/JulyDec2023/playerDetailView.php?key=e1%20dylan%20whittaker
Zack Wilkins,E1,NA,1337,NA,2023-12-06,e1 zack wilkins,https://www.welshchessunion.uk/Grading/xarchive/JulyDec2023/playerDetailView.php?key=e1%20zack%20wilkins
Kieran Willacot,E1,NA,979,NA,NA,e1 kieran willacot,https://www.welshchessunion.uk/Grading/xarchive/JulyDec2023/playerDetailView.php?key=e1%20kieran%20willacot
Gavin Williams,E1,NA,1630,NA,2023-07-18,e1 gavin williams,https://www.welshchessunion.uk/Grading/xarchive/JulyDec2023/playerDetailView.php?key=e1%20gavin%20williams
James Williams,E1,NA,1105,NA,2023-12-14,e1 james williams,https://www.welshchessunion.uk/Grading/xarchive/JulyDec2023/playerDetailView.php?key=e1%20james%20williams
Peter Williams,E1,NA,1105,NA,NA,e1 peter williams,https://www.welshchessunion.uk/Grading/xarchive/JulyDec2023/playerDetailView.php?key=e1%20peter%20williams
Anthony Williams,E1,NA,1067,NA,2023-12-14,e1 anthony williams,https://www.welshchessunion.uk/Grading/xarchive/JulyDec2023/playerDetailView.php?key=e1%20anthony%20williams
Daniel Wilmot,E1,NA,1869,NA,2023-12-07,e1 daniel wilmot,https://www.welshchessunion.uk/Grading/xarchive/JulyDec2023/playerDetailView.php?key=e1%20daniel%20wilmot
Sophie Wood,E1,NA,850,NA,2023-11-27,e1 sophie wood,https://www.welshchessunion.uk/Grading/xarchive/JulyDec2023/playerDetailView.php?key=e1%20sophie%20wood
Yuxuan Wu,E1,NA,1764,NA,2023-10-08,e1 yuxuan wu,https://www.welshchessunion.uk/Grading/xarchive/JulyDec2023/playerDetailView.php?key=e1%20yuxuan%20wu
Adnan Yilmaz,E1,NA,850,NA,2023-10-04,e1 adnan yilmaz,https://www.welshchessunion.uk/Grading/xarchive/JulyDec2023/playerDetailView.php?key=e1%20adnan%20yilmaz
HaoYu Yin,E1,NA,1461,NA,2023-12-06,e1 haoyu yin,https://www.welshchessunion.uk/Grading/xarchive/JulyDec2023/playerDetailView.php?key=e1%20haoyu%20yin
Leon Zedlmayer,E1,NA,1790,NA,2023-10-22,e1 leon zedlmayer,https://www.welshchessunion.uk/Grading/xarchive/JulyDec2023/playerDetailView.php?key=e1%20leon%20zedlmayer
Lucas Zheng,E1,NA,1104,NA,2023-12-17,e1 lucas zheng,https://www.welshchessunion.uk/Grading/xarchive/JulyDec2023/playerDetailView.php?key=e1%20lucas%20zheng
Oleksandr Zhuravel,E1,NA,850,NA,2023-12-13,e1 oleksandr zhuravel,https://www.welshchessunion.uk/Grading/xarchive/JulyDec2023/playerDetailView.php?key=e1%20oleksandr%20zhuravel
Andrei Zhuravlev,E1,NA,999,NA,2023-12-13,e1 andrei zhuravlev,https://www.welshchessunion.uk/Grading/xarchive/JulyDec2023/playerDetailView.php?key=e1%20andrei%20zhuravlev
Lef Zografos,E1,NA,1728,NA,2023-11-29,e1 lef zografos,https://www.welshchessunion.uk/Grading/xarchive/JulyDec2023/playerDetailView.php?key=e1%20lef%20zografos
Andre Bann,D1,NA,1297,NA,NA,d1 andre bann,https://www.welshchessunion.uk/Grading/xarchive/JulyDec2023/playerDetailView.php?key=d1%20andre%20bann
Toby Bates,D1,NA,1486,NA,2023-12-07,d1 toby bates,https://www.welshchessunion.uk/Grading/xarchive/JulyDec2023/playerDetailView.php?key=d1%20toby%20bates
Patrick Bourne,D1,NA,1109,NA,2023-12-06,d1 patrick bourne,https://www.welshchessunion.uk/Grading/xarchive/JulyDec2023/playerDetailView.php?key=d1%20patrick%20bourne
Grenville Brazener,D1,NA,1130,NA,NA,d1 grenville brazener,https://www.welshchessunion.uk/Grading/xarchive/JulyDec2023/playerDetailView.php?key=d1%20grenville%20brazener
Ben Brewer,D1,NA,1733,NA,2023-12-04,d1 ben brewer,https://www.welshchessunion.uk/Grading/xarchive/JulyDec2023/playerDetailView.php?key=d1%20ben%20brewer
Keith Briggs,D1,NA,1350,NA,NA,d1 keith briggs,https://www.welshchessunion.uk/Grading/xarchive/JulyDec2023/playerDetailView.php?key=d1%20keith%20briggs
Toby Carter,D1,NA,1711,NA,NA,d1 toby carter,https://www.welshchessunion.uk/Grading/xarchive/JulyDec2023/playerDetailView.php?key=d1%20toby%20carter
Gethin Davies,D1,NA,1178,NA,NA,d1 gethin davies,https://www.welshchessunion.uk/Grading/xarchive/JulyDec2023/playerDetailView.php?key=d1%20gethin%20davies
William Davies,D1,NA,1415,NA,2023-09-10,d1 william davies,https://www.welshchessunion.uk/Grading/xarchive/JulyDec2023/playerDetailView.php?key=d1%20william%20davies
Richard Demynn,D1,NA,1009,NA,NA,d1 richard demynn,https://www.welshchessunion.uk/Grading/xarchive/JulyDec2023/playerDetailView.php?key=d1%20richard%20demynn
Paulo Dixon,D1,NA,1700,NA,NA,d1 paulo dixon,https://www.welshchessunion.uk/Grading/xarchive/JulyDec2023/playerDetailView.php?key=d1%20paulo%20dixon
Kieran Edwards,D1,NA,1400,NA,2023-12-04,d1 kieran edwards,https://www.welshchessunion.uk/Grading/xarchive/JulyDec2023/playerDetailView.php?key=d1%20kieran%20edwards
Dave Edwards,D1,NA,1200,NA,2023-11-21,d1 dave edwards,https://www.welshchessunion.uk/Grading/xarchive/JulyDec2023/playerDetailView.php?key=d1%20dave%20edwards
Gwyn Evans,D1,NA,1192,NA,NA,d1 gwyn evans,https://www.welshchessunion.uk/Grading/xarchive/JulyDec2023/playerDetailView.php?key=d1%20gwyn%20evans
Peter Evans,D1,NA,1293,NA,2023-12-11,d1 peter evans,https://www.welshchessunion.uk/Grading/xarchive/JulyDec2023/playerDetailView.php?key=d1%20peter%20evans
Ewan Ferguson,D1,NA,1724,NA,2023-12-11,d1 ewan ferguson,https://www.welshchessunion.uk/Grading/xarchive/JulyDec2023/playerDetailView.php?key=d1%20ewan%20ferguson
Mark Ferrey,D1,NA,976,NA,NA,d1 mark ferrey,https://www.welshchessunion.uk/Grading/xarchive/JulyDec2023/playerDetailView.php?key=d1%20mark%20ferrey
Matthew Francis,D1,NA,1607,NA,2023-12-13,d1 matthew francis,https://www.welshchessunion.uk/Grading/xarchive/JulyDec2023/playerDetailView.php?key=d1%20matthew%20francis
Kristians Gerdens,D1,NA,1198,NA,2023-10-24,d1 kristians gerdens,https://www.welshchessunion.uk/Grading/xarchive/JulyDec2023/playerDetailView.php?key=d1%20kristians%20gerdens
Ray Greenwood,D1,NA,1289,NA,NA,d1 ray greenwood,https://www.welshchessunion.uk/Grading/xarchive/JulyDec2023/playerDetailView.php?key=d1%20ray%20greenwood
Tom Gunn,D1,NA,1410,NA,2023-11-07,d1 tom gunn,https://www.welshchessunion.uk/Grading/xarchive/JulyDec2023/playerDetailView.php?key=d1%20tom%20gunn
Scott Hammett,D1,NA,1610,NA,2023-11-12,d1 scott hammett,https://www.welshchessunion.uk/Grading/xarchive/JulyDec2023/playerDetailView.php?key=d1%20scott%20hammett
Alexis Harakis,D1,NA,2313,FM,2023-12-07,d1 alexis harakis,https://www.welshchessunion.uk/Grading/xarchive/JulyDec2023/playerDetailView.php?key=d1%20alexis%20harakis
Astra Holder,D1,NA,987,NA,2023-12-06,d1 astra holder,https://www.welshchessunion.uk/Grading/xarchive/JulyDec2023/playerDetailView.php?key=d1%20astra%20holder
Sam Holman,D1,NA,1387,NA,NA,d1 sam holman,https://www.welshchessunion.uk/Grading/xarchive/JulyDec2023/playerDetailView.php?key=d1%20sam%20holman
Matthew Hopkins,D1,NA,1400,NA,NA,d1 matthew hopkins,https://www.welshchessunion.uk/Grading/xarchive/JulyDec2023/playerDetailView.php?key=d1%20matthew%20hopkins
Paolo Ingignoli,D1,NA,1700,NA,NA,d1 paolo ingignoli,https://www.welshchessunion.uk/Grading/xarchive/JulyDec2023/playerDetailView.php?key=d1%20paolo%20ingignoli
Martin C Jones,D1,NA,1620,NA,2023-12-07,d1 martin c jones,https://www.welshchessunion.uk/Grading/xarchive/JulyDec2023/playerDetailView.php?key=d1%20martin%20c%20jones
Jonathan Jones,D1,NA,1576,NA,2023-11-11,d1 jonathan jones,https://www.welshchessunion.uk/Grading/xarchive/JulyDec2023/playerDetailView.php?key=d1%20jonathan%20jones
Robert Kay,D1,NA,1600,NA,2023-12-04,d1 robert kay,https://www.welshchessunion.uk/Grading/xarchive/JulyDec2023/playerDetailView.php?key=d1%20robert%20kay
Keaton Kendrick,D1,NA,999,NA,2023-11-29,d1 keaton kendrick,https://www.welshchessunion.uk/Grading/xarchive/JulyDec2023/playerDetailView.php?key=d1%20keaton%20kendrick
Cai Lewis,D1,NA,1300,NA,2023-11-27,d1 cai lewis,https://www.welshchessunion.uk/Grading/xarchive/JulyDec2023/playerDetailView.php?key=d1%20cai%20lewis
Luke McCardle,D1,NA,1400,NA,2023-12-13,d1 luke mccardle,https://www.welshchessunion.uk/Grading/xarchive/JulyDec2023/playerDetailView.php?key=d1%20luke%20mccardle
Len Morris,D1,NA,1081,NA,NA,d1 len morris,https://www.welshchessunion.uk/Grading/xarchive/JulyDec2023/playerDetailView.php?key=d1%20len%20morris
Joe Morton,D1,NA,1557,NA,NA,d1 joe morton,https://www.welshchessunion.uk/Grading/xarchive/JulyDec2023/playerDetailView.php?key=d1%20joe%20morton
Robert Narayan-Taylor,D1,NA,1390,NA,2023-11-27,d1 robert narayan-taylor,https://www.welshchessunion.uk/Grading/xarchive/JulyDec2023/playerDetailView.php?key=d1%20robert%20narayan-taylor
Awne Osinga,D1,NA,1286,NA,NA,d1 awne osinga,https://www.welshchessunion.uk/Grading/xarchive/JulyDec2023/playerDetailView.php?key=d1%20awne%20osinga
Mark Paffard,D1,NA,1599,NA,2023-12-07,d1 mark paffard,https://www.welshchessunion.uk/Grading/xarchive/JulyDec2023/playerDetailView.php?key=d1%20mark%20paffard
Samuel Raybone,D1,NA,1114,NA,NA,d1 samuel raybone,https://www.welshchessunion.uk/Grading/xarchive/JulyDec2023/playerDetailView.php?key=d1%20samuel%20raybone
Mark Reynolds,D1,NA,1211,NA,2023-11-27,d1 mark reynolds,https://www.welshchessunion.uk/Grading/xarchive/JulyDec2023/playerDetailView.php?key=d1%20mark%20reynolds
Dan Richards,D1,NA,946,NA,2023-12-04,d1 dan richards,https://www.welshchessunion.uk/Grading/xarchive/JulyDec2023/playerDetailView.php?key=d1%20dan%20richards
Joshua Robson,D1,NA,979,NA,2023-11-06,d1 joshua robson,https://www.welshchessunion.uk/Grading/xarchive/JulyDec2023/playerDetailView.php?key=d1%20joshua%20robson
Scott Roden,D1,NA,1100,NA,2023-12-04,d1 scott roden,https://www.welshchessunion.uk/Grading/xarchive/JulyDec2023/playerDetailView.php?key=d1%20scott%20roden
Luis Sanchez,D1,NA,1949,NA,2023-12-11,d1 luis sanchez,https://www.welshchessunion.uk/Grading/xarchive/JulyDec2023/playerDetailView.php?key=d1%20luis%20sanchez
Admire Sikipa,D1,NA,1612,NA,NA,d1 admire sikipa,https://www.welshchessunion.uk/Grading/xarchive/JulyDec2023/playerDetailView.php?key=d1%20admire%20sikipa
Murray Smith,D1,NA,2215,NA,2023-10-24,d1 murray smith,https://www.welshchessunion.uk/Grading/xarchive/JulyDec2023/playerDetailView.php?key=d1%20murray%20smith
Christian Smith,D1,NA,1180,NA,2023-12-04,d1 christian smith,https://www.welshchessunion.uk/Grading/xarchive/JulyDec2023/playerDetailView.php?key=d1%20christian%20smith
Bronwen Tuson,D1,NA,1100,NA,2023-12-11,d1 bronwen tuson,https://www.welshchessunion.uk/Grading/xarchive/JulyDec2023/playerDetailView.php?key=d1%20bronwen%20tuson
Jon Tuson,D1,NA,1500,NA,2023-12-11,d1 jon tuson,https://www.welshchessunion.uk/Grading/xarchive/JulyDec2023/playerDetailView.php?key=d1%20jon%20tuson
Girish Vyas,D1,NA,1247,NA,NA,d1 girish vyas,https://www.welshchessunion.uk/Grading/xarchive/JulyDec2023/playerDetailView.php?key=d1%20girish%20vyas
Julie Ward,D1,NA,1341,NA,2023-12-11,d1 julie ward,https://www.welshchessunion.uk/Grading/xarchive/JulyDec2023/playerDetailView.php?key=d1%20julie%20ward
Adam Watkin-Jones,D1,NA,1924,NA,2023-12-07,d1 adam watkin-jones,https://www.welshchessunion.uk/Grading/xarchive/JulyDec2023/playerDetailView.php?key=d1%20adam%20watkin-jones
Howard Williams,D1,NA,2330,FM,2023-11-21,d1 howard williams,https://www.welshchessunion.uk/Grading/xarchive/JulyDec2023/playerDetailView.php?key=d1%20howard%20williams
R Gareth Williams,D1,NA,1618,NA,NA,d1 r gareth williams,https://www.welshchessunion.uk/Grading/xarchive/JulyDec2023/playerDetailView.php?key=d1%20r%20gareth%20williams
Alan Williams,D1,NA,1100,NA,2023-12-11,d1 alan williams,https://www.welshchessunion.uk/Grading/xarchive/JulyDec2023/playerDetailView.php?key=d1%20alan%20williams
Peter Windows,D1,NA,1700,NA,2023-12-11,d1 peter windows,https://www.welshchessunion.uk/Grading/xarchive/JulyDec2023/playerDetailView.php?key=d1%20peter%20windows
Filip Zurek,D1,NA,1332,NA,NA,d1 filip zurek,https://www.welshchessunion.uk/Grading/xarchive/JulyDec2023/playerDetailView.php?key=d1%20filip%20zurek
Adam Musson,W1,NA,2130,NA,2023-12-13,w1 adam musson,https://www.welshchessunion.uk/Grading/xarchive/JulyDec2023/playerDetailView.php?key=w1%20adam%20musson
Alan Young,W1,NA,2125,NA,2023-12-20,w1 alan young,https://www.welshchessunion.uk/Grading/xarchive/JulyDec2023/playerDetailView.php?key=w1%20alan%20young
Jason Garcia,W1,NA,2026,NA,2023-12-20,w1 jason garcia,https://www.welshchessunion.uk/Grading/xarchive/JulyDec2023/playerDetailView.php?key=w1%20jason%20garcia
William Hewitt,W1,NA,2049,NA,2023-12-20,w1 william hewitt,https://www.welshchessunion.uk/Grading/xarchive/JulyDec2023/playerDetailView.php?key=w1%20william%20hewitt
Ian Jones,W1,NA,1979,NA,2023-12-13,w1 ian jones,https://www.welshchessunion.uk/Grading/xarchive/JulyDec2023/playerDetailView.php?key=w1%20ian%20jones
Adam May,W1,NA,1871,NA,2023-12-20,w1 adam may,https://www.welshchessunion.uk/Grading/xarchive/JulyDec2023/playerDetailView.php?key=w1%20adam%20may
Andrew Gibbons,W1,NA,1953,NA,2023-12-13,w1 andrew gibbons,https://www.welshchessunion.uk/Grading/xarchive/JulyDec2023/playerDetailView.php?key=w1%20andrew%20gibbons
Moss McCarthy,W1,NA,2025,NA,2023-12-13,w1 moss mccarthy,https://www.welshchessunion.uk/Grading/xarchive/JulyDec2023/playerDetailView.php?key=w1%20moss%20mccarthy
Peter Bevan,W1,NA,1929,NA,2023-12-11,w1 peter bevan,https://www.welshchessunion.uk/Grading/xarchive/JulyDec2023/playerDetailView.php?key=w1%20peter%20bevan
David Guy,W1,NA,1843,NA,2023-11-29,w1 david guy,https://www.welshchessunion.uk/Grading/xarchive/JulyDec2023/playerDetailView.php?key=w1%20david%20guy
Steve Smith,W1,NA,1877,NA,2023-11-27,w1 steve smith,https://www.welshchessunion.uk/Grading/xarchive/JulyDec2023/playerDetailView.php?key=w1%20steve%20smith
Bob Moore,W1,NA,1853,NA,2023-12-11,w1 bob moore,https://www.welshchessunion.uk/Grading/xarchive/JulyDec2023/playerDetailView.php?key=w1%20bob%20moore
Mark Thomas,W1,NA,1802,NA,2023-12-20,w1 mark thomas,https://www.welshchessunion.uk/Grading/xarchive/JulyDec2023/playerDetailView.php?key=w1%20mark%20thomas
Hywel Griffiths,W1,NA,1851,NA,2023-11-27,w1 hywel griffiths,https://www.welshchessunion.uk/Grading/xarchive/JulyDec2023/playerDetailView.php?key=w1%20hywel%20griffiths
Joshua Harris,W1,NA,1000,NA,NA,w1 joshua harris,https://www.welshchessunion.uk/Grading/xarchive/JulyDec2023/playerDetailView.php?key=w1%20joshua%20harris
Ian Eustis,W1,NA,1779,NA,2023-12-11,w1 ian eustis,https://www.welshchessunion.uk/Grading/xarchive/JulyDec2023/playerDetailView.php?key=w1%20ian%20eustis
Duncan Williams,W1,NA,1817,NA,2023-12-11,w1 duncan williams,https://www.welshchessunion.uk/Grading/xarchive/JulyDec2023/playerDetailView.php?key=w1%20duncan%20williams
Michael Beck,W1,NA,1740,NA,2023-10-22,w1 michael beck,https://www.welshchessunion.uk/Grading/xarchive/JulyDec2023/playerDetailView.php?key=w1%20michael%20beck
Martyn Griffiths,W1,NA,1709,NA,2023-12-12,w1 martyn griffiths,https://www.welshchessunion.uk/Grading/xarchive/JulyDec2023/playerDetailView.php?key=w1%20martyn%20griffiths
Chris Daniel,W1,NA,1602,NA,2023-12-11,w1 chris daniel,https://www.welshchessunion.uk/Grading/xarchive/JulyDec2023/playerDetailView.php?key=w1%20chris%20daniel
Les Philpin,W1,NA,1618,NA,2023-12-04,w1 les philpin,https://www.welshchessunion.uk/Grading/xarchive/JulyDec2023/playerDetailView.php?key=w1%20les%20philpin
Andrew Smith,W1,NA,1677,NA,2023-12-11,w1 andrew smith,https://www.welshchessunion.uk/Grading/xarchive/JulyDec2023/playerDetailView.php?key=w1%20andrew%20smith
Ben Mora,W1,NA,1688,NA,2023-10-04,w1 ben mora,https://www.welshchessunion.uk/Grading/xarchive/JulyDec2023/playerDetailView.php?key=w1%20ben%20mora
Daniel Chung,W1,NA,1577,NA,2023-10-16,w1 daniel chung,https://www.welshchessunion.uk/Grading/xarchive/JulyDec2023/playerDetailView.php?key=w1%20daniel%20chung
Tony Crossman,W1,NA,1623,NA,2023-12-11,w1 tony crossman,https://www.welshchessunion.uk/Grading/xarchive/JulyDec2023/playerDetailView.php?key=w1%20tony%20crossman
Neil Stuart,W1,NA,1537,NA,2023-12-11,w1 neil stuart,https://www.welshchessunion.uk/Grading/xarchive/JulyDec2023/playerDetailView.php?key=w1%20neil%20stuart
Sam Pritchard,W1,NA,1602,NA,2023-10-30,w1 sam pritchard,https://www.welshchessunion.uk/Grading/xarchive/JulyDec2023/playerDetailView.php?key=w1%20sam%20pritchard
Malcolm Probert,W1,NA,1472,NA,2023-12-20,w1 malcolm probert,https://www.welshchessunion.uk/Grading/xarchive/JulyDec2023/playerDetailView.php?key=w1%20malcolm%20probert
Anthony Beck,W1,NA,1535,NA,2023-11-21,w1 anthony beck,https://www.welshchessunion.uk/Grading/xarchive/JulyDec2023/playerDetailView.php?key=w1%20anthony%20beck
Ralph Cook,W1,NA,1519,NA,2023-12-12,w1 ralph cook,https://www.welshchessunion.uk/Grading/xarchive/JulyDec2023/playerDetailView.php?key=w1%20ralph%20cook
Guto Llywelyn,W1,NA,1419,NA,2023-12-06,w1 guto llywelyn,https://www.welshchessunion.uk/Grading/xarchive/JulyDec2023/playerDetailView.php?key=w1%20guto%20llywelyn
Steve Edwards,W1,NA,1467,NA,2023-11-29,w1 steve edwards,https://www.welshchessunion.uk/Grading/xarchive/JulyDec2023/playerDetailView.php?key=w1%20steve%20edwards
Owen Wallace,W1,NA,1237,NA,2023-10-17,w1 owen wallace,https://www.welshchessunion.uk/Grading/xarchive/JulyDec2023/playerDetailView.php?key=w1%20owen%20wallace
Roger Jenkins,W1,NA,1440,NA,2023-12-13,w1 roger jenkins,https://www.welshchessunion.uk/Grading/xarchive/JulyDec2023/playerDetailView.php?key=w1%20roger%20jenkins
Haoran Zhu,W1,NA,1135,NA,2023-12-05,w1 haoran zhu,https://www.welshchessunion.uk/Grading/xarchive/JulyDec2023/playerDetailView.php?key=w1%20haoran%20zhu
Mike Richards,W1,NA,1354,NA,2023-12-06,w1 mike richards,https://www.welshchessunion.uk/Grading/xarchive/JulyDec2023/playerDetailView.php?key=w1%20mike%20richards
Louis Ba Thein,W1,NA,1352,NA,2023-12-13,w1 louis ba thein,https://www.welshchessunion.uk/Grading/xarchive/JulyDec2023/playerDetailView.php?key=w1%20louis%20ba%20thein
Advik Samiaiya,W1,NA,850,NA,2023-12-12,w1 advik samiaiya,https://www.welshchessunion.uk/Grading/xarchive/JulyDec2023/playerDetailView.php?key=w1%20advik%20samiaiya
Ken Huntley,W1,NA,1349,NA,2023-12-05,w1 ken huntley,https://www.welshchessunion.uk/Grading/xarchive/JulyDec2023/playerDetailView.php?key=w1%20ken%20huntley
Ben Rowlands,W1,NA,1439,NA,2023-12-05,w1 ben rowlands,https://www.welshchessunion.uk/Grading/xarchive/JulyDec2023/playerDetailView.php?key=w1%20ben%20rowlands
Tony Goodchild,W1,NA,1226,NA,2023-12-13,w1 tony goodchild,https://www.welshchessunion.uk/Grading/xarchive/JulyDec2023/playerDetailView.php?key=w1%20tony%20goodchild
John Davies,W1,NA,1222,NA,2023-11-28,w1 john davies,https://www.welshchessunion.uk/Grading/xarchive/JulyDec2023/playerDetailView.php?key=w1%20john%20davies
Vaughan Thomas,W1,NA,1169,NA,2023-10-24,w1 vaughan thomas,https://www.welshchessunion.uk/Grading/xarchive/JulyDec2023/playerDetailView.php?key=w1%20vaughan%20thomas
Gary Harber,W1,NA,1210,NA,2023-12-05,w1 gary harber,https://www.welshchessunion.uk/Grading/xarchive/JulyDec2023/playerDetailView.php?key=w1%20gary%20harber
Dave Conway,W1,NA,1197,NA,2023-10-23,w1 dave conway,https://www.welshchessunion.uk/Grading/xarchive/JulyDec2023/playerDetailView.php?key=w1%20dave%20conway
Paul Bevan,W1,NA,1211,NA,2023-12-13,w1 paul bevan,https://www.welshchessunion.uk/Grading/xarchive/JulyDec2023/playerDetailView.php?key=w1%20paul%20bevan
Byron Jones,W1,NA,1201,NA,2023-09-20,w1 byron jones,https://www.welshchessunion.uk/Grading/xarchive/JulyDec2023/playerDetailView.php?key=w1%20byron%20jones
Derek Bellamy,W1,NA,1178,NA,2023-12-05,w1 derek bellamy,https://www.welshchessunion.uk/Grading/xarchive/JulyDec2023/playerDetailView.php?key=w1%20derek%20bellamy
Greg Goold,W1,NA,1222,NA,2023-12-12,w1 greg goold,https://www.welshchessunion.uk/Grading/xarchive/JulyDec2023/playerDetailView.php?key=w1%20greg%20goold
Nick Hale,W1,NA,1213,NA,2023-12-13,w1 nick hale,https://www.welshchessunion.uk/Grading/xarchive/JulyDec2023/playerDetailView.php?key=w1%20nick%20hale
John Ward,W1,NA,1125,NA,2023-12-13,w1 john ward,https://www.welshchessunion.uk/Grading/xarchive/JulyDec2023/playerDetailView.php?key=w1%20john%20ward
Peter Merrifield,W1,NA,1193,NA,2023-12-07,w1 peter merrifield,https://www.welshchessunion.uk/Grading/xarchive/JulyDec2023/playerDetailView.php?key=w1%20peter%20merrifield
Luke Turner,W1,NA,1288,NA,2023-10-31,w1 luke turner,https://www.welshchessunion.uk/Grading/xarchive/JulyDec2023/playerDetailView.php?key=w1%20luke%20turner
Roger Llewellyn,W1,NA,1123,NA,2023-12-05,w1 roger llewellyn,https://www.welshchessunion.uk/Grading/xarchive/JulyDec2023/playerDetailView.php?key=w1%20roger%20llewellyn
June Evans,W1,NA,1093,NA,2023-11-22,w1 june evans,https://www.welshchessunion.uk/Grading/xarchive/JulyDec2023/playerDetailView.php?key=w1%20june%20evans
Andrew Davies,W1,NA,1375,NA,2023-10-17,w1 andrew davies,https://www.welshchessunion.uk/Grading/xarchive/JulyDec2023/playerDetailView.php?key=w1%20andrew%20davies
Bradley Parfitt,W1,NA,959,NA,2023-11-24,w1 bradley parfitt,https://www.welshchessunion.uk/Grading/xarchive/JulyDec2023/playerDetailView.php?key=w1%20bradley%20parfitt
Andrew Powell,W1,NA,1087,NA,2023-12-05,w1 andrew powell,https://www.welshchessunion.uk/Grading/xarchive/JulyDec2023/playerDetailView.php?key=w1%20andrew%20powell
Janet Evans,W1,NA,1010,NA,2023-12-13,w1 janet evans,https://www.welshchessunion.uk/Grading/xarchive/JulyDec2023/playerDetailView.php?key=w1%20janet%20evans
Cameron Ferguson,W1,NA,1110,NA,2023-12-05,w1 cameron ferguson,https://www.welshchessunion.uk/Grading/xarchive/JulyDec2023/playerDetailView.php?key=w1%20cameron%20ferguson
John Giannini,W1,NA,851,NA,2023-12-12,w1 john giannini,https://www.welshchessunion.uk/Grading/xarchive/JulyDec2023/playerDetailView.php?key=w1%20john%20giannini
Dale Westcott,W1,NA,1607,NA,2023-12-12,w1 dale westcott,https://www.welshchessunion.uk/Grading/xarchive/JulyDec2023/playerDetailView.php?key=w1%20dale%20westcott
Caleb Thorrington,W1,NA,1710,NA,NA,w1 caleb thorrington,https://www.welshchessunion.uk/Grading/xarchive/JulyDec2023/playerDetailView.php?key=w1%20caleb%20thorrington
Farouq Nasir,W1,NA,1217,NA,2023-12-04,w1 farouq nasir,https://www.welshchessunion.uk/Grading/xarchive/JulyDec2023/playerDetailView.php?key=w1%20farouq%20nasir
Darson Beeston,W1,NA,1477,NA,2023-12-11,w1 darson beeston,https://www.welshchessunion.uk/Grading/xarchive/JulyDec2023/playerDetailView.php?key=w1%20darson%20beeston
Sujan Muvvala,W1,NA,823,NA,2023-11-17,w1 sujan muvvala,https://www.welshchessunion.uk/Grading/xarchive/JulyDec2023/playerDetailView.php?key=w1%20sujan%20muvvala
Spencer Ripley,W1,NA,1036,NA,2023-12-13,w1 spencer ripley,https://www.welshchessunion.uk/Grading/xarchive/JulyDec2023/playerDetailView.php?key=w1%20spencer%20ripley
McKenzie Archibald,W1,NA,1374,NA,2023-11-27,w1 mckenzie archibald,https://www.welshchessunion.uk/Grading/xarchive/JulyDec2023/playerDetailView.php?key=w1%20mckenzie%20archibald
Sulaiman Nasir,W1,NA,1221,NA,2023-12-04,w1 sulaiman nasir,https://www.welshchessunion.uk/Grading/xarchive/JulyDec2023/playerDetailView.php?key=w1%20sulaiman%20nasir
Paul Headon,W1,NA,1689,NA,2023-12-12,w1 paul headon,https://www.welshchessunion.uk/Grading/xarchive/JulyDec2023/playerDetailView.php?key=w1%20paul%20headon
Matthew Billington,W1,NA,1415,NA,2023-12-20,w1 matthew billington,https://www.welshchessunion.uk/Grading/xarchive/JulyDec2023/playerDetailView.php?key=w1%20matthew%20billington
Vismith Prabhu,W1,NA,1335,NA,2023-11-29,w1 vismith prabhu,https://www.welshchessunion.uk/Grading/xarchive/JulyDec2023/playerDetailView.php?key=w1%20vismith%20prabhu
Gareth Tremain,W1,NA,979,NA,2023-12-12,w1 gareth tremain,https://www.welshchessunion.uk/Grading/xarchive/JulyDec2023/playerDetailView.php?key=w1%20gareth%20tremain
Luke Williams,W1,NA,1627,NA,NA,w1 luke williams,https://www.welshchessunion.uk/Grading/xarchive/JulyDec2023/playerDetailView.php?key=w1%20luke%20williams
Iwan Bath,W1,NA,1066,NA,2023-10-03,w1 iwan bath,https://www.welshchessunion.uk/Grading/xarchive/JulyDec2023/playerDetailView.php?key=w1%20iwan%20bath
Erich Carpenter,W1,NA,1100,NA,2023-12-05,w1 erich carpenter,https://www.welshchessunion.uk/Grading/xarchive/JulyDec2023/playerDetailView.php?key=w1%20erich%20carpenter
Aaron Davies,W1,NA,1084,NA,2023-12-20,w1 aaron davies,https://www.welshchessunion.uk/Grading/xarchive/JulyDec2023/playerDetailView.php?key=w1%20aaron%20davies
Donovan Sipho,W1,NA,1712,NA,2023-12-04,w1 donovan sipho,https://www.welshchessunion.uk/Grading/xarchive/JulyDec2023/playerDetailView.php?key=w1%20donovan%20sipho
Keith Downey,W1,NA,1713,NA,NA,w1 keith downey,https://www.welshchessunion.uk/Grading/xarchive/JulyDec2023/playerDetailView.php?key=w1%20keith%20downey
Elliot Chapman,W1,NA,1235,NA,2023-12-13,w1 elliot chapman,https://www.welshchessunion.uk/Grading/xarchive/JulyDec2023/playerDetailView.php?key=w1%20elliot%20chapman
Claire Gorman,W1,NA,1044,NA,2023-12-05,w1 claire gorman,https://www.welshchessunion.uk/Grading/xarchive/JulyDec2023/playerDetailView.php?key=w1%20claire%20gorman
Rajith Babu,W1,NA,834,NA,2023-10-25,w1 rajith babu,https://www.welshchessunion.uk/Grading/xarchive/JulyDec2023/playerDetailView.php?key=w1%20rajith%20babu
Huw Jones,W1,NA,1670,NA,2023-12-11,w1 huw jones,https://www.welshchessunion.uk/Grading/xarchive/JulyDec2023/playerDetailView.php?key=w1%20huw%20jones
Karl Wendrich,W1,NA,1436,NA,2023-12-13,w1 karl wendrich,https://www.welshchessunion.uk/Grading/xarchive/JulyDec2023/playerDetailView.php?key=w1%20karl%20wendrich
Andrew Golley,W1,NA,1679,NA,2023-11-29,w1 andrew golley,https://www.welshchessunion.uk/Grading/xarchive/JulyDec2023/playerDetailView.php?key=w1%20andrew%20golley
Ian Phillips,W1,NA,1071,NA,2023-12-05,w1 ian phillips,https://www.welshchessunion.uk/Grading/xarchive/JulyDec2023/playerDetailView.php?key=w1%20ian%20phillips
David Battell,W1,NA,1120,NA,2023-12-05,w1 david battell,https://www.welshchessunion.uk/Grading/xarchive/JulyDec2023/playerDetailView.php?key=w1%20david%20battell
James Evans,W1,NA,1500,NA,2023-12-13,w1 james evans,https://www.welshchessunion.uk/Grading/xarchive/JulyDec2023/playerDetailView.php?key=w1%20james%20evans
Richard Cleveland,W1,NA,2050,NA,2023-12-13,w1 richard cleveland,https://www.welshchessunion.uk/Grading/xarchive/JulyDec2023/playerDetailView.php?key=w1%20richard%20cleveland
Jonathan Thomas,W1,NA,1780,NA,2023-11-26,w1 jonathan thomas,https://www.welshchessunion.uk/Grading/xarchive/JulyDec2023/playerDetailView.php?key=w1%20jonathan%20thomas
Gabrielis Abravicius,W1,NA,850,NA,2023-11-08,w1 gabrielis abravicius,https://www.welshchessunion.uk/Grading/xarchive/JulyDec2023/playerDetailView.php?key=w1%20gabrielis%20abravicius
John Arnold,W1,NA,1500,NA,2023-12-20,w1 john arnold,https://www.welshchessunion.uk/Grading/xarchive/JulyDec2023/playerDetailView.php?key=w1%20john%20arnold
Jonathan Baker,W1,NA,1300,NA,2023-12-20,w1 jonathan baker,https://www.welshchessunion.uk/Grading/xarchive/JulyDec2023/playerDetailView.php?key=w1%20jonathan%20baker
Kiran Kini,W1,NA,850,NA,2023-11-15,w1 kiran kini,https://www.welshchessunion.uk/Grading/xarchive/JulyDec2023/playerDetailView.php?key=w1%20kiran%20kini
Rishi Reddy Mittapally,W1,NA,850,NA,2023-11-15,w1 rishi reddy mittapally,https://www.welshchessunion.uk/Grading/xarchive/JulyDec2023/playerDetailView.php?key=w1%20rishi%20reddy%20mittapally
Dylan Mort,W1,NA,1000,NA,NA,w1 dylan mort,https://www.welshchessunion.uk/Grading/xarchive/JulyDec2023/playerDetailView.php?key=w1%20dylan%20mort
Daniel Pugh,W1,NA,850,NA,2023-12-05,w1 daniel pugh,https://www.welshchessunion.uk/Grading/xarchive/JulyDec2023/playerDetailView.php?key=w1%20daniel%20pugh
Richard Williams,W1,NA,1250,NA,2023-09-27,w1 richard williams,https://www.welshchessunion.uk/Grading/xarchive/JulyDec2023/playerDetailView.php?key=w1%20richard%20williams
Ioan Morgan,W1,NA,850,NA,2023-11-24,w1 ioan morgan,https://www.welshchessunion.uk/Grading/xarchive/JulyDec2023/playerDetailView.php?key=w1%20ioan%20morgan
Harrison Smith,W1,NA,850,NA,2023-11-24,w1 harrison smith,https://www.welshchessunion.uk/Grading/xarchive/JulyDec2023/playerDetailView.php?key=w1%20harrison%20smith
Alex Addis-Fuller,W1,NA,850,NA,2023-11-24,w1 alex addis-fuller,https://www.welshchessunion.uk/Grading/xarchive/JulyDec2023/playerDetailView.php?key=w1%20alex%20addis-fuller
Jordan Heatman,W1,NA,1250,NA,2023-12-12,w1 jordan heatman,https://www.welshchessunion.uk/Grading/xarchive/JulyDec2023/playerDetailView.php?key=w1%20jordan%20heatman
Peter George,W1,NA,1537,NA,2023-09-19,w1 peter george,https://www.welshchessunion.uk/Grading/xarchive/JulyDec2023/playerDetailView.php?key=w1%20peter%20george
Carl Halpin,W1,NA,1375,NA,2023-12-12,w1 carl halpin,https://www.welshchessunion.uk/Grading/xarchive/JulyDec2023/playerDetailView.php?key=w1%20carl%20halpin
Tomos Francis,W1,NA,850,NA,2023-11-12,w1 tomos francis,https://www.welshchessunion.uk/Grading/xarchive/JulyDec2023/playerDetailView.php?key=w1%20tomos%20francis
Emyr-Wyn Francis,W1,NA,850,NA,2023-11-12,w1 emyr-wyn francis,https://www.welshchessunion.uk/Grading/xarchive/JulyDec2023/playerDetailView.php?key=w1%20emyr-wyn%20francis
Mark Wilson,W1,NA,1454,NA,2023-11-27,w1 mark wilson,https://www.welshchessunion.uk/Grading/xarchive/JulyDec2023/playerDetailView.php?key=w1%20mark%20wilson
Steve Jeacock,W1,NA,1136,NA,2023-11-07,w1 steve jeacock,https://www.welshchessunion.uk/Grading/xarchive/JulyDec2023/playerDetailView.php?key=w1%20steve%20jeacock
William Francis,W1,NA,850,NA,2023-12-12,w1 william francis,https://www.welshchessunion.uk/Grading/xarchive/JulyDec2023/playerDetailView.php?key=w1%20william%20francis
Dylan Greenway,W1,NA,1043,NA,2023-12-12,w1 dylan greenway,https://www.welshchessunion.uk/Grading/xarchive/JulyDec2023/playerDetailView.php?key=w1%20dylan%20greenway
Iwan Morgan,W1,NA,850,NA,2023-10-03,w1 iwan morgan,https://www.welshchessunion.uk/Grading/xarchive/JulyDec2023/playerDetailView.php?key=w1%20iwan%20morgan
Angus Winter,W1,NA,1500,NA,2023-11-21,w1 angus winter,https://www.welshchessunion.uk/Grading/xarchive/JulyDec2023/playerDetailView.php?key=w1%20angus%20winter
Glyn Hill,W1,NA,850,NA,2023-12-01,w1 glyn hill,https://www.welshchessunion.uk/Grading/xarchive/JulyDec2023/playerDetailView.php?key=w1%20glyn%20hill
Thomas Wells,W1,NA,1759,NA,2023-11-21,w1 thomas wells,https://www.welshchessunion.uk/Grading/xarchive/JulyDec2023/playerDetailView.php?key=w1%20thomas%20wells
Wojtek Liponski,W1,NA,1348,NA,2023-11-21,w1 wojtek liponski,https://www.welshchessunion.uk/Grading/xarchive/JulyDec2023/playerDetailView.php?key=w1%20wojtek%20liponski
Alex Kharchenko,W1,NA,1200,NA,2023-10-24,w1 alex kharchenko,https://www.welshchessunion.uk/Grading/xarchive/JulyDec2023/playerDetailView.php?key=w1%20alex%20kharchenko
Robin Kerremans,W1,NA,1166,NA,2023-11-28,w1 robin kerremans,https://www.welshchessunion.uk/Grading/xarchive/JulyDec2023/playerDetailView.php?key=w1%20robin%20kerremans
Yash Dave,W1,NA,1500,NA,2023-12-05,w1 yash dave,https://www.welshchessunion.uk/Grading/xarchive/JulyDec2023/playerDetailView.php?key=w1%20yash%20dave
Ben Hambridge,W1,NA,1100,NA,2023-12-04,w1 ben hambridge,https://www.welshchessunion.uk/Grading/xarchive/JulyDec2023/playerDetailView.php?key=w1%20ben%20hambridge
C Paraina,W1,NA,1100,NA,2023-10-25,w1 c paraina,https://www.welshchessunion.uk/Grading/xarchive/JulyDec2023/playerDetailView.php?key=w1%20c%20paraina
Jamie Garcia,W1,NA,1100,NA,2023-10-31,w1 jamie garcia,https://www.welshchessunion.uk/Grading/xarchive/JulyDec2023/playerDetailView.php?key=w1%20jamie%20garcia
John Williams,W1,NA,1100,NA,2023-12-13,w1 john williams,https://www.welshchessunion.uk/Grading/xarchive/JulyDec2023/playerDetailView.php?key=w1%20john%20williams
Joe Rogers,W1,NA,1100,NA,2023-11-15,w1 joe rogers,https://www.welshchessunion.uk/Grading/xarchive/JulyDec2023/playerDetailView.php?key=w1%20joe%20rogers
Tristan Griffith,W1,NA,1100,NA,2023-10-17,w1 tristan griffith,https://www.welshchessunion.uk/Grading/xarchive/JulyDec2023/playerDetailView.php?key=w1%20tristan%20griffith
Andrew Thomas,W1,NA,1800,NA,2023-10-30,w1 andrew thomas,https://www.welshchessunion.uk/Grading/xarchive/JulyDec2023/playerDetailView.php?key=w1%20andrew%20thomas
Eugene Tee,W1,NA,1100,NA,2023-12-05,w1 eugene tee,https://www.welshchessunion.uk/Grading/xarchive/JulyDec2023/playerDetailView.php?key=w1%20eugene%20tee
Cameron Westwood,W1,NA,1743,NA,2023-12-04,w1 cameron westwood,https://www.welshchessunion.uk/Grading/xarchive/JulyDec2023/playerDetailView.php?key=w1%20cameron%20westwood
Bobby Taylor,W1,NA,850,NA,2023-12-13,w1 bobby taylor,https://www.welshchessunion.uk/Grading/xarchive/JulyDec2023/playerDetailView.php?key=w1%20bobby%20taylor
Jacob Pratten,W1,NA,1283,NA,2023-11-28,w1 jacob pratten,https://www.welshchessunion.uk/Grading/xarchive/JulyDec2023/playerDetailView.php?key=w1%20jacob%20pratten
Justas Abravicius,W1,NA,1000,NA,NA,w1 justas abravicius,https://www.welshchessunion.uk/Grading/xarchive/JulyDec2023/playerDetailView.php?key=w1%20justas%20abravicius
Rob Bath,W1,NA,1100,NA,2023-12-05,w1 rob bath,https://www.welshchessunion.uk/Grading/xarchive/JulyDec2023/playerDetailView.php?key=w1%20rob%20bath
William Selby,W1,NA,1100,NA,2023-12-05,w1 william selby,https://www.welshchessunion.uk/Grading/xarchive/JulyDec2023/playerDetailView.php?key=w1%20william%20selby
Connor Jones,W1,NA,850,NA,2023-09-22,w1 connor jones,https://www.welshchessunion.uk/Grading/xarchive/JulyDec2023/playerDetailView.php?key=w1%20connor%20jones
Jonathan LB Blackburn,G1,NA,2329,FM,2023-10-09,g1 jonathan lb blackburn,https://www.welshchessunion.uk/Grading/xarchive/JulyDec2023/playerDetailView.php?key=g1%20jonathan%20lb%20blackburn
Peter Varley,G1,NA,2168,FM,2023-12-19,g1 peter varley,https://www.welshchessunion.uk/Grading/xarchive/JulyDec2023/playerDetailView.php?key=g1%20peter%20varley
Ernest Gibiec,G1,NA,2149,NA,2023-10-15,g1 ernest gibiec,https://www.welshchessunion.uk/Grading/xarchive/JulyDec2023/playerDetailView.php?key=g1%20ernest%20gibiec
Jane Richmond,G1,NA,2161,WFM,2023-10-14,g1 jane richmond,https://www.welshchessunion.uk/Grading/xarchive/JulyDec2023/playerDetailView.php?key=g1%20jane%20richmond
Lloyd Powell,G1,NA,2110,NA,NA,g1 lloyd powell,https://www.welshchessunion.uk/Grading/xarchive/JulyDec2023/playerDetailView.php?key=g1%20lloyd%20powell
James Lavender,G1,NA,2125,NA,2023-11-15,g1 james lavender,https://www.welshchessunion.uk/Grading/xarchive/JulyDec2023/playerDetailView.php?key=g1%20james%20lavender
John Waterfield,G1,NA,2078,NA,2023-11-15,g1 john waterfield,https://www.welshchessunion.uk/Grading/xarchive/JulyDec2023/playerDetailView.php?key=g1%20john%20waterfield
Jonathan Gilbert,G1,NA,2031,NA,2023-12-18,g1 jonathan gilbert,https://www.welshchessunion.uk/Grading/xarchive/JulyDec2023/playerDetailView.php?key=g1%20jonathan%20gilbert
Frank May,G1,NA,2009,NA,NA,g1 frank may,https://www.welshchessunion.uk/Grading/xarchive/JulyDec2023/playerDetailView.php?key=g1%20frank%20may
Hugo Fowler,G1,NA,2109,NA,2023-12-18,g1 hugo fowler,https://www.welshchessunion.uk/Grading/xarchive/JulyDec2023/playerDetailView.php?key=g1%20hugo%20fowler
Leslie Blohm,G1,NA,1953,NA,2023-12-19,g1 leslie blohm,https://www.welshchessunion.uk/Grading/xarchive/JulyDec2023/playerDetailView.php?key=g1%20leslie%20blohm
Mark Adams,G1,NA,1989,NA,2023-12-13,g1 mark adams,https://www.welshchessunion.uk/Grading/xarchive/JulyDec2023/playerDetailView.php?key=g1%20mark%20adams
Richard Miles,G1,NA,1971,NA,2023-12-13,g1 richard miles,https://www.welshchessunion.uk/Grading/xarchive/JulyDec2023/playerDetailView.php?key=g1%20richard%20miles
Nigel Saunders,G1,NA,1985,NA,2023-12-13,g1 nigel saunders,https://www.welshchessunion.uk/Grading/xarchive/JulyDec2023/playerDetailView.php?key=g1%20nigel%20saunders
Dave Turner,G1,NA,1957,NA,2023-11-26,g1 dave turner,https://www.welshchessunion.uk/Grading/xarchive/JulyDec2023/playerDetailView.php?key=g1%20dave%20turner
Anthony Hughes,G1,NA,1875,CM,2023-11-09,g1 anthony hughes,https://www.welshchessunion.uk/Grading/xarchive/JulyDec2023/playerDetailView.php?key=g1%20anthony%20hughes
David Vaughan,G1,NA,1871,NA,2023-12-13,g1 david vaughan,https://www.welshchessunion.uk/Grading/xarchive/JulyDec2023/playerDetailView.php?key=g1%20david%20vaughan
Richard Batey,G1,NA,1891,NA,2023-12-13,g1 richard batey,https://www.welshchessunion.uk/Grading/xarchive/JulyDec2023/playerDetailView.php?key=g1%20richard%20batey
Zane Allford,G1,NA,1799,NA,2023-12-13,g1 zane allford,https://www.welshchessunion.uk/Grading/xarchive/JulyDec2023/playerDetailView.php?key=g1%20zane%20allford
Lynda Smith,G1,NA,1857,WCM,2023-11-23,g1 lynda smith,https://www.welshchessunion.uk/Grading/xarchive/JulyDec2023/playerDetailView.php?key=g1%20lynda%20smith
Alan Keene,G1,NA,1852,NA,2023-11-29,g1 alan keene,https://www.welshchessunion.uk/Grading/xarchive/JulyDec2023/playerDetailView.php?key=g1%20alan%20keene
Andrew Owen,G1,NA,1772,NA,2023-11-26,g1 andrew owen,https://www.welshchessunion.uk/Grading/xarchive/JulyDec2023/playerDetailView.php?key=g1%20andrew%20owen
Joseph Addis,G1,NA,1776,NA,2023-12-20,g1 joseph addis,https://www.welshchessunion.uk/Grading/xarchive/JulyDec2023/playerDetailView.php?key=g1%20joseph%20addis
Neil Carter,G1,NA,1734,NA,2023-12-19,g1 neil carter,https://www.welshchessunion.uk/Grading/xarchive/JulyDec2023/playerDetailView.php?key=g1%20neil%20carter
Mateusz Gibiec,G1,NA,1715,NA,2023-11-15,g1 mateusz gibiec,https://www.welshchessunion.uk/Grading/xarchive/JulyDec2023/playerDetailView.php?key=g1%20mateusz%20gibiec
Steve Horrell,G1,NA,1740,NA,2023-12-13,g1 steve horrell,https://www.welshchessunion.uk/Grading/xarchive/JulyDec2023/playerDetailView.php?key=g1%20steve%20horrell
Chris Morgan,G1,NA,1670,NA,2023-12-13,g1 chris morgan,https://www.welshchessunion.uk/Grading/xarchive/JulyDec2023/playerDetailView.php?key=g1%20chris%20morgan
Caspian Fowler,G1,NA,1750,NA,NA,g1 caspian fowler,https://www.welshchessunion.uk/Grading/xarchive/JulyDec2023/playerDetailView.php?key=g1%20caspian%20fowler
Steve Williams (Cwm),G1,NA,1626,NA,2023-12-19,g1 steve williams (cwm),https://www.welshchessunion.uk/Grading/xarchive/JulyDec2023/playerDetailView.php?key=g1%20steve%20williams%20%28cwm%29
Chris Dixon,G1,NA,1719,NA,2023-12-13,g1 chris dixon,https://www.welshchessunion.uk/Grading/xarchive/JulyDec2023/playerDetailView.php?key=g1%20chris%20dixon
Paul Scott,G1,NA,1638,NA,2023-11-29,g1 paul scott,https://www.welshchessunion.uk/Grading/xarchive/JulyDec2023/playerDetailView.php?key=g1%20paul%20scott
Dave Williams,G1,NA,1611,NA,2023-12-13,g1 dave williams,https://www.welshchessunion.uk/Grading/xarchive/JulyDec2023/playerDetailView.php?key=g1%20dave%20williams
Ganesh Kadalarasan,G1,NA,1587,NA,NA,g1 ganesh kadalarasan,https://www.welshchessunion.uk/Grading/xarchive/JulyDec2023/playerDetailView.php?key=g1%20ganesh%20kadalarasan
Gerry Carolan,G1,NA,1567,NA,NA,g1 gerry carolan,https://www.welshchessunion.uk/Grading/xarchive/JulyDec2023/playerDetailView.php?key=g1%20gerry%20carolan
Dave Connolly,G1,NA,1537,NA,2023-11-01,g1 dave connolly,https://www.welshchessunion.uk/Grading/xarchive/JulyDec2023/playerDetailView.php?key=g1%20dave%20connolly
Lucas James,G1,NA,1549,NA,NA,g1 lucas james,https://www.welshchessunion.uk/Grading/xarchive/JulyDec2023/playerDetailView.php?key=g1%20lucas%20james
Ron Williams,G1,NA,1554,NA,2023-12-06,g1 ron williams,https://www.welshchessunion.uk/Grading/xarchive/JulyDec2023/playerDetailView.php?key=g1%20ron%20williams
Adam Jenkins,G1,NA,1523,NA,2023-11-08,g1 adam jenkins,https://www.welshchessunion.uk/Grading/xarchive/JulyDec2023/playerDetailView.php?key=g1%20adam%20jenkins
Paul Mills,G1,NA,1528,NA,2023-12-13,g1 paul mills,https://www.welshchessunion.uk/Grading/xarchive/JulyDec2023/playerDetailView.php?key=g1%20paul%20mills
David Norris,G1,NA,1509,NA,2023-12-20,g1 david norris,https://www.welshchessunion.uk/Grading/xarchive/JulyDec2023/playerDetailView.php?key=g1%20david%20norris
Phil Smith,G1,NA,1444,NA,NA,g1 phil smith,https://www.welshchessunion.uk/Grading/xarchive/JulyDec2023/playerDetailView.php?key=g1%20phil%20smith
Brian Ross,G1,NA,1412,NA,NA,g1 brian ross,https://www.welshchessunion.uk/Grading/xarchive/JulyDec2023/playerDetailView.php?key=g1%20brian%20ross
Oliver Sapsford,G1,NA,1423,NA,2023-08-20,g1 oliver sapsford,https://www.welshchessunion.uk/Grading/xarchive/JulyDec2023/playerDetailView.php?key=g1%20oliver%20sapsford
Bob Stanworth,G1,NA,1351,NA,2023-11-22,g1 bob stanworth,https://www.welshchessunion.uk/Grading/xarchive/JulyDec2023/playerDetailView.php?key=g1%20bob%20stanworth
Mark Emblem,G1,NA,1317,NA,2023-07-12,g1 mark emblem,https://www.welshchessunion.uk/Grading/xarchive/JulyDec2023/playerDetailView.php?key=g1%20mark%20emblem
Adhvik Kadalarasan,G1,NA,1262,NA,NA,g1 adhvik kadalarasan,https://www.welshchessunion.uk/Grading/xarchive/JulyDec2023/playerDetailView.php?key=g1%20adhvik%20kadalarasan
Bob Fordham,G1,NA,1261,NA,NA,g1 bob fordham,https://www.welshchessunion.uk/Grading/xarchive/JulyDec2023/playerDetailView.php?key=g1%20bob%20fordham
Lyn Holland,G1,NA,1216,NA,2023-12-19,g1 lyn holland,https://www.welshchessunion.uk/Grading/xarchive/JulyDec2023/playerDetailView.php?key=g1%20lyn%20holland
Heather Saunders,G1,NA,1232,NA,NA,g1 heather saunders,https://www.welshchessunion.uk/Grading/xarchive/JulyDec2023/playerDetailView.php?key=g1%20heather%20saunders
Tomas Forsey,G1,NA,1301,NA,2023-12-20,g1 tomas forsey,https://www.welshchessunion.uk/Grading/xarchive/JulyDec2023/playerDetailView.php?key=g1%20tomas%20forsey
Jake Sadler,G1,NA,1275,NA,NA,g1 jake sadler,https://www.welshchessunion.uk/Grading/xarchive/JulyDec2023/playerDetailView.php?key=g1%20jake%20sadler
Jim Sadler,G1,NA,1165,NA,2023-12-20,g1 jim sadler,https://www.welshchessunion.uk/Grading/xarchive/JulyDec2023/playerDetailView.php?key=g1%20jim%20sadler
Mike Stannard,G1,NA,1226,NA,2023-12-20,g1 mike stannard,https://www.welshchessunion.uk/Grading/xarchive/JulyDec2023/playerDetailView.php?key=g1%20mike%20stannard
Gwilym Kabhir-Davies,G1,NA,1171,NA,2023-11-22,g1 gwilym kabhir-davies,https://www.welshchessunion.uk/Grading/xarchive/JulyDec2023/playerDetailView.php?key=g1%20gwilym%20kabhir-davies
Joshua Colcombe,G1,NA,1400,NA,2023-12-19,g1 joshua colcombe,https://www.welshchessunion.uk/Grading/xarchive/JulyDec2023/playerDetailView.php?key=g1%20joshua%20colcombe
Ben Richards,G1,NA,1204,NA,2023-12-05,g1 ben richards,https://www.welshchessunion.uk/Grading/xarchive/JulyDec2023/playerDetailView.php?key=g1%20ben%20richards
Harri Gilbert,G1,NA,1213,NA,2023-12-19,g1 harri gilbert,https://www.welshchessunion.uk/Grading/xarchive/JulyDec2023/playerDetailView.php?key=g1%20harri%20gilbert
Elliott Head,G1,NA,1288,NA,2023-12-05,g1 elliott head,https://www.welshchessunion.uk/Grading/xarchive/JulyDec2023/playerDetailView.php?key=g1%20elliott%20head
Tansy Fowler,G1,NA,1144,NA,NA,g1 tansy fowler,https://www.welshchessunion.uk/Grading/xarchive/JulyDec2023/playerDetailView.php?key=g1%20tansy%20fowler
Robert Sequeira,G1,NA,1097,NA,2023-08-20,g1 robert sequeira,https://www.welshchessunion.uk/Grading/xarchive/JulyDec2023/playerDetailView.php?key=g1%20robert%20sequeira
Joshua Abramsky,G1,NA,1071,NA,NA,g1 joshua abramsky,https://www.welshchessunion.uk/Grading/xarchive/JulyDec2023/playerDetailView.php?key=g1%20joshua%20abramsky
Liam Powell-Jones,G1,NA,1301,NA,2023-12-06,g1 liam powell-jones,https://www.welshchessunion.uk/Grading/xarchive/JulyDec2023/playerDetailView.php?key=g1%20liam%20powell-jones
Robert Muza,G1,NA,1298,NA,2023-12-20,g1 robert muza,https://www.welshchessunion.uk/Grading/xarchive/JulyDec2023/playerDetailView.php?key=g1%20robert%20muza
Gee Garel,G1,NA,993,NA,NA,g1 gee garel,https://www.welshchessunion.uk/Grading/xarchive/JulyDec2023/playerDetailView.php?key=g1%20gee%20garel
Adam Cooper,G1,NA,1000,NA,2023-10-03,g1 adam cooper,https://www.welshchessunion.uk/Grading/xarchive/JulyDec2023/playerDetailView.php?key=g1%20adam%20cooper
Bjorn Oliver,G1,NA,1317,NA,2023-12-20,g1 bjorn oliver,https://www.welshchessunion.uk/Grading/xarchive/JulyDec2023/playerDetailView.php?key=g1%20bjorn%20oliver
Jonathan Dark,G1,NA,1243,NA,2023-12-06,g1 jonathan dark,https://www.welshchessunion.uk/Grading/xarchive/JulyDec2023/playerDetailView.php?key=g1%20jonathan%20dark
Sudeep Kunhikannan,G1,NA,1427,NA,NA,g1 sudeep kunhikannan,https://www.welshchessunion.uk/Grading/xarchive/JulyDec2023/playerDetailView.php?key=g1%20sudeep%20kunhikannan
Jesse Davies,G1,NA,1340,NA,2023-10-11,g1 jesse davies,https://www.welshchessunion.uk/Grading/xarchive/JulyDec2023/playerDetailView.php?key=g1%20jesse%20davies
Andrew Balfe,G1,NA,1343,NA,2023-12-20,g1 andrew balfe,https://www.welshchessunion.uk/Grading/xarchive/JulyDec2023/playerDetailView.php?key=g1%20andrew%20balfe
Troy Hanniford,G1,NA,1194,NA,2023-11-07,g1 troy hanniford,https://www.welshchessunion.uk/Grading/xarchive/JulyDec2023/playerDetailView.php?key=g1%20troy%20hanniford
William Phillips,G1,NA,1789,NA,2023-12-13,g1 william phillips,https://www.welshchessunion.uk/Grading/xarchive/JulyDec2023/playerDetailView.php?key=g1%20william%20phillips
Charlie Cooper,G1,NA,1000,NA,2023-12-19,g1 charlie cooper,https://www.welshchessunion.uk/Grading/xarchive/JulyDec2023/playerDetailView.php?key=g1%20charlie%20cooper
John Williams,G1,NA,1400,NA,2023-12-19,g1 john williams,https://www.welshchessunion.uk/Grading/xarchive/JulyDec2023/playerDetailView.php?key=g1%20john%20williams
Andrew Evans,G1,NA,1200,NA,2023-12-20,g1 andrew evans,https://www.welshchessunion.uk/Grading/xarchive/JulyDec2023/playerDetailView.php?key=g1%20andrew%20evans
Paul Moulson,G1,NA,1402,NA,2023-11-12,g1 paul moulson,https://www.welshchessunion.uk/Grading/xarchive/JulyDec2023/playerDetailView.php?key=g1%20paul%20moulson
Jack Bull,G1,NA,1200,NA,2023-12-20,g1 jack bull,https://www.welshchessunion.uk/Grading/xarchive/JulyDec2023/playerDetailView.php?key=g1%20jack%20bull
Chris Thompson,G1,NA,1000,NA,2023-12-20,g1 chris thompson,https://www.welshchessunion.uk/Grading/xarchive/JulyDec2023/playerDetailView.php?key=g1%20chris%20thompson
Mike Diamond,G1,NA,1200,NA,2023-12-20,g1 mike diamond,https://www.welshchessunion.uk/Grading/xarchive/JulyDec2023/playerDetailView.php?key=g1%20mike%20diamond
Peter Kirby,G1,NA,2029,CM,2023-12-12,g1 peter kirby,https://www.welshchessunion.uk/Grading/xarchive/JulyDec2023/playerDetailView.php?key=g1%20peter%20kirby
Charlie Gibson,G1,NA,1200,NA,2023-12-20,g1 charlie gibson,https://www.welshchessunion.uk/Grading/xarchive/JulyDec2023/playerDetailView.php?key=g1%20charlie%20gibson
Samson Muputa,G1,NA,1200,NA,2023-12-20,g1 samson muputa,https://www.welshchessunion.uk/Grading/xarchive/JulyDec2023/playerDetailView.php?key=g1%20samson%20muputa
Mark Summer,G1,NA,1200,NA,2023-12-20,g1 mark summer,https://www.welshchessunion.uk/Grading/xarchive/JulyDec2023/playerDetailView.php?key=g1%20mark%20summer
Colin Chitava,G1,NA,1200,NA,2023-10-11,g1 colin chitava,https://www.welshchessunion.uk/Grading/xarchive/JulyDec2023/playerDetailView.php?key=g1%20colin%20chitava
Iestyn Harrigan,G1,NA,1200,NA,2023-12-05,g1 iestyn harrigan,https://www.welshchessunion.uk/Grading/xarchive/JulyDec2023/playerDetailView.php?key=g1%20iestyn%20harrigan
Howard Keane,G1,NA,1000,NA,2023-12-19,g1 howard keane,https://www.welshchessunion.uk/Grading/xarchive/JulyDec2023/playerDetailView.php?key=g1%20howard%20keane
George Thompson,G1,NA,1000,NA,2023-11-25,g1 george thompson,https://www.welshchessunion.uk/Grading/xarchive/JulyDec2023/playerDetailView.php?key=g1%20george%20thompson
Denis Elkerton,G1,NA,1200,NA,2023-12-06,g1 denis elkerton,https://www.welshchessunion.uk/Grading/xarchive/JulyDec2023/playerDetailView.php?key=g1%20denis%20elkerton
James Richards,G1,NA,1200,NA,2023-12-19,g1 james richards,https://www.welshchessunion.uk/Grading/xarchive/JulyDec2023/playerDetailView.php?key=g1%20james%20richards
Oliver Rush,G1,NA,1200,NA,2023-12-05,g1 oliver rush,https://www.welshchessunion.uk/Grading/xarchive/JulyDec2023/playerDetailView.php?key=g1%20oliver%20rush
William Wallace,G1,NA,1000,NA,2023-11-21,g1 william wallace,https://www.welshchessunion.uk/Grading/xarchive/JulyDec2023/playerDetailView.php?key=g1%20william%20wallace
Charmaine Munyoso,G1,NA,1000,NA,2023-11-22,g1 charmaine munyoso,https://www.welshchessunion.uk/Grading/xarchive/JulyDec2023/playerDetailView.php?key=g1%20charmaine%20munyoso
Owain Davies,G1,NA,1768,NA,2023-11-29,g1 owain davies,https://www.welshchessunion.uk/Grading/xarchive/JulyDec2023/playerDetailView.php?key=g1%20owain%20davies
Ezala Beni,G1,NA,1200,NA,2023-12-20,g1 ezala beni,https://www.welshchessunion.uk/Grading/xarchive/JulyDec2023/playerDetailView.php?key=g1%20ezala%20beni
Matt Davies,G1,NA,1200,NA,2023-12-06,g1 matt davies,https://www.welshchessunion.uk/Grading/xarchive/JulyDec2023/playerDetailView.php?key=g1%20matt%20davies
Harry Iles,G1,NA,1100,NA,2023-12-20,g1 harry iles,https://www.welshchessunion.uk/Grading/xarchive/JulyDec2023/playerDetailView.php?key=g1%20harry%20iles
Mohammed Ayad,N1,NA,1764,NA,2023-11-21,n1 mohammed ayad,https://www.welshchessunion.uk/Grading/xarchive/JulyDec2023/playerDetailView.php?key=n1%20mohammed%20ayad
James Babington,N1,NA,1574,NA,2023-12-12,n1 james babington,https://www.welshchessunion.uk/Grading/xarchive/JulyDec2023/playerDetailView.php?key=n1%20james%20babington
Mark Bastow,N1,NA,1951,NA,2023-09-24,n1 mark bastow,https://www.welshchessunion.uk/Grading/xarchive/JulyDec2023/playerDetailView.php?key=n1%20mark%20bastow
Pat Bennett,N1,NA,2029,NA,2023-12-12,n1 pat bennett,https://www.welshchessunion.uk/Grading/xarchive/JulyDec2023/playerDetailView.php?key=n1%20pat%20bennett
Sandra G Blackburn,N1,NA,1593,NA,2023-12-10,n1 sandra g blackburn,https://www.welshchessunion.uk/Grading/xarchive/JulyDec2023/playerDetailView.php?key=n1%20sandra%20g%20blackburn
Mike Blake,N1,NA,1527,NA,NA,n1 mike blake,https://www.welshchessunion.uk/Grading/xarchive/JulyDec2023/playerDetailView.php?key=n1%20mike%20blake
Osian Bonnett,N1,NA,951,NA,NA,n1 osian bonnett,https://www.welshchessunion.uk/Grading/xarchive/JulyDec2023/playerDetailView.php?key=n1%20osian%20bonnett
John Bowers,N1,NA,1811,NA,2023-12-19,n1 john bowers,https://www.welshchessunion.uk/Grading/xarchive/JulyDec2023/playerDetailView.php?key=n1%20john%20bowers
Chris Boyd,N1,NA,1890,NA,NA,n1 chris boyd,https://www.welshchessunion.uk/Grading/xarchive/JulyDec2023/playerDetailView.php?key=n1%20chris%20boyd
Richard Burton,N1,NA,1869,NA,NA,n1 richard burton,https://www.welshchessunion.uk/Grading/xarchive/JulyDec2023/playerDetailView.php?key=n1%20richard%20burton
Ron Calvert,N1,NA,1259,NA,NA,n1 ron calvert,https://www.welshchessunion.uk/Grading/xarchive/JulyDec2023/playerDetailView.php?key=n1%20ron%20calvert
Syringa Camp,N1,NA,1728,NA,NA,n1 syringa camp,https://www.welshchessunion.uk/Grading/xarchive/JulyDec2023/playerDetailView.php?key=n1%20syringa%20camp
Ethan Challoner,N1,NA,1644,NA,2023-12-09,n1 ethan challoner,https://www.welshchessunion.uk/Grading/xarchive/JulyDec2023/playerDetailView.php?key=n1%20ethan%20challoner
Robert G Clark,N1,NA,2010,NA,2023-11-21,n1 robert g clark,https://www.welshchessunion.uk/Grading/xarchive/JulyDec2023/playerDetailView.php?key=n1%20robert%20g%20clark
James Coates,N1,NA,1875,NA,NA,n1 james coates,https://www.welshchessunion.uk/Grading/xarchive/JulyDec2023/playerDetailView.php?key=n1%20james%20coates
Tom Coates,N1,NA,1108,NA,2023-05-03,n1 tom coates,https://www.welshchessunion.uk/Grading/xarchive/JulyDec2023/playerDetailView.php?key=n1%20tom%20coates
Catriona Coutts,N1,NA,1538,NA,2023-12-11,n1 catriona coutts,https://www.welshchessunion.uk/Grading/xarchive/JulyDec2023/playerDetailView.php?key=n1%20catriona%20coutts
Peter Coutts,N1,NA,1448,NA,2023-12-11,n1 peter coutts,https://www.welshchessunion.uk/Grading/xarchive/JulyDec2023/playerDetailView.php?key=n1%20peter%20coutts
G Brian Davies,N1,NA,1738,NA,2023-11-27,n1 g brian davies,https://www.welshchessunion.uk/Grading/xarchive/JulyDec2023/playerDetailView.php?key=n1%20g%20brian%20davies
Huw Davies,N1,NA,1659,NA,2023-12-13,n1 huw davies,https://www.welshchessunion.uk/Grading/xarchive/JulyDec2023/playerDetailView.php?key=n1%20huw%20davies
Steve Dawson,N1,NA,1200,NA,NA,n1 steve dawson,https://www.welshchessunion.uk/Grading/xarchive/JulyDec2023/playerDetailView.php?key=n1%20steve%20dawson
Richard Dineley,N1,NA,2315,NA,2023-12-05,n1 richard dineley,https://www.welshchessunion.uk/Grading/xarchive/JulyDec2023/playerDetailView.php?key=n1%20richard%20dineley
Quentin RH Dodd,N1,NA,1575,NA,NA,n1 quentin rh dodd,https://www.welshchessunion.uk/Grading/xarchive/JulyDec2023/playerDetailView.php?key=n1%20quentin%20rh%20dodd
Jay Drawbridge,N1,NA,1704,NA,2023-12-06,n1 jay drawbridge,https://www.welshchessunion.uk/Grading/xarchive/JulyDec2023/playerDetailView.php?key=n1%20jay%20drawbridge
Richard Drew,N1,NA,1425,NA,NA,n1 richard drew,https://www.welshchessunion.uk/Grading/xarchive/JulyDec2023/playerDetailView.php?key=n1%20richard%20drew
Stephen Dunning,N1,NA,1624,NA,2023-11-15,n1 stephen dunning,https://www.welshchessunion.uk/Grading/xarchive/JulyDec2023/playerDetailView.php?key=n1%20stephen%20dunning
Henry Eagleton,N1,NA,850,NA,NA,n1 henry eagleton,https://www.welshchessunion.uk/Grading/xarchive/JulyDec2023/playerDetailView.php?key=n1%20henry%20eagleton
Gareth Ellis,N1,NA,1828,NA,2023-12-05,n1 gareth ellis,https://www.welshchessunion.uk/Grading/xarchive/JulyDec2023/playerDetailView.php?key=n1%20gareth%20ellis
Elaine Evans,N1,NA,935,NA,NA,n1 elaine evans,https://www.welshchessunion.uk/Grading/xarchive/JulyDec2023/playerDetailView.php?key=n1%20elaine%20evans
Elijah Everett,N1,NA,2281,NA,NA,n1 elijah everett,https://www.welshchessunion.uk/Grading/xarchive/JulyDec2023/playerDetailView.php?key=n1%20elijah%20everett
David Fernandez-Arias,N1,NA,1445,NA,2023-12-19,n1 david fernandez-arias,https://www.welshchessunion.uk/Grading/xarchive/JulyDec2023/playerDetailView.php?key=n1%20david%20fernandez-arias
Leo Fernandez-Arias,N1,NA,1534,NA,2023-11-28,n1 leo fernandez-arias,https://www.welshchessunion.uk/Grading/xarchive/JulyDec2023/playerDetailView.php?key=n1%20leo%20fernandez-arias
Peter S Fisher,N1,NA,1702,NA,2023-11-16,n1 peter s fisher,https://www.welshchessunion.uk/Grading/xarchive/JulyDec2023/playerDetailView.php?key=n1%20peter%20s%20fisher
Gary Fox,N1,NA,1526,NA,2023-12-19,n1 gary fox,https://www.welshchessunion.uk/Grading/xarchive/JulyDec2023/playerDetailView.php?key=n1%20gary%20fox
Stephen Garnett,N1,NA,1065,NA,2023-11-29,n1 stephen garnett,https://www.welshchessunion.uk/Grading/xarchive/JulyDec2023/playerDetailView.php?key=n1%20stephen%20garnett
Jamie Glancey,N1,NA,1100,NA,NA,n1 jamie glancey,https://www.welshchessunion.uk/Grading/xarchive/JulyDec2023/playerDetailView.php?key=n1%20jamie%20glancey
Austin Glebe,N1,NA,1374,NA,NA,n1 austin glebe,https://www.welshchessunion.uk/Grading/xarchive/JulyDec2023/playerDetailView.php?key=n1%20austin%20glebe
Robert Goodwin,N1,NA,1506,NA,NA,n1 robert goodwin,https://www.welshchessunion.uk/Grading/xarchive/JulyDec2023/playerDetailView.php?key=n1%20robert%20goodwin
Roger Greatorex,N1,NA,1714,NA,2023-10-08,n1 roger greatorex,https://www.welshchessunion.uk/Grading/xarchive/JulyDec2023/playerDetailView.php?key=n1%20roger%20greatorex
Tim Green,N1,NA,1393,NA,NA,n1 tim green,https://www.welshchessunion.uk/Grading/xarchive/JulyDec2023/playerDetailView.php?key=n1%20tim%20green
Chris Grier,N1,NA,1746,NA,2023-11-29,n1 chris grier,https://www.welshchessunion.uk/Grading/xarchive/JulyDec2023/playerDetailView.php?key=n1%20chris%20grier
Stuart Hamilton,N1,NA,1267,NA,2023-11-14,n1 stuart hamilton,https://www.welshchessunion.uk/Grading/xarchive/JulyDec2023/playerDetailView.php?key=n1%20stuart%20hamilton
Evie Harries-Jackson,N1,NA,1454,NA,2023-12-19,n1 evie harries-jackson,https://www.welshchessunion.uk/Grading/xarchive/JulyDec2023/playerDetailView.php?key=n1%20evie%20harries-jackson
Richard Hibbs,N1,NA,1428,NA,NA,n1 richard hibbs,https://www.welshchessunion.uk/Grading/xarchive/JulyDec2023/playerDetailView.php?key=n1%20richard%20hibbs
Charles Higgie,N1,NA,1968,NA,2023-12-14,n1 charles higgie,https://www.welshchessunion.uk/Grading/xarchive/JulyDec2023/playerDetailView.php?key=n1%20charles%20higgie
Ray J Holland,N1,NA,1822,NA,2023-10-17,n1 ray j holland,https://www.welshchessunion.uk/Grading/xarchive/JulyDec2023/playerDetailView.php?key=n1%20ray%20j%20holland
Richard House-Goodwin,N1,NA,1300,NA,2023-11-21,n1 richard house-goodwin,https://www.welshchessunion.uk/Grading/xarchive/JulyDec2023/playerDetailView.php?key=n1%20richard%20house-goodwin
Mike Hughes,N1,NA,1763,NA,NA,n1 mike hughes,https://www.welshchessunion.uk/Grading/xarchive/JulyDec2023/playerDetailView.php?key=n1%20mike%20hughes
Andrew Hughes,N1,NA,1692,NA,NA,n1 andrew hughes,https://www.welshchessunion.uk/Grading/xarchive/JulyDec2023/playerDetailView.php?key=n1%20andrew%20hughes
David J James,N1,NA,2111,FM,2023-12-12,n1 david j james,https://www.welshchessunion.uk/Grading/xarchive/JulyDec2023/playerDetailView.php?key=n1%20david%20j%20james
David Jameson,N1,NA,2204,NA,NA,n1 david jameson,https://www.welshchessunion.uk/Grading/xarchive/JulyDec2023/playerDetailView.php?key=n1%20david%20jameson
Dewi Jones,N1,NA,1722,NA,2023-12-06,n1 dewi jones,https://www.welshchessunion.uk/Grading/xarchive/JulyDec2023/playerDetailView.php?key=n1%20dewi%20jones
Brian Jones,N1,NA,1229,NA,NA,n1 brian jones,https://www.welshchessunion.uk/Grading/xarchive/JulyDec2023/playerDetailView.php?key=n1%20brian%20jones
Gavin P Jones,N1,NA,1326,NA,NA,n1 gavin p jones,https://www.welshchessunion.uk/Grading/xarchive/JulyDec2023/playerDetailView.php?key=n1%20gavin%20p%20jones
Domantas Kirklys,N1,NA,1541,NA,NA,n1 domantas kirklys,https://www.welshchessunion.uk/Grading/xarchive/JulyDec2023/playerDetailView.php?key=n1%20domantas%20kirklys
Kristupas Kirklys,N1,NA,1160,NA,NA,n1 kristupas kirklys,https://www.welshchessunion.uk/Grading/xarchive/JulyDec2023/playerDetailView.php?key=n1%20kristupas%20kirklys
Robin Kirkwood,N1,NA,1507,NA,NA,n1 robin kirkwood,https://www.welshchessunion.uk/Grading/xarchive/JulyDec2023/playerDetailView.php?key=n1%20robin%20kirkwood
Vladyslav Kulikov,N1,NA,1410,NA,2023-11-27,n1 vladyslav kulikov,https://www.welshchessunion.uk/Grading/xarchive/JulyDec2023/playerDetailView.php?key=n1%20vladyslav%20kulikov
Sam Leaney,N1,NA,1212,NA,NA,n1 sam leaney,https://www.welshchessunion.uk/Grading/xarchive/JulyDec2023/playerDetailView.php?key=n1%20sam%20leaney
Mike Leaver,N1,NA,1424,NA,2023-12-06,n1 mike leaver,https://www.welshchessunion.uk/Grading/xarchive/JulyDec2023/playerDetailView.php?key=n1%20mike%20leaver
Seth Livesey,N1,NA,1000,NA,2023-12-09,n1 seth livesey,https://www.welshchessunion.uk/Grading/xarchive/JulyDec2023/playerDetailView.php?key=n1%20seth%20livesey
Alan M Llewellyn,N1,NA,1608,NA,2023-09-24,n1 alan m llewellyn,https://www.welshchessunion.uk/Grading/xarchive/JulyDec2023/playerDetailView.php?key=n1%20alan%20m%20llewellyn
Lucas Lloyd,N1,NA,1000,NA,NA,n1 lucas lloyd,https://www.welshchessunion.uk/Grading/xarchive/JulyDec2023/playerDetailView.php?key=n1%20lucas%20lloyd
Matthew Matthias,N1,NA,1576,NA,2023-10-31,n1 matthew matthias,https://www.welshchessunion.uk/Grading/xarchive/JulyDec2023/playerDetailView.php?key=n1%20matthew%20matthias
Jon Maybery,N1,NA,1557,NA,NA,n1 jon maybery,https://www.welshchessunion.uk/Grading/xarchive/JulyDec2023/playerDetailView.php?key=n1%20jon%20maybery
Wayne McFadden,N1,NA,1287,NA,NA,n1 wayne mcfadden,https://www.welshchessunion.uk/Grading/xarchive/JulyDec2023/playerDetailView.php?key=n1%20wayne%20mcfadden
Sithi Medagedara,N1,NA,1436,NA,NA,n1 sithi medagedara,https://www.welshchessunion.uk/Grading/xarchive/JulyDec2023/playerDetailView.php?key=n1%20sithi%20medagedara
Sandi Medagedara,N1,NA,1237,NA,NA,n1 sandi medagedara,https://www.welshchessunion.uk/Grading/xarchive/JulyDec2023/playerDetailView.php?key=n1%20sandi%20medagedara
Owain Meurig,N1,NA,1726,NA,NA,n1 owain meurig,https://www.welshchessunion.uk/Grading/xarchive/JulyDec2023/playerDetailView.php?key=n1%20owain%20meurig
Charles F Morris,N1,NA,2165,NA,2023-11-21,n1 charles f morris,https://www.welshchessunion.uk/Grading/xarchive/JulyDec2023/playerDetailView.php?key=n1%20charles%20f%20morris
Joshua Mullineux,N1,NA,1558,NA,2023-12-11,n1 joshua mullineux,https://www.welshchessunion.uk/Grading/xarchive/JulyDec2023/playerDetailView.php?key=n1%20joshua%20mullineux
Joe Muxlow,N1,NA,1627,NA,2023-12-12,n1 joe muxlow,https://www.welshchessunion.uk/Grading/xarchive/JulyDec2023/playerDetailView.php?key=n1%20joe%20muxlow
Deio Parri,N1,NA,1624,NA,2023-12-19,n1 deio parri,https://www.welshchessunion.uk/Grading/xarchive/JulyDec2023/playerDetailView.php?key=n1%20deio%20parri
Haydn Parry,N1,NA,1747,NA,2023-11-29,n1 haydn parry,https://www.welshchessunion.uk/Grading/xarchive/JulyDec2023/playerDetailView.php?key=n1%20haydn%20parry
Susan F Parry,N1,NA,1194,NA,2023-11-29,n1 susan f parry,https://www.welshchessunion.uk/Grading/xarchive/JulyDec2023/playerDetailView.php?key=n1%20susan%20f%20parry
Stephen Paterson,N1,NA,1196,NA,NA,n1 stephen paterson,https://www.welshchessunion.uk/Grading/xarchive/JulyDec2023/playerDetailView.php?key=n1%20stephen%20paterson
Raymond Pearson,N1,NA,1982,NA,NA,n1 raymond pearson,https://www.welshchessunion.uk/Grading/xarchive/JulyDec2023/playerDetailView.php?key=n1%20raymond%20pearson
Denys Podcherniaev,N1,NA,1742,NA,2023-12-19,n1 denys podcherniaev,https://www.welshchessunion.uk/Grading/xarchive/JulyDec2023/playerDetailView.php?key=n1%20denys%20podcherniaev
Finn Pritchard,N1,NA,1420,NA,2023-12-19,n1 finn pritchard,https://www.welshchessunion.uk/Grading/xarchive/JulyDec2023/playerDetailView.php?key=n1%20finn%20pritchard
Juan Rajagopal,N1,NA,1491,NA,NA,n1 juan rajagopal,https://www.welshchessunion.uk/Grading/xarchive/JulyDec2023/playerDetailView.php?key=n1%20juan%20rajagopal
Ifan Rathbone-Jones,N1,NA,2038,NA,2023-11-19,n1 ifan rathbone-jones,https://www.welshchessunion.uk/Grading/xarchive/JulyDec2023/playerDetailView.php?key=n1%20ifan%20rathbone-jones
Eluned Rathbone-Jones,N1,NA,850,NA,NA,n1 eluned rathbone-jones,https://www.welshchessunion.uk/Grading/xarchive/JulyDec2023/playerDetailView.php?key=n1%20eluned%20rathbone-jones
Vaness Reid,N1,NA,1809,NA,NA,n1 vaness reid,https://www.welshchessunion.uk/Grading/xarchive/JulyDec2023/playerDetailView.php?key=n1%20vaness%20reid
Cliff Rice,N1,NA,1950,NA,NA,n1 cliff rice,https://www.welshchessunion.uk/Grading/xarchive/JulyDec2023/playerDetailView.php?key=n1%20cliff%20rice
Steve Richards,N1,NA,1580,NA,2023-11-27,n1 steve richards,https://www.welshchessunion.uk/Grading/xarchive/JulyDec2023/playerDetailView.php?key=n1%20steve%20richards
Les Roberts,N1,NA,850,NA,NA,n1 les roberts,https://www.welshchessunion.uk/Grading/xarchive/JulyDec2023/playerDetailView.php?key=n1%20les%20roberts
Paul Rogers,N1,NA,1126,NA,NA,n1 paul rogers,https://www.welshchessunion.uk/Grading/xarchive/JulyDec2023/playerDetailView.php?key=n1%20paul%20rogers
Paul Minton Rowlands,N1,NA,1215,NA,NA,n1 paul minton rowlands,https://www.welshchessunion.uk/Grading/xarchive/JulyDec2023/playerDetailView.php?key=n1%20paul%20minton%20rowlands
Matthew Russell,N1,NA,1347,NA,2023-12-11,n1 matthew russell,https://www.welshchessunion.uk/Grading/xarchive/JulyDec2023/playerDetailView.php?key=n1%20matthew%20russell
Paul Sadler,N1,NA,1343,NA,2023-11-27,n1 paul sadler,https://www.welshchessunion.uk/Grading/xarchive/JulyDec2023/playerDetailView.php?key=n1%20paul%20sadler
Frank Salt,N1,NA,1517,NA,2023-10-03,n1 frank salt,https://www.welshchessunion.uk/Grading/xarchive/JulyDec2023/playerDetailView.php?key=n1%20frank%20salt
John Shakespeare,N1,NA,2010,NA,2023-12-06,n1 john shakespeare,https://www.welshchessunion.uk/Grading/xarchive/JulyDec2023/playerDetailView.php?key=n1%20john%20shakespeare
Gary Slegg,N1,NA,1485,NA,2023-12-14,n1 gary slegg,https://www.welshchessunion.uk/Grading/xarchive/JulyDec2023/playerDetailView.php?key=n1%20gary%20slegg
Timothy J Soar,N1,NA,1672,NA,2023-10-31,n1 timothy j soar,https://www.welshchessunion.uk/Grading/xarchive/JulyDec2023/playerDetailView.php?key=n1%20timothy%20j%20soar
Edward RG Swartz,N1,NA,1499,NA,NA,n1 edward rg swartz,https://www.welshchessunion.uk/Grading/xarchive/JulyDec2023/playerDetailView.php?key=n1%20edward%20rg%20swartz
Piotr Swiech,N1,NA,2036,NA,NA,n1 piotr swiech,https://www.welshchessunion.uk/Grading/xarchive/JulyDec2023/playerDetailView.php?key=n1%20piotr%20swiech
John E Syner,N1,NA,1999,NA,2023-11-20,n1 john e syner,https://www.welshchessunion.uk/Grading/xarchive/JulyDec2023/playerDetailView.php?key=n1%20john%20e%20syner
Reuben Tarjanyi,N1,NA,1373,NA,2023-11-27,n1 reuben tarjanyi,https://www.welshchessunion.uk/Grading/xarchive/JulyDec2023/playerDetailView.php?key=n1%20reuben%20tarjanyi
Paul Taylor,N1,NA,1477,NA,2023-10-09,n1 paul taylor,https://www.welshchessunion.uk/Grading/xarchive/JulyDec2023/playerDetailView.php?key=n1%20paul%20taylor
Gary Thomas,N1,NA,1831,NA,2023-09-28,n1 gary thomas,https://www.welshchessunion.uk/Grading/xarchive/JulyDec2023/playerDetailView.php?key=n1%20gary%20thomas
Mark Thomas (N),N1,NA,1701,NA,2023-11-29,n1 mark thomas (n),https://www.welshchessunion.uk/Grading/xarchive/JulyDec2023/playerDetailView.php?key=n1%20mark%20thomas%20%28n%29
Alan Valentine,N1,NA,1126,NA,NA,n1 alan valentine,https://www.welshchessunion.uk/Grading/xarchive/JulyDec2023/playerDetailView.php?key=n1%20alan%20valentine
Julie van Kemenade,N1,NA,1635,NA,2023-12-14,n1 julie van kemenade,https://www.welshchessunion.uk/Grading/xarchive/JulyDec2023/playerDetailView.php?key=n1%20julie%20van%20kemenade
Rudy van Kemenade,N1,NA,1993,NA,2023-12-14,n1 rudy van kemenade,https://www.welshchessunion.uk/Grading/xarchive/JulyDec2023/playerDetailView.php?key=n1%20rudy%20van%20kemenade
Michael Vidler,N1,NA,2053,NA,NA,n1 michael vidler,https://www.welshchessunion.uk/Grading/xarchive/JulyDec2023/playerDetailView.php?key=n1%20michael%20vidler
Emil Walther,N1,NA,1192,NA,NA,n1 emil walther,https://www.welshchessunion.uk/Grading/xarchive/JulyDec2023/playerDetailView.php?key=n1%20emil%20walther
Angus Weir,N1,NA,1454,NA,2023-11-15,n1 angus weir,https://www.welshchessunion.uk/Grading/xarchive/JulyDec2023/playerDetailView.php?key=n1%20angus%20weir
Barrie Wells,N1,NA,1661,NA,2023-12-19,n1 barrie wells,https://www.welshchessunion.uk/Grading/xarchive/JulyDec2023/playerDetailView.php?key=n1%20barrie%20wells
Michael Whale,N1,NA,1734,NA,2023-12-19,n1 michael whale,https://www.welshchessunion.uk/Grading/xarchive/JulyDec2023/playerDetailView.php?key=n1%20michael%20whale
Will G Williams,N1,NA,1819,NA,2023-12-05,n1 will g williams,https://www.welshchessunion.uk/Grading/xarchive/JulyDec2023/playerDetailView.php?key=n1%20will%20g%20williams
Adam Williams,N1,NA,1301,NA,2023-12-19,n1 adam williams,https://www.welshchessunion.uk/Grading/xarchive/JulyDec2023/playerDetailView.php?key=n1%20adam%20williams
Stephen Williams (Tre),N1,NA,1670,NA,2023-11-28,n1 stephen williams (tre),https://www.welshchessunion.uk/Grading/xarchive/JulyDec2023/playerDetailView.php?key=n1%20stephen%20williams%20%28tre%29
Harry Wood,N1,NA,850,NA,NA,n1 harry wood,https://www.welshchessunion.uk/Grading/xarchive/JulyDec2023/playerDetailView.php?key=n1%20harry%20wood
Sven Zeidler,N1,NA,2155,FM,2023-09-28,n1 sven zeidler,https://www.welshchessunion.uk/Grading/xarchive/JulyDec2023/playerDetailView.php?key=n1%20sven%20zeidler
